-- Using view stored on disk
-- ID = 0
-- N = 4
-- F = 1
-- Port (client <-> server) = 11000
-- Port (server <-> server) = 11001
-- requestTimeout = 2000
-- maxBatch = 1024
-- Binded replica to IP address 134.60.242.11
-- Optimizations:  Read-only Requests: disabled
-- SSL/TLS enabled, protocol version: TLSv1.2
-- In current view: ID:0; F:1; Processes:0(/134.60.242.11:11000),1(/134.60.242.12:11010),2(/134.60.242.13:11020),3(/134.60.242.14:11030),
-- Retrieving State
-- Replica state is up to date
-- 
		###################################
		    Ready to process operations    
		###################################
-- Session Created, active clients=0
-- Session Created, active clients=0
-- Session Created, active clients=0
-- Session Created, active clients=0
-- Session Created, active clients=0
-- Session Created, active clients=0
-- Session Created, active clients=0
-- Session Created, active clients=0
-- Session Created, active clients=0
-- Session Created, active clients=0
-- Session Created, active clients=0
-- Session Created, active clients=0
-- Session Created, active clients=0
-- Session Created, active clients=0
-- Session Created, active clients=0
-- Session Created, active clients=0
-- Session Created, active clients=0
-- Session Created, active clients=0
-- Session Created, active clients=0
-- Session Created, active clients=0
-- Session Created, active clients=0
-- Session Created, active clients=0
-- Session Created, active clients=0
-- Session Created, active clients=0
-- Session Created, active clients=0
-- Session Created, active clients=0
-- Session Created, active clients=0
-- Session Created, active clients=0
-- Session Created, active clients=0
-- Session Created, active clients=0
-- Session Created, active clients=0
-- Session Created, active clients=0
-- Session Created, active clients=0
-- Session Created, active clients=0
-- Session Created, active clients=0
-- Session Created, active clients=0
-- Session Created, active clients=0
-- Session Created, active clients=0
-- Session Created, active clients=0
-- Session Created, active clients=0
-- Session Created, active clients=0
-- Session Created, active clients=0
-- Session Created, active clients=0
-- Session Created, active clients=0
-- Session Created, active clients=0
-- Session Created, active clients=0
-- Session Created, active clients=0
-- Session Created, active clients=0
-- Session Created, active clients=0
-- Session Created, active clients=0
-- Session Created, active clients=0
-- Session Created, active clients=0
-- Session Created, active clients=0
-- Session Created, active clients=0
-- Session Created, active clients=0
-- Session Created, active clients=0
-- Session Created, active clients=0
-- Session Created, active clients=0
-- Session Created, active clients=0
-- Session Created, active clients=0
-- Session Created, active clients=0
-- Session Created, active clients=0
-- Session Created, active clients=0
-- Session Created, active clients=0
-- Session Created, active clients=0
-- Session Created, active clients=0
-- Session Created, active clients=0
-- Session Created, active clients=0
-- Session Created, active clients=0
-- Session Created, active clients=0
-- Session Created, active clients=0
-- Session Created, active clients=0
-- Session Created, active clients=0
-- Session Created, active clients=0
-- Session Created, active clients=0
-- Session Created, active clients=0
-- Session Created, active clients=0
-- Session Created, active clients=0
-- Session Created, active clients=0
-- Session Created, active clients=0
-- Session Created, active clients=0
-- Session Created, active clients=0
-- Session Created, active clients=0
-- Session Created, active clients=0
-- Session Created, active clients=0
-- Session Created, active clients=0
-- Session Created, active clients=0
-- Session Created, active clients=0
-- Session Created, active clients=0
-- Session Created, active clients=0
-- Session Created, active clients=0
-- Session Created, active clients=0
-- Session Created, active clients=0
-- Session Created, active clients=0
-- Session Created, active clients=0
-- Session Created, active clients=0
-- Session Created, active clients=0
-- Session Created, active clients=0
-- Session Created, active clients=0
-- Session Created, active clients=0
-- Session Created, active clients=0
-- Session Created, active clients=0
-- Session Created, active clients=0
-- Session Created, active clients=0
-- Session Created, active clients=0
-- Session Created, active clients=0
-- Session Created, active clients=0
-- Session Created, active clients=0
-- Session Created, active clients=0
-- Session Created, active clients=0
-- Session Created, active clients=0
-- Session Created, active clients=0
-- Session Created, active clients=0
-- Session Created, active clients=0
-- Session Created, active clients=0
-- Session Created, active clients=0
-- Session Created, active clients=0
-- Session Created, active clients=0
-- Session Created, active clients=0
-- Session Created, active clients=0
-- Session Created, active clients=0
-- Session Created, active clients=0
-- Session Created, active clients=0
-- Session Created, active clients=0
-- Session Created, active clients=0
-- Session Created, active clients=0
-- Session Created, active clients=0
-- Session Created, active clients=0
-- Session Created, active clients=0
-- Session Created, active clients=0
-- Session Created, active clients=0
-- Session Created, active clients=0
-- Session Created, active clients=0
-- Session Created, active clients=0
-- Session Created, active clients=0
-- Session Created, active clients=0
-- Session Created, active clients=0
-- Session Created, active clients=0
-- Session Created, active clients=0
-- Session Created, active clients=0
-- Session Created, active clients=0
-- Session Created, active clients=0
-- Session Created, active clients=0
-- Session Created, active clients=0
-- Session Created, active clients=0
-- Session Created, active clients=0
-- Session Created, active clients=0
-- Session Created, active clients=0
-- Session Created, active clients=0
-- Session Created, active clients=0
-- Session Created, active clients=0
-- Session Created, active clients=0
-- Session Created, active clients=0
-- Session Created, active clients=0
-- Session Created, active clients=0
-- Session Created, active clients=0
-- Session Created, active clients=0
-- Session Created, active clients=0
-- Session Created, active clients=0
-- Session Created, active clients=0
-- Session Created, active clients=0
-- Session Created, active clients=0
-- Session Created, active clients=0
-- Session Created, active clients=0
-- Session Created, active clients=0
-- Session Created, active clients=0
-- Session Created, active clients=0
-- Session Created, active clients=0
-- Session Created, active clients=0
-- Session Created, active clients=0
-- Session Created, active clients=0
-- Session Created, active clients=0
-- Session Created, active clients=0
-- Session Created, active clients=0
-- Session Created, active clients=0
-- Session Created, active clients=0
-- Session Created, active clients=0
-- Session Created, active clients=0
-- Session Created, active clients=0
-- Session Created, active clients=0
-- Session Created, active clients=0
-- Session Created, active clients=0
-- Session Created, active clients=0
-- Session Created, active clients=0
-- Session Created, active clients=0
-- Session Created, active clients=0
-- Session Created, active clients=0
-- Session Created, active clients=0
-- Session Created, active clients=0
-- Session Created, active clients=0
-- Session Created, active clients=0
-- Session Created, active clients=0
-- Session Created, active clients=0
-- Session Created, active clients=0
-- Session Created, active clients=0
-- Session Created, active clients=0
-- Session Created, active clients=0
-- Session Created, active clients=0
-- Session Created, active clients=0
-- Session Created, active clients=0
--- Measurements after 1000 ops (1000 samples) ---
Throughput = 21.613678 operations/sec (Maximum observed: 21.613678 ops/sec)
Total latency = 71860.594977 (+/- 37021) us 
Consensus latency = 0.0 (+/- 0) us 
Pre-consensus latency = 0.0 (+/- 0) us 
Pos-consensus latency = -2.1068593218681985E12 (+/- 0) us 
Propose latency = 0.0 (+/- 0) us 
Write latency = 0.0 (+/- 0) us 
Accept latency = 0.0 (+/- 0) us 
Batch average size = 90.9090909090909 (+/- 82) requests
TOMMessage ByteCount = 941489
StandardSMMessage ByteCount = 6297
ConsensusMessage ByteCount = 115353
--- Measurements after 2000 ops (1000 samples) ---
Throughput = 83.49336 operations/sec (Maximum observed: 83.49336 ops/sec)
Total latency = 43567.138765 (+/- 21768) us 
Consensus latency = 0.0 (+/- 0) us 
Pre-consensus latency = 0.0 (+/- 0) us 
Pos-consensus latency = -2.1068463919659685E12 (+/- 0) us 
Propose latency = 0.0 (+/- 0) us 
Write latency = 0.0 (+/- 0) us 
Accept latency = 0.0 (+/- 0) us 
Batch average size = 90.9090909090909 (+/- 85) requests
TOMMessage ByteCount = 2124664
StandardSMMessage ByteCount = 6297
ConsensusMessage ByteCount = 231514
--- Measurements after 3000 ops (1000 samples) ---
Throughput = 104.9979 operations/sec (Maximum observed: 104.9979 ops/sec)
Total latency = 41463.046476 (+/- 20819) us 
Consensus latency = 0.0 (+/- 0) us 
Pre-consensus latency = 0.0 (+/- 0) us 
Pos-consensus latency = -2.106835892985387E12 (+/- 0) us 
Propose latency = 0.0 (+/- 0) us 
Write latency = 0.0 (+/- 0) us 
Accept latency = 0.0 (+/- 0) us 
Batch average size = 100.0 (+/- 78) requests
TOMMessage ByteCount = 3279887
StandardSMMessage ByteCount = 6297
ConsensusMessage ByteCount = 347511
--- Measurements after 4000 ops (1000 samples) ---
Throughput = 143.10246 operations/sec (Maximum observed: 143.10246 ops/sec)
Total latency = 37503.517881 (+/- 19369) us 
Consensus latency = 0.0 (+/- 0) us 
Pre-consensus latency = 0.0 (+/- 0) us 
Pos-consensus latency = -2.106827893840684E12 (+/- 0) us 
Propose latency = 0.0 (+/- 0) us 
Write latency = 0.0 (+/- 0) us 
Accept latency = 0.0 (+/- 0) us 
Batch average size = 100.0 (+/- 82) requests
TOMMessage ByteCount = 4454951
StandardSMMessage ByteCount = 6297
ConsensusMessage ByteCount = 463511
--- Measurements after 5000 ops (1000 samples) ---
Throughput = 222.76677 operations/sec (Maximum observed: 222.76677 ops/sec)
Total latency = 35301.973172 (+/- 17898) us 
Consensus latency = 0.0 (+/- 0) us 
Pre-consensus latency = 0.0 (+/- 0) us 
Pos-consensus latency = -2.1068223927017578E12 (+/- 0) us 
Propose latency = 0.0 (+/- 0) us 
Write latency = 0.0 (+/- 0) us 
Accept latency = 0.0 (+/- 0) us 
Batch average size = 100.0 (+/- 70) requests
TOMMessage ByteCount = 5668460
StandardSMMessage ByteCount = 6297
ConsensusMessage ByteCount = 579508
--- Measurements after 6000 ops (1000 samples) ---
Throughput = 498.2561 operations/sec (Maximum observed: 498.2561 ops/sec)
Total latency = 39564.164803 (+/- 18924) us 
Consensus latency = 0.0 (+/- 0) us 
Pre-consensus latency = 0.0 (+/- 0) us 
Pos-consensus latency = -2.1068193871964045E12 (+/- 0) us 
Propose latency = 0.0 (+/- 0) us 
Write latency = 0.0 (+/- 0) us 
Accept latency = 0.0 (+/- 0) us 
Batch average size = 90.9090909090909 (+/- 71) requests
TOMMessage ByteCount = 6817857
StandardSMMessage ByteCount = 6297
ConsensusMessage ByteCount = 695669
--- Measurements after 7000 ops (1000 samples) ---
Throughput = 3205.1282 operations/sec (Maximum observed: 3205.1282 ops/sec)
Total latency = 131582.40619 (+/- 0) us 
Consensus latency = 0.0 (+/- 0) us 
Pre-consensus latency = 0.0 (+/- 0) us 
Pos-consensus latency = -2.1068185756101257E12 (+/- 0) us 
Propose latency = 0.0 (+/- 0) us 
Write latency = 0.0 (+/- 0) us 
Accept latency = 0.0 (+/- 0) us 
Batch average size = 1343.0 (+/- 1997) requests
TOMMessage ByteCount = 7443864
StandardSMMessage ByteCount = 6297
ConsensusMessage ByteCount = 1843702
--- Measurements after 8000 ops (1000 samples) ---
Throughput = 4184.1006 operations/sec (Maximum observed: 4184.1006 ops/sec)
Total latency = 353488.07567299996 (+/- 0) us 
Consensus latency = 0.0 (+/- 0) us 
Pre-consensus latency = 0.0 (+/- 0) us 
Pos-consensus latency = -2.1068183270155637E12 (+/- 0) us 
Propose latency = 0.0 (+/- 0) us 
Write latency = 0.0 (+/- 0) us 
Accept latency = 0.0 (+/- 0) us 
Batch average size = NaN (+/- 0) requests
TOMMessage ByteCount = 7443864
StandardSMMessage ByteCount = 6297
ConsensusMessage ByteCount = 2854510
--- Measurements after 9000 ops (1000 samples) ---
Throughput = 4255.3193 operations/sec (Maximum observed: 4255.3193 ops/sec)
Total latency = 573431.813827 (+/- 0) us 
Consensus latency = 0.0 (+/- 0) us 
Pre-consensus latency = 0.0 (+/- 0) us 
Pos-consensus latency = -2.106818083421739E12 (+/- 0) us 
Propose latency = 0.0 (+/- 0) us 
Write latency = 0.0 (+/- 0) us 
Accept latency = 0.0 (+/- 0) us 
Batch average size = NaN (+/- 0) requests
TOMMessage ByteCount = 7443864
StandardSMMessage ByteCount = 6297
ConsensusMessage ByteCount = 3831220
--- Measurements after 10000 ops (1000 samples) ---
Throughput = 4464.2856 operations/sec (Maximum observed: 4464.2856 ops/sec)
Total latency = 777334.243279 (+/- 0) us 
Consensus latency = 0.0 (+/- 0) us 
Pre-consensus latency = 0.0 (+/- 0) us 
Pos-consensus latency = -2.1068178538280283E12 (+/- 0) us 
Propose latency = 0.0 (+/- 0) us 
Write latency = 0.0 (+/- 0) us 
Accept latency = 0.0 (+/- 0) us 
Batch average size = NaN (+/- 0) requests
TOMMessage ByteCount = 7443864
StandardSMMessage ByteCount = 6297
ConsensusMessage ByteCount = 4760194
--- Measurements after 11000 ops (1000 samples) ---
Throughput = 2906.9768 operations/sec (Maximum observed: 4464.2856 ops/sec)
Total latency = 1077912.939336 (+/- 0) us 
Consensus latency = 0.0 (+/- 0) us 
Pre-consensus latency = 0.0 (+/- 0) us 
Pos-consensus latency = -2.1068175237848616E12 (+/- 0) us 
Propose latency = 0.0 (+/- 0) us 
Write latency = 0.0 (+/- 0) us 
Accept latency = 0.0 (+/- 0) us 
Batch average size = 31916.0 (+/- 0) requests
TOMMessage ByteCount = 11689642
StandardSMMessage ByteCount = 6297
ConsensusMessage ByteCount = 6098502
--- Measurements after 12000 ops (1000 samples) ---
Throughput = 4329.0044 operations/sec (Maximum observed: 4464.2856 ops/sec)
Total latency = 1284525.287147 (+/- 0) us 
Consensus latency = 0.0 (+/- 0) us 
Pre-consensus latency = 0.0 (+/- 0) us 
Pos-consensus latency = -2.1068172852591572E12 (+/- 0) us 
Propose latency = 0.0 (+/- 0) us 
Write latency = 0.0 (+/- 0) us 
Accept latency = 0.0 (+/- 0) us 
Batch average size = NaN (+/- 0) requests
TOMMessage ByteCount = 11689642
StandardSMMessage ByteCount = 6297
ConsensusMessage ByteCount = 7051839
--- Measurements after 13000 ops (1000 samples) ---
Throughput = 4385.965 operations/sec (Maximum observed: 4464.2856 ops/sec)
Total latency = 1483521.840654 (+/- 0) us 
Consensus latency = 0.0 (+/- 0) us 
Pre-consensus latency = 0.0 (+/- 0) us 
Pos-consensus latency = -2.1068170552776858E12 (+/- 0) us 
Propose latency = 0.0 (+/- 0) us 
Write latency = 0.0 (+/- 0) us 
Accept latency = 0.0 (+/- 0) us 
Batch average size = NaN (+/- 0) requests
TOMMessage ByteCount = 11689642
StandardSMMessage ByteCount = 6297
ConsensusMessage ByteCount = 7996499
--- Measurements after 14000 ops (1000 samples) ---
Throughput = 4347.826 operations/sec (Maximum observed: 4464.2856 ops/sec)
Total latency = 1684018.142179 (+/- 0) us 
Consensus latency = 0.0 (+/- 0) us 
Pre-consensus latency = 0.0 (+/- 0) us 
Pos-consensus latency = -2.106816826263819E12 (+/- 0) us 
Propose latency = 0.0 (+/- 0) us 
Write latency = 0.0 (+/- 0) us 
Accept latency = 0.0 (+/- 0) us 
Batch average size = NaN (+/- 0) requests
TOMMessage ByteCount = 11689642
LCMessage ByteCount = 27
StandardSMMessage ByteCount = 6297
ConsensusMessage ByteCount = 8963108
--- Measurements after 15000 ops (1000 samples) ---
Throughput = 4504.5044 operations/sec (Maximum observed: 4504.5044 ops/sec)
Total latency = 1877002.311762 (+/- 0) us 
Consensus latency = 0.0 (+/- 0) us 
Pre-consensus latency = 0.0 (+/- 0) us 
Pos-consensus latency = -2.106816596141108E12 (+/- 0) us 
Propose latency = 0.0 (+/- 0) us 
Write latency = 0.0 (+/- 0) us 
Accept latency = 0.0 (+/- 0) us 
Batch average size = NaN (+/- 0) requests
TOMMessage ByteCount = 11689642
LCMessage ByteCount = 27
StandardSMMessage ByteCount = 6297
ConsensusMessage ByteCount = 9930299
--- Measurements after 16000 ops (1000 samples) ---
Throughput = 3597.1223 operations/sec (Maximum observed: 4504.5044 ops/sec)
Total latency = 2122578.88174 (+/- 0) us 
Consensus latency = 0.0 (+/- 0) us 
Pre-consensus latency = 0.0 (+/- 0) us 
Pos-consensus latency = -2.1068163265108113E12 (+/- 0) us 
Propose latency = 0.0 (+/- 0) us 
Write latency = 0.0 (+/- 0) us 
Accept latency = 0.0 (+/- 0) us 
Batch average size = NaN (+/- 0) requests
TOMMessage ByteCount = 11689642
LCMessage ByteCount = 27
StandardSMMessage ByteCount = 6297
ConsensusMessage ByteCount = 11109352
--- Measurements after 17000 ops (1000 samples) ---
Throughput = 4385.965 operations/sec (Maximum observed: 4504.5044 ops/sec)
Total latency = 2335378.411781 (+/- 0) us 
Consensus latency = 0.0 (+/- 0) us 
Pre-consensus latency = 0.0 (+/- 0) us 
Pos-consensus latency = -2.1068160898234868E12 (+/- 0) us 
Propose latency = 0.0 (+/- 0) us 
Write latency = 0.0 (+/- 0) us 
Accept latency = 0.0 (+/- 0) us 
Batch average size = NaN (+/- 0) requests
TOMMessage ByteCount = 11689642
LCMessage ByteCount = 27
StandardSMMessage ByteCount = 6297
ConsensusMessage ByteCount = 12071869
--- Measurements after 18000 ops (1000 samples) ---
Throughput = 4310.3447 operations/sec (Maximum observed: 4504.5044 ops/sec)
Total latency = 2540579.85084 (+/- 0) us 
Consensus latency = 0.0 (+/- 0) us 
Pre-consensus latency = 0.0 (+/- 0) us 
Pos-consensus latency = -2.1068158602994043E12 (+/- 0) us 
Propose latency = 0.0 (+/- 0) us 
Write latency = 0.0 (+/- 0) us 
Accept latency = 0.0 (+/- 0) us 
Batch average size = NaN (+/- 0) requests
TOMMessage ByteCount = 11689642
LCMessage ByteCount = 27
StandardSMMessage ByteCount = 6297
ConsensusMessage ByteCount = 13045242
--- Measurements after 19000 ops (1000 samples) ---
Throughput = 4347.826 operations/sec (Maximum observed: 4504.5044 ops/sec)
Total latency = 2742487.2085619997 (+/- 0) us 
Consensus latency = 0.0 (+/- 0) us 
Pre-consensus latency = 0.0 (+/- 0) us 
Pos-consensus latency = -2.1068156308515479E12 (+/- 0) us 
Propose latency = 0.0 (+/- 0) us 
Write latency = 0.0 (+/- 0) us 
Accept latency = 0.0 (+/- 0) us 
Batch average size = NaN (+/- 0) requests
TOMMessage ByteCount = 11689642
LCMessage ByteCount = 27
StandardSMMessage ByteCount = 6297
ConsensusMessage ByteCount = 14011466
--- Measurements after 20000 ops (1000 samples) ---
Throughput = 4464.2856 operations/sec (Maximum observed: 4504.5044 ops/sec)
Total latency = 2944770.303741 (+/- 0) us 
Consensus latency = 0.0 (+/- 0) us 
Pre-consensus latency = 0.0 (+/- 0) us 
Pos-consensus latency = -2.106815401501039E12 (+/- 0) us 
Propose latency = 0.0 (+/- 0) us 
Write latency = 0.0 (+/- 0) us 
Accept latency = 0.0 (+/- 0) us 
Batch average size = NaN (+/- 0) requests
TOMMessage ByteCount = 11689642
LCMessage ByteCount = 27
StandardSMMessage ByteCount = 6297
ConsensusMessage ByteCount = 14955200
--- Measurements after 21000 ops (1000 samples) ---
Throughput = 4329.0044 operations/sec (Maximum observed: 4504.5044 ops/sec)
Total latency = 3149166.1317800004 (+/- 0) us 
Consensus latency = 0.0 (+/- 0) us 
Pre-consensus latency = 0.0 (+/- 0) us 
Pos-consensus latency = -2.106815170881116E12 (+/- 0) us 
Propose latency = 0.0 (+/- 0) us 
Write latency = 0.0 (+/- 0) us 
Accept latency = 0.0 (+/- 0) us 
Batch average size = NaN (+/- 0) requests
TOMMessage ByteCount = 11689642
LCMessage ByteCount = 27
StandardSMMessage ByteCount = 6297
ConsensusMessage ByteCount = 15913303
--- Measurements after 22000 ops (1000 samples) ---
Throughput = 4291.8457 operations/sec (Maximum observed: 4504.5044 ops/sec)
Total latency = 3347185.273866 (+/- 0) us 
Consensus latency = 0.0 (+/- 0) us 
Pre-consensus latency = 0.0 (+/- 0) us 
Pos-consensus latency = -2.1068149399996472E12 (+/- 0) us 
Propose latency = 0.0 (+/- 0) us 
Write latency = 0.0 (+/- 0) us 
Accept latency = 0.0 (+/- 0) us 
Batch average size = NaN (+/- 0) requests
TOMMessage ByteCount = 11689642
LCMessage ByteCount = 27
StandardSMMessage ByteCount = 6297
ConsensusMessage ByteCount = 16897588
--- Measurements after 23000 ops (1000 samples) ---
Throughput = 4310.3447 operations/sec (Maximum observed: 4504.5044 ops/sec)
Total latency = 3548499.346947 (+/- 0) us 
Consensus latency = 0.0 (+/- 0) us 
Pre-consensus latency = 0.0 (+/- 0) us 
Pos-consensus latency = -2.1068147093670332E12 (+/- 0) us 
Propose latency = 0.0 (+/- 0) us 
Write latency = 0.0 (+/- 0) us 
Accept latency = 0.0 (+/- 0) us 
Batch average size = NaN (+/- 0) requests
TOMMessage ByteCount = 11689642
LCMessage ByteCount = 54
StandardSMMessage ByteCount = 6297
ConsensusMessage ByteCount = 17877648
--- Measurements after 24000 ops (1000 samples) ---
Throughput = 4366.812 operations/sec (Maximum observed: 4504.5044 ops/sec)
Total latency = 3753242.924967 (+/- 0) us 
Consensus latency = 0.0 (+/- 0) us 
Pre-consensus latency = 0.0 (+/- 0) us 
Pos-consensus latency = -2.1068144797811792E12 (+/- 0) us 
Propose latency = 0.0 (+/- 0) us 
Write latency = 0.0 (+/- 0) us 
Accept latency = 0.0 (+/- 0) us 
Batch average size = NaN (+/- 0) requests
TOMMessage ByteCount = 11689642
LCMessage ByteCount = 54
StandardSMMessage ByteCount = 6297
ConsensusMessage ByteCount = 18843866
--- Measurements after 25000 ops (1000 samples) ---
Throughput = 4464.2856 operations/sec (Maximum observed: 4504.5044 ops/sec)
Total latency = 3956657.8537410004 (+/- 0) us 
Consensus latency = 0.0 (+/- 0) us 
Pre-consensus latency = 0.0 (+/- 0) us 
Pos-consensus latency = -2.1068142514990142E12 (+/- 0) us 
Propose latency = 0.0 (+/- 0) us 
Write latency = 0.0 (+/- 0) us 
Accept latency = 0.0 (+/- 0) us 
Batch average size = NaN (+/- 0) requests
TOMMessage ByteCount = 11689642
LCMessage ByteCount = 54
StandardSMMessage ByteCount = 6297
ConsensusMessage ByteCount = 19724892
--- Measurements after 26000 ops (1000 samples) ---
Throughput = 4385.965 operations/sec (Maximum observed: 4504.5044 ops/sec)
Total latency = 4159359.115729 (+/- 0) us 
Consensus latency = 0.0 (+/- 0) us 
Pre-consensus latency = 0.0 (+/- 0) us 
Pos-consensus latency = -2.106814022196851E12 (+/- 0) us 
Propose latency = 0.0 (+/- 0) us 
Write latency = 0.0 (+/- 0) us 
Accept latency = 0.0 (+/- 0) us 
Batch average size = NaN (+/- 0) requests
TOMMessage ByteCount = 11689642
LCMessage ByteCount = 54
StandardSMMessage ByteCount = 6297
ConsensusMessage ByteCount = 20738734
--- Measurements after 27000 ops (1000 samples) ---
Throughput = 4385.965 operations/sec (Maximum observed: 4504.5044 ops/sec)
Total latency = 4359104.154906999 (+/- 0) us 
Consensus latency = 0.0 (+/- 0) us 
Pre-consensus latency = 0.0 (+/- 0) us 
Pos-consensus latency = -2.1068137956731145E12 (+/- 0) us 
Propose latency = 0.0 (+/- 0) us 
Write latency = 0.0 (+/- 0) us 
Accept latency = 0.0 (+/- 0) us 
Batch average size = NaN (+/- 0) requests
TOMMessage ByteCount = 11689642
LCMessage ByteCount = 54
StandardSMMessage ByteCount = 6297
ConsensusMessage ByteCount = 21692919
--- Measurements after 28000 ops (1000 samples) ---
Throughput = 4385.965 operations/sec (Maximum observed: 4504.5044 ops/sec)
Total latency = 4557596.150905 (+/- 0) us 
Consensus latency = 0.0 (+/- 0) us 
Pre-consensus latency = 0.0 (+/- 0) us 
Pos-consensus latency = -2.1068135690040452E12 (+/- 0) us 
Propose latency = 0.0 (+/- 0) us 
Write latency = 0.0 (+/- 0) us 
Accept latency = 0.0 (+/- 0) us 
Batch average size = NaN (+/- 0) requests
TOMMessage ByteCount = 11689642
LCMessage ByteCount = 54
StandardSMMessage ByteCount = 6297
ConsensusMessage ByteCount = 22666044
--- Measurements after 29000 ops (1000 samples) ---
Throughput = 4444.4443 operations/sec (Maximum observed: 4504.5044 ops/sec)
Total latency = 4745309.924159001 (+/- 0) us 
Consensus latency = 0.0 (+/- 0) us 
Pre-consensus latency = 0.0 (+/- 0) us 
Pos-consensus latency = -2.1068133430796396E12 (+/- 0) us 
Propose latency = 0.0 (+/- 0) us 
Write latency = 0.0 (+/- 0) us 
Accept latency = 0.0 (+/- 0) us 
Batch average size = NaN (+/- 0) requests
TOMMessage ByteCount = 11689642
LCMessage ByteCount = 54
StandardSMMessage ByteCount = 6297
ConsensusMessage ByteCount = 23313101
--- Measurements after 30000 ops (1000 samples) ---
Throughput = 4739.3364 operations/sec (Maximum observed: 4739.3364 ops/sec)
Total latency = 4934880.497904 (+/- 0) us 
Consensus latency = 0.0 (+/- 0) us 
Pre-consensus latency = 0.0 (+/- 0) us 
Pos-consensus latency = -2.1068131229993572E12 (+/- 0) us 
Propose latency = 0.0 (+/- 0) us 
Write latency = 0.0 (+/- 0) us 
Accept latency = 0.0 (+/- 0) us 
Batch average size = NaN (+/- 0) requests
TOMMessage ByteCount = 11689642
LCMessage ByteCount = 54
StandardSMMessage ByteCount = 6297
ConsensusMessage ByteCount = 23376323
--- Measurements after 31000 ops (1000 samples) ---
Throughput = 4672.897 operations/sec (Maximum observed: 4739.3364 ops/sec)
Total latency = 5126730.359272 (+/- 0) us 
Consensus latency = 0.0 (+/- 0) us 
Pre-consensus latency = 0.0 (+/- 0) us 
Pos-consensus latency = -2.1068129107478071E12 (+/- 0) us 
Propose latency = 0.0 (+/- 0) us 
Write latency = 0.0 (+/- 0) us 
Accept latency = 0.0 (+/- 0) us 
Batch average size = NaN (+/- 0) requests
TOMMessage ByteCount = 11689642
LCMessage ByteCount = 54
StandardSMMessage ByteCount = 6297
ConsensusMessage ByteCount = 23376323
--- Measurements after 32000 ops (1000 samples) ---
Throughput = 4807.6924 operations/sec (Maximum observed: 4807.6924 ops/sec)
Total latency = 5312864.289139 (+/- 0) us 
Consensus latency = 0.0 (+/- 0) us 
Pre-consensus latency = 0.0 (+/- 0) us 
Pos-consensus latency = -2.1068126994838606E12 (+/- 0) us 
Propose latency = 0.0 (+/- 0) us 
Write latency = 0.0 (+/- 0) us 
Accept latency = 0.0 (+/- 0) us 
Batch average size = NaN (+/- 0) requests
TOMMessage ByteCount = 11689642
LCMessage ByteCount = 54
StandardSMMessage ByteCount = 6297
ConsensusMessage ByteCount = 23376323
--- Measurements after 33000 ops (1000 samples) ---
Throughput = 4694.8354 operations/sec (Maximum observed: 4807.6924 ops/sec)
Total latency = 5498124.2596619995 (+/- 0) us 
Consensus latency = 0.0 (+/- 0) us 
Pre-consensus latency = 0.0 (+/- 0) us 
Pos-consensus latency = -2.1068124886249624E12 (+/- 0) us 
Propose latency = 0.0 (+/- 0) us 
Write latency = 0.0 (+/- 0) us 
Accept latency = 0.0 (+/- 0) us 
Batch average size = NaN (+/- 0) requests
TOMMessage ByteCount = 11689642
LCMessage ByteCount = 54
StandardSMMessage ByteCount = 6297
ConsensusMessage ByteCount = 23376323
--- Measurements after 34000 ops (1000 samples) ---
Throughput = 4807.6924 operations/sec (Maximum observed: 4807.6924 ops/sec)
Total latency = 5680907.038798001 (+/- 0) us 
Consensus latency = 0.0 (+/- 0) us 
Pre-consensus latency = 0.0 (+/- 0) us 
Pos-consensus latency = -2.1068122784308818E12 (+/- 0) us 
Propose latency = 0.0 (+/- 0) us 
Write latency = 0.0 (+/- 0) us 
Accept latency = 0.0 (+/- 0) us 
Batch average size = NaN (+/- 0) requests
TOMMessage ByteCount = 11689642
LCMessage ByteCount = 54
StandardSMMessage ByteCount = 6297
ConsensusMessage ByteCount = 23376323
--- Measurements after 35000 ops (1000 samples) ---
Throughput = 4694.8354 operations/sec (Maximum observed: 4807.6924 ops/sec)
Total latency = 5863757.552104999 (+/- 0) us 
Consensus latency = 0.0 (+/- 0) us 
Pre-consensus latency = 0.0 (+/- 0) us 
Pos-consensus latency = -2.1068120671444236E12 (+/- 0) us 
Propose latency = 0.0 (+/- 0) us 
Write latency = 0.0 (+/- 0) us 
Accept latency = 0.0 (+/- 0) us 
Batch average size = NaN (+/- 0) requests
TOMMessage ByteCount = 11689642
LCMessage ByteCount = 54
StandardSMMessage ByteCount = 6297
ConsensusMessage ByteCount = 23376323
--- Measurements after 36000 ops (1000 samples) ---
Throughput = 4830.918 operations/sec (Maximum observed: 4830.918 ops/sec)
Total latency = 6027294.391482 (+/- 0) us 
Consensus latency = 0.0 (+/- 0) us 
Pre-consensus latency = 0.0 (+/- 0) us 
Pos-consensus latency = -2.106811857967394E12 (+/- 0) us 
Propose latency = 0.0 (+/- 0) us 
Write latency = 0.0 (+/- 0) us 
Accept latency = 0.0 (+/- 0) us 
Batch average size = NaN (+/- 0) requests
TOMMessage ByteCount = 11689642
LCMessage ByteCount = 54
StandardSMMessage ByteCount = 6297
ConsensusMessage ByteCount = 23376323
--- Measurements after 37000 ops (1000 samples) ---
Throughput = 4694.8354 operations/sec (Maximum observed: 4830.918 ops/sec)
Total latency = 6212315.250324001 (+/- 0) us 
Consensus latency = 0.0 (+/- 0) us 
Pre-consensus latency = 0.0 (+/- 0) us 
Pos-consensus latency = -2.1068116464125618E12 (+/- 0) us 
Propose latency = 0.0 (+/- 0) us 
Write latency = 0.0 (+/- 0) us 
Accept latency = 0.0 (+/- 0) us 
Batch average size = NaN (+/- 0) requests
TOMMessage ByteCount = 11689642
LCMessage ByteCount = 54
StandardSMMessage ByteCount = 6297
ConsensusMessage ByteCount = 23376323
--- Measurements after 38000 ops (1000 samples) ---
Throughput = 4830.918 operations/sec (Maximum observed: 4830.918 ops/sec)
Total latency = 6396500.260050001 (+/- 0) us 
Consensus latency = 0.0 (+/- 0) us 
Pre-consensus latency = 0.0 (+/- 0) us 
Pos-consensus latency = -2.1068114376785312E12 (+/- 0) us 
Propose latency = 0.0 (+/- 0) us 
Write latency = 0.0 (+/- 0) us 
Accept latency = 0.0 (+/- 0) us 
Batch average size = NaN (+/- 0) requests
TOMMessage ByteCount = 11689642
LCMessage ByteCount = 54
StandardSMMessage ByteCount = 6297
ConsensusMessage ByteCount = 23376323
--- Measurements after 39000 ops (1000 samples) ---
Throughput = 4672.897 operations/sec (Maximum observed: 4830.918 ops/sec)
Total latency = 6583876.861652001 (+/- 0) us 
Consensus latency = 0.0 (+/- 0) us 
Pre-consensus latency = 0.0 (+/- 0) us 
Pos-consensus latency = -2.106811225407681E12 (+/- 0) us 
Propose latency = 0.0 (+/- 0) us 
Write latency = 0.0 (+/- 0) us 
Accept latency = 0.0 (+/- 0) us 
Batch average size = NaN (+/- 0) requests
TOMMessage ByteCount = 11689642
LCMessage ByteCount = 54
StandardSMMessage ByteCount = 6297
ConsensusMessage ByteCount = 23376323
--- Measurements after 40000 ops (1000 samples) ---
Throughput = 7407.407 operations/sec (Maximum observed: 7407.407 ops/sec)
Total latency = 6736828.898744999 (+/- 0) us 
Consensus latency = 0.0 (+/- 0) us 
Pre-consensus latency = 0.0 (+/- 0) us 
Pos-consensus latency = -2.1068110443767646E12 (+/- 0) us 
Propose latency = 0.0 (+/- 0) us 
Write latency = 0.0 (+/- 0) us 
Accept latency = 0.0 (+/- 0) us 
Batch average size = NaN (+/- 0) requests
TOMMessage ByteCount = 11689642
LCMessage ByteCount = 54
StandardSMMessage ByteCount = 6297
ConsensusMessage ByteCount = 23376323
--- Measurements after 41000 ops (1000 samples) ---
Throughput = 8064.516 operations/sec (Maximum observed: 8064.516 ops/sec)
Total latency = 6838753.796901 (+/- 0) us 
Consensus latency = 0.0 (+/- 0) us 
Pre-consensus latency = 0.0 (+/- 0) us 
Pos-consensus latency = -2.106810920589019E12 (+/- 0) us 
Propose latency = 0.0 (+/- 0) us 
Write latency = 0.0 (+/- 0) us 
Accept latency = 0.0 (+/- 0) us 
Batch average size = NaN (+/- 0) requests
TOMMessage ByteCount = 11689642
LCMessage ByteCount = 54
StandardSMMessage ByteCount = 6297
ConsensusMessage ByteCount = 23376323
--- Measurements after 42000 ops (1000 samples) ---
Throughput = 4464.2856 operations/sec (Maximum observed: 8064.516 ops/sec)
Total latency = 6935269.826475 (+/- 0) us 
Consensus latency = 0.0 (+/- 0) us 
Pre-consensus latency = 0.0 (+/- 0) us 
Pos-consensus latency = -2.1068107976436863E12 (+/- 0) us 
Propose latency = 0.0 (+/- 0) us 
Write latency = 0.0 (+/- 0) us 
Accept latency = 0.0 (+/- 0) us 
Batch average size = 158055.0 (+/- 0) requests
TOMMessage ByteCount = 16182221
LCMessage ByteCount = 54
StandardSMMessage ByteCount = 6297
ConsensusMessage ByteCount = 23376323
--- Measurements after 43000 ops (1000 samples) ---
Throughput = 6451.613 operations/sec (Maximum observed: 8064.516 ops/sec)
Total latency = 7117136.310496001 (+/- 0) us 
Consensus latency = 0.0 (+/- 0) us 
Pre-consensus latency = 0.0 (+/- 0) us 
Pos-consensus latency = -2.106810561470366E12 (+/- 0) us 
Propose latency = 0.0 (+/- 0) us 
Write latency = 0.0 (+/- 0) us 
Accept latency = 0.0 (+/- 0) us 
Batch average size = NaN (+/- 0) requests
TOMMessage ByteCount = 18090316
LCMessage ByteCount = 54
StandardSMMessage ByteCount = 6297
ConsensusMessage ByteCount = 23376323
--- Measurements after 44000 ops (1000 samples) ---
Throughput = 6666.6665 operations/sec (Maximum observed: 8064.516 ops/sec)
Total latency = 7229476.441847 (+/- 0) us 
Consensus latency = 0.0 (+/- 0) us 
Pre-consensus latency = 0.0 (+/- 0) us 
Pos-consensus latency = -2.106810406316058E12 (+/- 0) us 
Propose latency = 0.0 (+/- 0) us 
Write latency = 0.0 (+/- 0) us 
Accept latency = 0.0 (+/- 0) us 
Batch average size = NaN (+/- 0) requests
TOMMessage ByteCount = 19760936
LCMessage ByteCount = 54
StandardSMMessage ByteCount = 6297
ConsensusMessage ByteCount = 23376323
--- Measurements after 45000 ops (1000 samples) ---
Throughput = 6410.2563 operations/sec (Maximum observed: 8064.516 ops/sec)
Total latency = 7358194.747178 (+/- 0) us 
Consensus latency = 0.0 (+/- 0) us 
Pre-consensus latency = 0.0 (+/- 0) us 
Pos-consensus latency = -2.1068102541298318E12 (+/- 0) us 
Propose latency = 0.0 (+/- 0) us 
Write latency = 0.0 (+/- 0) us 
Accept latency = 0.0 (+/- 0) us 
Batch average size = NaN (+/- 0) requests
TOMMessage ByteCount = 21255307
LCMessage ByteCount = 54
StandardSMMessage ByteCount = 6297
ConsensusMessage ByteCount = 23376323
--- Measurements after 46000 ops (1000 samples) ---
Throughput = 6666.6665 operations/sec (Maximum observed: 8064.516 ops/sec)
Total latency = 7489026.310106 (+/- 0) us 
Consensus latency = 0.0 (+/- 0) us 
Pre-consensus latency = 0.0 (+/- 0) us 
Pos-consensus latency = -2.1068101001199968E12 (+/- 0) us 
Propose latency = 0.0 (+/- 0) us 
Write latency = 0.0 (+/- 0) us 
Accept latency = 0.0 (+/- 0) us 
Batch average size = NaN (+/- 0) requests
TOMMessage ByteCount = 22633480
LCMessage ByteCount = 54
StandardSMMessage ByteCount = 6297
ConsensusMessage ByteCount = 23376323
--- Measurements after 47000 ops (1000 samples) ---
Throughput = 6369.427 operations/sec (Maximum observed: 8064.516 ops/sec)
Total latency = 7621161.122432999 (+/- 0) us 
Consensus latency = 0.0 (+/- 0) us 
Pre-consensus latency = 0.0 (+/- 0) us 
Pos-consensus latency = -2.1068099468608567E12 (+/- 0) us 
Propose latency = 0.0 (+/- 0) us 
Write latency = 0.0 (+/- 0) us 
Accept latency = 0.0 (+/- 0) us 
Batch average size = NaN (+/- 0) requests
TOMMessage ByteCount = 23916684
LCMessage ByteCount = 54
StandardSMMessage ByteCount = 6297
ConsensusMessage ByteCount = 23376323
--- Measurements after 48000 ops (1000 samples) ---
Throughput = 6711.409 operations/sec (Maximum observed: 8064.516 ops/sec)
Total latency = 7751756.107666001 (+/- 0) us 
Consensus latency = 0.0 (+/- 0) us 
Pre-consensus latency = 0.0 (+/- 0) us 
Pos-consensus latency = -2.1068097930099395E12 (+/- 0) us 
Propose latency = 0.0 (+/- 0) us 
Write latency = 0.0 (+/- 0) us 
Accept latency = 0.0 (+/- 0) us 
Batch average size = NaN (+/- 0) requests
TOMMessage ByteCount = 25128270
LCMessage ByteCount = 54
StandardSMMessage ByteCount = 6297
ConsensusMessage ByteCount = 23376323
--- Measurements after 49000 ops (1000 samples) ---
Throughput = 6329.114 operations/sec (Maximum observed: 8064.516 ops/sec)
Total latency = 7878421.04152 (+/- 0) us 
Consensus latency = 0.0 (+/- 0) us 
Pre-consensus latency = 0.0 (+/- 0) us 
Pos-consensus latency = -2.1068096389790627E12 (+/- 0) us 
Propose latency = 0.0 (+/- 0) us 
Write latency = 0.0 (+/- 0) us 
Accept latency = 0.0 (+/- 0) us 
Batch average size = NaN (+/- 0) requests
TOMMessage ByteCount = 26260698
LCMessage ByteCount = 54
StandardSMMessage ByteCount = 6297
ConsensusMessage ByteCount = 23376323
--- Measurements after 50000 ops (1000 samples) ---
Throughput = 6622.5166 operations/sec (Maximum observed: 8064.516 ops/sec)
Total latency = 8006033.354663 (+/- 0) us 
Consensus latency = 0.0 (+/- 0) us 
Pre-consensus latency = 0.0 (+/- 0) us 
Pos-consensus latency = -2.1068094839986956E12 (+/- 0) us 
Propose latency = 0.0 (+/- 0) us 
Write latency = 0.0 (+/- 0) us 
Accept latency = 0.0 (+/- 0) us 
Batch average size = NaN (+/- 0) requests
TOMMessage ByteCount = 27366723
LCMessage ByteCount = 54
StandardSMMessage ByteCount = 6297
ConsensusMessage ByteCount = 23376323
--- Measurements after 51000 ops (1000 samples) ---
Throughput = 6329.114 operations/sec (Maximum observed: 8064.516 ops/sec)
Total latency = 8134146.969837 (+/- 0) us 
Consensus latency = 0.0 (+/- 0) us 
Pre-consensus latency = 0.0 (+/- 0) us 
Pos-consensus latency = -2.106809327457692E12 (+/- 0) us 
Propose latency = 0.0 (+/- 0) us 
Write latency = 0.0 (+/- 0) us 
Accept latency = 0.0 (+/- 0) us 
Batch average size = NaN (+/- 0) requests
TOMMessage ByteCount = 28390425
LCMessage ByteCount = 54
StandardSMMessage ByteCount = 6297
ConsensusMessage ByteCount = 23376323
--- Measurements after 52000 ops (1000 samples) ---
Throughput = 6666.6665 operations/sec (Maximum observed: 8064.516 ops/sec)
Total latency = 8251550.17016 (+/- 0) us 
Consensus latency = 0.0 (+/- 0) us 
Pre-consensus latency = 0.0 (+/- 0) us 
Pos-consensus latency = -2.1068091743509814E12 (+/- 0) us 
Propose latency = 0.0 (+/- 0) us 
Write latency = 0.0 (+/- 0) us 
Accept latency = 0.0 (+/- 0) us 
Batch average size = NaN (+/- 0) requests
TOMMessage ByteCount = 29372975
LCMessage ByteCount = 54
StandardSMMessage ByteCount = 6297
ConsensusMessage ByteCount = 23376323
--- Measurements after 53000 ops (1000 samples) ---
Throughput = 6289.308 operations/sec (Maximum observed: 8064.516 ops/sec)
Total latency = 8377930.113054 (+/- 0) us 
Consensus latency = 0.0 (+/- 0) us 
Pre-consensus latency = 0.0 (+/- 0) us 
Pos-consensus latency = -2.1068090175107463E12 (+/- 0) us 
Propose latency = 0.0 (+/- 0) us 
Write latency = 0.0 (+/- 0) us 
Accept latency = 0.0 (+/- 0) us 
Batch average size = NaN (+/- 0) requests
TOMMessage ByteCount = 30321780
LCMessage ByteCount = 54
StandardSMMessage ByteCount = 6297
ConsensusMessage ByteCount = 23376323
--- Measurements after 54000 ops (1000 samples) ---
Throughput = 6711.409 operations/sec (Maximum observed: 8064.516 ops/sec)
Total latency = 8509223.010453 (+/- 0) us 
Consensus latency = 0.0 (+/- 0) us 
Pre-consensus latency = 0.0 (+/- 0) us 
Pos-consensus latency = -2.106808865200345E12 (+/- 0) us 
Propose latency = 0.0 (+/- 0) us 
Write latency = 0.0 (+/- 0) us 
Accept latency = 0.0 (+/- 0) us 
Batch average size = NaN (+/- 0) requests
TOMMessage ByteCount = 31230733
LCMessage ByteCount = 54
StandardSMMessage ByteCount = 6297
ConsensusMessage ByteCount = 23376323
--- Measurements after 55000 ops (1000 samples) ---
Throughput = 6211.18 operations/sec (Maximum observed: 8064.516 ops/sec)
Total latency = 8642526.209121 (+/- 0) us 
Consensus latency = 0.0 (+/- 0) us 
Pre-consensus latency = 0.0 (+/- 0) us 
Pos-consensus latency = -2.1068087063583442E12 (+/- 0) us 
Propose latency = 0.0 (+/- 0) us 
Write latency = 0.0 (+/- 0) us 
Accept latency = 0.0 (+/- 0) us 
Batch average size = NaN (+/- 0) requests
TOMMessage ByteCount = 32094860
LCMessage ByteCount = 54
StandardSMMessage ByteCount = 6297
ConsensusMessage ByteCount = 23376323
--- Measurements after 56000 ops (1000 samples) ---
Throughput = 6666.6665 operations/sec (Maximum observed: 8064.516 ops/sec)
Total latency = 8766013.832 (+/- 0) us 
Consensus latency = 0.0 (+/- 0) us 
Pre-consensus latency = 0.0 (+/- 0) us 
Pos-consensus latency = -2.1068085544750576E12 (+/- 0) us 
Propose latency = 0.0 (+/- 0) us 
Write latency = 0.0 (+/- 0) us 
Accept latency = 0.0 (+/- 0) us 
Batch average size = NaN (+/- 0) requests
TOMMessage ByteCount = 32946803
LCMessage ByteCount = 54
StandardSMMessage ByteCount = 6297
ConsensusMessage ByteCount = 23376323
--- Measurements after 57000 ops (1000 samples) ---
Throughput = 6172.8394 operations/sec (Maximum observed: 8064.516 ops/sec)
Total latency = 8899838.400827998 (+/- 0) us 
Consensus latency = 0.0 (+/- 0) us 
Pre-consensus latency = 0.0 (+/- 0) us 
Pos-consensus latency = -2.1068083927074397E12 (+/- 0) us 
Propose latency = 0.0 (+/- 0) us 
Write latency = 0.0 (+/- 0) us 
Accept latency = 0.0 (+/- 0) us 
Batch average size = NaN (+/- 0) requests
TOMMessage ByteCount = 33761944
LCMessage ByteCount = 54
StandardSMMessage ByteCount = 6297
ConsensusMessage ByteCount = 23376323
--- Measurements after 58000 ops (1000 samples) ---
Throughput = 6172.8394 operations/sec (Maximum observed: 8064.516 ops/sec)
Total latency = 9024488.792863 (+/- 0) us 
Consensus latency = 0.0 (+/- 0) us 
Pre-consensus latency = 0.0 (+/- 0) us 
Pos-consensus latency = -2.1068082396555486E12 (+/- 0) us 
Propose latency = 0.0 (+/- 0) us 
Write latency = 0.0 (+/- 0) us 
Accept latency = 0.0 (+/- 0) us 
Batch average size = NaN (+/- 0) requests
TOMMessage ByteCount = 35047444
LCMessage ByteCount = 54
StandardSMMessage ByteCount = 6297
ConsensusMessage ByteCount = 23376323
--- Measurements after 59000 ops (1000 samples) ---
Throughput = 5208.3335 operations/sec (Maximum observed: 8064.516 ops/sec)
Total latency = 9175412.539719999 (+/- 0) us 
Consensus latency = 0.0 (+/- 0) us 
Pre-consensus latency = 0.0 (+/- 0) us 
Pos-consensus latency = -2.1068080613821934E12 (+/- 0) us 
Propose latency = 0.0 (+/- 0) us 
Write latency = 0.0 (+/- 0) us 
Accept latency = 0.0 (+/- 0) us 
Batch average size = NaN (+/- 0) requests
TOMMessage ByteCount = 37428323
LCMessage ByteCount = 54
StandardSMMessage ByteCount = 6297
ConsensusMessage ByteCount = 23376323
--- Measurements after 60000 ops (1000 samples) ---
Throughput = 5208.3335 operations/sec (Maximum observed: 8064.516 ops/sec)
Total latency = 9340835.10474 (+/- 0) us 
Consensus latency = 0.0 (+/- 0) us 
Pre-consensus latency = 0.0 (+/- 0) us 
Pos-consensus latency = -2.1068078670865232E12 (+/- 0) us 
Propose latency = 0.0 (+/- 0) us 
Write latency = 0.0 (+/- 0) us 
Accept latency = 0.0 (+/- 0) us 
Batch average size = NaN (+/- 0) requests
TOMMessage ByteCount = 39540120
LCMessage ByteCount = 54
StandardSMMessage ByteCount = 6297
ConsensusMessage ByteCount = 23376323
--- Measurements after 61000 ops (1000 samples) ---
Throughput = 4672.897 operations/sec (Maximum observed: 8064.516 ops/sec)
Total latency = 9499838.827169001 (+/- 0) us 
Consensus latency = 0.0 (+/- 0) us 
Pre-consensus latency = 0.0 (+/- 0) us 
Pos-consensus latency = -2.1068076695797822E12 (+/- 0) us 
Propose latency = 0.0 (+/- 0) us 
Write latency = 0.0 (+/- 0) us 
Accept latency = 0.0 (+/- 0) us 
Batch average size = NaN (+/- 0) requests
TOMMessage ByteCount = 41503985
LCMessage ByteCount = 54
StandardSMMessage ByteCount = 6297
ConsensusMessage ByteCount = 23376323
--- Measurements after 62000 ops (1000 samples) ---
Throughput = 4524.8867 operations/sec (Maximum observed: 8064.516 ops/sec)
Total latency = 9701858.31198 (+/- 0) us 
Consensus latency = 0.0 (+/- 0) us 
Pre-consensus latency = 0.0 (+/- 0) us 
Pos-consensus latency = -2.1068074447165618E12 (+/- 0) us 
Propose latency = 0.0 (+/- 0) us 
Write latency = 0.0 (+/- 0) us 
Accept latency = 0.0 (+/- 0) us 
Batch average size = NaN (+/- 0) requests
TOMMessage ByteCount = 43336019
LCMessage ByteCount = 54
StandardSMMessage ByteCount = 6297
ConsensusMessage ByteCount = 23376323
--- Measurements after 63000 ops (1000 samples) ---
Throughput = 4651.1626 operations/sec (Maximum observed: 8064.516 ops/sec)
Total latency = 9893212.557964 (+/- 0) us 
Consensus latency = 0.0 (+/- 0) us 
Pre-consensus latency = 0.0 (+/- 0) us 
Pos-consensus latency = -2.106807229318647E12 (+/- 0) us 
Propose latency = 0.0 (+/- 0) us 
Write latency = 0.0 (+/- 0) us 
Accept latency = 0.0 (+/- 0) us 
Batch average size = NaN (+/- 0) requests
TOMMessage ByteCount = 44956043
LCMessage ByteCount = 54
StandardSMMessage ByteCount = 6297
ConsensusMessage ByteCount = 23376323
--- Measurements after 64000 ops (1000 samples) ---
Throughput = 5000.0 operations/sec (Maximum observed: 8064.516 ops/sec)
Total latency = 1.0072467243833E7 (+/- 0) us 
Consensus latency = 0.0 (+/- 0) us 
Pre-consensus latency = 0.0 (+/- 0) us 
Pos-consensus latency = -2.1068070236526077E12 (+/- 0) us 
Propose latency = 0.0 (+/- 0) us 
Write latency = 0.0 (+/- 0) us 
Accept latency = 0.0 (+/- 0) us 
Batch average size = NaN (+/- 0) requests
TOMMessage ByteCount = 46433549
LCMessage ByteCount = 54
StandardSMMessage ByteCount = 6297
ConsensusMessage ByteCount = 23376323
--- Measurements after 65000 ops (1000 samples) ---
Throughput = 5208.3335 operations/sec (Maximum observed: 8064.516 ops/sec)
Total latency = 1.0240219596804E7 (+/- 0) us 
Consensus latency = 0.0 (+/- 0) us 
Pre-consensus latency = 0.0 (+/- 0) us 
Pos-consensus latency = -2.106806827497894E12 (+/- 0) us 
Propose latency = 0.0 (+/- 0) us 
Write latency = 0.0 (+/- 0) us 
Accept latency = 0.0 (+/- 0) us 
Batch average size = NaN (+/- 0) requests
TOMMessage ByteCount = 47687348
LCMessage ByteCount = 54
StandardSMMessage ByteCount = 6297
ConsensusMessage ByteCount = 23376323
--- Measurements after 66000 ops (1000 samples) ---
Throughput = 5181.347 operations/sec (Maximum observed: 8064.516 ops/sec)
Total latency = 1.0409476532652E7 (+/- 0) us 
Consensus latency = 0.0 (+/- 0) us 
Pre-consensus latency = 0.0 (+/- 0) us 
Pos-consensus latency = -2.106806631154318E12 (+/- 0) us 
Propose latency = 0.0 (+/- 0) us 
Write latency = 0.0 (+/- 0) us 
Accept latency = 0.0 (+/- 0) us 
Batch average size = NaN (+/- 0) requests
TOMMessage ByteCount = 48877748
LCMessage ByteCount = 54
StandardSMMessage ByteCount = 6297
ConsensusMessage ByteCount = 23376323
--- Measurements after 67000 ops (1000 samples) ---
Throughput = 5494.5054 operations/sec (Maximum observed: 8064.516 ops/sec)
Total latency = 1.057463315783E7 (+/- 0) us 
Consensus latency = 0.0 (+/- 0) us 
Pre-consensus latency = 0.0 (+/- 0) us 
Pos-consensus latency = -2.106806438137119E12 (+/- 0) us 
Propose latency = 0.0 (+/- 0) us 
Write latency = 0.0 (+/- 0) us 
Accept latency = 0.0 (+/- 0) us 
Batch average size = NaN (+/- 0) requests
TOMMessage ByteCount = 50012447
LCMessage ByteCount = 54
StandardSMMessage ByteCount = 6297
ConsensusMessage ByteCount = 23376323
--- Measurements after 68000 ops (1000 samples) ---
Throughput = 5000.0 operations/sec (Maximum observed: 8064.516 ops/sec)
Total latency = 1.0734198765978001E7 (+/- 0) us 
Consensus latency = 0.0 (+/- 0) us 
Pre-consensus latency = 0.0 (+/- 0) us 
Pos-consensus latency = -2.1068062508077559E12 (+/- 0) us 
Propose latency = 0.0 (+/- 0) us 
Write latency = 0.0 (+/- 0) us 
Accept latency = 0.0 (+/- 0) us 
Batch average size = NaN (+/- 0) requests
TOMMessage ByteCount = 51123516
LCMessage ByteCount = 54
StandardSMMessage ByteCount = 6297
ConsensusMessage ByteCount = 23376323
--- Measurements after 69000 ops (1000 samples) ---
Throughput = 5405.4053 operations/sec (Maximum observed: 8064.516 ops/sec)
Total latency = 1.0883473047842E7 (+/- 0) us 
Consensus latency = 0.0 (+/- 0) us 
Pre-consensus latency = 0.0 (+/- 0) us 
Pos-consensus latency = -2.1068060669278926E12 (+/- 0) us 
Propose latency = 0.0 (+/- 0) us 
Write latency = 0.0 (+/- 0) us 
Accept latency = 0.0 (+/- 0) us 
Batch average size = NaN (+/- 0) requests
TOMMessage ByteCount = 52112832
LCMessage ByteCount = 54
StandardSMMessage ByteCount = 6297
ConsensusMessage ByteCount = 23376323
--- Measurements after 70000 ops (1000 samples) ---
Throughput = 5494.5054 operations/sec (Maximum observed: 8064.516 ops/sec)
Total latency = 1.1038556855811002E7 (+/- 0) us 
Consensus latency = 0.0 (+/- 0) us 
Pre-consensus latency = 0.0 (+/- 0) us 
Pos-consensus latency = -2.106805881140267E12 (+/- 0) us 
Propose latency = 0.0 (+/- 0) us 
Write latency = 0.0 (+/- 0) us 
Accept latency = 0.0 (+/- 0) us 
Batch average size = NaN (+/- 0) requests
TOMMessage ByteCount = 53097109
LCMessage ByteCount = 54
StandardSMMessage ByteCount = 6297
ConsensusMessage ByteCount = 23376323
--- Measurements after 71000 ops (1000 samples) ---
Throughput = 6369.427 operations/sec (Maximum observed: 8064.516 ops/sec)
Total latency = 1.1187411016379E7 (+/- 0) us 
Consensus latency = 0.0 (+/- 0) us 
Pre-consensus latency = 0.0 (+/- 0) us 
Pos-consensus latency = -2.10680570610737E12 (+/- 0) us 
Propose latency = 0.0 (+/- 0) us 
Write latency = 0.0 (+/- 0) us 
Accept latency = 0.0 (+/- 0) us 
Batch average size = NaN (+/- 0) requests
TOMMessage ByteCount = 53547529
LCMessage ByteCount = 54
StandardSMMessage ByteCount = 6297
ConsensusMessage ByteCount = 23376323
--- Measurements after 72000 ops (1000 samples) ---
Throughput = 4716.981 operations/sec (Maximum observed: 8064.516 ops/sec)
Total latency = 1.1344255384135E7 (+/- 0) us 
Consensus latency = 0.0 (+/- 0) us 
Pre-consensus latency = 0.0 (+/- 0) us 
Pos-consensus latency = -2.1068055262762039E12 (+/- 0) us 
Propose latency = 0.0 (+/- 0) us 
Write latency = 0.0 (+/- 0) us 
Accept latency = 0.0 (+/- 0) us 
Batch average size = NaN (+/- 0) requests
TOMMessage ByteCount = 53563399
LCMessage ByteCount = 54
StandardSMMessage ByteCount = 6297
ConsensusMessage ByteCount = 23376323
--- Measurements after 73000 ops (1000 samples) ---
Throughput = 5813.9536 operations/sec (Maximum observed: 8064.516 ops/sec)
Total latency = 1.1517636740745E7 (+/- 0) us 
Consensus latency = 0.0 (+/- 0) us 
Pre-consensus latency = 0.0 (+/- 0) us 
Pos-consensus latency = -2.1068053262020562E12 (+/- 0) us 
Propose latency = 0.0 (+/- 0) us 
Write latency = 0.0 (+/- 0) us 
Accept latency = 0.0 (+/- 0) us 
Batch average size = NaN (+/- 0) requests
TOMMessage ByteCount = 53571858
LCMessage ByteCount = 54
StandardSMMessage ByteCount = 6297
ConsensusMessage ByteCount = 23376323
--- Measurements after 74000 ops (1000 samples) ---
Throughput = 6451.613 operations/sec (Maximum observed: 8064.516 ops/sec)
Total latency = 1.1649288905929001E7 (+/- 0) us 
Consensus latency = 0.0 (+/- 0) us 
Pre-consensus latency = 0.0 (+/- 0) us 
Pos-consensus latency = -2.1068051664134873E12 (+/- 0) us 
Propose latency = 0.0 (+/- 0) us 
Write latency = 0.0 (+/- 0) us 
Accept latency = 0.0 (+/- 0) us 
Batch average size = NaN (+/- 0) requests
TOMMessage ByteCount = 53572918
LCMessage ByteCount = 54
StandardSMMessage ByteCount = 6297
ConsensusMessage ByteCount = 23376323
--- Measurements after 75000 ops (1000 samples) ---
Throughput = 6369.427 operations/sec (Maximum observed: 8064.516 ops/sec)
Total latency = 1.1776446026417999E7 (+/- 0) us 
Consensus latency = 0.0 (+/- 0) us 
Pre-consensus latency = 0.0 (+/- 0) us 
Pos-consensus latency = -2.10680501219926E12 (+/- 0) us 
Propose latency = 0.0 (+/- 0) us 
Write latency = 0.0 (+/- 0) us 
Accept latency = 0.0 (+/- 0) us 
Batch average size = NaN (+/- 0) requests
TOMMessage ByteCount = 53573978
LCMessage ByteCount = 54
StandardSMMessage ByteCount = 6297
ConsensusMessage ByteCount = 23376323
--- Measurements after 76000 ops (1000 samples) ---
Throughput = 6622.5166 operations/sec (Maximum observed: 8064.516 ops/sec)
Total latency = 1.1904517078512E7 (+/- 0) us 
Consensus latency = 0.0 (+/- 0) us 
Pre-consensus latency = 0.0 (+/- 0) us 
Pos-consensus latency = -2.1068048570597898E12 (+/- 0) us 
Propose latency = 0.0 (+/- 0) us 
Write latency = 0.0 (+/- 0) us 
Accept latency = 0.0 (+/- 0) us 
Batch average size = NaN (+/- 0) requests
TOMMessage ByteCount = 53573978
LCMessage ByteCount = 54
StandardSMMessage ByteCount = 6297
ConsensusMessage ByteCount = 23376323
--- Measurements after 77000 ops (1000 samples) ---
Throughput = 6024.096 operations/sec (Maximum observed: 8064.516 ops/sec)
Total latency = 1.2039349572672E7 (+/- 0) us 
Consensus latency = 0.0 (+/- 0) us 
Pre-consensus latency = 0.0 (+/- 0) us 
Pos-consensus latency = -2.1068046926709224E12 (+/- 0) us 
Propose latency = 0.0 (+/- 0) us 
Write latency = 0.0 (+/- 0) us 
Accept latency = 0.0 (+/- 0) us 
Batch average size = NaN (+/- 0) requests
TOMMessage ByteCount = 53575038
LCMessage ByteCount = 54
StandardSMMessage ByteCount = 6297
ConsensusMessage ByteCount = 23376323
--- Measurements after 78000 ops (1000 samples) ---
Throughput = 6666.6665 operations/sec (Maximum observed: 8064.516 ops/sec)
Total latency = 1.2155701341976E7 (+/- 0) us 
Consensus latency = 0.0 (+/- 0) us 
Pre-consensus latency = 0.0 (+/- 0) us 
Pos-consensus latency = -2.1068045403255444E12 (+/- 0) us 
Propose latency = 0.0 (+/- 0) us 
Write latency = 0.0 (+/- 0) us 
Accept latency = 0.0 (+/- 0) us 
Batch average size = NaN (+/- 0) requests
TOMMessage ByteCount = 53576098
LCMessage ByteCount = 54
StandardSMMessage ByteCount = 6297
ConsensusMessage ByteCount = 23376323
--- Measurements after 79000 ops (1000 samples) ---
Throughput = 6666.6665 operations/sec (Maximum observed: 8064.516 ops/sec)
Total latency = 1.2284876563953E7 (+/- 0) us 
Consensus latency = 0.0 (+/- 0) us 
Pre-consensus latency = 0.0 (+/- 0) us 
Pos-consensus latency = -2.1068043902883184E12 (+/- 0) us 
Propose latency = 0.0 (+/- 0) us 
Write latency = 0.0 (+/- 0) us 
Accept latency = 0.0 (+/- 0) us 
Batch average size = NaN (+/- 0) requests
TOMMessage ByteCount = 53581383
LCMessage ByteCount = 54
StandardSMMessage ByteCount = 6297
ConsensusMessage ByteCount = 23376323
--- Measurements after 80000 ops (1000 samples) ---
Throughput = 6666.6665 operations/sec (Maximum observed: 8064.516 ops/sec)
Total latency = 1.2408712772549E7 (+/- 0) us 
Consensus latency = 0.0 (+/- 0) us 
Pre-consensus latency = 0.0 (+/- 0) us 
Pos-consensus latency = -2.1068042402889543E12 (+/- 0) us 
Propose latency = 0.0 (+/- 0) us 
Write latency = 0.0 (+/- 0) us 
Accept latency = 0.0 (+/- 0) us 
Batch average size = NaN (+/- 0) requests
TOMMessage ByteCount = 53581383
LCMessage ByteCount = 54
StandardSMMessage ByteCount = 6297
ConsensusMessage ByteCount = 23376323
--- Measurements after 81000 ops (1000 samples) ---
Throughput = 5988.024 operations/sec (Maximum observed: 8064.516 ops/sec)
Total latency = 1.2531741156118E7 (+/- 0) us 
Consensus latency = 0.0 (+/- 0) us 
Pre-consensus latency = 0.0 (+/- 0) us 
Pos-consensus latency = -2.1068040890673071E12 (+/- 0) us 
Propose latency = 0.0 (+/- 0) us 
Write latency = 0.0 (+/- 0) us 
Accept latency = 0.0 (+/- 0) us 
Batch average size = NaN (+/- 0) requests
TOMMessage ByteCount = 53581383
LCMessage ByteCount = 54
StandardSMMessage ByteCount = 6297
ConsensusMessage ByteCount = 23376323
--- Measurements after 82000 ops (1000 samples) ---
Throughput = 6666.6665 operations/sec (Maximum observed: 8064.516 ops/sec)
Total latency = 1.2669101805959E7 (+/- 0) us 
Consensus latency = 0.0 (+/- 0) us 
Pre-consensus latency = 0.0 (+/- 0) us 
Pos-consensus latency = -2.1068039231674983E12 (+/- 0) us 
Propose latency = 0.0 (+/- 0) us 
Write latency = 0.0 (+/- 0) us 
Accept latency = 0.0 (+/- 0) us 
Batch average size = NaN (+/- 0) requests
TOMMessage ByteCount = 53583498
LCMessage ByteCount = 54
StandardSMMessage ByteCount = 6297
ConsensusMessage ByteCount = 23376323
--- Measurements after 83000 ops (1000 samples) ---
Throughput = 6666.6665 operations/sec (Maximum observed: 8064.516 ops/sec)
Total latency = 1.2791429965173E7 (+/- 0) us 
Consensus latency = 0.0 (+/- 0) us 
Pre-consensus latency = 0.0 (+/- 0) us 
Pos-consensus latency = -2.1068037731153315E12 (+/- 0) us 
Propose latency = 0.0 (+/- 0) us 
Write latency = 0.0 (+/- 0) us 
Accept latency = 0.0 (+/- 0) us 
Batch average size = NaN (+/- 0) requests
TOMMessage ByteCount = 53585612
LCMessage ByteCount = 54
StandardSMMessage ByteCount = 6297
ConsensusMessage ByteCount = 23376323
--- Measurements after 84000 ops (1000 samples) ---
Throughput = 6666.6665 operations/sec (Maximum observed: 8064.516 ops/sec)
Total latency = 1.2913388483176E7 (+/- 0) us 
Consensus latency = 0.0 (+/- 0) us 
Pre-consensus latency = 0.0 (+/- 0) us 
Pos-consensus latency = -2.1068036230484587E12 (+/- 0) us 
Propose latency = 0.0 (+/- 0) us 
Write latency = 0.0 (+/- 0) us 
Accept latency = 0.0 (+/- 0) us 
Batch average size = NaN (+/- 0) requests
TOMMessage ByteCount = 53587722
LCMessage ByteCount = 54
StandardSMMessage ByteCount = 6297
ConsensusMessage ByteCount = 23376323
--- Measurements after 85000 ops (1000 samples) ---
Throughput = 6711.409 operations/sec (Maximum observed: 8064.516 ops/sec)
Total latency = 1.3036424018574E7 (+/- 0) us 
Consensus latency = 0.0 (+/- 0) us 
Pre-consensus latency = 0.0 (+/- 0) us 
Pos-consensus latency = -2.1068034730097378E12 (+/- 0) us 
Propose latency = 0.0 (+/- 0) us 
Write latency = 0.0 (+/- 0) us 
Accept latency = 0.0 (+/- 0) us 
Batch average size = NaN (+/- 0) requests
TOMMessage ByteCount = 53587722
LCMessage ByteCount = 54
StandardSMMessage ByteCount = 6297
ConsensusMessage ByteCount = 23376323
--- Measurements after 86000 ops (1000 samples) ---
Throughput = 5952.381 operations/sec (Maximum observed: 8064.516 ops/sec)
Total latency = 1.3146833064817E7 (+/- 0) us 
Consensus latency = 0.0 (+/- 0) us 
Pre-consensus latency = 0.0 (+/- 0) us 
Pos-consensus latency = -2.1068033182211885E12 (+/- 0) us 
Propose latency = 0.0 (+/- 0) us 
Write latency = 0.0 (+/- 0) us 
Accept latency = 0.0 (+/- 0) us 
Batch average size = NaN (+/- 0) requests
TOMMessage ByteCount = 53590886
LCMessage ByteCount = 54
StandardSMMessage ByteCount = 6297
ConsensusMessage ByteCount = 23376323
--- Measurements after 87000 ops (1000 samples) ---
Throughput = 6666.6665 operations/sec (Maximum observed: 8064.516 ops/sec)
Total latency = 1.3275187532433001E7 (+/- 0) us 
Consensus latency = 0.0 (+/- 0) us 
Pre-consensus latency = 0.0 (+/- 0) us 
Pos-consensus latency = -2.1068031549164302E12 (+/- 0) us 
Propose latency = 0.0 (+/- 0) us 
Write latency = 0.0 (+/- 0) us 
Accept latency = 0.0 (+/- 0) us 
Batch average size = NaN (+/- 0) requests
TOMMessage ByteCount = 53875823
LCMessage ByteCount = 54
StandardSMMessage ByteCount = 6297
ConsensusMessage ByteCount = 23376323
--- Measurements after 88000 ops (1000 samples) ---
Throughput = 6711.409 operations/sec (Maximum observed: 8064.516 ops/sec)
Total latency = 1.3401496972117001E7 (+/- 0) us 
Consensus latency = 0.0 (+/- 0) us 
Pre-consensus latency = 0.0 (+/- 0) us 
Pos-consensus latency = -2.1068030050945088E12 (+/- 0) us 
Propose latency = 0.0 (+/- 0) us 
Write latency = 0.0 (+/- 0) us 
Accept latency = 0.0 (+/- 0) us 
Batch average size = NaN (+/- 0) requests
TOMMessage ByteCount = 54304297
LCMessage ByteCount = 54
StandardSMMessage ByteCount = 6297
ConsensusMessage ByteCount = 23376323
--- Measurements after 89000 ops (1000 samples) ---
Throughput = 6666.6665 operations/sec (Maximum observed: 8064.516 ops/sec)
Total latency = 1.3529549779304001E7 (+/- 0) us 
Consensus latency = 0.0 (+/- 0) us 
Pre-consensus latency = 0.0 (+/- 0) us 
Pos-consensus latency = -2.1068028553070032E12 (+/- 0) us 
Propose latency = 0.0 (+/- 0) us 
Write latency = 0.0 (+/- 0) us 
Accept latency = 0.0 (+/- 0) us 
Batch average size = NaN (+/- 0) requests
TOMMessage ByteCount = 54700024
LCMessage ByteCount = 54
StandardSMMessage ByteCount = 6297
ConsensusMessage ByteCount = 23376323
--- Measurements after 90000 ops (1000 samples) ---
Throughput = 5952.381 operations/sec (Maximum observed: 8064.516 ops/sec)
Total latency = 1.36576838011E7 (+/- 0) us 
Consensus latency = 0.0 (+/- 0) us 
Pre-consensus latency = 0.0 (+/- 0) us 
Pos-consensus latency = -2.1068027036032944E12 (+/- 0) us 
Propose latency = 0.0 (+/- 0) us 
Write latency = 0.0 (+/- 0) us 
Accept latency = 0.0 (+/- 0) us 
Batch average size = NaN (+/- 0) requests
TOMMessage ByteCount = 55166489
LCMessage ByteCount = 54
StandardSMMessage ByteCount = 6297
ConsensusMessage ByteCount = 23376323
--- Measurements after 91000 ops (1000 samples) ---
Throughput = 6666.6665 operations/sec (Maximum observed: 8064.516 ops/sec)
Total latency = 1.3802074774954E7 (+/- 0) us 
Consensus latency = 0.0 (+/- 0) us 
Pre-consensus latency = 0.0 (+/- 0) us 
Pos-consensus latency = -2.1068025374772266E12 (+/- 0) us 
Propose latency = 0.0 (+/- 0) us 
Write latency = 0.0 (+/- 0) us 
Accept latency = 0.0 (+/- 0) us 
Batch average size = NaN (+/- 0) requests
TOMMessage ByteCount = 55667752
LCMessage ByteCount = 54
StandardSMMessage ByteCount = 6297
ConsensusMessage ByteCount = 23376323
--- Measurements after 92000 ops (1000 samples) ---
Throughput = 6666.6665 operations/sec (Maximum observed: 8064.516 ops/sec)
Total latency = 1.392477871785E7 (+/- 0) us 
Consensus latency = 0.0 (+/- 0) us 
Pre-consensus latency = 0.0 (+/- 0) us 
Pos-consensus latency = -2.1068023876128125E12 (+/- 0) us 
Propose latency = 0.0 (+/- 0) us 
Write latency = 0.0 (+/- 0) us 
Accept latency = 0.0 (+/- 0) us 
Batch average size = NaN (+/- 0) requests
TOMMessage ByteCount = 56139493
LCMessage ByteCount = 54
StandardSMMessage ByteCount = 6297
ConsensusMessage ByteCount = 23376323
--- Measurements after 93000 ops (1000 samples) ---
Throughput = 6666.6665 operations/sec (Maximum observed: 8064.516 ops/sec)
Total latency = 1.4046686254973E7 (+/- 0) us 
Consensus latency = 0.0 (+/- 0) us 
Pre-consensus latency = 0.0 (+/- 0) us 
Pos-consensus latency = -2.106802237798426E12 (+/- 0) us 
Propose latency = 0.0 (+/- 0) us 
Write latency = 0.0 (+/- 0) us 
Accept latency = 0.0 (+/- 0) us 
Batch average size = NaN (+/- 0) requests
TOMMessage ByteCount = 56547918
LCMessage ByteCount = 54
StandardSMMessage ByteCount = 6297
ConsensusMessage ByteCount = 23376323
--- Measurements after 94000 ops (1000 samples) ---
Throughput = 6711.409 operations/sec (Maximum observed: 8064.516 ops/sec)
Total latency = 1.4168519854123E7 (+/- 0) us 
Consensus latency = 0.0 (+/- 0) us 
Pre-consensus latency = 0.0 (+/- 0) us 
Pos-consensus latency = -2.106802087984473E12 (+/- 0) us 
Propose latency = 0.0 (+/- 0) us 
Write latency = 0.0 (+/- 0) us 
Accept latency = 0.0 (+/- 0) us 
Batch average size = NaN (+/- 0) requests
TOMMessage ByteCount = 56944796
LCMessage ByteCount = 54
StandardSMMessage ByteCount = 6297
ConsensusMessage ByteCount = 23376323
--- Measurements after 95000 ops (1000 samples) ---
Throughput = 5882.353 operations/sec (Maximum observed: 8064.516 ops/sec)
Total latency = 1.4299591167876E7 (+/- 0) us 
Consensus latency = 0.0 (+/- 0) us 
Pre-consensus latency = 0.0 (+/- 0) us 
Pos-consensus latency = -2.1068019293010796E12 (+/- 0) us 
Propose latency = 0.0 (+/- 0) us 
Write latency = 0.0 (+/- 0) us 
Accept latency = 0.0 (+/- 0) us 
Batch average size = NaN (+/- 0) requests
TOMMessage ByteCount = 57371150
LCMessage ByteCount = 54
StandardSMMessage ByteCount = 6297
ConsensusMessage ByteCount = 23376323
--- Measurements after 96000 ops (1000 samples) ---
Throughput = 6711.409 operations/sec (Maximum observed: 8064.516 ops/sec)
Total latency = 1.4431594681493E7 (+/- 0) us 
Consensus latency = 0.0 (+/- 0) us 
Pre-consensus latency = 0.0 (+/- 0) us 
Pos-consensus latency = -2.1068017679528374E12 (+/- 0) us 
Propose latency = 0.0 (+/- 0) us 
Write latency = 0.0 (+/- 0) us 
Accept latency = 0.0 (+/- 0) us 
Batch average size = NaN (+/- 0) requests
TOMMessage ByteCount = 57725763
LCMessage ByteCount = 54
StandardSMMessage ByteCount = 6297
ConsensusMessage ByteCount = 23376323
--- Measurements after 97000 ops (1000 samples) ---
Throughput = 6711.409 operations/sec (Maximum observed: 8064.516 ops/sec)
Total latency = 1.455361284073E7 (+/- 0) us 
Consensus latency = 0.0 (+/- 0) us 
Pre-consensus latency = 0.0 (+/- 0) us 
Pos-consensus latency = -2.10680161819952E12 (+/- 0) us 
Propose latency = 0.0 (+/- 0) us 
Write latency = 0.0 (+/- 0) us 
Accept latency = 0.0 (+/- 0) us 
Batch average size = NaN (+/- 0) requests
TOMMessage ByteCount = 58080319
LCMessage ByteCount = 54
StandardSMMessage ByteCount = 6297
ConsensusMessage ByteCount = 23376323
--- Measurements after 98000 ops (1000 samples) ---
Throughput = 6666.6665 operations/sec (Maximum observed: 8064.516 ops/sec)
Total latency = 1.4671594348651E7 (+/- 0) us 
Consensus latency = 0.0 (+/- 0) us 
Pre-consensus latency = 0.0 (+/- 0) us 
Pos-consensus latency = -2.1068014683030098E12 (+/- 0) us 
Propose latency = 0.0 (+/- 0) us 
Write latency = 0.0 (+/- 0) us 
Accept latency = 0.0 (+/- 0) us 
Batch average size = NaN (+/- 0) requests
TOMMessage ByteCount = 58423327
LCMessage ByteCount = 54
StandardSMMessage ByteCount = 6297
ConsensusMessage ByteCount = 23376323
--- Measurements after 99000 ops (1000 samples) ---
Throughput = 6666.6665 operations/sec (Maximum observed: 8064.516 ops/sec)
Total latency = 1.4795190716443E7 (+/- 0) us 
Consensus latency = 0.0 (+/- 0) us 
Pre-consensus latency = 0.0 (+/- 0) us 
Pos-consensus latency = -2.1068013183968977E12 (+/- 0) us 
Propose latency = 0.0 (+/- 0) us 
Write latency = 0.0 (+/- 0) us 
Accept latency = 0.0 (+/- 0) us 
Batch average size = NaN (+/- 0) requests
TOMMessage ByteCount = 58776826
LCMessage ByteCount = 54
StandardSMMessage ByteCount = 6297
ConsensusMessage ByteCount = 23376323
--- Measurements after 100000 ops (1000 samples) ---
Throughput = 5882.353 operations/sec (Maximum observed: 8064.516 ops/sec)
Total latency = 1.4936377090948E7 (+/- 0) us 
Consensus latency = 0.0 (+/- 0) us 
Pre-consensus latency = 0.0 (+/- 0) us 
Pos-consensus latency = -2.1068011533040166E12 (+/- 0) us 
Propose latency = 0.0 (+/- 0) us 
Write latency = 0.0 (+/- 0) us 
Accept latency = 0.0 (+/- 0) us 
Batch average size = NaN (+/- 0) requests
TOMMessage ByteCount = 59155664
LCMessage ByteCount = 54
StandardSMMessage ByteCount = 6297
ConsensusMessage ByteCount = 23376323
--- Measurements after 101000 ops (1000 samples) ---
Throughput = 6666.6665 operations/sec (Maximum observed: 8064.516 ops/sec)
Total latency = 1.5063260041056E7 (+/- 0) us 
Consensus latency = 0.0 (+/- 0) us 
Pre-consensus latency = 0.0 (+/- 0) us 
Pos-consensus latency = -2.106800998838998E12 (+/- 0) us 
Propose latency = 0.0 (+/- 0) us 
Write latency = 0.0 (+/- 0) us 
Accept latency = 0.0 (+/- 0) us 
Batch average size = NaN (+/- 0) requests
TOMMessage ByteCount = 59471198
LCMessage ByteCount = 54
StandardSMMessage ByteCount = 6297
ConsensusMessage ByteCount = 23376323
--- Measurements after 102000 ops (1000 samples) ---
Throughput = 6666.6665 operations/sec (Maximum observed: 8064.516 ops/sec)
Total latency = 1.5185562985877002E7 (+/- 0) us 
Consensus latency = 0.0 (+/- 0) us 
Pre-consensus latency = 0.0 (+/- 0) us 
Pos-consensus latency = -2.1068008487599204E12 (+/- 0) us 
Propose latency = 0.0 (+/- 0) us 
Write latency = 0.0 (+/- 0) us 
Accept latency = 0.0 (+/- 0) us 
Batch average size = NaN (+/- 0) requests
TOMMessage ByteCount = 59775181
LCMessage ByteCount = 54
StandardSMMessage ByteCount = 6297
ConsensusMessage ByteCount = 23376323
--- Measurements after 103000 ops (1000 samples) ---
Throughput = 6666.6665 operations/sec (Maximum observed: 8064.516 ops/sec)
Total latency = 1.5307330809681E7 (+/- 0) us 
Consensus latency = 0.0 (+/- 0) us 
Pre-consensus latency = 0.0 (+/- 0) us 
Pos-consensus latency = -2.1068006987612578E12 (+/- 0) us 
Propose latency = 0.0 (+/- 0) us 
Write latency = 0.0 (+/- 0) us 
Accept latency = 0.0 (+/- 0) us 
Batch average size = NaN (+/- 0) requests
TOMMessage ByteCount = 60130863
LCMessage ByteCount = 54
StandardSMMessage ByteCount = 6297
ConsensusMessage ByteCount = 23376323
--- Measurements after 104000 ops (1000 samples) ---
Throughput = 5617.9775 operations/sec (Maximum observed: 8064.516 ops/sec)
Total latency = 1.5432345657919E7 (+/- 0) us 
Consensus latency = 0.0 (+/- 0) us 
Pre-consensus latency = 0.0 (+/- 0) us 
Pos-consensus latency = -2.1068005459080056E12 (+/- 0) us 
Propose latency = 0.0 (+/- 0) us 
Write latency = 0.0 (+/- 0) us 
Accept latency = 0.0 (+/- 0) us 
Batch average size = NaN (+/- 0) requests
TOMMessage ByteCount = 60503346
LCMessage ByteCount = 54
StandardSMMessage ByteCount = 6297
ConsensusMessage ByteCount = 23376323
--- Measurements after 105000 ops (1000 samples) ---
Throughput = 4739.3364 operations/sec (Maximum observed: 8064.516 ops/sec)
Total latency = 1.5610016624744E7 (+/- 0) us 
Consensus latency = 0.0 (+/- 0) us 
Pre-consensus latency = 0.0 (+/- 0) us 
Pos-consensus latency = -2.106800340117088E12 (+/- 0) us 
Propose latency = 0.0 (+/- 0) us 
Write latency = 0.0 (+/- 0) us 
Accept latency = 0.0 (+/- 0) us 
Batch average size = NaN (+/- 0) requests
TOMMessage ByteCount = 60972947
LCMessage ByteCount = 54
StandardSMMessage ByteCount = 6297
ConsensusMessage ByteCount = 23376323
--- Measurements after 106000 ops (1000 samples) ---
Throughput = 4761.905 operations/sec (Maximum observed: 8064.516 ops/sec)
Total latency = 1.5789587923238002E7 (+/- 0) us 
Consensus latency = 0.0 (+/- 0) us 
Pre-consensus latency = 0.0 (+/- 0) us 
Pos-consensus latency = -2.1068001299032466E12 (+/- 0) us 
Propose latency = 0.0 (+/- 0) us 
Write latency = 0.0 (+/- 0) us 
Accept latency = 0.0 (+/- 0) us 
Batch average size = NaN (+/- 0) requests
TOMMessage ByteCount = 61436287
LCMessage ByteCount = 54
StandardSMMessage ByteCount = 6297
ConsensusMessage ByteCount = 23376323
--- Measurements after 107000 ops (1000 samples) ---
Throughput = 4739.3364 operations/sec (Maximum observed: 8064.516 ops/sec)
Total latency = 1.5971828876281999E7 (+/- 0) us 
Consensus latency = 0.0 (+/- 0) us 
Pre-consensus latency = 0.0 (+/- 0) us 
Pos-consensus latency = -2.1067999189466272E12 (+/- 0) us 
Propose latency = 0.0 (+/- 0) us 
Write latency = 0.0 (+/- 0) us 
Accept latency = 0.0 (+/- 0) us 
Batch average size = NaN (+/- 0) requests
TOMMessage ByteCount = 61951327
LCMessage ByteCount = 54
StandardSMMessage ByteCount = 6297
ConsensusMessage ByteCount = 23376323
--- Measurements after 108000 ops (1000 samples) ---
Throughput = 4739.3364 operations/sec (Maximum observed: 8064.516 ops/sec)
Total latency = 1.6151106007058E7 (+/- 0) us 
Consensus latency = 0.0 (+/- 0) us 
Pre-consensus latency = 0.0 (+/- 0) us 
Pos-consensus latency = -2.1067997082017188E12 (+/- 0) us 
Propose latency = 0.0 (+/- 0) us 
Write latency = 0.0 (+/- 0) us 
Accept latency = 0.0 (+/- 0) us 
Batch average size = NaN (+/- 0) requests
TOMMessage ByteCount = 62362907
LCMessage ByteCount = 54
StandardSMMessage ByteCount = 6297
ConsensusMessage ByteCount = 23376323
--- Measurements after 109000 ops (1000 samples) ---
Throughput = 5128.205 operations/sec (Maximum observed: 8064.516 ops/sec)
Total latency = 1.6333347299771E7 (+/- 0) us 
Consensus latency = 0.0 (+/- 0) us 
Pre-consensus latency = 0.0 (+/- 0) us 
Pos-consensus latency = -2.106799496140882E12 (+/- 0) us 
Propose latency = 0.0 (+/- 0) us 
Write latency = 0.0 (+/- 0) us 
Accept latency = 0.0 (+/- 0) us 
Batch average size = NaN (+/- 0) requests
TOMMessage ByteCount = 62811457
LCMessage ByteCount = 54
StandardSMMessage ByteCount = 6297
ConsensusMessage ByteCount = 23376323
--- Measurements after 110000 ops (1000 samples) ---
Throughput = 6711.409 operations/sec (Maximum observed: 8064.516 ops/sec)
Total latency = 1.647460545784E7 (+/- 0) us 
Consensus latency = 0.0 (+/- 0) us 
Pre-consensus latency = 0.0 (+/- 0) us 
Pos-consensus latency = -2.1067993321605945E12 (+/- 0) us 
Propose latency = 0.0 (+/- 0) us 
Write latency = 0.0 (+/- 0) us 
Accept latency = 0.0 (+/- 0) us 
Batch average size = NaN (+/- 0) requests
TOMMessage ByteCount = 63140713
LCMessage ByteCount = 54
StandardSMMessage ByteCount = 6297
ConsensusMessage ByteCount = 23376323
--- Measurements after 111000 ops (1000 samples) ---
Throughput = 6622.5166 operations/sec (Maximum observed: 8064.516 ops/sec)
Total latency = 1.6599121604688E7 (+/- 0) us 
Consensus latency = 0.0 (+/- 0) us 
Pre-consensus latency = 0.0 (+/- 0) us 
Pos-consensus latency = -2.1067991820247812E12 (+/- 0) us 
Propose latency = 0.0 (+/- 0) us 
Write latency = 0.0 (+/- 0) us 
Accept latency = 0.0 (+/- 0) us 
Batch average size = NaN (+/- 0) requests
TOMMessage ByteCount = 63467907
LCMessage ByteCount = 54
StandardSMMessage ByteCount = 6297
ConsensusMessage ByteCount = 23376323
--- Measurements after 112000 ops (1000 samples) ---
Throughput = 6711.409 operations/sec (Maximum observed: 8064.516 ops/sec)
Total latency = 1.6721205411262E7 (+/- 0) us 
Consensus latency = 0.0 (+/- 0) us 
Pre-consensus latency = 0.0 (+/- 0) us 
Pos-consensus latency = -2.1067990320975164E12 (+/- 0) us 
Propose latency = 0.0 (+/- 0) us 
Write latency = 0.0 (+/- 0) us 
Accept latency = 0.0 (+/- 0) us 
Batch average size = NaN (+/- 0) requests
TOMMessage ByteCount = 63723323
LCMessage ByteCount = 54
StandardSMMessage ByteCount = 6297
ConsensusMessage ByteCount = 23376323
--- Measurements after 113000 ops (1000 samples) ---
Throughput = 5376.344 operations/sec (Maximum observed: 8064.516 ops/sec)
Total latency = 1.6845109416153E7 (+/- 0) us 
Consensus latency = 0.0 (+/- 0) us 
Pre-consensus latency = 0.0 (+/- 0) us 
Pos-consensus latency = -2.1067988806707842E12 (+/- 0) us 
Propose latency = 0.0 (+/- 0) us 
Write latency = 0.0 (+/- 0) us 
Accept latency = 0.0 (+/- 0) us 
Batch average size = NaN (+/- 0) requests
TOMMessage ByteCount = 64151791
LCMessage ByteCount = 54
StandardSMMessage ByteCount = 6297
ConsensusMessage ByteCount = 23376323
--- Measurements after 114000 ops (1000 samples) ---
Throughput = 6666.6665 operations/sec (Maximum observed: 8064.516 ops/sec)
Total latency = 1.7000924341737E7 (+/- 0) us 
Consensus latency = 0.0 (+/- 0) us 
Pre-consensus latency = 0.0 (+/- 0) us 
Pos-consensus latency = -2.1067986964773013E12 (+/- 0) us 
Propose latency = 0.0 (+/- 0) us 
Write latency = 0.0 (+/- 0) us 
Accept latency = 0.0 (+/- 0) us 
Batch average size = NaN (+/- 0) requests
TOMMessage ByteCount = 64487372
LCMessage ByteCount = 54
StandardSMMessage ByteCount = 6297
ConsensusMessage ByteCount = 23376323
--- Measurements after 115000 ops (1000 samples) ---
Throughput = 6711.409 operations/sec (Maximum observed: 8064.516 ops/sec)
Total latency = 1.7123603238693003E7 (+/- 0) us 
Consensus latency = 0.0 (+/- 0) us 
Pre-consensus latency = 0.0 (+/- 0) us 
Pos-consensus latency = -2.1067985465845657E12 (+/- 0) us 
Propose latency = 0.0 (+/- 0) us 
Write latency = 0.0 (+/- 0) us 
Accept latency = 0.0 (+/- 0) us 
Batch average size = NaN (+/- 0) requests
TOMMessage ByteCount = 64777602
LCMessage ByteCount = 54
StandardSMMessage ByteCount = 6297
ConsensusMessage ByteCount = 23376323
--- Measurements after 116000 ops (1000 samples) ---
Throughput = 6666.6665 operations/sec (Maximum observed: 8064.516 ops/sec)
Total latency = 1.7244723704779E7 (+/- 0) us 
Consensus latency = 0.0 (+/- 0) us 
Pre-consensus latency = 0.0 (+/- 0) us 
Pos-consensus latency = -2.1067983974727532E12 (+/- 0) us 
Propose latency = 0.0 (+/- 0) us 
Write latency = 0.0 (+/- 0) us 
Accept latency = 0.0 (+/- 0) us 
Batch average size = NaN (+/- 0) requests
TOMMessage ByteCount = 65079459
LCMessage ByteCount = 54
StandardSMMessage ByteCount = 6297
ConsensusMessage ByteCount = 23376323
--- Measurements after 117000 ops (1000 samples) ---
Throughput = 6666.6665 operations/sec (Maximum observed: 8064.516 ops/sec)
Total latency = 1.7366438792147E7 (+/- 0) us 
Consensus latency = 0.0 (+/- 0) us 
Pre-consensus latency = 0.0 (+/- 0) us 
Pos-consensus latency = -2.1067982475184995E12 (+/- 0) us 
Propose latency = 0.0 (+/- 0) us 
Write latency = 0.0 (+/- 0) us 
Accept latency = 0.0 (+/- 0) us 
Batch average size = NaN (+/- 0) requests
TOMMessage ByteCount = 65381246
LCMessage ByteCount = 54
StandardSMMessage ByteCount = 6297
ConsensusMessage ByteCount = 23376323
--- Measurements after 118000 ops (1000 samples) ---
Throughput = 5405.4053 operations/sec (Maximum observed: 8064.516 ops/sec)
Total latency = 1.7507411203574E7 (+/- 0) us 
Consensus latency = 0.0 (+/- 0) us 
Pre-consensus latency = 0.0 (+/- 0) us 
Pos-consensus latency = -2.1067980731688086E12 (+/- 0) us 
Propose latency = 0.0 (+/- 0) us 
Write latency = 0.0 (+/- 0) us 
Accept latency = 0.0 (+/- 0) us 
Batch average size = NaN (+/- 0) requests
TOMMessage ByteCount = 65764359
LCMessage ByteCount = 54
StandardSMMessage ByteCount = 6297
ConsensusMessage ByteCount = 23376323
--- Measurements after 119000 ops (1000 samples) ---
Throughput = 6756.757 operations/sec (Maximum observed: 8064.516 ops/sec)
Total latency = 1.7636503232869E7 (+/- 0) us 
Consensus latency = 0.0 (+/- 0) us 
Pre-consensus latency = 0.0 (+/- 0) us 
Pos-consensus latency = -2.1067979126047312E12 (+/- 0) us 
Propose latency = 0.0 (+/- 0) us 
Write latency = 0.0 (+/- 0) us 
Accept latency = 0.0 (+/- 0) us 
Batch average size = NaN (+/- 0) requests
TOMMessage ByteCount = 66050350
LCMessage ByteCount = 54
StandardSMMessage ByteCount = 6297
ConsensusMessage ByteCount = 23376323
--- Measurements after 120000 ops (1000 samples) ---
Throughput = 6666.6665 operations/sec (Maximum observed: 8064.516 ops/sec)
Total latency = 1.7764668712099E7 (+/- 0) us 
Consensus latency = 0.0 (+/- 0) us 
Pre-consensus latency = 0.0 (+/- 0) us 
Pos-consensus latency = -2.1067977629347085E12 (+/- 0) us 
Propose latency = 0.0 (+/- 0) us 
Write latency = 0.0 (+/- 0) us 
Accept latency = 0.0 (+/- 0) us 
Batch average size = NaN (+/- 0) requests
TOMMessage ByteCount = 66372257
LCMessage ByteCount = 54
StandardSMMessage ByteCount = 6297
ConsensusMessage ByteCount = 23376323
--- Measurements after 121000 ops (1000 samples) ---
Throughput = 6711.409 operations/sec (Maximum observed: 8064.516 ops/sec)
Total latency = 1.7887939824463002E7 (+/- 0) us 
Consensus latency = 0.0 (+/- 0) us 
Pre-consensus latency = 0.0 (+/- 0) us 
Pos-consensus latency = -2.1067976133278623E12 (+/- 0) us 
Propose latency = 0.0 (+/- 0) us 
Write latency = 0.0 (+/- 0) us 
Accept latency = 0.0 (+/- 0) us 
Batch average size = NaN (+/- 0) requests
TOMMessage ByteCount = 66670921
LCMessage ByteCount = 54
StandardSMMessage ByteCount = 6297
ConsensusMessage ByteCount = 23376323
--- Measurements after 122000 ops (1000 samples) ---
Throughput = 5494.5054 operations/sec (Maximum observed: 8064.516 ops/sec)
Total latency = 1.8020843560307E7 (+/- 0) us 
Consensus latency = 0.0 (+/- 0) us 
Pre-consensus latency = 0.0 (+/- 0) us 
Pos-consensus latency = -2.106797453060088E12 (+/- 0) us 
Propose latency = 0.0 (+/- 0) us 
Write latency = 0.0 (+/- 0) us 
Accept latency = 0.0 (+/- 0) us 
Batch average size = NaN (+/- 0) requests
TOMMessage ByteCount = 67111004
LCMessage ByteCount = 54
StandardSMMessage ByteCount = 6297
ConsensusMessage ByteCount = 23376323
--- Measurements after 123000 ops (1000 samples) ---
Throughput = 6666.6665 operations/sec (Maximum observed: 8064.516 ops/sec)
Total latency = 1.8164441103287E7 (+/- 0) us 
Consensus latency = 0.0 (+/- 0) us 
Pre-consensus latency = 0.0 (+/- 0) us 
Pos-consensus latency = -2.1067972810831853E12 (+/- 0) us 
Propose latency = 0.0 (+/- 0) us 
Write latency = 0.0 (+/- 0) us 
Accept latency = 0.0 (+/- 0) us 
Batch average size = NaN (+/- 0) requests
TOMMessage ByteCount = 67455038
LCMessage ByteCount = 54
StandardSMMessage ByteCount = 6297
ConsensusMessage ByteCount = 23376323
--- Measurements after 124000 ops (1000 samples) ---
Throughput = 6666.6665 operations/sec (Maximum observed: 8064.516 ops/sec)
Total latency = 1.8286037183085E7 (+/- 0) us 
Consensus latency = 0.0 (+/- 0) us 
Pre-consensus latency = 0.0 (+/- 0) us 
Pos-consensus latency = -2.106797131417405E12 (+/- 0) us 
Propose latency = 0.0 (+/- 0) us 
Write latency = 0.0 (+/- 0) us 
Accept latency = 0.0 (+/- 0) us 
Batch average size = NaN (+/- 0) requests
TOMMessage ByteCount = 67734723
LCMessage ByteCount = 54
StandardSMMessage ByteCount = 6297
ConsensusMessage ByteCount = 23376323
--- Measurements after 125000 ops (1000 samples) ---
Throughput = 6711.409 operations/sec (Maximum observed: 8064.516 ops/sec)
Total latency = 1.8405977845874E7 (+/- 0) us 
Consensus latency = 0.0 (+/- 0) us 
Pre-consensus latency = 0.0 (+/- 0) us 
Pos-consensus latency = -2.1067969816165237E12 (+/- 0) us 
Propose latency = 0.0 (+/- 0) us 
Write latency = 0.0 (+/- 0) us 
Accept latency = 0.0 (+/- 0) us 
Batch average size = NaN (+/- 0) requests
TOMMessage ByteCount = 67948939
LCMessage ByteCount = 54
StandardSMMessage ByteCount = 6297
ConsensusMessage ByteCount = 23376323
--- Measurements after 126000 ops (1000 samples) ---
Throughput = 6666.6665 operations/sec (Maximum observed: 8064.516 ops/sec)
Total latency = 1.8528241099775E7 (+/- 0) us 
Consensus latency = 0.0 (+/- 0) us 
Pre-consensus latency = 0.0 (+/- 0) us 
Pos-consensus latency = -2.1067968325326587E12 (+/- 0) us 
Propose latency = 0.0 (+/- 0) us 
Write latency = 0.0 (+/- 0) us 
Accept latency = 0.0 (+/- 0) us 
Batch average size = NaN (+/- 0) requests
TOMMessage ByteCount = 68211744
LCMessage ByteCount = 54
StandardSMMessage ByteCount = 6297
ConsensusMessage ByteCount = 23376323
--- Measurements after 127000 ops (1000 samples) ---
Throughput = 4385.965 operations/sec (Maximum observed: 8064.516 ops/sec)
Total latency = 1.8694176996572E7 (+/- 0) us 
Consensus latency = 0.0 (+/- 0) us 
Pre-consensus latency = 0.0 (+/- 0) us 
Pos-consensus latency = -2.1067966409243108E12 (+/- 0) us 
Propose latency = 0.0 (+/- 0) us 
Write latency = 0.0 (+/- 0) us 
Accept latency = 0.0 (+/- 0) us 
Batch average size = NaN (+/- 0) requests
TOMMessage ByteCount = 68662426
LCMessage ByteCount = 54
StandardSMMessage ByteCount = 6297
ConsensusMessage ByteCount = 23376323
--- Measurements after 128000 ops (1000 samples) ---
Throughput = 4784.689 operations/sec (Maximum observed: 8064.516 ops/sec)
Total latency = 1.8882503102879003E7 (+/- 0) us 
Consensus latency = 0.0 (+/- 0) us 
Pre-consensus latency = 0.0 (+/- 0) us 
Pos-consensus latency = -2.1067964243777314E12 (+/- 0) us 
Propose latency = 0.0 (+/- 0) us 
Write latency = 0.0 (+/- 0) us 
Accept latency = 0.0 (+/- 0) us 
Batch average size = NaN (+/- 0) requests
TOMMessage ByteCount = 69031884
LCMessage ByteCount = 54
StandardSMMessage ByteCount = 6297
ConsensusMessage ByteCount = 23376323
--- Measurements after 129000 ops (1000 samples) ---
Throughput = 4761.905 operations/sec (Maximum observed: 8064.516 ops/sec)
Total latency = 1.9058194974044997E7 (+/- 0) us 
Consensus latency = 0.0 (+/- 0) us 
Pre-consensus latency = 0.0 (+/- 0) us 
Pos-consensus latency = -2.1067962148052417E12 (+/- 0) us 
Propose latency = 0.0 (+/- 0) us 
Write latency = 0.0 (+/- 0) us 
Accept latency = 0.0 (+/- 0) us 
Batch average size = NaN (+/- 0) requests
TOMMessage ByteCount = 69413040
LCMessage ByteCount = 54
StandardSMMessage ByteCount = 6297
ConsensusMessage ByteCount = 23376323
--- Measurements after 130000 ops (1000 samples) ---
Throughput = 4716.981 operations/sec (Maximum observed: 8064.516 ops/sec)
Total latency = 1.9241733305125E7 (+/- 0) us 
Consensus latency = 0.0 (+/- 0) us 
Pre-consensus latency = 0.0 (+/- 0) us 
Pos-consensus latency = -2.1067960027886785E12 (+/- 0) us 
Propose latency = 0.0 (+/- 0) us 
Write latency = 0.0 (+/- 0) us 
Accept latency = 0.0 (+/- 0) us 
Batch average size = NaN (+/- 0) requests
TOMMessage ByteCount = 69720412
LCMessage ByteCount = 54
StandardSMMessage ByteCount = 6297
ConsensusMessage ByteCount = 23376323
--- Measurements after 131000 ops (1000 samples) ---
Throughput = 3861.004 operations/sec (Maximum observed: 8064.516 ops/sec)
Total latency = 1.9434488511198003E7 (+/- 0) us 
Consensus latency = 0.0 (+/- 0) us 
Pre-consensus latency = 0.0 (+/- 0) us 
Pos-consensus latency = -2.106795786792286E12 (+/- 0) us 
Propose latency = 0.0 (+/- 0) us 
Write latency = 0.0 (+/- 0) us 
Accept latency = 0.0 (+/- 0) us 
Batch average size = NaN (+/- 0) requests
TOMMessage ByteCount = 70200024
LCMessage ByteCount = 54
StandardSMMessage ByteCount = 6297
ConsensusMessage ByteCount = 23376323
--- Measurements after 132000 ops (1000 samples) ---
Throughput = 4716.981 operations/sec (Maximum observed: 8064.516 ops/sec)
Total latency = 1.9662357029297E7 (+/- 0) us 
Consensus latency = 0.0 (+/- 0) us 
Pre-consensus latency = 0.0 (+/- 0) us 
Pos-consensus latency = -2.1067955325296353E12 (+/- 0) us 
Propose latency = 0.0 (+/- 0) us 
Write latency = 0.0 (+/- 0) us 
Accept latency = 0.0 (+/- 0) us 
Batch average size = NaN (+/- 0) requests
TOMMessage ByteCount = 70547709
LCMessage ByteCount = 54
StandardSMMessage ByteCount = 6297
ConsensusMessage ByteCount = 23376323
--- Measurements after 133000 ops (1000 samples) ---
Throughput = 4694.8354 operations/sec (Maximum observed: 8064.516 ops/sec)
Total latency = 1.9847523436673E7 (+/- 0) us 
Consensus latency = 0.0 (+/- 0) us 
Pre-consensus latency = 0.0 (+/- 0) us 
Pos-consensus latency = -2.1067953201372966E12 (+/- 0) us 
Propose latency = 0.0 (+/- 0) us 
Write latency = 0.0 (+/- 0) us 
Accept latency = 0.0 (+/- 0) us 
Batch average size = NaN (+/- 0) requests
TOMMessage ByteCount = 70927135
LCMessage ByteCount = 54
StandardSMMessage ByteCount = 6297
ConsensusMessage ByteCount = 23376323
--- Measurements after 134000 ops (1000 samples) ---
Throughput = 4694.8354 operations/sec (Maximum observed: 8064.516 ops/sec)
Total latency = 2.0032866918998E7 (+/- 0) us 
Consensus latency = 0.0 (+/- 0) us 
Pre-consensus latency = 0.0 (+/- 0) us 
Pos-consensus latency = -2.1067951069220728E12 (+/- 0) us 
Propose latency = 0.0 (+/- 0) us 
Write latency = 0.0 (+/- 0) us 
Accept latency = 0.0 (+/- 0) us 
Batch average size = NaN (+/- 0) requests
TOMMessage ByteCount = 71287653
LCMessage ByteCount = 54
StandardSMMessage ByteCount = 6297
ConsensusMessage ByteCount = 23376323
--- Measurements after 135000 ops (1000 samples) ---
Throughput = 4761.905 operations/sec (Maximum observed: 8064.516 ops/sec)
Total latency = 2.0217293499032002E7 (+/- 0) us 
Consensus latency = 0.0 (+/- 0) us 
Pre-consensus latency = 0.0 (+/- 0) us 
Pos-consensus latency = -2.1067948945598716E12 (+/- 0) us 
Propose latency = 0.0 (+/- 0) us 
Write latency = 0.0 (+/- 0) us 
Accept latency = 0.0 (+/- 0) us 
Batch average size = NaN (+/- 0) requests
TOMMessage ByteCount = 71621724
LCMessage ByteCount = 54
StandardSMMessage ByteCount = 6297
ConsensusMessage ByteCount = 23376323
--- Measurements after 136000 ops (1000 samples) ---
Throughput = 3891.0505 operations/sec (Maximum observed: 8064.516 ops/sec)
Total latency = 2.0420819294644002E7 (+/- 0) us 
Consensus latency = 0.0 (+/- 0) us 
Pre-consensus latency = 0.0 (+/- 0) us 
Pos-consensus latency = -2.1067946634755168E12 (+/- 0) us 
Propose latency = 0.0 (+/- 0) us 
Write latency = 0.0 (+/- 0) us 
Accept latency = 0.0 (+/- 0) us 
Batch average size = NaN (+/- 0) requests
TOMMessage ByteCount = 72086892
LCMessage ByteCount = 54
StandardSMMessage ByteCount = 6297
ConsensusMessage ByteCount = 23376323
--- Measurements after 137000 ops (1000 samples) ---
Throughput = 4807.6924 operations/sec (Maximum observed: 8064.516 ops/sec)
Total latency = 2.0629316139894E7 (+/- 0) us 
Consensus latency = 0.0 (+/- 0) us 
Pre-consensus latency = 0.0 (+/- 0) us 
Pos-consensus latency = -2.1067944274416318E12 (+/- 0) us 
Propose latency = 0.0 (+/- 0) us 
Write latency = 0.0 (+/- 0) us 
Accept latency = 0.0 (+/- 0) us 
Batch average size = NaN (+/- 0) requests
TOMMessage ByteCount = 72386095
LCMessage ByteCount = 54
StandardSMMessage ByteCount = 6297
ConsensusMessage ByteCount = 23376323
--- Measurements after 138000 ops (1000 samples) ---
Throughput = 4761.905 operations/sec (Maximum observed: 8064.516 ops/sec)
Total latency = 2.0810780627998002E7 (+/- 0) us 
Consensus latency = 0.0 (+/- 0) us 
Pre-consensus latency = 0.0 (+/- 0) us 
Pos-consensus latency = -2.1067942181257854E12 (+/- 0) us 
Propose latency = 0.0 (+/- 0) us 
Write latency = 0.0 (+/- 0) us 
Accept latency = 0.0 (+/- 0) us 
Batch average size = NaN (+/- 0) requests
TOMMessage ByteCount = 72518253
LCMessage ByteCount = 54
StandardSMMessage ByteCount = 6297
ConsensusMessage ByteCount = 23376323
--- Measurements after 139000 ops (1000 samples) ---
Throughput = 4784.689 operations/sec (Maximum observed: 8064.516 ops/sec)
Total latency = 2.0987686545677E7 (+/- 0) us 
Consensus latency = 0.0 (+/- 0) us 
Pre-consensus latency = 0.0 (+/- 0) us 
Pos-consensus latency = -2.1067940089103105E12 (+/- 0) us 
Propose latency = 0.0 (+/- 0) us 
Write latency = 0.0 (+/- 0) us 
Accept latency = 0.0 (+/- 0) us 
Batch average size = NaN (+/- 0) requests
TOMMessage ByteCount = 72533044
LCMessage ByteCount = 54
StandardSMMessage ByteCount = 6297
ConsensusMessage ByteCount = 23376323
--- Measurements after 140000 ops (1000 samples) ---
Throughput = 4784.689 operations/sec (Maximum observed: 8064.516 ops/sec)
Total latency = 2.116862165449E7 (+/- 0) us 
Consensus latency = 0.0 (+/- 0) us 
Pre-consensus latency = 0.0 (+/- 0) us 
Pos-consensus latency = -2.1067937999605115E12 (+/- 0) us 
Propose latency = 0.0 (+/- 0) us 
Write latency = 0.0 (+/- 0) us 
Accept latency = 0.0 (+/- 0) us 
Batch average size = NaN (+/- 0) requests
TOMMessage ByteCount = 72541496
LCMessage ByteCount = 54
StandardSMMessage ByteCount = 6297
ConsensusMessage ByteCount = 23376323
--- Measurements after 141000 ops (1000 samples) ---
Throughput = 4065.0408 operations/sec (Maximum observed: 8064.516 ops/sec)
Total latency = 2.1381337521821998E7 (+/- 0) us 
Consensus latency = 0.0 (+/- 0) us 
Pre-consensus latency = 0.0 (+/- 0) us 
Pos-consensus latency = -2.1067935637681707E12 (+/- 0) us 
Propose latency = 0.0 (+/- 0) us 
Write latency = 0.0 (+/- 0) us 
Accept latency = 0.0 (+/- 0) us 
Batch average size = NaN (+/- 0) requests
TOMMessage ByteCount = 72552065
LCMessage ByteCount = 54
StandardSMMessage ByteCount = 6297
ConsensusMessage ByteCount = 23376323
--- Measurements after 142000 ops (1000 samples) ---
Throughput = 4784.689 operations/sec (Maximum observed: 8064.516 ops/sec)
Total latency = 2.1572102746037997E7 (+/- 0) us 
Consensus latency = 0.0 (+/- 0) us 
Pre-consensus latency = 0.0 (+/- 0) us 
Pos-consensus latency = -2.106793345264697E12 (+/- 0) us 
Propose latency = 0.0 (+/- 0) us 
Write latency = 0.0 (+/- 0) us 
Accept latency = 0.0 (+/- 0) us 
Batch average size = NaN (+/- 0) requests
TOMMessage ByteCount = 72559464
LCMessage ByteCount = 54
StandardSMMessage ByteCount = 6297
ConsensusMessage ByteCount = 23376323
--- Measurements after 143000 ops (1000 samples) ---
Throughput = 4807.6924 operations/sec (Maximum observed: 8064.516 ops/sec)
Total latency = 2.1753278671209E7 (+/- 0) us 
Consensus latency = 0.0 (+/- 0) us 
Pre-consensus latency = 0.0 (+/- 0) us 
Pos-consensus latency = -2.1067931366172244E12 (+/- 0) us 
Propose latency = 0.0 (+/- 0) us 
Write latency = 0.0 (+/- 0) us 
Accept latency = 0.0 (+/- 0) us 
Batch average size = NaN (+/- 0) requests
TOMMessage ByteCount = 72566844
LCMessage ByteCount = 54
StandardSMMessage ByteCount = 6297
ConsensusMessage ByteCount = 23376323
--- Measurements after 144000 ops (1000 samples) ---
Throughput = 4807.6924 operations/sec (Maximum observed: 8064.516 ops/sec)
Total latency = 2.193338166164E7 (+/- 0) us 
Consensus latency = 0.0 (+/- 0) us 
Pre-consensus latency = 0.0 (+/- 0) us 
Pos-consensus latency = -2.1067929283670925E12 (+/- 0) us 
Propose latency = 0.0 (+/- 0) us 
Write latency = 0.0 (+/- 0) us 
Accept latency = 0.0 (+/- 0) us 
Batch average size = NaN (+/- 0) requests
TOMMessage ByteCount = 72573176
LCMessage ByteCount = 54
StandardSMMessage ByteCount = 6297
ConsensusMessage ByteCount = 23376323
--- Measurements after 145000 ops (1000 samples) ---
Throughput = 4807.6924 operations/sec (Maximum observed: 8064.516 ops/sec)
Total latency = 2.2113586627416E7 (+/- 0) us 
Consensus latency = 0.0 (+/- 0) us 
Pre-consensus latency = 0.0 (+/- 0) us 
Pos-consensus latency = -2.1067927199668755E12 (+/- 0) us 
Propose latency = 0.0 (+/- 0) us 
Write latency = 0.0 (+/- 0) us 
Accept latency = 0.0 (+/- 0) us 
Batch average size = NaN (+/- 0) requests
TOMMessage ByteCount = 72590073
LCMessage ByteCount = 54
StandardSMMessage ByteCount = 6297
ConsensusMessage ByteCount = 23376323
--- Measurements after 146000 ops (1000 samples) ---
Throughput = 5347.5938 operations/sec (Maximum observed: 8064.516 ops/sec)
Total latency = 2.2301805389035E7 (+/- 0) us 
Consensus latency = 0.0 (+/- 0) us 
Pre-consensus latency = 0.0 (+/- 0) us 
Pos-consensus latency = -2.1067925039507688E12 (+/- 0) us 
Propose latency = 0.0 (+/- 0) us 
Write latency = 0.0 (+/- 0) us 
Accept latency = 0.0 (+/- 0) us 
Batch average size = NaN (+/- 0) requests
TOMMessage ByteCount = 72603782
LCMessage ByteCount = 54
StandardSMMessage ByteCount = 6297
ConsensusMessage ByteCount = 23376323
--- Measurements after 147000 ops (1000 samples) ---
Throughput = 6622.5166 operations/sec (Maximum observed: 8064.516 ops/sec)
Total latency = 2.2424212052053E7 (+/- 0) us 
Consensus latency = 0.0 (+/- 0) us 
Pre-consensus latency = 0.0 (+/- 0) us 
Pos-consensus latency = -2.1067923531560454E12 (+/- 0) us 
Propose latency = 0.0 (+/- 0) us 
Write latency = 0.0 (+/- 0) us 
Accept latency = 0.0 (+/- 0) us 
Batch average size = NaN (+/- 0) requests
TOMMessage ByteCount = 72610114
LCMessage ByteCount = 54
StandardSMMessage ByteCount = 6297
ConsensusMessage ByteCount = 23376323
--- Measurements after 148000 ops (1000 samples) ---
Throughput = 6666.6665 operations/sec (Maximum observed: 8064.516 ops/sec)
Total latency = 2.2548121101103E7 (+/- 0) us 
Consensus latency = 0.0 (+/- 0) us 
Pre-consensus latency = 0.0 (+/- 0) us 
Pos-consensus latency = -2.1067922024464536E12 (+/- 0) us 
Propose latency = 0.0 (+/- 0) us 
Write latency = 0.0 (+/- 0) us 
Accept latency = 0.0 (+/- 0) us 
Batch average size = NaN (+/- 0) requests
TOMMessage ByteCount = 72619614
LCMessage ByteCount = 54
StandardSMMessage ByteCount = 6297
ConsensusMessage ByteCount = 23376323
--- Measurements after 149000 ops (1000 samples) ---
Throughput = 6622.5166 operations/sec (Maximum observed: 8064.516 ops/sec)
Total latency = 2.266777081798E7 (+/- 0) us 
Consensus latency = 0.0 (+/- 0) us 
Pre-consensus latency = 0.0 (+/- 0) us 
Pos-consensus latency = -2.1067920518733923E12 (+/- 0) us 
Propose latency = 0.0 (+/- 0) us 
Write latency = 0.0 (+/- 0) us 
Accept latency = 0.0 (+/- 0) us 
Batch average size = NaN (+/- 0) requests
TOMMessage ByteCount = 72628068
LCMessage ByteCount = 54
StandardSMMessage ByteCount = 6297
ConsensusMessage ByteCount = 23376323
--- Measurements after 150000 ops (1000 samples) ---
Throughput = 5882.353 operations/sec (Maximum observed: 8064.516 ops/sec)
Total latency = 2.2791902565479E7 (+/- 0) us 
Consensus latency = 0.0 (+/- 0) us 
Pre-consensus latency = 0.0 (+/- 0) us 
Pos-consensus latency = -2.1067918964248967E12 (+/- 0) us 
Propose latency = 0.0 (+/- 0) us 
Write latency = 0.0 (+/- 0) us 
Accept latency = 0.0 (+/- 0) us 
Batch average size = NaN (+/- 0) requests
TOMMessage ByteCount = 72642845
LCMessage ByteCount = 54
StandardSMMessage ByteCount = 6297
ConsensusMessage ByteCount = 23376323
--- Measurements after 151000 ops (1000 samples) ---
Throughput = 6622.5166 operations/sec (Maximum observed: 8064.516 ops/sec)
Total latency = 2.2935882522585E7 (+/- 0) us 
Consensus latency = 0.0 (+/- 0) us 
Pre-consensus latency = 0.0 (+/- 0) us 
Pos-consensus latency = -2.1067917310838135E12 (+/- 0) us 
Propose latency = 0.0 (+/- 0) us 
Write latency = 0.0 (+/- 0) us 
Accept latency = 0.0 (+/- 0) us 
Batch average size = NaN (+/- 0) requests
TOMMessage ByteCount = 72642845
LCMessage ByteCount = 54
StandardSMMessage ByteCount = 6297
ConsensusMessage ByteCount = 23376323
--- Measurements after 152000 ops (1000 samples) ---
Throughput = 6622.5166 operations/sec (Maximum observed: 8064.516 ops/sec)
Total latency = 2.3060517284175E7 (+/- 0) us 
Consensus latency = 0.0 (+/- 0) us 
Pre-consensus latency = 0.0 (+/- 0) us 
Pos-consensus latency = -2.1067915802933315E12 (+/- 0) us 
Propose latency = 0.0 (+/- 0) us 
Write latency = 0.0 (+/- 0) us 
Accept latency = 0.0 (+/- 0) us 
Batch average size = NaN (+/- 0) requests
TOMMessage ByteCount = 72651296
LCMessage ByteCount = 54
StandardSMMessage ByteCount = 6297
ConsensusMessage ByteCount = 23376323
--- Measurements after 153000 ops (1000 samples) ---
Throughput = 6666.6665 operations/sec (Maximum observed: 8064.516 ops/sec)
Total latency = 2.3182697467806E7 (+/- 0) us 
Consensus latency = 0.0 (+/- 0) us 
Pre-consensus latency = 0.0 (+/- 0) us 
Pos-consensus latency = -2.1067914295721272E12 (+/- 0) us 
Propose latency = 0.0 (+/- 0) us 
Write latency = 0.0 (+/- 0) us 
Accept latency = 0.0 (+/- 0) us 
Batch average size = NaN (+/- 0) requests
TOMMessage ByteCount = 72658687
LCMessage ByteCount = 54
StandardSMMessage ByteCount = 6297
ConsensusMessage ByteCount = 23376323
--- Measurements after 154000 ops (1000 samples) ---
Throughput = 6622.5166 operations/sec (Maximum observed: 8064.516 ops/sec)
Total latency = 2.3305240751583E7 (+/- 0) us 
Consensus latency = 0.0 (+/- 0) us 
Pre-consensus latency = 0.0 (+/- 0) us 
Pos-consensus latency = -2.106791279006001E12 (+/- 0) us 
Propose latency = 0.0 (+/- 0) us 
Write latency = 0.0 (+/- 0) us 
Accept latency = 0.0 (+/- 0) us 
Batch average size = NaN (+/- 0) requests
TOMMessage ByteCount = 72665020
LCMessage ByteCount = 54
StandardSMMessage ByteCount = 6297
ConsensusMessage ByteCount = 23376323
--- Measurements after 155000 ops (1000 samples) ---
Throughput = 5882.353 operations/sec (Maximum observed: 8064.516 ops/sec)
Total latency = 2.343658855929E7 (+/- 0) us 
Consensus latency = 0.0 (+/- 0) us 
Pre-consensus latency = 0.0 (+/- 0) us 
Pos-consensus latency = -2.1067911187149841E12 (+/- 0) us 
Propose latency = 0.0 (+/- 0) us 
Write latency = 0.0 (+/- 0) us 
Accept latency = 0.0 (+/- 0) us 
Batch average size = NaN (+/- 0) requests
TOMMessage ByteCount = 72675582
LCMessage ByteCount = 54
StandardSMMessage ByteCount = 6297
ConsensusMessage ByteCount = 23376323
--- Measurements after 156000 ops (1000 samples) ---
Throughput = 6666.6665 operations/sec (Maximum observed: 8064.516 ops/sec)
Total latency = 2.3569384377028998E7 (+/- 0) us 
Consensus latency = 0.0 (+/- 0) us 
Pre-consensus latency = 0.0 (+/- 0) us 
Pos-consensus latency = -2.1067909584461765E12 (+/- 0) us 
Propose latency = 0.0 (+/- 0) us 
Write latency = 0.0 (+/- 0) us 
Accept latency = 0.0 (+/- 0) us 
Batch average size = NaN (+/- 0) requests
TOMMessage ByteCount = 72682974
LCMessage ByteCount = 54
StandardSMMessage ByteCount = 6297
ConsensusMessage ByteCount = 23376323
--- Measurements after 157000 ops (1000 samples) ---
Throughput = 6622.5166 operations/sec (Maximum observed: 8064.516 ops/sec)
Total latency = 2.3692457166711E7 (+/- 0) us 
Consensus latency = 0.0 (+/- 0) us 
Pre-consensus latency = 0.0 (+/- 0) us 
Pos-consensus latency = -2.1067908077642083E12 (+/- 0) us 
Propose latency = 0.0 (+/- 0) us 
Write latency = 0.0 (+/- 0) us 
Accept latency = 0.0 (+/- 0) us 
Batch average size = NaN (+/- 0) requests
TOMMessage ByteCount = 72688256
LCMessage ByteCount = 54
StandardSMMessage ByteCount = 6297
ConsensusMessage ByteCount = 23376323
--- Measurements after 158000 ops (1000 samples) ---
Throughput = 6622.5166 operations/sec (Maximum observed: 8064.516 ops/sec)
Total latency = 2.381449421852E7 (+/- 0) us 
Consensus latency = 0.0 (+/- 0) us 
Pre-consensus latency = 0.0 (+/- 0) us 
Pos-consensus latency = -2.1067906571555723E12 (+/- 0) us 
Propose latency = 0.0 (+/- 0) us 
Write latency = 0.0 (+/- 0) us 
Accept latency = 0.0 (+/- 0) us 
Batch average size = NaN (+/- 0) requests
TOMMessage ByteCount = 72691427
LCMessage ByteCount = 54
StandardSMMessage ByteCount = 6297
ConsensusMessage ByteCount = 23376323
--- Measurements after 159000 ops (1000 samples) ---
Throughput = 6666.6665 operations/sec (Maximum observed: 8064.516 ops/sec)
Total latency = 2.3937575216297E7 (+/- 0) us 
Consensus latency = 0.0 (+/- 0) us 
Pre-consensus latency = 0.0 (+/- 0) us 
Pos-consensus latency = -2.1067905065466438E12 (+/- 0) us 
Propose latency = 0.0 (+/- 0) us 
Write latency = 0.0 (+/- 0) us 
Accept latency = 0.0 (+/- 0) us 
Batch average size = NaN (+/- 0) requests
TOMMessage ByteCount = 72696692
LCMessage ByteCount = 54
StandardSMMessage ByteCount = 6297
ConsensusMessage ByteCount = 23376323
--- Measurements after 160000 ops (1000 samples) ---
Throughput = 5882.353 operations/sec (Maximum observed: 8064.516 ops/sec)
Total latency = 2.4062960408285E7 (+/- 0) us 
Consensus latency = 0.0 (+/- 0) us 
Pre-consensus latency = 0.0 (+/- 0) us 
Pos-consensus latency = -2.1067903416941536E12 (+/- 0) us 
Propose latency = 0.0 (+/- 0) us 
Write latency = 0.0 (+/- 0) us 
Accept latency = 0.0 (+/- 0) us 
Batch average size = NaN (+/- 0) requests
TOMMessage ByteCount = 72700909
LCMessage ByteCount = 54
StandardSMMessage ByteCount = 6297
ConsensusMessage ByteCount = 23376323
--- Measurements after 161000 ops (1000 samples) ---
Throughput = 6666.6665 operations/sec (Maximum observed: 8064.516 ops/sec)
Total latency = 2.4193297665865E7 (+/- 0) us 
Consensus latency = 0.0 (+/- 0) us 
Pre-consensus latency = 0.0 (+/- 0) us 
Pos-consensus latency = -2.106790186340798E12 (+/- 0) us 
Propose latency = 0.0 (+/- 0) us 
Write latency = 0.0 (+/- 0) us 
Accept latency = 0.0 (+/- 0) us 
Batch average size = NaN (+/- 0) requests
TOMMessage ByteCount = 72706182
LCMessage ByteCount = 54
StandardSMMessage ByteCount = 6297
ConsensusMessage ByteCount = 23376323
--- Measurements after 162000 ops (1000 samples) ---
Throughput = 6622.5166 operations/sec (Maximum observed: 8064.516 ops/sec)
Total latency = 2.4323114862368E7 (+/- 0) us 
Consensus latency = 0.0 (+/- 0) us 
Pre-consensus latency = 0.0 (+/- 0) us 
Pos-consensus latency = -2.1067900358511992E12 (+/- 0) us 
Propose latency = 0.0 (+/- 0) us 
Write latency = 0.0 (+/- 0) us 
Accept latency = 0.0 (+/- 0) us 
Batch average size = NaN (+/- 0) requests
TOMMessage ByteCount = 72714610
LCMessage ByteCount = 54
StandardSMMessage ByteCount = 6297
ConsensusMessage ByteCount = 23376323
--- Measurements after 163000 ops (1000 samples) ---
Throughput = 6622.5166 operations/sec (Maximum observed: 8064.516 ops/sec)
Total latency = 2.4446854295194E7 (+/- 0) us 
Consensus latency = 0.0 (+/- 0) us 
Pre-consensus latency = 0.0 (+/- 0) us 
Pos-consensus latency = -2.1067898851188796E12 (+/- 0) us 
Propose latency = 0.0 (+/- 0) us 
Write latency = 0.0 (+/- 0) us 
Accept latency = 0.0 (+/- 0) us 
Batch average size = NaN (+/- 0) requests
TOMMessage ByteCount = 72724106
LCMessage ByteCount = 54
StandardSMMessage ByteCount = 6297
ConsensusMessage ByteCount = 23376323
--- Measurements after 164000 ops (1000 samples) ---
Throughput = 6622.5166 operations/sec (Maximum observed: 8064.516 ops/sec)
Total latency = 2.4570081825609002E7 (+/- 0) us 
Consensus latency = 0.0 (+/- 0) us 
Pre-consensus latency = 0.0 (+/- 0) us 
Pos-consensus latency = -2.1067897335965322E12 (+/- 0) us 
Propose latency = 0.0 (+/- 0) us 
Write latency = 0.0 (+/- 0) us 
Accept latency = 0.0 (+/- 0) us 
Batch average size = NaN (+/- 0) requests
TOMMessage ByteCount = 72726222
LCMessage ByteCount = 54
StandardSMMessage ByteCount = 6297
ConsensusMessage ByteCount = 23376323
--- Measurements after 165000 ops (1000 samples) ---
Throughput = 5882.353 operations/sec (Maximum observed: 8064.516 ops/sec)
Total latency = 2.4711948736708E7 (+/- 0) us 
Consensus latency = 0.0 (+/- 0) us 
Pre-consensus latency = 0.0 (+/- 0) us 
Pos-consensus latency = -2.1067895636761042E12 (+/- 0) us 
Propose latency = 0.0 (+/- 0) us 
Write latency = 0.0 (+/- 0) us 
Accept latency = 0.0 (+/- 0) us 
Batch average size = NaN (+/- 0) requests
TOMMessage ByteCount = 72734670
LCMessage ByteCount = 54
StandardSMMessage ByteCount = 6297
ConsensusMessage ByteCount = 23376323
--- Measurements after 166000 ops (1000 samples) ---
Throughput = 6666.6665 operations/sec (Maximum observed: 8064.516 ops/sec)
Total latency = 2.4834479876463E7 (+/- 0) us 
Consensus latency = 0.0 (+/- 0) us 
Pre-consensus latency = 0.0 (+/- 0) us 
Pos-consensus latency = -2.1067894132352104E12 (+/- 0) us 
Propose latency = 0.0 (+/- 0) us 
Write latency = 0.0 (+/- 0) us 
Accept latency = 0.0 (+/- 0) us 
Batch average size = NaN (+/- 0) requests
TOMMessage ByteCount = 72742066
LCMessage ByteCount = 54
StandardSMMessage ByteCount = 6297
ConsensusMessage ByteCount = 23376323
--- Measurements after 167000 ops (1000 samples) ---
Throughput = 6711.409 operations/sec (Maximum observed: 8064.516 ops/sec)
Total latency = 2.4956348710486E7 (+/- 0) us 
Consensus latency = 0.0 (+/- 0) us 
Pre-consensus latency = 0.0 (+/- 0) us 
Pos-consensus latency = -2.106789263046949E12 (+/- 0) us 
Propose latency = 0.0 (+/- 0) us 
Write latency = 0.0 (+/- 0) us 
Accept latency = 0.0 (+/- 0) us 
Batch average size = NaN (+/- 0) requests
TOMMessage ByteCount = 72744172
LCMessage ByteCount = 54
StandardSMMessage ByteCount = 6297
ConsensusMessage ByteCount = 23376323
--- Measurements after 168000 ops (1000 samples) ---
Throughput = 6666.6665 operations/sec (Maximum observed: 8064.516 ops/sec)
Total latency = 2.5079548819684E7 (+/- 0) us 
Consensus latency = 0.0 (+/- 0) us 
Pre-consensus latency = 0.0 (+/- 0) us 
Pos-consensus latency = -2.106789112728591E12 (+/- 0) us 
Propose latency = 0.0 (+/- 0) us 
Write latency = 0.0 (+/- 0) us 
Accept latency = 0.0 (+/- 0) us 
Batch average size = NaN (+/- 0) requests
TOMMessage ByteCount = 72749446
LCMessage ByteCount = 54
StandardSMMessage ByteCount = 6297
ConsensusMessage ByteCount = 23376323
--- Measurements after 169000 ops (1000 samples) ---
Throughput = 5847.953 operations/sec (Maximum observed: 8064.516 ops/sec)
Total latency = 2.5204927235972E7 (+/- 0) us 
Consensus latency = 0.0 (+/- 0) us 
Pre-consensus latency = 0.0 (+/- 0) us 
Pos-consensus latency = -2.106788958657185E12 (+/- 0) us 
Propose latency = 0.0 (+/- 0) us 
Write latency = 0.0 (+/- 0) us 
Accept latency = 0.0 (+/- 0) us 
Batch average size = NaN (+/- 0) requests
TOMMessage ByteCount = 72758941
LCMessage ByteCount = 54
StandardSMMessage ByteCount = 6297
ConsensusMessage ByteCount = 23376323
--- Measurements after 170000 ops (1000 samples) ---
Throughput = 6666.6665 operations/sec (Maximum observed: 8064.516 ops/sec)
Total latency = 2.5336607264957E7 (+/- 0) us 
Consensus latency = 0.0 (+/- 0) us 
Pre-consensus latency = 0.0 (+/- 0) us 
Pos-consensus latency = -2.1067887917747883E12 (+/- 0) us 
Propose latency = 0.0 (+/- 0) us 
Write latency = 0.0 (+/- 0) us 
Accept latency = 0.0 (+/- 0) us 
Batch average size = NaN (+/- 0) requests
TOMMessage ByteCount = 72763157
LCMessage ByteCount = 54
StandardSMMessage ByteCount = 6297
ConsensusMessage ByteCount = 23376323
--- Measurements after 171000 ops (1000 samples) ---
Throughput = 6666.6665 operations/sec (Maximum observed: 8064.516 ops/sec)
Total latency = 2.5462024710412E7 (+/- 0) us 
Consensus latency = 0.0 (+/- 0) us 
Pre-consensus latency = 0.0 (+/- 0) us 
Pos-consensus latency = -2.1067886416491716E12 (+/- 0) us 
Propose latency = 0.0 (+/- 0) us 
Write latency = 0.0 (+/- 0) us 
Accept latency = 0.0 (+/- 0) us 
Batch average size = NaN (+/- 0) requests
TOMMessage ByteCount = 72770537
LCMessage ByteCount = 54
StandardSMMessage ByteCount = 6297
ConsensusMessage ByteCount = 23376323
--- Measurements after 172000 ops (1000 samples) ---
Throughput = 6666.6665 operations/sec (Maximum observed: 8064.516 ops/sec)
Total latency = 2.5589461679936E7 (+/- 0) us 
Consensus latency = 0.0 (+/- 0) us 
Pre-consensus latency = 0.0 (+/- 0) us 
Pos-consensus latency = -2.106788491399389E12 (+/- 0) us 
Propose latency = 0.0 (+/- 0) us 
Write latency = 0.0 (+/- 0) us 
Accept latency = 0.0 (+/- 0) us 
Batch average size = NaN (+/- 0) requests
TOMMessage ByteCount = 72778975
LCMessage ByteCount = 54
StandardSMMessage ByteCount = 6297
ConsensusMessage ByteCount = 23376323
--- Measurements after 173000 ops (1000 samples) ---
Throughput = 6622.5166 operations/sec (Maximum observed: 8064.516 ops/sec)
Total latency = 2.5712957306645002E7 (+/- 0) us 
Consensus latency = 0.0 (+/- 0) us 
Pre-consensus latency = 0.0 (+/- 0) us 
Pos-consensus latency = -2.106788340318715E12 (+/- 0) us 
Propose latency = 0.0 (+/- 0) us 
Write latency = 0.0 (+/- 0) us 
Accept latency = 0.0 (+/- 0) us 
Batch average size = NaN (+/- 0) requests
TOMMessage ByteCount = 72785315
LCMessage ByteCount = 54
StandardSMMessage ByteCount = 6297
ConsensusMessage ByteCount = 23376323
--- Measurements after 174000 ops (1000 samples) ---
Throughput = 5847.953 operations/sec (Maximum observed: 8064.516 ops/sec)
Total latency = 2.5843827453671E7 (+/- 0) us 
Consensus latency = 0.0 (+/- 0) us 
Pre-consensus latency = 0.0 (+/- 0) us 
Pos-consensus latency = -2.1067881812489673E12 (+/- 0) us 
Propose latency = 0.0 (+/- 0) us 
Write latency = 0.0 (+/- 0) us 
Accept latency = 0.0 (+/- 0) us 
Batch average size = NaN (+/- 0) requests
TOMMessage ByteCount = 72788479
LCMessage ByteCount = 54
StandardSMMessage ByteCount = 6297
ConsensusMessage ByteCount = 23376323
--- Measurements after 175000 ops (1000 samples) ---
Throughput = 6622.5166 operations/sec (Maximum observed: 8064.516 ops/sec)
Total latency = 2.5978354834762E7 (+/- 0) us 
Consensus latency = 0.0 (+/- 0) us 
Pre-consensus latency = 0.0 (+/- 0) us 
Pos-consensus latency = -2.106788017680312E12 (+/- 0) us 
Propose latency = 0.0 (+/- 0) us 
Write latency = 0.0 (+/- 0) us 
Accept latency = 0.0 (+/- 0) us 
Batch average size = NaN (+/- 0) requests
TOMMessage ByteCount = 72799034
LCMessage ByteCount = 54
StandardSMMessage ByteCount = 6297
ConsensusMessage ByteCount = 23376323
--- Measurements after 176000 ops (1000 samples) ---
Throughput = 6622.5166 operations/sec (Maximum observed: 8064.516 ops/sec)
Total latency = 2.6102365449431E7 (+/- 0) us 
Consensus latency = 0.0 (+/- 0) us 
Pre-consensus latency = 0.0 (+/- 0) us 
Pos-consensus latency = -2.1067878664584092E12 (+/- 0) us 
Propose latency = 0.0 (+/- 0) us 
Write latency = 0.0 (+/- 0) us 
Accept latency = 0.0 (+/- 0) us 
Batch average size = NaN (+/- 0) requests
TOMMessage ByteCount = 72806410
LCMessage ByteCount = 54
StandardSMMessage ByteCount = 6297
ConsensusMessage ByteCount = 23376323
--- Measurements after 177000 ops (1000 samples) ---
Throughput = 6622.5166 operations/sec (Maximum observed: 8064.516 ops/sec)
Total latency = 2.6224756636613E7 (+/- 0) us 
Consensus latency = 0.0 (+/- 0) us 
Pre-consensus latency = 0.0 (+/- 0) us 
Pos-consensus latency = -2.1067877155445723E12 (+/- 0) us 
Propose latency = 0.0 (+/- 0) us 
Write latency = 0.0 (+/- 0) us 
Accept latency = 0.0 (+/- 0) us 
Batch average size = NaN (+/- 0) requests
TOMMessage ByteCount = 72814863
LCMessage ByteCount = 54
StandardSMMessage ByteCount = 6297
ConsensusMessage ByteCount = 23376323
--- Measurements after 178000 ops (1000 samples) ---
Throughput = 6622.5166 operations/sec (Maximum observed: 8064.516 ops/sec)
Total latency = 2.6346692396143E7 (+/- 0) us 
Consensus latency = 0.0 (+/- 0) us 
Pre-consensus latency = 0.0 (+/- 0) us 
Pos-consensus latency = -2.1067875649958296E12 (+/- 0) us 
Propose latency = 0.0 (+/- 0) us 
Write latency = 0.0 (+/- 0) us 
Accept latency = 0.0 (+/- 0) us 
Batch average size = NaN (+/- 0) requests
TOMMessage ByteCount = 72824349
LCMessage ByteCount = 54
StandardSMMessage ByteCount = 6297
ConsensusMessage ByteCount = 23376323
--- Measurements after 179000 ops (1000 samples) ---
Throughput = 5847.953 operations/sec (Maximum observed: 8064.516 ops/sec)
Total latency = 2.648032099041E7 (+/- 0) us 
Consensus latency = 0.0 (+/- 0) us 
Pre-consensus latency = 0.0 (+/- 0) us 
Pos-consensus latency = -2.1067874024052375E12 (+/- 0) us 
Propose latency = 0.0 (+/- 0) us 
Write latency = 0.0 (+/- 0) us 
Accept latency = 0.0 (+/- 0) us 
Batch average size = NaN (+/- 0) requests
TOMMessage ByteCount = 72834899
LCMessage ByteCount = 54
StandardSMMessage ByteCount = 6297
ConsensusMessage ByteCount = 23376323
--- Measurements after 180000 ops (1000 samples) ---
Throughput = 6666.6665 operations/sec (Maximum observed: 8064.516 ops/sec)
Total latency = 2.6610608045769002E7 (+/- 0) us 
Consensus latency = 0.0 (+/- 0) us 
Pre-consensus latency = 0.0 (+/- 0) us 
Pos-consensus latency = -2.1067872435177966E12 (+/- 0) us 
Propose latency = 0.0 (+/- 0) us 
Write latency = 0.0 (+/- 0) us 
Accept latency = 0.0 (+/- 0) us 
Batch average size = NaN (+/- 0) requests
TOMMessage ByteCount = 72847553
LCMessage ByteCount = 54
StandardSMMessage ByteCount = 6297
ConsensusMessage ByteCount = 23376323
--- Measurements after 181000 ops (1000 samples) ---
Throughput = 6666.6665 operations/sec (Maximum observed: 8064.516 ops/sec)
Total latency = 2.6732183898845002E7 (+/- 0) us 
Consensus latency = 0.0 (+/- 0) us 
Pre-consensus latency = 0.0 (+/- 0) us 
Pos-consensus latency = -2.10678709362258E12 (+/- 0) us 
Propose latency = 0.0 (+/- 0) us 
Write latency = 0.0 (+/- 0) us 
Accept latency = 0.0 (+/- 0) us 
Batch average size = NaN (+/- 0) requests
TOMMessage ByteCount = 72854943
LCMessage ByteCount = 54
StandardSMMessage ByteCount = 6297
ConsensusMessage ByteCount = 23376323
--- Measurements after 182000 ops (1000 samples) ---
Throughput = 6622.5166 operations/sec (Maximum observed: 8064.516 ops/sec)
Total latency = 2.6858537895314E7 (+/- 0) us 
Consensus latency = 0.0 (+/- 0) us 
Pre-consensus latency = 0.0 (+/- 0) us 
Pos-consensus latency = -2.1067869430713792E12 (+/- 0) us 
Propose latency = 0.0 (+/- 0) us 
Write latency = 0.0 (+/- 0) us 
Accept latency = 0.0 (+/- 0) us 
Batch average size = NaN (+/- 0) requests
TOMMessage ByteCount = 72864437
LCMessage ByteCount = 54
StandardSMMessage ByteCount = 6297
ConsensusMessage ByteCount = 23376323
--- Measurements after 183000 ops (1000 samples) ---
Throughput = 6622.5166 operations/sec (Maximum observed: 8064.516 ops/sec)
Total latency = 2.6982272585919E7 (+/- 0) us 
Consensus latency = 0.0 (+/- 0) us 
Pre-consensus latency = 0.0 (+/- 0) us 
Pos-consensus latency = -2.1067867918879277E12 (+/- 0) us 
Propose latency = 0.0 (+/- 0) us 
Write latency = 0.0 (+/- 0) us 
Accept latency = 0.0 (+/- 0) us 
Batch average size = NaN (+/- 0) requests
TOMMessage ByteCount = 72866548
LCMessage ByteCount = 54
StandardSMMessage ByteCount = 6297
ConsensusMessage ByteCount = 23376323
--- Measurements after 184000 ops (1000 samples) ---
Throughput = 5813.9536 operations/sec (Maximum observed: 8064.516 ops/sec)
Total latency = 2.7120877498925E7 (+/- 0) us 
Consensus latency = 0.0 (+/- 0) us 
Pre-consensus latency = 0.0 (+/- 0) us 
Pos-consensus latency = -2.106786624928548E12 (+/- 0) us 
Propose latency = 0.0 (+/- 0) us 
Write latency = 0.0 (+/- 0) us 
Accept latency = 0.0 (+/- 0) us 
Batch average size = NaN (+/- 0) requests
TOMMessage ByteCount = 72881338
LCMessage ByteCount = 54
StandardSMMessage ByteCount = 6297
ConsensusMessage ByteCount = 23376323
--- Measurements after 185000 ops (1000 samples) ---
Throughput = 6666.6665 operations/sec (Maximum observed: 8064.516 ops/sec)
Total latency = 2.7248386718241002E7 (+/- 0) us 
Consensus latency = 0.0 (+/- 0) us 
Pre-consensus latency = 0.0 (+/- 0) us 
Pos-consensus latency = -2.1067864694320022E12 (+/- 0) us 
Propose latency = 0.0 (+/- 0) us 
Write latency = 0.0 (+/- 0) us 
Accept latency = 0.0 (+/- 0) us 
Batch average size = NaN (+/- 0) requests
TOMMessage ByteCount = 72897181
LCMessage ByteCount = 54
StandardSMMessage ByteCount = 6297
ConsensusMessage ByteCount = 23376323
--- Measurements after 186000 ops (1000 samples) ---
Throughput = 6666.6665 operations/sec (Maximum observed: 8064.516 ops/sec)
Total latency = 2.7371084259891E7 (+/- 0) us 
Consensus latency = 0.0 (+/- 0) us 
Pre-consensus latency = 0.0 (+/- 0) us 
Pos-consensus latency = -2.1067863193585513E12 (+/- 0) us 
Propose latency = 0.0 (+/- 0) us 
Write latency = 0.0 (+/- 0) us 
Accept latency = 0.0 (+/- 0) us 
Batch average size = NaN (+/- 0) requests
TOMMessage ByteCount = 72918295
LCMessage ByteCount = 54
StandardSMMessage ByteCount = 6297
ConsensusMessage ByteCount = 23376323
--- Measurements after 187000 ops (1000 samples) ---
Throughput = 6666.6665 operations/sec (Maximum observed: 8064.516 ops/sec)
Total latency = 2.749362118213E7 (+/- 0) us 
Consensus latency = 0.0 (+/- 0) us 
Pre-consensus latency = 0.0 (+/- 0) us 
Pos-consensus latency = -2.1067861689846267E12 (+/- 0) us 
Propose latency = 0.0 (+/- 0) us 
Write latency = 0.0 (+/- 0) us 
Accept latency = 0.0 (+/- 0) us 
Batch average size = NaN (+/- 0) requests
TOMMessage ByteCount = 72937283
LCMessage ByteCount = 54
StandardSMMessage ByteCount = 6297
ConsensusMessage ByteCount = 23376323
--- Measurements after 188000 ops (1000 samples) ---
Throughput = 6666.6665 operations/sec (Maximum observed: 8064.516 ops/sec)
Total latency = 2.7614568783233E7 (+/- 0) us 
Consensus latency = 0.0 (+/- 0) us 
Pre-consensus latency = 0.0 (+/- 0) us 
Pos-consensus latency = -2.1067860182956782E12 (+/- 0) us 
Propose latency = 0.0 (+/- 0) us 
Write latency = 0.0 (+/- 0) us 
Accept latency = 0.0 (+/- 0) us 
Batch average size = NaN (+/- 0) requests
TOMMessage ByteCount = 72947845
LCMessage ByteCount = 54
StandardSMMessage ByteCount = 6297
ConsensusMessage ByteCount = 23376323
--- Measurements after 189000 ops (1000 samples) ---
Throughput = 5747.1265 operations/sec (Maximum observed: 8064.516 ops/sec)
Total latency = 2.7759351339231998E7 (+/- 0) us 
Consensus latency = 0.0 (+/- 0) us 
Pre-consensus latency = 0.0 (+/- 0) us 
Pos-consensus latency = -2.1067858466712407E12 (+/- 0) us 
Propose latency = 0.0 (+/- 0) us 
Write latency = 0.0 (+/- 0) us 
Accept latency = 0.0 (+/- 0) us 
Batch average size = NaN (+/- 0) requests
TOMMessage ByteCount = 72960524
LCMessage ByteCount = 54
StandardSMMessage ByteCount = 6297
ConsensusMessage ByteCount = 23376323
--- Measurements after 190000 ops (1000 samples) ---
Throughput = 6622.5166 operations/sec (Maximum observed: 8064.516 ops/sec)
Total latency = 2.7886130129236E7 (+/- 0) us 
Consensus latency = 0.0 (+/- 0) us 
Pre-consensus latency = 0.0 (+/- 0) us 
Pos-consensus latency = -2.1067856937956438E12 (+/- 0) us 
Propose latency = 0.0 (+/- 0) us 
Write latency = 0.0 (+/- 0) us 
Accept latency = 0.0 (+/- 0) us 
Batch average size = NaN (+/- 0) requests
TOMMessage ByteCount = 72974250
LCMessage ByteCount = 54
StandardSMMessage ByteCount = 6297
ConsensusMessage ByteCount = 23376323
--- Measurements after 191000 ops (1000 samples) ---
Throughput = 6666.6665 operations/sec (Maximum observed: 8064.516 ops/sec)
Total latency = 2.7998326429415002E7 (+/- 0) us 
Consensus latency = 0.0 (+/- 0) us 
Pre-consensus latency = 0.0 (+/- 0) us 
Pos-consensus latency = -2.1067855434436194E12 (+/- 0) us 
Propose latency = 0.0 (+/- 0) us 
Write latency = 0.0 (+/- 0) us 
Accept latency = 0.0 (+/- 0) us 
Batch average size = NaN (+/- 0) requests
TOMMessage ByteCount = 72992217
LCMessage ByteCount = 54
StandardSMMessage ByteCount = 6297
ConsensusMessage ByteCount = 23376323
--- Measurements after 192000 ops (1000 samples) ---
Throughput = 6711.409 operations/sec (Maximum observed: 8064.516 ops/sec)
Total latency = 2.812569268451E7 (+/- 0) us 
Consensus latency = 0.0 (+/- 0) us 
Pre-consensus latency = 0.0 (+/- 0) us 
Pos-consensus latency = -2.1067853930354436E12 (+/- 0) us 
Propose latency = 0.0 (+/- 0) us 
Write latency = 0.0 (+/- 0) us 
Accept latency = 0.0 (+/- 0) us 
Batch average size = NaN (+/- 0) requests
TOMMessage ByteCount = 73009112
LCMessage ByteCount = 54
StandardSMMessage ByteCount = 6297
ConsensusMessage ByteCount = 23376323
--- Measurements after 193000 ops (1000 samples) ---
Throughput = 5649.7173 operations/sec (Maximum observed: 8064.516 ops/sec)
Total latency = 2.8255273039338E7 (+/- 0) us 
Consensus latency = 0.0 (+/- 0) us 
Pre-consensus latency = 0.0 (+/- 0) us 
Pos-consensus latency = -2.1067852414258208E12 (+/- 0) us 
Propose latency = 0.0 (+/- 0) us 
Write latency = 0.0 (+/- 0) us 
Accept latency = 0.0 (+/- 0) us 
Batch average size = NaN (+/- 0) requests
TOMMessage ByteCount = 73031334
LCMessage ByteCount = 54
StandardSMMessage ByteCount = 6297
ConsensusMessage ByteCount = 23376323
--- Measurements after 194000 ops (1000 samples) ---
Throughput = 6622.5166 operations/sec (Maximum observed: 8064.516 ops/sec)
Total latency = 2.8403685829738E7 (+/- 0) us 
Consensus latency = 0.0 (+/- 0) us 
Pre-consensus latency = 0.0 (+/- 0) us 
Pos-consensus latency = -2.1067850658253154E12 (+/- 0) us 
Propose latency = 0.0 (+/- 0) us 
Write latency = 0.0 (+/- 0) us 
Accept latency = 0.0 (+/- 0) us 
Batch average size = NaN (+/- 0) requests
TOMMessage ByteCount = 73049326
LCMessage ByteCount = 54
StandardSMMessage ByteCount = 6297
ConsensusMessage ByteCount = 23376323
--- Measurements after 195000 ops (1000 samples) ---
Throughput = 6622.5166 operations/sec (Maximum observed: 8064.516 ops/sec)
Total latency = 2.8526161756966E7 (+/- 0) us 
Consensus latency = 0.0 (+/- 0) us 
Pre-consensus latency = 0.0 (+/- 0) us 
Pos-consensus latency = -2.106784915254914E12 (+/- 0) us 
Propose latency = 0.0 (+/- 0) us 
Write latency = 0.0 (+/- 0) us 
Accept latency = 0.0 (+/- 0) us 
Batch average size = NaN (+/- 0) requests
TOMMessage ByteCount = 73061998
LCMessage ByteCount = 54
StandardSMMessage ByteCount = 6297
ConsensusMessage ByteCount = 23376323
--- Measurements after 196000 ops (1000 samples) ---
Throughput = 6666.6665 operations/sec (Maximum observed: 8064.516 ops/sec)
Total latency = 2.8646799183264E7 (+/- 0) us 
Consensus latency = 0.0 (+/- 0) us 
Pre-consensus latency = 0.0 (+/- 0) us 
Pos-consensus latency = -2.106784764556226E12 (+/- 0) us 
Propose latency = 0.0 (+/- 0) us 
Write latency = 0.0 (+/- 0) us 
Accept latency = 0.0 (+/- 0) us 
Batch average size = NaN (+/- 0) requests
TOMMessage ByteCount = 73078911
LCMessage ByteCount = 54
StandardSMMessage ByteCount = 6297
ConsensusMessage ByteCount = 23376323
--- Measurements after 197000 ops (1000 samples) ---
Throughput = 6622.5166 operations/sec (Maximum observed: 8064.516 ops/sec)
Total latency = 2.8763739499807E7 (+/- 0) us 
Consensus latency = 0.0 (+/- 0) us 
Pre-consensus latency = 0.0 (+/- 0) us 
Pos-consensus latency = -2.1067846141027117E12 (+/- 0) us 
Propose latency = 0.0 (+/- 0) us 
Write latency = 0.0 (+/- 0) us 
Accept latency = 0.0 (+/- 0) us 
Batch average size = NaN (+/- 0) requests
TOMMessage ByteCount = 73111654
LCMessage ByteCount = 54
StandardSMMessage ByteCount = 6297
ConsensusMessage ByteCount = 23376323
--- Measurements after 198000 ops (1000 samples) ---
Throughput = 5586.5923 operations/sec (Maximum observed: 8064.516 ops/sec)
Total latency = 2.8888167051603E7 (+/- 0) us 
Consensus latency = 0.0 (+/- 0) us 
Pre-consensus latency = 0.0 (+/- 0) us 
Pos-consensus latency = -2.1067844569306108E12 (+/- 0) us 
Propose latency = 0.0 (+/- 0) us 
Write latency = 0.0 (+/- 0) us 
Accept latency = 0.0 (+/- 0) us 
Batch average size = NaN (+/- 0) requests
TOMMessage ByteCount = 73257300
LCMessage ByteCount = 54
StandardSMMessage ByteCount = 6297
ConsensusMessage ByteCount = 23376323
--- Measurements after 199000 ops (1000 samples) ---
Throughput = 6493.5063 operations/sec (Maximum observed: 8064.516 ops/sec)
Total latency = 2.901942231439E7 (+/- 0) us 
Consensus latency = 0.0 (+/- 0) us 
Pre-consensus latency = 0.0 (+/- 0) us 
Pos-consensus latency = -2.1067842825538137E12 (+/- 0) us 
Propose latency = 0.0 (+/- 0) us 
Write latency = 0.0 (+/- 0) us 
Accept latency = 0.0 (+/- 0) us 
Batch average size = NaN (+/- 0) requests
TOMMessage ByteCount = 73361799
LCMessage ByteCount = 54
StandardSMMessage ByteCount = 6297
ConsensusMessage ByteCount = 23376323
--- Measurements after 200000 ops (1000 samples) ---
Throughput = 6535.9478 operations/sec (Maximum observed: 8064.516 ops/sec)
Total latency = 2.9092467502484E7 (+/- 0) us 
Consensus latency = 0.0 (+/- 0) us 
Pre-consensus latency = 0.0 (+/- 0) us 
Pos-consensus latency = -2.1067841285551418E12 (+/- 0) us 
Propose latency = 0.0 (+/- 0) us 
Write latency = 0.0 (+/- 0) us 
Accept latency = 0.0 (+/- 0) us 
Batch average size = NaN (+/- 0) requests
TOMMessage ByteCount = 73481096
LCMessage ByteCount = 54
StandardSMMessage ByteCount = 6297
ConsensusMessage ByteCount = 23376323
