-- Using view stored on disk
-- SSL/TLS handshake complete!, Id:0  ## CipherSuite: TLS_ECDHE_ECDSA_WITH_AES_128_GCM_SHA256.
-- SSL/TLS handshake complete!, Id:1  ## CipherSuite: TLS_ECDHE_ECDSA_WITH_AES_128_GCM_SHA256.
-- SSL/TLS handshake complete!, Id:2  ## CipherSuite: TLS_ECDHE_ECDSA_WITH_AES_128_GCM_SHA256.
-- ID = 3
-- N = 4
-- F = 1
-- Port (client <-> server) = 11030
-- Port (server <-> server) = 11031
-- requestTimeout = 2000
-- maxBatch = 1024
-- Binded replica to IP address 134.60.242.14
-- Optimizations:  Read-only Requests: disabled
-- SSL/TLS enabled, protocol version: TLSv1.2
-- In current view: ID:0; F:1; Processes:0(/134.60.242.11:11000),1(/134.60.242.12:11010),2(/134.60.242.13:11020),3(/134.60.242.14:11030),
-- Retrieving State
-- Replica state is up to date
-- 
		###################################
		    Ready to process operations    
		###################################
-- Session Created, active clients=0
-- Session Created, active clients=0
-- Session Created, active clients=0
-- Session Created, active clients=0
-- Session Created, active clients=0
-- Session Created, active clients=0
-- Session Created, active clients=0
-- Session Created, active clients=0
-- Session Created, active clients=0
-- Session Created, active clients=0
-- Session Created, active clients=0
-- Session Created, active clients=0
-- Session Created, active clients=0
-- Session Created, active clients=0
-- Session Created, active clients=0
-- Session Created, active clients=0
-- Session Created, active clients=0
-- Session Created, active clients=0
-- Session Created, active clients=0
-- Session Created, active clients=0
-- Session Created, active clients=0
-- Session Created, active clients=0
-- Session Created, active clients=0
-- Session Created, active clients=0
-- Session Created, active clients=0
-- Session Created, active clients=0
-- Session Created, active clients=0
-- Session Created, active clients=0
-- Session Created, active clients=0
-- Session Created, active clients=0
-- Session Created, active clients=0
-- Session Created, active clients=0
-- Session Created, active clients=0
-- Session Created, active clients=0
-- Session Created, active clients=0
-- Session Created, active clients=0
-- Session Created, active clients=0
-- Session Created, active clients=0
-- Session Created, active clients=0
-- Session Created, active clients=0
-- Session Created, active clients=0
-- Session Created, active clients=0
-- Session Created, active clients=0
-- Session Created, active clients=0
-- Session Created, active clients=0
-- Session Created, active clients=0
-- Session Created, active clients=0
-- Session Created, active clients=0
-- Session Created, active clients=0
-- Session Created, active clients=0
-- Session Created, active clients=0
-- Session Created, active clients=0
-- Session Created, active clients=0
-- Session Created, active clients=0
-- Session Created, active clients=0
-- Session Created, active clients=0
-- Session Created, active clients=0
-- Session Created, active clients=0
-- Session Created, active clients=0
-- Session Created, active clients=0
-- Session Created, active clients=0
-- Session Created, active clients=0
-- Session Created, active clients=0
-- Session Created, active clients=0
-- Session Created, active clients=0
-- Session Created, active clients=0
-- Session Created, active clients=0
-- Session Created, active clients=0
-- Session Created, active clients=0
-- Session Created, active clients=0
-- Session Created, active clients=0
-- Session Created, active clients=0
-- Session Created, active clients=0
-- Session Created, active clients=0
-- Session Created, active clients=0
-- Session Created, active clients=0
-- Session Created, active clients=0
-- Session Created, active clients=0
-- Session Created, active clients=0
-- Session Created, active clients=0
-- Session Created, active clients=0
-- Session Created, active clients=0
-- Session Created, active clients=0
-- Session Created, active clients=0
-- Session Created, active clients=0
-- Session Created, active clients=0
-- Session Created, active clients=0
-- Session Created, active clients=0
-- Session Created, active clients=0
-- Session Created, active clients=0
-- Session Created, active clients=0
-- Session Created, active clients=0
-- Session Created, active clients=0
-- Session Created, active clients=0
-- Session Created, active clients=0
-- Session Created, active clients=0
-- Session Created, active clients=0
-- Session Created, active clients=0
-- Session Created, active clients=0
-- Session Created, active clients=0
-- Session Created, active clients=0
-- Session Created, active clients=0
-- Session Created, active clients=0
-- Session Created, active clients=0
-- Session Created, active clients=0
-- Session Created, active clients=0
-- Session Created, active clients=0
-- Session Created, active clients=0
-- Session Created, active clients=0
-- Session Created, active clients=0
-- Session Created, active clients=0
-- Session Created, active clients=0
-- Session Created, active clients=0
-- Session Created, active clients=0
-- Session Created, active clients=0
-- Session Created, active clients=0
-- Session Created, active clients=0
-- Session Created, active clients=0
-- Session Created, active clients=0
-- Session Created, active clients=0
-- Session Created, active clients=0
-- Session Created, active clients=0
-- Session Created, active clients=0
-- Session Created, active clients=0
-- Session Created, active clients=0
-- Session Created, active clients=0
-- Session Created, active clients=0
-- Session Created, active clients=0
-- Session Created, active clients=0
-- Session Created, active clients=0
-- Session Created, active clients=0
-- Session Created, active clients=0
-- Session Created, active clients=0
-- Session Created, active clients=0
-- Session Created, active clients=0
-- Session Created, active clients=0
-- Session Created, active clients=0
-- Session Created, active clients=0
-- Session Created, active clients=0
-- Session Created, active clients=0
-- Session Created, active clients=0
-- Session Created, active clients=0
-- Session Created, active clients=0
-- Session Created, active clients=0
-- Session Created, active clients=0
-- Session Created, active clients=0
-- Session Created, active clients=0
-- Session Created, active clients=0
-- Session Created, active clients=0
-- Session Created, active clients=0
-- Session Created, active clients=0
-- Session Created, active clients=0
-- Session Created, active clients=0
-- Session Created, active clients=0
-- Session Created, active clients=0
-- Session Created, active clients=0
-- Session Created, active clients=0
-- Session Created, active clients=0
-- Session Created, active clients=0
-- Session Created, active clients=0
-- Session Created, active clients=0
-- Session Created, active clients=0
-- Session Created, active clients=0
-- Session Created, active clients=0
-- Session Created, active clients=0
-- Session Created, active clients=0
-- Session Created, active clients=0
-- Session Created, active clients=0
-- Session Created, active clients=0
-- Session Created, active clients=0
-- Session Created, active clients=0
-- Session Created, active clients=0
-- Session Created, active clients=0
-- Session Created, active clients=0
-- Session Created, active clients=0
-- Session Created, active clients=0
-- Session Created, active clients=0
-- Session Created, active clients=0
-- Session Created, active clients=0
-- Session Created, active clients=0
-- Session Created, active clients=0
-- Session Created, active clients=0
-- Session Created, active clients=0
-- Session Created, active clients=0
-- Session Created, active clients=0
-- Session Created, active clients=0
-- Session Created, active clients=0
-- Session Created, active clients=0
-- Session Created, active clients=0
-- Session Created, active clients=0
-- Session Created, active clients=0
-- Session Created, active clients=0
-- Session Created, active clients=0
-- Session Created, active clients=0
-- Session Created, active clients=0
-- Session Created, active clients=0
-- Session Created, active clients=0
-- Session Created, active clients=0
-- Session Created, active clients=0
-- Session Created, active clients=0
--- Measurements after 1000 ops (1000 samples) ---
Throughput = 21.615545 operations/sec (Maximum observed: 21.615545 ops/sec)
Total latency = 68523.153645 (+/- 39938) us 
Consensus latency = 9911.987007 (+/- 5121) us 
Pre-consensus latency = 0.0 (+/- 0) us 
Pos-consensus latency = 61552.831349 (+/- 39001) us 
Propose latency = 4714.772485 (+/- 2442) us 
Write latency = 1732.638104 (+/- 1512) us 
Accept latency = 3464.576418 (+/- 1795) us 
Batch average size = 90.9090909090909 (+/- 82) requests
TOMMessage ByteCount = 943107
ConsensusMessage ByteCount = 1413
StandardSMMessage ByteCount = 6337
--- Measurements after 2000 ops (1000 samples) ---
Throughput = 83.444595 operations/sec (Maximum observed: 83.444595 ops/sec)
Total latency = 40794.842276 (+/- 20953) us 
Consensus latency = 6037.439633 (+/- 906) us 
Pre-consensus latency = 0.0 (+/- 0) us 
Pos-consensus latency = 35936.311241999996 (+/- 20849) us 
Propose latency = 2261.1291490000003 (+/- 606) us 
Write latency = 1262.818942 (+/- 841) us 
Accept latency = 2513.4915419999998 (+/- 356) us 
Batch average size = 90.9090909090909 (+/- 85) requests
TOMMessage ByteCount = 2128312
ConsensusMessage ByteCount = 2832
StandardSMMessage ByteCount = 6337
--- Measurements after 3000 ops (1000 samples) ---
Throughput = 105.22993 operations/sec (Maximum observed: 105.22993 ops/sec)
Total latency = 36647.149471000004 (+/- 20940) us 
Consensus latency = 5100.898267 (+/- 563) us 
Pre-consensus latency = 0.0 (+/- 0) us 
Pos-consensus latency = 32776.054054 (+/- 20916) us 
Propose latency = 2143.2090049999997 (+/- 681) us 
Write latency = 878.088926 (+/- 468) us 
Accept latency = 2079.600336 (+/- 333) us 
Batch average size = 100.0 (+/- 78) requests
TOMMessage ByteCount = 3285517
ConsensusMessage ByteCount = 4122
StandardSMMessage ByteCount = 6337
--- Measurements after 4000 ops (1000 samples) ---
Throughput = 142.63301 operations/sec (Maximum observed: 142.63301 ops/sec)
Total latency = 33466.477842 (+/- 18288) us 
Consensus latency = 4198.674424 (+/- 961) us 
Pre-consensus latency = 0.0 (+/- 0) us 
Pos-consensus latency = 30031.430903 (+/- 18571) us 
Propose latency = 1485.6140719999999 (+/- 938) us 
Write latency = 934.406319 (+/- 387) us 
Accept latency = 1778.654033 (+/- 198) us 
Batch average size = 100.0 (+/- 82) requests
TOMMessage ByteCount = 4462597
ConsensusMessage ByteCount = 5412
StandardSMMessage ByteCount = 6337
--- Measurements after 5000 ops (1000 samples) ---
Throughput = 222.56844 operations/sec (Maximum observed: 222.56844 ops/sec)
Total latency = 31577.894309 (+/- 17972) us 
Consensus latency = 4372.851337 (+/- 373) us 
Pre-consensus latency = 0.0 (+/- 0) us 
Pos-consensus latency = 27968.117602000002 (+/- 18026) us 
Propose latency = 1288.532878 (+/- 306) us 
Write latency = 1140.7899280000001 (+/- 370) us 
Accept latency = 1943.528531 (+/- 205) us 
Batch average size = 100.0 (+/- 70) requests
TOMMessage ByteCount = 5678188
ConsensusMessage ByteCount = 6702
StandardSMMessage ByteCount = 6337
--- Measurements after 6000 ops (1000 samples) ---
Throughput = 502.26016 operations/sec (Maximum observed: 502.26016 ops/sec)
Total latency = 32634.826056 (+/- 17914) us 
Consensus latency = 4156.941283 (+/- 720) us 
Pre-consensus latency = 0.0 (+/- 0) us 
Pos-consensus latency = 29165.899061 (+/- 17873) us 
Propose latency = 1494.64143 (+/- 803) us 
Write latency = 595.9658440000001 (+/- 299) us 
Accept latency = 2066.334009 (+/- 274) us 
Batch average size = 90.9090909090909 (+/- 71) requests
TOMMessage ByteCount = 6829557
ConsensusMessage ByteCount = 8121
StandardSMMessage ByteCount = 6337
--- Measurements after 7000 ops (1000 samples) ---
Throughput = 3154.5742 operations/sec (Maximum observed: 3154.5742 ops/sec)
Total latency = 131172.220441 (+/- 0) us 
Consensus latency = 9495.337925000002 (+/- 2381) us 
Pre-consensus latency = 0.0 (+/- 0) us 
Pos-consensus latency = 123842.746962 (+/- 0) us 
Propose latency = 6329.089232 (+/- 2885) us 
Write latency = 1152.831686 (+/- 552) us 
Accept latency = 2013.417007 (+/- 21) us 
Batch average size = 1487.0 (+/- 2246) requests
TOMMessage ByteCount = 7456638
ConsensusMessage ByteCount = 10830
StandardSMMessage ByteCount = 6337
--- Measurements after 8000 ops (1000 samples) ---
Throughput = 4201.6807 operations/sec (Maximum observed: 4201.6807 ops/sec)
Total latency = 350975.115865 (+/- 0) us 
Consensus latency = 6166.970624 (+/- 844) us 
Pre-consensus latency = 0.0 (+/- 0) us 
Pos-consensus latency = 347063.65075 (+/- 0) us 
Propose latency = 3356.205977 (+/- 392) us 
Write latency = 951.486497 (+/- 543) us 
Accept latency = 1859.2781499999999 (+/- 123) us 
Batch average size = NaN (+/- 0) requests
TOMMessage ByteCount = 7456638
ConsensusMessage ByteCount = 13668
StandardSMMessage ByteCount = 6337
--- Measurements after 9000 ops (1000 samples) ---
Throughput = 4255.3193 operations/sec (Maximum observed: 4255.3193 ops/sec)
Total latency = 568101.276574 (+/- 0) us 
Consensus latency = 5728.803576 (+/- 677) us 
Pre-consensus latency = 0.0 (+/- 0) us 
Pos-consensus latency = 564168.346791 (+/- 0) us 
Propose latency = 2649.664383 (+/- 492) us 
Write latency = 1572.7744420000001 (+/- 118) us 
Accept latency = 1506.3647509999998 (+/- 103) us 
Batch average size = NaN (+/- 0) requests
TOMMessage ByteCount = 7456638
ConsensusMessage ByteCount = 16902
StandardSMMessage ByteCount = 6337
--- Measurements after 10000 ops (1000 samples) ---
Throughput = 3246.7532 operations/sec (Maximum observed: 4255.3193 ops/sec)
Total latency = 813167.227234 (+/- 0) us 
Consensus latency = 6118.135655 (+/- 776) us 
Pre-consensus latency = 0.0 (+/- 0) us 
Pos-consensus latency = 808231.650423 (+/- 0) us 
Propose latency = 2280.9566290000002 (+/- 478) us 
Write latency = 1614.697173 (+/- 277) us 
Accept latency = 2222.4818530000002 (+/- 430) us 
Batch average size = NaN (+/- 0) requests
TOMMessage ByteCount = 7456638
ConsensusMessage ByteCount = 20598
StandardSMMessage ByteCount = 6337
--- Measurements after 11000 ops (1000 samples) ---
Throughput = 3311.2583 operations/sec (Maximum observed: 4255.3193 ops/sec)
Total latency = 1095214.873486 (+/- 0) us 
Consensus latency = 5241.092231 (+/- 1783) us 
Pre-consensus latency = 0.0 (+/- 0) us 
Pos-consensus latency = 1091274.162562 (+/- 0) us 
Propose latency = 1896.3636270000002 (+/- 311) us 
Write latency = 1212.115812 (+/- 1034) us 
Accept latency = 2132.612792 (+/- 499) us 
Batch average size = 37759.0 (+/- 0) requests
TOMMessage ByteCount = 12214140
ConsensusMessage ByteCount = 25042
StandardSMMessage ByteCount = 6337
--- Measurements after 12000 ops (1000 samples) ---
Throughput = 4504.5044 operations/sec (Maximum observed: 4504.5044 ops/sec)
Total latency = 1323543.6045859999 (+/- 0) us 
Consensus latency = 4544.986906 (+/- 261) us 
Pre-consensus latency = 0.0 (+/- 0) us 
Pos-consensus latency = 1320174.1343399999 (+/- 0) us 
Propose latency = 2346.599903 (+/- 189) us 
Write latency = 988.426173 (+/- 155) us 
Accept latency = 1209.96083 (+/- 194) us 
Batch average size = NaN (+/- 0) requests
TOMMessage ByteCount = 12214140
ConsensusMessage ByteCount = 29178
StandardSMMessage ByteCount = 6337
--- Measurements after 13000 ops (1000 samples) ---
Throughput = 4424.779 operations/sec (Maximum observed: 4504.5044 ops/sec)
Total latency = 1516578.65992 (+/- 0) us 
Consensus latency = 5109.502411 (+/- 330) us 
Pre-consensus latency = 0.0 (+/- 0) us 
Pos-consensus latency = 1512813.138553 (+/- 0) us 
Propose latency = 2826.108573 (+/- 205) us 
Write latency = 686.315036 (+/- 299) us 
Accept latency = 1597.078802 (+/- 89) us 
Batch average size = NaN (+/- 0) requests
TOMMessage ByteCount = 12214140
ConsensusMessage ByteCount = 33402
StandardSMMessage ByteCount = 6337
--- Measurements after 14000 ops (1000 samples) ---
Throughput = 4219.409 operations/sec (Maximum observed: 4504.5044 ops/sec)
Total latency = 1716298.141047 (+/- 0) us 
Consensus latency = 6577.139322 (+/- 725) us 
Pre-consensus latency = 0.0 (+/- 0) us 
Pos-consensus latency = 1711310.770754 (+/- 0) us 
Propose latency = 3561.732085 (+/- 466) us 
Write latency = 1105.672167 (+/- 1017) us 
Accept latency = 1909.7350700000002 (+/- 205) us 
Batch average size = NaN (+/- 0) requests
TOMMessage ByteCount = 12214140
LCMessage ByteCount = 27
ConsensusMessage ByteCount = 38022
StandardSMMessage ByteCount = 6337
--- Measurements after 15000 ops (1000 samples) ---
Throughput = 4464.2856 operations/sec (Maximum observed: 4504.5044 ops/sec)
Total latency = 1907164.646957 (+/- 0) us 
Consensus latency = 9532.460852 (+/- 977) us 
Pre-consensus latency = 0.0 (+/- 0) us 
Pos-consensus latency = 1900509.037077 (+/- 0) us 
Propose latency = 4861.14312 (+/- 938) us 
Write latency = 2602.409856 (+/- 141) us 
Accept latency = 2068.9078759999998 (+/- 180) us 
Batch average size = NaN (+/- 0) requests
TOMMessage ByteCount = 12214140
LCMessage ByteCount = 27
ConsensusMessage ByteCount = 42906
StandardSMMessage ByteCount = 6337
--- Measurements after 16000 ops (1000 samples) ---
Throughput = 4651.1626 operations/sec (Maximum observed: 4651.1626 ops/sec)
Total latency = 2108844.033825 (+/- 0) us 
Consensus latency = 8407.825832 (+/- 848) us 
Pre-consensus latency = 0.0 (+/- 0) us 
Pos-consensus latency = 2103211.944697 (+/- 0) us 
Propose latency = 4234.45524 (+/- 582) us 
Write latency = 2161.16748 (+/- 186) us 
Accept latency = 2012.203112 (+/- 79) us 
Batch average size = NaN (+/- 0) requests
TOMMessage ByteCount = 12214140
LCMessage ByteCount = 27
ConsensusMessage ByteCount = 46734
StandardSMMessage ByteCount = 6337
--- Measurements after 17000 ops (1000 samples) ---
Throughput = 4504.5044 operations/sec (Maximum observed: 4651.1626 ops/sec)
Total latency = 2311139.2058309997 (+/- 0) us 
Consensus latency = 6918.642849000001 (+/- 692) us 
Pre-consensus latency = 0.0 (+/- 0) us 
Pos-consensus latency = 2305981.262531 (+/- 0) us 
Propose latency = 3016.6128139999996 (+/- 305) us 
Write latency = 1812.995125 (+/- 491) us 
Accept latency = 2089.03491 (+/- 100) us 
Batch average size = NaN (+/- 0) requests
TOMMessage ByteCount = 12214140
LCMessage ByteCount = 27
ConsensusMessage ByteCount = 51486
StandardSMMessage ByteCount = 6337
--- Measurements after 18000 ops (1000 samples) ---
Throughput = 4484.305 operations/sec (Maximum observed: 4651.1626 ops/sec)
Total latency = 2509694.551227 (+/- 0) us 
Consensus latency = 6831.583044 (+/- 1542) us 
Pre-consensus latency = 0.0 (+/- 0) us 
Pos-consensus latency = 2504040.662928 (+/- 0) us 
Propose latency = 3932.9416779999997 (+/- 2255) us 
Write latency = 941.713647 (+/- 555) us 
Accept latency = 1956.927719 (+/- 207) us 
Batch average size = NaN (+/- 0) requests
TOMMessage ByteCount = 12214140
LCMessage ByteCount = 27
ConsensusMessage ByteCount = 55842
StandardSMMessage ByteCount = 6337
--- Measurements after 19000 ops (1000 samples) ---
Throughput = 4545.4546 operations/sec (Maximum observed: 4651.1626 ops/sec)
Total latency = 2703645.401278 (+/- 0) us 
Consensus latency = 6433.218198 (+/- 812) us 
Pre-consensus latency = 0.0 (+/- 0) us 
Pos-consensus latency = 2698042.421018 (+/- 0) us 
Propose latency = 3014.310946 (+/- 639) us 
Write latency = 1369.2494680000002 (+/- 740) us 
Accept latency = 2049.657784 (+/- 32) us 
Batch average size = NaN (+/- 0) requests
TOMMessage ByteCount = 12214140
LCMessage ByteCount = 27
ConsensusMessage ByteCount = 60726
StandardSMMessage ByteCount = 6337
--- Measurements after 20000 ops (1000 samples) ---
Throughput = 4484.305 operations/sec (Maximum observed: 4651.1626 ops/sec)
Total latency = 2897292.077275 (+/- 0) us 
Consensus latency = 5131.342213000001 (+/- 268) us 
Pre-consensus latency = 0.0 (+/- 0) us 
Pos-consensus latency = 2893012.66501 (+/- 0) us 
Propose latency = 1883.4933899999999 (+/- 619) us 
Write latency = 1329.075977 (+/- 861) us 
Accept latency = 1918.7728459999998 (+/- 93) us 
Batch average size = NaN (+/- 0) requests
TOMMessage ByteCount = 12214140
LCMessage ByteCount = 27
ConsensusMessage ByteCount = 65478
StandardSMMessage ByteCount = 6337
--- Measurements after 21000 ops (1000 samples) ---
Throughput = 4504.5044 operations/sec (Maximum observed: 4651.1626 ops/sec)
Total latency = 3093640.228299 (+/- 0) us 
Consensus latency = 4714.14137 (+/- 364) us 
Pre-consensus latency = 0.0 (+/- 0) us 
Pos-consensus latency = 3089837.713214 (+/- 0) us 
Propose latency = 1601.5845800000002 (+/- 231) us 
Write latency = 1234.849919 (+/- 596) us 
Accept latency = 1877.706871 (+/- 89) us 
Batch average size = NaN (+/- 0) requests
TOMMessage ByteCount = 12214140
LCMessage ByteCount = 27
ConsensusMessage ByteCount = 70494
StandardSMMessage ByteCount = 6337
--- Measurements after 22000 ops (1000 samples) ---
Throughput = 4484.305 operations/sec (Maximum observed: 4651.1626 ops/sec)
Total latency = 3279535.970121 (+/- 0) us 
Consensus latency = 8315.410965 (+/- 1021) us 
Pre-consensus latency = 0.0 (+/- 0) us 
Pos-consensus latency = 3272842.1419369997 (+/- 0) us 
Propose latency = 6460.469977 (+/- 1582) us 
Write latency = 447.557694 (+/- 403) us 
Accept latency = 1407.383294 (+/- 160) us 
Batch average size = NaN (+/- 0) requests
TOMMessage ByteCount = 12214140
LCMessage ByteCount = 27
ConsensusMessage ByteCount = 75246
StandardSMMessage ByteCount = 6337
--- Measurements after 23000 ops (1000 samples) ---
Throughput = 4672.897 operations/sec (Maximum observed: 4672.897 ops/sec)
Total latency = 3474189.981805 (+/- 0) us 
Consensus latency = 10045.693456 (+/- 484) us 
Pre-consensus latency = 0.0 (+/- 0) us 
Pos-consensus latency = 3465817.380001 (+/- 0) us 
Propose latency = 8357.600572 (+/- 575) us 
Write latency = 299.72046 (+/- 15) us 
Accept latency = 1388.3724240000001 (+/- 82) us 
Batch average size = NaN (+/- 0) requests
TOMMessage ByteCount = 12214140
LCMessage ByteCount = 54
ConsensusMessage ByteCount = 80262
StandardSMMessage ByteCount = 6337
--- Measurements after 24000 ops (1000 samples) ---
Throughput = 4524.8867 operations/sec (Maximum observed: 4672.897 ops/sec)
Total latency = 3671535.910346 (+/- 0) us 
Consensus latency = 7866.994332 (+/- 771) us 
Pre-consensus latency = 0.0 (+/- 0) us 
Pos-consensus latency = 3665046.9176220004 (+/- 0) us 
Propose latency = 4932.767324 (+/- 1195) us 
Write latency = 822.08676 (+/- 251) us 
Accept latency = 2112.140248 (+/- 291) us 
Batch average size = NaN (+/- 0) requests
TOMMessage ByteCount = 12214140
LCMessage ByteCount = 54
ConsensusMessage ByteCount = 85894
StandardSMMessage ByteCount = 6337
--- Measurements after 25000 ops (1000 samples) ---
Throughput = 4484.305 operations/sec (Maximum observed: 4672.897 ops/sec)
Total latency = 3868523.278461 (+/- 0) us 
Consensus latency = 5244.62626 (+/- 940) us 
Pre-consensus latency = 0.0 (+/- 0) us 
Pos-consensus latency = 3864285.5018350002 (+/- 0) us 
Propose latency = 2817.7848599999998 (+/- 688) us 
Write latency = 566.01672 (+/- 273) us 
Accept latency = 1860.82468 (+/- 84) us 
Batch average size = NaN (+/- 0) requests
TOMMessage ByteCount = 12214140
LCMessage ByteCount = 54
ConsensusMessage ByteCount = 90558
StandardSMMessage ByteCount = 6337
--- Measurements after 26000 ops (1000 samples) ---
Throughput = 4484.305 operations/sec (Maximum observed: 4672.897 ops/sec)
Total latency = 4063820.316356 (+/- 0) us 
Consensus latency = 5020.142814 (+/- 640) us 
Pre-consensus latency = 0.0 (+/- 0) us 
Pos-consensus latency = 4059716.9113229997 (+/- 0) us 
Propose latency = 1858.543848 (+/- 225) us 
Write latency = 1062.591517 (+/- 493) us 
Accept latency = 2099.007449 (+/- 195) us 
Batch average size = NaN (+/- 0) requests
TOMMessage ByteCount = 12214140
LCMessage ByteCount = 54
ConsensusMessage ByteCount = 95442
StandardSMMessage ByteCount = 6337
--- Measurements after 27000 ops (1000 samples) ---
Throughput = 4484.305 operations/sec (Maximum observed: 4672.897 ops/sec)
Total latency = 4259100.742179 (+/- 0) us 
Consensus latency = 4306.8695640000005 (+/- 473) us 
Pre-consensus latency = 0.0 (+/- 0) us 
Pos-consensus latency = 4255583.326984 (+/- 0) us 
Propose latency = 1383.752672 (+/- 250) us 
Write latency = 915.1153869999999 (+/- 576) us 
Accept latency = 2008.001505 (+/- 246) us 
Batch average size = NaN (+/- 0) requests
TOMMessage ByteCount = 12214140
LCMessage ByteCount = 54
ConsensusMessage ByteCount = 100458
StandardSMMessage ByteCount = 6337
--- Measurements after 28000 ops (1000 samples) ---
Throughput = 4566.21 operations/sec (Maximum observed: 4672.897 ops/sec)
Total latency = 4451096.331293 (+/- 0) us 
Consensus latency = 6878.030653 (+/- 3719) us 
Pre-consensus latency = 0.0 (+/- 0) us 
Pos-consensus latency = 4445122.38844 (+/- 0) us 
Propose latency = 2261.879588 (+/- 3019) us 
Write latency = 1278.081848 (+/- 283) us 
Accept latency = 3338.069217 (+/- 2792) us 
Batch average size = NaN (+/- 0) requests
TOMMessage ByteCount = 12214140
LCMessage ByteCount = 54
ConsensusMessage ByteCount = 105738
StandardSMMessage ByteCount = 6337
--- Measurements after 29000 ops (1000 samples) ---
Throughput = 4545.4546 operations/sec (Maximum observed: 4672.897 ops/sec)
Total latency = 4630777.184431 (+/- 0) us 
Consensus latency = 13743.851802 (+/- 4766) us 
Pre-consensus latency = 0.0 (+/- 0) us 
Pos-consensus latency = 4618469.0477950005 (+/- 0) us 
Propose latency = 9936.43429 (+/- 6559) us 
Write latency = 2007.432936 (+/- 1879) us 
Accept latency = 1799.9845759999998 (+/- 92) us 
Batch average size = NaN (+/- 0) requests
TOMMessage ByteCount = 12214140
LCMessage ByteCount = 54
ConsensusMessage ByteCount = 110754
StandardSMMessage ByteCount = 6337
--- Measurements after 30000 ops (1000 samples) ---
Throughput = 4761.905 operations/sec (Maximum observed: 4761.905 ops/sec)
Total latency = 4818520.634923 (+/- 0) us 
Consensus latency = 10613.282549000001 (+/- 299) us 
Pre-consensus latency = 0.0 (+/- 0) us 
Pos-consensus latency = 4809916.894652001 (+/- 0) us 
Propose latency = 8389.070427999999 (+/- 356) us 
Write latency = 329.690392 (+/- 15) us 
Accept latency = 1894.521729 (+/- 41) us 
Batch average size = NaN (+/- 0) requests
TOMMessage ByteCount = 12214140
LCMessage ByteCount = 54
ConsensusMessage ByteCount = 118630
StandardSMMessage ByteCount = 6337
--- Measurements after 31000 ops (1000 samples) ---
Throughput = 4716.981 operations/sec (Maximum observed: 4761.905 ops/sec)
Total latency = 5012018.9303669995 (+/- 0) us 
Consensus latency = 8848.880606 (+/- 1060) us 
Pre-consensus latency = 0.0 (+/- 0) us 
Pos-consensus latency = 5004793.769208999 (+/- 0) us 
Propose latency = 5098.109701 (+/- 2160) us 
Write latency = 1758.24121 (+/- 1091) us 
Accept latency = 1992.5296950000002 (+/- 31) us 
Batch average size = NaN (+/- 0) requests
TOMMessage ByteCount = 12214140
LCMessage ByteCount = 54
ConsensusMessage ByteCount = 120786
StandardSMMessage ByteCount = 6337
--- Measurements after 32000 ops (1000 samples) ---
Throughput = 4739.3364 operations/sec (Maximum observed: 4761.905 ops/sec)
Total latency = 5195372.641645 (+/- 0) us 
Consensus latency = 5848.39733 (+/- 1206) us 
Pre-consensus latency = 0.0 (+/- 0) us 
Pos-consensus latency = 5190710.335667 (+/- 0) us 
Propose latency = 2710.095272 (+/- 322) us 
Write latency = 1202.1148719999999 (+/- 809) us 
Accept latency = 1936.1871859999999 (+/- 81) us 
Batch average size = NaN (+/- 0) requests
TOMMessage ByteCount = 12214140
LCMessage ByteCount = 54
ConsensusMessage ByteCount = 120786
StandardSMMessage ByteCount = 6337
--- Measurements after 33000 ops (1000 samples) ---
Throughput = 4854.369 operations/sec (Maximum observed: 4854.369 ops/sec)
Total latency = 5381635.125108 (+/- 0) us 
Consensus latency = 4273.615287 (+/- 267) us 
Pre-consensus latency = 0.0 (+/- 0) us 
Pos-consensus latency = 5378360.683716 (+/- 0) us 
Propose latency = 1846.4678330000002 (+/- 270) us 
Write latency = 421.602549 (+/- 201) us 
Accept latency = 2005.544905 (+/- 114) us 
Batch average size = NaN (+/- 0) requests
TOMMessage ByteCount = 12214140
LCMessage ByteCount = 54
ConsensusMessage ByteCount = 120786
StandardSMMessage ByteCount = 6337
--- Measurements after 34000 ops (1000 samples) ---
Throughput = 4739.3364 operations/sec (Maximum observed: 4854.369 ops/sec)
Total latency = 5562008.232282 (+/- 0) us 
Consensus latency = 3890.706267 (+/- 419) us 
Pre-consensus latency = 0.0 (+/- 0) us 
Pos-consensus latency = 5558936.987208 (+/- 0) us 
Propose latency = 1351.079956 (+/- 108) us 
Write latency = 632.187328 (+/- 393) us 
Accept latency = 1907.438983 (+/- 228) us 
Batch average size = NaN (+/- 0) requests
TOMMessage ByteCount = 12214140
LCMessage ByteCount = 54
ConsensusMessage ByteCount = 120786
StandardSMMessage ByteCount = 6337
--- Measurements after 35000 ops (1000 samples) ---
Throughput = 4854.369 operations/sec (Maximum observed: 4854.369 ops/sec)
Total latency = 5743308.150826001 (+/- 0) us 
Consensus latency = 5414.856284 (+/- 3046) us 
Pre-consensus latency = 0.0 (+/- 0) us 
Pos-consensus latency = 5738677.883781999 (+/- 0) us 
Propose latency = 1294.382768 (+/- 132) us 
Write latency = 2344.594234 (+/- 2694) us 
Accept latency = 1775.8792819999999 (+/- 410) us 
Batch average size = NaN (+/- 0) requests
TOMMessage ByteCount = 12214140
LCMessage ByteCount = 54
ConsensusMessage ByteCount = 120786
StandardSMMessage ByteCount = 6337
--- Measurements after 36000 ops (1000 samples) ---
Throughput = 4739.3364 operations/sec (Maximum observed: 4854.369 ops/sec)
Total latency = 5900562.507925 (+/- 0) us 
Consensus latency = 15582.048164000002 (+/- 2992) us 
Pre-consensus latency = 0.0 (+/- 0) us 
Pos-consensus latency = 5889943.554053 (+/- 0) us 
Propose latency = 12161.485467 (+/- 4604) us 
Write latency = 1101.113138 (+/- 2538) us 
Accept latency = 2319.4495589999997 (+/- 102) us 
Batch average size = NaN (+/- 0) requests
TOMMessage ByteCount = 12214140
LCMessage ByteCount = 54
ConsensusMessage ByteCount = 120786
StandardSMMessage ByteCount = 6337
--- Measurements after 37000 ops (1000 samples) ---
Throughput = 4878.049 operations/sec (Maximum observed: 4878.049 ops/sec)
Total latency = 6080950.981807 (+/- 0) us 
Consensus latency = 17857.211019000002 (+/- 139) us 
Pre-consensus latency = 0.0 (+/- 0) us 
Pos-consensus latency = 6070977.065613 (+/- 0) us 
Propose latency = 15276.469149 (+/- 192) us 
Write latency = 231.583997 (+/- 1) us 
Accept latency = 2349.157873 (+/- 54) us 
Batch average size = NaN (+/- 0) requests
TOMMessage ByteCount = 12214140
LCMessage ByteCount = 54
ConsensusMessage ByteCount = 120786
StandardSMMessage ByteCount = 6337
--- Measurements after 38000 ops (1000 samples) ---
Throughput = 4716.981 operations/sec (Maximum observed: 4878.049 ops/sec)
Total latency = 6268312.864875 (+/- 0) us 
Consensus latency = 15890.61698 (+/- 1131) us 
Pre-consensus latency = 0.0 (+/- 0) us 
Pos-consensus latency = 6259817.8685 (+/- 0) us 
Propose latency = 13284.058775 (+/- 1127) us 
Write latency = 248.91229 (+/- 11) us 
Accept latency = 2357.645915 (+/- 14) us 
Batch average size = NaN (+/- 0) requests
TOMMessage ByteCount = 12214140
LCMessage ByteCount = 54
ConsensusMessage ByteCount = 120786
StandardSMMessage ByteCount = 6337
--- Measurements after 39000 ops (1000 samples) ---
Throughput = 4716.981 operations/sec (Maximum observed: 4878.049 ops/sec)
Total latency = 6452026.6712609995 (+/- 0) us 
Consensus latency = 16095.835484 (+/- 471) us 
Pre-consensus latency = 0.0 (+/- 0) us 
Pos-consensus latency = 6442627.805933 (+/- 0) us 
Propose latency = 13446.730912 (+/- 455) us 
Write latency = 258.79812400000003 (+/- 6) us 
Accept latency = 2390.306448 (+/- 18) us 
Batch average size = NaN (+/- 0) requests
TOMMessage ByteCount = 12214140
LCMessage ByteCount = 54
ConsensusMessage ByteCount = 120786
StandardSMMessage ByteCount = 6337
--- Measurements after 40000 ops (1000 samples) ---
Throughput = 4878.049 operations/sec (Maximum observed: 4878.049 ops/sec)
Total latency = 6634724.867015 (+/- 0) us 
Consensus latency = 13827.687415999999 (+/- 779) us 
Pre-consensus latency = 0.0 (+/- 0) us 
Pos-consensus latency = 6626361.160272 (+/- 0) us 
Propose latency = 11210.171636 (+/- 728) us 
Write latency = 226.368524 (+/- 15) us 
Accept latency = 2391.147256 (+/- 66) us 
Batch average size = NaN (+/- 0) requests
TOMMessage ByteCount = 12214140
LCMessage ByteCount = 54
ConsensusMessage ByteCount = 120786
StandardSMMessage ByteCount = 6337
--- Measurements after 41000 ops (1000 samples) ---
Throughput = 4739.3364 operations/sec (Maximum observed: 4878.049 ops/sec)
Total latency = 6821228.399614001 (+/- 0) us 
Consensus latency = 9836.461640000001 (+/- 1711) us 
Pre-consensus latency = 0.0 (+/- 0) us 
Pos-consensus latency = 6815271.8553909995 (+/- 0) us 
Propose latency = 7408.477295 (+/- 1673) us 
Write latency = 234.91953700000002 (+/- 10) us 
Accept latency = 2193.064808 (+/- 128) us 
Batch average size = NaN (+/- 0) requests
TOMMessage ByteCount = 12214140
LCMessage ByteCount = 54
ConsensusMessage ByteCount = 120786
StandardSMMessage ByteCount = 6337
--- Measurements after 42000 ops (1000 samples) ---
Throughput = 4878.049 operations/sec (Maximum observed: 4878.049 ops/sec)
Total latency = 7006258.776203 (+/- 0) us 
Consensus latency = 6773.91207 (+/- 1563) us 
Pre-consensus latency = 0.0 (+/- 0) us 
Pos-consensus latency = 7002250.153537 (+/- 0) us 
Propose latency = 4449.4967400000005 (+/- 1490) us 
Write latency = 225.824468 (+/- 35) us 
Accept latency = 2098.590862 (+/- 334) us 
Batch average size = NaN (+/- 0) requests
TOMMessage ByteCount = 12214140
LCMessage ByteCount = 54
ConsensusMessage ByteCount = 120786
StandardSMMessage ByteCount = 6337
--- Measurements after 43000 ops (1000 samples) ---
Throughput = 4739.3364 operations/sec (Maximum observed: 4878.049 ops/sec)
Total latency = 7165313.221003001 (+/- 0) us 
Consensus latency = 3931.235894 (+/- 940) us 
Pre-consensus latency = 0.0 (+/- 0) us 
Pos-consensus latency = 7162070.160805999 (+/- 0) us 
Propose latency = 1139.384879 (+/- 288) us 
Write latency = 973.240458 (+/- 619) us 
Accept latency = 1818.610557 (+/- 367) us 
Batch average size = NaN (+/- 0) requests
TOMMessage ByteCount = 12214140
LCMessage ByteCount = 54
ConsensusMessage ByteCount = 120786
StandardSMMessage ByteCount = 6337
--- Measurements after 44000 ops (1000 samples) ---
Throughput = 4716.981 operations/sec (Maximum observed: 4878.049 ops/sec)
Total latency = 7331568.533380999 (+/- 0) us 
Consensus latency = 10265.301578 (+/- 1069) us 
Pre-consensus latency = 0.0 (+/- 0) us 
Pos-consensus latency = 7323035.433573 (+/- 0) us 
Propose latency = 7218.456609 (+/- 2033) us 
Write latency = 1201.715793 (+/- 732) us 
Accept latency = 1845.129176 (+/- 308) us 
Batch average size = NaN (+/- 0) requests
TOMMessage ByteCount = 12214140
LCMessage ByteCount = 54
ConsensusMessage ByteCount = 120786
StandardSMMessage ByteCount = 6337
--- Measurements after 45000 ops (1000 samples) ---
Throughput = 4854.369 operations/sec (Maximum observed: 4878.049 ops/sec)
Total latency = 7520452.949181 (+/- 0) us 
Consensus latency = 10945.20389 (+/- 580) us 
Pre-consensus latency = 0.0 (+/- 0) us 
Pos-consensus latency = 7511695.800205 (+/- 0) us 
Propose latency = 8777.774721999998 (+/- 673) us 
Write latency = 448.15471 (+/- 193) us 
Accept latency = 1719.274458 (+/- 100) us 
Batch average size = NaN (+/- 0) requests
TOMMessage ByteCount = 12214140
LCMessage ByteCount = 54
ConsensusMessage ByteCount = 120786
StandardSMMessage ByteCount = 6337
--- Measurements after 46000 ops (1000 samples) ---
Throughput = 4716.981 operations/sec (Maximum observed: 4878.049 ops/sec)
Total latency = 7704154.328673 (+/- 0) us 
Consensus latency = 9112.710395 (+/- 763) us 
Pre-consensus latency = 0.0 (+/- 0) us 
Pos-consensus latency = 7696869.098815 (+/- 0) us 
Propose latency = 6656.815324 (+/- 881) us 
Write latency = 674.7855969999999 (+/- 23) us 
Accept latency = 1781.1094739999999 (+/- 141) us 
Batch average size = NaN (+/- 0) requests
TOMMessage ByteCount = 12214140
LCMessage ByteCount = 54
ConsensusMessage ByteCount = 120786
StandardSMMessage ByteCount = 6337
--- Measurements after 47000 ops (1000 samples) ---
Throughput = 4854.369 operations/sec (Maximum observed: 4878.049 ops/sec)
Total latency = 7889736.647062 (+/- 0) us 
Consensus latency = 6391.439372000001 (+/- 1205) us 
Pre-consensus latency = 0.0 (+/- 0) us 
Pos-consensus latency = 7884685.47088 (+/- 0) us 
Propose latency = 3817.205144 (+/- 766) us 
Write latency = 887.9551700000001 (+/- 629) us 
Accept latency = 1686.2790579999998 (+/- 75) us 
Batch average size = NaN (+/- 0) requests
TOMMessage ByteCount = 12214140
LCMessage ByteCount = 54
ConsensusMessage ByteCount = 120786
StandardSMMessage ByteCount = 6337
--- Measurements after 48000 ops (1000 samples) ---
Throughput = 4694.8354 operations/sec (Maximum observed: 4878.049 ops/sec)
Total latency = 8072999.323238 (+/- 0) us 
Consensus latency = 4633.416346 (+/- 1784) us 
Pre-consensus latency = 0.0 (+/- 0) us 
Pos-consensus latency = 8069158.579268 (+/- 0) us 
Propose latency = 2820.438923 (+/- 1702) us 
Write latency = 188.439718 (+/- 27) us 
Accept latency = 1624.5377050000002 (+/- 472) us 
Batch average size = NaN (+/- 0) requests
TOMMessage ByteCount = 12214140
LCMessage ByteCount = 54
ConsensusMessage ByteCount = 120786
StandardSMMessage ByteCount = 6337
--- Measurements after 49000 ops (1000 samples) ---
Throughput = 2444.9878 operations/sec (Maximum observed: 4878.049 ops/sec)
Total latency = 8417161.267439 (+/- 0) us 
Consensus latency = 4010.429731 (+/- 479) us 
Pre-consensus latency = 0.0 (+/- 0) us 
Pos-consensus latency = 8414054.92646 (+/- 0) us 
Propose latency = 1827.705044 (+/- 540) us 
Write latency = 433.91524200000003 (+/- 350) us 
Accept latency = 1748.809445 (+/- 376) us 
Batch average size = 151780.0 (+/- 0) requests
TOMMessage ByteCount = 18812384
LCMessage ByteCount = 54
ConsensusMessage ByteCount = 120786
StandardSMMessage ByteCount = 6337
--- Measurements after 50000 ops (1000 samples) ---
Throughput = 4608.295 operations/sec (Maximum observed: 4878.049 ops/sec)
Total latency = 8643116.744076999 (+/- 0) us 
Consensus latency = 3576.332875 (+/- 437) us 
Pre-consensus latency = 0.0 (+/- 0) us 
Pos-consensus latency = 8640245.408985 (+/- 0) us 
Propose latency = 1305.165532 (+/- 319) us 
Write latency = 370.508145 (+/- 169) us 
Accept latency = 1900.659198 (+/- 234) us 
Batch average size = NaN (+/- 0) requests
TOMMessage ByteCount = 20584533
LCMessage ByteCount = 54
ConsensusMessage ByteCount = 120786
StandardSMMessage ByteCount = 6337
--- Measurements after 51000 ops (1000 samples) ---
Throughput = 4854.369 operations/sec (Maximum observed: 4878.049 ops/sec)
Total latency = 8829361.378322 (+/- 0) us 
Consensus latency = 3423.748333 (+/- 237) us 
Pre-consensus latency = 0.0 (+/- 0) us 
Pos-consensus latency = 8826569.394173 (+/- 0) us 
Propose latency = 1263.244099 (+/- 256) us 
Write latency = 480.20737199999996 (+/- 301) us 
Accept latency = 1680.296862 (+/- 135) us 
Batch average size = NaN (+/- 0) requests
TOMMessage ByteCount = 22238161
LCMessage ByteCount = 54
ConsensusMessage ByteCount = 120786
StandardSMMessage ByteCount = 6337
--- Measurements after 52000 ops (1000 samples) ---
Throughput = 4608.295 operations/sec (Maximum observed: 4878.049 ops/sec)
Total latency = 9005555.147989001 (+/- 0) us 
Consensus latency = 5942.789408 (+/- 2882) us 
Pre-consensus latency = 0.0 (+/- 0) us 
Pos-consensus latency = 9000694.119423 (+/- 0) us 
Propose latency = 2617.833037 (+/- 2464) us 
Write latency = 1310.414493 (+/- 767) us 
Accept latency = 2014.541878 (+/- 704) us 
Batch average size = NaN (+/- 0) requests
TOMMessage ByteCount = 23743732
LCMessage ByteCount = 54
ConsensusMessage ByteCount = 120786
StandardSMMessage ByteCount = 6337
--- Measurements after 53000 ops (1000 samples) ---
Throughput = 4854.369 operations/sec (Maximum observed: 4878.049 ops/sec)
Total latency = 9185859.553241 (+/- 0) us 
Consensus latency = 9552.596210000002 (+/- 1293) us 
Pre-consensus latency = 0.0 (+/- 0) us 
Pos-consensus latency = 9178173.916051 (+/- 0) us 
Propose latency = 6189.799915 (+/- 1368) us 
Write latency = 1803.02394 (+/- 6) us 
Accept latency = 1559.772355 (+/- 68) us 
Batch average size = NaN (+/- 0) requests
TOMMessage ByteCount = 25166905
LCMessage ByteCount = 54
ConsensusMessage ByteCount = 120786
StandardSMMessage ByteCount = 6337
--- Measurements after 54000 ops (1000 samples) ---
Throughput = 4566.21 operations/sec (Maximum observed: 4878.049 ops/sec)
Total latency = 9382418.243891 (+/- 0) us 
Consensus latency = 4986.397114 (+/- 1400) us 
Pre-consensus latency = 0.0 (+/- 0) us 
Pos-consensus latency = 9378552.438843 (+/- 0) us 
Propose latency = 2318.1994160000004 (+/- 932) us 
Write latency = 855.075828 (+/- 626) us 
Accept latency = 1813.1218700000002 (+/- 255) us 
Batch average size = NaN (+/- 0) requests
TOMMessage ByteCount = 26463212
LCMessage ByteCount = 54
ConsensusMessage ByteCount = 120786
StandardSMMessage ByteCount = 6337
--- Measurements after 55000 ops (1000 samples) ---
Throughput = 4347.826 operations/sec (Maximum observed: 4878.049 ops/sec)
Total latency = 9574737.341582 (+/- 0) us 
Consensus latency = 3425.8265180000003 (+/- 366) us 
Pre-consensus latency = 0.0 (+/- 0) us 
Pos-consensus latency = 9572072.044033 (+/- 0) us 
Propose latency = 1304.8373700000002 (+/- 309) us 
Write latency = 462.700299 (+/- 357) us 
Accept latency = 1658.288849 (+/- 111) us 
Batch average size = NaN (+/- 0) requests
TOMMessage ByteCount = 27719417
LCMessage ByteCount = 54
ConsensusMessage ByteCount = 120786
StandardSMMessage ByteCount = 6337
--- Measurements after 56000 ops (1000 samples) ---
Throughput = 4830.918 operations/sec (Maximum observed: 4878.049 ops/sec)
Total latency = 9767739.517614 (+/- 0) us 
Consensus latency = 3428.377136 (+/- 237) us 
Pre-consensus latency = 0.0 (+/- 0) us 
Pos-consensus latency = 9765008.052562 (+/- 0) us 
Propose latency = 1215.767903 (+/- 129) us 
Write latency = 546.259719 (+/- 210) us 
Accept latency = 1666.349514 (+/- 201) us 
Batch average size = NaN (+/- 0) requests
TOMMessage ByteCount = 28860302
LCMessage ByteCount = 54
ConsensusMessage ByteCount = 120786
StandardSMMessage ByteCount = 6337
--- Measurements after 57000 ops (1000 samples) ---
Throughput = 4444.4443 operations/sec (Maximum observed: 4878.049 ops/sec)
Total latency = 9954438.223723 (+/- 0) us 
Consensus latency = 4703.780802 (+/- 2199) us 
Pre-consensus latency = 0.0 (+/- 0) us 
Pos-consensus latency = 9950379.550521 (+/- 0) us 
Propose latency = 1238.039993 (+/- 146) us 
Write latency = 1892.9461059999999 (+/- 2727) us 
Accept latency = 1572.794703 (+/- 523) us 
Batch average size = NaN (+/- 0) requests
TOMMessage ByteCount = 29925040
LCMessage ByteCount = 54
ConsensusMessage ByteCount = 120786
StandardSMMessage ByteCount = 6337
--- Measurements after 58000 ops (1000 samples) ---
Throughput = 4854.369 operations/sec (Maximum observed: 4878.049 ops/sec)
Total latency = 1.0137109244882999E7 (+/- 0) us 
Consensus latency = 4675.335642 (+/- 1518) us 
Pre-consensus latency = 0.0 (+/- 0) us 
Pos-consensus latency = 1.0133108048138E7 (+/- 0) us 
Propose latency = 2771.2361490000003 (+/- 1559) us 
Write latency = 234.95888200000002 (+/- 552) us 
Accept latency = 1669.140611 (+/- 155) us 
Batch average size = NaN (+/- 0) requests
TOMMessage ByteCount = 30962367
LCMessage ByteCount = 54
ConsensusMessage ByteCount = 120786
StandardSMMessage ByteCount = 6337
--- Measurements after 59000 ops (1000 samples) ---
Throughput = 3344.4817 operations/sec (Maximum observed: 4878.049 ops/sec)
Total latency = 1.0372225661945999E7 (+/- 0) us 
Consensus latency = 3493.358057 (+/- 364) us 
Pre-consensus latency = 0.0 (+/- 0) us 
Pos-consensus latency = 1.0369399364017E7 (+/- 0) us 
Propose latency = 1229.997891 (+/- 408) us 
Write latency = 604.2830339999999 (+/- 351) us 
Accept latency = 1659.077132 (+/- 206) us 
Batch average size = NaN (+/- 0) requests
TOMMessage ByteCount = 32259184
LCMessage ByteCount = 54
ConsensusMessage ByteCount = 120786
StandardSMMessage ByteCount = 6337
--- Measurements after 60000 ops (1000 samples) ---
Throughput = 3968.254 operations/sec (Maximum observed: 4878.049 ops/sec)
Total latency = 1.0615260633652E7 (+/- 0) us 
Consensus latency = 4041.229449 (+/- 1466) us 
Pre-consensus latency = 0.0 (+/- 0) us 
Pos-consensus latency = 1.0611886512972001E7 (+/- 0) us 
Propose latency = 1217.581973 (+/- 143) us 
Write latency = 1140.385353 (+/- 1441) us 
Accept latency = 1683.262123 (+/- 243) us 
Batch average size = NaN (+/- 0) requests
TOMMessage ByteCount = 34547333
LCMessage ByteCount = 54
ConsensusMessage ByteCount = 120786
StandardSMMessage ByteCount = 6337
--- Measurements after 61000 ops (1000 samples) ---
Throughput = 3278.6885 operations/sec (Maximum observed: 4878.049 ops/sec)
Total latency = 1.0846083799803E7 (+/- 0) us 
Consensus latency = 10054.863736 (+/- 1154) us 
Pre-consensus latency = 0.0 (+/- 0) us 
Pos-consensus latency = 1.0837531001211E7 (+/- 0) us 
Propose latency = 7009.005472 (+/- 2908) us 
Write latency = 1504.85316 (+/- 1812) us 
Accept latency = 1541.005104 (+/- 55) us 
Batch average size = NaN (+/- 0) requests
TOMMessage ByteCount = 37064909
LCMessage ByteCount = 54
ConsensusMessage ByteCount = 120786
StandardSMMessage ByteCount = 6337
--- Measurements after 62000 ops (1000 samples) ---
Throughput = 3225.8064 operations/sec (Maximum observed: 4878.049 ops/sec)
Total latency = 1.1133386239406E7 (+/- 0) us 
Consensus latency = 8439.572563 (+/- 1195) us 
Pre-consensus latency = 0.0 (+/- 0) us 
Pos-consensus latency = 1.1126330117722E7 (+/- 0) us 
Propose latency = 3681.730649 (+/- 533) us 
Write latency = 3019.379232 (+/- 867) us 
Accept latency = 1738.462682 (+/- 112) us 
Batch average size = NaN (+/- 0) requests
TOMMessage ByteCount = 39335950
LCMessage ByteCount = 54
ConsensusMessage ByteCount = 120786
StandardSMMessage ByteCount = 6337
--- Measurements after 63000 ops (1000 samples) ---
Throughput = 3205.1282 operations/sec (Maximum observed: 4878.049 ops/sec)
Total latency = 1.1422782685844E7 (+/- 0) us 
Consensus latency = 5037.215047000001 (+/- 885) us 
Pre-consensus latency = 0.0 (+/- 0) us 
Pos-consensus latency = 1.1418673523449E7 (+/- 0) us 
Propose latency = 1846.6841499999998 (+/- 657) us 
Write latency = 1358.579993 (+/- 191) us 
Accept latency = 1831.950904 (+/- 165) us 
Batch average size = NaN (+/- 0) requests
TOMMessage ByteCount = 41376613
LCMessage ByteCount = 54
ConsensusMessage ByteCount = 120786
StandardSMMessage ByteCount = 6337
--- Measurements after 64000 ops (1000 samples) ---
Throughput = 3174.6033 operations/sec (Maximum observed: 4878.049 ops/sec)
Total latency = 1.1716838150585E7 (+/- 0) us 
Consensus latency = 3737.334879 (+/- 257) us 
Pre-consensus latency = 0.0 (+/- 0) us 
Pos-consensus latency = 1.1713754258522E7 (+/- 0) us 
Propose latency = 1310.127797 (+/- 309) us 
Write latency = 581.717983 (+/- 407) us 
Accept latency = 1845.489099 (+/- 208) us 
Batch average size = NaN (+/- 0) requests
TOMMessage ByteCount = 43308443
LCMessage ByteCount = 54
ConsensusMessage ByteCount = 120786
StandardSMMessage ByteCount = 6337
--- Measurements after 65000 ops (1000 samples) ---
Throughput = 3076.923 operations/sec (Maximum observed: 4878.049 ops/sec)
Total latency = 1.20131254567E7 (+/- 0) us 
Consensus latency = 3826.6902880000002 (+/- 221) us 
Pre-consensus latency = 0.0 (+/- 0) us 
Pos-consensus latency = 1.2009964549174E7 (+/- 0) us 
Propose latency = 1392.5256259999999 (+/- 373) us 
Write latency = 611.656096 (+/- 393) us 
Accept latency = 1822.5085660000002 (+/- 261) us 
Batch average size = NaN (+/- 0) requests
TOMMessage ByteCount = 44997037
LCMessage ByteCount = 54
ConsensusMessage ByteCount = 120786
StandardSMMessage ByteCount = 6337
--- Measurements after 66000 ops (1000 samples) ---
Throughput = 3521.1267 operations/sec (Maximum observed: 4878.049 ops/sec)
Total latency = 1.2285905519024E7 (+/- 0) us 
Consensus latency = 3537.383863 (+/- 347) us 
Pre-consensus latency = 0.0 (+/- 0) us 
Pos-consensus latency = 1.2283101703387E7 (+/- 0) us 
Propose latency = 1191.007969 (+/- 206) us 
Write latency = 714.101158 (+/- 245) us 
Accept latency = 1632.274736 (+/- 139) us 
Batch average size = NaN (+/- 0) requests
TOMMessage ByteCount = 46348348
LCMessage ByteCount = 54
ConsensusMessage ByteCount = 120786
StandardSMMessage ByteCount = 6337
--- Measurements after 67000 ops (1000 samples) ---
Throughput = 3636.3635 operations/sec (Maximum observed: 4878.049 ops/sec)
Total latency = 1.2535762680270001E7 (+/- 0) us 
Consensus latency = 5265.5643629999995 (+/- 3329) us 
Pre-consensus latency = 0.0 (+/- 0) us 
Pos-consensus latency = 1.2531181308791E7 (+/- 0) us 
Propose latency = 3354.623491 (+/- 3130) us 
Write latency = 185.224711 (+/- 89) us 
Accept latency = 1725.716161 (+/- 237) us 
Batch average size = NaN (+/- 0) requests
TOMMessage ByteCount = 47569770
LCMessage ByteCount = 54
ConsensusMessage ByteCount = 120786
StandardSMMessage ByteCount = 6337
--- Measurements after 68000 ops (1000 samples) ---
Throughput = 4739.3364 operations/sec (Maximum observed: 4878.049 ops/sec)
Total latency = 1.2764311696426E7 (+/- 0) us 
Consensus latency = 3193.203838 (+/- 495) us 
Pre-consensus latency = 0.0 (+/- 0) us 
Pos-consensus latency = 1.2761864860319E7 (+/- 0) us 
Propose latency = 1474.730308 (+/- 289) us 
Write latency = 201.339361 (+/- 130) us 
Accept latency = 1517.134169 (+/- 212) us 
Batch average size = NaN (+/- 0) requests
TOMMessage ByteCount = 48162296
LCMessage ByteCount = 54
ConsensusMessage ByteCount = 120786
StandardSMMessage ByteCount = 6337
--- Measurements after 69000 ops (1000 samples) ---
Throughput = 5952.381 operations/sec (Maximum observed: 5952.381 ops/sec)
Total latency = 1.2906165017158002E7 (+/- 0) us 
Consensus latency = 5840.355374 (+/- 2240) us 
Pre-consensus latency = 0.0 (+/- 0) us 
Pos-consensus latency = 1.2901142716331E7 (+/- 0) us 
Propose latency = 2283.027544 (+/- 2278) us 
Write latency = 1772.734877 (+/- 1600) us 
Accept latency = 1784.592953 (+/- 217) us 
Batch average size = NaN (+/- 0) requests
TOMMessage ByteCount = 48177111
LCMessage ByteCount = 54
ConsensusMessage ByteCount = 120786
StandardSMMessage ByteCount = 6337
--- Measurements after 70000 ops (1000 samples) ---
Throughput = 5319.149 operations/sec (Maximum observed: 5952.381 ops/sec)
Total latency = 1.3044945381104E7 (+/- 0) us 
Consensus latency = 10969.634066 (+/- 1618) us 
Pre-consensus latency = 0.0 (+/- 0) us 
Pos-consensus latency = 1.3035490238826001E7 (+/- 0) us 
Propose latency = 5672.706414 (+/- 898) us 
Write latency = 1973.951196 (+/- 893) us 
Accept latency = 3322.976456 (+/- 1500) us 
Batch average size = NaN (+/- 0) requests
TOMMessage ByteCount = 48177111
LCMessage ByteCount = 54
ConsensusMessage ByteCount = 120786
StandardSMMessage ByteCount = 6337
--- Measurements after 71000 ops (1000 samples) ---
Throughput = 4926.1084 operations/sec (Maximum observed: 5952.381 ops/sec)
Total latency = 1.3227557160674999E7 (+/- 0) us 
Consensus latency = 7071.017492 (+/- 1679) us 
Pre-consensus latency = 0.0 (+/- 0) us 
Pos-consensus latency = 1.3221973291435E7 (+/- 0) us 
Propose latency = 3937.0518199999997 (+/- 397) us 
Write latency = 1208.859556 (+/- 987) us 
Accept latency = 1925.106116 (+/- 341) us 
Batch average size = NaN (+/- 0) requests
TOMMessage ByteCount = 48178171
LCMessage ByteCount = 54
ConsensusMessage ByteCount = 120786
StandardSMMessage ByteCount = 6337
--- Measurements after 72000 ops (1000 samples) ---
Throughput = 5681.8184 operations/sec (Maximum observed: 5952.381 ops/sec)
Total latency = 1.3390878020672001E7 (+/- 0) us 
Consensus latency = 3513.845722 (+/- 332) us 
Pre-consensus latency = 0.0 (+/- 0) us 
Pos-consensus latency = 1.3388115083012E7 (+/- 0) us 
Propose latency = 1644.302789 (+/- 540) us 
Write latency = 397.62566999999996 (+/- 234) us 
Accept latency = 1471.917263 (+/- 260) us 
Batch average size = NaN (+/- 0) requests
TOMMessage ByteCount = 48180281
LCMessage ByteCount = 54
ConsensusMessage ByteCount = 120786
StandardSMMessage ByteCount = 6337
--- Measurements after 73000 ops (1000 samples) ---
Throughput = 6134.969 operations/sec (Maximum observed: 6134.969 ops/sec)
Total latency = 1.3536116805547E7 (+/- 0) us 
Consensus latency = 3130.091132 (+/- 146) us 
Pre-consensus latency = 0.0 (+/- 0) us 
Pos-consensus latency = 1.3533539412746001E7 (+/- 0) us 
Propose latency = 939.606987 (+/- 113) us 
Write latency = 613.5652560000001 (+/- 188) us 
Accept latency = 1576.918889 (+/- 120) us 
Batch average size = NaN (+/- 0) requests
TOMMessage ByteCount = 48180281
LCMessage ByteCount = 54
ConsensusMessage ByteCount = 120786
StandardSMMessage ByteCount = 6337
--- Measurements after 74000 ops (1000 samples) ---
Throughput = 6711.409 operations/sec (Maximum observed: 6711.409 ops/sec)
Total latency = 1.3662866505292E7 (+/- 0) us 
Consensus latency = 3599.901128 (+/- 244) us 
Pre-consensus latency = 0.0 (+/- 0) us 
Pos-consensus latency = 1.3659873182705E7 (+/- 0) us 
Propose latency = 1377.0826610000001 (+/- 344) us 
Write latency = 499.183679 (+/- 333) us 
Accept latency = 1723.6347879999998 (+/- 195) us 
Batch average size = NaN (+/- 0) requests
TOMMessage ByteCount = 48180281
LCMessage ByteCount = 54
ConsensusMessage ByteCount = 120786
StandardSMMessage ByteCount = 6337
--- Measurements after 75000 ops (1000 samples) ---
Throughput = 6097.561 operations/sec (Maximum observed: 6711.409 ops/sec)
Total latency = 1.3785466285526E7 (+/- 0) us 
Consensus latency = 3551.708924 (+/- 140) us 
Pre-consensus latency = 0.0 (+/- 0) us 
Pos-consensus latency = 1.3782567718319E7 (+/- 0) us 
Propose latency = 1106.557174 (+/- 269) us 
Write latency = 739.7867650000001 (+/- 175) us 
Accept latency = 1705.3649850000002 (+/- 191) us 
Batch average size = NaN (+/- 0) requests
TOMMessage ByteCount = 48180281
LCMessage ByteCount = 54
ConsensusMessage ByteCount = 120786
StandardSMMessage ByteCount = 6337
--- Measurements after 76000 ops (1000 samples) ---
Throughput = 6711.409 operations/sec (Maximum observed: 6711.409 ops/sec)
Total latency = 1.3920539655519E7 (+/- 0) us 
Consensus latency = 5753.200431 (+/- 3136) us 
Pre-consensus latency = 0.0 (+/- 0) us 
Pos-consensus latency = 1.3915422547889E7 (+/- 0) us 
Propose latency = 2046.356199 (+/- 2232) us 
Write latency = 649.312992 (+/- 365) us 
Accept latency = 3057.5312400000003 (+/- 2525) us 
Batch average size = NaN (+/- 0) requests
TOMMessage ByteCount = 48181336
LCMessage ByteCount = 54
ConsensusMessage ByteCount = 120786
StandardSMMessage ByteCount = 6337
--- Measurements after 77000 ops (1000 samples) ---
Throughput = 6622.5166 operations/sec (Maximum observed: 6711.409 ops/sec)
Total latency = 1.4034659072511E7 (+/- 0) us 
Consensus latency = 6416.071882 (+/- 3124) us 
Pre-consensus latency = 0.0 (+/- 0) us 
Pos-consensus latency = 1.4029070117847E7 (+/- 0) us 
Propose latency = 4146.249834 (+/- 3306) us 
Write latency = 470.16697100000005 (+/- 534) us 
Accept latency = 1799.6550770000001 (+/- 579) us 
Batch average size = NaN (+/- 0) requests
TOMMessage ByteCount = 48181336
LCMessage ByteCount = 54
ConsensusMessage ByteCount = 120786
StandardSMMessage ByteCount = 6337
--- Measurements after 78000 ops (1000 samples) ---
Throughput = 6622.5166 operations/sec (Maximum observed: 6711.409 ops/sec)
Total latency = 1.4157241489268E7 (+/- 0) us 
Consensus latency = 9192.403057 (+/- 622) us 
Pre-consensus latency = 0.0 (+/- 0) us 
Pos-consensus latency = 1.4149406201536E7 (+/- 0) us 
Propose latency = 4034.755548 (+/- 1354) us 
Write latency = 3461.9713500000003 (+/- 1361) us 
Accept latency = 1695.676159 (+/- 213) us 
Batch average size = NaN (+/- 0) requests
TOMMessage ByteCount = 48181336
LCMessage ByteCount = 54
ConsensusMessage ByteCount = 120786
StandardSMMessage ByteCount = 6337
--- Measurements after 79000 ops (1000 samples) ---
Throughput = 6666.6665 operations/sec (Maximum observed: 6711.409 ops/sec)
Total latency = 1.4287064983134001E7 (+/- 0) us 
Consensus latency = 5148.698596 (+/- 1333) us 
Pre-consensus latency = 0.0 (+/- 0) us 
Pos-consensus latency = 1.4282844264756E7 (+/- 0) us 
Propose latency = 2241.739108 (+/- 991) us 
Write latency = 1256.8656540000002 (+/- 589) us 
Accept latency = 1650.093834 (+/- 113) us 
Batch average size = NaN (+/- 0) requests
TOMMessage ByteCount = 48182398
LCMessage ByteCount = 54
ConsensusMessage ByteCount = 120786
StandardSMMessage ByteCount = 6337
--- Measurements after 80000 ops (1000 samples) ---
Throughput = 6711.409 operations/sec (Maximum observed: 6711.409 ops/sec)
Total latency = 1.4410253508536E7 (+/- 0) us 
Consensus latency = 3329.6609559999997 (+/- 269) us 
Pre-consensus latency = 0.0 (+/- 0) us 
Pos-consensus latency = 1.4407467319212E7 (+/- 0) us 
Propose latency = 1126.181922 (+/- 251) us 
Write latency = 558.597818 (+/- 332) us 
Accept latency = 1644.881216 (+/- 211) us 
Batch average size = NaN (+/- 0) requests
TOMMessage ByteCount = 48182398
LCMessage ByteCount = 54
ConsensusMessage ByteCount = 120786
StandardSMMessage ByteCount = 6337
--- Measurements after 81000 ops (1000 samples) ---
Throughput = 6060.606 operations/sec (Maximum observed: 6711.409 ops/sec)
Total latency = 1.4544078141167E7 (+/- 0) us 
Consensus latency = 3655.502784 (+/- 356) us 
Pre-consensus latency = 0.0 (+/- 0) us 
Pos-consensus latency = 1.4540957948767E7 (+/- 0) us 
Propose latency = 1061.331293 (+/- 101) us 
Write latency = 772.178021 (+/- 380) us 
Accept latency = 1821.99347 (+/- 177) us 
Batch average size = NaN (+/- 0) requests
TOMMessage ByteCount = 48182398
LCMessage ByteCount = 54
ConsensusMessage ByteCount = 120786
StandardSMMessage ByteCount = 6337
--- Measurements after 82000 ops (1000 samples) ---
Throughput = 6666.6665 operations/sec (Maximum observed: 6711.409 ops/sec)
Total latency = 1.4668414006341E7 (+/- 0) us 
Consensus latency = 3547.916077 (+/- 415) us 
Pre-consensus latency = 0.0 (+/- 0) us 
Pos-consensus latency = 1.4665488852362E7 (+/- 0) us 
Propose latency = 1080.4539920000002 (+/- 165) us 
Write latency = 762.797195 (+/- 442) us 
Accept latency = 1704.6648899999998 (+/- 133) us 
Batch average size = NaN (+/- 0) requests
TOMMessage ByteCount = 48185571
LCMessage ByteCount = 54
ConsensusMessage ByteCount = 120786
StandardSMMessage ByteCount = 6337
--- Measurements after 83000 ops (1000 samples) ---
Throughput = 6666.6665 operations/sec (Maximum observed: 6711.409 ops/sec)
Total latency = 1.4790984083754E7 (+/- 0) us 
Consensus latency = 3275.750759 (+/- 139) us 
Pre-consensus latency = 0.0 (+/- 0) us 
Pos-consensus latency = 1.4788272914340999E7 (+/- 0) us 
Propose latency = 1128.732553 (+/- 176) us 
Write latency = 594.723926 (+/- 307) us 
Accept latency = 1552.29428 (+/- 171) us 
Batch average size = NaN (+/- 0) requests
TOMMessage ByteCount = 48213054
LCMessage ByteCount = 54
ConsensusMessage ByteCount = 120786
StandardSMMessage ByteCount = 6337
--- Measurements after 84000 ops (1000 samples) ---
Throughput = 6666.6665 operations/sec (Maximum observed: 6711.409 ops/sec)
Total latency = 1.4912703801366E7 (+/- 0) us 
Consensus latency = 3617.113355 (+/- 362) us 
Pre-consensus latency = 0.0 (+/- 0) us 
Pos-consensus latency = 1.4909695855492001E7 (+/- 0) us 
Propose latency = 1298.212616 (+/- 392) us 
Write latency = 834.428152 (+/- 343) us 
Accept latency = 1484.472587 (+/- 245) us 
Batch average size = NaN (+/- 0) requests
TOMMessage ByteCount = 48489049
LCMessage ByteCount = 54
ConsensusMessage ByteCount = 120786
StandardSMMessage ByteCount = 6337
--- Measurements after 85000 ops (1000 samples) ---
Throughput = 6060.606 operations/sec (Maximum observed: 6711.409 ops/sec)
Total latency = 1.5039998832736E7 (+/- 0) us 
Consensus latency = 3447.308288 (+/- 322) us 
Pre-consensus latency = 0.0 (+/- 0) us 
Pos-consensus latency = 1.5037102149656E7 (+/- 0) us 
Propose latency = 1335.0871229999998 (+/- 382) us 
Write latency = 643.676283 (+/- 336) us 
Accept latency = 1468.544882 (+/- 136) us 
Batch average size = NaN (+/- 0) requests
TOMMessage ByteCount = 48804180
LCMessage ByteCount = 54
ConsensusMessage ByteCount = 120786
StandardSMMessage ByteCount = 6337
--- Measurements after 86000 ops (1000 samples) ---
Throughput = 6666.6665 operations/sec (Maximum observed: 6711.409 ops/sec)
Total latency = 1.5157094506204E7 (+/- 0) us 
Consensus latency = 13346.622577 (+/- 4099) us 
Pre-consensus latency = 0.0 (+/- 0) us 
Pos-consensus latency = 1.5144989228621E7 (+/- 0) us 
Propose latency = 5804.40469 (+/- 2440) us 
Write latency = 4927.580674 (+/- 2882) us 
Accept latency = 2614.637213 (+/- 1418) us 
Batch average size = NaN (+/- 0) requests
TOMMessage ByteCount = 49076998
LCMessage ByteCount = 54
ConsensusMessage ByteCount = 120786
StandardSMMessage ByteCount = 6337
--- Measurements after 87000 ops (1000 samples) ---
Throughput = 6711.409 operations/sec (Maximum observed: 6711.409 ops/sec)
Total latency = 1.5276402944365999E7 (+/- 0) us 
Consensus latency = 17626.628960000002 (+/- 323) us 
Pre-consensus latency = 0.0 (+/- 0) us 
Pos-consensus latency = 1.5261019553566E7 (+/- 0) us 
Propose latency = 9191.196119999999 (+/- 51) us 
Write latency = 6078.4511600000005 (+/- 280) us 
Accept latency = 2356.9816800000003 (+/- 94) us 
Batch average size = NaN (+/- 0) requests
TOMMessage ByteCount = 49360420
LCMessage ByteCount = 54
ConsensusMessage ByteCount = 120786
StandardSMMessage ByteCount = 6337
--- Measurements after 88000 ops (1000 samples) ---
Throughput = 6711.409 operations/sec (Maximum observed: 6711.409 ops/sec)
Total latency = 1.5401403530841E7 (+/- 0) us 
Consensus latency = 16158.926915999999 (+/- 1260) us 
Pre-consensus latency = 0.0 (+/- 0) us 
Pos-consensus latency = 1.5387463941317E7 (+/- 0) us 
Propose latency = 9167.937119999999 (+/- 216) us 
Write latency = 4796.100256 (+/- 1107) us 
Accept latency = 2194.88954 (+/- 63) us 
Batch average size = NaN (+/- 0) requests
TOMMessage ByteCount = 49652248
LCMessage ByteCount = 54
ConsensusMessage ByteCount = 120786
StandardSMMessage ByteCount = 6337
--- Measurements after 89000 ops (1000 samples) ---
Throughput = 6711.409 operations/sec (Maximum observed: 6711.409 ops/sec)
Total latency = 1.5527101604866E7 (+/- 0) us 
Consensus latency = 13012.378823000001 (+/- 1099) us 
Pre-consensus latency = 0.0 (+/- 0) us 
Pos-consensus latency = 1.5515767963899E7 (+/- 0) us 
Propose latency = 7871.32903 (+/- 941) us 
Write latency = 2899.5029 (+/- 102) us 
Accept latency = 2241.546893 (+/- 55) us 
Batch average size = NaN (+/- 0) requests
TOMMessage ByteCount = 49996901
LCMessage ByteCount = 54
ConsensusMessage ByteCount = 120786
StandardSMMessage ByteCount = 6337
--- Measurements after 90000 ops (1000 samples) ---
Throughput = 6060.606 operations/sec (Maximum observed: 6711.409 ops/sec)
Total latency = 1.5654974746287001E7 (+/- 0) us 
Consensus latency = 7684.351984 (+/- 2049) us 
Pre-consensus latency = 0.0 (+/- 0) us 
Pos-consensus latency = 1.5648628314826999E7 (+/- 0) us 
Propose latency = 4718.467992 (+/- 1325) us 
Write latency = 1366.456248 (+/- 559) us 
Accept latency = 1599.4277439999998 (+/- 332) us 
Batch average size = NaN (+/- 0) requests
TOMMessage ByteCount = 50369127
LCMessage ByteCount = 54
ConsensusMessage ByteCount = 120786
StandardSMMessage ByteCount = 6337
--- Measurements after 91000 ops (1000 samples) ---
Throughput = 6711.409 operations/sec (Maximum observed: 6711.409 ops/sec)
Total latency = 1.5794203669962E7 (+/- 0) us 
Consensus latency = 4152.011894 (+/- 495) us 
Pre-consensus latency = 0.0 (+/- 0) us 
Pos-consensus latency = 1.5790727962662E7 (+/- 0) us 
Propose latency = 1868.645078 (+/- 708) us 
Write latency = 541.476398 (+/- 508) us 
Accept latency = 1741.890418 (+/- 234) us 
Batch average size = NaN (+/- 0) requests
TOMMessage ByteCount = 50700088
LCMessage ByteCount = 54
ConsensusMessage ByteCount = 120786
StandardSMMessage ByteCount = 6337
--- Measurements after 92000 ops (1000 samples) ---
Throughput = 6711.409 operations/sec (Maximum observed: 6711.409 ops/sec)
Total latency = 1.5916015113094E7 (+/- 0) us 
Consensus latency = 3183.0415 (+/- 295) us 
Pre-consensus latency = 0.0 (+/- 0) us 
Pos-consensus latency = 1.5913421620556999E7 (+/- 0) us 
Propose latency = 1218.329581 (+/- 383) us 
Write latency = 410.697833 (+/- 236) us 
Accept latency = 1554.014086 (+/- 156) us 
Batch average size = NaN (+/- 0) requests
TOMMessage ByteCount = 50996168
LCMessage ByteCount = 54
ConsensusMessage ByteCount = 120786
StandardSMMessage ByteCount = 6337
--- Measurements after 93000 ops (1000 samples) ---
Throughput = 6711.409 operations/sec (Maximum observed: 6711.409 ops/sec)
Total latency = 1.6037664738444E7 (+/- 0) us 
Consensus latency = 3339.762238 (+/- 382) us 
Pre-consensus latency = 0.0 (+/- 0) us 
Pos-consensus latency = 1.6034945175781E7 (+/- 0) us 
Propose latency = 1118.687406 (+/- 137) us 
Write latency = 594.629379 (+/- 410) us 
Accept latency = 1626.445453 (+/- 169) us 
Batch average size = NaN (+/- 0) requests
TOMMessage ByteCount = 51286945
LCMessage ByteCount = 54
ConsensusMessage ByteCount = 120786
StandardSMMessage ByteCount = 6337
--- Measurements after 94000 ops (1000 samples) ---
Throughput = 6711.409 operations/sec (Maximum observed: 6711.409 ops/sec)
Total latency = 1.6159000974617E7 (+/- 0) us 
Consensus latency = 3269.192364 (+/- 205) us 
Pre-consensus latency = 0.0 (+/- 0) us 
Pos-consensus latency = 1.6156297313017E7 (+/- 0) us 
Propose latency = 1127.968562 (+/- 156) us 
Write latency = 449.840644 (+/- 325) us 
Accept latency = 1691.383158 (+/- 78) us 
Batch average size = NaN (+/- 0) requests
TOMMessage ByteCount = 51579766
LCMessage ByteCount = 54
ConsensusMessage ByteCount = 120786
StandardSMMessage ByteCount = 6337
--- Measurements after 95000 ops (1000 samples) ---
Throughput = 5434.7827 operations/sec (Maximum observed: 6711.409 ops/sec)
Total latency = 1.6280028494995002E7 (+/- 0) us 
Consensus latency = 6524.246643 (+/- 6028) us 
Pre-consensus latency = 0.0 (+/- 0) us 
Pos-consensus latency = 1.6274058547979001E7 (+/- 0) us 
Propose latency = 4612.124636 (+/- 5989) us 
Write latency = 315.374456 (+/- 210) us 
Accept latency = 1596.747551 (+/- 107) us 
Batch average size = NaN (+/- 0) requests
TOMMessage ByteCount = 51898022
LCMessage ByteCount = 54
ConsensusMessage ByteCount = 120786
StandardSMMessage ByteCount = 6337
--- Measurements after 96000 ops (1000 samples) ---
Throughput = 4694.8354 operations/sec (Maximum observed: 6711.409 ops/sec)
Total latency = 1.6459663411376E7 (+/- 0) us 
Consensus latency = 3756.585332 (+/- 1159) us 
Pre-consensus latency = 0.0 (+/- 0) us 
Pos-consensus latency = 1.6456603462737E7 (+/- 0) us 
Propose latency = 1774.106308 (+/- 885) us 
Write latency = 323.408354 (+/- 311) us 
Accept latency = 1659.0706699999998 (+/- 59) us 
Batch average size = NaN (+/- 0) requests
TOMMessage ByteCount = 52261788
LCMessage ByteCount = 54
ConsensusMessage ByteCount = 120786
StandardSMMessage ByteCount = 6337
--- Measurements after 97000 ops (1000 samples) ---
Throughput = 4739.3364 operations/sec (Maximum observed: 6711.409 ops/sec)
Total latency = 1.6652044847723E7 (+/- 0) us 
Consensus latency = 4467.2265290000005 (+/- 638) us 
Pre-consensus latency = 0.0 (+/- 0) us 
Pos-consensus latency = 1.6648401077448E7 (+/- 0) us 
Propose latency = 1655.362787 (+/- 838) us 
Write latency = 1088.5339580000002 (+/- 567) us 
Accept latency = 1723.329784 (+/- 191) us 
Batch average size = NaN (+/- 0) requests
TOMMessage ByteCount = 52595889
LCMessage ByteCount = 54
ConsensusMessage ByteCount = 120786
StandardSMMessage ByteCount = 6337
--- Measurements after 98000 ops (1000 samples) ---
Throughput = 4716.981 operations/sec (Maximum observed: 6711.409 ops/sec)
Total latency = 1.6831789669552E7 (+/- 0) us 
Consensus latency = 8783.484083000001 (+/- 2182) us 
Pre-consensus latency = 0.0 (+/- 0) us 
Pos-consensus latency = 1.6823928251766E7 (+/- 0) us 
Propose latency = 3696.8016740000003 (+/- 3079) us 
Write latency = 3395.034615 (+/- 3403) us 
Accept latency = 1691.647794 (+/- 25) us 
Batch average size = NaN (+/- 0) requests
TOMMessage ByteCount = 53017765
LCMessage ByteCount = 54
ConsensusMessage ByteCount = 120786
StandardSMMessage ByteCount = 6337
--- Measurements after 99000 ops (1000 samples) ---
Throughput = 4739.3364 operations/sec (Maximum observed: 6711.409 ops/sec)
Total latency = 1.701746397132E7 (+/- 0) us 
Consensus latency = 5164.718388 (+/- 1560) us 
Pre-consensus latency = 0.0 (+/- 0) us 
Pos-consensus latency = 1.701334548962E7 (+/- 0) us 
Propose latency = 3291.823128 (+/- 1594) us 
Write latency = 214.63271 (+/- 133) us 
Accept latency = 1658.2625500000001 (+/- 14) us 
Batch average size = NaN (+/- 0) requests
TOMMessage ByteCount = 53733605
LCMessage ByteCount = 54
ConsensusMessage ByteCount = 120786
StandardSMMessage ByteCount = 6337
--- Measurements after 100000 ops (1000 samples) ---
Throughput = 4184.1006 operations/sec (Maximum observed: 6711.409 ops/sec)
Total latency = 1.7207220127515E7 (+/- 0) us 
Consensus latency = 3157.861179 (+/- 394) us 
Pre-consensus latency = 0.0 (+/- 0) us 
Pos-consensus latency = 1.720468056712E7 (+/- 0) us 
Propose latency = 1120.264044 (+/- 230) us 
Write latency = 393.360831 (+/- 170) us 
Accept latency = 1644.236304 (+/- 134) us 
Batch average size = NaN (+/- 0) requests
TOMMessage ByteCount = 54524459
LCMessage ByteCount = 54
ConsensusMessage ByteCount = 120786
StandardSMMessage ByteCount = 6337
--- Measurements after 101000 ops (1000 samples) ---
Throughput = 4761.905 operations/sec (Maximum observed: 6711.409 ops/sec)
Total latency = 1.7414250533277E7 (+/- 0) us 
Consensus latency = 3845.801673 (+/- 444) us 
Pre-consensus latency = 0.0 (+/- 0) us 
Pos-consensus latency = 1.7411049705847E7 (+/- 0) us 
Propose latency = 1417.652001 (+/- 551) us 
Write latency = 468.185238 (+/- 168) us 
Accept latency = 1959.964434 (+/- 272) us 
Batch average size = NaN (+/- 0) requests
TOMMessage ByteCount = 55156766
LCMessage ByteCount = 54
ConsensusMessage ByteCount = 120786
StandardSMMessage ByteCount = 6337
--- Measurements after 102000 ops (1000 samples) ---
Throughput = 6622.5166 operations/sec (Maximum observed: 6711.409 ops/sec)
Total latency = 1.7567596275958E7 (+/- 0) us 
Consensus latency = 3545.547257 (+/- 523) us 
Pre-consensus latency = 0.0 (+/- 0) us 
Pos-consensus latency = 1.7564628898171E7 (+/- 0) us 
Propose latency = 1193.794125 (+/- 182) us 
Write latency = 687.279794 (+/- 427) us 
Accept latency = 1664.473338 (+/- 250) us 
Batch average size = NaN (+/- 0) requests
TOMMessage ByteCount = 55630417
LCMessage ByteCount = 54
ConsensusMessage ByteCount = 120786
StandardSMMessage ByteCount = 6337
--- Measurements after 103000 ops (1000 samples) ---
Throughput = 6622.5166 operations/sec (Maximum observed: 6711.409 ops/sec)
Total latency = 1.7690717876884997E7 (+/- 0) us 
Consensus latency = 3173.0374300000003 (+/- 243) us 
Pre-consensus latency = 0.0 (+/- 0) us 
Pos-consensus latency = 1.7688098890577E7 (+/- 0) us 
Propose latency = 1071.911288 (+/- 256) us 
Write latency = 397.796977 (+/- 194) us 
Accept latency = 1703.329165 (+/- 122) us 
Batch average size = NaN (+/- 0) requests
TOMMessage ByteCount = 56064995
LCMessage ByteCount = 54
ConsensusMessage ByteCount = 120786
StandardSMMessage ByteCount = 6337
--- Measurements after 104000 ops (1000 samples) ---
Throughput = 6666.6665 operations/sec (Maximum observed: 6711.409 ops/sec)
Total latency = 1.7810364878836E7 (+/- 0) us 
Consensus latency = 4746.862352 (+/- 2797) us 
Pre-consensus latency = 0.0 (+/- 0) us 
Pos-consensus latency = 1.7806219207931E7 (+/- 0) us 
Propose latency = 2644.7709569999997 (+/- 3026) us 
Write latency = 422.980694 (+/- 276) us 
Accept latency = 1679.1107009999998 (+/- 205) us 
Batch average size = NaN (+/- 0) requests
TOMMessage ByteCount = 56487923
LCMessage ByteCount = 54
ConsensusMessage ByteCount = 120786
StandardSMMessage ByteCount = 6337
--- Measurements after 105000 ops (1000 samples) ---
Throughput = 5617.9775 operations/sec (Maximum observed: 6711.409 ops/sec)
Total latency = 1.7927351670116E7 (+/- 0) us 
Consensus latency = 3500.936349 (+/- 1239) us 
Pre-consensus latency = 0.0 (+/- 0) us 
Pos-consensus latency = 1.7924351569287E7 (+/- 0) us 
Propose latency = 1649.6744339999998 (+/- 1282) us 
Write latency = 196.436881 (+/- 93) us 
Accept latency = 1654.825034 (+/- 137) us 
Batch average size = NaN (+/- 0) requests
TOMMessage ByteCount = 56921469
LCMessage ByteCount = 54
ConsensusMessage ByteCount = 120786
StandardSMMessage ByteCount = 6337
--- Measurements after 106000 ops (1000 samples) ---
Throughput = 6622.5166 operations/sec (Maximum observed: 6711.409 ops/sec)
Total latency = 1.8078420228804E7 (+/- 0) us 
Consensus latency = 6541.208395 (+/- 3681) us 
Pre-consensus latency = 0.0 (+/- 0) us 
Pos-consensus latency = 1.8072751325294E7 (+/- 0) us 
Propose latency = 4714.609506 (+/- 3656) us 
Write latency = 136.189044 (+/- 35) us 
Accept latency = 1690.409845 (+/- 17) us 
Batch average size = NaN (+/- 0) requests
TOMMessage ByteCount = 57325365
LCMessage ByteCount = 54
ConsensusMessage ByteCount = 120786
StandardSMMessage ByteCount = 6337
--- Measurements after 107000 ops (1000 samples) ---
Throughput = 6578.9473 operations/sec (Maximum observed: 6711.409 ops/sec)
Total latency = 1.8205546936479E7 (+/- 0) us 
Consensus latency = 4372.517605999999 (+/- 779) us 
Pre-consensus latency = 0.0 (+/- 0) us 
Pos-consensus latency = 1.8202122336585E7 (+/- 0) us 
Propose latency = 1973.248884 (+/- 767) us 
Write latency = 797.124131 (+/- 329) us 
Accept latency = 1602.144591 (+/- 35) us 
Batch average size = NaN (+/- 0) requests
TOMMessage ByteCount = 57744088
LCMessage ByteCount = 54
ConsensusMessage ByteCount = 120786
StandardSMMessage ByteCount = 6337
--- Measurements after 108000 ops (1000 samples) ---
Throughput = 6578.9473 operations/sec (Maximum observed: 6711.409 ops/sec)
Total latency = 1.8326037067548E7 (+/- 0) us 
Consensus latency = 6428.5722860000005 (+/- 2951) us 
Pre-consensus latency = 0.0 (+/- 0) us 
Pos-consensus latency = 1.8320429994057998E7 (+/- 0) us 
Propose latency = 1859.424413 (+/- 1407) us 
Write latency = 1161.388287 (+/- 470) us 
Accept latency = 3407.759586 (+/- 3098) us 
Batch average size = NaN (+/- 0) requests
TOMMessage ByteCount = 58188204
LCMessage ByteCount = 54
ConsensusMessage ByteCount = 120786
StandardSMMessage ByteCount = 6337
--- Measurements after 109000 ops (1000 samples) ---
Throughput = 6578.9473 operations/sec (Maximum observed: 6711.409 ops/sec)
Total latency = 1.8448066278449003E7 (+/- 0) us 
Consensus latency = 7475.124752000001 (+/- 1683) us 
Pre-consensus latency = 0.0 (+/- 0) us 
Pos-consensus latency = 1.8442058290943E7 (+/- 0) us 
Propose latency = 4841.100832 (+/- 1072) us 
Write latency = 1127.257034 (+/- 636) us 
Accept latency = 1506.7668859999999 (+/- 26) us 
Batch average size = NaN (+/- 0) requests
TOMMessage ByteCount = 58597393
LCMessage ByteCount = 54
ConsensusMessage ByteCount = 120786
StandardSMMessage ByteCount = 6337
--- Measurements after 110000 ops (1000 samples) ---
Throughput = 5617.9775 operations/sec (Maximum observed: 6711.409 ops/sec)
Total latency = 1.8588267646636E7 (+/- 0) us 
Consensus latency = 4437.826769 (+/- 741) us 
Pre-consensus latency = 0.0 (+/- 0) us 
Pos-consensus latency = 1.8584628899501E7 (+/- 0) us 
Propose latency = 2013.903339 (+/- 768) us 
Write latency = 792.990421 (+/- 477) us 
Accept latency = 1630.933009 (+/- 145) us 
Batch average size = NaN (+/- 0) requests
TOMMessage ByteCount = 59019273
LCMessage ByteCount = 54
ConsensusMessage ByteCount = 120786
StandardSMMessage ByteCount = 6337
--- Measurements after 111000 ops (1000 samples) ---
Throughput = 6535.9478 operations/sec (Maximum observed: 6711.409 ops/sec)
Total latency = 1.8730664540432E7 (+/- 0) us 
Consensus latency = 3600.778269 (+/- 191) us 
Pre-consensus latency = 0.0 (+/- 0) us 
Pos-consensus latency = 1.8727643057513002E7 (+/- 0) us 
Propose latency = 1128.188616 (+/- 258) us 
Write latency = 749.6992349999999 (+/- 399) us 
Accept latency = 1722.890418 (+/- 141) us 
Batch average size = NaN (+/- 0) requests
TOMMessage ByteCount = 59415787
LCMessage ByteCount = 54
ConsensusMessage ByteCount = 120786
StandardSMMessage ByteCount = 6337
--- Measurements after 112000 ops (1000 samples) ---
Throughput = 6535.9478 operations/sec (Maximum observed: 6711.409 ops/sec)
Total latency = 1.8855651874088E7 (+/- 0) us 
Consensus latency = 3377.152045 (+/- 145) us 
Pre-consensus latency = 0.0 (+/- 0) us 
Pos-consensus latency = 1.8852802734725E7 (+/- 0) us 
Propose latency = 1123.749632 (+/- 296) us 
Write latency = 642.5013329999999 (+/- 444) us 
Accept latency = 1610.90108 (+/- 159) us 
Batch average size = NaN (+/- 0) requests
TOMMessage ByteCount = 59823937
LCMessage ByteCount = 54
ConsensusMessage ByteCount = 120786
StandardSMMessage ByteCount = 6337
--- Measurements after 113000 ops (1000 samples) ---
Throughput = 6578.9473 operations/sec (Maximum observed: 6711.409 ops/sec)
Total latency = 1.8980787239473E7 (+/- 0) us 
Consensus latency = 3329.6005729999997 (+/- 166) us 
Pre-consensus latency = 0.0 (+/- 0) us 
Pos-consensus latency = 1.8978021179086E7 (+/- 0) us 
Propose latency = 1020.8876750000001 (+/- 84) us 
Write latency = 585.235983 (+/- 293) us 
Accept latency = 1723.476915 (+/- 229) us 
Batch average size = NaN (+/- 0) requests
TOMMessage ByteCount = 60231011
LCMessage ByteCount = 54
ConsensusMessage ByteCount = 120786
StandardSMMessage ByteCount = 6337
--- Measurements after 114000 ops (1000 samples) ---
Throughput = 6622.5166 operations/sec (Maximum observed: 6711.409 ops/sec)
Total latency = 1.9101410160912E7 (+/- 0) us 
Consensus latency = 4940.996035 (+/- 1468) us 
Pre-consensus latency = 0.0 (+/- 0) us 
Pos-consensus latency = 1.909710014996E7 (+/- 0) us 
Propose latency = 3006.714187 (+/- 1622) us 
Write latency = 222.64184 (+/- 153) us 
Accept latency = 1711.6400079999999 (+/- 214) us 
Batch average size = NaN (+/- 0) requests
TOMMessage ByteCount = 60604304
LCMessage ByteCount = 54
ConsensusMessage ByteCount = 120786
StandardSMMessage ByteCount = 6337
--- Measurements after 115000 ops (1000 samples) ---
Throughput = 5617.9775 operations/sec (Maximum observed: 6711.409 ops/sec)
Total latency = 1.9247046124128E7 (+/- 0) us 
Consensus latency = 3420.175861 (+/- 363) us 
Pre-consensus latency = 0.0 (+/- 0) us 
Pos-consensus latency = 1.9244204030784E7 (+/- 0) us 
Propose latency = 1128.040727 (+/- 201) us 
Write latency = 550.971249 (+/- 288) us 
Accept latency = 1741.163885 (+/- 248) us 
Batch average size = NaN (+/- 0) requests
TOMMessage ByteCount = 60997652
LCMessage ByteCount = 54
ConsensusMessage ByteCount = 120786
StandardSMMessage ByteCount = 6337
--- Measurements after 116000 ops (1000 samples) ---
Throughput = 6622.5166 operations/sec (Maximum observed: 6711.409 ops/sec)
Total latency = 1.9377603146441E7 (+/- 0) us 
Consensus latency = 3954.976524 (+/- 485) us 
Pre-consensus latency = 0.0 (+/- 0) us 
Pos-consensus latency = 1.9374274616581E7 (+/- 0) us 
Propose latency = 1205.209475 (+/- 150) us 
Write latency = 1058.846558 (+/- 534) us 
Accept latency = 1690.9204909999999 (+/- 168) us 
Batch average size = NaN (+/- 0) requests
TOMMessage ByteCount = 61372936
LCMessage ByteCount = 54
ConsensusMessage ByteCount = 120786
StandardSMMessage ByteCount = 6337
--- Measurements after 117000 ops (1000 samples) ---
Throughput = 6578.9473 operations/sec (Maximum observed: 6711.409 ops/sec)
Total latency = 1.95016489212E7 (+/- 0) us 
Consensus latency = 5294.5490549999995 (+/- 3777) us 
Pre-consensus latency = 0.0 (+/- 0) us 
Pos-consensus latency = 1.9496953060096E7 (+/- 0) us 
Propose latency = 1128.184873 (+/- 230) us 
Write latency = 2498.3911409999996 (+/- 4016) us 
Accept latency = 1667.973041 (+/- 357) us 
Batch average size = NaN (+/- 0) requests
TOMMessage ByteCount = 61723961
LCMessage ByteCount = 54
ConsensusMessage ByteCount = 120786
StandardSMMessage ByteCount = 6337
--- Measurements after 118000 ops (1000 samples) ---
Throughput = 6622.5166 operations/sec (Maximum observed: 6711.409 ops/sec)
Total latency = 1.9620831880105E7 (+/- 0) us 
Consensus latency = 7000.1616030000005 (+/- 2032) us 
Pre-consensus latency = 0.0 (+/- 0) us 
Pos-consensus latency = 1.9614939932812E7 (+/- 0) us 
Propose latency = 4840.022289 (+/- 1821) us 
Write latency = 427.507196 (+/- 1784) us 
Accept latency = 1732.632118 (+/- 91) us 
Batch average size = NaN (+/- 0) requests
TOMMessage ByteCount = 62083423
LCMessage ByteCount = 54
ConsensusMessage ByteCount = 120786
StandardSMMessage ByteCount = 6337
--- Measurements after 119000 ops (1000 samples) ---
Throughput = 6451.613 operations/sec (Maximum observed: 6711.409 ops/sec)
Total latency = 1.9741608097526003E7 (+/- 0) us 
Consensus latency = 7118.381932 (+/- 1653) us 
Pre-consensus latency = 0.0 (+/- 0) us 
Pos-consensus latency = 1.9735744151056E7 (+/- 0) us 
Propose latency = 3204.308662 (+/- 983) us 
Write latency = 2250.483401 (+/- 1974) us 
Accept latency = 1663.589869 (+/- 49) us 
Batch average size = NaN (+/- 0) requests
TOMMessage ByteCount = 62459843
LCMessage ByteCount = 54
ConsensusMessage ByteCount = 120786
StandardSMMessage ByteCount = 6337
--- Measurements after 120000 ops (1000 samples) ---
Throughput = 4405.286 operations/sec (Maximum observed: 6711.409 ops/sec)
Total latency = 1.9919160029407002E7 (+/- 0) us 
Consensus latency = 4264.672071999999 (+/- 1209) us 
Pre-consensus latency = 0.0 (+/- 0) us 
Pos-consensus latency = 1.9915756747419998E7 (+/- 0) us 
Propose latency = 2238.148722 (+/- 1409) us 
Write latency = 436.10053899999997 (+/- 275) us 
Accept latency = 1590.422811 (+/- 96) us 
Batch average size = NaN (+/- 0) requests
TOMMessage ByteCount = 62916610
LCMessage ByteCount = 54
ConsensusMessage ByteCount = 120786
StandardSMMessage ByteCount = 6337
--- Measurements after 121000 ops (1000 samples) ---
Throughput = 4761.905 operations/sec (Maximum observed: 6711.409 ops/sec)
Total latency = 2.0104515419907E7 (+/- 0) us 
Consensus latency = 3265.424952 (+/- 259) us 
Pre-consensus latency = 0.0 (+/- 0) us 
Pos-consensus latency = 2.0101847492488E7 (+/- 0) us 
Propose latency = 1186.253412 (+/- 152) us 
Write latency = 395.785928 (+/- 200) us 
Accept latency = 1683.385612 (+/- 242) us 
Batch average size = NaN (+/- 0) requests
TOMMessage ByteCount = 63416906
LCMessage ByteCount = 54
ConsensusMessage ByteCount = 120786
StandardSMMessage ByteCount = 6337
--- Measurements after 122000 ops (1000 samples) ---
Throughput = 4807.6924 operations/sec (Maximum observed: 6711.409 ops/sec)
Total latency = 2.0286204615114E7 (+/- 0) us 
Consensus latency = 3226.84506 (+/- 99) us 
Pre-consensus latency = 0.0 (+/- 0) us 
Pos-consensus latency = 2.0283548208430998E7 (+/- 0) us 
Propose latency = 900.603199 (+/- 151) us 
Write latency = 632.318135 (+/- 182) us 
Accept latency = 1693.923726 (+/- 96) us 
Batch average size = NaN (+/- 0) requests
TOMMessage ByteCount = 63815732
LCMessage ByteCount = 54
ConsensusMessage ByteCount = 120786
StandardSMMessage ByteCount = 6337
--- Measurements after 123000 ops (1000 samples) ---
Throughput = 4854.369 operations/sec (Maximum observed: 6711.409 ops/sec)
Total latency = 2.0457256729868E7 (+/- 0) us 
Consensus latency = 6782.497914 (+/- 3406) us 
Pre-consensus latency = 0.0 (+/- 0) us 
Pos-consensus latency = 2.0451077781013E7 (+/- 0) us 
Propose latency = 4651.086111 (+/- 3620) us 
Write latency = 403.094185 (+/- 296) us 
Accept latency = 1728.317618 (+/- 61) us 
Batch average size = NaN (+/- 0) requests
TOMMessage ByteCount = 63899357
LCMessage ByteCount = 54
ConsensusMessage ByteCount = 120786
StandardSMMessage ByteCount = 6337
--- Measurements after 124000 ops (1000 samples) ---
Throughput = 4854.369 operations/sec (Maximum observed: 6711.409 ops/sec)
Total latency = 2.0625845896406E7 (+/- 0) us 
Consensus latency = 3469.5711979999996 (+/- 1103) us 
Pre-consensus latency = 0.0 (+/- 0) us 
Pos-consensus latency = 2.0622982226442E7 (+/- 0) us 
Propose latency = 1724.611554 (+/- 1036) us 
Write latency = 135.761429 (+/- 24) us 
Accept latency = 1609.1982150000001 (+/- 104) us 
Batch average size = NaN (+/- 0) requests
TOMMessage ByteCount = 63907827
LCMessage ByteCount = 54
ConsensusMessage ByteCount = 120786
StandardSMMessage ByteCount = 6337
--- Measurements after 125000 ops (1000 samples) ---
Throughput = 4545.4546 operations/sec (Maximum observed: 6711.409 ops/sec)
Total latency = 2.0828509002306998E7 (+/- 0) us 
Consensus latency = 4715.814947 (+/- 1801) us 
Pre-consensus latency = 0.0 (+/- 0) us 
Pos-consensus latency = 2.0824529604121E7 (+/- 0) us 
Propose latency = 2219.371563 (+/- 701) us 
Write latency = 889.266443 (+/- 1435) us 
Accept latency = 1607.1769410000002 (+/- 61) us 
Batch average size = NaN (+/- 0) requests
TOMMessage ByteCount = 63909942
LCMessage ByteCount = 54
ConsensusMessage ByteCount = 120786
StandardSMMessage ByteCount = 6337
--- Measurements after 126000 ops (1000 samples) ---
Throughput = 4878.049 operations/sec (Maximum observed: 6711.409 ops/sec)
Total latency = 2.1014034100789003E7 (+/- 0) us 
Consensus latency = 5196.882070000001 (+/- 1513) us 
Pre-consensus latency = 0.0 (+/- 0) us 
Pos-consensus latency = 2.1009795327147998E7 (+/- 0) us 
Propose latency = 2195.272809 (+/- 728) us 
Write latency = 1396.6012409999998 (+/- 1144) us 
Accept latency = 1605.00802 (+/- 101) us 
Batch average size = NaN (+/- 0) requests
TOMMessage ByteCount = 63912057
LCMessage ByteCount = 54
ConsensusMessage ByteCount = 120786
StandardSMMessage ByteCount = 6337
--- Measurements after 127000 ops (1000 samples) ---
Throughput = 4878.049 operations/sec (Maximum observed: 6711.409 ops/sec)
Total latency = 2.1194341493691E7 (+/- 0) us 
Consensus latency = 3170.4141290000002 (+/- 230) us 
Pre-consensus latency = 0.0 (+/- 0) us 
Pos-consensus latency = 2.119169627736E7 (+/- 0) us 
Propose latency = 877.500748 (+/- 111) us 
Write latency = 589.3413009999999 (+/- 253) us 
Accept latency = 1703.5720800000001 (+/- 105) us 
Batch average size = NaN (+/- 0) requests
TOMMessage ByteCount = 63922636
LCMessage ByteCount = 54
ConsensusMessage ByteCount = 120786
StandardSMMessage ByteCount = 6337
--- Measurements after 128000 ops (1000 samples) ---
Throughput = 4854.369 operations/sec (Maximum observed: 6711.409 ops/sec)
Total latency = 2.1372364695083E7 (+/- 0) us 
Consensus latency = 3666.651417 (+/- 397) us 
Pre-consensus latency = 0.0 (+/- 0) us 
Pos-consensus latency = 2.1369316136632E7 (+/- 0) us 
Propose latency = 1203.857938 (+/- 353) us 
Write latency = 755.156291 (+/- 236) us 
Accept latency = 1707.6371880000002 (+/- 221) us 
Batch average size = NaN (+/- 0) requests
TOMMessage ByteCount = 63927923
LCMessage ByteCount = 54
ConsensusMessage ByteCount = 120786
StandardSMMessage ByteCount = 6337
--- Measurements after 129000 ops (1000 samples) ---
Throughput = 4854.369 operations/sec (Maximum observed: 6711.409 ops/sec)
Total latency = 2.1544749659888E7 (+/- 0) us 
Consensus latency = 10148.474068 (+/- 3785) us 
Pre-consensus latency = 0.0 (+/- 0) us 
Pos-consensus latency = 2.1535919262251E7 (+/- 0) us 
Propose latency = 5462.717896 (+/- 3683) us 
Write latency = 3412.397921 (+/- 4989) us 
Accept latency = 1273.3582509999999 (+/- 76) us 
Batch average size = NaN (+/- 0) requests
TOMMessage ByteCount = 63940622
LCMessage ByteCount = 54
ConsensusMessage ByteCount = 120786
StandardSMMessage ByteCount = 6337
--- Measurements after 130000 ops (1000 samples) ---
Throughput = 5649.7173 operations/sec (Maximum observed: 6711.409 ops/sec)
Total latency = 2.1718462636974998E7 (+/- 0) us 
Consensus latency = 6719.269331 (+/- 1535) us 
Pre-consensus latency = 0.0 (+/- 0) us 
Pos-consensus latency = 2.1713112388411E7 (+/- 0) us 
Propose latency = 4760.974217 (+/- 1614) us 
Write latency = 182.677966 (+/- 113) us 
Accept latency = 1775.617148 (+/- 162) us 
Batch average size = NaN (+/- 0) requests
TOMMessage ByteCount = 63943791
LCMessage ByteCount = 54
ConsensusMessage ByteCount = 120786
StandardSMMessage ByteCount = 6337
--- Measurements after 131000 ops (1000 samples) ---
Throughput = 6711.409 operations/sec (Maximum observed: 6711.409 ops/sec)
Total latency = 2.1848323339376E7 (+/- 0) us 
Consensus latency = 3717.279306 (+/- 212) us 
Pre-consensus latency = 0.0 (+/- 0) us 
Pos-consensus latency = 2.1845267365650002E7 (+/- 0) us 
Propose latency = 1465.063889 (+/- 349) us 
Write latency = 598.746039 (+/- 366) us 
Accept latency = 1653.469378 (+/- 113) us 
Batch average size = NaN (+/- 0) requests
TOMMessage ByteCount = 63945911
LCMessage ByteCount = 54
ConsensusMessage ByteCount = 120786
StandardSMMessage ByteCount = 6337
--- Measurements after 132000 ops (1000 samples) ---
Throughput = 6666.6665 operations/sec (Maximum observed: 6711.409 ops/sec)
Total latency = 2.197029304329E7 (+/- 0) us 
Consensus latency = 4069.930815 (+/- 1806) us 
Pre-consensus latency = 0.0 (+/- 0) us 
Pos-consensus latency = 2.1966792712083E7 (+/- 0) us 
Propose latency = 2101.159032 (+/- 1958) us 
Write latency = 391.39499 (+/- 190) us 
Accept latency = 1577.3767930000001 (+/- 157) us 
Batch average size = NaN (+/- 0) requests
TOMMessage ByteCount = 63953311
LCMessage ByteCount = 54
ConsensusMessage ByteCount = 120786
StandardSMMessage ByteCount = 6337
--- Measurements after 133000 ops (1000 samples) ---
Throughput = 6756.757 operations/sec (Maximum observed: 6756.757 ops/sec)
Total latency = 2.2085669895566E7 (+/- 0) us 
Consensus latency = 3386.2851269999996 (+/- 702) us 
Pre-consensus latency = 0.0 (+/- 0) us 
Pos-consensus latency = 2.208286757178E7 (+/- 0) us 
Propose latency = 1799.526551 (+/- 674) us 
Write latency = 107.21039200000001 (+/- 37) us 
Accept latency = 1479.548184 (+/- 138) us 
Batch average size = NaN (+/- 0) requests
TOMMessage ByteCount = 63962825
LCMessage ByteCount = 54
ConsensusMessage ByteCount = 120786
StandardSMMessage ByteCount = 6337
--- Measurements after 134000 ops (1000 samples) ---
Throughput = 6756.757 operations/sec (Maximum observed: 6756.757 ops/sec)
Total latency = 2.2213234982173E7 (+/- 0) us 
Consensus latency = 3224.636779 (+/- 207) us 
Pre-consensus latency = 0.0 (+/- 0) us 
Pos-consensus latency = 2.2210562936258998E7 (+/- 0) us 
Propose latency = 1326.659805 (+/- 377) us 
Write latency = 303.039339 (+/- 274) us 
Accept latency = 1594.937635 (+/- 103) us 
Batch average size = NaN (+/- 0) requests
TOMMessage ByteCount = 63963879
LCMessage ByteCount = 54
ConsensusMessage ByteCount = 120786
StandardSMMessage ByteCount = 6337
--- Measurements after 135000 ops (1000 samples) ---
Throughput = 6024.096 operations/sec (Maximum observed: 6756.757 ops/sec)
Total latency = 2.234626356194E7 (+/- 0) us 
Consensus latency = 3299.070254 (+/- 325) us 
Pre-consensus latency = 0.0 (+/- 0) us 
Pos-consensus latency = 2.2343591528586E7 (+/- 0) us 
Propose latency = 1088.894748 (+/- 300) us 
Write latency = 547.879446 (+/- 266) us 
Accept latency = 1662.2960600000001 (+/- 263) us 
Batch average size = NaN (+/- 0) requests
TOMMessage ByteCount = 63964939
LCMessage ByteCount = 54
ConsensusMessage ByteCount = 120786
StandardSMMessage ByteCount = 6337
--- Measurements after 136000 ops (1000 samples) ---
Throughput = 6711.409 operations/sec (Maximum observed: 6756.757 ops/sec)
Total latency = 2.247402301381E7 (+/- 0) us 
Consensus latency = 3534.698893 (+/- 378) us 
Pre-consensus latency = 0.0 (+/- 0) us 
Pos-consensus latency = 2.247116258716E7 (+/- 0) us 
Propose latency = 1059.130461 (+/- 139) us 
Write latency = 819.371446 (+/- 456) us 
Accept latency = 1656.196986 (+/- 243) us 
Batch average size = NaN (+/- 0) requests
TOMMessage ByteCount = 63965999
LCMessage ByteCount = 54
ConsensusMessage ByteCount = 120786
StandardSMMessage ByteCount = 6337
--- Measurements after 137000 ops (1000 samples) ---
Throughput = 6666.6665 operations/sec (Maximum observed: 6756.757 ops/sec)
Total latency = 2.2595452132459E7 (+/- 0) us 
Consensus latency = 3872.975423 (+/- 462) us 
Pre-consensus latency = 0.0 (+/- 0) us 
Pos-consensus latency = 2.2592244079301E7 (+/- 0) us 
Propose latency = 1506.052218 (+/- 465) us 
Write latency = 863.883729 (+/- 704) us 
Accept latency = 1503.039476 (+/- 219) us 
Batch average size = NaN (+/- 0) requests
TOMMessage ByteCount = 63972337
LCMessage ByteCount = 54
ConsensusMessage ByteCount = 120786
StandardSMMessage ByteCount = 6337
--- Measurements after 138000 ops (1000 samples) ---
Throughput = 6802.721 operations/sec (Maximum observed: 6802.721 ops/sec)
Total latency = 2.2716699227456E7 (+/- 0) us 
Consensus latency = 3780.6067540000004 (+/- 700) us 
Pre-consensus latency = 0.0 (+/- 0) us 
Pos-consensus latency = 2.2713667847586E7 (+/- 0) us 
Propose latency = 1548.4772990000001 (+/- 458) us 
Write latency = 630.8022950000001 (+/- 793) us 
Accept latency = 1601.3271599999998 (+/- 179) us 
Batch average size = NaN (+/- 0) requests
TOMMessage ByteCount = 63973392
LCMessage ByteCount = 54
ConsensusMessage ByteCount = 120786
StandardSMMessage ByteCount = 6337
--- Measurements after 139000 ops (1000 samples) ---
Throughput = 6849.315 operations/sec (Maximum observed: 6849.315 ops/sec)
Total latency = 2.2830795791703E7 (+/- 0) us 
Consensus latency = 5117.557289 (+/- 2626) us 
Pre-consensus latency = 0.0 (+/- 0) us 
Pos-consensus latency = 2.2826516246849E7 (+/- 0) us 
Propose latency = 1744.006324 (+/- 992) us 
Write latency = 1952.19304 (+/- 1819) us 
Accept latency = 1421.357925 (+/- 186) us 
Batch average size = NaN (+/- 0) requests
TOMMessage ByteCount = 63973392
LCMessage ByteCount = 54
ConsensusMessage ByteCount = 120786
StandardSMMessage ByteCount = 6337
--- Measurements after 140000 ops (1000 samples) ---
Throughput = 5813.9536 operations/sec (Maximum observed: 6849.315 ops/sec)
Total latency = 2.2961283421855E7 (+/- 0) us 
Consensus latency = 6158.256104 (+/- 2026) us 
Pre-consensus latency = 0.0 (+/- 0) us 
Pos-consensus latency = 2.2956338768851E7 (+/- 0) us 
Propose latency = 2781.159252 (+/- 962) us 
Write latency = 1738.88843 (+/- 1869) us 
Accept latency = 1638.208422 (+/- 245) us 
Batch average size = NaN (+/- 0) requests
TOMMessage ByteCount = 63975512
LCMessage ByteCount = 54
ConsensusMessage ByteCount = 120786
StandardSMMessage ByteCount = 6337
--- Measurements after 141000 ops (1000 samples) ---
Throughput = 6993.007 operations/sec (Maximum observed: 6993.007 ops/sec)
Total latency = 2.3095742579481E7 (+/- 0) us 
Consensus latency = 3138.618243 (+/- 285) us 
Pre-consensus latency = 0.0 (+/- 0) us 
Pos-consensus latency = 2.3093216399485E7 (+/- 0) us 
Propose latency = 980.5489719999999 (+/- 129) us 
Write latency = 776.831546 (+/- 331) us 
Accept latency = 1381.2377250000002 (+/- 172) us 
Batch average size = NaN (+/- 0) requests
TOMMessage ByteCount = 63977627
LCMessage ByteCount = 54
ConsensusMessage ByteCount = 120786
StandardSMMessage ByteCount = 6337
--- Measurements after 142000 ops (1000 samples) ---
Throughput = 6802.721 operations/sec (Maximum observed: 6993.007 ops/sec)
Total latency = 2.3204370330289003E7 (+/- 0) us 
Consensus latency = 5877.197581 (+/- 2176) us 
Pre-consensus latency = 0.0 (+/- 0) us 
Pos-consensus latency = 2.3200008718387E7 (+/- 0) us 
Propose latency = 4096.333193 (+/- 2213) us 
Write latency = 301.461635 (+/- 329) us 
Accept latency = 1479.402753 (+/- 247) us 
Batch average size = NaN (+/- 0) requests
TOMMessage ByteCount = 63986078
LCMessage ByteCount = 54
ConsensusMessage ByteCount = 120786
StandardSMMessage ByteCount = 6337
--- Measurements after 143000 ops (1000 samples) ---
Throughput = 6849.315 operations/sec (Maximum observed: 6993.007 ops/sec)
Total latency = 2.332512090032E7 (+/- 0) us 
Consensus latency = 3228.497204 (+/- 370) us 
Pre-consensus latency = 0.0 (+/- 0) us 
Pos-consensus latency = 2.3322502989513002E7 (+/- 0) us 
Propose latency = 1492.065244 (+/- 307) us 
Write latency = 146.35905400000001 (+/- 27) us 
Accept latency = 1590.0729059999999 (+/- 88) us 
Batch average size = NaN (+/- 0) requests
TOMMessage ByteCount = 63995603
LCMessage ByteCount = 54
ConsensusMessage ByteCount = 120786
StandardSMMessage ByteCount = 6337
--- Measurements after 144000 ops (1000 samples) ---
Throughput = 6802.721 operations/sec (Maximum observed: 6993.007 ops/sec)
Total latency = 2.3449747734537996E7 (+/- 0) us 
Consensus latency = 3121.622834 (+/- 110) us 
Pre-consensus latency = 0.0 (+/- 0) us 
Pos-consensus latency = 2.3447234166553E7 (+/- 0) us 
Propose latency = 1062.0886799999998 (+/- 163) us 
Write latency = 376.55599800000005 (+/- 219) us 
Accept latency = 1682.978156 (+/- 159) us 
Batch average size = NaN (+/- 0) requests
TOMMessage ByteCount = 64006160
LCMessage ByteCount = 54
ConsensusMessage ByteCount = 120786
StandardSMMessage ByteCount = 6337
--- Measurements after 145000 ops (1000 samples) ---
Throughput = 5813.9536 operations/sec (Maximum observed: 6993.007 ops/sec)
Total latency = 2.3576888839897998E7 (+/- 0) us 
Consensus latency = 3176.646968 (+/- 254) us 
Pre-consensus latency = 0.0 (+/- 0) us 
Pos-consensus latency = 2.357435180086E7 (+/- 0) us 
Propose latency = 1146.3298160000002 (+/- 262) us 
Write latency = 377.869864 (+/- 261) us 
Accept latency = 1652.4472879999998 (+/- 113) us 
Batch average size = NaN (+/- 0) requests
TOMMessage ByteCount = 64013549
LCMessage ByteCount = 54
ConsensusMessage ByteCount = 120786
StandardSMMessage ByteCount = 6337
--- Measurements after 146000 ops (1000 samples) ---
Throughput = 7194.2446 operations/sec (Maximum observed: 7194.2446 ops/sec)
Total latency = 2.3709043235458E7 (+/- 0) us 
Consensus latency = 3104.722384 (+/- 286) us 
Pre-consensus latency = 0.0 (+/- 0) us 
Pos-consensus latency = 2.3706541712139E7 (+/- 0) us 
Propose latency = 1109.623092 (+/- 170) us 
Write latency = 378.58002899999997 (+/- 320) us 
Accept latency = 1616.5192630000001 (+/- 221) us 
Batch average size = NaN (+/- 0) requests
TOMMessage ByteCount = 64022021
LCMessage ByteCount = 54
ConsensusMessage ByteCount = 120786
StandardSMMessage ByteCount = 6337
--- Measurements after 147000 ops (1000 samples) ---
Throughput = 7092.1987 operations/sec (Maximum observed: 7194.2446 ops/sec)
Total latency = 2.3820180077094004E7 (+/- 0) us 
Consensus latency = 3931.519146 (+/- 1022) us 
Pre-consensus latency = 0.0 (+/- 0) us 
Pos-consensus latency = 2.3816956577632E7 (+/- 0) us 
Propose latency = 1090.56232 (+/- 132) us 
Write latency = 1245.832794 (+/- 1054) us 
Accept latency = 1595.124032 (+/- 104) us 
Batch average size = NaN (+/- 0) requests
TOMMessage ByteCount = 64028366
LCMessage ByteCount = 54
ConsensusMessage ByteCount = 120786
StandardSMMessage ByteCount = 6337
--- Measurements after 148000 ops (1000 samples) ---
Throughput = 6711.409 operations/sec (Maximum observed: 7194.2446 ops/sec)
Total latency = 2.3938723868320998E7 (+/- 0) us 
Consensus latency = 3500.7362949999997 (+/- 234) us 
Pre-consensus latency = 0.0 (+/- 0) us 
Pos-consensus latency = 2.3935833554194E7 (+/- 0) us 
Propose latency = 1018.570662 (+/- 80) us 
Write latency = 796.527168 (+/- 256) us 
Accept latency = 1685.638465 (+/- 128) us 
Batch average size = NaN (+/- 0) requests
TOMMessage ByteCount = 64045293
LCMessage ByteCount = 54
ConsensusMessage ByteCount = 120786
StandardSMMessage ByteCount = 6337
--- Measurements after 149000 ops (1000 samples) ---
Throughput = 6711.409 operations/sec (Maximum observed: 7194.2446 ops/sec)
Total latency = 2.4056040577652E7 (+/- 0) us 
Consensus latency = 5534.439765 (+/- 1443) us 
Pre-consensus latency = 0.0 (+/- 0) us 
Pos-consensus latency = 2.4051334723379E7 (+/- 0) us 
Propose latency = 2827.533691 (+/- 1746) us 
Write latency = 1193.2070930000002 (+/- 1099) us 
Accept latency = 1513.698981 (+/- 435) us 
Batch average size = NaN (+/- 0) requests
TOMMessage ByteCount = 64061172
LCMessage ByteCount = 54
ConsensusMessage ByteCount = 120786
StandardSMMessage ByteCount = 6337
--- Measurements after 150000 ops (1000 samples) ---
Throughput = 6024.096 operations/sec (Maximum observed: 7194.2446 ops/sec)
Total latency = 2.4176633165715E7 (+/- 0) us 
Consensus latency = 8135.956926 (+/- 2126) us 
Pre-consensus latency = 0.0 (+/- 0) us 
Pos-consensus latency = 2.4169982280865002E7 (+/- 0) us 
Propose latency = 5957.810324 (+/- 2385) us 
Write latency = 549.4409440000001 (+/- 493) us 
Accept latency = 1628.705658 (+/- 269) us 
Batch average size = NaN (+/- 0) requests
TOMMessage ByteCount = 64081265
LCMessage ByteCount = 54
ConsensusMessage ByteCount = 120786
StandardSMMessage ByteCount = 6337
--- Measurements after 151000 ops (1000 samples) ---
Throughput = 6535.9478 operations/sec (Maximum observed: 7194.2446 ops/sec)
Total latency = 2.431345502654E7 (+/- 0) us 
Consensus latency = 7418.188308 (+/- 1621) us 
Pre-consensus latency = 0.0 (+/- 0) us 
Pos-consensus latency = 2.4306859927020002E7 (+/- 0) us 
Propose latency = 5450.302833 (+/- 1900) us 
Write latency = 351.128624 (+/- 369) us 
Accept latency = 1616.756851 (+/- 84) us 
Batch average size = NaN (+/- 0) requests
TOMMessage ByteCount = 64095019
LCMessage ByteCount = 54
ConsensusMessage ByteCount = 120786
StandardSMMessage ByteCount = 6337
--- Measurements after 152000 ops (1000 samples) ---
Throughput = 6535.9478 operations/sec (Maximum observed: 7194.2446 ops/sec)
Total latency = 2.4433793979362E7 (+/- 0) us 
Consensus latency = 3793.130216 (+/- 841) us 
Pre-consensus latency = 0.0 (+/- 0) us 
Pos-consensus latency = 2.4430582836918E7 (+/- 0) us 
Propose latency = 1948.130834 (+/- 859) us 
Write latency = 154.918774 (+/- 17) us 
Accept latency = 1690.080608 (+/- 92) us 
Batch average size = NaN (+/- 0) requests
TOMMessage ByteCount = 64109819
LCMessage ByteCount = 54
ConsensusMessage ByteCount = 120786
StandardSMMessage ByteCount = 6337
--- Measurements after 153000 ops (1000 samples) ---
Throughput = 6622.5166 operations/sec (Maximum observed: 7194.2446 ops/sec)
Total latency = 2.4562238097748E7 (+/- 0) us 
Consensus latency = 3382.243426 (+/- 465) us 
Pre-consensus latency = 0.0 (+/- 0) us 
Pos-consensus latency = 2.4559469693186E7 (+/- 0) us 
Propose latency = 1529.7072039999998 (+/- 389) us 
Write latency = 148.664762 (+/- 11) us 
Accept latency = 1703.87146 (+/- 142) us 
Batch average size = NaN (+/- 0) requests
TOMMessage ByteCount = 64116159
LCMessage ByteCount = 54
ConsensusMessage ByteCount = 120786
StandardSMMessage ByteCount = 6337
--- Measurements after 154000 ops (1000 samples) ---
Throughput = 6622.5166 operations/sec (Maximum observed: 7194.2446 ops/sec)
Total latency = 2.4692874808160998E7 (+/- 0) us 
Consensus latency = 3330.739509 (+/- 341) us 
Pre-consensus latency = 0.0 (+/- 0) us 
Pos-consensus latency = 2.4690092708780997E7 (+/- 0) us 
Propose latency = 1436.7055830000002 (+/- 374) us 
Write latency = 243.34526300000002 (+/- 177) us 
Accept latency = 1650.688663 (+/- 176) us 
Batch average size = NaN (+/- 0) requests
TOMMessage ByteCount = 64127794
LCMessage ByteCount = 54
ConsensusMessage ByteCount = 120786
StandardSMMessage ByteCount = 6337
--- Measurements after 155000 ops (1000 samples) ---
Throughput = 6535.9478 operations/sec (Maximum observed: 7194.2446 ops/sec)
Total latency = 2.4818032580166E7 (+/- 0) us 
Consensus latency = 3897.498039 (+/- 747) us 
Pre-consensus latency = 0.0 (+/- 0) us 
Pos-consensus latency = 2.4814799577112E7 (+/- 0) us 
Propose latency = 1361.009637 (+/- 210) us 
Write latency = 896.7721949999999 (+/- 742) us 
Accept latency = 1639.716207 (+/- 138) us 
Batch average size = NaN (+/- 0) requests
TOMMessage ByteCount = 64134139
LCMessage ByteCount = 54
ConsensusMessage ByteCount = 120786
StandardSMMessage ByteCount = 6337
--- Measurements after 156000 ops (1000 samples) ---
Throughput = 5847.953 operations/sec (Maximum observed: 7194.2446 ops/sec)
Total latency = 2.4960312148362998E7 (+/- 0) us 
Consensus latency = 3657.932252 (+/- 451) us 
Pre-consensus latency = 0.0 (+/- 0) us 
Pos-consensus latency = 2.4957288682827E7 (+/- 0) us 
Propose latency = 1198.713108 (+/- 358) us 
Write latency = 835.418853 (+/- 235) us 
Accept latency = 1623.800291 (+/- 99) us 
Batch average size = NaN (+/- 0) requests
TOMMessage ByteCount = 64138373
LCMessage ByteCount = 54
ConsensusMessage ByteCount = 120786
StandardSMMessage ByteCount = 6337
--- Measurements after 157000 ops (1000 samples) ---
Throughput = 6493.5063 operations/sec (Maximum observed: 7194.2446 ops/sec)
Total latency = 2.5086961710118998E7 (+/- 0) us 
Consensus latency = 3522.95177 (+/- 194) us 
Pre-consensus latency = 0.0 (+/- 0) us 
Pos-consensus latency = 2.5084049751873E7 (+/- 0) us 
Propose latency = 1064.0466640000002 (+/- 144) us 
Write latency = 643.795309 (+/- 266) us 
Accept latency = 1815.109797 (+/- 242) us 
Batch average size = NaN (+/- 0) requests
TOMMessage ByteCount = 64147889
LCMessage ByteCount = 54
ConsensusMessage ByteCount = 120786
StandardSMMessage ByteCount = 6337
--- Measurements after 158000 ops (1000 samples) ---
Throughput = 6711.409 operations/sec (Maximum observed: 7194.2446 ops/sec)
Total latency = 2.5210305001268003E7 (+/- 0) us 
Consensus latency = 3632.132222 (+/- 459) us 
Pre-consensus latency = 0.0 (+/- 0) us 
Pos-consensus latency = 2.5207325591429003E7 (+/- 0) us 
Propose latency = 1502.5746669999999 (+/- 450) us 
Write latency = 414.64455300000003 (+/- 198) us 
Accept latency = 1714.913002 (+/- 120) us 
Batch average size = NaN (+/- 0) requests
TOMMessage ByteCount = 64163741
LCMessage ByteCount = 54
ConsensusMessage ByteCount = 120786
StandardSMMessage ByteCount = 6337
--- Measurements after 159000 ops (1000 samples) ---
Throughput = 6711.409 operations/sec (Maximum observed: 7194.2446 ops/sec)
Total latency = 2.5331529205508E7 (+/- 0) us 
Consensus latency = 3149.74286 (+/- 326) us 
Pre-consensus latency = 0.0 (+/- 0) us 
Pos-consensus latency = 2.5328978512111E7 (+/- 0) us 
Propose latency = 1109.730883 (+/- 307) us 
Write latency = 573.339332 (+/- 307) us 
Accept latency = 1466.672645 (+/- 174) us 
Batch average size = NaN (+/- 0) requests
TOMMessage ByteCount = 64180663
LCMessage ByteCount = 54
ConsensusMessage ByteCount = 120786
StandardSMMessage ByteCount = 6337
--- Measurements after 160000 ops (1000 samples) ---
Throughput = 6711.409 operations/sec (Maximum observed: 7194.2446 ops/sec)
Total latency = 2.5442357887466E7 (+/- 0) us 
Consensus latency = 7445.519582000001 (+/- 2614) us 
Pre-consensus latency = 0.0 (+/- 0) us 
Pos-consensus latency = 2.5436181282827E7 (+/- 0) us 
Propose latency = 5153.979794 (+/- 2572) us 
Write latency = 942.690536 (+/- 411) us 
Accept latency = 1348.8492520000002 (+/- 210) us 
Batch average size = NaN (+/- 0) requests
TOMMessage ByteCount = 64200758
LCMessage ByteCount = 54
ConsensusMessage ByteCount = 120786
StandardSMMessage ByteCount = 6337
--- Measurements after 161000 ops (1000 samples) ---
Throughput = 6060.606 operations/sec (Maximum observed: 7194.2446 ops/sec)
Total latency = 2.5577362142682E7 (+/- 0) us 
Consensus latency = 8050.02331 (+/- 1694) us 
Pre-consensus latency = 0.0 (+/- 0) us 
Pos-consensus latency = 2.5570827946982E7 (+/- 0) us 
Propose latency = 6427.79922 (+/- 1812) us 
Write latency = 149.09717 (+/- 1) us 
Accept latency = 1473.12692 (+/- 116) us 
Batch average size = NaN (+/- 0) requests
TOMMessage ByteCount = 64226136
LCMessage ByteCount = 54
ConsensusMessage ByteCount = 120786
StandardSMMessage ByteCount = 6337
--- Measurements after 162000 ops (1000 samples) ---
Throughput = 6711.409 operations/sec (Maximum observed: 7194.2446 ops/sec)
Total latency = 2.5709514436398E7 (+/- 0) us 
Consensus latency = 4073.34363 (+/- 769) us 
Pre-consensus latency = 0.0 (+/- 0) us 
Pos-consensus latency = 2.5706259254419E7 (+/- 0) us 
Propose latency = 1609.914707 (+/- 987) us 
Write latency = 797.414493 (+/- 357) us 
Accept latency = 1666.01443 (+/- 206) us 
Batch average size = NaN (+/- 0) requests
TOMMessage ByteCount = 64261036
LCMessage ByteCount = 54
ConsensusMessage ByteCount = 120786
StandardSMMessage ByteCount = 6337
--- Measurements after 163000 ops (1000 samples) ---
Throughput = 6578.9473 operations/sec (Maximum observed: 7194.2446 ops/sec)
Total latency = 2.583305476351E7 (+/- 0) us 
Consensus latency = 3238.149716 (+/- 250) us 
Pre-consensus latency = 0.0 (+/- 0) us 
Pos-consensus latency = 2.5830360700301E7 (+/- 0) us 
Propose latency = 956.423247 (+/- 123) us 
Write latency = 648.625107 (+/- 306) us 
Accept latency = 1633.1013619999999 (+/- 145) us 
Batch average size = NaN (+/- 0) requests
TOMMessage ByteCount = 64272668
LCMessage ByteCount = 54
ConsensusMessage ByteCount = 120786
StandardSMMessage ByteCount = 6337
--- Measurements after 164000 ops (1000 samples) ---
Throughput = 6622.5166 operations/sec (Maximum observed: 7194.2446 ops/sec)
Total latency = 2.5956570000758998E7 (+/- 0) us 
Consensus latency = 3468.203986 (+/- 146) us 
Pre-consensus latency = 0.0 (+/- 0) us 
Pos-consensus latency = 2.5953714842857E7 (+/- 0) us 
Propose latency = 1117.836192 (+/- 251) us 
Write latency = 536.295578 (+/- 255) us 
Accept latency = 1814.072216 (+/- 110) us 
Batch average size = NaN (+/- 0) requests
TOMMessage ByteCount = 64285381
LCMessage ByteCount = 54
ConsensusMessage ByteCount = 120786
StandardSMMessage ByteCount = 6337
--- Measurements after 165000 ops (1000 samples) ---
Throughput = 6493.5063 operations/sec (Maximum observed: 7194.2446 ops/sec)
Total latency = 2.6081703241049998E7 (+/- 0) us 
Consensus latency = 3758.542329 (+/- 393) us 
Pre-consensus latency = 0.0 (+/- 0) us 
Pos-consensus latency = 2.607853515251E7 (+/- 0) us 
Propose latency = 1308.48022 (+/- 323) us 
Write latency = 913.9016019999999 (+/- 552) us 
Accept latency = 1536.160507 (+/- 269) us 
Batch average size = NaN (+/- 0) requests
TOMMessage ByteCount = 64289605
LCMessage ByteCount = 54
ConsensusMessage ByteCount = 120786
StandardSMMessage ByteCount = 6337
--- Measurements after 166000 ops (1000 samples) ---
Throughput = 5917.1597 operations/sec (Maximum observed: 7194.2446 ops/sec)
Total latency = 2.6216377620523E7 (+/- 0) us 
Consensus latency = 3637.159615 (+/- 507) us 
Pre-consensus latency = 0.0 (+/- 0) us 
Pos-consensus latency = 2.6213301595351003E7 (+/- 0) us 
Propose latency = 1066.68496 (+/- 292) us 
Write latency = 1019.363836 (+/- 653) us 
Accept latency = 1551.110819 (+/- 177) us 
Batch average size = NaN (+/- 0) requests
TOMMessage ByteCount = 64295945
LCMessage ByteCount = 54
ConsensusMessage ByteCount = 120786
StandardSMMessage ByteCount = 6337
--- Measurements after 167000 ops (1000 samples) ---
Throughput = 6711.409 operations/sec (Maximum observed: 7194.2446 ops/sec)
Total latency = 2.6345735679223E7 (+/- 0) us 
Consensus latency = 4092.416845 (+/- 1078) us 
Pre-consensus latency = 0.0 (+/- 0) us 
Pos-consensus latency = 2.6342275433688E7 (+/- 0) us 
Propose latency = 1665.277162 (+/- 715) us 
Write latency = 876.807196 (+/- 1166) us 
Accept latency = 1550.332487 (+/- 122) us 
Batch average size = NaN (+/- 0) requests
TOMMessage ByteCount = 64301231
LCMessage ByteCount = 54
ConsensusMessage ByteCount = 120786
StandardSMMessage ByteCount = 6337
--- Measurements after 168000 ops (1000 samples) ---
Throughput = 6711.409 operations/sec (Maximum observed: 7194.2446 ops/sec)
Total latency = 2.6467620003814E7 (+/- 0) us 
Consensus latency = 3456.643822 (+/- 323) us 
Pre-consensus latency = 0.0 (+/- 0) us 
Pos-consensus latency = 2.6464743682535E7 (+/- 0) us 
Propose latency = 974.2973549999999 (+/- 111) us 
Write latency = 734.5709840000001 (+/- 287) us 
Accept latency = 1747.775483 (+/- 243) us 
Batch average size = NaN (+/- 0) requests
TOMMessage ByteCount = 64307572
LCMessage ByteCount = 54
ConsensusMessage ByteCount = 120786
StandardSMMessage ByteCount = 6337
--- Measurements after 169000 ops (1000 samples) ---
Throughput = 6711.409 operations/sec (Maximum observed: 7194.2446 ops/sec)
Total latency = 2.6586783004476003E7 (+/- 0) us 
Consensus latency = 5775.969449 (+/- 4568) us 
Pre-consensus latency = 0.0 (+/- 0) us 
Pos-consensus latency = 2.6582668384688E7 (+/- 0) us 
Propose latency = 3802.280566 (+/- 4745) us 
Write latency = 531.1944579999999 (+/- 296) us 
Accept latency = 1442.494425 (+/- 192) us 
Batch average size = NaN (+/- 0) requests
TOMMessage ByteCount = 64316036
LCMessage ByteCount = 54
ConsensusMessage ByteCount = 120786
StandardSMMessage ByteCount = 6337
--- Measurements after 170000 ops (1000 samples) ---
Throughput = 6711.409 operations/sec (Maximum observed: 7194.2446 ops/sec)
Total latency = 2.6701243114072E7 (+/- 0) us 
Consensus latency = 10978.688261 (+/- 1980) us 
Pre-consensus latency = 0.0 (+/- 0) us 
Pos-consensus latency = 2.6691650355937E7 (+/- 0) us 
Propose latency = 9315.475892999999 (+/- 1960) us 
Write latency = 151.527271 (+/- 11) us 
Accept latency = 1511.685097 (+/- 32) us 
Batch average size = NaN (+/- 0) requests
TOMMessage ByteCount = 64322386
LCMessage ByteCount = 54
ConsensusMessage ByteCount = 120786
StandardSMMessage ByteCount = 6337
--- Measurements after 171000 ops (1000 samples) ---
Throughput = 5952.381 operations/sec (Maximum observed: 7194.2446 ops/sec)
Total latency = 2.6831741213872E7 (+/- 0) us 
Consensus latency = 8829.306104000001 (+/- 2540) us 
Pre-consensus latency = 0.0 (+/- 0) us 
Pos-consensus latency = 2.6824310606869E7 (+/- 0) us 
Propose latency = 7253.203732 (+/- 2480) us 
Write latency = 132.13077900000002 (+/- 22) us 
Accept latency = 1443.9715930000002 (+/- 53) us 
Batch average size = NaN (+/- 0) requests
TOMMessage ByteCount = 64327670
LCMessage ByteCount = 54
ConsensusMessage ByteCount = 120786
StandardSMMessage ByteCount = 6337
--- Measurements after 172000 ops (1000 samples) ---
Throughput = 6666.6665 operations/sec (Maximum observed: 7194.2446 ops/sec)
Total latency = 2.6972016517785E7 (+/- 0) us 
Consensus latency = 3527.595468 (+/- 393) us 
Pre-consensus latency = 0.0 (+/- 0) us 
Pos-consensus latency = 2.6969132206032E7 (+/- 0) us 
Propose latency = 1680.548987 (+/- 595) us 
Write latency = 285.57453200000003 (+/- 253) us 
Accept latency = 1561.471949 (+/- 110) us 
Batch average size = NaN (+/- 0) requests
TOMMessage ByteCount = 64341425
LCMessage ByteCount = 54
ConsensusMessage ByteCount = 120786
StandardSMMessage ByteCount = 6337
--- Measurements after 173000 ops (1000 samples) ---
Throughput = 6849.315 operations/sec (Maximum observed: 7194.2446 ops/sec)
Total latency = 2.7091426439597998E7 (+/- 0) us 
Consensus latency = 4455.330819 (+/- 1361) us 
Pre-consensus latency = 0.0 (+/- 0) us 
Pos-consensus latency = 2.7087539551785E7 (+/- 0) us 
Propose latency = 2598.04261 (+/- 1502) us 
Write latency = 344.329143 (+/- 332) us 
Accept latency = 1512.9590660000001 (+/- 93) us 
Batch average size = NaN (+/- 0) requests
TOMMessage ByteCount = 64344590
LCMessage ByteCount = 54
ConsensusMessage ByteCount = 120786
StandardSMMessage ByteCount = 6337
--- Measurements after 174000 ops (1000 samples) ---
Throughput = 7194.2446 operations/sec (Maximum observed: 7194.2446 ops/sec)
Total latency = 2.7204611744137E7 (+/- 0) us 
Consensus latency = 3357.0163620000003 (+/- 665) us 
Pre-consensus latency = 0.0 (+/- 0) us 
Pos-consensus latency = 2.7201811940686002E7 (+/- 0) us 
Propose latency = 1466.394634 (+/- 621) us 
Write latency = 393.926358 (+/- 596) us 
Accept latency = 1496.6953700000001 (+/- 83) us 
Batch average size = NaN (+/- 0) requests
TOMMessage ByteCount = 64357262
LCMessage ByteCount = 54
ConsensusMessage ByteCount = 120786
StandardSMMessage ByteCount = 6337
--- Measurements after 175000 ops (1000 samples) ---
Throughput = 7092.1987 operations/sec (Maximum observed: 7194.2446 ops/sec)
Total latency = 2.7319030863886002E7 (+/- 0) us 
Consensus latency = 4008.177726 (+/- 151) us 
Pre-consensus latency = 0.0 (+/- 0) us 
Pos-consensus latency = 2.7315685248098E7 (+/- 0) us 
Propose latency = 1749.134005 (+/- 451) us 
Write latency = 661.143522 (+/- 490) us 
Accept latency = 1597.900199 (+/- 156) us 
Batch average size = NaN (+/- 0) requests
TOMMessage ByteCount = 64368887
LCMessage ByteCount = 54
ConsensusMessage ByteCount = 120786
StandardSMMessage ByteCount = 6337
--- Measurements after 176000 ops (1000 samples) ---
Throughput = 5780.3467 operations/sec (Maximum observed: 7194.2446 ops/sec)
Total latency = 2.7435238149345003E7 (+/- 0) us 
Consensus latency = 3286.719012 (+/- 316) us 
Pre-consensus latency = 0.0 (+/- 0) us 
Pos-consensus latency = 2.7432552253895E7 (+/- 0) us 
Propose latency = 1393.4333940000001 (+/- 384) us 
Write latency = 439.009746 (+/- 296) us 
Accept latency = 1454.275872 (+/- 132) us 
Batch average size = NaN (+/- 0) requests
TOMMessage ByteCount = 64376281
LCMessage ByteCount = 54
ConsensusMessage ByteCount = 120786
StandardSMMessage ByteCount = 6337
--- Measurements after 177000 ops (1000 samples) ---
Throughput = 7142.857 operations/sec (Maximum observed: 7194.2446 ops/sec)
Total latency = 2.7576161056183E7 (+/- 0) us 
Consensus latency = 3534.114952 (+/- 314) us 
Pre-consensus latency = 0.0 (+/- 0) us 
Pos-consensus latency = 2.7573147272976004E7 (+/- 0) us 
Propose latency = 1174.215218 (+/- 381) us 
Write latency = 836.503414 (+/- 722) us 
Accept latency = 1523.39632 (+/- 211) us 
Batch average size = NaN (+/- 0) requests
TOMMessage ByteCount = 64379451
LCMessage ByteCount = 54
ConsensusMessage ByteCount = 120786
StandardSMMessage ByteCount = 6337
--- Measurements after 178000 ops (1000 samples) ---
Throughput = 7042.2534 operations/sec (Maximum observed: 7194.2446 ops/sec)
Total latency = 2.7688904200102E7 (+/- 0) us 
Consensus latency = 3659.485044 (+/- 1290) us 
Pre-consensus latency = 0.0 (+/- 0) us 
Pos-consensus latency = 2.7685847687618E7 (+/- 0) us 
Propose latency = 1097.514717 (+/- 208) us 
Write latency = 692.445471 (+/- 446) us 
Accept latency = 1869.524856 (+/- 1207) us 
Batch average size = NaN (+/- 0) requests
TOMMessage ByteCount = 64391065
LCMessage ByteCount = 54
ConsensusMessage ByteCount = 120786
StandardSMMessage ByteCount = 6337
--- Measurements after 179000 ops (1000 samples) ---
Throughput = 7407.407 operations/sec (Maximum observed: 7407.407 ops/sec)
Total latency = 2.7791321347023997E7 (+/- 0) us 
Consensus latency = 7186.752286 (+/- 1805) us 
Pre-consensus latency = 0.0 (+/- 0) us 
Pos-consensus latency = 2.778497386448E7 (+/- 0) us 
Propose latency = 4516.539306 (+/- 2194) us 
Write latency = 279.714982 (+/- 314) us 
Accept latency = 2390.4979980000003 (+/- 1941) us 
Batch average size = NaN (+/- 0) requests
TOMMessage ByteCount = 64399522
LCMessage ByteCount = 54
ConsensusMessage ByteCount = 120786
StandardSMMessage ByteCount = 6337
--- Measurements after 180000 ops (1000 samples) ---
Throughput = 7142.857 operations/sec (Maximum observed: 7407.407 ops/sec)
Total latency = 2.7900504394305002E7 (+/- 0) us 
Consensus latency = 4219.500926 (+/- 1617) us 
Pre-consensus latency = 0.0 (+/- 0) us 
Pos-consensus latency = 2.7897043909736E7 (+/- 0) us 
Propose latency = 2213.959842 (+/- 897) us 
Write latency = 539.365392 (+/- 737) us 
Accept latency = 1466.175692 (+/- 97) us 
Batch average size = NaN (+/- 0) requests
TOMMessage ByteCount = 64403748
LCMessage ByteCount = 54
ConsensusMessage ByteCount = 120786
StandardSMMessage ByteCount = 6337
--- Measurements after 181000 ops (1000 samples) ---
Throughput = 6849.315 operations/sec (Maximum observed: 7407.407 ops/sec)
Total latency = 2.8020864297679E7 (+/- 0) us 
Consensus latency = 5044.077954 (+/- 1119) us 
Pre-consensus latency = 0.0 (+/- 0) us 
Pos-consensus latency = 2.8016842379165E7 (+/- 0) us 
Propose latency = 2824.768134 (+/- 951) us 
Write latency = 698.8362040000001 (+/- 645) us 
Accept latency = 1520.473616 (+/- 27) us 
Batch average size = NaN (+/- 0) requests
TOMMessage ByteCount = 64482011
LCMessage ByteCount = 54
ConsensusMessage ByteCount = 120786
StandardSMMessage ByteCount = 6337
--- Measurements after 182000 ops (1000 samples) ---
Throughput = 5649.7173 operations/sec (Maximum observed: 7407.407 ops/sec)
Total latency = 2.8169866356193002E7 (+/- 0) us 
Consensus latency = 3412.584463 (+/- 331) us 
Pre-consensus latency = 0.0 (+/- 0) us 
Pos-consensus latency = 2.8167016345379002E7 (+/- 0) us 
Propose latency = 970.6814919999999 (+/- 129) us 
Write latency = 680.1024960000001 (+/- 330) us 
Accept latency = 1761.800475 (+/- 193) us 
Batch average size = NaN (+/- 0) requests
TOMMessage ByteCount = 64658586
LCMessage ByteCount = 54
ConsensusMessage ByteCount = 120786
StandardSMMessage ByteCount = 6337
--- Measurements after 183000 ops (1000 samples) ---
Throughput = 6711.409 operations/sec (Maximum observed: 7407.407 ops/sec)
Total latency = 2.8295110814864E7 (+/- 0) us 
Consensus latency = 3432.382693 (+/- 279) us 
Pre-consensus latency = 0.0 (+/- 0) us 
Pos-consensus latency = 2.829228734897E7 (+/- 0) us 
Propose latency = 1446.271139 (+/- 416) us 
Write latency = 326.249507 (+/- 246) us 
Accept latency = 1659.862047 (+/- 148) us 
Batch average size = NaN (+/- 0) requests
TOMMessage ByteCount = 64840461
LCMessage ByteCount = 54
ConsensusMessage ByteCount = 120786
StandardSMMessage ByteCount = 6337
--- Measurements after 184000 ops (1000 samples) ---
Throughput = 6711.409 operations/sec (Maximum observed: 7407.407 ops/sec)
Total latency = 2.8416111100762002E7 (+/- 0) us 
Consensus latency = 3609.334908 (+/- 326) us 
Pre-consensus latency = 0.0 (+/- 0) us 
Pos-consensus latency = 2.8413082863783002E7 (+/- 0) us 
Propose latency = 991.338864 (+/- 116) us 
Write latency = 1023.556361 (+/- 424) us 
Accept latency = 1594.439683 (+/- 91) us 
Batch average size = NaN (+/- 0) requests
TOMMessage ByteCount = 65060419
LCMessage ByteCount = 54
ConsensusMessage ByteCount = 120786
StandardSMMessage ByteCount = 6337
--- Measurements after 185000 ops (1000 samples) ---
Throughput = 6756.757 operations/sec (Maximum observed: 7407.407 ops/sec)
Total latency = 2.8536716616286E7 (+/- 0) us 
Consensus latency = 4005.28796 (+/- 670) us 
Pre-consensus latency = 0.0 (+/- 0) us 
Pos-consensus latency = 2.8533341853526E7 (+/- 0) us 
Propose latency = 1315.8762279999999 (+/- 563) us 
Write latency = 1095.873818 (+/- 1004) us 
Accept latency = 1593.537914 (+/- 281) us 
Batch average size = NaN (+/- 0) requests
TOMMessage ByteCount = 65232840
LCMessage ByteCount = 54
ConsensusMessage ByteCount = 120786
StandardSMMessage ByteCount = 6337
--- Measurements after 186000 ops (1000 samples) ---
Throughput = 6711.409 operations/sec (Maximum observed: 7407.407 ops/sec)
Total latency = 2.8658272951961E7 (+/- 0) us 
Consensus latency = 3745.11723 (+/- 621) us 
Pre-consensus latency = 0.0 (+/- 0) us 
Pos-consensus latency = 2.8655105917936E7 (+/- 0) us 
Propose latency = 1117.35555 (+/- 202) us 
Write latency = 1046.105878 (+/- 583) us 
Accept latency = 1581.655802 (+/- 302) us 
Batch average size = NaN (+/- 0) requests
TOMMessage ByteCount = 65414676
LCMessage ByteCount = 54
ConsensusMessage ByteCount = 120786
StandardSMMessage ByteCount = 6337
--- Measurements after 187000 ops (1000 samples) ---
Throughput = 5586.5923 operations/sec (Maximum observed: 7407.407 ops/sec)
Total latency = 2.8798165784895E7 (+/- 0) us 
Consensus latency = 3534.839953 (+/- 172) us 
Pre-consensus latency = 0.0 (+/- 0) us 
Pos-consensus latency = 2.8795161642800998E7 (+/- 0) us 
Propose latency = 1052.590285 (+/- 327) us 
Write latency = 1035.538715 (+/- 309) us 
Accept latency = 1446.710953 (+/- 258) us 
Batch average size = NaN (+/- 0) requests
TOMMessage ByteCount = 65642058
LCMessage ByteCount = 54
ConsensusMessage ByteCount = 120786
StandardSMMessage ByteCount = 6337
--- Measurements after 188000 ops (1000 samples) ---
Throughput = 6622.5166 operations/sec (Maximum observed: 7407.407 ops/sec)
Total latency = 2.8925812432776E7 (+/- 0) us 
Consensus latency = 7141.211858 (+/- 2742) us 
Pre-consensus latency = 0.0 (+/- 0) us 
Pos-consensus latency = 2.8919516381087E7 (+/- 0) us 
Propose latency = 5392.813348000001 (+/- 3008) us 
Write latency = 240.135863 (+/- 268) us 
Accept latency = 1508.262647 (+/- 146) us 
Batch average size = NaN (+/- 0) requests
TOMMessage ByteCount = 65845066
LCMessage ByteCount = 54
ConsensusMessage ByteCount = 120786
StandardSMMessage ByteCount = 6337
--- Measurements after 189000 ops (1000 samples) ---
Throughput = 6622.5166 operations/sec (Maximum observed: 7407.407 ops/sec)
Total latency = 2.9049139457211E7 (+/- 0) us 
Consensus latency = 4083.446085 (+/- 1324) us 
Pre-consensus latency = 0.0 (+/- 0) us 
Pos-consensus latency = 2.9045821407911997E7 (+/- 0) us 
Propose latency = 2470.9491000000003 (+/- 1329) us 
Write latency = 132.48551 (+/- 5) us 
Accept latency = 1480.011475 (+/- 86) us 
Batch average size = NaN (+/- 0) requests
TOMMessage ByteCount = 66040657
LCMessage ByteCount = 54
ConsensusMessage ByteCount = 120786
StandardSMMessage ByteCount = 6337
--- Measurements after 190000 ops (1000 samples) ---
Throughput = 6666.6665 operations/sec (Maximum observed: 7407.407 ops/sec)
Total latency = 2.9178682692009E7 (+/- 0) us 
Consensus latency = 3037.921436 (+/- 189) us 
Pre-consensus latency = 0.0 (+/- 0) us 
Pos-consensus latency = 2.9176223531797E7 (+/- 0) us 
Propose latency = 1130.264672 (+/- 257) us 
Write latency = 318.431108 (+/- 289) us 
Accept latency = 1589.225656 (+/- 123) us 
Batch average size = NaN (+/- 0) requests
TOMMessage ByteCount = 66232006
LCMessage ByteCount = 54
ConsensusMessage ByteCount = 120786
StandardSMMessage ByteCount = 6337
--- Measurements after 191000 ops (1000 samples) ---
Throughput = 6622.5166 operations/sec (Maximum observed: 7407.407 ops/sec)
Total latency = 2.9291530828238E7 (+/- 0) us 
Consensus latency = 7200.167137 (+/- 2220) us 
Pre-consensus latency = 0.0 (+/- 0) us 
Pos-consensus latency = 2.9285467099096E7 (+/- 0) us 
Propose latency = 3104.8759720000003 (+/- 786) us 
Write latency = 2609.835599 (+/- 1518) us 
Accept latency = 1485.455566 (+/- 107) us 
Batch average size = NaN (+/- 0) requests
TOMMessage ByteCount = 66492134
LCMessage ByteCount = 54
ConsensusMessage ByteCount = 120786
StandardSMMessage ByteCount = 6337
--- Measurements after 192000 ops (1000 samples) ---
Throughput = 5586.5923 operations/sec (Maximum observed: 7407.407 ops/sec)
Total latency = 2.9431284140129E7 (+/- 0) us 
Consensus latency = 7265.9390889999995 (+/- 2471) us 
Pre-consensus latency = 0.0 (+/- 0) us 
Pos-consensus latency = 2.9425422454622E7 (+/- 0) us 
Propose latency = 3523.60572 (+/- 808) us 
Write latency = 2200.975779 (+/- 1759) us 
Accept latency = 1541.35759 (+/- 69) us 
Batch average size = NaN (+/- 0) requests
TOMMessage ByteCount = 66745898
LCMessage ByteCount = 54
ConsensusMessage ByteCount = 120786
StandardSMMessage ByteCount = 6337
--- Measurements after 193000 ops (1000 samples) ---
Throughput = 6666.6665 operations/sec (Maximum observed: 7407.407 ops/sec)
Total latency = 2.957581882459E7 (+/- 0) us 
Consensus latency = 3074.647707 (+/- 431) us 
Pre-consensus latency = 0.0 (+/- 0) us 
Pos-consensus latency = 2.9573358176060002E7 (+/- 0) us 
Propose latency = 1176.4350419999998 (+/- 205) us 
Write latency = 336.700942 (+/- 355) us 
Accept latency = 1561.511723 (+/- 177) us 
Batch average size = NaN (+/- 0) requests
TOMMessage ByteCount = 66940485
LCMessage ByteCount = 54
ConsensusMessage ByteCount = 120786
StandardSMMessage ByteCount = 6337
--- Measurements after 194000 ops (1000 samples) ---
Throughput = 6622.5166 operations/sec (Maximum observed: 7407.407 ops/sec)
Total latency = 2.9699195456501998E7 (+/- 0) us 
Consensus latency = 3077.1425010000003 (+/- 240) us 
Pre-consensus latency = 0.0 (+/- 0) us 
Pos-consensus latency = 2.9696668326368E7 (+/- 0) us 
Propose latency = 1080.042564 (+/- 226) us 
Write latency = 352.445786 (+/- 237) us 
Accept latency = 1644.6541510000002 (+/- 184) us 
Batch average size = NaN (+/- 0) requests
TOMMessage ByteCount = 67125534
LCMessage ByteCount = 54
ConsensusMessage ByteCount = 120786
StandardSMMessage ByteCount = 6337
--- Measurements after 195000 ops (1000 samples) ---
Throughput = 6622.5166 operations/sec (Maximum observed: 7407.407 ops/sec)
Total latency = 2.9821570637473E7 (+/- 0) us 
Consensus latency = 3139.577466 (+/- 181) us 
Pre-consensus latency = 0.0 (+/- 0) us 
Pos-consensus latency = 2.9818995964849E7 (+/- 0) us 
Propose latency = 1001.969858 (+/- 99) us 
Write latency = 601.2941310000001 (+/- 128) us 
Accept latency = 1536.313477 (+/- 135) us 
Batch average size = NaN (+/- 0) requests
TOMMessage ByteCount = 67293666
LCMessage ByteCount = 54
ConsensusMessage ByteCount = 120786
StandardSMMessage ByteCount = 6337
--- Measurements after 196000 ops (1000 samples) ---
Throughput = 6535.9478 operations/sec (Maximum observed: 7407.407 ops/sec)
Total latency = 2.9943751969872E7 (+/- 0) us 
Consensus latency = 3142.051949 (+/- 420) us 
Pre-consensus latency = 0.0 (+/- 0) us 
Pos-consensus latency = 2.9941183600312002E7 (+/- 0) us 
Propose latency = 1049.273151 (+/- 146) us 
Write latency = 682.116794 (+/- 291) us 
Accept latency = 1410.662004 (+/- 203) us 
Batch average size = NaN (+/- 0) requests
TOMMessage ByteCount = 67506156
LCMessage ByteCount = 54
ConsensusMessage ByteCount = 120786
StandardSMMessage ByteCount = 6337
--- Measurements after 197000 ops (1000 samples) ---
Throughput = 5154.639 operations/sec (Maximum observed: 7407.407 ops/sec)
Total latency = 3.007011400435E7 (+/- 0) us 
Consensus latency = 5295.758424 (+/- 2305) us 
Pre-consensus latency = 0.0 (+/- 0) us 
Pos-consensus latency = 3.0066376220055E7 (+/- 0) us 
Propose latency = 3225.7376 (+/- 2668) us 
Write latency = 455.890738 (+/- 398) us 
Accept latency = 1614.130086 (+/- 142) us 
Batch average size = NaN (+/- 0) requests
TOMMessage ByteCount = 68016785
LCMessage ByteCount = 54
ConsensusMessage ByteCount = 120786
StandardSMMessage ByteCount = 6337
--- Measurements after 198000 ops (1000 samples) ---
Throughput = 4854.369 operations/sec (Maximum observed: 7407.407 ops/sec)
Total latency = 3.0251893621928003E7 (+/- 0) us 
Consensus latency = 2725.068868 (+/- 247) us 
Pre-consensus latency = 0.0 (+/- 0) us 
Pos-consensus latency = 3.0249563047404997E7 (+/- 0) us 
Propose latency = 624.850821 (+/- 170) us 
Write latency = 489.554212 (+/- 283) us 
Accept latency = 1610.663835 (+/- 239) us 
Batch average size = NaN (+/- 0) requests
TOMMessage ByteCount = 68682958
LCMessage ByteCount = 54
ConsensusMessage ByteCount = 120786
StandardSMMessage ByteCount = 6337
--- Measurements after 199000 ops (1000 samples) ---
Throughput = 4854.369 operations/sec (Maximum observed: 7407.407 ops/sec)
Total latency = 3.0416012601223E7 (+/- 0) us 
Consensus latency = 2394.151543 (+/- 289) us 
Pre-consensus latency = 0.0 (+/- 0) us 
Pos-consensus latency = 3.0413967518287998E7 (+/- 0) us 
Propose latency = 576.6421700000001 (+/- 122) us 
Write latency = 337.895321 (+/- 250) us 
Accept latency = 1479.614052 (+/- 132) us 
Batch average size = NaN (+/- 0) requests
TOMMessage ByteCount = 69261295
LCMessage ByteCount = 54
ConsensusMessage ByteCount = 120786
StandardSMMessage ByteCount = 6337
--- Measurements after 200000 ops (1000 samples) ---
Throughput = 4878.049 operations/sec (Maximum observed: 7407.407 ops/sec)
Total latency = 3.0541450805519E7 (+/- 0) us 
Consensus latency = 2239.5061600000004 (+/- 275) us 
Pre-consensus latency = 0.0 (+/- 0) us 
Pos-consensus latency = 3.0539461159713E7 (+/- 0) us 
Propose latency = 436.068033 (+/- 113) us 
Write latency = 352.850571 (+/- 320) us 
Accept latency = 1450.5875560000002 (+/- 154) us 
Batch average size = NaN (+/- 0) requests
TOMMessage ByteCount = 69872440
LCMessage ByteCount = 54
ConsensusMessage ByteCount = 120786
StandardSMMessage ByteCount = 6337
