-- Using view stored on disk
-- SSL/TLS handshake complete!, Id:0  ## CipherSuite: TLS_ECDHE_ECDSA_WITH_AES_128_GCM_SHA256.
-- ID = 1
-- N = 4
-- F = 1
-- Port (client <-> server) = 11010
-- Port (server <-> server) = 11011
-- requestTimeout = 2000
-- maxBatch = 1024
-- Binded replica to IP address 134.60.242.12
-- Optimizations:  Read-only Requests: disabled
-- SSL/TLS enabled, protocol version: TLSv1.2
-- In current view: ID:0; F:1; Processes:0(/134.60.242.11:11000),1(/134.60.242.12:11010),2(/134.60.242.13:11020),3(/134.60.242.14:11030),
-- Retrieving State
-- Replica state is up to date
-- 
		###################################
		    Ready to process operations    
		###################################
-- Session Created, active clients=0
-- Session Created, active clients=0
-- Session Created, active clients=0
-- Session Created, active clients=0
-- Session Created, active clients=0
-- Session Created, active clients=0
-- Session Created, active clients=0
-- Session Created, active clients=0
-- Session Created, active clients=0
-- Session Created, active clients=0
-- Session Created, active clients=0
-- Session Created, active clients=0
-- Session Created, active clients=0
-- Session Created, active clients=0
-- Session Created, active clients=0
-- Session Created, active clients=0
-- Session Created, active clients=0
-- Session Created, active clients=0
-- Session Created, active clients=0
-- Session Created, active clients=0
-- Session Created, active clients=0
-- Session Created, active clients=0
-- Session Created, active clients=0
-- Session Created, active clients=0
-- Session Created, active clients=0
-- Session Created, active clients=0
-- Session Created, active clients=0
-- Session Created, active clients=0
-- Session Created, active clients=0
-- Session Created, active clients=0
-- Session Created, active clients=0
-- Session Created, active clients=0
-- Session Created, active clients=0
-- Session Created, active clients=0
-- Session Created, active clients=0
-- Session Created, active clients=0
-- Session Created, active clients=0
-- Session Created, active clients=0
-- Session Created, active clients=0
-- Session Created, active clients=0
-- Session Created, active clients=0
-- Session Created, active clients=0
-- Session Created, active clients=0
-- Session Created, active clients=0
-- Session Created, active clients=0
-- Session Created, active clients=0
-- Session Created, active clients=0
-- Session Created, active clients=0
-- Session Created, active clients=0
-- Session Created, active clients=0
-- Session Created, active clients=0
-- Session Created, active clients=0
-- Session Created, active clients=0
-- Session Created, active clients=0
-- Session Created, active clients=0
-- Session Created, active clients=0
-- Session Created, active clients=0
-- Session Created, active clients=0
-- Session Created, active clients=0
-- Session Created, active clients=0
-- Session Created, active clients=0
-- Session Created, active clients=0
-- Session Created, active clients=0
-- Session Created, active clients=0
-- Session Created, active clients=0
-- Session Created, active clients=0
-- Session Created, active clients=0
-- Session Created, active clients=0
-- Session Created, active clients=0
-- Session Created, active clients=0
-- Session Created, active clients=0
-- Session Created, active clients=0
-- Session Created, active clients=0
-- Session Created, active clients=0
-- Session Created, active clients=0
-- Session Created, active clients=0
-- Session Created, active clients=0
-- Session Created, active clients=0
-- Session Created, active clients=0
-- Session Created, active clients=0
-- Session Created, active clients=0
-- Session Created, active clients=0
-- Session Created, active clients=0
-- Session Created, active clients=0
-- Session Created, active clients=0
-- Session Created, active clients=0
-- Session Created, active clients=0
-- Session Created, active clients=0
-- Session Created, active clients=0
-- Session Created, active clients=0
-- Session Created, active clients=0
-- Session Created, active clients=0
-- Session Created, active clients=0
-- Session Created, active clients=0
-- Session Created, active clients=0
-- Session Created, active clients=0
-- Session Created, active clients=0
-- Session Created, active clients=0
-- Session Created, active clients=0
-- Session Created, active clients=0
-- Session Created, active clients=0
-- Session Created, active clients=0
-- Session Created, active clients=0
-- Session Created, active clients=0
-- Session Created, active clients=0
-- Session Created, active clients=0
-- Session Created, active clients=0
-- Session Created, active clients=0
-- Session Created, active clients=0
-- Session Created, active clients=0
-- Session Created, active clients=0
-- Session Created, active clients=0
-- Session Created, active clients=0
-- Session Created, active clients=0
-- Session Created, active clients=0
-- Session Created, active clients=0
-- Session Created, active clients=0
-- Session Created, active clients=0
-- Session Created, active clients=0
-- Session Created, active clients=0
-- Session Created, active clients=0
-- Session Created, active clients=0
-- Session Created, active clients=0
-- Session Created, active clients=0
-- Session Created, active clients=0
-- Session Created, active clients=0
-- Session Created, active clients=0
-- Session Created, active clients=0
-- Session Created, active clients=0
-- Session Created, active clients=0
-- Session Created, active clients=0
-- Session Created, active clients=0
-- Session Created, active clients=0
-- Session Created, active clients=0
-- Session Created, active clients=0
-- Session Created, active clients=0
-- Session Created, active clients=0
-- Session Created, active clients=0
-- Session Created, active clients=0
-- Session Created, active clients=0
-- Session Created, active clients=0
-- Session Created, active clients=0
-- Session Created, active clients=0
-- Session Created, active clients=0
-- Session Created, active clients=0
-- Session Created, active clients=0
-- Session Created, active clients=0
-- Session Created, active clients=0
-- Session Created, active clients=0
-- Session Created, active clients=0
-- Session Created, active clients=0
-- Session Created, active clients=0
-- Session Created, active clients=0
-- Session Created, active clients=0
-- Session Created, active clients=0
-- Session Created, active clients=0
-- Session Created, active clients=0
-- Session Created, active clients=0
-- Session Created, active clients=0
-- Session Created, active clients=0
-- Session Created, active clients=0
-- Session Created, active clients=0
-- Session Created, active clients=0
-- Session Created, active clients=0
-- Session Created, active clients=0
-- Session Created, active clients=0
-- Session Created, active clients=0
-- Session Created, active clients=0
-- Session Created, active clients=0
-- Session Created, active clients=0
-- Session Created, active clients=0
-- Session Created, active clients=0
-- Session Created, active clients=0
-- Session Created, active clients=0
-- Session Created, active clients=0
-- Session Created, active clients=0
-- Session Created, active clients=0
-- Session Created, active clients=0
-- Session Created, active clients=0
-- Session Created, active clients=0
-- Session Created, active clients=0
-- Session Created, active clients=0
-- Session Created, active clients=0
-- Session Created, active clients=0
-- Session Created, active clients=0
-- Session Created, active clients=0
-- Session Created, active clients=0
-- Session Created, active clients=0
-- Session Created, active clients=0
-- Session Created, active clients=0
-- Session Created, active clients=0
-- Session Created, active clients=0
-- Session Created, active clients=0
-- Session Created, active clients=0
-- Session Created, active clients=0
-- Session Created, active clients=0
-- Session Created, active clients=0
-- Session Created, active clients=0
-- Session Created, active clients=0
-- Session Created, active clients=0
--- Measurements after 1000 ops (1000 samples) ---
Throughput = 21.588015 operations/sec (Maximum observed: 21.588015 ops/sec)
Total latency = 68305.007331 (+/- 40873) us 
Consensus latency = 9455.193433 (+/- 4804) us 
Pre-consensus latency = 0.0 (+/- 0) us 
Pos-consensus latency = 61247.305594 (+/- 39657) us 
Propose latency = 4001.180343 (+/- 2643) us 
Write latency = 1841.2282169999999 (+/- 1845) us 
Accept latency = 3612.784873 (+/- 2281) us 
Batch average size = 90.9090909090909 (+/- 82) requests
TOMMessage ByteCount = 943107
StandardSMMessage ByteCount = 6337
ConsensusMessage ByteCount = 1413
--- Measurements after 2000 ops (1000 samples) ---
Throughput = 83.43763 operations/sec (Maximum observed: 83.43763 ops/sec)
Total latency = 43428.441027 (+/- 23860) us 
Consensus latency = 6465.300039 (+/- 682) us 
Pre-consensus latency = 0.0 (+/- 0) us 
Pos-consensus latency = 38322.859263 (+/- 23617) us 
Propose latency = 2665.2418549999998 (+/- 924) us 
Write latency = 1425.1541980000002 (+/- 959) us 
Accept latency = 2374.9039860000003 (+/- 232) us 
Batch average size = 90.9090909090909 (+/- 85) requests
TOMMessage ByteCount = 2128312
StandardSMMessage ByteCount = 6337
ConsensusMessage ByteCount = 2832
--- Measurements after 3000 ops (1000 samples) ---
Throughput = 105.20779 operations/sec (Maximum observed: 105.20779 ops/sec)
Total latency = 38293.850319 (+/- 19811) us 
Consensus latency = 5660.302801 (+/- 720) us 
Pre-consensus latency = 0.0 (+/- 0) us 
Pos-consensus latency = 33632.596646 (+/- 19593) us 
Propose latency = 1691.836191 (+/- 378) us 
Write latency = 1858.1605020000002 (+/- 462) us 
Accept latency = 2110.306108 (+/- 88) us 
Batch average size = 100.0 (+/- 78) requests
TOMMessage ByteCount = 3285517
StandardSMMessage ByteCount = 6337
ConsensusMessage ByteCount = 4122
--- Measurements after 4000 ops (1000 samples) ---
Throughput = 142.95926 operations/sec (Maximum observed: 142.95926 ops/sec)
Total latency = 37495.348752 (+/- 21862) us 
Consensus latency = 4637.914583 (+/- 494) us 
Pre-consensus latency = 0.0 (+/- 0) us 
Pos-consensus latency = 33818.949324 (+/- 21841) us 
Propose latency = 1556.626019 (+/- 501) us 
Write latency = 1134.0043 (+/- 391) us 
Accept latency = 1947.284264 (+/- 308) us 
Batch average size = 100.0 (+/- 82) requests
TOMMessage ByteCount = 4462597
StandardSMMessage ByteCount = 6337
ConsensusMessage ByteCount = 5412
--- Measurements after 5000 ops (1000 samples) ---
Throughput = 222.56844 operations/sec (Maximum observed: 222.56844 ops/sec)
Total latency = 31979.105004 (+/- 17596) us 
Consensus latency = 4201.340814 (+/- 412) us 
Pre-consensus latency = 0.0 (+/- 0) us 
Pos-consensus latency = 28498.955221 (+/- 17563) us 
Propose latency = 1204.05354 (+/- 248) us 
Write latency = 910.136331 (+/- 301) us 
Accept latency = 2087.150943 (+/- 117) us 
Batch average size = 100.0 (+/- 70) requests
TOMMessage ByteCount = 5678188
StandardSMMessage ByteCount = 6337
ConsensusMessage ByteCount = 6702
--- Measurements after 6000 ops (1000 samples) ---
Throughput = 496.771 operations/sec (Maximum observed: 496.771 ops/sec)
Total latency = 36699.589086 (+/- 20050) us 
Consensus latency = 4319.883900999999 (+/- 500) us 
Pre-consensus latency = 0.0 (+/- 0) us 
Pos-consensus latency = 33018.077648 (+/- 19992) us 
Propose latency = 1077.571287 (+/- 291) us 
Write latency = 1057.0881610000001 (+/- 398) us 
Accept latency = 2185.2244530000003 (+/- 354) us 
Batch average size = 90.9090909090909 (+/- 71) requests
TOMMessage ByteCount = 6829557
StandardSMMessage ByteCount = 6337
ConsensusMessage ByteCount = 8121
--- Measurements after 7000 ops (1000 samples) ---
Throughput = 3003.003 operations/sec (Maximum observed: 3003.003 ops/sec)
Total latency = 155930.104587 (+/- 0) us 
Consensus latency = 8768.17049 (+/- 1551) us 
Pre-consensus latency = 0.0 (+/- 0) us 
Pos-consensus latency = 148392.673192 (+/- 0) us 
Propose latency = 4609.33733 (+/- 3014) us 
Write latency = 2463.593769 (+/- 1674) us 
Accept latency = 1695.239391 (+/- 224) us 
Batch average size = 1757.3333333333333 (+/- 2713) requests
TOMMessage ByteCount = 7456638
StandardSMMessage ByteCount = 6337
ConsensusMessage ByteCount = 11088
--- Measurements after 8000 ops (1000 samples) ---
Throughput = 4464.2856 operations/sec (Maximum observed: 4464.2856 ops/sec)
Total latency = 374373.946127 (+/- 0) us 
Consensus latency = 5114.337889 (+/- 1199) us 
Pre-consensus latency = 0.0 (+/- 0) us 
Pos-consensus latency = 370574.35612 (+/- 0) us 
Propose latency = 2503.419543 (+/- 62) us 
Write latency = 1666.764724 (+/- 1066) us 
Accept latency = 944.1536219999999 (+/- 431) us 
Batch average size = NaN (+/- 0) requests
TOMMessage ByteCount = 7456638
StandardSMMessage ByteCount = 6337
ConsensusMessage ByteCount = 13926
--- Measurements after 9000 ops (1000 samples) ---
Throughput = 4545.4546 operations/sec (Maximum observed: 4545.4546 ops/sec)
Total latency = 573771.860077 (+/- 0) us 
Consensus latency = 3871.9106260000003 (+/- 158) us 
Pre-consensus latency = 0.0 (+/- 0) us 
Pos-consensus latency = 571022.112341 (+/- 0) us 
Propose latency = 2053.824207 (+/- 279) us 
Write latency = 170.75397700000002 (+/- 5) us 
Accept latency = 1647.3324420000001 (+/- 127) us 
Batch average size = NaN (+/- 0) requests
TOMMessage ByteCount = 7456638
StandardSMMessage ByteCount = 6337
ConsensusMessage ByteCount = 16858
--- Measurements after 10000 ops (1000 samples) ---
Throughput = 3891.0505 operations/sec (Maximum observed: 4545.4546 ops/sec)
Total latency = 797949.314759 (+/- 0) us 
Consensus latency = 4630.402928 (+/- 685) us 
Pre-consensus latency = 0.0 (+/- 0) us 
Pos-consensus latency = 794232.595523 (+/- 0) us 
Propose latency = 2579.630402 (+/- 687) us 
Write latency = 200.67414499999998 (+/- 18) us 
Accept latency = 1850.098381 (+/- 18) us 
Batch average size = NaN (+/- 0) requests
TOMMessage ByteCount = 7456638
StandardSMMessage ByteCount = 6337
ConsensusMessage ByteCount = 19630
--- Measurements after 11000 ops (1000 samples) ---
Throughput = 4608.295 operations/sec (Maximum observed: 4608.295 ops/sec)
Total latency = 999624.460482 (+/- 0) us 
Consensus latency = 5901.944923999999 (+/- 1561) us 
Pre-consensus latency = 0.0 (+/- 0) us 
Pos-consensus latency = 994542.301384 (+/- 0) us 
Propose latency = 3137.74559 (+/- 2210) us 
Write latency = 643.28071 (+/- 604) us 
Accept latency = 2120.918624 (+/- 301) us 
Batch average size = NaN (+/- 0) requests
TOMMessage ByteCount = 7456638
StandardSMMessage ByteCount = 6337
ConsensusMessage ByteCount = 22842
--- Measurements after 12000 ops (1000 samples) ---
Throughput = 3289.4736 operations/sec (Maximum observed: 4608.295 ops/sec)
Total latency = 1241371.242727 (+/- 0) us 
Consensus latency = 4092.793223 (+/- 300) us 
Pre-consensus latency = 0.0 (+/- 0) us 
Pos-consensus latency = 1238227.5488840002 (+/- 0) us 
Propose latency = 1985.4127660000001 (+/- 230) us 
Write latency = 589.5546899999999 (+/- 363) us 
Accept latency = 1517.825767 (+/- 268) us 
Batch average size = 40515.0 (+/- 0) requests
TOMMessage ByteCount = 13161174
StandardSMMessage ByteCount = 6337
ConsensusMessage ByteCount = 28518
--- Measurements after 13000 ops (1000 samples) ---
Throughput = 3968.254 operations/sec (Maximum observed: 4608.295 ops/sec)
Total latency = 1469953.524366 (+/- 0) us 
Consensus latency = 5289.328432 (+/- 275) us 
Pre-consensus latency = 0.0 (+/- 0) us 
Pos-consensus latency = 1465780.480457 (+/- 0) us 
Propose latency = 2409.8811299999998 (+/- 436) us 
Write latency = 1155.78311 (+/- 426) us 
Accept latency = 1723.664192 (+/- 326) us 
Batch average size = NaN (+/- 0) requests
TOMMessage ByteCount = 13161174
StandardSMMessage ByteCount = 6337
ConsensusMessage ByteCount = 33094
--- Measurements after 14000 ops (1000 samples) ---
Throughput = 4484.305 operations/sec (Maximum observed: 4608.295 ops/sec)
Total latency = 1676169.784603 (+/- 0) us 
Consensus latency = 11689.233063 (+/- 5239) us 
Pre-consensus latency = 0.0 (+/- 0) us 
Pos-consensus latency = 1670075.000737 (+/- 0) us 
Propose latency = 9390.227055 (+/- 5183) us 
Write latency = 660.838436 (+/- 112) us 
Accept latency = 1638.1675719999998 (+/- 165) us 
Batch average size = NaN (+/- 0) requests
TOMMessage ByteCount = 13161174
StandardSMMessage ByteCount = 6337
ConsensusMessage ByteCount = 37362
LCMessage ByteCount = 27
--- Measurements after 15000 ops (1000 samples) ---
Throughput = 4405.286 operations/sec (Maximum observed: 4608.295 ops/sec)
Total latency = 1863358.8936080001 (+/- 0) us 
Consensus latency = 9817.097364 (+/- 858) us 
Pre-consensus latency = 0.0 (+/- 0) us 
Pos-consensus latency = 1856269.2622 (+/- 0) us 
Propose latency = 7496.150872 (+/- 764) us 
Write latency = 433.843304 (+/- 129) us 
Accept latency = 1887.103188 (+/- 223) us 
Batch average size = NaN (+/- 0) requests
TOMMessage ByteCount = 13161174
StandardSMMessage ByteCount = 6337
ConsensusMessage ByteCount = 42334
LCMessage ByteCount = 27
--- Measurements after 16000 ops (1000 samples) ---
Throughput = 3906.25 operations/sec (Maximum observed: 4608.295 ops/sec)
Total latency = 2103988.679381 (+/- 0) us 
Consensus latency = 8548.045536 (+/- 889) us 
Pre-consensus latency = 0.0 (+/- 0) us 
Pos-consensus latency = 2098080.391309 (+/- 0) us 
Propose latency = 6040.149808 (+/- 959) us 
Write latency = 344.514464 (+/- 9) us 
Accept latency = 2163.381264 (+/- 79) us 
Batch average size = NaN (+/- 0) requests
TOMMessage ByteCount = 13161174
StandardSMMessage ByteCount = 6337
ConsensusMessage ByteCount = 46822
LCMessage ByteCount = 27
--- Measurements after 17000 ops (1000 samples) ---
Throughput = 4504.5044 operations/sec (Maximum observed: 4608.295 ops/sec)
Total latency = 2308898.96524 (+/- 0) us 
Consensus latency = 5841.554175 (+/- 549) us 
Pre-consensus latency = 0.0 (+/- 0) us 
Pos-consensus latency = 2304890.785514 (+/- 0) us 
Propose latency = 3296.079947 (+/- 473) us 
Write latency = 419.916753 (+/- 43) us 
Accept latency = 2125.557475 (+/- 124) us 
Batch average size = NaN (+/- 0) requests
TOMMessage ByteCount = 13161174
StandardSMMessage ByteCount = 6337
ConsensusMessage ByteCount = 51574
LCMessage ByteCount = 27
--- Measurements after 18000 ops (1000 samples) ---
Throughput = 4504.5044 operations/sec (Maximum observed: 4608.295 ops/sec)
Total latency = 2506739.5896570003 (+/- 0) us 
Consensus latency = 4795.028269 (+/- 238) us 
Pre-consensus latency = 0.0 (+/- 0) us 
Pos-consensus latency = 2503178.520232 (+/- 0) us 
Propose latency = 2416.886795 (+/- 219) us 
Write latency = 373.41324 (+/- 25) us 
Accept latency = 2004.728234 (+/- 41) us 
Batch average size = NaN (+/- 0) requests
TOMMessage ByteCount = 13161174
StandardSMMessage ByteCount = 6337
ConsensusMessage ByteCount = 55842
LCMessage ByteCount = 27
--- Measurements after 19000 ops (1000 samples) ---
Throughput = 4484.305 operations/sec (Maximum observed: 4608.295 ops/sec)
Total latency = 2700115.72516 (+/- 0) us 
Consensus latency = 4890.243068 (+/- 193) us 
Pre-consensus latency = 0.0 (+/- 0) us 
Pos-consensus latency = 2696505.92366 (+/- 0) us 
Propose latency = 2320.402138 (+/- 264) us 
Write latency = 344.394186 (+/- 50) us 
Accept latency = 2225.446744 (+/- 267) us 
Batch average size = NaN (+/- 0) requests
TOMMessage ByteCount = 13161174
StandardSMMessage ByteCount = 6337
ConsensusMessage ByteCount = 60726
LCMessage ByteCount = 27
--- Measurements after 20000 ops (1000 samples) ---
Throughput = 4504.5044 operations/sec (Maximum observed: 4608.295 ops/sec)
Total latency = 2893953.495432 (+/- 0) us 
Consensus latency = 4759.660899 (+/- 331) us 
Pre-consensus latency = 0.0 (+/- 0) us 
Pos-consensus latency = 2890374.8369879997 (+/- 0) us 
Propose latency = 2335.227659 (+/- 315) us 
Write latency = 359.198036 (+/- 74) us 
Accept latency = 2065.235204 (+/- 160) us 
Batch average size = NaN (+/- 0) requests
TOMMessage ByteCount = 13161174
StandardSMMessage ByteCount = 6337
ConsensusMessage ByteCount = 65478
LCMessage ByteCount = 27
--- Measurements after 21000 ops (1000 samples) ---
Throughput = 4545.4546 operations/sec (Maximum observed: 4608.295 ops/sec)
Total latency = 3087135.029119 (+/- 0) us 
Consensus latency = 5232.014072 (+/- 1387) us 
Pre-consensus latency = 0.0 (+/- 0) us 
Pos-consensus latency = 3082994.389548 (+/- 0) us 
Propose latency = 2931.113891 (+/- 1331) us 
Write latency = 313.776554 (+/- 78) us 
Accept latency = 1987.1236270000002 (+/- 108) us 
Batch average size = NaN (+/- 0) requests
TOMMessage ByteCount = 13161174
StandardSMMessage ByteCount = 6337
ConsensusMessage ByteCount = 70494
LCMessage ByteCount = 27
--- Measurements after 22000 ops (1000 samples) ---
Throughput = 4444.4443 operations/sec (Maximum observed: 4608.295 ops/sec)
Total latency = 3280828.2896 (+/- 0) us 
Consensus latency = 8397.242862 (+/- 1464) us 
Pre-consensus latency = 0.0 (+/- 0) us 
Pos-consensus latency = 3274183.897472 (+/- 0) us 
Propose latency = 5312.475289 (+/- 2484) us 
Write latency = 1305.506916 (+/- 1545) us 
Accept latency = 1779.2606569999998 (+/- 145) us 
Batch average size = NaN (+/- 0) requests
TOMMessage ByteCount = 13161174
StandardSMMessage ByteCount = 6337
ConsensusMessage ByteCount = 75510
LCMessage ByteCount = 27
--- Measurements after 23000 ops (1000 samples) ---
Throughput = 4424.779 operations/sec (Maximum observed: 4608.295 ops/sec)
Total latency = 3480498.8577329996 (+/- 0) us 
Consensus latency = 8815.0656 (+/- 278) us 
Pre-consensus latency = 0.0 (+/- 0) us 
Pos-consensus latency = 3473465.819533 (+/- 0) us 
Propose latency = 6521.137748 (+/- 297) us 
Write latency = 253.837904 (+/- 18) us 
Accept latency = 2040.089948 (+/- 56) us 
Batch average size = NaN (+/- 0) requests
TOMMessage ByteCount = 13161174
StandardSMMessage ByteCount = 6337
ConsensusMessage ByteCount = 80526
LCMessage ByteCount = 54
--- Measurements after 24000 ops (1000 samples) ---
Throughput = 4405.286 operations/sec (Maximum observed: 4608.295 ops/sec)
Total latency = 3682469.974413 (+/- 0) us 
Consensus latency = 6847.762092 (+/- 696) us 
Pre-consensus latency = 0.0 (+/- 0) us 
Pos-consensus latency = 3676715.892337 (+/- 0) us 
Propose latency = 4310.165324 (+/- 806) us 
Write latency = 682.752092 (+/- 262) us 
Accept latency = 1854.844676 (+/- 121) us 
Batch average size = NaN (+/- 0) requests
TOMMessage ByteCount = 13161174
StandardSMMessage ByteCount = 6337
ConsensusMessage ByteCount = 86334
LCMessage ByteCount = 54
--- Measurements after 25000 ops (1000 samples) ---
Throughput = 4444.4443 operations/sec (Maximum observed: 4608.295 ops/sec)
Total latency = 3882575.3224629997 (+/- 0) us 
Consensus latency = 5021.6809060000005 (+/- 543) us 
Pre-consensus latency = 0.0 (+/- 0) us 
Pos-consensus latency = 3878575.8101339997 (+/- 0) us 
Propose latency = 2689.878167 (+/- 408) us 
Write latency = 355.202409 (+/- 243) us 
Accept latency = 1976.60033 (+/- 154) us 
Batch average size = NaN (+/- 0) requests
TOMMessage ByteCount = 13161174
StandardSMMessage ByteCount = 6337
ConsensusMessage ByteCount = 91086
LCMessage ByteCount = 54
--- Measurements after 26000 ops (1000 samples) ---
Throughput = 4424.779 operations/sec (Maximum observed: 4608.295 ops/sec)
Total latency = 4080740.971518 (+/- 0) us 
Consensus latency = 4356.461273 (+/- 475) us 
Pre-consensus latency = 0.0 (+/- 0) us 
Pos-consensus latency = 4077291.44932 (+/- 0) us 
Propose latency = 2074.34863 (+/- 423) us 
Write latency = 327.075896 (+/- 75) us 
Accept latency = 1955.0367469999999 (+/- 194) us 
Batch average size = NaN (+/- 0) requests
TOMMessage ByteCount = 13161174
StandardSMMessage ByteCount = 6337
ConsensusMessage ByteCount = 95926
LCMessage ByteCount = 54
--- Measurements after 27000 ops (1000 samples) ---
Throughput = 4545.4546 operations/sec (Maximum observed: 4608.295 ops/sec)
Total latency = 4280341.223066 (+/- 0) us 
Consensus latency = 3816.689827 (+/- 496) us 
Pre-consensus latency = 0.0 (+/- 0) us 
Pos-consensus latency = 4277323.009463 (+/- 0) us 
Propose latency = 1398.166301 (+/- 244) us 
Write latency = 400.761419 (+/- 242) us 
Accept latency = 2017.762107 (+/- 221) us 
Batch average size = NaN (+/- 0) requests
TOMMessage ByteCount = 13161174
StandardSMMessage ByteCount = 6337
ConsensusMessage ByteCount = 100986
LCMessage ByteCount = 54
--- Measurements after 28000 ops (1000 samples) ---
Throughput = 4405.286 operations/sec (Maximum observed: 4608.295 ops/sec)
Total latency = 4476291.073551 (+/- 0) us 
Consensus latency = 7668.080775 (+/- 3101) us 
Pre-consensus latency = 0.0 (+/- 0) us 
Pos-consensus latency = 4469449.295299 (+/- 0) us 
Propose latency = 2626.1129849999998 (+/- 1434) us 
Write latency = 766.91943 (+/- 890) us 
Accept latency = 4275.048360000001 (+/- 2556) us 
Batch average size = NaN (+/- 0) requests
TOMMessage ByteCount = 13161174
StandardSMMessage ByteCount = 6337
ConsensusMessage ByteCount = 105870
LCMessage ByteCount = 54
--- Measurements after 29000 ops (1000 samples) ---
Throughput = 4366.812 operations/sec (Maximum observed: 4608.295 ops/sec)
Total latency = 4667880.133328 (+/- 0) us 
Consensus latency = 11978.469758 (+/- 2745) us 
Pre-consensus latency = 0.0 (+/- 0) us 
Pos-consensus latency = 4657282.879876001 (+/- 0) us 
Propose latency = 5592.396084 (+/- 960) us 
Write latency = 3461.73721 (+/- 1491) us 
Accept latency = 2924.336464 (+/- 1235) us 
Batch average size = NaN (+/- 0) requests
TOMMessage ByteCount = 13161174
StandardSMMessage ByteCount = 6337
ConsensusMessage ByteCount = 111942
LCMessage ByteCount = 54
--- Measurements after 30000 ops (1000 samples) ---
Throughput = 4329.0044 operations/sec (Maximum observed: 4608.295 ops/sec)
Total latency = 4860294.328521 (+/- 0) us 
Consensus latency = 9972.63302 (+/- 510) us 
Pre-consensus latency = 0.0 (+/- 0) us 
Pos-consensus latency = 4852292.962896 (+/- 0) us 
Propose latency = 7803.674647 (+/- 405) us 
Write latency = 268.582945 (+/- 37) us 
Accept latency = 1900.375428 (+/- 67) us 
Batch average size = NaN (+/- 0) requests
TOMMessage ByteCount = 13161174
StandardSMMessage ByteCount = 6337
ConsensusMessage ByteCount = 120654
LCMessage ByteCount = 54
--- Measurements after 31000 ops (1000 samples) ---
Throughput = 4761.905 operations/sec (Maximum observed: 4761.905 ops/sec)
Total latency = 5066999.8137489995 (+/- 0) us 
Consensus latency = 8599.460771 (+/- 573) us 
Pre-consensus latency = 0.0 (+/- 0) us 
Pos-consensus latency = 5059981.209685001 (+/- 0) us 
Propose latency = 5953.257178000001 (+/- 1011) us 
Write latency = 217.433767 (+/- 3) us 
Accept latency = 2428.7698259999997 (+/- 484) us 
Batch average size = NaN (+/- 0) requests
TOMMessage ByteCount = 13161174
StandardSMMessage ByteCount = 6337
ConsensusMessage ByteCount = 120786
LCMessage ByteCount = 54
--- Measurements after 32000 ops (1000 samples) ---
Throughput = 4694.8354 operations/sec (Maximum observed: 4761.905 ops/sec)
Total latency = 5253177.049354999 (+/- 0) us 
Consensus latency = 5791.39658 (+/- 1220) us 
Pre-consensus latency = 0.0 (+/- 0) us 
Pos-consensus latency = 5248529.751521 (+/- 0) us 
Propose latency = 3236.890746 (+/- 1182) us 
Write latency = 509.93097600000004 (+/- 474) us 
Accept latency = 2044.574858 (+/- 405) us 
Batch average size = NaN (+/- 0) requests
TOMMessage ByteCount = 13161174
StandardSMMessage ByteCount = 6337
ConsensusMessage ByteCount = 120786
LCMessage ByteCount = 54
--- Measurements after 33000 ops (1000 samples) ---
Throughput = 4854.369 operations/sec (Maximum observed: 4854.369 ops/sec)
Total latency = 5437328.354754 (+/- 0) us 
Consensus latency = 4692.979263 (+/- 264) us 
Pre-consensus latency = 0.0 (+/- 0) us 
Pos-consensus latency = 5433558.960842 (+/- 0) us 
Propose latency = 1539.7226 (+/- 182) us 
Write latency = 1230.871384 (+/- 166) us 
Accept latency = 1922.385279 (+/- 173) us 
Batch average size = NaN (+/- 0) requests
TOMMessage ByteCount = 13161174
StandardSMMessage ByteCount = 6337
ConsensusMessage ByteCount = 120786
LCMessage ByteCount = 54
--- Measurements after 34000 ops (1000 samples) ---
Throughput = 4716.981 operations/sec (Maximum observed: 4854.369 ops/sec)
Total latency = 5621074.907920999 (+/- 0) us 
Consensus latency = 4035.0898700000002 (+/- 452) us 
Pre-consensus latency = 0.0 (+/- 0) us 
Pos-consensus latency = 5617714.55547 (+/- 0) us 
Propose latency = 1536.114139 (+/- 477) us 
Write latency = 686.111901 (+/- 303) us 
Accept latency = 1812.86383 (+/- 207) us 
Batch average size = NaN (+/- 0) requests
TOMMessage ByteCount = 13161174
StandardSMMessage ByteCount = 6337
ConsensusMessage ByteCount = 120786
LCMessage ByteCount = 54
--- Measurements after 35000 ops (1000 samples) ---
Throughput = 4830.918 operations/sec (Maximum observed: 4854.369 ops/sec)
Total latency = 5796279.081061 (+/- 0) us 
Consensus latency = 6093.019556 (+/- 1557) us 
Pre-consensus latency = 0.0 (+/- 0) us 
Pos-consensus latency = 5791854.446260001 (+/- 0) us 
Propose latency = 3247.1337740000004 (+/- 1739) us 
Write latency = 716.1702610000001 (+/- 603) us 
Accept latency = 2129.715521 (+/- 403) us 
Batch average size = NaN (+/- 0) requests
TOMMessage ByteCount = 13161174
StandardSMMessage ByteCount = 6337
ConsensusMessage ByteCount = 120786
LCMessage ByteCount = 54
--- Measurements after 36000 ops (1000 samples) ---
Throughput = 4716.981 operations/sec (Maximum observed: 4854.369 ops/sec)
Total latency = 5962399.784229 (+/- 0) us 
Consensus latency = 12913.426912 (+/- 3754) us 
Pre-consensus latency = 0.0 (+/- 0) us 
Pos-consensus latency = 5954613.018132 (+/- 0) us 
Propose latency = 9454.858051000001 (+/- 4639) us 
Write latency = 1558.361996 (+/- 1305) us 
Accept latency = 1900.2068649999999 (+/- 270) us 
Batch average size = NaN (+/- 0) requests
TOMMessage ByteCount = 13161174
StandardSMMessage ByteCount = 6337
ConsensusMessage ByteCount = 120786
LCMessage ByteCount = 54
--- Measurements after 37000 ops (1000 samples) ---
Throughput = 4716.981 operations/sec (Maximum observed: 4854.369 ops/sec)
Total latency = 6141535.487681 (+/- 0) us 
Consensus latency = 16692.412076 (+/- 406) us 
Pre-consensus latency = 0.0 (+/- 0) us 
Pos-consensus latency = 6132598.260066 (+/- 0) us 
Propose latency = 14106.412481000001 (+/- 446) us 
Write latency = 360.371688 (+/- 233) us 
Accept latency = 2225.627907 (+/- 192) us 
Batch average size = NaN (+/- 0) requests
TOMMessage ByteCount = 13161174
StandardSMMessage ByteCount = 6337
ConsensusMessage ByteCount = 120786
LCMessage ByteCount = 54
--- Measurements after 38000 ops (1000 samples) ---
Throughput = 4854.369 operations/sec (Maximum observed: 4854.369 ops/sec)
Total latency = 6332093.122258 (+/- 0) us 
Consensus latency = 16078.186455000001 (+/- 514) us 
Pre-consensus latency = 0.0 (+/- 0) us 
Pos-consensus latency = 6320039.938557999 (+/- 0) us 
Propose latency = 10203.54775 (+/- 2504) us 
Write latency = 3644.53702 (+/- 2056) us 
Accept latency = 2230.101685 (+/- 66) us 
Batch average size = NaN (+/- 0) requests
TOMMessage ByteCount = 13161174
StandardSMMessage ByteCount = 6337
ConsensusMessage ByteCount = 120786
LCMessage ByteCount = 54
--- Measurements after 39000 ops (1000 samples) ---
Throughput = 4716.981 operations/sec (Maximum observed: 4854.369 ops/sec)
Total latency = 6517727.664691 (+/- 0) us 
Consensus latency = 15944.443352 (+/- 938) us 
Pre-consensus latency = 0.0 (+/- 0) us 
Pos-consensus latency = 6504023.3898950005 (+/- 0) us 
Propose latency = 9123.799172 (+/- 324) us 
Write latency = 4395.105596 (+/- 623) us 
Accept latency = 2425.538584 (+/- 128) us 
Batch average size = NaN (+/- 0) requests
TOMMessage ByteCount = 13161174
StandardSMMessage ByteCount = 6337
ConsensusMessage ByteCount = 120786
LCMessage ByteCount = 54
--- Measurements after 40000 ops (1000 samples) ---
Throughput = 4830.918 operations/sec (Maximum observed: 4854.369 ops/sec)
Total latency = 6700138.140023 (+/- 0) us 
Consensus latency = 9294.454077 (+/- 239) us 
Pre-consensus latency = 0.0 (+/- 0) us 
Pos-consensus latency = 6692619.123064 (+/- 0) us 
Propose latency = 7031.606886 (+/- 475) us 
Write latency = 371.707879 (+/- 267) us 
Accept latency = 1891.139312 (+/- 31) us 
Batch average size = NaN (+/- 0) requests
TOMMessage ByteCount = 13161174
StandardSMMessage ByteCount = 6337
ConsensusMessage ByteCount = 120786
LCMessage ByteCount = 54
--- Measurements after 41000 ops (1000 samples) ---
Throughput = 4716.981 operations/sec (Maximum observed: 4854.369 ops/sec)
Total latency = 6887986.730099 (+/- 0) us 
Consensus latency = 7228.685434 (+/- 1068) us 
Pre-consensus latency = 0.0 (+/- 0) us 
Pos-consensus latency = 6882091.104696 (+/- 0) us 
Propose latency = 5136.490559999999 (+/- 737) us 
Write latency = 376.230742 (+/- 257) us 
Accept latency = 1715.964132 (+/- 79) us 
Batch average size = NaN (+/- 0) requests
TOMMessage ByteCount = 13161174
StandardSMMessage ByteCount = 6337
ConsensusMessage ByteCount = 120786
LCMessage ByteCount = 54
--- Measurements after 42000 ops (1000 samples) ---
Throughput = 4854.369 operations/sec (Maximum observed: 4854.369 ops/sec)
Total latency = 7071151.956302 (+/- 0) us 
Consensus latency = 5622.461376 (+/- 607) us 
Pre-consensus latency = 0.0 (+/- 0) us 
Pos-consensus latency = 7066468.8062229995 (+/- 0) us 
Propose latency = 2958.480769 (+/- 1076) us 
Write latency = 475.44343599999996 (+/- 290) us 
Accept latency = 2188.537171 (+/- 473) us 
Batch average size = NaN (+/- 0) requests
TOMMessage ByteCount = 13161174
StandardSMMessage ByteCount = 6337
ConsensusMessage ByteCount = 120786
LCMessage ByteCount = 54
--- Measurements after 43000 ops (1000 samples) ---
Throughput = 4716.981 operations/sec (Maximum observed: 4854.369 ops/sec)
Total latency = 7227887.838149999 (+/- 0) us 
Consensus latency = 4010.2839980000003 (+/- 633) us 
Pre-consensus latency = 0.0 (+/- 0) us 
Pos-consensus latency = 7224518.164596 (+/- 0) us 
Propose latency = 1249.480227 (+/- 811) us 
Write latency = 833.9401310000001 (+/- 249) us 
Accept latency = 1926.8636399999998 (+/- 161) us 
Batch average size = NaN (+/- 0) requests
TOMMessage ByteCount = 13161174
StandardSMMessage ByteCount = 6337
ConsensusMessage ByteCount = 120786
LCMessage ByteCount = 54
--- Measurements after 44000 ops (1000 samples) ---
Throughput = 4854.369 operations/sec (Maximum observed: 4854.369 ops/sec)
Total latency = 7394848.896585 (+/- 0) us 
Consensus latency = 10041.574594 (+/- 1477) us 
Pre-consensus latency = 0.0 (+/- 0) us 
Pos-consensus latency = 7386583.344536 (+/- 0) us 
Propose latency = 7677.093827 (+/- 1133) us 
Write latency = 539.427442 (+/- 527) us 
Accept latency = 1825.0533249999999 (+/- 22) us 
Batch average size = NaN (+/- 0) requests
TOMMessage ByteCount = 13161174
StandardSMMessage ByteCount = 6337
ConsensusMessage ByteCount = 120786
LCMessage ByteCount = 54
--- Measurements after 45000 ops (1000 samples) ---
Throughput = 4716.981 operations/sec (Maximum observed: 4854.369 ops/sec)
Total latency = 7583856.197257 (+/- 0) us 
Consensus latency = 11222.614622 (+/- 598) us 
Pre-consensus latency = 0.0 (+/- 0) us 
Pos-consensus latency = 7574927.205193 (+/- 0) us 
Propose latency = 8228.443156000001 (+/- 366) us 
Write latency = 1082.207176 (+/- 334) us 
Accept latency = 1911.9642900000001 (+/- 101) us 
Batch average size = NaN (+/- 0) requests
TOMMessage ByteCount = 13161174
StandardSMMessage ByteCount = 6337
ConsensusMessage ByteCount = 120786
LCMessage ByteCount = 54
--- Measurements after 46000 ops (1000 samples) ---
Throughput = 4716.981 operations/sec (Maximum observed: 4854.369 ops/sec)
Total latency = 7767465.258778 (+/- 0) us 
Consensus latency = 9102.536675000001 (+/- 953) us 
Pre-consensus latency = 0.0 (+/- 0) us 
Pos-consensus latency = 7760252.968486 (+/- 0) us 
Propose latency = 6552.31183 (+/- 857) us 
Write latency = 689.880118 (+/- 39) us 
Accept latency = 1860.344727 (+/- 135) us 
Batch average size = NaN (+/- 0) requests
TOMMessage ByteCount = 13161174
StandardSMMessage ByteCount = 6337
ConsensusMessage ByteCount = 120786
LCMessage ByteCount = 54
--- Measurements after 47000 ops (1000 samples) ---
Throughput = 4926.1084 operations/sec (Maximum observed: 4926.1084 ops/sec)
Total latency = 7955053.556987001 (+/- 0) us 
Consensus latency = 6210.987308 (+/- 1093) us 
Pre-consensus latency = 0.0 (+/- 0) us 
Pos-consensus latency = 7950165.169193 (+/- 0) us 
Propose latency = 3722.472448 (+/- 1474) us 
Write latency = 1084.468652 (+/- 392) us 
Accept latency = 1404.0462080000002 (+/- 85) us 
Batch average size = NaN (+/- 0) requests
TOMMessage ByteCount = 13161174
StandardSMMessage ByteCount = 6337
ConsensusMessage ByteCount = 120786
LCMessage ByteCount = 54
--- Measurements after 48000 ops (1000 samples) ---
Throughput = 8264.463 operations/sec (Maximum observed: 8264.463 ops/sec)
Total latency = 8091902.539799 (+/- 0) us 
Consensus latency = 3903.336304 (+/- 265) us 
Pre-consensus latency = 0.0 (+/- 0) us 
Pos-consensus latency = 8088813.74206 (+/- 0) us 
Propose latency = 1370.588427 (+/- 263) us 
Write latency = 748.763037 (+/- 304) us 
Accept latency = 1783.98484 (+/- 105) us 
Batch average size = NaN (+/- 0) requests
TOMMessage ByteCount = 13161174
StandardSMMessage ByteCount = 6337
ConsensusMessage ByteCount = 120786
LCMessage ByteCount = 54
--- Measurements after 49000 ops (1000 samples) ---
Throughput = 8695.652 operations/sec (Maximum observed: 8695.652 ops/sec)
Total latency = 8184774.043927 (+/- 0) us 
Consensus latency = 3924.2048029999996 (+/- 202) us 
Pre-consensus latency = 0.0 (+/- 0) us 
Pos-consensus latency = 8181594.1943149995 (+/- 0) us 
Propose latency = 1359.6118829999998 (+/- 222) us 
Write latency = 630.358444 (+/- 267) us 
Accept latency = 1934.234476 (+/- 121) us 
Batch average size = NaN (+/- 0) requests
TOMMessage ByteCount = 13161174
StandardSMMessage ByteCount = 6337
ConsensusMessage ByteCount = 120786
LCMessage ByteCount = 54
--- Measurements after 50000 ops (1000 samples) ---
Throughput = 8333.333 operations/sec (Maximum observed: 8695.652 ops/sec)
Total latency = 8273007.216077 (+/- 0) us 
Consensus latency = 3832.86928 (+/- 202) us 
Pre-consensus latency = 0.0 (+/- 0) us 
Pos-consensus latency = 8269884.193116 (+/- 0) us 
Propose latency = 1159.085498 (+/- 39) us 
Write latency = 904.521789 (+/- 211) us 
Accept latency = 1769.261993 (+/- 122) us 
Batch average size = NaN (+/- 0) requests
TOMMessage ByteCount = 13161174
StandardSMMessage ByteCount = 6337
ConsensusMessage ByteCount = 120786
LCMessage ByteCount = 54
--- Measurements after 51000 ops (1000 samples) ---
Throughput = 8547.009 operations/sec (Maximum observed: 8695.652 ops/sec)
Total latency = 8363400.745911 (+/- 0) us 
Consensus latency = 3599.2792510000004 (+/- 349) us 
Pre-consensus latency = 0.0 (+/- 0) us 
Pos-consensus latency = 8360495.518569999 (+/- 0) us 
Propose latency = 1187.604088 (+/- 59) us 
Write latency = 533.6042630000001 (+/- 216) us 
Accept latency = 1878.0709 (+/- 233) us 
Batch average size = NaN (+/- 0) requests
TOMMessage ByteCount = 13161174
StandardSMMessage ByteCount = 6337
ConsensusMessage ByteCount = 120786
LCMessage ByteCount = 54
--- Measurements after 52000 ops (1000 samples) ---
Throughput = 4081.6326 operations/sec (Maximum observed: 8695.652 ops/sec)
Total latency = 8472749.401242 (+/- 0) us 
Consensus latency = 6893.404866000001 (+/- 2687) us 
Pre-consensus latency = 0.0 (+/- 0) us 
Pos-consensus latency = 8466888.656779 (+/- 0) us 
Propose latency = 3428.682933 (+/- 1888) us 
Write latency = 1299.835315 (+/- 1798) us 
Accept latency = 2164.886618 (+/- 507) us 
Batch average size = 148213.0 (+/- 0) requests
TOMMessage ByteCount = 18961616
StandardSMMessage ByteCount = 6337
ConsensusMessage ByteCount = 120786
LCMessage ByteCount = 54
--- Measurements after 53000 ops (1000 samples) ---
Throughput = 6250.0 operations/sec (Maximum observed: 8695.652 ops/sec)
Total latency = 8683515.065899 (+/- 0) us 
Consensus latency = 9638.10691 (+/- 1410) us 
Pre-consensus latency = 0.0 (+/- 0) us 
Pos-consensus latency = 8675401.022449 (+/- 0) us 
Propose latency = 3816.7005950000002 (+/- 644) us 
Write latency = 4122.46455 (+/- 736) us 
Accept latency = 1698.9417649999998 (+/- 29) us 
Batch average size = NaN (+/- 0) requests
TOMMessage ByteCount = 20874372
StandardSMMessage ByteCount = 6337
ConsensusMessage ByteCount = 120786
LCMessage ByteCount = 54
--- Measurements after 54000 ops (1000 samples) ---
Throughput = 6250.0 operations/sec (Maximum observed: 8695.652 ops/sec)
Total latency = 8820130.156139 (+/- 0) us 
Consensus latency = 5201.836954 (+/- 1140) us 
Pre-consensus latency = 0.0 (+/- 0) us 
Pos-consensus latency = 8815527.975833 (+/- 0) us 
Propose latency = 2006.302472 (+/- 719) us 
Write latency = 1346.808512 (+/- 1114) us 
Accept latency = 1848.72597 (+/- 336) us 
Batch average size = NaN (+/- 0) requests
TOMMessage ByteCount = 22561849
StandardSMMessage ByteCount = 6337
ConsensusMessage ByteCount = 120786
LCMessage ByteCount = 54
--- Measurements after 55000 ops (1000 samples) ---
Throughput = 6493.5063 operations/sec (Maximum observed: 8695.652 ops/sec)
Total latency = 8954798.159518 (+/- 0) us 
Consensus latency = 3949.520317 (+/- 377) us 
Pre-consensus latency = 0.0 (+/- 0) us 
Pos-consensus latency = 8951396.351754999 (+/- 0) us 
Propose latency = 1221.7051740000002 (+/- 332) us 
Write latency = 1075.205189 (+/- 274) us 
Accept latency = 1652.609954 (+/- 181) us 
Batch average size = NaN (+/- 0) requests
TOMMessage ByteCount = 24120295
StandardSMMessage ByteCount = 6337
ConsensusMessage ByteCount = 120786
LCMessage ByteCount = 54
--- Measurements after 56000 ops (1000 samples) ---
Throughput = 6211.18 operations/sec (Maximum observed: 8695.652 ops/sec)
Total latency = 9082793.637653999 (+/- 0) us 
Consensus latency = 3467.449682 (+/- 200) us 
Pre-consensus latency = 0.0 (+/- 0) us 
Pos-consensus latency = 9079804.084034 (+/- 0) us 
Propose latency = 1264.899238 (+/- 331) us 
Write latency = 557.744519 (+/- 258) us 
Accept latency = 1644.8059250000001 (+/- 200) us 
Batch average size = NaN (+/- 0) requests
TOMMessage ByteCount = 25522295
StandardSMMessage ByteCount = 6337
ConsensusMessage ByteCount = 120786
LCMessage ByteCount = 54
--- Measurements after 57000 ops (1000 samples) ---
Throughput = 6451.613 operations/sec (Maximum observed: 8695.652 ops/sec)
Total latency = 9214203.492736999 (+/- 0) us 
Consensus latency = 3679.81622 (+/- 342) us 
Pre-consensus latency = 0.0 (+/- 0) us 
Pos-consensus latency = 9211183.126465 (+/- 0) us 
Propose latency = 1404.847661 (+/- 283) us 
Write latency = 577.954794 (+/- 396) us 
Accept latency = 1697.013765 (+/- 80) us 
Batch average size = NaN (+/- 0) requests
TOMMessage ByteCount = 26845053
StandardSMMessage ByteCount = 6337
ConsensusMessage ByteCount = 120786
LCMessage ByteCount = 54
--- Measurements after 58000 ops (1000 samples) ---
Throughput = 6250.0 operations/sec (Maximum observed: 8695.652 ops/sec)
Total latency = 9343595.325047001 (+/- 0) us 
Consensus latency = 3943.678528 (+/- 356) us 
Pre-consensus latency = 0.0 (+/- 0) us 
Pos-consensus latency = 9340297.371073 (+/- 0) us 
Propose latency = 1279.6538529999998 (+/- 250) us 
Write latency = 910.704746 (+/- 525) us 
Accept latency = 1753.319929 (+/- 86) us 
Batch average size = NaN (+/- 0) requests
TOMMessage ByteCount = 28050479
StandardSMMessage ByteCount = 6337
ConsensusMessage ByteCount = 120786
LCMessage ByteCount = 54
--- Measurements after 59000 ops (1000 samples) ---
Throughput = 6711.409 operations/sec (Maximum observed: 8695.652 ops/sec)
Total latency = 9470827.542011 (+/- 0) us 
Consensus latency = 3548.660882 (+/- 215) us 
Pre-consensus latency = 0.0 (+/- 0) us 
Pos-consensus latency = 9467919.598491 (+/- 0) us 
Propose latency = 1218.0931580000001 (+/- 220) us 
Write latency = 604.0597560000001 (+/- 440) us 
Accept latency = 1726.5079680000001 (+/- 254) us 
Batch average size = NaN (+/- 0) requests
TOMMessage ByteCount = 29180808
StandardSMMessage ByteCount = 6337
ConsensusMessage ByteCount = 120786
LCMessage ByteCount = 54
--- Measurements after 60000 ops (1000 samples) ---
Throughput = 6329.114 operations/sec (Maximum observed: 8695.652 ops/sec)
Total latency = 9594513.905489 (+/- 0) us 
Consensus latency = 5760.2088779999995 (+/- 2625) us 
Pre-consensus latency = 0.0 (+/- 0) us 
Pos-consensus latency = 9589381.916156 (+/- 0) us 
Propose latency = 2168.204552 (+/- 1741) us 
Write latency = 530.76025 (+/- 239) us 
Accept latency = 3061.244076 (+/- 2711) us 
Batch average size = NaN (+/- 0) requests
TOMMessage ByteCount = 30239220
StandardSMMessage ByteCount = 6337
ConsensusMessage ByteCount = 120786
LCMessage ByteCount = 54
--- Measurements after 61000 ops (1000 samples) ---
Throughput = 6578.9473 operations/sec (Maximum observed: 8695.652 ops/sec)
Total latency = 9709409.468257999 (+/- 0) us 
Consensus latency = 9276.788672 (+/- 1366) us 
Pre-consensus latency = 0.0 (+/- 0) us 
Pos-consensus latency = 9701684.563938 (+/- 0) us 
Propose latency = 6839.184432 (+/- 1009) us 
Write latency = 642.0754479999999 (+/- 375) us 
Accept latency = 1795.5287919999998 (+/- 65) us 
Batch average size = NaN (+/- 0) requests
TOMMessage ByteCount = 31271212
StandardSMMessage ByteCount = 6337
ConsensusMessage ByteCount = 120786
LCMessage ByteCount = 54
--- Measurements after 62000 ops (1000 samples) ---
Throughput = 6097.561 operations/sec (Maximum observed: 8695.652 ops/sec)
Total latency = 9849321.372391 (+/- 0) us 
Consensus latency = 7520.779467 (+/- 786) us 
Pre-consensus latency = 0.0 (+/- 0) us 
Pos-consensus latency = 9843137.628206 (+/- 0) us 
Propose latency = 5373.196199 (+/- 1312) us 
Write latency = 350.350819 (+/- 382) us 
Accept latency = 1797.232449 (+/- 144) us 
Batch average size = NaN (+/- 0) requests
TOMMessage ByteCount = 32283354
StandardSMMessage ByteCount = 6337
ConsensusMessage ByteCount = 120786
LCMessage ByteCount = 54
--- Measurements after 63000 ops (1000 samples) ---
Throughput = 6060.606 operations/sec (Maximum observed: 8695.652 ops/sec)
Total latency = 9982765.136784 (+/- 0) us 
Consensus latency = 4399.474974000001 (+/- 959) us 
Pre-consensus latency = 0.0 (+/- 0) us 
Pos-consensus latency = 9979258.323305 (+/- 0) us 
Propose latency = 2137.0091740000003 (+/- 417) us 
Write latency = 455.05204599999996 (+/- 453) us 
Accept latency = 1807.413754 (+/- 189) us 
Batch average size = NaN (+/- 0) requests
TOMMessage ByteCount = 33258067
StandardSMMessage ByteCount = 6337
ConsensusMessage ByteCount = 120786
LCMessage ByteCount = 54
--- Measurements after 64000 ops (1000 samples) ---
Throughput = 6451.613 operations/sec (Maximum observed: 8695.652 ops/sec)
Total latency = 1.0120965048997E7 (+/- 0) us 
Consensus latency = 3842.95388 (+/- 434) us 
Pre-consensus latency = 0.0 (+/- 0) us 
Pos-consensus latency = 1.0117776573494E7 (+/- 0) us 
Propose latency = 1384.8758070000001 (+/- 428) us 
Write latency = 694.2564030000001 (+/- 599) us 
Accept latency = 1763.8216699999998 (+/- 114) us 
Batch average size = NaN (+/- 0) requests
TOMMessage ByteCount = 34196375
StandardSMMessage ByteCount = 6337
ConsensusMessage ByteCount = 120786
LCMessage ByteCount = 54
--- Measurements after 65000 ops (1000 samples) ---
Throughput = 6097.561 operations/sec (Maximum observed: 8695.652 ops/sec)
Total latency = 1.0251046077187E7 (+/- 0) us 
Consensus latency = 3926.625091 (+/- 396) us 
Pre-consensus latency = 0.0 (+/- 0) us 
Pos-consensus latency = 1.0247821673199E7 (+/- 0) us 
Propose latency = 1533.5577509999998 (+/- 194) us 
Write latency = 380.822423 (+/- 247) us 
Accept latency = 2012.244917 (+/- 252) us 
Batch average size = NaN (+/- 0) requests
TOMMessage ByteCount = 35079798
StandardSMMessage ByteCount = 6337
ConsensusMessage ByteCount = 120786
LCMessage ByteCount = 54
--- Measurements after 66000 ops (1000 samples) ---
Throughput = 6711.409 operations/sec (Maximum observed: 8695.652 ops/sec)
Total latency = 1.0382292890479E7 (+/- 0) us 
Consensus latency = 3553.811929 (+/- 252) us 
Pre-consensus latency = 0.0 (+/- 0) us 
Pos-consensus latency = 1.0379385054125E7 (+/- 0) us 
Propose latency = 1178.020802 (+/- 260) us 
Write latency = 623.543227 (+/- 163) us 
Accept latency = 1752.2478999999998 (+/- 244) us 
Batch average size = NaN (+/- 0) requests
TOMMessage ByteCount = 35915651
StandardSMMessage ByteCount = 6337
ConsensusMessage ByteCount = 120786
LCMessage ByteCount = 54
--- Measurements after 67000 ops (1000 samples) ---
Throughput = 6097.561 operations/sec (Maximum observed: 8695.652 ops/sec)
Total latency = 1.0511883134497998E7 (+/- 0) us 
Consensus latency = 4138.010503 (+/- 353) us 
Pre-consensus latency = 0.0 (+/- 0) us 
Pos-consensus latency = 1.0508431896437E7 (+/- 0) us 
Propose latency = 1303.561343 (+/- 332) us 
Write latency = 1274.646183 (+/- 556) us 
Accept latency = 1559.802977 (+/- 180) us 
Batch average size = NaN (+/- 0) requests
TOMMessage ByteCount = 36728142
StandardSMMessage ByteCount = 6337
ConsensusMessage ByteCount = 120786
LCMessage ByteCount = 54
--- Measurements after 68000 ops (1000 samples) ---
Throughput = 5405.4053 operations/sec (Maximum observed: 8695.652 ops/sec)
Total latency = 1.0654233475732E7 (+/- 0) us 
Consensus latency = 3917.7265580000003 (+/- 443) us 
Pre-consensus latency = 0.0 (+/- 0) us 
Pos-consensus latency = 1.0651017198431998E7 (+/- 0) us 
Propose latency = 1578.910733 (+/- 558) us 
Write latency = 549.8935429999999 (+/- 355) us 
Accept latency = 1788.922282 (+/- 156) us 
Batch average size = NaN (+/- 0) requests
TOMMessage ByteCount = 38888672
StandardSMMessage ByteCount = 6337
ConsensusMessage ByteCount = 120786
LCMessage ByteCount = 54
--- Measurements after 69000 ops (1000 samples) ---
Throughput = 4032.258 operations/sec (Maximum observed: 8695.652 ops/sec)
Total latency = 1.0831522827933E7 (+/- 0) us 
Consensus latency = 8692.424438 (+/- 5907) us 
Pre-consensus latency = 0.0 (+/- 0) us 
Pos-consensus latency = 1.082529258271E7 (+/- 0) us 
Propose latency = 6337.14255 (+/- 5876) us 
Write latency = 736.6479179999999 (+/- 966) us 
Accept latency = 1618.6339699999999 (+/- 78) us 
Batch average size = NaN (+/- 0) requests
TOMMessage ByteCount = 41714970
StandardSMMessage ByteCount = 6337
ConsensusMessage ByteCount = 120786
LCMessage ByteCount = 54
--- Measurements after 70000 ops (1000 samples) ---
Throughput = 4219.409 operations/sec (Maximum observed: 8695.652 ops/sec)
Total latency = 1.1053077831322001E7 (+/- 0) us 
Consensus latency = 10742.797596 (+/- 1027) us 
Pre-consensus latency = 0.0 (+/- 0) us 
Pos-consensus latency = 1.1043811721556E7 (+/- 0) us 
Propose latency = 6306.312954 (+/- 865) us 
Write latency = 1778.398564 (+/- 711) us 
Accept latency = 2658.0860780000003 (+/- 877) us 
Batch average size = NaN (+/- 0) requests
TOMMessage ByteCount = 44017708
StandardSMMessage ByteCount = 6337
ConsensusMessage ByteCount = 120786
LCMessage ByteCount = 54
--- Measurements after 71000 ops (1000 samples) ---
Throughput = 4694.8354 operations/sec (Maximum observed: 8695.652 ops/sec)
Total latency = 1.1253950818268E7 (+/- 0) us 
Consensus latency = 7243.0859199999995 (+/- 1443) us 
Pre-consensus latency = 0.0 (+/- 0) us 
Pos-consensus latency = 1.1248168045892E7 (+/- 0) us 
Propose latency = 3842.4073399999997 (+/- 622) us 
Write latency = 1814.797428 (+/- 437) us 
Accept latency = 1585.881152 (+/- 412) us 
Batch average size = NaN (+/- 0) requests
TOMMessage ByteCount = 45818423
StandardSMMessage ByteCount = 6337
ConsensusMessage ByteCount = 120786
LCMessage ByteCount = 54
--- Measurements after 72000 ops (1000 samples) ---
Throughput = 4716.981 operations/sec (Maximum observed: 8695.652 ops/sec)
Total latency = 1.1447840801342E7 (+/- 0) us 
Consensus latency = 3679.411842 (+/- 425) us 
Pre-consensus latency = 0.0 (+/- 0) us 
Pos-consensus latency = 1.1444860295358E7 (+/- 0) us 
Propose latency = 1406.8618470000001 (+/- 355) us 
Write latency = 800.751933 (+/- 247) us 
Accept latency = 1471.7980619999998 (+/- 221) us 
Batch average size = NaN (+/- 0) requests
TOMMessage ByteCount = 47440480
StandardSMMessage ByteCount = 6337
ConsensusMessage ByteCount = 120786
LCMessage ByteCount = 54
--- Measurements after 73000 ops (1000 samples) ---
Throughput = 4545.4546 operations/sec (Maximum observed: 8695.652 ops/sec)
Total latency = 1.163794678863E7 (+/- 0) us 
Consensus latency = 3477.4865959999997 (+/- 177) us 
Pre-consensus latency = 0.0 (+/- 0) us 
Pos-consensus latency = 1.1635042183356E7 (+/- 0) us 
Propose latency = 1024.454895 (+/- 117) us 
Write latency = 777.364182 (+/- 256) us 
Accept latency = 1675.667519 (+/- 156) us 
Batch average size = NaN (+/- 0) requests
TOMMessage ByteCount = 49003261
StandardSMMessage ByteCount = 6337
ConsensusMessage ByteCount = 120786
LCMessage ByteCount = 54
--- Measurements after 74000 ops (1000 samples) ---
Throughput = 3891.0505 operations/sec (Maximum observed: 8695.652 ops/sec)
Total latency = 1.1831623082673E7 (+/- 0) us 
Consensus latency = 3311.279969 (+/- 203) us 
Pre-consensus latency = 0.0 (+/- 0) us 
Pos-consensus latency = 1.1828931154277999E7 (+/- 0) us 
Propose latency = 1266.266748 (+/- 251) us 
Write latency = 358.844955 (+/- 256) us 
Accept latency = 1686.1682660000001 (+/- 140) us 
Batch average size = NaN (+/- 0) requests
TOMMessage ByteCount = 50705615
StandardSMMessage ByteCount = 6337
ConsensusMessage ByteCount = 120786
LCMessage ByteCount = 54
--- Measurements after 75000 ops (1000 samples) ---
Throughput = 3846.1538 operations/sec (Maximum observed: 8695.652 ops/sec)
Total latency = 1.2076750400799999E7 (+/- 0) us 
Consensus latency = 3523.0592549999997 (+/- 163) us 
Pre-consensus latency = 0.0 (+/- 0) us 
Pos-consensus latency = 1.2073899411328E7 (+/- 0) us 
Propose latency = 1168.775426 (+/- 140) us 
Write latency = 583.990366 (+/- 261) us 
Accept latency = 1770.293463 (+/- 205) us 
Batch average size = NaN (+/- 0) requests
TOMMessage ByteCount = 52383561
StandardSMMessage ByteCount = 6337
ConsensusMessage ByteCount = 120786
LCMessage ByteCount = 54
--- Measurements after 76000 ops (1000 samples) ---
Throughput = 3533.5688 operations/sec (Maximum observed: 8695.652 ops/sec)
Total latency = 1.2327372504438E7 (+/- 0) us 
Consensus latency = 3916.6839219999997 (+/- 459) us 
Pre-consensus latency = 0.0 (+/- 0) us 
Pos-consensus latency = 1.2324065851127E7 (+/- 0) us 
Propose latency = 1048.26125 (+/- 125) us 
Write latency = 813.1120960000001 (+/- 399) us 
Accept latency = 2055.310576 (+/- 236) us 
Batch average size = NaN (+/- 0) requests
TOMMessage ByteCount = 54018773
StandardSMMessage ByteCount = 6337
ConsensusMessage ByteCount = 120786
LCMessage ByteCount = 54
--- Measurements after 77000 ops (1000 samples) ---
Throughput = 3984.0637 operations/sec (Maximum observed: 8695.652 ops/sec)
Total latency = 1.2558834815819E7 (+/- 0) us 
Consensus latency = 7685.578034 (+/- 2714) us 
Pre-consensus latency = 0.0 (+/- 0) us 
Pos-consensus latency = 1.2551980412542E7 (+/- 0) us 
Propose latency = 3863.171241 (+/- 3309) us 
Write latency = 2097.2644530000002 (+/- 2957) us 
Accept latency = 1725.14234 (+/- 609) us 
Batch average size = NaN (+/- 0) requests
TOMMessage ByteCount = 55359908
StandardSMMessage ByteCount = 6337
ConsensusMessage ByteCount = 120786
LCMessage ByteCount = 54
--- Measurements after 78000 ops (1000 samples) ---
Throughput = 4048.583 operations/sec (Maximum observed: 8695.652 ops/sec)
Total latency = 1.2782989207748E7 (+/- 0) us 
Consensus latency = 8851.214898 (+/- 564) us 
Pre-consensus latency = 0.0 (+/- 0) us 
Pos-consensus latency = 1.2775507716614999E7 (+/- 0) us 
Propose latency = 5501.36388 (+/- 958) us 
Write latency = 1367.129906 (+/- 1167) us 
Accept latency = 1982.721112 (+/- 70) us 
Batch average size = NaN (+/- 0) requests
TOMMessage ByteCount = 56180846
StandardSMMessage ByteCount = 6337
ConsensusMessage ByteCount = 120786
LCMessage ByteCount = 54
--- Measurements after 79000 ops (1000 samples) ---
Throughput = 4854.369 operations/sec (Maximum observed: 8695.652 ops/sec)
Total latency = 1.29828364123E7 (+/- 0) us 
Consensus latency = 4773.25632 (+/- 1437) us 
Pre-consensus latency = 0.0 (+/- 0) us 
Pos-consensus latency = 1.2979026706386E7 (+/- 0) us 
Propose latency = 2388.674361 (+/- 1418) us 
Write latency = 784.884004 (+/- 422) us 
Accept latency = 1599.697955 (+/- 335) us 
Batch average size = NaN (+/- 0) requests
TOMMessage ByteCount = 56192488
StandardSMMessage ByteCount = 6337
ConsensusMessage ByteCount = 120786
LCMessage ByteCount = 54
--- Measurements after 80000 ops (1000 samples) ---
Throughput = 4273.5044 operations/sec (Maximum observed: 8695.652 ops/sec)
Total latency = 1.3179520133191E7 (+/- 0) us 
Consensus latency = 3361.845427 (+/- 320) us 
Pre-consensus latency = 0.0 (+/- 0) us 
Pos-consensus latency = 1.3176700545813E7 (+/- 0) us 
Propose latency = 971.902692 (+/- 52) us 
Write latency = 636.574167 (+/- 303) us 
Accept latency = 1753.3685679999999 (+/- 93) us 
Batch average size = NaN (+/- 0) requests
TOMMessage ByteCount = 56195663
StandardSMMessage ByteCount = 6337
ConsensusMessage ByteCount = 120786
LCMessage ByteCount = 54
--- Measurements after 81000 ops (1000 samples) ---
Throughput = 5714.2856 operations/sec (Maximum observed: 8695.652 ops/sec)
Total latency = 1.335084840346E7 (+/- 0) us 
Consensus latency = 3358.11777 (+/- 115) us 
Pre-consensus latency = 0.0 (+/- 0) us 
Pos-consensus latency = 1.3348035184587E7 (+/- 0) us 
Propose latency = 1104.3553200000001 (+/- 187) us 
Write latency = 483.93232 (+/- 257) us 
Accept latency = 1769.8301299999998 (+/- 125) us 
Batch average size = NaN (+/- 0) requests
TOMMessage ByteCount = 56202030
StandardSMMessage ByteCount = 6337
ConsensusMessage ByteCount = 120786
LCMessage ByteCount = 54
--- Measurements after 82000 ops (1000 samples) ---
Throughput = 6172.8394 operations/sec (Maximum observed: 8695.652 ops/sec)
Total latency = 1.3490533315046E7 (+/- 0) us 
Consensus latency = 3597.540831 (+/- 210) us 
Pre-consensus latency = 0.0 (+/- 0) us 
Pos-consensus latency = 1.3487505225382999E7 (+/- 0) us 
Propose latency = 1004.373867 (+/- 80) us 
Write latency = 937.374571 (+/- 359) us 
Accept latency = 1655.792393 (+/- 202) us 
Batch average size = NaN (+/- 0) requests
TOMMessage ByteCount = 56204149
StandardSMMessage ByteCount = 6337
ConsensusMessage ByteCount = 120786
LCMessage ByteCount = 54
--- Measurements after 83000 ops (1000 samples) ---
Throughput = 6493.5063 operations/sec (Maximum observed: 8695.652 ops/sec)
Total latency = 1.3619224661407E7 (+/- 0) us 
Consensus latency = 3522.2686409999997 (+/- 350) us 
Pre-consensus latency = 0.0 (+/- 0) us 
Pos-consensus latency = 1.3616301715672001E7 (+/- 0) us 
Propose latency = 1254.4161669999999 (+/- 452) us 
Write latency = 676.82747 (+/- 350) us 
Accept latency = 1591.0250039999999 (+/- 159) us 
Batch average size = NaN (+/- 0) requests
TOMMessage ByteCount = 56204149
StandardSMMessage ByteCount = 6337
ConsensusMessage ByteCount = 120786
LCMessage ByteCount = 54
--- Measurements after 84000 ops (1000 samples) ---
Throughput = 6711.409 operations/sec (Maximum observed: 8695.652 ops/sec)
Total latency = 1.3742369144666001E7 (+/- 0) us 
Consensus latency = 3796.9362859999997 (+/- 406) us 
Pre-consensus latency = 0.0 (+/- 0) us 
Pos-consensus latency = 1.3739165217410998E7 (+/- 0) us 
Propose latency = 1506.297268 (+/- 617) us 
Write latency = 637.767067 (+/- 375) us 
Accept latency = 1652.8719509999999 (+/- 133) us 
Batch average size = NaN (+/- 0) requests
TOMMessage ByteCount = 56204149
StandardSMMessage ByteCount = 6337
ConsensusMessage ByteCount = 120786
LCMessage ByteCount = 54
--- Measurements after 85000 ops (1000 samples) ---
Throughput = 5917.1597 operations/sec (Maximum observed: 8695.652 ops/sec)
Total latency = 1.3874154745567E7 (+/- 0) us 
Consensus latency = 6703.588755 (+/- 3249) us 
Pre-consensus latency = 0.0 (+/- 0) us 
Pos-consensus latency = 1.386833562919E7 (+/- 0) us 
Propose latency = 2810.7905189999997 (+/- 2568) us 
Write latency = 656.4408020000001 (+/- 321) us 
Accept latency = 3236.357434 (+/- 2837) us 
Batch average size = NaN (+/- 0) requests
TOMMessage ByteCount = 56204149
StandardSMMessage ByteCount = 6337
ConsensusMessage ByteCount = 120786
LCMessage ByteCount = 54
--- Measurements after 86000 ops (1000 samples) ---
Throughput = 6578.9473 operations/sec (Maximum observed: 8695.652 ops/sec)
Total latency = 1.3982118134351E7 (+/- 0) us 
Consensus latency = 11176.59341 (+/- 4817) us 
Pre-consensus latency = 0.0 (+/- 0) us 
Pos-consensus latency = 1.3974822427785E7 (+/- 0) us 
Propose latency = 8726.776240000001 (+/- 4776) us 
Write latency = 203.490386 (+/- 4) us 
Accept latency = 2246.326784 (+/- 41) us 
Batch average size = NaN (+/- 0) requests
TOMMessage ByteCount = 56205211
StandardSMMessage ByteCount = 6337
ConsensusMessage ByteCount = 120786
LCMessage ByteCount = 54
--- Measurements after 87000 ops (1000 samples) ---
Throughput = 6622.5166 operations/sec (Maximum observed: 8695.652 ops/sec)
Total latency = 1.4106011807721E7 (+/- 0) us 
Consensus latency = 16645.0998 (+/- 218) us 
Pre-consensus latency = 0.0 (+/- 0) us 
Pos-consensus latency = 1.4096913571141E7 (+/- 0) us 
Propose latency = 14158.68042 (+/- 199) us 
Write latency = 205.51492000000002 (+/- 2) us 
Accept latency = 2280.9044599999997 (+/- 22) us 
Batch average size = NaN (+/- 0) requests
TOMMessage ByteCount = 56206273
StandardSMMessage ByteCount = 6337
ConsensusMessage ByteCount = 120786
LCMessage ByteCount = 54
--- Measurements after 88000 ops (1000 samples) ---
Throughput = 6578.9473 operations/sec (Maximum observed: 8695.652 ops/sec)
Total latency = 1.4234337164495E7 (+/- 0) us 
Consensus latency = 16229.034192 (+/- 1430) us 
Pre-consensus latency = 0.0 (+/- 0) us 
Pos-consensus latency = 1.4225005030259E7 (+/- 0) us 
Propose latency = 13287.46862 (+/- 2100) us 
Write latency = 614.6369 (+/- 672) us 
Accept latency = 2326.928672 (+/- 3) us 
Batch average size = NaN (+/- 0) requests
TOMMessage ByteCount = 56206273
StandardSMMessage ByteCount = 6337
ConsensusMessage ByteCount = 120786
LCMessage ByteCount = 54
--- Measurements after 89000 ops (1000 samples) ---
Throughput = 6622.5166 operations/sec (Maximum observed: 8695.652 ops/sec)
Total latency = 1.4365525949114E7 (+/- 0) us 
Consensus latency = 12552.661444 (+/- 1352) us 
Pre-consensus latency = 0.0 (+/- 0) us 
Pos-consensus latency = 1.4356966725728001E7 (+/- 0) us 
Propose latency = 9486.010487 (+/- 399) us 
Write latency = 932.472383 (+/- 767) us 
Accept latency = 2134.178574 (+/- 185) us 
Batch average size = NaN (+/- 0) requests
TOMMessage ByteCount = 56206273
StandardSMMessage ByteCount = 6337
ConsensusMessage ByteCount = 120786
LCMessage ByteCount = 54
--- Measurements after 90000 ops (1000 samples) ---
Throughput = 5917.1597 operations/sec (Maximum observed: 8695.652 ops/sec)
Total latency = 1.4506653228077998E7 (+/- 0) us 
Consensus latency = 7338.921268 (+/- 1764) us 
Pre-consensus latency = 0.0 (+/- 0) us 
Pos-consensus latency = 1.4500755474874001E7 (+/- 0) us 
Propose latency = 5249.728968 (+/- 1946) us 
Write latency = 461.666512 (+/- 510) us 
Accept latency = 1627.525788 (+/- 209) us 
Batch average size = NaN (+/- 0) requests
TOMMessage ByteCount = 56208397
StandardSMMessage ByteCount = 6337
ConsensusMessage ByteCount = 120786
LCMessage ByteCount = 54
--- Measurements after 91000 ops (1000 samples) ---
Throughput = 6666.6665 operations/sec (Maximum observed: 8695.652 ops/sec)
Total latency = 1.4639103365016E7 (+/- 0) us 
Consensus latency = 4310.867785 (+/- 392) us 
Pre-consensus latency = 0.0 (+/- 0) us 
Pos-consensus latency = 1.4635521064726E7 (+/- 0) us 
Propose latency = 1296.073166 (+/- 485) us 
Write latency = 1362.3075509999999 (+/- 293) us 
Accept latency = 1652.487068 (+/- 217) us 
Batch average size = NaN (+/- 0) requests
TOMMessage ByteCount = 56209459
StandardSMMessage ByteCount = 6337
ConsensusMessage ByteCount = 120786
LCMessage ByteCount = 54
--- Measurements after 92000 ops (1000 samples) ---
Throughput = 6666.6665 operations/sec (Maximum observed: 8695.652 ops/sec)
Total latency = 1.4761582536311E7 (+/- 0) us 
Consensus latency = 3507.9616690000003 (+/- 138) us 
Pre-consensus latency = 0.0 (+/- 0) us 
Pos-consensus latency = 1.4758631733695E7 (+/- 0) us 
Propose latency = 1073.858957 (+/- 232) us 
Write latency = 676.60455 (+/- 279) us 
Accept latency = 1757.498162 (+/- 167) us 
Batch average size = NaN (+/- 0) requests
TOMMessage ByteCount = 56209459
StandardSMMessage ByteCount = 6337
ConsensusMessage ByteCount = 120786
LCMessage ByteCount = 54
--- Measurements after 93000 ops (1000 samples) ---
Throughput = 6711.409 operations/sec (Maximum observed: 8695.652 ops/sec)
Total latency = 1.4883360770462E7 (+/- 0) us 
Consensus latency = 3385.653691 (+/- 327) us 
Pre-consensus latency = 0.0 (+/- 0) us 
Pos-consensus latency = 1.4880524077430999E7 (+/- 0) us 
Propose latency = 1187.879696 (+/- 434) us 
Write latency = 491.48235 (+/- 327) us 
Accept latency = 1706.291645 (+/- 174) us 
Batch average size = NaN (+/- 0) requests
TOMMessage ByteCount = 56330001
StandardSMMessage ByteCount = 6337
ConsensusMessage ByteCount = 120786
LCMessage ByteCount = 54
--- Measurements after 94000 ops (1000 samples) ---
Throughput = 5747.1265 operations/sec (Maximum observed: 8695.652 ops/sec)
Total latency = 1.5007551216443E7 (+/- 0) us 
Consensus latency = 3496.386997 (+/- 214) us 
Pre-consensus latency = 0.0 (+/- 0) us 
Pos-consensus latency = 1.5004640398497999E7 (+/- 0) us 
Propose latency = 1139.342473 (+/- 239) us 
Write latency = 655.4091800000001 (+/- 397) us 
Accept latency = 1701.635344 (+/- 81) us 
Batch average size = NaN (+/- 0) requests
TOMMessage ByteCount = 56775166
StandardSMMessage ByteCount = 6337
ConsensusMessage ByteCount = 120786
LCMessage ByteCount = 54
--- Measurements after 95000 ops (1000 samples) ---
Throughput = 4807.6924 operations/sec (Maximum observed: 8695.652 ops/sec)
Total latency = 1.5181998727514999E7 (+/- 0) us 
Consensus latency = 3395.2570720000003 (+/- 241) us 
Pre-consensus latency = 0.0 (+/- 0) us 
Pos-consensus latency = 1.5179174855832001E7 (+/- 0) us 
Propose latency = 1246.8535290000002 (+/- 211) us 
Write latency = 627.408765 (+/- 347) us 
Accept latency = 1520.994778 (+/- 154) us 
Batch average size = NaN (+/- 0) requests
TOMMessage ByteCount = 57383068
StandardSMMessage ByteCount = 6337
ConsensusMessage ByteCount = 120786
LCMessage ByteCount = 54
--- Measurements after 96000 ops (1000 samples) ---
Throughput = 4807.6924 operations/sec (Maximum observed: 8695.652 ops/sec)
Total latency = 1.5361207630186E7 (+/- 0) us 
Consensus latency = 6413.057177000001 (+/- 3450) us 
Pre-consensus latency = 0.0 (+/- 0) us 
Pos-consensus latency = 1.5355491684009E7 (+/- 0) us 
Propose latency = 2741.5233590000003 (+/- 3010) us 
Write latency = 2388.592957 (+/- 3533) us 
Accept latency = 1282.940861 (+/- 585) us 
Batch average size = NaN (+/- 0) requests
TOMMessage ByteCount = 58034339
StandardSMMessage ByteCount = 6337
ConsensusMessage ByteCount = 120786
LCMessage ByteCount = 54
--- Measurements after 97000 ops (1000 samples) ---
Throughput = 4807.6924 operations/sec (Maximum observed: 8695.652 ops/sec)
Total latency = 1.5537394518792E7 (+/- 0) us 
Consensus latency = 6105.724962 (+/- 2484) us 
Pre-consensus latency = 0.0 (+/- 0) us 
Pos-consensus latency = 1.5532033018894E7 (+/- 0) us 
Propose latency = 4256.333610000001 (+/- 2522) us 
Write latency = 172.070425 (+/- 8) us 
Accept latency = 1677.320927 (+/- 64) us 
Batch average size = NaN (+/- 0) requests
TOMMessage ByteCount = 58719478
StandardSMMessage ByteCount = 6337
ConsensusMessage ByteCount = 120786
LCMessage ByteCount = 54
--- Measurements after 98000 ops (1000 samples) ---
Throughput = 4830.918 operations/sec (Maximum observed: 8695.652 ops/sec)
Total latency = 1.5716623321712E7 (+/- 0) us 
Consensus latency = 7937.984684 (+/- 1505) us 
Pre-consensus latency = 0.0 (+/- 0) us 
Pos-consensus latency = 1.5709650632902E7 (+/- 0) us 
Propose latency = 3952.837012 (+/- 2192) us 
Write latency = 2312.960406 (+/- 2279) us 
Accept latency = 1672.1872660000001 (+/- 71) us 
Batch average size = NaN (+/- 0) requests
TOMMessage ByteCount = 59345440
StandardSMMessage ByteCount = 6337
ConsensusMessage ByteCount = 120786
LCMessage ByteCount = 54
--- Measurements after 99000 ops (1000 samples) ---
Throughput = 4405.286 operations/sec (Maximum observed: 8695.652 ops/sec)
Total latency = 1.5904286718174E7 (+/- 0) us 
Consensus latency = 5050.461383999999 (+/- 1215) us 
Pre-consensus latency = 0.0 (+/- 0) us 
Pos-consensus latency = 1.5900113674494E7 (+/- 0) us 
Propose latency = 3262.961275 (+/- 1252) us 
Write latency = 170.75647099999998 (+/- 161) us 
Accept latency = 1616.7436380000001 (+/- 83) us 
Batch average size = NaN (+/- 0) requests
TOMMessage ByteCount = 59870907
StandardSMMessage ByteCount = 6337
ConsensusMessage ByteCount = 120786
LCMessage ByteCount = 54
--- Measurements after 100000 ops (1000 samples) ---
Throughput = 4807.6924 operations/sec (Maximum observed: 8695.652 ops/sec)
Total latency = 1.6103316158609E7 (+/- 0) us 
Consensus latency = 3470.440224 (+/- 282) us 
Pre-consensus latency = 0.0 (+/- 0) us 
Pos-consensus latency = 1.6100277050879E7 (+/- 0) us 
Propose latency = 1093.814954 (+/- 348) us 
Write latency = 649.4924470000001 (+/- 169) us 
Accept latency = 1727.1328230000001 (+/- 86) us 
Batch average size = NaN (+/- 0) requests
TOMMessage ByteCount = 60336097
StandardSMMessage ByteCount = 6337
ConsensusMessage ByteCount = 120786
LCMessage ByteCount = 54
--- Measurements after 101000 ops (1000 samples) ---
Throughput = 4830.918 operations/sec (Maximum observed: 8695.652 ops/sec)
Total latency = 1.6283462244386999E7 (+/- 0) us 
Consensus latency = 3861.543028 (+/- 550) us 
Pre-consensus latency = 0.0 (+/- 0) us 
Pos-consensus latency = 1.6279993328269E7 (+/- 0) us 
Propose latency = 1303.5192 (+/- 429) us 
Write latency = 593.865963 (+/- 396) us 
Accept latency = 1964.157865 (+/- 535) us 
Batch average size = NaN (+/- 0) requests
TOMMessage ByteCount = 60840406
StandardSMMessage ByteCount = 6337
ConsensusMessage ByteCount = 120786
LCMessage ByteCount = 54
--- Measurements after 102000 ops (1000 samples) ---
Throughput = 5000.0 operations/sec (Maximum observed: 8695.652 ops/sec)
Total latency = 1.6462344131743E7 (+/- 0) us 
Consensus latency = 3646.894299 (+/- 487) us 
Pre-consensus latency = 0.0 (+/- 0) us 
Pos-consensus latency = 1.6459054811261E7 (+/- 0) us 
Propose latency = 1089.696098 (+/- 355) us 
Write latency = 716.0489520000001 (+/- 297) us 
Accept latency = 1841.149249 (+/- 295) us 
Batch average size = NaN (+/- 0) requests
TOMMessage ByteCount = 61312076
StandardSMMessage ByteCount = 6337
ConsensusMessage ByteCount = 120786
LCMessage ByteCount = 54
--- Measurements after 103000 ops (1000 samples) ---
Throughput = 6666.6665 operations/sec (Maximum observed: 8695.652 ops/sec)
Total latency = 1.6605891872489E7 (+/- 0) us 
Consensus latency = 3331.721325 (+/- 245) us 
Pre-consensus latency = 0.0 (+/- 0) us 
Pos-consensus latency = 1.6602996234E7 (+/- 0) us 
Propose latency = 843.9128079999999 (+/- 172) us 
Write latency = 886.19175 (+/- 252) us 
Accept latency = 1601.616767 (+/- 104) us 
Batch average size = NaN (+/- 0) requests
TOMMessage ByteCount = 61646184
StandardSMMessage ByteCount = 6337
ConsensusMessage ByteCount = 120786
LCMessage ByteCount = 54
--- Measurements after 104000 ops (1000 samples) ---
Throughput = 5681.8184 operations/sec (Maximum observed: 8695.652 ops/sec)
Total latency = 1.6738295071186E7 (+/- 0) us 
Consensus latency = 3242.187862 (+/- 260) us 
Pre-consensus latency = 0.0 (+/- 0) us 
Pos-consensus latency = 1.673551233966E7 (+/- 0) us 
Propose latency = 846.534885 (+/- 187) us 
Write latency = 859.121358 (+/- 249) us 
Accept latency = 1536.5316189999999 (+/- 322) us 
Batch average size = NaN (+/- 0) requests
TOMMessage ByteCount = 62057456
StandardSMMessage ByteCount = 6337
ConsensusMessage ByteCount = 120786
LCMessage ByteCount = 54
--- Measurements after 105000 ops (1000 samples) ---
Throughput = 6622.5166 operations/sec (Maximum observed: 8695.652 ops/sec)
Total latency = 1.6876715538107E7 (+/- 0) us 
Consensus latency = 3527.103526 (+/- 267) us 
Pre-consensus latency = 0.0 (+/- 0) us 
Pos-consensus latency = 1.6873569817611E7 (+/- 0) us 
Propose latency = 958.056345 (+/- 142) us 
Write latency = 1012.919777 (+/- 222) us 
Accept latency = 1556.127404 (+/- 150) us 
Batch average size = NaN (+/- 0) requests
TOMMessage ByteCount = 62351422
StandardSMMessage ByteCount = 6337
ConsensusMessage ByteCount = 120786
LCMessage ByteCount = 54
--- Measurements after 106000 ops (1000 samples) ---
Throughput = 6622.5166 operations/sec (Maximum observed: 8695.652 ops/sec)
Total latency = 1.6993999776694E7 (+/- 0) us 
Consensus latency = 6758.326903 (+/- 2448) us 
Pre-consensus latency = 0.0 (+/- 0) us 
Pos-consensus latency = 1.6988111036008E7 (+/- 0) us 
Propose latency = 4758.939444000001 (+/- 2746) us 
Write latency = 386.534048 (+/- 358) us 
Accept latency = 1612.853411 (+/- 62) us 
Batch average size = NaN (+/- 0) requests
TOMMessage ByteCount = 62650669
StandardSMMessage ByteCount = 6337
ConsensusMessage ByteCount = 120786
LCMessage ByteCount = 54
--- Measurements after 107000 ops (1000 samples) ---
Throughput = 6622.5166 operations/sec (Maximum observed: 8695.652 ops/sec)
Total latency = 1.7118853463558E7 (+/- 0) us 
Consensus latency = 4641.864942 (+/- 558) us 
Pre-consensus latency = 0.0 (+/- 0) us 
Pos-consensus latency = 1.7115129060891002E7 (+/- 0) us 
Propose latency = 1996.620052 (+/- 849) us 
Write latency = 976.498836 (+/- 337) us 
Accept latency = 1668.746054 (+/- 246) us 
Batch average size = NaN (+/- 0) requests
TOMMessage ByteCount = 62987972
StandardSMMessage ByteCount = 6337
ConsensusMessage ByteCount = 120786
LCMessage ByteCount = 54
--- Measurements after 108000 ops (1000 samples) ---
Throughput = 6622.5166 operations/sec (Maximum observed: 8695.652 ops/sec)
Total latency = 1.7238663789008E7 (+/- 0) us 
Consensus latency = 6293.235218999999 (+/- 3043) us 
Pre-consensus latency = 0.0 (+/- 0) us 
Pos-consensus latency = 1.7233205589507E7 (+/- 0) us 
Propose latency = 2402.4226660000004 (+/- 1354) us 
Write latency = 738.0461280000001 (+/- 510) us 
Accept latency = 3152.766425 (+/- 3289) us 
Batch average size = NaN (+/- 0) requests
TOMMessage ByteCount = 63304161
StandardSMMessage ByteCount = 6337
ConsensusMessage ByteCount = 120786
LCMessage ByteCount = 54
--- Measurements after 109000 ops (1000 samples) ---
Throughput = 5617.9775 operations/sec (Maximum observed: 8695.652 ops/sec)
Total latency = 1.7372122514077E7 (+/- 0) us 
Consensus latency = 7853.19919 (+/- 1467) us 
Pre-consensus latency = 0.0 (+/- 0) us 
Pos-consensus latency = 1.7365681320292998E7 (+/- 0) us 
Propose latency = 4897.3711299999995 (+/- 996) us 
Write latency = 1248.757796 (+/- 538) us 
Accept latency = 1707.070264 (+/- 67) us 
Batch average size = NaN (+/- 0) requests
TOMMessage ByteCount = 63708059
StandardSMMessage ByteCount = 6337
ConsensusMessage ByteCount = 120786
LCMessage ByteCount = 54
--- Measurements after 110000 ops (1000 samples) ---
Throughput = 6578.9473 operations/sec (Maximum observed: 8695.652 ops/sec)
Total latency = 1.7515324765586E7 (+/- 0) us 
Consensus latency = 3849.3988209999998 (+/- 513) us 
Pre-consensus latency = 0.0 (+/- 0) us 
Pos-consensus latency = 1.7512298104640998E7 (+/- 0) us 
Propose latency = 1871.648588 (+/- 660) us 
Write latency = 297.221961 (+/- 264) us 
Accept latency = 1680.528272 (+/- 75) us 
Batch average size = NaN (+/- 0) requests
TOMMessage ByteCount = 64060148
StandardSMMessage ByteCount = 6337
ConsensusMessage ByteCount = 120786
LCMessage ByteCount = 54
--- Measurements after 111000 ops (1000 samples) ---
Throughput = 6535.9478 operations/sec (Maximum observed: 8695.652 ops/sec)
Total latency = 1.7642503932978E7 (+/- 0) us 
Consensus latency = 3525.3003879999997 (+/- 136) us 
Pre-consensus latency = 0.0 (+/- 0) us 
Pos-consensus latency = 1.7639570735368E7 (+/- 0) us 
Propose latency = 1284.7838840000002 (+/- 402) us 
Write latency = 573.9852410000001 (+/- 285) us 
Accept latency = 1666.531263 (+/- 187) us 
Batch average size = NaN (+/- 0) requests
TOMMessage ByteCount = 64446109
StandardSMMessage ByteCount = 6337
ConsensusMessage ByteCount = 120786
LCMessage ByteCount = 54
--- Measurements after 112000 ops (1000 samples) ---
Throughput = 6578.9473 operations/sec (Maximum observed: 8695.652 ops/sec)
Total latency = 1.7767687458935E7 (+/- 0) us 
Consensus latency = 3392.3387540000003 (+/- 374) us 
Pre-consensus latency = 0.0 (+/- 0) us 
Pos-consensus latency = 1.7764867216801997E7 (+/- 0) us 
Propose latency = 1286.479364 (+/- 365) us 
Write latency = 493.341654 (+/- 328) us 
Accept latency = 1612.517736 (+/- 200) us 
Batch average size = NaN (+/- 0) requests
TOMMessage ByteCount = 64788689
StandardSMMessage ByteCount = 6337
ConsensusMessage ByteCount = 120786
LCMessage ByteCount = 54
--- Measurements after 113000 ops (1000 samples) ---
Throughput = 6578.9473 operations/sec (Maximum observed: 8695.652 ops/sec)
Total latency = 1.7893437245291002E7 (+/- 0) us 
Consensus latency = 3347.567244 (+/- 198) us 
Pre-consensus latency = 0.0 (+/- 0) us 
Pos-consensus latency = 1.7890638910473E7 (+/- 0) us 
Propose latency = 1001.517 (+/- 43) us 
Write latency = 708.6426409999999 (+/- 203) us 
Accept latency = 1637.4076029999999 (+/- 86) us 
Batch average size = NaN (+/- 0) requests
TOMMessage ByteCount = 65084756
StandardSMMessage ByteCount = 6337
ConsensusMessage ByteCount = 120786
LCMessage ByteCount = 54
--- Measurements after 114000 ops (1000 samples) ---
Throughput = 4830.918 operations/sec (Maximum observed: 8695.652 ops/sec)
Total latency = 1.8039125465E7 (+/- 0) us 
Consensus latency = 4439.26307 (+/- 751) us 
Pre-consensus latency = 0.0 (+/- 0) us 
Pos-consensus latency = 1.8035322327136002E7 (+/- 0) us 
Propose latency = 1702.4129639999999 (+/- 1112) us 
Write latency = 1077.709243 (+/- 678) us 
Accept latency = 1659.1408629999999 (+/- 260) us 
Batch average size = NaN (+/- 0) requests
TOMMessage ByteCount = 65473883
StandardSMMessage ByteCount = 6337
ConsensusMessage ByteCount = 120786
LCMessage ByteCount = 54
--- Measurements after 115000 ops (1000 samples) ---
Throughput = 4739.3364 operations/sec (Maximum observed: 8695.652 ops/sec)
Total latency = 1.8226695253421E7 (+/- 0) us 
Consensus latency = 4542.971259999999 (+/- 2332) us 
Pre-consensus latency = 0.0 (+/- 0) us 
Pos-consensus latency = 1.8222737204805E7 (+/- 0) us 
Propose latency = 1019.565122 (+/- 189) us 
Write latency = 1081.17622 (+/- 497) us 
Accept latency = 2442.229918 (+/- 2210) us 
Batch average size = NaN (+/- 0) requests
TOMMessage ByteCount = 65972924
StandardSMMessage ByteCount = 6337
ConsensusMessage ByteCount = 120786
LCMessage ByteCount = 54
--- Measurements after 116000 ops (1000 samples) ---
Throughput = 4784.689 operations/sec (Maximum observed: 8695.652 ops/sec)
Total latency = 1.8393259201938E7 (+/- 0) us 
Consensus latency = 6163.6985779999995 (+/- 1911) us 
Pre-consensus latency = 0.0 (+/- 0) us 
Pos-consensus latency = 1.838778203488E7 (+/- 0) us 
Propose latency = 4069.304333 (+/- 1846) us 
Write latency = 221.615415 (+/- 239) us 
Accept latency = 1872.77883 (+/- 1276) us 
Batch average size = NaN (+/- 0) requests
TOMMessage ByteCount = 66433975
StandardSMMessage ByteCount = 6337
ConsensusMessage ByteCount = 120786
LCMessage ByteCount = 54
--- Measurements after 117000 ops (1000 samples) ---
Throughput = 4784.689 operations/sec (Maximum observed: 8695.652 ops/sec)
Total latency = 1.8575358360158E7 (+/- 0) us 
Consensus latency = 3501.873119 (+/- 560) us 
Pre-consensus latency = 0.0 (+/- 0) us 
Pos-consensus latency = 1.8572539030883998E7 (+/- 0) us 
Propose latency = 1654.035547 (+/- 566) us 
Write latency = 177.65238 (+/- 37) us 
Accept latency = 1670.1851920000001 (+/- 106) us 
Batch average size = NaN (+/- 0) requests
TOMMessage ByteCount = 66890791
StandardSMMessage ByteCount = 6337
ConsensusMessage ByteCount = 120786
LCMessage ByteCount = 54
--- Measurements after 118000 ops (1000 samples) ---
Throughput = 4784.689 operations/sec (Maximum observed: 8695.652 ops/sec)
Total latency = 1.8765352036585E7 (+/- 0) us 
Consensus latency = 6154.570269000001 (+/- 1300) us 
Pre-consensus latency = 0.0 (+/- 0) us 
Pos-consensus latency = 1.8760343388109002E7 (+/- 0) us 
Propose latency = 3411.7756099999997 (+/- 1467) us 
Write latency = 1209.708858 (+/- 313) us 
Accept latency = 1533.085801 (+/- 100) us 
Batch average size = NaN (+/- 0) requests
TOMMessage ByteCount = 67311627
StandardSMMessage ByteCount = 6337
ConsensusMessage ByteCount = 120786
LCMessage ByteCount = 54
--- Measurements after 119000 ops (1000 samples) ---
Throughput = 4115.2266 operations/sec (Maximum observed: 8695.652 ops/sec)
Total latency = 1.8975380597521E7 (+/- 0) us 
Consensus latency = 7485.888368 (+/- 1494) us 
Pre-consensus latency = 0.0 (+/- 0) us 
Pos-consensus latency = 1.8969110833610002E7 (+/- 0) us 
Propose latency = 3744.274336 (+/- 1383) us 
Write latency = 2031.75469 (+/- 454) us 
Accept latency = 1709.859342 (+/- 121) us 
Batch average size = NaN (+/- 0) requests
TOMMessage ByteCount = 67855045
StandardSMMessage ByteCount = 6337
ConsensusMessage ByteCount = 120786
LCMessage ByteCount = 54
--- Measurements after 120000 ops (1000 samples) ---
Throughput = 6578.9473 operations/sec (Maximum observed: 8695.652 ops/sec)
Total latency = 1.9134977297227003E7 (+/- 0) us 
Consensus latency = 4776.999831 (+/- 1407) us 
Pre-consensus latency = 0.0 (+/- 0) us 
Pos-consensus latency = 1.9131094262346E7 (+/- 0) us 
Propose latency = 2174.6645750000002 (+/- 583) us 
Write latency = 1032.501861 (+/- 919) us 
Accept latency = 1569.833395 (+/- 60) us 
Batch average size = NaN (+/- 0) requests
TOMMessage ByteCount = 68180750
StandardSMMessage ByteCount = 6337
ConsensusMessage ByteCount = 120786
LCMessage ByteCount = 54
--- Measurements after 121000 ops (1000 samples) ---
Throughput = 6711.409 operations/sec (Maximum observed: 8695.652 ops/sec)
Total latency = 1.9260123248429E7 (+/- 0) us 
Consensus latency = 3219.7521009999996 (+/- 295) us 
Pre-consensus latency = 0.0 (+/- 0) us 
Pos-consensus latency = 1.9257483242393002E7 (+/- 0) us 
Propose latency = 988.3709220000001 (+/- 116) us 
Write latency = 605.220933 (+/- 256) us 
Accept latency = 1626.1602460000001 (+/- 179) us 
Batch average size = NaN (+/- 0) requests
TOMMessage ByteCount = 68465200
StandardSMMessage ByteCount = 6337
ConsensusMessage ByteCount = 120786
LCMessage ByteCount = 54
--- Measurements after 122000 ops (1000 samples) ---
Throughput = 6622.5166 operations/sec (Maximum observed: 8695.652 ops/sec)
Total latency = 1.938234495892E7 (+/- 0) us 
Consensus latency = 3004.4150090000003 (+/- 226) us 
Pre-consensus latency = 0.0 (+/- 0) us 
Pos-consensus latency = 1.9379928108192E7 (+/- 0) us 
Propose latency = 941.291842 (+/- 95) us 
Write latency = 542.222653 (+/- 169) us 
Accept latency = 1520.900514 (+/- 266) us 
Batch average size = NaN (+/- 0) requests
TOMMessage ByteCount = 68733800
StandardSMMessage ByteCount = 6337
ConsensusMessage ByteCount = 120786
LCMessage ByteCount = 54
--- Measurements after 123000 ops (1000 samples) ---
Throughput = 5434.7827 operations/sec (Maximum observed: 8695.652 ops/sec)
Total latency = 1.9511910914466E7 (+/- 0) us 
Consensus latency = 3554.023013 (+/- 732) us 
Pre-consensus latency = 0.0 (+/- 0) us 
Pos-consensus latency = 1.9508953733492002E7 (+/- 0) us 
Propose latency = 1088.915241 (+/- 269) us 
Write latency = 812.366756 (+/- 678) us 
Accept latency = 1652.7410160000002 (+/- 239) us 
Batch average size = NaN (+/- 0) requests
TOMMessage ByteCount = 69103955
StandardSMMessage ByteCount = 6337
ConsensusMessage ByteCount = 120786
LCMessage ByteCount = 54
--- Measurements after 124000 ops (1000 samples) ---
Throughput = 6535.9478 operations/sec (Maximum observed: 8695.652 ops/sec)
Total latency = 1.9661616840134997E7 (+/- 0) us 
Consensus latency = 4090.5444300000004 (+/- 195) us 
Pre-consensus latency = 0.0 (+/- 0) us 
Pos-consensus latency = 1.9658231645988997E7 (+/- 0) us 
Propose latency = 1410.623718 (+/- 555) us 
Write latency = 1095.82545 (+/- 598) us 
Accept latency = 1584.095262 (+/- 97) us 
Batch average size = NaN (+/- 0) requests
TOMMessage ByteCount = 69424456
StandardSMMessage ByteCount = 6337
ConsensusMessage ByteCount = 120786
LCMessage ByteCount = 54
--- Measurements after 125000 ops (1000 samples) ---
Throughput = 6622.5166 operations/sec (Maximum observed: 8695.652 ops/sec)
Total latency = 1.9783773905443E7 (+/- 0) us 
Consensus latency = 6548.9981 (+/- 2095) us 
Pre-consensus latency = 0.0 (+/- 0) us 
Pos-consensus latency = 1.9778073669738E7 (+/- 0) us 
Propose latency = 2186.867363 (+/- 1581) us 
Write latency = 2862.5851230000003 (+/- 2485) us 
Accept latency = 1499.5456140000001 (+/- 380) us 
Batch average size = NaN (+/- 0) requests
TOMMessage ByteCount = 69722836
StandardSMMessage ByteCount = 6337
ConsensusMessage ByteCount = 120786
LCMessage ByteCount = 54
--- Measurements after 126000 ops (1000 samples) ---
Throughput = 6578.9473 operations/sec (Maximum observed: 8695.652 ops/sec)
Total latency = 1.9908542691106E7 (+/- 0) us 
Consensus latency = 4917.48302 (+/- 1101) us 
Pre-consensus latency = 0.0 (+/- 0) us 
Pos-consensus latency = 1.9904543968849998E7 (+/- 0) us 
Propose latency = 3001.2828560000003 (+/- 1349) us 
Write latency = 342.714339 (+/- 209) us 
Accept latency = 1573.485825 (+/- 80) us 
Batch average size = NaN (+/- 0) requests
TOMMessage ByteCount = 70020175
StandardSMMessage ByteCount = 6337
ConsensusMessage ByteCount = 120786
LCMessage ByteCount = 54
--- Measurements after 127000 ops (1000 samples) ---
Throughput = 6622.5166 operations/sec (Maximum observed: 8695.652 ops/sec)
Total latency = 2.0034273162058E7 (+/- 0) us 
Consensus latency = 3144.325859 (+/- 273) us 
Pre-consensus latency = 0.0 (+/- 0) us 
Pos-consensus latency = 2.0031650573542E7 (+/- 0) us 
Propose latency = 985.862562 (+/- 184) us 
Write latency = 654.354891 (+/- 340) us 
Accept latency = 1504.108406 (+/- 184) us 
Batch average size = NaN (+/- 0) requests
TOMMessage ByteCount = 70318658
StandardSMMessage ByteCount = 6337
ConsensusMessage ByteCount = 120786
LCMessage ByteCount = 54
--- Measurements after 128000 ops (1000 samples) ---
Throughput = 5524.862 operations/sec (Maximum observed: 8695.652 ops/sec)
Total latency = 2.0171907889821E7 (+/- 0) us 
Consensus latency = 3462.883092 (+/- 500) us 
Pre-consensus latency = 0.0 (+/- 0) us 
Pos-consensus latency = 2.0169026179560002E7 (+/- 0) us 
Propose latency = 1077.3040660000001 (+/- 196) us 
Write latency = 810.713807 (+/- 482) us 
Accept latency = 1574.865219 (+/- 158) us 
Batch average size = NaN (+/- 0) requests
TOMMessage ByteCount = 70635245
StandardSMMessage ByteCount = 6337
ConsensusMessage ByteCount = 120786
LCMessage ByteCount = 54
--- Measurements after 129000 ops (1000 samples) ---
Throughput = 6711.409 operations/sec (Maximum observed: 8695.652 ops/sec)
Total latency = 2.0302995545973E7 (+/- 0) us 
Consensus latency = 10112.10852 (+/- 4008) us 
Pre-consensus latency = 0.0 (+/- 0) us 
Pos-consensus latency = 2.0294126105471E7 (+/- 0) us 
Propose latency = 5440.316726 (+/- 3034) us 
Write latency = 3122.2890589999997 (+/- 4806) us 
Accept latency = 1549.502735 (+/- 123) us 
Batch average size = NaN (+/- 0) requests
TOMMessage ByteCount = 70899987
StandardSMMessage ByteCount = 6337
ConsensusMessage ByteCount = 120786
LCMessage ByteCount = 54
--- Measurements after 130000 ops (1000 samples) ---
Throughput = 6756.757 operations/sec (Maximum observed: 8695.652 ops/sec)
Total latency = 2.0423551535788E7 (+/- 0) us 
Consensus latency = 6888.368104 (+/- 1496) us 
Pre-consensus latency = 0.0 (+/- 0) us 
Pos-consensus latency = 2.0417868926197E7 (+/- 0) us 
Propose latency = 3691.423671 (+/- 1261) us 
Write latency = 1453.387604 (+/- 1147) us 
Accept latency = 1743.5568289999999 (+/- 166) us 
Batch average size = NaN (+/- 0) requests
TOMMessage ByteCount = 71175375
StandardSMMessage ByteCount = 6337
ConsensusMessage ByteCount = 120786
LCMessage ByteCount = 54
--- Measurements after 131000 ops (1000 samples) ---
Throughput = 6711.409 operations/sec (Maximum observed: 8695.652 ops/sec)
Total latency = 2.0549184622945E7 (+/- 0) us 
Consensus latency = 3668.985812 (+/- 299) us 
Pre-consensus latency = 0.0 (+/- 0) us 
Pos-consensus latency = 2.0546180968351003E7 (+/- 0) us 
Propose latency = 1226.256037 (+/- 202) us 
Write latency = 571.398791 (+/- 447) us 
Accept latency = 1871.330984 (+/- 225) us 
Batch average size = NaN (+/- 0) requests
TOMMessage ByteCount = 71458992
StandardSMMessage ByteCount = 6337
ConsensusMessage ByteCount = 120786
LCMessage ByteCount = 54
--- Measurements after 132000 ops (1000 samples) ---
Throughput = 6622.5166 operations/sec (Maximum observed: 8695.652 ops/sec)
Total latency = 2.0673419072744E7 (+/- 0) us 
Consensus latency = 3199.7450350000004 (+/- 298) us 
Pre-consensus latency = 0.0 (+/- 0) us 
Pos-consensus latency = 2.0670772127538E7 (+/- 0) us 
Propose latency = 1039.47056 (+/- 121) us 
Write latency = 460.35093800000004 (+/- 266) us 
Accept latency = 1699.9235370000001 (+/- 165) us 
Batch average size = NaN (+/- 0) requests
TOMMessage ByteCount = 71824866
StandardSMMessage ByteCount = 6337
ConsensusMessage ByteCount = 120786
LCMessage ByteCount = 54
--- Measurements after 133000 ops (1000 samples) ---
Throughput = 5434.7827 operations/sec (Maximum observed: 8695.652 ops/sec)
Total latency = 2.0814553422564E7 (+/- 0) us 
Consensus latency = 3432.8963620000004 (+/- 297) us 
Pre-consensus latency = 0.0 (+/- 0) us 
Pos-consensus latency = 2.0811669695164002E7 (+/- 0) us 
Propose latency = 1059.0180249999999 (+/- 220) us 
Write latency = 797.694073 (+/- 375) us 
Accept latency = 1576.184264 (+/- 176) us 
Batch average size = NaN (+/- 0) requests
TOMMessage ByteCount = 72175900
StandardSMMessage ByteCount = 6337
ConsensusMessage ByteCount = 120786
LCMessage ByteCount = 54
--- Measurements after 134000 ops (1000 samples) ---
Throughput = 6711.409 operations/sec (Maximum observed: 8695.652 ops/sec)
Total latency = 2.0951691514211E7 (+/- 0) us 
Consensus latency = 3221.3513080000002 (+/- 138) us 
Pre-consensus latency = 0.0 (+/- 0) us 
Pos-consensus latency = 2.0949015711277E7 (+/- 0) us 
Propose latency = 945.93785 (+/- 117) us 
Write latency = 585.727104 (+/- 187) us 
Accept latency = 1689.686354 (+/- 177) us 
Batch average size = NaN (+/- 0) requests
TOMMessage ByteCount = 72401106
StandardSMMessage ByteCount = 6337
ConsensusMessage ByteCount = 120786
LCMessage ByteCount = 54
--- Measurements after 135000 ops (1000 samples) ---
Throughput = 6666.6665 operations/sec (Maximum observed: 8695.652 ops/sec)
Total latency = 2.1071950830851004E7 (+/- 0) us 
Consensus latency = 5364.941178 (+/- 2688) us 
Pre-consensus latency = 0.0 (+/- 0) us 
Pos-consensus latency = 2.1067158635874E7 (+/- 0) us 
Propose latency = 2209.459835 (+/- 2042) us 
Write latency = 672.272422 (+/- 346) us 
Accept latency = 2483.208921 (+/- 2241) us 
Batch average size = NaN (+/- 0) requests
TOMMessage ByteCount = 72717633
StandardSMMessage ByteCount = 6337
ConsensusMessage ByteCount = 120786
LCMessage ByteCount = 54
--- Measurements after 136000 ops (1000 samples) ---
Throughput = 6711.409 operations/sec (Maximum observed: 8695.652 ops/sec)
Total latency = 2.118644229698E7 (+/- 0) us 
Consensus latency = 4082.337455 (+/- 1157) us 
Pre-consensus latency = 0.0 (+/- 0) us 
Pos-consensus latency = 2.1182940054173E7 (+/- 0) us 
Propose latency = 2275.1231740000003 (+/- 1175) us 
Write latency = 144.362964 (+/- 8) us 
Accept latency = 1662.851317 (+/- 59) us 
Batch average size = NaN (+/- 0) requests
TOMMessage ByteCount = 72995172
StandardSMMessage ByteCount = 6337
ConsensusMessage ByteCount = 120786
LCMessage ByteCount = 54
--- Measurements after 137000 ops (1000 samples) ---
Throughput = 6711.409 operations/sec (Maximum observed: 8695.652 ops/sec)
Total latency = 2.1314846506612998E7 (+/- 0) us 
Consensus latency = 3440.599251 (+/- 656) us 
Pre-consensus latency = 0.0 (+/- 0) us 
Pos-consensus latency = 2.1312020437797002E7 (+/- 0) us 
Propose latency = 1362.316644 (+/- 289) us 
Write latency = 380.543886 (+/- 509) us 
Accept latency = 1697.738721 (+/- 69) us 
Batch average size = NaN (+/- 0) requests
TOMMessage ByteCount = 73230328
StandardSMMessage ByteCount = 6337
ConsensusMessage ByteCount = 120786
LCMessage ByteCount = 54
--- Measurements after 138000 ops (1000 samples) ---
Throughput = 4672.897 operations/sec (Maximum observed: 8695.652 ops/sec)
Total latency = 2.1466897997554E7 (+/- 0) us 
Consensus latency = 4114.220641 (+/- 563) us 
Pre-consensus latency = 0.0 (+/- 0) us 
Pos-consensus latency = 2.1463465079315E7 (+/- 0) us 
Propose latency = 1489.7513359999998 (+/- 540) us 
Write latency = 1090.2584310000002 (+/- 533) us 
Accept latency = 1534.210874 (+/- 321) us 
Batch average size = NaN (+/- 0) requests
TOMMessage ByteCount = 73587291
StandardSMMessage ByteCount = 6337
ConsensusMessage ByteCount = 120786
LCMessage ByteCount = 54
--- Measurements after 139000 ops (1000 samples) ---
Throughput = 4830.918 operations/sec (Maximum observed: 8695.652 ops/sec)
Total latency = 2.1650352711406E7 (+/- 0) us 
Consensus latency = 4889.683387 (+/- 2679) us 
Pre-consensus latency = 0.0 (+/- 0) us 
Pos-consensus latency = 2.1646322153066E7 (+/- 0) us 
Propose latency = 1880.715232 (+/- 1021) us 
Write latency = 1622.5742420000001 (+/- 1754) us 
Accept latency = 1386.3939129999999 (+/- 161) us 
Batch average size = NaN (+/- 0) requests
TOMMessage ByteCount = 73946358
StandardSMMessage ByteCount = 6337
ConsensusMessage ByteCount = 120786
LCMessage ByteCount = 54
--- Measurements after 140000 ops (1000 samples) ---
Throughput = 4854.369 operations/sec (Maximum observed: 8695.652 ops/sec)
Total latency = 2.1828874840967998E7 (+/- 0) us 
Consensus latency = 8053.607068 (+/- 1736) us 
Pre-consensus latency = 0.0 (+/- 0) us 
Pos-consensus latency = 2.1821924138152E7 (+/- 0) us 
Propose latency = 5307.082076000001 (+/- 1941) us 
Write latency = 1253.6274680000001 (+/- 1880) us 
Accept latency = 1492.897524 (+/- 130) us 
Batch average size = NaN (+/- 0) requests
TOMMessage ByteCount = 74326686
StandardSMMessage ByteCount = 6337
ConsensusMessage ByteCount = 120786
LCMessage ByteCount = 54
--- Measurements after 141000 ops (1000 samples) ---
Throughput = 4830.918 operations/sec (Maximum observed: 8695.652 ops/sec)
Total latency = 2.2012749058554E7 (+/- 0) us 
Consensus latency = 3190.604711 (+/- 386) us 
Pre-consensus latency = 0.0 (+/- 0) us 
Pos-consensus latency = 2.2010136026644003E7 (+/- 0) us 
Propose latency = 1231.0323489999998 (+/- 489) us 
Write latency = 333.092448 (+/- 205) us 
Accept latency = 1626.479914 (+/- 77) us 
Batch average size = NaN (+/- 0) requests
TOMMessage ByteCount = 74718600
StandardSMMessage ByteCount = 6337
ConsensusMessage ByteCount = 120786
LCMessage ByteCount = 54
--- Measurements after 142000 ops (1000 samples) ---
Throughput = 4807.6924 operations/sec (Maximum observed: 8695.652 ops/sec)
Total latency = 2.2193608045022998E7 (+/- 0) us 
Consensus latency = 3973.7318689999997 (+/- 719) us 
Pre-consensus latency = 0.0 (+/- 0) us 
Pos-consensus latency = 2.2190211623423E7 (+/- 0) us 
Propose latency = 1517.889267 (+/- 497) us 
Write latency = 948.165203 (+/- 1112) us 
Accept latency = 1507.677399 (+/- 136) us 
Batch average size = NaN (+/- 0) requests
TOMMessage ByteCount = 75059708
StandardSMMessage ByteCount = 6337
ConsensusMessage ByteCount = 120786
LCMessage ByteCount = 54
--- Measurements after 143000 ops (1000 samples) ---
Throughput = 3968.254 operations/sec (Maximum observed: 8695.652 ops/sec)
Total latency = 2.2401952986549E7 (+/- 0) us 
Consensus latency = 3579.667338 (+/- 382) us 
Pre-consensus latency = 0.0 (+/- 0) us 
Pos-consensus latency = 2.2398938001571998E7 (+/- 0) us 
Propose latency = 1088.409105 (+/- 248) us 
Write latency = 872.4709499999999 (+/- 448) us 
Accept latency = 1618.7872830000001 (+/- 106) us 
Batch average size = NaN (+/- 0) requests
TOMMessage ByteCount = 75215393
StandardSMMessage ByteCount = 6337
ConsensusMessage ByteCount = 120786
LCMessage ByteCount = 54
--- Measurements after 144000 ops (1000 samples) ---
Throughput = 4807.6924 operations/sec (Maximum observed: 8695.652 ops/sec)
Total latency = 2.259922170682E7 (+/- 0) us 
Consensus latency = 3392.078792 (+/- 402) us 
Pre-consensus latency = 0.0 (+/- 0) us 
Pos-consensus latency = 2.2596341375171002E7 (+/- 0) us 
Propose latency = 907.709085 (+/- 92) us 
Write latency = 934.02741 (+/- 402) us 
Accept latency = 1550.342297 (+/- 139) us 
Batch average size = NaN (+/- 0) requests
TOMMessage ByteCount = 75225971
StandardSMMessage ByteCount = 6337
ConsensusMessage ByteCount = 120786
LCMessage ByteCount = 54
--- Measurements after 145000 ops (1000 samples) ---
Throughput = 4807.6924 operations/sec (Maximum observed: 8695.652 ops/sec)
Total latency = 2.2773323504474E7 (+/- 0) us 
Consensus latency = 5945.392153 (+/- 4525) us 
Pre-consensus latency = 0.0 (+/- 0) us 
Pos-consensus latency = 2.2768877046966E7 (+/- 0) us 
Propose latency = 4008.638267 (+/- 4613) us 
Write latency = 316.133611 (+/- 197) us 
Accept latency = 1620.620275 (+/- 183) us 
Batch average size = NaN (+/- 0) requests
TOMMessage ByteCount = 75232326
StandardSMMessage ByteCount = 6337
ConsensusMessage ByteCount = 120786
LCMessage ByteCount = 54
--- Measurements after 146000 ops (1000 samples) ---
Throughput = 4784.689 operations/sec (Maximum observed: 8695.652 ops/sec)
Total latency = 2.2949424341605E7 (+/- 0) us 
Consensus latency = 3160.077318 (+/- 342) us 
Pre-consensus latency = 0.0 (+/- 0) us 
Pos-consensus latency = 2.2946818594692003E7 (+/- 0) us 
Propose latency = 1354.2660460000002 (+/- 350) us 
Write latency = 144.288629 (+/- 5) us 
Accept latency = 1661.522643 (+/- 21) us 
Batch average size = NaN (+/- 0) requests
TOMMessage ByteCount = 75233388
StandardSMMessage ByteCount = 6337
ConsensusMessage ByteCount = 120786
LCMessage ByteCount = 54
--- Measurements after 147000 ops (1000 samples) ---
Throughput = 4784.689 operations/sec (Maximum observed: 8695.652 ops/sec)
Total latency = 2.3138786445777E7 (+/- 0) us 
Consensus latency = 3159.0769840000003 (+/- 155) us 
Pre-consensus latency = 0.0 (+/- 0) us 
Pos-consensus latency = 2.3136229858671002E7 (+/- 0) us 
Propose latency = 1210.857086 (+/- 216) us 
Write latency = 313.554754 (+/- 217) us 
Accept latency = 1634.665144 (+/- 108) us 
Batch average size = NaN (+/- 0) requests
TOMMessage ByteCount = 75235504
StandardSMMessage ByteCount = 6337
ConsensusMessage ByteCount = 120786
LCMessage ByteCount = 54
--- Measurements after 148000 ops (1000 samples) ---
Throughput = 3952.569 operations/sec (Maximum observed: 8695.652 ops/sec)
Total latency = 2.3348423536908E7 (+/- 0) us 
Consensus latency = 3152.0902680000004 (+/- 208) us 
Pre-consensus latency = 0.0 (+/- 0) us 
Pos-consensus latency = 2.3345865781838E7 (+/- 0) us 
Propose latency = 1062.9300460000002 (+/- 182) us 
Write latency = 454.772691 (+/- 322) us 
Accept latency = 1634.3875309999999 (+/- 191) us 
Batch average size = NaN (+/- 0) requests
TOMMessage ByteCount = 75251383
StandardSMMessage ByteCount = 6337
ConsensusMessage ByteCount = 120786
LCMessage ByteCount = 54
--- Measurements after 149000 ops (1000 samples) ---
Throughput = 4830.918 operations/sec (Maximum observed: 8695.652 ops/sec)
Total latency = 2.3544852521961E7 (+/- 0) us 
Consensus latency = 6250.365155 (+/- 2020) us 
Pre-consensus latency = 0.0 (+/- 0) us 
Pos-consensus latency = 2.3539436405446E7 (+/- 0) us 
Propose latency = 2174.379472 (+/- 899) us 
Write latency = 2585.124912 (+/- 1443) us 
Accept latency = 1490.8607709999999 (+/- 292) us 
Batch average size = NaN (+/- 0) requests
TOMMessage ByteCount = 75270433
StandardSMMessage ByteCount = 6337
ConsensusMessage ByteCount = 120786
LCMessage ByteCount = 54
--- Measurements after 150000 ops (1000 samples) ---
Throughput = 4830.918 operations/sec (Maximum observed: 8695.652 ops/sec)
Total latency = 2.3721493907513E7 (+/- 0) us 
Consensus latency = 8167.313402 (+/- 2158) us 
Pre-consensus latency = 0.0 (+/- 0) us 
Pos-consensus latency = 2.3714729741199E7 (+/- 0) us 
Propose latency = 5906.169296 (+/- 2130) us 
Write latency = 454.285894 (+/- 266) us 
Accept latency = 1806.858212 (+/- 167) us 
Batch average size = NaN (+/- 0) requests
TOMMessage ByteCount = 75285241
StandardSMMessage ByteCount = 6337
ConsensusMessage ByteCount = 120786
LCMessage ByteCount = 54
--- Measurements after 151000 ops (1000 samples) ---
Throughput = 4784.689 operations/sec (Maximum observed: 8695.652 ops/sec)
Total latency = 2.3908014648725E7 (+/- 0) us 
Consensus latency = 4745.724796 (+/- 585) us 
Pre-consensus latency = 0.0 (+/- 0) us 
Pos-consensus latency = 2.3904103553901E7 (+/- 0) us 
Propose latency = 1872.987197 (+/- 857) us 
Write latency = 1102.584447 (+/- 834) us 
Accept latency = 1770.153152 (+/- 212) us 
Batch average size = NaN (+/- 0) requests
TOMMessage ByteCount = 75297949
StandardSMMessage ByteCount = 6337
ConsensusMessage ByteCount = 120786
LCMessage ByteCount = 54
--- Measurements after 152000 ops (1000 samples) ---
Throughput = 4784.689 operations/sec (Maximum observed: 8695.652 ops/sec)
Total latency = 2.4090877966153998E7 (+/- 0) us 
Consensus latency = 3068.179412 (+/- 296) us 
Pre-consensus latency = 0.0 (+/- 0) us 
Pos-consensus latency = 2.4088399761458002E7 (+/- 0) us 
Propose latency = 991.552071 (+/- 25) us 
Write latency = 454.849701 (+/- 332) us 
Accept latency = 1621.7776399999998 (+/- 66) us 
Batch average size = NaN (+/- 0) requests
TOMMessage ByteCount = 75310629
StandardSMMessage ByteCount = 6337
ConsensusMessage ByteCount = 120786
LCMessage ByteCount = 54
--- Measurements after 153000 ops (1000 samples) ---
Throughput = 4098.361 operations/sec (Maximum observed: 8695.652 ops/sec)
Total latency = 2.4290001770503E7 (+/- 0) us 
Consensus latency = 3888.270795 (+/- 740) us 
Pre-consensus latency = 0.0 (+/- 0) us 
Pos-consensus latency = 2.4286725152078997E7 (+/- 0) us 
Propose latency = 1081.747835 (+/- 77) us 
Write latency = 1253.1152209999998 (+/- 746) us 
Accept latency = 1553.407739 (+/- 70) us 
Batch average size = NaN (+/- 0) requests
TOMMessage ByteCount = 75319088
StandardSMMessage ByteCount = 6337
ConsensusMessage ByteCount = 120786
LCMessage ByteCount = 54
--- Measurements after 154000 ops (1000 samples) ---
Throughput = 5181.347 operations/sec (Maximum observed: 8695.652 ops/sec)
Total latency = 2.4485457497119E7 (+/- 0) us 
Consensus latency = 3365.0013050000002 (+/- 170) us 
Pre-consensus latency = 0.0 (+/- 0) us 
Pos-consensus latency = 2.4482646562327E7 (+/- 0) us 
Propose latency = 923.343316 (+/- 64) us 
Write latency = 803.302159 (+/- 339) us 
Accept latency = 1638.35583 (+/- 204) us 
Batch average size = NaN (+/- 0) requests
TOMMessage ByteCount = 75329673
StandardSMMessage ByteCount = 6337
ConsensusMessage ByteCount = 120786
LCMessage ByteCount = 54
--- Measurements after 155000 ops (1000 samples) ---
Throughput = 6622.5166 operations/sec (Maximum observed: 8695.652 ops/sec)
Total latency = 2.4615615400084E7 (+/- 0) us 
Consensus latency = 5973.822765 (+/- 2502) us 
Pre-consensus latency = 0.0 (+/- 0) us 
Pos-consensus latency = 2.4610225891783003E7 (+/- 0) us 
Propose latency = 2637.5939160000003 (+/- 1803) us 
Write latency = 483.758847 (+/- 493) us 
Accept latency = 2852.470002 (+/- 2590) us 
Batch average size = NaN (+/- 0) requests
TOMMessage ByteCount = 75340246
StandardSMMessage ByteCount = 6337
ConsensusMessage ByteCount = 120786
LCMessage ByteCount = 54
--- Measurements after 156000 ops (1000 samples) ---
Throughput = 6666.6665 operations/sec (Maximum observed: 8695.652 ops/sec)
Total latency = 2.4738890585547E7 (+/- 0) us 
Consensus latency = 3371.344611 (+/- 239) us 
Pre-consensus latency = 0.0 (+/- 0) us 
Pos-consensus latency = 2.473608124566E7 (+/- 0) us 
Propose latency = 1504.17145 (+/- 323) us 
Write latency = 140.48143 (+/- 4) us 
Accept latency = 1726.691731 (+/- 99) us 
Batch average size = NaN (+/- 0) requests
TOMMessage ByteCount = 75350825
StandardSMMessage ByteCount = 6337
ConsensusMessage ByteCount = 120786
LCMessage ByteCount = 54
--- Measurements after 157000 ops (1000 samples) ---
Throughput = 6711.409 operations/sec (Maximum observed: 8695.652 ops/sec)
Total latency = 2.4867134418015998E7 (+/- 0) us 
Consensus latency = 3462.182131 (+/- 335) us 
Pre-consensus latency = 0.0 (+/- 0) us 
Pos-consensus latency = 2.4864280247488E7 (+/- 0) us 
Propose latency = 1179.6993710000002 (+/- 287) us 
Write latency = 620.2153689999999 (+/- 432) us 
Accept latency = 1662.267391 (+/- 165) us 
Batch average size = NaN (+/- 0) requests
TOMMessage ByteCount = 75359276
StandardSMMessage ByteCount = 6337
ConsensusMessage ByteCount = 120786
LCMessage ByteCount = 54
--- Measurements after 158000 ops (1000 samples) ---
Throughput = 5847.953 operations/sec (Maximum observed: 8695.652 ops/sec)
Total latency = 2.4998722937167E7 (+/- 0) us 
Consensus latency = 3847.514916 (+/- 369) us 
Pre-consensus latency = 0.0 (+/- 0) us 
Pos-consensus latency = 2.4995522740438E7 (+/- 0) us 
Propose latency = 1256.570731 (+/- 348) us 
Write latency = 965.668883 (+/- 320) us 
Accept latency = 1625.275302 (+/- 156) us 
Batch average size = NaN (+/- 0) requests
TOMMessage ByteCount = 75369836
StandardSMMessage ByteCount = 6337
ConsensusMessage ByteCount = 120786
LCMessage ByteCount = 54
--- Measurements after 159000 ops (1000 samples) ---
Throughput = 6622.5166 operations/sec (Maximum observed: 8695.652 ops/sec)
Total latency = 2.5132393788825E7 (+/- 0) us 
Consensus latency = 3284.822693 (+/- 223) us 
Pre-consensus latency = 0.0 (+/- 0) us 
Pos-consensus latency = 2.5129683787233002E7 (+/- 0) us 
Propose latency = 1124.998655 (+/- 270) us 
Write latency = 663.300879 (+/- 323) us 
Accept latency = 1496.523159 (+/- 85) us 
Batch average size = NaN (+/- 0) requests
TOMMessage ByteCount = 75375120
StandardSMMessage ByteCount = 6337
ConsensusMessage ByteCount = 120786
LCMessage ByteCount = 54
--- Measurements after 160000 ops (1000 samples) ---
Throughput = 6666.6665 operations/sec (Maximum observed: 8695.652 ops/sec)
Total latency = 2.5244477700585E7 (+/- 0) us 
Consensus latency = 7952.451154 (+/- 2959) us 
Pre-consensus latency = 0.0 (+/- 0) us 
Pos-consensus latency = 2.5237763726306E7 (+/- 0) us 
Propose latency = 5853.962372000001 (+/- 3202) us 
Write latency = 583.733972 (+/- 889) us 
Accept latency = 1514.7548100000001 (+/- 152) us 
Batch average size = NaN (+/- 0) requests
TOMMessage ByteCount = 75383580
StandardSMMessage ByteCount = 6337
ConsensusMessage ByteCount = 120786
LCMessage ByteCount = 54
--- Measurements after 161000 ops (1000 samples) ---
Throughput = 6622.5166 operations/sec (Maximum observed: 8695.652 ops/sec)
Total latency = 2.5368593657516E7 (+/- 0) us 
Consensus latency = 9674.068220000001 (+/- 312) us 
Pre-consensus latency = 0.0 (+/- 0) us 
Pos-consensus latency = 2.5360401359786E7 (+/- 0) us 
Propose latency = 6053.93088 (+/- 1043) us 
Write latency = 2102.8837200000003 (+/- 1641) us 
Accept latency = 1517.2536200000002 (+/- 285) us 
Batch average size = NaN (+/- 0) requests
TOMMessage ByteCount = 75387810
StandardSMMessage ByteCount = 6337
ConsensusMessage ByteCount = 120786
LCMessage ByteCount = 54
--- Measurements after 162000 ops (1000 samples) ---
Throughput = 6666.6665 operations/sec (Maximum observed: 8695.652 ops/sec)
Total latency = 2.5497763308704E7 (+/- 0) us 
Consensus latency = 4421.076088000001 (+/- 1949) us 
Pre-consensus latency = 0.0 (+/- 0) us 
Pos-consensus latency = 2.5494040731661E7 (+/- 0) us 
Propose latency = 2471.445103 (+/- 1995) us 
Write latency = 377.410268 (+/- 314) us 
Accept latency = 1572.220717 (+/- 137) us 
Batch average size = NaN (+/- 0) requests
TOMMessage ByteCount = 75395222
StandardSMMessage ByteCount = 6337
ConsensusMessage ByteCount = 120786
LCMessage ByteCount = 54
--- Measurements after 163000 ops (1000 samples) ---
Throughput = 5813.9536 operations/sec (Maximum observed: 8695.652 ops/sec)
Total latency = 2.5631115742596E7 (+/- 0) us 
Consensus latency = 3300.6593080000002 (+/- 142) us 
Pre-consensus latency = 0.0 (+/- 0) us 
Pos-consensus latency = 2.5628359465241E7 (+/- 0) us 
Propose latency = 1128.896861 (+/- 203) us 
Write latency = 571.499282 (+/- 234) us 
Accept latency = 1600.263165 (+/- 103) us 
Batch average size = NaN (+/- 0) requests
TOMMessage ByteCount = 75412157
StandardSMMessage ByteCount = 6337
ConsensusMessage ByteCount = 120786
LCMessage ByteCount = 54
--- Measurements after 164000 ops (1000 samples) ---
Throughput = 6622.5166 operations/sec (Maximum observed: 8695.652 ops/sec)
Total latency = 2.5766162365861E7 (+/- 0) us 
Consensus latency = 3373.345397 (+/- 753) us 
Pre-consensus latency = 0.0 (+/- 0) us 
Pos-consensus latency = 2.5763384710821997E7 (+/- 0) us 
Propose latency = 1140.9120719999999 (+/- 209) us 
Write latency = 675.733515 (+/- 331) us 
Accept latency = 1556.69981 (+/- 696) us 
Batch average size = NaN (+/- 0) requests
TOMMessage ByteCount = 75422737
StandardSMMessage ByteCount = 6337
ConsensusMessage ByteCount = 120786
LCMessage ByteCount = 54
--- Measurements after 165000 ops (1000 samples) ---
Throughput = 6622.5166 operations/sec (Maximum observed: 8695.652 ops/sec)
Total latency = 2.5882071940808E7 (+/- 0) us 
Consensus latency = 5542.882202 (+/- 2320) us 
Pre-consensus latency = 0.0 (+/- 0) us 
Pos-consensus latency = 2.5877113763881E7 (+/- 0) us 
Propose latency = 2846.463964 (+/- 1879) us 
Write latency = 304.847674 (+/- 460) us 
Accept latency = 2391.5705639999996 (+/- 1919) us 
Batch average size = NaN (+/- 0) requests
TOMMessage ByteCount = 75435425
StandardSMMessage ByteCount = 6337
ConsensusMessage ByteCount = 120786
LCMessage ByteCount = 54
--- Measurements after 166000 ops (1000 samples) ---
Throughput = 6666.6665 operations/sec (Maximum observed: 8695.652 ops/sec)
Total latency = 2.6008602026467E7 (+/- 0) us 
Consensus latency = 3139.90954 (+/- 397) us 
Pre-consensus latency = 0.0 (+/- 0) us 
Pos-consensus latency = 2.6006036444718E7 (+/- 0) us 
Propose latency = 1263.995729 (+/- 282) us 
Write latency = 253.17496400000002 (+/- 243) us 
Accept latency = 1622.738847 (+/- 72) us 
Batch average size = NaN (+/- 0) requests
TOMMessage ByteCount = 75447068
StandardSMMessage ByteCount = 6337
ConsensusMessage ByteCount = 120786
LCMessage ByteCount = 54
--- Measurements after 167000 ops (1000 samples) ---
Throughput = 6711.409 operations/sec (Maximum observed: 8695.652 ops/sec)
Total latency = 2.6132612997474E7 (+/- 0) us 
Consensus latency = 3968.8464 (+/- 918) us 
Pre-consensus latency = 0.0 (+/- 0) us 
Pos-consensus latency = 2.6129262123168E7 (+/- 0) us 
Propose latency = 1531.795189 (+/- 1043) us 
Write latency = 911.563127 (+/- 553) us 
Accept latency = 1525.488084 (+/- 115) us 
Batch average size = NaN (+/- 0) requests
TOMMessage ByteCount = 75451301
StandardSMMessage ByteCount = 6337
ConsensusMessage ByteCount = 120786
LCMessage ByteCount = 54
--- Measurements after 168000 ops (1000 samples) ---
Throughput = 5747.1265 operations/sec (Maximum observed: 8695.652 ops/sec)
Total latency = 2.6263851715063E7 (+/- 0) us 
Consensus latency = 3109.0132599999997 (+/- 204) us 
Pre-consensus latency = 0.0 (+/- 0) us 
Pos-consensus latency = 2.6261335882845E7 (+/- 0) us 
Propose latency = 1108.084159 (+/- 206) us 
Write latency = 467.82629 (+/- 191) us 
Accept latency = 1533.102811 (+/- 212) us 
Batch average size = NaN (+/- 0) requests
TOMMessage ByteCount = 75459757
StandardSMMessage ByteCount = 6337
ConsensusMessage ByteCount = 120786
LCMessage ByteCount = 54
--- Measurements after 169000 ops (1000 samples) ---
Throughput = 6666.6665 operations/sec (Maximum observed: 8695.652 ops/sec)
Total latency = 2.6400345911452997E7 (+/- 0) us 
Consensus latency = 5812.326126 (+/- 4697) us 
Pre-consensus latency = 0.0 (+/- 0) us 
Pos-consensus latency = 2.6395157443179E7 (+/- 0) us 
Propose latency = 1492.617 (+/- 1288) us 
Write latency = 2816.610642 (+/- 4241) us 
Accept latency = 1503.0984839999999 (+/- 119) us 
Batch average size = NaN (+/- 0) requests
TOMMessage ByteCount = 75470332
StandardSMMessage ByteCount = 6337
ConsensusMessage ByteCount = 120786
LCMessage ByteCount = 54
--- Measurements after 170000 ops (1000 samples) ---
Throughput = 6711.409 operations/sec (Maximum observed: 8695.652 ops/sec)
Total latency = 2.6514611284059E7 (+/- 0) us 
Consensus latency = 10651.546943 (+/- 2717) us 
Pre-consensus latency = 0.0 (+/- 0) us 
Pos-consensus latency = 2.6505352071535E7 (+/- 0) us 
Propose latency = 4468.107624 (+/- 1711) us 
Write latency = 4882.310139 (+/- 871) us 
Accept latency = 1301.12918 (+/- 200) us 
Batch average size = NaN (+/- 0) requests
TOMMessage ByteCount = 75481973
StandardSMMessage ByteCount = 6337
ConsensusMessage ByteCount = 120786
LCMessage ByteCount = 54
--- Measurements after 171000 ops (1000 samples) ---
Throughput = 6711.409 operations/sec (Maximum observed: 8695.652 ops/sec)
Total latency = 2.6639765226575002E7 (+/- 0) us 
Consensus latency = 7822.84966 (+/- 2124) us 
Pre-consensus latency = 0.0 (+/- 0) us 
Pos-consensus latency = 2.6633215023736E7 (+/- 0) us 
Propose latency = 2503.0609219999997 (+/- 466) us 
Write latency = 3516.861857 (+/- 1674) us 
Accept latency = 1802.926881 (+/- 109) us 
Batch average size = NaN (+/- 0) requests
TOMMessage ByteCount = 75489367
StandardSMMessage ByteCount = 6337
ConsensusMessage ByteCount = 120786
LCMessage ByteCount = 54
--- Measurements after 172000 ops (1000 samples) ---
Throughput = 6666.6665 operations/sec (Maximum observed: 8695.652 ops/sec)
Total latency = 2.6767121657376E7 (+/- 0) us 
Consensus latency = 3449.111576 (+/- 323) us 
Pre-consensus latency = 0.0 (+/- 0) us 
Pos-consensus latency = 2.6764292865674E7 (+/- 0) us 
Propose latency = 1025.294716 (+/- 161) us 
Write latency = 990.585882 (+/- 233) us 
Accept latency = 1433.2309779999998 (+/- 93) us 
Batch average size = NaN (+/- 0) requests
TOMMessage ByteCount = 75495709
StandardSMMessage ByteCount = 6337
ConsensusMessage ByteCount = 120786
LCMessage ByteCount = 54
--- Measurements after 173000 ops (1000 samples) ---
Throughput = 5714.2856 operations/sec (Maximum observed: 8695.652 ops/sec)
Total latency = 2.6897242515356E7 (+/- 0) us 
Consensus latency = 3323.5909819999997 (+/- 398) us 
Pre-consensus latency = 0.0 (+/- 0) us 
Pos-consensus latency = 2.6894492561803002E7 (+/- 0) us 
Propose latency = 1046.370337 (+/- 162) us 
Write latency = 688.346132 (+/- 176) us 
Accept latency = 1588.874513 (+/- 161) us 
Batch average size = NaN (+/- 0) requests
TOMMessage ByteCount = 75500996
StandardSMMessage ByteCount = 6337
ConsensusMessage ByteCount = 120786
LCMessage ByteCount = 54
--- Measurements after 174000 ops (1000 samples) ---
Throughput = 6622.5166 operations/sec (Maximum observed: 8695.652 ops/sec)
Total latency = 2.7037136112027E7 (+/- 0) us 
Consensus latency = 5681.182928 (+/- 4720) us 
Pre-consensus latency = 0.0 (+/- 0) us 
Pos-consensus latency = 2.7032006160494E7 (+/- 0) us 
Propose latency = 3182.451063 (+/- 5027) us 
Write latency = 956.595903 (+/- 480) us 
Accept latency = 1542.135962 (+/- 236) us 
Batch average size = NaN (+/- 0) requests
TOMMessage ByteCount = 75505225
StandardSMMessage ByteCount = 6337
ConsensusMessage ByteCount = 120786
LCMessage ByteCount = 54
--- Measurements after 175000 ops (1000 samples) ---
Throughput = 6622.5166 operations/sec (Maximum observed: 8695.652 ops/sec)
Total latency = 2.7152889598903E7 (+/- 0) us 
Consensus latency = 3514.395556 (+/- 1873) us 
Pre-consensus latency = 0.0 (+/- 0) us 
Pos-consensus latency = 2.7150006248422E7 (+/- 0) us 
Propose latency = 1760.15168 (+/- 1857) us 
Write latency = 133.57206 (+/- 4) us 
Accept latency = 1620.671816 (+/- 65) us 
Batch average size = NaN (+/- 0) requests
TOMMessage ByteCount = 75514743
StandardSMMessage ByteCount = 6337
ConsensusMessage ByteCount = 120786
LCMessage ByteCount = 54
--- Measurements after 176000 ops (1000 samples) ---
Throughput = 6666.6665 operations/sec (Maximum observed: 8695.652 ops/sec)
Total latency = 2.7282218653271E7 (+/- 0) us 
Consensus latency = 3218.137489 (+/- 207) us 
Pre-consensus latency = 0.0 (+/- 0) us 
Pos-consensus latency = 2.7279577529338002E7 (+/- 0) us 
Propose latency = 1133.0306799999998 (+/- 285) us 
Write latency = 540.962444 (+/- 259) us 
Accept latency = 1544.1443649999999 (+/- 172) us 
Batch average size = NaN (+/- 0) requests
TOMMessage ByteCount = 75521078
StandardSMMessage ByteCount = 6337
ConsensusMessage ByteCount = 120786
LCMessage ByteCount = 54
--- Measurements after 177000 ops (1000 samples) ---
Throughput = 6666.6665 operations/sec (Maximum observed: 8695.652 ops/sec)
Total latency = 2.7404192436679002E7 (+/- 0) us 
Consensus latency = 3470.491035 (+/- 260) us 
Pre-consensus latency = 0.0 (+/- 0) us 
Pos-consensus latency = 2.7401340710008997E7 (+/- 0) us 
Propose latency = 1223.617612 (+/- 376) us 
Write latency = 690.584343 (+/- 494) us 
Accept latency = 1556.28908 (+/- 235) us 
Batch average size = NaN (+/- 0) requests
TOMMessage ByteCount = 75529542
StandardSMMessage ByteCount = 6337
ConsensusMessage ByteCount = 120786
LCMessage ByteCount = 54
--- Measurements after 178000 ops (1000 samples) ---
Throughput = 5780.3467 operations/sec (Maximum observed: 8695.652 ops/sec)
Total latency = 2.7531101284649E7 (+/- 0) us 
Consensus latency = 3808.9352769999996 (+/- 1265) us 
Pre-consensus latency = 0.0 (+/- 0) us 
Pos-consensus latency = 2.7527860395042E7 (+/- 0) us 
Propose latency = 958.1558229999999 (+/- 127) us 
Write latency = 908.772636 (+/- 473) us 
Accept latency = 1942.006818 (+/- 1354) us 
Batch average size = NaN (+/- 0) requests
TOMMessage ByteCount = 75533777
StandardSMMessage ByteCount = 6337
ConsensusMessage ByteCount = 120786
LCMessage ByteCount = 54
--- Measurements after 179000 ops (1000 samples) ---
Throughput = 6622.5166 operations/sec (Maximum observed: 8695.652 ops/sec)
Total latency = 2.7670373788164E7 (+/- 0) us 
Consensus latency = 4887.04538 (+/- 1787) us 
Pre-consensus latency = 0.0 (+/- 0) us 
Pos-consensus latency = 2.7666287003544E7 (+/- 0) us 
Propose latency = 1714.728656 (+/- 675) us 
Write latency = 764.165868 (+/- 645) us 
Accept latency = 2408.150856 (+/- 2252) us 
Batch average size = NaN (+/- 0) requests
TOMMessage ByteCount = 75545412
StandardSMMessage ByteCount = 6337
ConsensusMessage ByteCount = 120786
LCMessage ByteCount = 54
--- Measurements after 180000 ops (1000 samples) ---
Throughput = 6622.5166 operations/sec (Maximum observed: 8695.652 ops/sec)
Total latency = 2.7792988736E7 (+/- 0) us 
Consensus latency = 5481.801917000001 (+/- 2056) us 
Pre-consensus latency = 0.0 (+/- 0) us 
Pos-consensus latency = 2.7788277593103E7 (+/- 0) us 
Propose latency = 2258.685641 (+/- 1798) us 
Write latency = 526.77093 (+/- 411) us 
Accept latency = 2696.345346 (+/- 2073) us 
Batch average size = NaN (+/- 0) requests
TOMMessage ByteCount = 75551744
StandardSMMessage ByteCount = 6337
ConsensusMessage ByteCount = 120786
LCMessage ByteCount = 54
--- Measurements after 181000 ops (1000 samples) ---
Throughput = 6622.5166 operations/sec (Maximum observed: 8695.652 ops/sec)
Total latency = 2.7915581107470002E7 (+/- 0) us 
Consensus latency = 5612.689758 (+/- 1199) us 
Pre-consensus latency = 0.0 (+/- 0) us 
Pos-consensus latency = 2.791099588259E7 (+/- 0) us 
Propose latency = 3217.939852 (+/- 1176) us 
Write latency = 775.727504 (+/- 724) us 
Accept latency = 1619.022402 (+/- 86) us 
Batch average size = NaN (+/- 0) requests
TOMMessage ByteCount = 75561263
StandardSMMessage ByteCount = 6337
ConsensusMessage ByteCount = 120786
LCMessage ByteCount = 54
--- Measurements after 182000 ops (1000 samples) ---
Throughput = 6666.6665 operations/sec (Maximum observed: 8695.652 ops/sec)
Total latency = 2.8042102568826E7 (+/- 0) us 
Consensus latency = 3262.298394 (+/- 295) us 
Pre-consensus latency = 0.0 (+/- 0) us 
Pos-consensus latency = 2.8039402129933998E7 (+/- 0) us 
Propose latency = 1228.288881 (+/- 288) us 
Write latency = 535.8351210000001 (+/- 266) us 
Accept latency = 1498.174392 (+/- 188) us 
Batch average size = NaN (+/- 0) requests
TOMMessage ByteCount = 75575021
StandardSMMessage ByteCount = 6337
ConsensusMessage ByteCount = 120786
LCMessage ByteCount = 54
--- Measurements after 183000 ops (1000 samples) ---
Throughput = 5714.2856 operations/sec (Maximum observed: 8695.652 ops/sec)
Total latency = 2.8167599435579E7 (+/- 0) us 
Consensus latency = 3261.654084 (+/- 246) us 
Pre-consensus latency = 0.0 (+/- 0) us 
Pos-consensus latency = 2.8164915157709E7 (+/- 0) us 
Propose latency = 1092.09019 (+/- 269) us 
Write latency = 516.447843 (+/- 334) us 
Accept latency = 1653.116051 (+/- 144) us 
Batch average size = NaN (+/- 0) requests
TOMMessage ByteCount = 75587713
StandardSMMessage ByteCount = 6337
ConsensusMessage ByteCount = 120786
LCMessage ByteCount = 54
--- Measurements after 184000 ops (1000 samples) ---
Throughput = 6622.5166 operations/sec (Maximum observed: 8695.652 ops/sec)
Total latency = 2.830911080275E7 (+/- 0) us 
Consensus latency = 4482.405178999999 (+/- 1901) us 
Pre-consensus latency = 0.0 (+/- 0) us 
Pos-consensus latency = 2.8305132614719003E7 (+/- 0) us 
Propose latency = 2641.538251 (+/- 2109) us 
Write latency = 274.81396 (+/- 285) us 
Accept latency = 1566.0529680000002 (+/- 108) us 
Batch average size = NaN (+/- 0) requests
TOMMessage ByteCount = 75595109
StandardSMMessage ByteCount = 6337
ConsensusMessage ByteCount = 120786
LCMessage ByteCount = 54
--- Measurements after 185000 ops (1000 samples) ---
Throughput = 6666.6665 operations/sec (Maximum observed: 8695.652 ops/sec)
Total latency = 2.842614247472E7 (+/- 0) us 
Consensus latency = 3467.733491 (+/- 1094) us 
Pre-consensus latency = 0.0 (+/- 0) us 
Pos-consensus latency = 2.8423197213117E7 (+/- 0) us 
Propose latency = 1865.7649310000002 (+/- 1143) us 
Write latency = 85.761837 (+/- 32) us 
Accept latency = 1516.206723 (+/- 115) us 
Batch average size = NaN (+/- 0) requests
TOMMessage ByteCount = 75601457
StandardSMMessage ByteCount = 6337
ConsensusMessage ByteCount = 120786
LCMessage ByteCount = 54
--- Measurements after 186000 ops (1000 samples) ---
Throughput = 6622.5166 operations/sec (Maximum observed: 8695.652 ops/sec)
Total latency = 2.8557538450877998E7 (+/- 0) us 
Consensus latency = 3177.6306680000002 (+/- 438) us 
Pre-consensus latency = 0.0 (+/- 0) us 
Pos-consensus latency = 2.8554926333533E7 (+/- 0) us 
Propose latency = 1107.658592 (+/- 180) us 
Write latency = 361.605566 (+/- 282) us 
Accept latency = 1708.36651 (+/- 178) us 
Batch average size = NaN (+/- 0) requests
TOMMessage ByteCount = 75605693
StandardSMMessage ByteCount = 6337
ConsensusMessage ByteCount = 120786
LCMessage ByteCount = 54
--- Measurements after 187000 ops (1000 samples) ---
Throughput = 6666.6665 operations/sec (Maximum observed: 8695.652 ops/sec)
Total latency = 2.8681275481836E7 (+/- 0) us 
Consensus latency = 3282.65695 (+/- 350) us 
Pre-consensus latency = 0.0 (+/- 0) us 
Pos-consensus latency = 2.8678563726625E7 (+/- 0) us 
Propose latency = 1115.757646 (+/- 244) us 
Write latency = 542.825275 (+/- 379) us 
Accept latency = 1624.074029 (+/- 171) us 
Batch average size = NaN (+/- 0) requests
TOMMessage ByteCount = 75613091
StandardSMMessage ByteCount = 6337
ConsensusMessage ByteCount = 120786
LCMessage ByteCount = 54
--- Measurements after 188000 ops (1000 samples) ---
Throughput = 6578.9473 operations/sec (Maximum observed: 8695.652 ops/sec)
Total latency = 2.8802900024662998E7 (+/- 0) us 
Consensus latency = 6859.884185999999 (+/- 2567) us 
Pre-consensus latency = 0.0 (+/- 0) us 
Pos-consensus latency = 2.8796895005346E7 (+/- 0) us 
Propose latency = 2251.836088 (+/- 1321) us 
Write latency = 2994.0592579999998 (+/- 2710) us 
Accept latency = 1613.98884 (+/- 242) us 
Batch average size = NaN (+/- 0) requests
TOMMessage ByteCount = 75621559
StandardSMMessage ByteCount = 6337
ConsensusMessage ByteCount = 120786
LCMessage ByteCount = 54
--- Measurements after 189000 ops (1000 samples) ---
Throughput = 5747.1265 operations/sec (Maximum observed: 8695.652 ops/sec)
Total latency = 2.8949151701813E7 (+/- 0) us 
Consensus latency = 4035.3081039999997 (+/- 593) us 
Pre-consensus latency = 0.0 (+/- 0) us 
Pos-consensus latency = 2.8945892607742E7 (+/- 0) us 
Propose latency = 2104.691222 (+/- 682) us 
Write latency = 269.210697 (+/- 141) us 
Accept latency = 1661.406185 (+/- 219) us 
Batch average size = NaN (+/- 0) requests
TOMMessage ByteCount = 75639548
StandardSMMessage ByteCount = 6337
ConsensusMessage ByteCount = 120786
LCMessage ByteCount = 54
--- Measurements after 190000 ops (1000 samples) ---
Throughput = 6622.5166 operations/sec (Maximum observed: 8695.652 ops/sec)
Total latency = 2.9075278273057997E7 (+/- 0) us 
Consensus latency = 3273.598952 (+/- 437) us 
Pre-consensus latency = 0.0 (+/- 0) us 
Pos-consensus latency = 2.9072537297819E7 (+/- 0) us 
Propose latency = 898.397246 (+/- 65) us 
Write latency = 747.8144139999999 (+/- 285) us 
Accept latency = 1627.387292 (+/- 207) us 
Batch average size = NaN (+/- 0) requests
TOMMessage ByteCount = 75650126
StandardSMMessage ByteCount = 6337
ConsensusMessage ByteCount = 120786
LCMessage ByteCount = 54
--- Measurements after 191000 ops (1000 samples) ---
Throughput = 6711.409 operations/sec (Maximum observed: 8695.652 ops/sec)
Total latency = 2.9186664394945998E7 (+/- 0) us 
Consensus latency = 6903.955087 (+/- 1977) us 
Pre-consensus latency = 0.0 (+/- 0) us 
Pos-consensus latency = 2.9180934442624E7 (+/- 0) us 
Propose latency = 4934.373096 (+/- 2207) us 
Write latency = 391.566526 (+/- 387) us 
Accept latency = 1578.0154650000002 (+/- 152) us 
Batch average size = NaN (+/- 0) requests
TOMMessage ByteCount = 75660701
StandardSMMessage ByteCount = 6337
ConsensusMessage ByteCount = 120786
LCMessage ByteCount = 54
--- Measurements after 192000 ops (1000 samples) ---
Throughput = 6711.409 operations/sec (Maximum observed: 8695.652 ops/sec)
Total latency = 2.9312737176408E7 (+/- 0) us 
Consensus latency = 6956.913541 (+/- 2288) us 
Pre-consensus latency = 0.0 (+/- 0) us 
Pos-consensus latency = 2.9307133680569E7 (+/- 0) us 
Propose latency = 4890.081927 (+/- 2500) us 
Write latency = 614.318488 (+/- 429) us 
Accept latency = 1452.5131259999998 (+/- 215) us 
Batch average size = NaN (+/- 0) requests
TOMMessage ByteCount = 75664929
StandardSMMessage ByteCount = 6337
ConsensusMessage ByteCount = 120786
LCMessage ByteCount = 54
--- Measurements after 193000 ops (1000 samples) ---
Throughput = 6711.409 operations/sec (Maximum observed: 8695.652 ops/sec)
Total latency = 2.9440122126966E7 (+/- 0) us 
Consensus latency = 3312.296628 (+/- 449) us 
Pre-consensus latency = 0.0 (+/- 0) us 
Pos-consensus latency = 2.943733516749E7 (+/- 0) us 
Propose latency = 934.9489030000001 (+/- 435) us 
Write latency = 790.1292340000001 (+/- 101) us 
Accept latency = 1587.2184909999999 (+/- 256) us 
Batch average size = NaN (+/- 0) requests
TOMMessage ByteCount = 75679746
StandardSMMessage ByteCount = 6337
ConsensusMessage ByteCount = 120786
LCMessage ByteCount = 54
--- Measurements after 194000 ops (1000 samples) ---
Throughput = 5780.3467 operations/sec (Maximum observed: 8695.652 ops/sec)
Total latency = 2.957959777513E7 (+/- 0) us 
Consensus latency = 4944.355853 (+/- 2751) us 
Pre-consensus latency = 0.0 (+/- 0) us 
Pos-consensus latency = 2.9576411417124E7 (+/- 0) us 
Propose latency = 2590.1611000000003 (+/- 2788) us 
Write latency = 1106.5478400000002 (+/- 780) us 
Accept latency = 1247.646913 (+/- 581) us 
Batch average size = NaN (+/- 0) requests
TOMMessage ByteCount = 75690325
StandardSMMessage ByteCount = 6337
ConsensusMessage ByteCount = 120786
LCMessage ByteCount = 54
--- Measurements after 195000 ops (1000 samples) ---
Throughput = 6666.6665 operations/sec (Maximum observed: 8695.652 ops/sec)
Total latency = 2.9702288440013E7 (+/- 0) us 
Consensus latency = 3165.807656 (+/- 719) us 
Pre-consensus latency = 0.0 (+/- 0) us 
Pos-consensus latency = 2.9699631889948003E7 (+/- 0) us 
Propose latency = 1394.8484509999998 (+/- 714) us 
Write latency = 166.491475 (+/- 57) us 
Accept latency = 1604.46773 (+/- 74) us 
Batch average size = NaN (+/- 0) requests
TOMMessage ByteCount = 75696686
StandardSMMessage ByteCount = 6337
ConsensusMessage ByteCount = 120786
LCMessage ByteCount = 54
--- Measurements after 196000 ops (1000 samples) ---
Throughput = 6666.6665 operations/sec (Maximum observed: 8695.652 ops/sec)
Total latency = 2.9827005988695E7 (+/- 0) us 
Consensus latency = 3503.793269 (+/- 346) us 
Pre-consensus latency = 0.0 (+/- 0) us 
Pos-consensus latency = 2.9824050929502E7 (+/- 0) us 
Propose latency = 893.653552 (+/- 167) us 
Write latency = 922.74775 (+/- 400) us 
Accept latency = 1687.391967 (+/- 213) us 
Batch average size = NaN (+/- 0) requests
TOMMessage ByteCount = 75705151
StandardSMMessage ByteCount = 6337
ConsensusMessage ByteCount = 120786
LCMessage ByteCount = 54
--- Measurements after 197000 ops (1000 samples) ---
Throughput = 6711.409 operations/sec (Maximum observed: 8695.652 ops/sec)
Total latency = 2.9943210173453E7 (+/- 0) us 
Consensus latency = 4435.3616090000005 (+/- 2314) us 
Pre-consensus latency = 0.0 (+/- 0) us 
Pos-consensus latency = 2.9939412529684E7 (+/- 0) us 
Propose latency = 1219.271192 (+/- 413) us 
Write latency = 1566.047278 (+/- 2497) us 
Accept latency = 1650.0431389999999 (+/- 143) us 
Batch average size = NaN (+/- 0) requests
TOMMessage ByteCount = 75725264
StandardSMMessage ByteCount = 6337
ConsensusMessage ByteCount = 120786
LCMessage ByteCount = 54
--- Measurements after 198000 ops (1000 samples) ---
Throughput = 6666.6665 operations/sec (Maximum observed: 8695.652 ops/sec)
Total latency = 3.0060101510462E7 (+/- 0) us 
Consensus latency = 2534.9082829999998 (+/- 474) us 
Pre-consensus latency = 0.0 (+/- 0) us 
Pos-consensus latency = 3.0057961765377E7 (+/- 0) us 
Propose latency = 725.5927800000001 (+/- 159) us 
Write latency = 356.388198 (+/- 239) us 
Accept latency = 1452.927305 (+/- 151) us 
Batch average size = NaN (+/- 0) requests
TOMMessage ByteCount = 75742209
StandardSMMessage ByteCount = 6337
ConsensusMessage ByteCount = 120786
LCMessage ByteCount = 54
--- Measurements after 199000 ops (1000 samples) ---
Throughput = 5714.2856 operations/sec (Maximum observed: 8695.652 ops/sec)
Total latency = 3.0183815848775003E7 (+/- 0) us 
Consensus latency = 2384.1004019999996 (+/- 265) us 
Pre-consensus latency = 0.0 (+/- 0) us 
Pos-consensus latency = 3.0181776581460997E7 (+/- 0) us 
Propose latency = 568.24723 (+/- 122) us 
Write latency = 365.121877 (+/- 161) us 
Accept latency = 1450.7312949999998 (+/- 168) us 
Batch average size = NaN (+/- 0) requests
TOMMessage ByteCount = 75761283
StandardSMMessage ByteCount = 6337
ConsensusMessage ByteCount = 120786
LCMessage ByteCount = 54
--- Measurements after 200000 ops (1000 samples) ---
Throughput = 6711.409 operations/sec (Maximum observed: 8695.652 ops/sec)
Total latency = 3.0260832355584998E7 (+/- 0) us 
Consensus latency = 2304.26022 (+/- 612) us 
Pre-consensus latency = 0.0 (+/- 0) us 
Pos-consensus latency = 3.0258795640923E7 (+/- 0) us 
Propose latency = 442.986676 (+/- 120) us 
Write latency = 379.134385 (+/- 254) us 
Accept latency = 1482.139159 (+/- 550) us 
Batch average size = NaN (+/- 0) requests
TOMMessage ByteCount = 75779271
StandardSMMessage ByteCount = 6337
ConsensusMessage ByteCount = 120786
LCMessage ByteCount = 54
