-- Using view stored on disk
-- SSL/TLS handshake complete!, Id:0  ## CipherSuite: TLS_ECDHE_ECDSA_WITH_AES_128_GCM_SHA256.
-- SSL/TLS handshake complete!, Id:1  ## CipherSuite: TLS_ECDHE_ECDSA_WITH_AES_128_GCM_SHA256.
-- ID = 2
-- N = 4
-- F = 1
-- Port (client <-> server) = 11020
-- Port (server <-> server) = 11021
-- requestTimeout = 2000
-- maxBatch = 1024
-- Binded replica to IP address 134.60.242.13
-- Optimizations:  Read-only Requests: disabled
-- SSL/TLS enabled, protocol version: TLSv1.2
-- In current view: ID:0; F:1; Processes:0(/134.60.242.11:11000),1(/134.60.242.12:11010),2(/134.60.242.13:11020),3(/134.60.242.14:11030),
-- Retrieving State
-- Replica state is up to date
-- 
		###################################
		    Ready to process operations    
		###################################
-- Session Created, active clients=0
-- Session Created, active clients=0
-- Session Created, active clients=0
-- Session Created, active clients=0
-- Session Created, active clients=0
-- Session Created, active clients=0
-- Session Created, active clients=0
-- Session Created, active clients=0
-- Session Created, active clients=0
-- Session Created, active clients=0
-- Session Created, active clients=0
-- Session Created, active clients=0
-- Session Created, active clients=0
-- Session Created, active clients=0
-- Session Created, active clients=0
-- Session Created, active clients=0
-- Session Created, active clients=0
-- Session Created, active clients=0
-- Session Created, active clients=0
-- Session Created, active clients=0
-- Session Created, active clients=0
-- Session Created, active clients=0
-- Session Created, active clients=0
-- Session Created, active clients=0
-- Session Created, active clients=0
-- Session Created, active clients=0
-- Session Created, active clients=0
-- Session Created, active clients=0
-- Session Created, active clients=0
-- Session Created, active clients=0
-- Session Created, active clients=0
-- Session Created, active clients=0
-- Session Created, active clients=0
-- Session Created, active clients=0
-- Session Created, active clients=0
-- Session Created, active clients=0
-- Session Created, active clients=0
-- Session Created, active clients=0
-- Session Created, active clients=0
-- Session Created, active clients=0
-- Session Created, active clients=0
-- Session Created, active clients=0
-- Session Created, active clients=0
-- Session Created, active clients=0
-- Session Created, active clients=0
-- Session Created, active clients=0
-- Session Created, active clients=0
-- Session Created, active clients=0
-- Session Created, active clients=0
-- Session Created, active clients=0
-- Session Created, active clients=0
-- Session Created, active clients=0
-- Session Created, active clients=0
-- Session Created, active clients=0
-- Session Created, active clients=0
-- Session Created, active clients=0
-- Session Created, active clients=0
-- Session Created, active clients=0
-- Session Created, active clients=0
-- Session Created, active clients=0
-- Session Created, active clients=0
-- Session Created, active clients=0
-- Session Created, active clients=0
-- Session Created, active clients=0
-- Session Created, active clients=0
-- Session Created, active clients=0
-- Session Created, active clients=0
-- Session Created, active clients=0
-- Session Created, active clients=0
-- Session Created, active clients=0
-- Session Created, active clients=0
-- Session Created, active clients=0
-- Session Created, active clients=0
-- Session Created, active clients=0
-- Session Created, active clients=0
-- Session Created, active clients=0
-- Session Created, active clients=0
-- Session Created, active clients=0
-- Session Created, active clients=0
-- Session Created, active clients=0
-- Session Created, active clients=0
-- Session Created, active clients=0
-- Session Created, active clients=0
-- Session Created, active clients=0
-- Session Created, active clients=0
-- Session Created, active clients=0
-- Session Created, active clients=0
-- Session Created, active clients=0
-- Session Created, active clients=0
-- Session Created, active clients=0
-- Session Created, active clients=0
-- Session Created, active clients=0
-- Session Created, active clients=0
-- Session Created, active clients=0
-- Session Created, active clients=0
-- Session Created, active clients=0
-- Session Created, active clients=0
-- Session Created, active clients=0
-- Session Created, active clients=0
-- Session Created, active clients=0
-- Session Created, active clients=0
-- Session Created, active clients=0
-- Session Created, active clients=0
-- Session Created, active clients=0
-- Session Created, active clients=0
-- Session Created, active clients=0
-- Session Created, active clients=0
-- Session Created, active clients=0
-- Session Created, active clients=0
-- Session Created, active clients=0
-- Session Created, active clients=0
-- Session Created, active clients=0
-- Session Created, active clients=0
-- Session Created, active clients=0
-- Session Created, active clients=0
-- Session Created, active clients=0
-- Session Created, active clients=0
-- Session Created, active clients=0
-- Session Created, active clients=0
-- Session Created, active clients=0
-- Session Created, active clients=0
-- Session Created, active clients=0
-- Session Created, active clients=0
-- Session Created, active clients=0
-- Session Created, active clients=0
-- Session Created, active clients=0
-- Session Created, active clients=0
-- Session Created, active clients=0
-- Session Created, active clients=0
-- Session Created, active clients=0
-- Session Created, active clients=0
-- Session Created, active clients=0
-- Session Created, active clients=0
-- Session Created, active clients=0
-- Session Created, active clients=0
-- Session Created, active clients=0
-- Session Created, active clients=0
-- Session Created, active clients=0
-- Session Created, active clients=0
-- Session Created, active clients=0
-- Session Created, active clients=0
-- Session Created, active clients=0
-- Session Created, active clients=0
-- Session Created, active clients=0
-- Session Created, active clients=0
-- Session Created, active clients=0
-- Session Created, active clients=0
-- Session Created, active clients=0
-- Session Created, active clients=0
-- Session Created, active clients=0
-- Session Created, active clients=0
-- Session Created, active clients=0
-- Session Created, active clients=0
-- Session Created, active clients=0
-- Session Created, active clients=0
-- Session Created, active clients=0
-- Session Created, active clients=0
-- Session Created, active clients=0
-- Session Created, active clients=0
-- Session Created, active clients=0
-- Session Created, active clients=0
-- Session Created, active clients=0
-- Session Created, active clients=0
-- Session Created, active clients=0
-- Session Created, active clients=0
-- Session Created, active clients=0
-- Session Created, active clients=0
-- Session Created, active clients=0
-- Session Created, active clients=0
-- Session Created, active clients=0
-- Session Created, active clients=0
-- Session Created, active clients=0
-- Session Created, active clients=0
-- Session Created, active clients=0
-- Session Created, active clients=0
-- Session Created, active clients=0
-- Session Created, active clients=0
-- Session Created, active clients=0
-- Session Created, active clients=0
-- Session Created, active clients=0
-- Session Created, active clients=0
-- Session Created, active clients=0
-- Session Created, active clients=0
-- Session Created, active clients=0
-- Session Created, active clients=0
-- Session Created, active clients=0
-- Session Created, active clients=0
-- Session Created, active clients=0
-- Session Created, active clients=0
-- Session Created, active clients=0
-- Session Created, active clients=0
-- Session Created, active clients=0
-- Session Created, active clients=0
-- Session Created, active clients=0
-- Session Created, active clients=0
-- Session Created, active clients=0
-- Session Created, active clients=0
-- Session Created, active clients=0
-- Session Created, active clients=0
-- Session Created, active clients=0
--- Measurements after 1000 ops (1000 samples) ---
Throughput = 21.625362 operations/sec (Maximum observed: 21.625362 ops/sec)
Total latency = 64017.701275 (+/- 38190) us 
Consensus latency = 9117.669225 (+/- 4245) us 
Pre-consensus latency = 0.0 (+/- 0) us 
Pos-consensus latency = 57650.272375 (+/- 37096) us 
Propose latency = 4564.278413999999 (+/- 2738) us 
Write latency = 1099.704046 (+/- 1239) us 
Accept latency = 3453.686765 (+/- 1878) us 
Batch average size = 90.9090909090909 (+/- 82) requests
StandardSMMessage ByteCount = 6337
ConsensusMessage ByteCount = 1413
TOMMessage ByteCount = 943107
--- Measurements after 2000 ops (1000 samples) ---
Throughput = 83.47942 operations/sec (Maximum observed: 83.47942 ops/sec)
Total latency = 43744.07553 (+/- 23018) us 
Consensus latency = 6199.203071000001 (+/- 1081) us 
Pre-consensus latency = 0.0 (+/- 0) us 
Pos-consensus latency = 39064.265935999996 (+/- 22953) us 
Propose latency = 3225.32299 (+/- 1332) us 
Write latency = 789.838287 (+/- 466) us 
Accept latency = 2184.041794 (+/- 347) us 
Batch average size = 90.9090909090909 (+/- 85) requests
StandardSMMessage ByteCount = 6337
ConsensusMessage ByteCount = 2832
TOMMessage ByteCount = 2128312
--- Measurements after 3000 ops (1000 samples) ---
Throughput = 105.241005 operations/sec (Maximum observed: 105.241005 ops/sec)
Total latency = 34627.872590000006 (+/- 18245) us 
Consensus latency = 5213.423142 (+/- 773) us 
Pre-consensus latency = 0.0 (+/- 0) us 
Pos-consensus latency = 30566.157332 (+/- 18137) us 
Propose latency = 2481.899329 (+/- 1285) us 
Write latency = 865.1112290000001 (+/- 398) us 
Accept latency = 1866.412584 (+/- 355) us 
Batch average size = 100.0 (+/- 78) requests
StandardSMMessage ByteCount = 6337
ConsensusMessage ByteCount = 4122
TOMMessage ByteCount = 3285517
--- Measurements after 4000 ops (1000 samples) ---
Throughput = 142.49074 operations/sec (Maximum observed: 142.49074 ops/sec)
Total latency = 38624.366318 (+/- 21589) us 
Consensus latency = 4522.857865 (+/- 387) us 
Pre-consensus latency = 0.0 (+/- 0) us 
Pos-consensus latency = 34869.660644 (+/- 21617) us 
Propose latency = 1317.272621 (+/- 348) us 
Write latency = 1317.316418 (+/- 293) us 
Accept latency = 1888.268826 (+/- 159) us 
Batch average size = 100.0 (+/- 82) requests
StandardSMMessage ByteCount = 6337
ConsensusMessage ByteCount = 5412
TOMMessage ByteCount = 4462597
--- Measurements after 5000 ops (1000 samples) ---
Throughput = 223.16447 operations/sec (Maximum observed: 223.16447 ops/sec)
Total latency = 30516.420571 (+/- 17308) us 
Consensus latency = 4178.832346 (+/- 435) us 
Pre-consensus latency = 0.0 (+/- 0) us 
Pos-consensus latency = 27019.400967 (+/- 17231) us 
Propose latency = 1144.016313 (+/- 223) us 
Write latency = 1034.079973 (+/- 333) us 
Accept latency = 2000.73606 (+/- 115) us 
Batch average size = 100.0 (+/- 70) requests
StandardSMMessage ByteCount = 6337
ConsensusMessage ByteCount = 6702
TOMMessage ByteCount = 5678188
--- Measurements after 6000 ops (1000 samples) ---
Throughput = 501.002 operations/sec (Maximum observed: 501.002 ops/sec)
Total latency = 35283.86928499999 (+/- 18712) us 
Consensus latency = 4055.490143 (+/- 818) us 
Pre-consensus latency = 0.0 (+/- 0) us 
Pos-consensus latency = 31889.493671 (+/- 18729) us 
Propose latency = 1021.416514 (+/- 189) us 
Write latency = 883.327983 (+/- 566) us 
Accept latency = 2150.7456460000003 (+/- 475) us 
Batch average size = 90.9090909090909 (+/- 71) requests
StandardSMMessage ByteCount = 6337
ConsensusMessage ByteCount = 8121
TOMMessage ByteCount = 6829557
--- Measurements after 7000 ops (1000 samples) ---
Throughput = 3125.0 operations/sec (Maximum observed: 3125.0 ops/sec)
Total latency = 135219.359971 (+/- 0) us 
Consensus latency = 14773.999876 (+/- 3351) us 
Pre-consensus latency = 0.0 (+/- 0) us 
Pos-consensus latency = 122425.897755 (+/- 0) us 
Propose latency = 9378.226183 (+/- 2882) us 
Write latency = 1623.495456 (+/- 1779) us 
Accept latency = 3772.278237 (+/- 4015) us 
Batch average size = 1487.0 (+/- 2246) requests
StandardSMMessage ByteCount = 6337
ConsensusMessage ByteCount = 10830
TOMMessage ByteCount = 7456638
--- Measurements after 8000 ops (1000 samples) ---
Throughput = 4545.4546 operations/sec (Maximum observed: 4545.4546 ops/sec)
Total latency = 345370.916493 (+/- 0) us 
Consensus latency = 7354.010063 (+/- 2458) us 
Pre-consensus latency = 0.0 (+/- 0) us 
Pos-consensus latency = 339177.15405199997 (+/- 0) us 
Propose latency = 5941.348658 (+/- 2643) us 
Write latency = 176.81455400000002 (+/- 50) us 
Accept latency = 1235.846851 (+/- 240) us 
Batch average size = NaN (+/- 0) requests
StandardSMMessage ByteCount = 6337
ConsensusMessage ByteCount = 13410
TOMMessage ByteCount = 7456638
--- Measurements after 9000 ops (1000 samples) ---
Throughput = 4504.5044 operations/sec (Maximum observed: 4545.4546 ops/sec)
Total latency = 545775.021377 (+/- 0) us 
Consensus latency = 5539.951175 (+/- 616) us 
Pre-consensus latency = 0.0 (+/- 0) us 
Pos-consensus latency = 541136.739633 (+/- 0) us 
Propose latency = 3541.38928 (+/- 888) us 
Write latency = 185.395661 (+/- 21) us 
Accept latency = 1813.166234 (+/- 289) us 
Batch average size = NaN (+/- 0) requests
StandardSMMessage ByteCount = 6337
ConsensusMessage ByteCount = 16377
TOMMessage ByteCount = 7456638
--- Measurements after 10000 ops (1000 samples) ---
Throughput = 3731.3433 operations/sec (Maximum observed: 4545.4546 ops/sec)
Total latency = 763457.94425 (+/- 0) us 
Consensus latency = 4943.917416 (+/- 376) us 
Pre-consensus latency = 0.0 (+/- 0) us 
Pos-consensus latency = 759396.870542 (+/- 0) us 
Propose latency = 2369.260797 (+/- 186) us 
Write latency = 322.709475 (+/- 167) us 
Accept latency = 2251.9471439999998 (+/- 175) us 
Batch average size = NaN (+/- 0) requests
StandardSMMessage ByteCount = 6337
ConsensusMessage ByteCount = 19278
TOMMessage ByteCount = 7456638
--- Measurements after 11000 ops (1000 samples) ---
Throughput = 3584.2295 operations/sec (Maximum observed: 4545.4546 ops/sec)
Total latency = 1012012.041419 (+/- 0) us 
Consensus latency = 4973.871041 (+/- 391) us 
Pre-consensus latency = 0.0 (+/- 0) us 
Pos-consensus latency = 1007892.553432 (+/- 0) us 
Propose latency = 2085.435362 (+/- 289) us 
Write latency = 470.863528 (+/- 201) us 
Accept latency = 2417.572151 (+/- 310) us 
Batch average size = 34181.0 (+/- 0) requests
StandardSMMessage ByteCount = 6337
ConsensusMessage ByteCount = 23766
TOMMessage ByteCount = 12214140
--- Measurements after 12000 ops (1000 samples) ---
Throughput = 4629.6294 operations/sec (Maximum observed: 4629.6294 ops/sec)
Total latency = 1226500.31955 (+/- 0) us 
Consensus latency = 6950.177616 (+/- 867) us 
Pre-consensus latency = 0.0 (+/- 0) us 
Pos-consensus latency = 1220807.427318 (+/- 0) us 
Propose latency = 4251.571190000001 (+/- 876) us 
Write latency = 362.901279 (+/- 197) us 
Accept latency = 2335.7051469999997 (+/- 176) us 
Batch average size = NaN (+/- 0) requests
StandardSMMessage ByteCount = 6337
ConsensusMessage ByteCount = 27814
TOMMessage ByteCount = 12214140
--- Measurements after 13000 ops (1000 samples) ---
Throughput = 4608.295 operations/sec (Maximum observed: 4629.6294 ops/sec)
Total latency = 1413780.2311 (+/- 0) us 
Consensus latency = 5967.337411 (+/- 439) us 
Pre-consensus latency = 0.0 (+/- 0) us 
Pos-consensus latency = 1409318.2764909999 (+/- 0) us 
Propose latency = 3693.3358160000002 (+/- 486) us 
Write latency = 287.538746 (+/- 53) us 
Accept latency = 1986.462849 (+/- 56) us 
Batch average size = NaN (+/- 0) requests
StandardSMMessage ByteCount = 6337
ConsensusMessage ByteCount = 31774
TOMMessage ByteCount = 12214140
--- Measurements after 14000 ops (1000 samples) ---
Throughput = 4608.295 operations/sec (Maximum observed: 4629.6294 ops/sec)
Total latency = 1600799.726825 (+/- 0) us 
Consensus latency = 8272.146682 (+/- 3463) us 
Pre-consensus latency = 0.0 (+/- 0) us 
Pos-consensus latency = 1594118.85301 (+/- 0) us 
Propose latency = 3536.5049520000002 (+/- 645) us 
Write latency = 2887.6134070000003 (+/- 3836) us 
Accept latency = 1848.028323 (+/- 156) us 
Batch average size = NaN (+/- 0) requests
StandardSMMessage ByteCount = 6337
ConsensusMessage ByteCount = 35646
TOMMessage ByteCount = 12214140
--- Measurements after 15000 ops (1000 samples) ---
Throughput = 4608.295 operations/sec (Maximum observed: 4629.6294 ops/sec)
Total latency = 1779589.63744 (+/- 0) us 
Consensus latency = 10942.400056 (+/- 1902) us 
Pre-consensus latency = 0.0 (+/- 0) us 
Pos-consensus latency = 1771496.6334159998 (+/- 0) us 
Propose latency = 6405.302936 (+/- 2047) us 
Write latency = 2456.03564 (+/- 3944) us 
Accept latency = 2081.06148 (+/- 5) us 
Batch average size = NaN (+/- 0) requests
StandardSMMessage ByteCount = 6337
ConsensusMessage ByteCount = 40266
LCMessage ByteCount = 27
TOMMessage ByteCount = 12214140
--- Measurements after 16000 ops (1000 samples) ---
Throughput = 3802.2812 operations/sec (Maximum observed: 4629.6294 ops/sec)
Total latency = 1987688.2560840002 (+/- 0) us 
Consensus latency = 7175.017696000001 (+/- 1401) us 
Pre-consensus latency = 0.0 (+/- 0) us 
Pos-consensus latency = 1983174.5679000001 (+/- 0) us 
Propose latency = 4873.147256 (+/- 1355) us 
Write latency = 291.80816 (+/- 11) us 
Accept latency = 2010.06228 (+/- 34) us 
Batch average size = NaN (+/- 0) requests
StandardSMMessage ByteCount = 6337
ConsensusMessage ByteCount = 44490
LCMessage ByteCount = 27
TOMMessage ByteCount = 12214140
--- Measurements after 17000 ops (1000 samples) ---
Throughput = 4672.897 operations/sec (Maximum observed: 4672.897 ops/sec)
Total latency = 2214131.48598 (+/- 0) us 
Consensus latency = 6429.665919 (+/- 747) us 
Pre-consensus latency = 0.0 (+/- 0) us 
Pos-consensus latency = 2209365.87561 (+/- 0) us 
Propose latency = 2892.6886 (+/- 294) us 
Write latency = 1579.4880349999999 (+/- 485) us 
Accept latency = 1957.489284 (+/- 5) us 
Batch average size = NaN (+/- 0) requests
StandardSMMessage ByteCount = 6337
ConsensusMessage ByteCount = 48978
LCMessage ByteCount = 27
TOMMessage ByteCount = 12214140
--- Measurements after 18000 ops (1000 samples) ---
Throughput = 4830.918 operations/sec (Maximum observed: 4830.918 ops/sec)
Total latency = 2402612.282265 (+/- 0) us 
Consensus latency = 5957.575327 (+/- 722) us 
Pre-consensus latency = 0.0 (+/- 0) us 
Pos-consensus latency = 2397908.550444 (+/- 0) us 
Propose latency = 2227.0824759999996 (+/- 94) us 
Write latency = 1697.565576 (+/- 848) us 
Accept latency = 2032.927275 (+/- 88) us 
Batch average size = NaN (+/- 0) requests
StandardSMMessage ByteCount = 6337
ConsensusMessage ByteCount = 53862
LCMessage ByteCount = 27
TOMMessage ByteCount = 12214140
--- Measurements after 19000 ops (1000 samples) ---
Throughput = 4651.1626 operations/sec (Maximum observed: 4830.918 ops/sec)
Total latency = 2589507.955244 (+/- 0) us 
Consensus latency = 5420.854972 (+/- 504) us 
Pre-consensus latency = 0.0 (+/- 0) us 
Pos-consensus latency = 2585375.844438 (+/- 0) us 
Propose latency = 3009.160844 (+/- 583) us 
Write latency = 581.927902 (+/- 263) us 
Accept latency = 1829.766226 (+/- 294) us 
Batch average size = NaN (+/- 0) requests
StandardSMMessage ByteCount = 6337
ConsensusMessage ByteCount = 58350
LCMessage ByteCount = 27
TOMMessage ByteCount = 12214140
--- Measurements after 20000 ops (1000 samples) ---
Throughput = 4672.897 operations/sec (Maximum observed: 4830.918 ops/sec)
Total latency = 2774088.83069 (+/- 0) us 
Consensus latency = 4716.016187 (+/- 215) us 
Pre-consensus latency = 0.0 (+/- 0) us 
Pos-consensus latency = 2770580.1561310003 (+/- 0) us 
Propose latency = 2292.848873 (+/- 346) us 
Write latency = 801.533123 (+/- 370) us 
Accept latency = 1621.634191 (+/- 355) us 
Batch average size = NaN (+/- 0) requests
StandardSMMessage ByteCount = 6337
ConsensusMessage ByteCount = 62794
LCMessage ByteCount = 27
TOMMessage ByteCount = 12214140
--- Measurements after 21000 ops (1000 samples) ---
Throughput = 4608.295 operations/sec (Maximum observed: 4830.918 ops/sec)
Total latency = 2963839.973082 (+/- 0) us 
Consensus latency = 4096.831138 (+/- 257) us 
Pre-consensus latency = 0.0 (+/- 0) us 
Pos-consensus latency = 2960820.389551 (+/- 0) us 
Propose latency = 1867.813531 (+/- 276) us 
Write latency = 546.837078 (+/- 332) us 
Accept latency = 1682.1805290000002 (+/- 175) us 
Batch average size = NaN (+/- 0) requests
StandardSMMessage ByteCount = 6337
ConsensusMessage ByteCount = 67062
LCMessage ByteCount = 27
TOMMessage ByteCount = 12214140
--- Measurements after 22000 ops (1000 samples) ---
Throughput = 4608.295 operations/sec (Maximum observed: 4830.918 ops/sec)
Total latency = 3144377.34958 (+/- 0) us 
Consensus latency = 8307.255086000001 (+/- 1409) us 
Pre-consensus latency = 0.0 (+/- 0) us 
Pos-consensus latency = 3137238.649166 (+/- 0) us 
Propose latency = 5050.718919 (+/- 1321) us 
Write latency = 1747.3172809999999 (+/- 1246) us 
Accept latency = 1509.2188859999999 (+/- 176) us 
Batch average size = NaN (+/- 0) requests
StandardSMMessage ByteCount = 6337
ConsensusMessage ByteCount = 72210
LCMessage ByteCount = 27
TOMMessage ByteCount = 12214140
--- Measurements after 23000 ops (1000 samples) ---
Throughput = 4784.689 operations/sec (Maximum observed: 4830.918 ops/sec)
Total latency = 3333436.804009 (+/- 0) us 
Consensus latency = 10076.479648 (+/- 620) us 
Pre-consensus latency = 0.0 (+/- 0) us 
Pos-consensus latency = 3325096.335821 (+/- 0) us 
Propose latency = 4104.0529240000005 (+/- 782) us 
Write latency = 3857.016576 (+/- 287) us 
Accept latency = 2115.410148 (+/- 123) us 
Batch average size = NaN (+/- 0) requests
StandardSMMessage ByteCount = 6337
ConsensusMessage ByteCount = 77490
LCMessage ByteCount = 27
TOMMessage ByteCount = 12214140
--- Measurements after 24000 ops (1000 samples) ---
Throughput = 4672.897 operations/sec (Maximum observed: 4830.918 ops/sec)
Total latency = 3523621.598876 (+/- 0) us 
Consensus latency = 8219.096975999999 (+/- 539) us 
Pre-consensus latency = 0.0 (+/- 0) us 
Pos-consensus latency = 3516750.289048 (+/- 0) us 
Propose latency = 5414.92762 (+/- 1053) us 
Write latency = 850.6034080000001 (+/- 1404) us 
Accept latency = 1953.5659480000002 (+/- 201) us 
Batch average size = NaN (+/- 0) requests
StandardSMMessage ByteCount = 6337
ConsensusMessage ByteCount = 82110
LCMessage ByteCount = 54
TOMMessage ByteCount = 12214140
--- Measurements after 25000 ops (1000 samples) ---
Throughput = 4651.1626 operations/sec (Maximum observed: 4830.918 ops/sec)
Total latency = 3711960.800041 (+/- 0) us 
Consensus latency = 5168.6731979999995 (+/- 1187) us 
Pre-consensus latency = 0.0 (+/- 0) us 
Pos-consensus latency = 3707547.186404 (+/- 0) us 
Propose latency = 2591.102217 (+/- 1555) us 
Write latency = 827.532774 (+/- 354) us 
Accept latency = 1750.0382069999998 (+/- 108) us 
Batch average size = NaN (+/- 0) requests
StandardSMMessage ByteCount = 6337
ConsensusMessage ByteCount = 86862
LCMessage ByteCount = 54
TOMMessage ByteCount = 12214140
--- Measurements after 26000 ops (1000 samples) ---
Throughput = 4651.1626 operations/sec (Maximum observed: 4830.918 ops/sec)
Total latency = 3898233.996813 (+/- 0) us 
Consensus latency = 4464.5776430000005 (+/- 580) us 
Pre-consensus latency = 0.0 (+/- 0) us 
Pos-consensus latency = 3894599.0689899996 (+/- 0) us 
Propose latency = 1713.831498 (+/- 646) us 
Write latency = 777.931738 (+/- 394) us 
Accept latency = 1972.8144069999998 (+/- 292) us 
Batch average size = NaN (+/- 0) requests
StandardSMMessage ByteCount = 6337
ConsensusMessage ByteCount = 91218
LCMessage ByteCount = 54
TOMMessage ByteCount = 12214140
--- Measurements after 27000 ops (1000 samples) ---
Throughput = 4761.905 operations/sec (Maximum observed: 4830.918 ops/sec)
Total latency = 4086487.83425 (+/- 0) us 
Consensus latency = 4002.03337 (+/- 458) us 
Pre-consensus latency = 0.0 (+/- 0) us 
Pos-consensus latency = 4083208.604414 (+/- 0) us 
Propose latency = 1393.8540460000002 (+/- 203) us 
Write latency = 601.120693 (+/- 294) us 
Accept latency = 2007.058631 (+/- 316) us 
Batch average size = NaN (+/- 0) requests
StandardSMMessage ByteCount = 6337
ConsensusMessage ByteCount = 96498
LCMessage ByteCount = 54
TOMMessage ByteCount = 12214140
--- Measurements after 28000 ops (1000 samples) ---
Throughput = 4608.295 operations/sec (Maximum observed: 4830.918 ops/sec)
Total latency = 4275030.28116 (+/- 0) us 
Consensus latency = 6435.43693 (+/- 3315) us 
Pre-consensus latency = 0.0 (+/- 0) us 
Pos-consensus latency = 4269458.891148 (+/- 0) us 
Propose latency = 1815.475897 (+/- 1416) us 
Write latency = 662.577042 (+/- 287) us 
Accept latency = 3957.3839909999997 (+/- 3081) us 
Batch average size = NaN (+/- 0) requests
StandardSMMessage ByteCount = 6337
ConsensusMessage ByteCount = 101470
LCMessage ByteCount = 54
TOMMessage ByteCount = 12214140
--- Measurements after 29000 ops (1000 samples) ---
Throughput = 4672.897 operations/sec (Maximum observed: 4830.918 ops/sec)
Total latency = 4448719.0605419995 (+/- 0) us 
Consensus latency = 11172.815218 (+/- 2710) us 
Pre-consensus latency = 0.0 (+/- 0) us 
Pos-consensus latency = 4438853.117008001 (+/- 0) us 
Propose latency = 7519.794518000001 (+/- 1091) us 
Write latency = 415.248104 (+/- 552) us 
Accept latency = 3237.772596 (+/- 1651) us 
Batch average size = NaN (+/- 0) requests
StandardSMMessage ByteCount = 6337
ConsensusMessage ByteCount = 106002
LCMessage ByteCount = 54
TOMMessage ByteCount = 12214140
--- Measurements after 30000 ops (1000 samples) ---
Throughput = 4651.1626 operations/sec (Maximum observed: 4830.918 ops/sec)
Total latency = 4631691.081851 (+/- 0) us 
Consensus latency = 10746.335382 (+/- 594) us 
Pre-consensus latency = 0.0 (+/- 0) us 
Pos-consensus latency = 4622393.5010939995 (+/- 0) us 
Propose latency = 6968.601624 (+/- 99) us 
Write latency = 1828.7497369999999 (+/- 308) us 
Accept latency = 1948.984021 (+/- 186) us 
Batch average size = NaN (+/- 0) requests
StandardSMMessage ByteCount = 6337
ConsensusMessage ByteCount = 111678
LCMessage ByteCount = 54
TOMMessage ByteCount = 12214140
--- Measurements after 31000 ops (1000 samples) ---
Throughput = 4807.6924 operations/sec (Maximum observed: 4830.918 ops/sec)
Total latency = 4824624.523514 (+/- 0) us 
Consensus latency = 8370.604257 (+/- 1204) us 
Pre-consensus latency = 0.0 (+/- 0) us 
Pos-consensus latency = 4817235.567126 (+/- 0) us 
Propose latency = 5990.5104599999995 (+/- 655) us 
Write latency = 616.507385 (+/- 605) us 
Accept latency = 1763.586412 (+/- 59) us 
Batch average size = NaN (+/- 0) requests
StandardSMMessage ByteCount = 6337
ConsensusMessage ByteCount = 119598
LCMessage ByteCount = 54
TOMMessage ByteCount = 12214140
--- Measurements after 32000 ops (1000 samples) ---
Throughput = 4672.897 operations/sec (Maximum observed: 4830.918 ops/sec)
Total latency = 5012756.048346 (+/- 0) us 
Consensus latency = 5870.365836 (+/- 1009) us 
Pre-consensus latency = 0.0 (+/- 0) us 
Pos-consensus latency = 5007689.234189999 (+/- 0) us 
Propose latency = 3362.740162 (+/- 1416) us 
Write latency = 681.058224 (+/- 401) us 
Accept latency = 1826.56745 (+/- 125) us 
Batch average size = NaN (+/- 0) requests
StandardSMMessage ByteCount = 6337
ConsensusMessage ByteCount = 120786
LCMessage ByteCount = 54
TOMMessage ByteCount = 12214140
--- Measurements after 33000 ops (1000 samples) ---
Throughput = 4716.981 operations/sec (Maximum observed: 4830.918 ops/sec)
Total latency = 5194048.390128001 (+/- 0) us 
Consensus latency = 4572.0347249999995 (+/- 628) us 
Pre-consensus latency = 0.0 (+/- 0) us 
Pos-consensus latency = 5190310.458038 (+/- 0) us 
Propose latency = 2168.026322 (+/- 544) us 
Write latency = 507.784804 (+/- 257) us 
Accept latency = 1896.223599 (+/- 264) us 
Batch average size = NaN (+/- 0) requests
StandardSMMessage ByteCount = 6337
ConsensusMessage ByteCount = 120786
LCMessage ByteCount = 54
TOMMessage ByteCount = 12214140
--- Measurements after 34000 ops (1000 samples) ---
Throughput = 4854.369 operations/sec (Maximum observed: 4854.369 ops/sec)
Total latency = 5378625.918671 (+/- 0) us 
Consensus latency = 3992.794266 (+/- 364) us 
Pre-consensus latency = 0.0 (+/- 0) us 
Pos-consensus latency = 5375385.158892 (+/- 0) us 
Propose latency = 1675.778926 (+/- 395) us 
Write latency = 809.8761870000001 (+/- 206) us 
Accept latency = 1507.1391529999999 (+/- 175) us 
Batch average size = NaN (+/- 0) requests
StandardSMMessage ByteCount = 6337
ConsensusMessage ByteCount = 120786
LCMessage ByteCount = 54
TOMMessage ByteCount = 12214140
--- Measurements after 35000 ops (1000 samples) ---
Throughput = 4716.981 operations/sec (Maximum observed: 4854.369 ops/sec)
Total latency = 5556287.927474 (+/- 0) us 
Consensus latency = 4968.044008999999 (+/- 1834) us 
Pre-consensus latency = 0.0 (+/- 0) us 
Pos-consensus latency = 5552216.038811 (+/- 0) us 
Propose latency = 2088.87051 (+/- 1567) us 
Write latency = 1055.3679069999998 (+/- 531) us 
Accept latency = 1823.805592 (+/- 502) us 
Batch average size = NaN (+/- 0) requests
StandardSMMessage ByteCount = 6337
ConsensusMessage ByteCount = 120786
LCMessage ByteCount = 54
TOMMessage ByteCount = 12214140
--- Measurements after 36000 ops (1000 samples) ---
Throughput = 4854.369 operations/sec (Maximum observed: 4854.369 ops/sec)
Total latency = 5718245.365452 (+/- 0) us 
Consensus latency = 14046.272161 (+/- 3852) us 
Pre-consensus latency = 0.0 (+/- 0) us 
Pos-consensus latency = 5709100.7299420005 (+/- 0) us 
Propose latency = 9611.248121999999 (+/- 4793) us 
Write latency = 2160.775957 (+/- 1458) us 
Accept latency = 2274.248082 (+/- 345) us 
Batch average size = NaN (+/- 0) requests
StandardSMMessage ByteCount = 6337
ConsensusMessage ByteCount = 120786
LCMessage ByteCount = 54
TOMMessage ByteCount = 12214140
--- Measurements after 37000 ops (1000 samples) ---
Throughput = 4739.3364 operations/sec (Maximum observed: 4854.369 ops/sec)
Total latency = 5897238.926260999 (+/- 0) us 
Consensus latency = 18072.459734 (+/- 468) us 
Pre-consensus latency = 0.0 (+/- 0) us 
Pos-consensus latency = 5886686.415026 (+/- 0) us 
Propose latency = 13299.453544 (+/- 184) us 
Write latency = 2544.9923519999998 (+/- 741) us 
Accept latency = 2228.013838 (+/- 88) us 
Batch average size = NaN (+/- 0) requests
StandardSMMessage ByteCount = 6337
ConsensusMessage ByteCount = 120786
LCMessage ByteCount = 54
TOMMessage ByteCount = 12214140
--- Measurements after 38000 ops (1000 samples) ---
Throughput = 4878.049 operations/sec (Maximum observed: 4878.049 ops/sec)
Total latency = 6082744.137010001 (+/- 0) us 
Consensus latency = 16652.516574999998 (+/- 1020) us 
Pre-consensus latency = 0.0 (+/- 0) us 
Pos-consensus latency = 6073386.25958 (+/- 0) us 
Propose latency = 13392.42517 (+/- 121) us 
Write latency = 975.77846 (+/- 1208) us 
Accept latency = 2284.3129449999997 (+/- 65) us 
Batch average size = NaN (+/- 0) requests
StandardSMMessage ByteCount = 6337
ConsensusMessage ByteCount = 120786
LCMessage ByteCount = 54
TOMMessage ByteCount = 12214140
--- Measurements after 39000 ops (1000 samples) ---
Throughput = 4739.3364 operations/sec (Maximum observed: 4878.049 ops/sec)
Total latency = 6265648.375217 (+/- 0) us 
Consensus latency = 15094.497048000001 (+/- 804) us 
Pre-consensus latency = 0.0 (+/- 0) us 
Pos-consensus latency = 6257354.521449001 (+/- 0) us 
Propose latency = 12351.911716 (+/- 909) us 
Write latency = 284.624512 (+/- 169) us 
Accept latency = 2457.96082 (+/- 106) us 
Batch average size = NaN (+/- 0) requests
StandardSMMessage ByteCount = 6337
ConsensusMessage ByteCount = 120786
LCMessage ByteCount = 54
TOMMessage ByteCount = 12214140
--- Measurements after 40000 ops (1000 samples) ---
Throughput = 4854.369 operations/sec (Maximum observed: 4878.049 ops/sec)
Total latency = 6451817.245496 (+/- 0) us 
Consensus latency = 9533.318747 (+/- 860) us 
Pre-consensus latency = 0.0 (+/- 0) us 
Pos-consensus latency = 6444252.468510999 (+/- 0) us 
Propose latency = 5928.958699 (+/- 1306) us 
Write latency = 1783.779108 (+/- 501) us 
Accept latency = 1820.58094 (+/- 55) us 
Batch average size = NaN (+/- 0) requests
StandardSMMessage ByteCount = 6337
ConsensusMessage ByteCount = 120786
LCMessage ByteCount = 54
TOMMessage ByteCount = 12214140
--- Measurements after 41000 ops (1000 samples) ---
Throughput = 4716.981 operations/sec (Maximum observed: 4878.049 ops/sec)
Total latency = 6639776.779826 (+/- 0) us 
Consensus latency = 7496.413317 (+/- 438) us 
Pre-consensus latency = 0.0 (+/- 0) us 
Pos-consensus latency = 6633545.417483 (+/- 0) us 
Propose latency = 2925.215916 (+/- 572) us 
Write latency = 2821.9119330000003 (+/- 175) us 
Accept latency = 1749.285468 (+/- 27) us 
Batch average size = NaN (+/- 0) requests
StandardSMMessage ByteCount = 6337
ConsensusMessage ByteCount = 120786
LCMessage ByteCount = 54
TOMMessage ByteCount = 12214140
--- Measurements after 42000 ops (1000 samples) ---
Throughput = 4854.369 operations/sec (Maximum observed: 4878.049 ops/sec)
Total latency = 6822389.026278 (+/- 0) us 
Consensus latency = 5612.513665 (+/- 1064) us 
Pre-consensus latency = 0.0 (+/- 0) us 
Pos-consensus latency = 6817773.451146 (+/- 0) us 
Propose latency = 1713.05146 (+/- 467) us 
Write latency = 1855.140652 (+/- 734) us 
Accept latency = 2044.321553 (+/- 427) us 
Batch average size = NaN (+/- 0) requests
StandardSMMessage ByteCount = 6337
ConsensusMessage ByteCount = 120786
LCMessage ByteCount = 54
TOMMessage ByteCount = 12214140
--- Measurements after 43000 ops (1000 samples) ---
Throughput = 4739.3364 operations/sec (Maximum observed: 4878.049 ops/sec)
Total latency = 6978697.604986 (+/- 0) us 
Consensus latency = 3971.222381 (+/- 944) us 
Pre-consensus latency = 0.0 (+/- 0) us 
Pos-consensus latency = 6975382.026297 (+/- 0) us 
Propose latency = 1132.8728449999999 (+/- 281) us 
Write latency = 863.303485 (+/- 731) us 
Accept latency = 1975.046051 (+/- 312) us 
Batch average size = NaN (+/- 0) requests
StandardSMMessage ByteCount = 6337
ConsensusMessage ByteCount = 120786
LCMessage ByteCount = 54
TOMMessage ByteCount = 12214140
--- Measurements after 44000 ops (1000 samples) ---
Throughput = 4878.049 operations/sec (Maximum observed: 4878.049 ops/sec)
Total latency = 7145581.697869 (+/- 0) us 
Consensus latency = 10639.968495 (+/- 1131) us 
Pre-consensus latency = 0.0 (+/- 0) us 
Pos-consensus latency = 7136759.624613 (+/- 0) us 
Propose latency = 6708.441690000001 (+/- 1700) us 
Write latency = 2153.646272 (+/- 414) us 
Accept latency = 1777.880533 (+/- 317) us 
Batch average size = NaN (+/- 0) requests
StandardSMMessage ByteCount = 6337
ConsensusMessage ByteCount = 120786
LCMessage ByteCount = 54
TOMMessage ByteCount = 12214140
--- Measurements after 45000 ops (1000 samples) ---
Throughput = 2487.5623 operations/sec (Maximum observed: 4878.049 ops/sec)
Total latency = 7401315.551237 (+/- 0) us 
Consensus latency = 11275.197861999999 (+/- 349) us 
Pre-consensus latency = 0.0 (+/- 0) us 
Pos-consensus latency = 7392118.563635 (+/- 0) us 
Propose latency = 5980.723661999999 (+/- 1768) us 
Write latency = 3336.915512 (+/- 1237) us 
Accept latency = 1957.558688 (+/- 181) us 
Batch average size = 155358.0 (+/- 0) requests
StandardSMMessage ByteCount = 6337
ConsensusMessage ByteCount = 120786
LCMessage ByteCount = 54
TOMMessage ByteCount = 17708275
--- Measurements after 46000 ops (1000 samples) ---
Throughput = 4608.295 operations/sec (Maximum observed: 4878.049 ops/sec)
Total latency = 7714996.9874680005 (+/- 0) us 
Consensus latency = 9409.576702 (+/- 1010) us 
Pre-consensus latency = 0.0 (+/- 0) us 
Pos-consensus latency = 7707377.04532 (+/- 0) us 
Propose latency = 4071.077838 (+/- 330) us 
Write latency = 3519.20177 (+/- 1065) us 
Accept latency = 1819.297094 (+/- 275) us 
Batch average size = NaN (+/- 0) requests
StandardSMMessage ByteCount = 6337
ConsensusMessage ByteCount = 120786
LCMessage ByteCount = 54
TOMMessage ByteCount = 19551187
--- Measurements after 47000 ops (1000 samples) ---
Throughput = 4587.156 operations/sec (Maximum observed: 4878.049 ops/sec)
Total latency = 7900870.314371 (+/- 0) us 
Consensus latency = 6239.045274 (+/- 1465) us 
Pre-consensus latency = 0.0 (+/- 0) us 
Pos-consensus latency = 7895928.606817001 (+/- 0) us 
Propose latency = 3906.1370660000002 (+/- 1280) us 
Write latency = 497.515526 (+/- 301) us 
Accept latency = 1835.392682 (+/- 34) us 
Batch average size = NaN (+/- 0) requests
StandardSMMessage ByteCount = 6337
ConsensusMessage ByteCount = 120786
LCMessage ByteCount = 54
TOMMessage ByteCount = 21234525
--- Measurements after 48000 ops (1000 samples) ---
Throughput = 4854.369 operations/sec (Maximum observed: 4878.049 ops/sec)
Total latency = 8094896.682798 (+/- 0) us 
Consensus latency = 3875.166329 (+/- 421) us 
Pre-consensus latency = 0.0 (+/- 0) us 
Pos-consensus latency = 8091808.79334 (+/- 0) us 
Propose latency = 1467.364079 (+/- 217) us 
Write latency = 659.205562 (+/- 265) us 
Accept latency = 1748.596688 (+/- 134) us 
Batch average size = NaN (+/- 0) requests
StandardSMMessage ByteCount = 6337
ConsensusMessage ByteCount = 120786
LCMessage ByteCount = 54
TOMMessage ByteCount = 22770711
--- Measurements after 49000 ops (1000 samples) ---
Throughput = 4566.21 operations/sec (Maximum observed: 4878.049 ops/sec)
Total latency = 8277086.684955 (+/- 0) us 
Consensus latency = 4045.733165 (+/- 451) us 
Pre-consensus latency = 0.0 (+/- 0) us 
Pos-consensus latency = 8273830.836694 (+/- 0) us 
Propose latency = 1733.336505 (+/- 538) us 
Write latency = 598.5982389999999 (+/- 466) us 
Accept latency = 1713.7984210000002 (+/- 205) us 
Batch average size = NaN (+/- 0) requests
StandardSMMessage ByteCount = 6337
ConsensusMessage ByteCount = 120786
LCMessage ByteCount = 54
TOMMessage ByteCount = 24222376
--- Measurements after 50000 ops (1000 samples) ---
Throughput = 4854.369 operations/sec (Maximum observed: 4878.049 ops/sec)
Total latency = 8465526.552707 (+/- 0) us 
Consensus latency = 3514.513273 (+/- 176) us 
Pre-consensus latency = 0.0 (+/- 0) us 
Pos-consensus latency = 8462782.277376 (+/- 0) us 
Propose latency = 1338.288535 (+/- 187) us 
Write latency = 504.04259 (+/- 280) us 
Accept latency = 1672.182148 (+/- 131) us 
Batch average size = NaN (+/- 0) requests
StandardSMMessage ByteCount = 6337
ConsensusMessage ByteCount = 120786
LCMessage ByteCount = 54
TOMMessage ByteCount = 25591693
--- Measurements after 51000 ops (1000 samples) ---
Throughput = 4504.5044 operations/sec (Maximum observed: 4878.049 ops/sec)
Total latency = 8649384.142244 (+/- 0) us 
Consensus latency = 3562.940747 (+/- 233) us 
Pre-consensus latency = 0.0 (+/- 0) us 
Pos-consensus latency = 8646504.358695 (+/- 0) us 
Propose latency = 1282.740692 (+/- 327) us 
Write latency = 745.384877 (+/- 342) us 
Accept latency = 1534.815178 (+/- 190) us 
Batch average size = NaN (+/- 0) requests
StandardSMMessage ByteCount = 6337
ConsensusMessage ByteCount = 120786
LCMessage ByteCount = 54
TOMMessage ByteCount = 26837306
--- Measurements after 52000 ops (1000 samples) ---
Throughput = 4854.369 operations/sec (Maximum observed: 4878.049 ops/sec)
Total latency = 8829659.642054 (+/- 0) us 
Consensus latency = 5927.638132 (+/- 2854) us 
Pre-consensus latency = 0.0 (+/- 0) us 
Pos-consensus latency = 8824791.054058 (+/- 0) us 
Propose latency = 2893.198807 (+/- 3160) us 
Write latency = 1018.2089159999999 (+/- 781) us 
Accept latency = 2016.230409 (+/- 574) us 
Batch average size = NaN (+/- 0) requests
StandardSMMessage ByteCount = 6337
ConsensusMessage ByteCount = 120786
LCMessage ByteCount = 54
TOMMessage ByteCount = 28041638
--- Measurements after 53000 ops (1000 samples) ---
Throughput = 4484.305 operations/sec (Maximum observed: 4878.049 ops/sec)
Total latency = 9011849.686547 (+/- 0) us 
Consensus latency = 10604.863085 (+/- 307) us 
Pre-consensus latency = 0.0 (+/- 0) us 
Pos-consensus latency = 9003081.137092 (+/- 0) us 
Propose latency = 8622.550605 (+/- 405) us 
Write latency = 199.860125 (+/- 14) us 
Accept latency = 1782.452355 (+/- 111) us 
Batch average size = NaN (+/- 0) requests
StandardSMMessage ByteCount = 6337
ConsensusMessage ByteCount = 120786
LCMessage ByteCount = 54
TOMMessage ByteCount = 29148731
--- Measurements after 54000 ops (1000 samples) ---
Throughput = 4854.369 operations/sec (Maximum observed: 4878.049 ops/sec)
Total latency = 9201762.654591 (+/- 0) us 
Consensus latency = 5828.269008 (+/- 2124) us 
Pre-consensus latency = 0.0 (+/- 0) us 
Pos-consensus latency = 9196938.735631 (+/- 0) us 
Propose latency = 3955.116144 (+/- 2081) us 
Write latency = 198.63683799999998 (+/- 16) us 
Accept latency = 1674.516026 (+/- 118) us 
Batch average size = NaN (+/- 0) requests
StandardSMMessage ByteCount = 6337
ConsensusMessage ByteCount = 120786
LCMessage ByteCount = 54
TOMMessage ByteCount = 30214527
--- Measurements after 55000 ops (1000 samples) ---
Throughput = 4405.286 operations/sec (Maximum observed: 4878.049 ops/sec)
Total latency = 9401606.111018999 (+/- 0) us 
Consensus latency = 3797.536015 (+/- 709) us 
Pre-consensus latency = 0.0 (+/- 0) us 
Pos-consensus latency = 9398564.385104999 (+/- 0) us 
Propose latency = 1863.1891620000001 (+/- 709) us 
Write latency = 191.801534 (+/- 15) us 
Accept latency = 1742.5453189999998 (+/- 29) us 
Batch average size = NaN (+/- 0) requests
StandardSMMessage ByteCount = 6337
ConsensusMessage ByteCount = 120786
LCMessage ByteCount = 54
TOMMessage ByteCount = 31178998
--- Measurements after 56000 ops (1000 samples) ---
Throughput = 4273.5044 operations/sec (Maximum observed: 4878.049 ops/sec)
Total latency = 9589821.872438 (+/- 0) us 
Consensus latency = 3557.983964 (+/- 283) us 
Pre-consensus latency = 0.0 (+/- 0) us 
Pos-consensus latency = 9586852.385429 (+/- 0) us 
Propose latency = 1132.287122 (+/- 187) us 
Write latency = 777.468315 (+/- 349) us 
Accept latency = 1648.228527 (+/- 85) us 
Batch average size = NaN (+/- 0) requests
StandardSMMessage ByteCount = 6337
ConsensusMessage ByteCount = 120786
LCMessage ByteCount = 54
TOMMessage ByteCount = 32551981
--- Measurements after 57000 ops (1000 samples) ---
Throughput = 3802.2812 operations/sec (Maximum observed: 4878.049 ops/sec)
Total latency = 9814574.766414 (+/- 0) us 
Consensus latency = 3717.463713 (+/- 190) us 
Pre-consensus latency = 0.0 (+/- 0) us 
Pos-consensus latency = 9811475.268352 (+/- 0) us 
Propose latency = 1407.3031210000001 (+/- 467) us 
Write latency = 578.5101480000001 (+/- 270) us 
Accept latency = 1731.6504439999999 (+/- 148) us 
Batch average size = NaN (+/- 0) requests
StandardSMMessage ByteCount = 6337
ConsensusMessage ByteCount = 120786
LCMessage ByteCount = 54
TOMMessage ByteCount = 34899300
--- Measurements after 58000 ops (1000 samples) ---
Throughput = 3584.2295 operations/sec (Maximum observed: 4878.049 ops/sec)
Total latency = 1.0052450867129998E7 (+/- 0) us 
Consensus latency = 4096.029434 (+/- 400) us 
Pre-consensus latency = 0.0 (+/- 0) us 
Pos-consensus latency = 1.004904627808E7 (+/- 0) us 
Propose latency = 1223.0978870000001 (+/- 214) us 
Write latency = 1151.546112 (+/- 319) us 
Accept latency = 1721.3854350000001 (+/- 311) us 
Batch average size = NaN (+/- 0) requests
StandardSMMessage ByteCount = 6337
ConsensusMessage ByteCount = 120786
LCMessage ByteCount = 54
TOMMessage ByteCount = 37147250
--- Measurements after 59000 ops (1000 samples) ---
Throughput = 3105.59 operations/sec (Maximum observed: 4878.049 ops/sec)
Total latency = 1.0340135155735001E7 (+/- 0) us 
Consensus latency = 3721.470671 (+/- 417) us 
Pre-consensus latency = 0.0 (+/- 0) us 
Pos-consensus latency = 1.0337064875055E7 (+/- 0) us 
Propose latency = 1190.18785 (+/- 170) us 
Write latency = 730.33563 (+/- 331) us 
Accept latency = 1800.9471910000002 (+/- 311) us 
Batch average size = NaN (+/- 0) requests
StandardSMMessage ByteCount = 6337
ConsensusMessage ByteCount = 120786
LCMessage ByteCount = 54
TOMMessage ByteCount = 39515605
--- Measurements after 60000 ops (1000 samples) ---
Throughput = 3144.654 operations/sec (Maximum observed: 4878.049 ops/sec)
Total latency = 1.0631747324334E7 (+/- 0) us 
Consensus latency = 4104.320954 (+/- 1604) us 
Pre-consensus latency = 0.0 (+/- 0) us 
Pos-consensus latency = 1.062826203798E7 (+/- 0) us 
Propose latency = 1192.982667 (+/- 209) us 
Write latency = 1245.013465 (+/- 1513) us 
Accept latency = 1666.324822 (+/- 111) us 
Batch average size = NaN (+/- 0) requests
StandardSMMessage ByteCount = 6337
ConsensusMessage ByteCount = 120786
LCMessage ByteCount = 54
TOMMessage ByteCount = 41568932
--- Measurements after 61000 ops (1000 samples) ---
Throughput = 3215.434 operations/sec (Maximum observed: 4878.049 ops/sec)
Total latency = 1.0907718115269E7 (+/- 0) us 
Consensus latency = 10008.873752 (+/- 458) us 
Pre-consensus latency = 0.0 (+/- 0) us 
Pos-consensus latency = 1.0899088351957E7 (+/- 0) us 
Propose latency = 5136.88224 (+/- 2251) us 
Write latency = 3242.644256 (+/- 1924) us 
Accept latency = 1629.347256 (+/- 75) us 
Batch average size = NaN (+/- 0) requests
StandardSMMessage ByteCount = 6337
ConsensusMessage ByteCount = 120786
LCMessage ByteCount = 54
TOMMessage ByteCount = 43346401
--- Measurements after 62000 ops (1000 samples) ---
Throughput = 3048.7805 operations/sec (Maximum observed: 4878.049 ops/sec)
Total latency = 1.1198507899639E7 (+/- 0) us 
Consensus latency = 9143.321499 (+/- 1370) us 
Pre-consensus latency = 0.0 (+/- 0) us 
Pos-consensus latency = 1.1190700830774E7 (+/- 0) us 
Propose latency = 7214.868314 (+/- 1380) us 
Write latency = 189.428476 (+/- 13) us 
Accept latency = 1739.024709 (+/- 14) us 
Batch average size = NaN (+/- 0) requests
StandardSMMessage ByteCount = 6337
ConsensusMessage ByteCount = 120786
LCMessage ByteCount = 54
TOMMessage ByteCount = 45060403
--- Measurements after 63000 ops (1000 samples) ---
Throughput = 3546.0994 operations/sec (Maximum observed: 4878.049 ops/sec)
Total latency = 1.1485631680516E7 (+/- 0) us 
Consensus latency = 5392.752433000001 (+/- 925) us 
Pre-consensus latency = 0.0 (+/- 0) us 
Pos-consensus latency = 1.1481188148595E7 (+/- 0) us 
Propose latency = 3492.795581 (+/- 890) us 
Write latency = 204.492037 (+/- 16) us 
Accept latency = 1695.464815 (+/- 50) us 
Batch average size = NaN (+/- 0) requests
StandardSMMessage ByteCount = 6337
ConsensusMessage ByteCount = 120786
LCMessage ByteCount = 54
TOMMessage ByteCount = 46489942
--- Measurements after 64000 ops (1000 samples) ---
Throughput = 3236.2458 operations/sec (Maximum observed: 4878.049 ops/sec)
Total latency = 1.1751441107383E7 (+/- 0) us 
Consensus latency = 3710.7529139999997 (+/- 401) us 
Pre-consensus latency = 0.0 (+/- 0) us 
Pos-consensus latency = 1.1748412164831E7 (+/- 0) us 
Propose latency = 1387.812114 (+/- 417) us 
Write latency = 623.561288 (+/- 411) us 
Accept latency = 1699.3795120000002 (+/- 161) us 
Batch average size = NaN (+/- 0) requests
StandardSMMessage ByteCount = 6337
ConsensusMessage ByteCount = 120786
LCMessage ByteCount = 54
TOMMessage ByteCount = 47805843
--- Measurements after 65000 ops (1000 samples) ---
Throughput = 3802.2812 operations/sec (Maximum observed: 4878.049 ops/sec)
Total latency = 1.2012613927586E7 (+/- 0) us 
Consensus latency = 3796.557202 (+/- 243) us 
Pre-consensus latency = 0.0 (+/- 0) us 
Pos-consensus latency = 1.2009528211577998E7 (+/- 0) us 
Propose latency = 1271.7894 (+/- 204) us 
Write latency = 807.457127 (+/- 317) us 
Accept latency = 1717.310675 (+/- 133) us 
Batch average size = NaN (+/- 0) requests
StandardSMMessage ByteCount = 6337
ConsensusMessage ByteCount = 120786
LCMessage ByteCount = 54
TOMMessage ByteCount = 47959312
--- Measurements after 66000 ops (1000 samples) ---
Throughput = 4149.3774 operations/sec (Maximum observed: 4878.049 ops/sec)
Total latency = 1.2237775559452E7 (+/- 0) us 
Consensus latency = 3655.495416 (+/- 188) us 
Pre-consensus latency = 0.0 (+/- 0) us 
Pos-consensus latency = 1.2234809024224E7 (+/- 0) us 
Propose latency = 1496.4380689999998 (+/- 425) us 
Write latency = 495.149418 (+/- 294) us 
Accept latency = 1663.907929 (+/- 206) us 
Batch average size = NaN (+/- 0) requests
StandardSMMessage ByteCount = 6337
ConsensusMessage ByteCount = 120786
LCMessage ByteCount = 54
TOMMessage ByteCount = 47969892
--- Measurements after 67000 ops (1000 samples) ---
Throughput = 4291.8457 operations/sec (Maximum observed: 4878.049 ops/sec)
Total latency = 1.24457550584E7 (+/- 0) us 
Consensus latency = 4033.1500189999997 (+/- 441) us 
Pre-consensus latency = 0.0 (+/- 0) us 
Pos-consensus latency = 1.2442434733561002E7 (+/- 0) us 
Propose latency = 1663.373243 (+/- 527) us 
Write latency = 763.136718 (+/- 430) us 
Accept latency = 1606.640058 (+/- 111) us 
Batch average size = NaN (+/- 0) requests
StandardSMMessage ByteCount = 6337
ConsensusMessage ByteCount = 120786
LCMessage ByteCount = 54
TOMMessage ByteCount = 47973071
--- Measurements after 68000 ops (1000 samples) ---
Throughput = 3584.2295 operations/sec (Maximum observed: 4878.049 ops/sec)
Total latency = 1.2659397670024E7 (+/- 0) us 
Consensus latency = 4055.953875 (+/- 470) us 
Pre-consensus latency = 0.0 (+/- 0) us 
Pos-consensus latency = 1.2656092374964E7 (+/- 0) us 
Propose latency = 1386.3293629999998 (+/- 366) us 
Write latency = 928.605186 (+/- 437) us 
Accept latency = 1741.0193259999999 (+/- 210) us 
Batch average size = NaN (+/- 0) requests
StandardSMMessage ByteCount = 6337
ConsensusMessage ByteCount = 120786
LCMessage ByteCount = 54
TOMMessage ByteCount = 47981537
--- Measurements after 69000 ops (1000 samples) ---
Throughput = 3278.6885 operations/sec (Maximum observed: 4878.049 ops/sec)
Total latency = 1.2934212755966E7 (+/- 0) us 
Consensus latency = 6022.162992 (+/- 3214) us 
Pre-consensus latency = 0.0 (+/- 0) us 
Pos-consensus latency = 1.2929037897645E7 (+/- 0) us 
Propose latency = 2887.6251549999997 (+/- 3233) us 
Write latency = 1422.65619 (+/- 1746) us 
Accept latency = 1711.8816470000002 (+/- 158) us 
Batch average size = NaN (+/- 0) requests
StandardSMMessage ByteCount = 6337
ConsensusMessage ByteCount = 120786
LCMessage ByteCount = 54
TOMMessage ByteCount = 47987883
--- Measurements after 70000 ops (1000 samples) ---
Throughput = 4524.8867 operations/sec (Maximum observed: 4878.049 ops/sec)
Total latency = 1.3158698674482001E7 (+/- 0) us 
Consensus latency = 9572.935519999999 (+/- 1328) us 
Pre-consensus latency = 0.0 (+/- 0) us 
Pos-consensus latency = 1.3150819908728E7 (+/- 0) us 
Propose latency = 7251.537536000001 (+/- 1616) us 
Write latency = 463.704284 (+/- 156) us 
Accept latency = 1857.6937 (+/- 153) us 
Batch average size = NaN (+/- 0) requests
StandardSMMessage ByteCount = 6337
ConsensusMessage ByteCount = 120786
LCMessage ByteCount = 54
TOMMessage ByteCount = 47990003
--- Measurements after 71000 ops (1000 samples) ---
Throughput = 4739.3364 operations/sec (Maximum observed: 4878.049 ops/sec)
Total latency = 1.3352053495105E7 (+/- 0) us 
Consensus latency = 6405.695312 (+/- 937) us 
Pre-consensus latency = 0.0 (+/- 0) us 
Pos-consensus latency = 1.3347074203821E7 (+/- 0) us 
Propose latency = 4189.12412 (+/- 797) us 
Write latency = 479.64130800000004 (+/- 125) us 
Accept latency = 1736.9298840000001 (+/- 26) us 
Batch average size = NaN (+/- 0) requests
StandardSMMessage ByteCount = 6337
ConsensusMessage ByteCount = 120786
LCMessage ByteCount = 54
TOMMessage ByteCount = 47990003
--- Measurements after 72000 ops (1000 samples) ---
Throughput = 4716.981 operations/sec (Maximum observed: 4878.049 ops/sec)
Total latency = 1.3541712464844E7 (+/- 0) us 
Consensus latency = 3605.981103 (+/- 214) us 
Pre-consensus latency = 0.0 (+/- 0) us 
Pos-consensus latency = 1.3538820917234E7 (+/- 0) us 
Propose latency = 1468.008852 (+/- 312) us 
Write latency = 510.046197 (+/- 251) us 
Accept latency = 1627.926054 (+/- 193) us 
Batch average size = NaN (+/- 0) requests
StandardSMMessage ByteCount = 6337
ConsensusMessage ByteCount = 120786
LCMessage ByteCount = 54
TOMMessage ByteCount = 47991063
--- Measurements after 73000 ops (1000 samples) ---
Throughput = 4807.6924 operations/sec (Maximum observed: 4878.049 ops/sec)
Total latency = 1.3724815640875E7 (+/- 0) us 
Consensus latency = 3227.255182 (+/- 113) us 
Pre-consensus latency = 0.0 (+/- 0) us 
Pos-consensus latency = 1.3722183948808001E7 (+/- 0) us 
Propose latency = 1068.27719 (+/- 129) us 
Write latency = 540.1189449999999 (+/- 209) us 
Accept latency = 1618.859047 (+/- 155) us 
Batch average size = NaN (+/- 0) requests
StandardSMMessage ByteCount = 6337
ConsensusMessage ByteCount = 120786
LCMessage ByteCount = 54
TOMMessage ByteCount = 47993176
--- Measurements after 74000 ops (1000 samples) ---
Throughput = 6578.9473 operations/sec (Maximum observed: 6578.9473 ops/sec)
Total latency = 1.3877137917903999E7 (+/- 0) us 
Consensus latency = 3542.0975040000003 (+/- 193) us 
Pre-consensus latency = 0.0 (+/- 0) us 
Pos-consensus latency = 1.3874194045468E7 (+/- 0) us 
Propose latency = 1176.692595 (+/- 367) us 
Write latency = 804.7276850000001 (+/- 368) us 
Accept latency = 1560.677224 (+/- 239) us 
Batch average size = NaN (+/- 0) requests
StandardSMMessage ByteCount = 6337
ConsensusMessage ByteCount = 120786
LCMessage ByteCount = 54
TOMMessage ByteCount = 47997402
--- Measurements after 75000 ops (1000 samples) ---
Throughput = 6622.5166 operations/sec (Maximum observed: 6622.5166 ops/sec)
Total latency = 1.4001386604896E7 (+/- 0) us 
Consensus latency = 3489.0196039999996 (+/- 111) us 
Pre-consensus latency = 0.0 (+/- 0) us 
Pos-consensus latency = 1.3998524764138E7 (+/- 0) us 
Propose latency = 1364.313211 (+/- 187) us 
Write latency = 355.427254 (+/- 207) us 
Accept latency = 1769.279139 (+/- 74) us 
Batch average size = NaN (+/- 0) requests
StandardSMMessage ByteCount = 6337
ConsensusMessage ByteCount = 120786
LCMessage ByteCount = 54
TOMMessage ByteCount = 48000571
--- Measurements after 76000 ops (1000 samples) ---
Throughput = 6622.5166 operations/sec (Maximum observed: 6622.5166 ops/sec)
Total latency = 1.4125482530929001E7 (+/- 0) us 
Consensus latency = 3501.419946 (+/- 85) us 
Pre-consensus latency = 0.0 (+/- 0) us 
Pos-consensus latency = 1.4122554350382E7 (+/- 0) us 
Propose latency = 1168.564237 (+/- 212) us 
Write latency = 373.216835 (+/- 306) us 
Accept latency = 1959.638874 (+/- 202) us 
Batch average size = NaN (+/- 0) requests
StandardSMMessage ByteCount = 6337
ConsensusMessage ByteCount = 120786
LCMessage ByteCount = 54
TOMMessage ByteCount = 48164470
--- Measurements after 77000 ops (1000 samples) ---
Throughput = 6622.5166 operations/sec (Maximum observed: 6622.5166 ops/sec)
Total latency = 1.4247499428216E7 (+/- 0) us 
Consensus latency = 9003.120847999999 (+/- 4612) us 
Pre-consensus latency = 0.0 (+/- 0) us 
Pos-consensus latency = 1.4239280895177E7 (+/- 0) us 
Propose latency = 1889.141446 (+/- 915) us 
Write latency = 4031.804679 (+/- 4004) us 
Accept latency = 3082.174723 (+/- 2334) us 
Batch average size = NaN (+/- 0) requests
StandardSMMessage ByteCount = 6337
ConsensusMessage ByteCount = 120786
LCMessage ByteCount = 54
TOMMessage ByteCount = 48460512
--- Measurements after 78000 ops (1000 samples) ---
Throughput = 6060.606 operations/sec (Maximum observed: 6622.5166 ops/sec)
Total latency = 1.4365912733208999E7 (+/- 0) us 
Consensus latency = 13197.06081 (+/- 1315) us 
Pre-consensus latency = 0.0 (+/- 0) us 
Pos-consensus latency = 1.435407353639E7 (+/- 0) us 
Propose latency = 10730.472196 (+/- 2220) us 
Write latency = 709.964001 (+/- 2113) us 
Accept latency = 1756.624613 (+/- 90) us 
Batch average size = NaN (+/- 0) requests
StandardSMMessage ByteCount = 6337
ConsensusMessage ByteCount = 120786
LCMessage ByteCount = 54
TOMMessage ByteCount = 48734374
--- Measurements after 79000 ops (1000 samples) ---
Throughput = 6666.6665 operations/sec (Maximum observed: 6666.6665 ops/sec)
Total latency = 1.4500936573510999E7 (+/- 0) us 
Consensus latency = 4570.3852640000005 (+/- 2799) us 
Pre-consensus latency = 0.0 (+/- 0) us 
Pos-consensus latency = 1.4497338858735E7 (+/- 0) us 
Propose latency = 2716.681132 (+/- 2809) us 
Write latency = 214.030651 (+/- 42) us 
Accept latency = 1639.6734809999998 (+/- 27) us 
Batch average size = NaN (+/- 0) requests
StandardSMMessage ByteCount = 6337
ConsensusMessage ByteCount = 120786
LCMessage ByteCount = 54
TOMMessage ByteCount = 49025108
--- Measurements after 80000 ops (1000 samples) ---
Throughput = 6622.5166 operations/sec (Maximum observed: 6666.6665 ops/sec)
Total latency = 1.4632215862591E7 (+/- 0) us 
Consensus latency = 3529.2514619999997 (+/- 234) us 
Pre-consensus latency = 0.0 (+/- 0) us 
Pos-consensus latency = 1.4629217007032E7 (+/- 0) us 
Propose latency = 1244.8201640000002 (+/- 378) us 
Write latency = 600.981116 (+/- 529) us 
Accept latency = 1683.450182 (+/- 89) us 
Batch average size = NaN (+/- 0) requests
StandardSMMessage ByteCount = 6337
ConsensusMessage ByteCount = 120786
LCMessage ByteCount = 54
TOMMessage ByteCount = 49384574
--- Measurements after 81000 ops (1000 samples) ---
Throughput = 6622.5166 operations/sec (Maximum observed: 6666.6665 ops/sec)
Total latency = 1.475521418974E7 (+/- 0) us 
Consensus latency = 3128.461738 (+/- 150) us 
Pre-consensus latency = 0.0 (+/- 0) us 
Pos-consensus latency = 1.4752676100138001E7 (+/- 0) us 
Propose latency = 1103.957247 (+/- 221) us 
Write latency = 427.07031900000004 (+/- 218) us 
Accept latency = 1597.434172 (+/- 98) us 
Batch average size = NaN (+/- 0) requests
StandardSMMessage ByteCount = 6337
ConsensusMessage ByteCount = 120786
LCMessage ByteCount = 54
TOMMessage ByteCount = 49698564
--- Measurements after 82000 ops (1000 samples) ---
Throughput = 6578.9473 operations/sec (Maximum observed: 6666.6665 ops/sec)
Total latency = 1.4878108126534E7 (+/- 0) us 
Consensus latency = 3333.999006 (+/- 266) us 
Pre-consensus latency = 0.0 (+/- 0) us 
Pos-consensus latency = 1.4875387102225E7 (+/- 0) us 
Propose latency = 1307.220537 (+/- 160) us 
Write latency = 313.94622999999996 (+/- 162) us 
Accept latency = 1712.832239 (+/- 198) us 
Batch average size = NaN (+/- 0) requests
StandardSMMessage ByteCount = 6337
ConsensusMessage ByteCount = 120786
LCMessage ByteCount = 54
TOMMessage ByteCount = 50060143
--- Measurements after 83000 ops (1000 samples) ---
Throughput = 6024.096 operations/sec (Maximum observed: 6666.6665 ops/sec)
Total latency = 1.500851559282E7 (+/- 0) us 
Consensus latency = 3339.2045129999997 (+/- 243) us 
Pre-consensus latency = 0.0 (+/- 0) us 
Pos-consensus latency = 1.5005710282311E7 (+/- 0) us 
Propose latency = 981.905037 (+/- 125) us 
Write latency = 744.4446770000001 (+/- 193) us 
Accept latency = 1612.8547990000002 (+/- 225) us 
Batch average size = NaN (+/- 0) requests
StandardSMMessage ByteCount = 6337
ConsensusMessage ByteCount = 120786
LCMessage ByteCount = 54
TOMMessage ByteCount = 50437636
--- Measurements after 84000 ops (1000 samples) ---
Throughput = 6578.9473 operations/sec (Maximum observed: 6666.6665 ops/sec)
Total latency = 1.5140081395442E7 (+/- 0) us 
Consensus latency = 3778.999764 (+/- 454) us 
Pre-consensus latency = 0.0 (+/- 0) us 
Pos-consensus latency = 1.5136865567312E7 (+/- 0) us 
Propose latency = 1418.167629 (+/- 443) us 
Write latency = 662.473333 (+/- 461) us 
Accept latency = 1698.358802 (+/- 181) us 
Batch average size = NaN (+/- 0) requests
StandardSMMessage ByteCount = 6337
ConsensusMessage ByteCount = 120786
LCMessage ByteCount = 54
TOMMessage ByteCount = 50783360
--- Measurements after 85000 ops (1000 samples) ---
Throughput = 6578.9473 operations/sec (Maximum observed: 6666.6665 ops/sec)
Total latency = 1.5264886945334999E7 (+/- 0) us 
Consensus latency = 3571.764 (+/- 197) us 
Pre-consensus latency = 0.0 (+/- 0) us 
Pos-consensus latency = 1.5261833238242E7 (+/- 0) us 
Propose latency = 1039.913871 (+/- 147) us 
Write latency = 786.575607 (+/- 233) us 
Accept latency = 1745.2745220000002 (+/- 144) us 
Batch average size = NaN (+/- 0) requests
StandardSMMessage ByteCount = 6337
ConsensusMessage ByteCount = 120786
LCMessage ByteCount = 54
TOMMessage ByteCount = 51100566
--- Measurements after 86000 ops (1000 samples) ---
Throughput = 6622.5166 operations/sec (Maximum observed: 6666.6665 ops/sec)
Total latency = 1.5368720298719998E7 (+/- 0) us 
Consensus latency = 14418.58206 (+/- 5077) us 
Pre-consensus latency = 0.0 (+/- 0) us 
Pos-consensus latency = 1.5357911891281E7 (+/- 0) us 
Propose latency = 8936.935857999999 (+/- 5451) us 
Write latency = 2777.520831 (+/- 5485) us 
Accept latency = 2704.1253709999996 (+/- 962) us 
Batch average size = NaN (+/- 0) requests
StandardSMMessage ByteCount = 6337
ConsensusMessage ByteCount = 120786
LCMessage ByteCount = 54
TOMMessage ByteCount = 51363839
--- Measurements after 87000 ops (1000 samples) ---
Throughput = 6622.5166 operations/sec (Maximum observed: 6666.6665 ops/sec)
Total latency = 1.5486860638866E7 (+/- 0) us 
Consensus latency = 16663.00388 (+/- 504) us 
Pre-consensus latency = 0.0 (+/- 0) us 
Pos-consensus latency = 1.5477925651525998E7 (+/- 0) us 
Propose latency = 14058.85546 (+/- 539) us 
Write latency = 212.78594 (+/- 65) us 
Accept latency = 2391.36248 (+/- 29) us 
Batch average size = NaN (+/- 0) requests
StandardSMMessage ByteCount = 6337
ConsensusMessage ByteCount = 120786
LCMessage ByteCount = 54
TOMMessage ByteCount = 51641940
--- Measurements after 88000 ops (1000 samples) ---
Throughput = 5988.024 operations/sec (Maximum observed: 6666.6665 ops/sec)
Total latency = 1.5621103118145E7 (+/- 0) us 
Consensus latency = 15298.603932 (+/- 468) us 
Pre-consensus latency = 0.0 (+/- 0) us 
Pos-consensus latency = 1.5612615334305E7 (+/- 0) us 
Propose latency = 12654.314196000001 (+/- 409) us 
Write latency = 307.40036 (+/- 73) us 
Accept latency = 2336.889376 (+/- 14) us 
Batch average size = NaN (+/- 0) requests
StandardSMMessage ByteCount = 6337
ConsensusMessage ByteCount = 120786
LCMessage ByteCount = 54
TOMMessage ByteCount = 51926404
--- Measurements after 89000 ops (1000 samples) ---
Throughput = 6666.6665 operations/sec (Maximum observed: 6666.6665 ops/sec)
Total latency = 1.5759029071504999E7 (+/- 0) us 
Consensus latency = 13477.499977 (+/- 1057) us 
Pre-consensus latency = 0.0 (+/- 0) us 
Pos-consensus latency = 1.5750984929164E7 (+/- 0) us 
Propose latency = 11006.748459 (+/- 979) us 
Write latency = 194.602761 (+/- 6) us 
Accept latency = 2276.1487570000004 (+/- 84) us 
Batch average size = NaN (+/- 0) requests
StandardSMMessage ByteCount = 6337
ConsensusMessage ByteCount = 120786
LCMessage ByteCount = 54
TOMMessage ByteCount = 52163276
--- Measurements after 90000 ops (1000 samples) ---
Throughput = 6666.6665 operations/sec (Maximum observed: 6666.6665 ops/sec)
Total latency = 1.5884897931045E7 (+/- 0) us 
Consensus latency = 9960.55472 (+/- 1967) us 
Pre-consensus latency = 0.0 (+/- 0) us 
Pos-consensus latency = 1.5879164088573E7 (+/- 0) us 
Propose latency = 7418.711764000001 (+/- 2045) us 
Write latency = 190.646328 (+/- 11) us 
Accept latency = 2351.196628 (+/- 77) us 
Batch average size = NaN (+/- 0) requests
StandardSMMessage ByteCount = 6337
ConsensusMessage ByteCount = 120786
LCMessage ByteCount = 54
TOMMessage ByteCount = 52400145
--- Measurements after 91000 ops (1000 samples) ---
Throughput = 6666.6665 operations/sec (Maximum observed: 6666.6665 ops/sec)
Total latency = 1.6013450659070998E7 (+/- 0) us 
Consensus latency = 4333.502197 (+/- 1227) us 
Pre-consensus latency = 0.0 (+/- 0) us 
Pos-consensus latency = 1.6010414571597E7 (+/- 0) us 
Propose latency = 2309.520086 (+/- 1063) us 
Write latency = 177.018146 (+/- 20) us 
Accept latency = 1846.9639650000001 (+/- 210) us 
Batch average size = NaN (+/- 0) requests
StandardSMMessage ByteCount = 6337
ConsensusMessage ByteCount = 120786
LCMessage ByteCount = 54
TOMMessage ByteCount = 52636960
--- Measurements after 92000 ops (1000 samples) ---
Throughput = 6666.6665 operations/sec (Maximum observed: 6666.6665 ops/sec)
Total latency = 1.6137981391545E7 (+/- 0) us 
Consensus latency = 3361.713421 (+/- 263) us 
Pre-consensus latency = 0.0 (+/- 0) us 
Pos-consensus latency = 1.6135200967906E7 (+/- 0) us 
Propose latency = 1045.046032 (+/- 139) us 
Write latency = 773.479958 (+/- 241) us 
Accept latency = 1543.187431 (+/- 162) us 
Batch average size = NaN (+/- 0) requests
StandardSMMessage ByteCount = 6337
ConsensusMessage ByteCount = 120786
LCMessage ByteCount = 54
TOMMessage ByteCount = 52832578
--- Measurements after 93000 ops (1000 samples) ---
Throughput = 5917.1597 operations/sec (Maximum observed: 6666.6665 ops/sec)
Total latency = 1.6266791937457E7 (+/- 0) us 
Consensus latency = 3709.4362069999997 (+/- 847) us 
Pre-consensus latency = 0.0 (+/- 0) us 
Pos-consensus latency = 1.6263636426849E7 (+/- 0) us 
Propose latency = 1503.321191 (+/- 911) us 
Write latency = 488.896832 (+/- 286) us 
Accept latency = 1717.2181839999998 (+/- 170) us 
Batch average size = NaN (+/- 0) requests
StandardSMMessage ByteCount = 6337
ConsensusMessage ByteCount = 120786
LCMessage ByteCount = 54
TOMMessage ByteCount = 53067351
--- Measurements after 94000 ops (1000 samples) ---
Throughput = 6666.6665 operations/sec (Maximum observed: 6666.6665 ops/sec)
Total latency = 1.6401838247574E7 (+/- 0) us 
Consensus latency = 3305.1325920000004 (+/- 347) us 
Pre-consensus latency = 0.0 (+/- 0) us 
Pos-consensus latency = 1.639913680917E7 (+/- 0) us 
Propose latency = 988.579453 (+/- 72) us 
Write latency = 742.955461 (+/- 291) us 
Accept latency = 1573.597678 (+/- 234) us 
Batch average size = NaN (+/- 0) requests
StandardSMMessage ByteCount = 6337
ConsensusMessage ByteCount = 120786
LCMessage ByteCount = 54
TOMMessage ByteCount = 53281934
--- Measurements after 95000 ops (1000 samples) ---
Throughput = 6622.5166 operations/sec (Maximum observed: 6666.6665 ops/sec)
Total latency = 1.6524948388336001E7 (+/- 0) us 
Consensus latency = 3568.10102 (+/- 408) us 
Pre-consensus latency = 0.0 (+/- 0) us 
Pos-consensus latency = 1.6521954776875999E7 (+/- 0) us 
Propose latency = 1024.673632 (+/- 141) us 
Write latency = 771.7460500000001 (+/- 445) us 
Accept latency = 1771.681338 (+/- 150) us 
Batch average size = NaN (+/- 0) requests
StandardSMMessage ByteCount = 6337
ConsensusMessage ByteCount = 120786
LCMessage ByteCount = 54
TOMMessage ByteCount = 53511421
--- Measurements after 96000 ops (1000 samples) ---
Throughput = 6622.5166 operations/sec (Maximum observed: 6666.6665 ops/sec)
Total latency = 1.6646817959943E7 (+/- 0) us 
Consensus latency = 5275.23278 (+/- 2989) us 
Pre-consensus latency = 0.0 (+/- 0) us 
Pos-consensus latency = 1.664227749566E7 (+/- 0) us 
Propose latency = 1700.813954 (+/- 860) us 
Write latency = 634.347988 (+/- 285) us 
Accept latency = 2940.070838 (+/- 2907) us 
Batch average size = NaN (+/- 0) requests
StandardSMMessage ByteCount = 6337
ConsensusMessage ByteCount = 120786
LCMessage ByteCount = 54
TOMMessage ByteCount = 53722854
--- Measurements after 97000 ops (1000 samples) ---
Throughput = 6711.409 operations/sec (Maximum observed: 6711.409 ops/sec)
Total latency = 1.6768841063309E7 (+/- 0) us 
Consensus latency = 4086.220815 (+/- 670) us 
Pre-consensus latency = 0.0 (+/- 0) us 
Pos-consensus latency = 1.6765579430178E7 (+/- 0) us 
Propose latency = 1865.540478 (+/- 613) us 
Write latency = 689.688728 (+/- 337) us 
Accept latency = 1530.991609 (+/- 193) us 
Batch average size = NaN (+/- 0) requests
StandardSMMessage ByteCount = 6337
ConsensusMessage ByteCount = 120786
LCMessage ByteCount = 54
TOMMessage ByteCount = 53967097
--- Measurements after 98000 ops (1000 samples) ---
Throughput = 5952.381 operations/sec (Maximum observed: 6711.409 ops/sec)
Total latency = 1.6890128396746002E7 (+/- 0) us 
Consensus latency = 7358.781239 (+/- 1748) us 
Pre-consensus latency = 0.0 (+/- 0) us 
Pos-consensus latency = 1.6883794095797002E7 (+/- 0) us 
Propose latency = 4914.468803000001 (+/- 1268) us 
Write latency = 733.9254960000001 (+/- 658) us 
Accept latency = 1710.3869399999999 (+/- 36) us 
Batch average size = NaN (+/- 0) requests
StandardSMMessage ByteCount = 6337
ConsensusMessage ByteCount = 120786
LCMessage ByteCount = 54
TOMMessage ByteCount = 54172222
--- Measurements after 99000 ops (1000 samples) ---
Throughput = 6666.6665 operations/sec (Maximum observed: 6711.409 ops/sec)
Total latency = 1.7028427409508E7 (+/- 0) us 
Consensus latency = 5441.395181 (+/- 1455) us 
Pre-consensus latency = 0.0 (+/- 0) us 
Pos-consensus latency = 1.7024079839736E7 (+/- 0) us 
Propose latency = 2577.978557 (+/- 1294) us 
Write latency = 1187.778945 (+/- 383) us 
Accept latency = 1675.637679 (+/- 62) us 
Batch average size = NaN (+/- 0) requests
StandardSMMessage ByteCount = 6337
ConsensusMessage ByteCount = 120786
LCMessage ByteCount = 54
TOMMessage ByteCount = 54383707
--- Measurements after 100000 ops (1000 samples) ---
Throughput = 6756.757 operations/sec (Maximum observed: 6756.757 ops/sec)
Total latency = 1.7153855217696E7 (+/- 0) us 
Consensus latency = 3741.157093 (+/- 237) us 
Pre-consensus latency = 0.0 (+/- 0) us 
Pos-consensus latency = 1.7150752759659998E7 (+/- 0) us 
Propose latency = 1393.588055 (+/- 488) us 
Write latency = 602.187892 (+/- 321) us 
Accept latency = 1745.381146 (+/- 251) us 
Batch average size = NaN (+/- 0) requests
StandardSMMessage ByteCount = 6337
ConsensusMessage ByteCount = 120786
LCMessage ByteCount = 54
TOMMessage ByteCount = 54569805
--- Measurements after 101000 ops (1000 samples) ---
Throughput = 6896.552 operations/sec (Maximum observed: 6896.552 ops/sec)
Total latency = 1.7272232691281E7 (+/- 0) us 
Consensus latency = 3884.758809 (+/- 494) us 
Pre-consensus latency = 0.0 (+/- 0) us 
Pos-consensus latency = 1.726897346345E7 (+/- 0) us 
Propose latency = 1170.1584240000002 (+/- 306) us 
Write latency = 743.850077 (+/- 308) us 
Accept latency = 1970.750308 (+/- 578) us 
Batch average size = NaN (+/- 0) requests
StandardSMMessage ByteCount = 6337
ConsensusMessage ByteCount = 120786
LCMessage ByteCount = 54
TOMMessage ByteCount = 54744249
--- Measurements after 102000 ops (1000 samples) ---
Throughput = 6711.409 operations/sec (Maximum observed: 6896.552 ops/sec)
Total latency = 1.7391297081124E7 (+/- 0) us 
Consensus latency = 3552.1608530000003 (+/- 482) us 
Pre-consensus latency = 0.0 (+/- 0) us 
Pos-consensus latency = 1.7388353828658E7 (+/- 0) us 
Propose latency = 1217.810797 (+/- 327) us 
Write latency = 666.8302319999999 (+/- 245) us 
Accept latency = 1667.519824 (+/- 439) us 
Batch average size = NaN (+/- 0) requests
StandardSMMessage ByteCount = 6337
ConsensusMessage ByteCount = 120786
LCMessage ByteCount = 54
TOMMessage ByteCount = 54949369
--- Measurements after 103000 ops (1000 samples) ---
Throughput = 5714.2856 operations/sec (Maximum observed: 6896.552 ops/sec)
Total latency = 1.7517879543104E7 (+/- 0) us 
Consensus latency = 3050.359313 (+/- 303) us 
Pre-consensus latency = 0.0 (+/- 0) us 
Pos-consensus latency = 1.7515411226111E7 (+/- 0) us 
Propose latency = 915.1464139999999 (+/- 152) us 
Write latency = 643.026787 (+/- 180) us 
Accept latency = 1492.1861119999999 (+/- 265) us 
Batch average size = NaN (+/- 0) requests
StandardSMMessage ByteCount = 6337
ConsensusMessage ByteCount = 120786
LCMessage ByteCount = 54
TOMMessage ByteCount = 55181964
--- Measurements after 104000 ops (1000 samples) ---
Throughput = 6711.409 operations/sec (Maximum observed: 6896.552 ops/sec)
Total latency = 1.7659933058224E7 (+/- 0) us 
Consensus latency = 3375.889871 (+/- 207) us 
Pre-consensus latency = 0.0 (+/- 0) us 
Pos-consensus latency = 1.76571808748E7 (+/- 0) us 
Propose latency = 982.102657 (+/- 70) us 
Write latency = 838.07696 (+/- 277) us 
Accept latency = 1555.7102539999998 (+/- 159) us 
Batch average size = NaN (+/- 0) requests
StandardSMMessage ByteCount = 6337
ConsensusMessage ByteCount = 120786
LCMessage ByteCount = 54
TOMMessage ByteCount = 55365959
--- Measurements after 105000 ops (1000 samples) ---
Throughput = 6711.409 operations/sec (Maximum observed: 6896.552 ops/sec)
Total latency = 1.7780768256866E7 (+/- 0) us 
Consensus latency = 3305.416496 (+/- 153) us 
Pre-consensus latency = 0.0 (+/- 0) us 
Pos-consensus latency = 1.7778044091556E7 (+/- 0) us 
Propose latency = 999.311547 (+/- 75) us 
Write latency = 678.740276 (+/- 153) us 
Accept latency = 1627.364673 (+/- 231) us 
Batch average size = NaN (+/- 0) requests
StandardSMMessage ByteCount = 6337
ConsensusMessage ByteCount = 120786
LCMessage ByteCount = 54
TOMMessage ByteCount = 55547867
--- Measurements after 106000 ops (1000 samples) ---
Throughput = 6711.409 operations/sec (Maximum observed: 6896.552 ops/sec)
Total latency = 1.7899429453916002E7 (+/- 0) us 
Consensus latency = 8247.629928 (+/- 3448) us 
Pre-consensus latency = 0.0 (+/- 0) us 
Pos-consensus latency = 1.7892086686504003E7 (+/- 0) us 
Propose latency = 2104.749646 (+/- 1166) us 
Write latency = 4492.794392 (+/- 2672) us 
Accept latency = 1650.0858899999998 (+/- 76) us 
Batch average size = NaN (+/- 0) requests
StandardSMMessage ByteCount = 6337
ConsensusMessage ByteCount = 120786
LCMessage ByteCount = 54
TOMMessage ByteCount = 55872462
--- Measurements after 107000 ops (1000 samples) ---
Throughput = 6711.409 operations/sec (Maximum observed: 6896.552 ops/sec)
Total latency = 1.8019154811088E7 (+/- 0) us 
Consensus latency = 5777.279355000001 (+/- 1876) us 
Pre-consensus latency = 0.0 (+/- 0) us 
Pos-consensus latency = 1.8014331522847E7 (+/- 0) us 
Propose latency = 3902.373756 (+/- 1906) us 
Write latency = 162.307274 (+/- 58) us 
Accept latency = 1712.598325 (+/- 137) us 
Batch average size = NaN (+/- 0) requests
StandardSMMessage ByteCount = 6337
ConsensusMessage ByteCount = 120786
LCMessage ByteCount = 54
TOMMessage ByteCount = 56310231
--- Measurements after 108000 ops (1000 samples) ---
Throughput = 6097.561 operations/sec (Maximum observed: 6896.552 ops/sec)
Total latency = 1.8134673296148997E7 (+/- 0) us 
Consensus latency = 6464.053441 (+/- 2734) us 
Pre-consensus latency = 0.0 (+/- 0) us 
Pos-consensus latency = 1.8129003628071E7 (+/- 0) us 
Propose latency = 4416.326871 (+/- 2984) us 
Write latency = 427.842924 (+/- 356) us 
Accept latency = 1619.883646 (+/- 184) us 
Batch average size = NaN (+/- 0) requests
StandardSMMessage ByteCount = 6337
ConsensusMessage ByteCount = 120786
LCMessage ByteCount = 54
TOMMessage ByteCount = 56789243
--- Measurements after 109000 ops (1000 samples) ---
Throughput = 6711.409 operations/sec (Maximum observed: 6896.552 ops/sec)
Total latency = 1.8272110126376998E7 (+/- 0) us 
Consensus latency = 8343.371758000001 (+/- 2137) us 
Pre-consensus latency = 0.0 (+/- 0) us 
Pos-consensus latency = 1.8265252893749002E7 (+/- 0) us 
Propose latency = 6119.778998 (+/- 2791) us 
Write latency = 528.714094 (+/- 402) us 
Accept latency = 1694.878666 (+/- 252) us 
Batch average size = NaN (+/- 0) requests
StandardSMMessage ByteCount = 6337
ConsensusMessage ByteCount = 120786
LCMessage ByteCount = 54
TOMMessage ByteCount = 57205913
--- Measurements after 110000 ops (1000 samples) ---
Throughput = 6711.409 operations/sec (Maximum observed: 6896.552 ops/sec)
Total latency = 1.8399298030867E7 (+/- 0) us 
Consensus latency = 4304.875400000001 (+/- 728) us 
Pre-consensus latency = 0.0 (+/- 0) us 
Pos-consensus latency = 1.839580034834E7 (+/- 0) us 
Propose latency = 1613.685834 (+/- 417) us 
Write latency = 1047.029806 (+/- 440) us 
Accept latency = 1644.15976 (+/- 72) us 
Batch average size = NaN (+/- 0) requests
StandardSMMessage ByteCount = 6337
ConsensusMessage ByteCount = 120786
LCMessage ByteCount = 54
TOMMessage ByteCount = 57611934
--- Measurements after 111000 ops (1000 samples) ---
Throughput = 6711.409 operations/sec (Maximum observed: 6896.552 ops/sec)
Total latency = 1.8522827012522E7 (+/- 0) us 
Consensus latency = 3391.008319 (+/- 247) us 
Pre-consensus latency = 0.0 (+/- 0) us 
Pos-consensus latency = 1.8520069297212E7 (+/- 0) us 
Propose latency = 1204.718931 (+/- 265) us 
Write latency = 540.150086 (+/- 270) us 
Accept latency = 1646.1393019999998 (+/- 161) us 
Batch average size = NaN (+/- 0) requests
StandardSMMessage ByteCount = 6337
ConsensusMessage ByteCount = 120786
LCMessage ByteCount = 54
TOMMessage ByteCount = 57948197
--- Measurements after 112000 ops (1000 samples) ---
Throughput = 6756.757 operations/sec (Maximum observed: 6896.552 ops/sec)
Total latency = 1.8643999431661997E7 (+/- 0) us 
Consensus latency = 3298.146435 (+/- 185) us 
Pre-consensus latency = 0.0 (+/- 0) us 
Pos-consensus latency = 1.8641315881776E7 (+/- 0) us 
Propose latency = 1185.5923109999999 (+/- 190) us 
Write latency = 615.985846 (+/- 241) us 
Accept latency = 1496.568278 (+/- 158) us 
Batch average size = NaN (+/- 0) requests
StandardSMMessage ByteCount = 6337
ConsensusMessage ByteCount = 120786
LCMessage ByteCount = 54
TOMMessage ByteCount = 58371111
--- Measurements after 113000 ops (1000 samples) ---
Throughput = 6060.606 operations/sec (Maximum observed: 6896.552 ops/sec)
Total latency = 1.8773107355621E7 (+/- 0) us 
Consensus latency = 3395.154505 (+/- 202) us 
Pre-consensus latency = 0.0 (+/- 0) us 
Pos-consensus latency = 1.8770292318857E7 (+/- 0) us 
Propose latency = 1001.398657 (+/- 59) us 
Write latency = 689.3617929999999 (+/- 187) us 
Accept latency = 1704.394055 (+/- 103) us 
Batch average size = NaN (+/- 0) requests
StandardSMMessage ByteCount = 6337
ConsensusMessage ByteCount = 120786
LCMessage ByteCount = 54
TOMMessage ByteCount = 58846907
--- Measurements after 114000 ops (1000 samples) ---
Throughput = 6711.409 operations/sec (Maximum observed: 6896.552 ops/sec)
Total latency = 1.8901714040985E7 (+/- 0) us 
Consensus latency = 4479.627483 (+/- 1127) us 
Pre-consensus latency = 0.0 (+/- 0) us 
Pos-consensus latency = 1.8897895607959E7 (+/- 0) us 
Propose latency = 1551.114136 (+/- 486) us 
Write latency = 1422.912969 (+/- 1294) us 
Accept latency = 1505.600378 (+/- 271) us 
Batch average size = NaN (+/- 0) requests
StandardSMMessage ByteCount = 6337
ConsensusMessage ByteCount = 120786
LCMessage ByteCount = 54
TOMMessage ByteCount = 59228599
--- Measurements after 115000 ops (1000 samples) ---
Throughput = 6711.409 operations/sec (Maximum observed: 6896.552 ops/sec)
Total latency = 1.9023570686494E7 (+/- 0) us 
Consensus latency = 3895.97064 (+/- 632) us 
Pre-consensus latency = 0.0 (+/- 0) us 
Pos-consensus latency = 1.9020319678175E7 (+/- 0) us 
Propose latency = 1719.863858 (+/- 787) us 
Write latency = 531.865646 (+/- 645) us 
Accept latency = 1644.2411359999999 (+/- 288) us 
Batch average size = NaN (+/- 0) requests
StandardSMMessage ByteCount = 6337
ConsensusMessage ByteCount = 120786
LCMessage ByteCount = 54
TOMMessage ByteCount = 59654731
--- Measurements after 116000 ops (1000 samples) ---
Throughput = 6666.6665 operations/sec (Maximum observed: 6896.552 ops/sec)
Total latency = 1.9145340962832E7 (+/- 0) us 
Consensus latency = 3776.377189 (+/- 425) us 
Pre-consensus latency = 0.0 (+/- 0) us 
Pos-consensus latency = 1.9142287484256E7 (+/- 0) us 
Propose latency = 1400.714724 (+/- 311) us 
Write latency = 484.335176 (+/- 376) us 
Accept latency = 1891.327289 (+/- 268) us 
Batch average size = NaN (+/- 0) requests
StandardSMMessage ByteCount = 6337
ConsensusMessage ByteCount = 120786
LCMessage ByteCount = 54
TOMMessage ByteCount = 59976205
--- Measurements after 117000 ops (1000 samples) ---
Throughput = 6711.409 operations/sec (Maximum observed: 6896.552 ops/sec)
Total latency = 1.926558727287E7 (+/- 0) us 
Consensus latency = 4546.502588 (+/- 2058) us 
Pre-consensus latency = 0.0 (+/- 0) us 
Pos-consensus latency = 1.9261641034498002E7 (+/- 0) us 
Propose latency = 2115.535936 (+/- 2395) us 
Write latency = 806.560387 (+/- 424) us 
Accept latency = 1624.4062649999998 (+/- 74) us 
Batch average size = NaN (+/- 0) requests
StandardSMMessage ByteCount = 6337
ConsensusMessage ByteCount = 120786
LCMessage ByteCount = 54
TOMMessage ByteCount = 60350526
--- Measurements after 118000 ops (1000 samples) ---
Throughput = 6060.606 operations/sec (Maximum observed: 6896.552 ops/sec)
Total latency = 1.9392300071903E7 (+/- 0) us 
Consensus latency = 6188.604582999999 (+/- 1265) us 
Pre-consensus latency = 0.0 (+/- 0) us 
Pos-consensus latency = 1.9387296711312E7 (+/- 0) us 
Propose latency = 3391.267871 (+/- 1098) us 
Write latency = 1244.0227209999998 (+/- 360) us 
Accept latency = 1553.313991 (+/- 115) us 
Batch average size = NaN (+/- 0) requests
StandardSMMessage ByteCount = 6337
ConsensusMessage ByteCount = 120786
LCMessage ByteCount = 54
TOMMessage ByteCount = 60787171
--- Measurements after 119000 ops (1000 samples) ---
Throughput = 6711.409 operations/sec (Maximum observed: 6896.552 ops/sec)
Total latency = 1.9516911805544E7 (+/- 0) us 
Consensus latency = 7637.509573 (+/- 1410) us 
Pre-consensus latency = 0.0 (+/- 0) us 
Pos-consensus latency = 1.9510486553625E7 (+/- 0) us 
Propose latency = 5589.584933 (+/- 1875) us 
Write latency = 397.71984000000003 (+/- 557) us 
Accept latency = 1650.2048 (+/- 127) us 
Batch average size = NaN (+/- 0) requests
StandardSMMessage ByteCount = 6337
ConsensusMessage ByteCount = 120786
LCMessage ByteCount = 54
TOMMessage ByteCount = 61156172
--- Measurements after 120000 ops (1000 samples) ---
Throughput = 6711.409 operations/sec (Maximum observed: 6896.552 ops/sec)
Total latency = 1.9643629492E7 (+/- 0) us 
Consensus latency = 4977.474551 (+/- 1971) us 
Pre-consensus latency = 0.0 (+/- 0) us 
Pos-consensus latency = 1.9639540397577E7 (+/- 0) us 
Propose latency = 2692.514002 (+/- 2228) us 
Write latency = 685.062675 (+/- 338) us 
Accept latency = 1599.897874 (+/- 91) us 
Batch average size = NaN (+/- 0) requests
StandardSMMessage ByteCount = 6337
ConsensusMessage ByteCount = 120786
LCMessage ByteCount = 54
TOMMessage ByteCount = 61492431
--- Measurements after 121000 ops (1000 samples) ---
Throughput = 6711.409 operations/sec (Maximum observed: 6896.552 ops/sec)
Total latency = 1.9766403685218E7 (+/- 0) us 
Consensus latency = 3363.001985 (+/- 239) us 
Pre-consensus latency = 0.0 (+/- 0) us 
Pos-consensus latency = 1.9763625818552E7 (+/- 0) us 
Propose latency = 952.754296 (+/- 108) us 
Write latency = 818.447892 (+/- 193) us 
Accept latency = 1591.7997970000001 (+/- 214) us 
Batch average size = NaN (+/- 0) requests
StandardSMMessage ByteCount = 6337
ConsensusMessage ByteCount = 120786
LCMessage ByteCount = 54
TOMMessage ByteCount = 61825560
--- Measurements after 122000 ops (1000 samples) ---
Throughput = 6711.409 operations/sec (Maximum observed: 6896.552 ops/sec)
Total latency = 1.9888307664136E7 (+/- 0) us 
Consensus latency = 3154.951805 (+/- 287) us 
Pre-consensus latency = 0.0 (+/- 0) us 
Pos-consensus latency = 1.9885697087609E7 (+/- 0) us 
Propose latency = 961.222667 (+/- 145) us 
Write latency = 558.075257 (+/- 293) us 
Accept latency = 1635.653881 (+/- 83) us 
Batch average size = NaN (+/- 0) requests
StandardSMMessage ByteCount = 6337
ConsensusMessage ByteCount = 120786
LCMessage ByteCount = 54
TOMMessage ByteCount = 62184073
--- Measurements after 123000 ops (1000 samples) ---
Throughput = 5988.024 operations/sec (Maximum observed: 6896.552 ops/sec)
Total latency = 2.0020502535706002E7 (+/- 0) us 
Consensus latency = 3394.639918 (+/- 540) us 
Pre-consensus latency = 0.0 (+/- 0) us 
Pos-consensus latency = 2.0017707437583998E7 (+/- 0) us 
Propose latency = 1392.400354 (+/- 613) us 
Write latency = 438.695983 (+/- 298) us 
Accept latency = 1563.543581 (+/- 85) us 
Batch average size = NaN (+/- 0) requests
StandardSMMessage ByteCount = 6337
ConsensusMessage ByteCount = 120786
LCMessage ByteCount = 54
TOMMessage ByteCount = 62587215
--- Measurements after 124000 ops (1000 samples) ---
Throughput = 6756.757 operations/sec (Maximum observed: 6896.552 ops/sec)
Total latency = 2.0148402012805E7 (+/- 0) us 
Consensus latency = 4240.805784 (+/- 478) us 
Pre-consensus latency = 0.0 (+/- 0) us 
Pos-consensus latency = 2.0144812535783E7 (+/- 0) us 
Propose latency = 1701.3937779999999 (+/- 446) us 
Write latency = 955.990016 (+/- 558) us 
Accept latency = 1583.42199 (+/- 199) us 
Batch average size = NaN (+/- 0) requests
StandardSMMessage ByteCount = 6337
ConsensusMessage ByteCount = 120786
LCMessage ByteCount = 54
TOMMessage ByteCount = 62950126
--- Measurements after 125000 ops (1000 samples) ---
Throughput = 6756.757 operations/sec (Maximum observed: 6896.552 ops/sec)
Total latency = 2.026724082821E7 (+/- 0) us 
Consensus latency = 6243.621349999999 (+/- 1965) us 
Pre-consensus latency = 0.0 (+/- 0) us 
Pos-consensus latency = 2.0261789410834E7 (+/- 0) us 
Propose latency = 2418.04069 (+/- 1244) us 
Write latency = 2202.535782 (+/- 2322) us 
Accept latency = 1623.044878 (+/- 241) us 
Batch average size = NaN (+/- 0) requests
StandardSMMessage ByteCount = 6337
ConsensusMessage ByteCount = 120786
LCMessage ByteCount = 54
TOMMessage ByteCount = 63090775
--- Measurements after 126000 ops (1000 samples) ---
Throughput = 6756.757 operations/sec (Maximum observed: 6896.552 ops/sec)
Total latency = 2.0389345765192002E7 (+/- 0) us 
Consensus latency = 4772.022324 (+/- 1039) us 
Pre-consensus latency = 0.0 (+/- 0) us 
Pos-consensus latency = 2.0385534450271E7 (+/- 0) us 
Propose latency = 2590.118783 (+/- 1111) us 
Write latency = 449.41106099999996 (+/- 227) us 
Accept latency = 1732.49248 (+/- 141) us 
Batch average size = NaN (+/- 0) requests
StandardSMMessage ByteCount = 6337
ConsensusMessage ByteCount = 120786
LCMessage ByteCount = 54
TOMMessage ByteCount = 63206006
--- Measurements after 127000 ops (1000 samples) ---
Throughput = 6622.5166 operations/sec (Maximum observed: 6896.552 ops/sec)
Total latency = 2.051005283131E7 (+/- 0) us 
Consensus latency = 6832.035615 (+/- 7104) us 
Pre-consensus latency = 0.0 (+/- 0) us 
Pos-consensus latency = 2.0504982907472998E7 (+/- 0) us 
Propose latency = 4818.275954 (+/- 7209) us 
Write latency = 314.754167 (+/- 251) us 
Accept latency = 1699.005494 (+/- 154) us 
Batch average size = NaN (+/- 0) requests
StandardSMMessage ByteCount = 6337
ConsensusMessage ByteCount = 120786
LCMessage ByteCount = 54
TOMMessage ByteCount = 63329718
--- Measurements after 128000 ops (1000 samples) ---
Throughput = 5681.8184 operations/sec (Maximum observed: 6896.552 ops/sec)
Total latency = 2.0632416873196997E7 (+/- 0) us 
Consensus latency = 3613.8378190000003 (+/- 1055) us 
Pre-consensus latency = 0.0 (+/- 0) us 
Pos-consensus latency = 2.0629390210814998E7 (+/- 0) us 
Propose latency = 1871.243878 (+/- 1047) us 
Write latency = 141.871656 (+/- 29) us 
Accept latency = 1600.7222849999998 (+/- 50) us 
Batch average size = NaN (+/- 0) requests
StandardSMMessage ByteCount = 6337
ConsensusMessage ByteCount = 120786
LCMessage ByteCount = 54
TOMMessage ByteCount = 63440749
--- Measurements after 129000 ops (1000 samples) ---
Throughput = 6622.5166 operations/sec (Maximum observed: 6896.552 ops/sec)
Total latency = 2.0772775910783E7 (+/- 0) us 
Consensus latency = 7154.346062 (+/- 3306) us 
Pre-consensus latency = 0.0 (+/- 0) us 
Pos-consensus latency = 2.0766834799944E7 (+/- 0) us 
Propose latency = 5482.9132199999995 (+/- 3235) us 
Write latency = 193.895827 (+/- 49) us 
Accept latency = 1477.5370149999999 (+/- 36) us 
Batch average size = NaN (+/- 0) requests
StandardSMMessage ByteCount = 6337
ConsensusMessage ByteCount = 120786
LCMessage ByteCount = 54
TOMMessage ByteCount = 63566565
--- Measurements after 130000 ops (1000 samples) ---
Throughput = 6666.6665 operations/sec (Maximum observed: 6896.552 ops/sec)
Total latency = 2.0900432946613E7 (+/- 0) us 
Consensus latency = 6837.155946000001 (+/- 1215) us 
Pre-consensus latency = 0.0 (+/- 0) us 
Pos-consensus latency = 2.0894870040727E7 (+/- 0) us 
Propose latency = 3373.121642 (+/- 1625) us 
Write latency = 1628.3034930000001 (+/- 390) us 
Accept latency = 1835.730811 (+/- 131) us 
Batch average size = NaN (+/- 0) requests
StandardSMMessage ByteCount = 6337
ConsensusMessage ByteCount = 120786
LCMessage ByteCount = 54
TOMMessage ByteCount = 63675473
--- Measurements after 131000 ops (1000 samples) ---
Throughput = 6711.409 operations/sec (Maximum observed: 6896.552 ops/sec)
Total latency = 2.1027263075648E7 (+/- 0) us 
Consensus latency = 3856.4897379999998 (+/- 314) us 
Pre-consensus latency = 0.0 (+/- 0) us 
Pos-consensus latency = 2.1024090384084E7 (+/- 0) us 
Propose latency = 1271.9289410000001 (+/- 373) us 
Write latency = 971.7826409999999 (+/- 492) us 
Accept latency = 1612.7781559999999 (+/- 124) us 
Batch average size = NaN (+/- 0) requests
StandardSMMessage ByteCount = 6337
ConsensusMessage ByteCount = 120786
LCMessage ByteCount = 54
TOMMessage ByteCount = 63783289
--- Measurements after 132000 ops (1000 samples) ---
Throughput = 6711.409 operations/sec (Maximum observed: 6896.552 ops/sec)
Total latency = 2.1150470196265E7 (+/- 0) us 
Consensus latency = 3363.506564 (+/- 250) us 
Pre-consensus latency = 0.0 (+/- 0) us 
Pos-consensus latency = 2.1147671219405998E7 (+/- 0) us 
Propose latency = 904.516324 (+/- 96) us 
Write latency = 758.2176 (+/- 229) us 
Accept latency = 1700.77264 (+/- 142) us 
Batch average size = NaN (+/- 0) requests
StandardSMMessage ByteCount = 6337
ConsensusMessage ByteCount = 120786
LCMessage ByteCount = 54
TOMMessage ByteCount = 63864702
--- Measurements after 133000 ops (1000 samples) ---
Throughput = 6024.096 operations/sec (Maximum observed: 6896.552 ops/sec)
Total latency = 2.128023801748E7 (+/- 0) us 
Consensus latency = 3498.903814 (+/- 211) us 
Pre-consensus latency = 0.0 (+/- 0) us 
Pos-consensus latency = 2.1277314110471E7 (+/- 0) us 
Propose latency = 907.496803 (+/- 113) us 
Write latency = 999.630634 (+/- 410) us 
Accept latency = 1591.7763770000001 (+/- 221) us 
Batch average size = NaN (+/- 0) requests
StandardSMMessage ByteCount = 6337
ConsensusMessage ByteCount = 120786
LCMessage ByteCount = 54
TOMMessage ByteCount = 63867872
--- Measurements after 134000 ops (1000 samples) ---
Throughput = 6711.409 operations/sec (Maximum observed: 6896.552 ops/sec)
Total latency = 2.1410224164373003E7 (+/- 0) us 
Consensus latency = 3227.8743059999997 (+/- 198) us 
Pre-consensus latency = 0.0 (+/- 0) us 
Pos-consensus latency = 2.1407577089219E7 (+/- 0) us 
Propose latency = 1124.164466 (+/- 270) us 
Write latency = 520.1727970000001 (+/- 316) us 
Accept latency = 1583.537043 (+/- 241) us 
Batch average size = NaN (+/- 0) requests
StandardSMMessage ByteCount = 6337
ConsensusMessage ByteCount = 120786
LCMessage ByteCount = 54
TOMMessage ByteCount = 63867872
--- Measurements after 135000 ops (1000 samples) ---
Throughput = 6711.409 operations/sec (Maximum observed: 6896.552 ops/sec)
Total latency = 2.1531223494173E7 (+/- 0) us 
Consensus latency = 3674.100556 (+/- 356) us 
Pre-consensus latency = 0.0 (+/- 0) us 
Pos-consensus latency = 2.1528167882487997E7 (+/- 0) us 
Propose latency = 1302.635386 (+/- 484) us 
Write latency = 619.944441 (+/- 267) us 
Accept latency = 1751.520729 (+/- 106) us 
Batch average size = NaN (+/- 0) requests
StandardSMMessage ByteCount = 6337
ConsensusMessage ByteCount = 120786
LCMessage ByteCount = 54
TOMMessage ByteCount = 63871046
--- Measurements after 136000 ops (1000 samples) ---
Throughput = 6711.409 operations/sec (Maximum observed: 6896.552 ops/sec)
Total latency = 2.1652873793825E7 (+/- 0) us 
Consensus latency = 3679.0910329999997 (+/- 309) us 
Pre-consensus latency = 0.0 (+/- 0) us 
Pos-consensus latency = 2.1649801765793998E7 (+/- 0) us 
Propose latency = 988.1378689999999 (+/- 151) us 
Write latency = 1032.702612 (+/- 527) us 
Accept latency = 1658.250552 (+/- 231) us 
Batch average size = NaN (+/- 0) requests
StandardSMMessage ByteCount = 6337
ConsensusMessage ByteCount = 120786
LCMessage ByteCount = 54
TOMMessage ByteCount = 63876331
--- Measurements after 137000 ops (1000 samples) ---
Throughput = 6711.409 operations/sec (Maximum observed: 6896.552 ops/sec)
Total latency = 2.1770420755585E7 (+/- 0) us 
Consensus latency = 5309.232557 (+/- 2073) us 
Pre-consensus latency = 0.0 (+/- 0) us 
Pos-consensus latency = 2.1765743253537E7 (+/- 0) us 
Propose latency = 3140.210462 (+/- 2344) us 
Write latency = 556.000082 (+/- 550) us 
Accept latency = 1613.022013 (+/- 53) us 
Batch average size = NaN (+/- 0) requests
StandardSMMessage ByteCount = 6337
ConsensusMessage ByteCount = 120786
LCMessage ByteCount = 54
TOMMessage ByteCount = 63887964
--- Measurements after 138000 ops (1000 samples) ---
Throughput = 6060.606 operations/sec (Maximum observed: 6896.552 ops/sec)
Total latency = 2.1888981906679E7 (+/- 0) us 
Consensus latency = 4007.2380839999996 (+/- 1535) us 
Pre-consensus latency = 0.0 (+/- 0) us 
Pos-consensus latency = 2.1885599474641E7 (+/- 0) us 
Propose latency = 2429.184705 (+/- 1479) us 
Write latency = 107.91525299999999 (+/- 34) us 
Accept latency = 1470.1381259999998 (+/- 92) us 
Batch average size = NaN (+/- 0) requests
StandardSMMessage ByteCount = 6337
ConsensusMessage ByteCount = 120786
LCMessage ByteCount = 54
TOMMessage ByteCount = 63890079
--- Measurements after 139000 ops (1000 samples) ---
Throughput = 6711.409 operations/sec (Maximum observed: 6896.552 ops/sec)
Total latency = 2.2026451030736E7 (+/- 0) us 
Consensus latency = 4634.690906999999 (+/- 2775) us 
Pre-consensus latency = 0.0 (+/- 0) us 
Pos-consensus latency = 2.2022644056877997E7 (+/- 0) us 
Propose latency = 2785.53955 (+/- 2858) us 
Write latency = 348.638643 (+/- 481) us 
Accept latency = 1500.512714 (+/- 102) us 
Batch average size = NaN (+/- 0) requests
StandardSMMessage ByteCount = 6337
ConsensusMessage ByteCount = 120786
LCMessage ByteCount = 54
TOMMessage ByteCount = 63895369
--- Measurements after 140000 ops (1000 samples) ---
Throughput = 6711.409 operations/sec (Maximum observed: 6896.552 ops/sec)
Total latency = 2.214916742334E7 (+/- 0) us 
Consensus latency = 6191.314608 (+/- 1885) us 
Pre-consensus latency = 0.0 (+/- 0) us 
Pos-consensus latency = 2.2144157144742E7 (+/- 0) us 
Propose latency = 4068.2574900000004 (+/- 2239) us 
Write latency = 529.785652 (+/- 269) us 
Accept latency = 1593.271466 (+/- 96) us 
Batch average size = NaN (+/- 0) requests
StandardSMMessage ByteCount = 6337
ConsensusMessage ByteCount = 120786
LCMessage ByteCount = 54
TOMMessage ByteCount = 63900660
--- Measurements after 141000 ops (1000 samples) ---
Throughput = 6711.409 operations/sec (Maximum observed: 6896.552 ops/sec)
Total latency = 2.2274385690923E7 (+/- 0) us 
Consensus latency = 3153.978449 (+/- 143) us 
Pre-consensus latency = 0.0 (+/- 0) us 
Pos-consensus latency = 2.2271873544741E7 (+/- 0) us 
Propose latency = 1125.5601780000002 (+/- 280) us 
Write latency = 604.955319 (+/- 238) us 
Accept latency = 1423.462952 (+/- 116) us 
Batch average size = NaN (+/- 0) requests
StandardSMMessage ByteCount = 6337
ConsensusMessage ByteCount = 120786
LCMessage ByteCount = 54
TOMMessage ByteCount = 63904884
--- Measurements after 142000 ops (1000 samples) ---
Throughput = 6711.409 operations/sec (Maximum observed: 6896.552 ops/sec)
Total latency = 2.2395587965032E7 (+/- 0) us 
Consensus latency = 4353.508202999999 (+/- 540) us 
Pre-consensus latency = 0.0 (+/- 0) us 
Pos-consensus latency = 2.2391877620685E7 (+/- 0) us 
Propose latency = 1599.5478970000001 (+/- 868) us 
Write latency = 1115.707907 (+/- 577) us 
Accept latency = 1638.252399 (+/- 47) us 
Batch average size = NaN (+/- 0) requests
StandardSMMessage ByteCount = 6337
ConsensusMessage ByteCount = 120786
LCMessage ByteCount = 54
TOMMessage ByteCount = 63920750
--- Measurements after 143000 ops (1000 samples) ---
Throughput = 6097.561 operations/sec (Maximum observed: 6896.552 ops/sec)
Total latency = 2.2519383296914E7 (+/- 0) us 
Consensus latency = 3653.733167 (+/- 355) us 
Pre-consensus latency = 0.0 (+/- 0) us 
Pos-consensus latency = 2.2516312366189E7 (+/- 0) us 
Propose latency = 1372.059459 (+/- 388) us 
Write latency = 780.339459 (+/- 373) us 
Accept latency = 1501.334249 (+/- 249) us 
Batch average size = NaN (+/- 0) requests
StandardSMMessage ByteCount = 6337
ConsensusMessage ByteCount = 120786
LCMessage ByteCount = 54
TOMMessage ByteCount = 63937700
--- Measurements after 144000 ops (1000 samples) ---
Throughput = 6711.409 operations/sec (Maximum observed: 6896.552 ops/sec)
Total latency = 2.2653567011800997E7 (+/- 0) us 
Consensus latency = 3483.6352880000004 (+/- 222) us 
Pre-consensus latency = 0.0 (+/- 0) us 
Pos-consensus latency = 2.2650661923364E7 (+/- 0) us 
Propose latency = 1270.355305 (+/- 593) us 
Write latency = 618.772703 (+/- 357) us 
Accept latency = 1594.50728 (+/- 108) us 
Batch average size = NaN (+/- 0) requests
StandardSMMessage ByteCount = 6337
ConsensusMessage ByteCount = 120786
LCMessage ByteCount = 54
TOMMessage ByteCount = 63951431
--- Measurements after 145000 ops (1000 samples) ---
Throughput = 6711.409 operations/sec (Maximum observed: 6896.552 ops/sec)
Total latency = 2.2774334620195E7 (+/- 0) us 
Consensus latency = 3784.5038489999997 (+/- 289) us 
Pre-consensus latency = 0.0 (+/- 0) us 
Pos-consensus latency = 2.2771153260276E7 (+/- 0) us 
Propose latency = 964.3726280000001 (+/- 125) us 
Write latency = 1170.157786 (+/- 256) us 
Accept latency = 1649.973435 (+/- 139) us 
Batch average size = NaN (+/- 0) requests
StandardSMMessage ByteCount = 6337
ConsensusMessage ByteCount = 120786
LCMessage ByteCount = 54
TOMMessage ByteCount = 63959900
--- Measurements after 146000 ops (1000 samples) ---
Throughput = 6711.409 operations/sec (Maximum observed: 6896.552 ops/sec)
Total latency = 2.2895420989742E7 (+/- 0) us 
Consensus latency = 3568.281443 (+/- 219) us 
Pre-consensus latency = 0.0 (+/- 0) us 
Pos-consensus latency = 2.2892451019644E7 (+/- 0) us 
Propose latency = 968.613217 (+/- 100) us 
Write latency = 1046.038534 (+/- 325) us 
Accept latency = 1553.629692 (+/- 251) us 
Batch average size = NaN (+/- 0) requests
StandardSMMessage ByteCount = 6337
ConsensusMessage ByteCount = 120786
LCMessage ByteCount = 54
TOMMessage ByteCount = 63978958
--- Measurements after 147000 ops (1000 samples) ---
Throughput = 6711.409 operations/sec (Maximum observed: 6896.552 ops/sec)
Total latency = 2.3007750516499E7 (+/- 0) us 
Consensus latency = 8516.837255999999 (+/- 6913) us 
Pre-consensus latency = 0.0 (+/- 0) us 
Pos-consensus latency = 2.3000972383615002E7 (+/- 0) us 
Propose latency = 6743.0707680000005 (+/- 6935) us 
Write latency = 335.254862 (+/- 296) us 
Accept latency = 1438.511626 (+/- 135) us 
Batch average size = NaN (+/- 0) requests
StandardSMMessage ByteCount = 6337
ConsensusMessage ByteCount = 120786
LCMessage ByteCount = 54
TOMMessage ByteCount = 63994807
--- Measurements after 148000 ops (1000 samples) ---
Throughput = 6711.409 operations/sec (Maximum observed: 6896.552 ops/sec)
Total latency = 2.3114930317416E7 (+/- 0) us 
Consensus latency = 3957.807029 (+/- 1130) us 
Pre-consensus latency = 0.0 (+/- 0) us 
Pos-consensus latency = 2.3111602560549E7 (+/- 0) us 
Propose latency = 2409.434294 (+/- 1087) us 
Write latency = 121.316395 (+/- 30) us 
Accept latency = 1427.05634 (+/- 110) us 
Batch average size = NaN (+/- 0) requests
StandardSMMessage ByteCount = 6337
ConsensusMessage ByteCount = 120786
LCMessage ByteCount = 54
TOMMessage ByteCount = 64003262
--- Measurements after 149000 ops (1000 samples) ---
Throughput = 6024.096 operations/sec (Maximum observed: 6896.552 ops/sec)
Total latency = 2.3260730103566002E7 (+/- 0) us 
Consensus latency = 3885.1051460000003 (+/- 428) us 
Pre-consensus latency = 0.0 (+/- 0) us 
Pos-consensus latency = 2.3257663707284E7 (+/- 0) us 
Propose latency = 2277.863194 (+/- 324) us 
Write latency = 137.647795 (+/- 13) us 
Accept latency = 1469.594157 (+/- 142) us 
Batch average size = NaN (+/- 0) requests
StandardSMMessage ByteCount = 6337
ConsensusMessage ByteCount = 120786
LCMessage ByteCount = 54
TOMMessage ByteCount = 64023351
--- Measurements after 150000 ops (1000 samples) ---
Throughput = 6711.409 operations/sec (Maximum observed: 6896.552 ops/sec)
Total latency = 2.3390439196383998E7 (+/- 0) us 
Consensus latency = 8300.607962 (+/- 1729) us 
Pre-consensus latency = 0.0 (+/- 0) us 
Pos-consensus latency = 2.3383536279287998E7 (+/- 0) us 
Propose latency = 5982.410824 (+/- 1403) us 
Write latency = 693.097934 (+/- 417) us 
Accept latency = 1625.0992039999999 (+/- 53) us 
Batch average size = NaN (+/- 0) requests
StandardSMMessage ByteCount = 6337
ConsensusMessage ByteCount = 120786
LCMessage ByteCount = 54
TOMMessage ByteCount = 64037091
--- Measurements after 151000 ops (1000 samples) ---
Throughput = 6666.6665 operations/sec (Maximum observed: 6896.552 ops/sec)
Total latency = 2.3519247479174E7 (+/- 0) us 
Consensus latency = 4872.684901 (+/- 1415) us 
Pre-consensus latency = 0.0 (+/- 0) us 
Pos-consensus latency = 2.3515225974702E7 (+/- 0) us 
Propose latency = 2789.009281 (+/- 1763) us 
Write latency = 522.286698 (+/- 437) us 
Accept latency = 1561.388922 (+/- 154) us 
Batch average size = NaN (+/- 0) requests
StandardSMMessage ByteCount = 6337
ConsensusMessage ByteCount = 120786
LCMessage ByteCount = 54
TOMMessage ByteCount = 64054012
--- Measurements after 152000 ops (1000 samples) ---
Throughput = 6711.409 operations/sec (Maximum observed: 6896.552 ops/sec)
Total latency = 2.3643204582855E7 (+/- 0) us 
Consensus latency = 3257.422256 (+/- 197) us 
Pre-consensus latency = 0.0 (+/- 0) us 
Pos-consensus latency = 2.3640516096447E7 (+/- 0) us 
Propose latency = 919.2351040000001 (+/- 65) us 
Write latency = 782.232389 (+/- 276) us 
Accept latency = 1555.954763 (+/- 141) us 
Batch average size = NaN (+/- 0) requests
StandardSMMessage ByteCount = 6337
ConsensusMessage ByteCount = 120786
LCMessage ByteCount = 54
TOMMessage ByteCount = 64067761
--- Measurements after 153000 ops (1000 samples) ---
Throughput = 6711.409 operations/sec (Maximum observed: 6896.552 ops/sec)
Total latency = 2.3764802243288E7 (+/- 0) us 
Consensus latency = 3617.5559980000003 (+/- 347) us 
Pre-consensus latency = 0.0 (+/- 0) us 
Pos-consensus latency = 2.3761801092048E7 (+/- 0) us 
Propose latency = 1181.771553 (+/- 505) us 
Write latency = 932.52837 (+/- 539) us 
Accept latency = 1503.256075 (+/- 102) us 
Batch average size = NaN (+/- 0) requests
StandardSMMessage ByteCount = 6337
ConsensusMessage ByteCount = 120786
LCMessage ByteCount = 54
TOMMessage ByteCount = 64078347
--- Measurements after 154000 ops (1000 samples) ---
Throughput = 5988.024 operations/sec (Maximum observed: 6896.552 ops/sec)
Total latency = 2.3900221233335E7 (+/- 0) us 
Consensus latency = 3304.941651 (+/- 186) us 
Pre-consensus latency = 0.0 (+/- 0) us 
Pos-consensus latency = 2.3897437130922E7 (+/- 0) us 
Propose latency = 965.4386069999999 (+/- 221) us 
Write latency = 630.79686 (+/- 268) us 
Accept latency = 1708.706184 (+/- 131) us 
Batch average size = NaN (+/- 0) requests
StandardSMMessage ByteCount = 6337
ConsensusMessage ByteCount = 120786
LCMessage ByteCount = 54
TOMMessage ByteCount = 64096310
--- Measurements after 155000 ops (1000 samples) ---
Throughput = 6711.409 operations/sec (Maximum observed: 6896.552 ops/sec)
Total latency = 2.4023466626466E7 (+/- 0) us 
Consensus latency = 3812.5232170000004 (+/- 463) us 
Pre-consensus latency = 0.0 (+/- 0) us 
Pos-consensus latency = 2.4020316599776E7 (+/- 0) us 
Propose latency = 1387.235381 (+/- 652) us 
Write latency = 959.879612 (+/- 624) us 
Accept latency = 1465.408224 (+/- 235) us 
Batch average size = NaN (+/- 0) requests
StandardSMMessage ByteCount = 6337
ConsensusMessage ByteCount = 120786
LCMessage ByteCount = 54
TOMMessage ByteCount = 64106879
--- Measurements after 156000 ops (1000 samples) ---
Throughput = 6756.757 operations/sec (Maximum observed: 6896.552 ops/sec)
Total latency = 2.4144876623381E7 (+/- 0) us 
Consensus latency = 3652.172327 (+/- 394) us 
Pre-consensus latency = 0.0 (+/- 0) us 
Pos-consensus latency = 2.4141839078013E7 (+/- 0) us 
Propose latency = 1316.9815660000002 (+/- 124) us 
Write latency = 676.597396 (+/- 302) us 
Accept latency = 1658.593365 (+/- 242) us 
Batch average size = NaN (+/- 0) requests
StandardSMMessage ByteCount = 6337
ConsensusMessage ByteCount = 120786
LCMessage ByteCount = 54
TOMMessage ByteCount = 64118515
--- Measurements after 157000 ops (1000 samples) ---
Throughput = 6756.757 operations/sec (Maximum observed: 6896.552 ops/sec)
Total latency = 2.4258315754557E7 (+/- 0) us 
Consensus latency = 5890.594317 (+/- 4589) us 
Pre-consensus latency = 0.0 (+/- 0) us 
Pos-consensus latency = 2.4254229173032E7 (+/- 0) us 
Propose latency = 4050.0449360000002 (+/- 4649) us 
Write latency = 379.65545299999997 (+/- 441) us 
Accept latency = 1460.893928 (+/- 130) us 
Batch average size = NaN (+/- 0) requests
StandardSMMessage ByteCount = 6337
ConsensusMessage ByteCount = 120786
LCMessage ByteCount = 54
TOMMessage ByteCount = 64134399
--- Measurements after 158000 ops (1000 samples) ---
Throughput = 6711.409 operations/sec (Maximum observed: 6896.552 ops/sec)
Total latency = 2.4382160601779997E7 (+/- 0) us 
Consensus latency = 3093.760529 (+/- 436) us 
Pre-consensus latency = 0.0 (+/- 0) us 
Pos-consensus latency = 2.4379635264148E7 (+/- 0) us 
Propose latency = 1345.5040079999999 (+/- 394) us 
Write latency = 183.155163 (+/- 91) us 
Accept latency = 1565.1013580000001 (+/- 91) us 
Batch average size = NaN (+/- 0) requests
StandardSMMessage ByteCount = 6337
ConsensusMessage ByteCount = 120786
LCMessage ByteCount = 54
TOMMessage ByteCount = 64142874
--- Measurements after 159000 ops (1000 samples) ---
Throughput = 6060.606 operations/sec (Maximum observed: 6896.552 ops/sec)
Total latency = 2.4518286129954E7 (+/- 0) us 
Consensus latency = 3339.432603 (+/- 365) us 
Pre-consensus latency = 0.0 (+/- 0) us 
Pos-consensus latency = 2.4515519857165E7 (+/- 0) us 
Propose latency = 977.7094549999999 (+/- 153) us 
Write latency = 734.212641 (+/- 307) us 
Accept latency = 1627.510507 (+/- 203) us 
Batch average size = NaN (+/- 0) requests
StandardSMMessage ByteCount = 6337
ConsensusMessage ByteCount = 120786
LCMessage ByteCount = 54
TOMMessage ByteCount = 64147094
--- Measurements after 160000 ops (1000 samples) ---
Throughput = 6711.409 operations/sec (Maximum observed: 6896.552 ops/sec)
Total latency = 2.4634709610964E7 (+/- 0) us 
Consensus latency = 7291.580018000001 (+/- 2545) us 
Pre-consensus latency = 0.0 (+/- 0) us 
Pos-consensus latency = 2.4628683039020002E7 (+/- 0) us 
Propose latency = 4858.603882 (+/- 2577) us 
Write latency = 1033.427326 (+/- 352) us 
Accept latency = 1399.54881 (+/- 223) us 
Batch average size = NaN (+/- 0) requests
StandardSMMessage ByteCount = 6337
ConsensusMessage ByteCount = 120786
LCMessage ByteCount = 54
TOMMessage ByteCount = 64153433
--- Measurements after 161000 ops (1000 samples) ---
Throughput = 6666.6665 operations/sec (Maximum observed: 6896.552 ops/sec)
Total latency = 2.4758070731668E7 (+/- 0) us 
Consensus latency = 8448.27664 (+/- 1727) us 
Pre-consensus latency = 0.0 (+/- 0) us 
Pos-consensus latency = 2.4751168799258E7 (+/- 0) us 
Propose latency = 5340.66396 (+/- 1824) us 
Write latency = 1811.68428 (+/- 71) us 
Accept latency = 1295.9284 (+/- 25) us 
Batch average size = NaN (+/- 0) requests
StandardSMMessage ByteCount = 6337
ConsensusMessage ByteCount = 120786
LCMessage ByteCount = 54
TOMMessage ByteCount = 64161888
--- Measurements after 162000 ops (1000 samples) ---
Throughput = 6622.5166 operations/sec (Maximum observed: 6896.552 ops/sec)
Total latency = 2.488840268027E7 (+/- 0) us 
Consensus latency = 3912.834747 (+/- 1001) us 
Pre-consensus latency = 0.0 (+/- 0) us 
Pos-consensus latency = 2.4885277593197E7 (+/- 0) us 
Propose latency = 1785.063895 (+/- 575) us 
Write latency = 502.992735 (+/- 537) us 
Accept latency = 1624.778117 (+/- 114) us 
Batch average size = NaN (+/- 0) requests
StandardSMMessage ByteCount = 6337
ConsensusMessage ByteCount = 120786
LCMessage ByteCount = 54
TOMMessage ByteCount = 64169282
--- Measurements after 163000 ops (1000 samples) ---
Throughput = 6535.9478 operations/sec (Maximum observed: 6896.552 ops/sec)
Total latency = 2.5013539146139E7 (+/- 0) us 
Consensus latency = 3089.005787 (+/- 259) us 
Pre-consensus latency = 0.0 (+/- 0) us 
Pos-consensus latency = 2.5011043559860002E7 (+/- 0) us 
Propose latency = 1116.7427830000001 (+/- 101) us 
Write latency = 430.49639 (+/- 287) us 
Accept latency = 1541.7666140000001 (+/- 53) us 
Batch average size = NaN (+/- 0) requests
StandardSMMessage ByteCount = 6337
ConsensusMessage ByteCount = 120786
LCMessage ByteCount = 54
TOMMessage ByteCount = 64176697
--- Measurements after 164000 ops (1000 samples) ---
Throughput = 5917.1597 operations/sec (Maximum observed: 6896.552 ops/sec)
Total latency = 2.5145507612344E7 (+/- 0) us 
Consensus latency = 3481.891211 (+/- 284) us 
Pre-consensus latency = 0.0 (+/- 0) us 
Pos-consensus latency = 2.5142649450400002E7 (+/- 0) us 
Propose latency = 1359.676158 (+/- 507) us 
Write latency = 495.581631 (+/- 299) us 
Accept latency = 1626.633422 (+/- 60) us 
Batch average size = NaN (+/- 0) requests
StandardSMMessage ByteCount = 6337
ConsensusMessage ByteCount = 120786
LCMessage ByteCount = 54
TOMMessage ByteCount = 64188325
--- Measurements after 165000 ops (1000 samples) ---
Throughput = 6622.5166 operations/sec (Maximum observed: 6896.552 ops/sec)
Total latency = 2.5278206579885E7 (+/- 0) us 
Consensus latency = 3627.178092 (+/- 357) us 
Pre-consensus latency = 0.0 (+/- 0) us 
Pos-consensus latency = 2.5275173716501E7 (+/- 0) us 
Propose latency = 1340.277671 (+/- 260) us 
Write latency = 758.268108 (+/- 349) us 
Accept latency = 1528.632313 (+/- 275) us 
Batch average size = NaN (+/- 0) requests
StandardSMMessage ByteCount = 6337
ConsensusMessage ByteCount = 120786
LCMessage ByteCount = 54
TOMMessage ByteCount = 64196774
--- Measurements after 166000 ops (1000 samples) ---
Throughput = 6666.6665 operations/sec (Maximum observed: 6896.552 ops/sec)
Total latency = 2.5400551729611002E7 (+/- 0) us 
Consensus latency = 3422.440947 (+/- 423) us 
Pre-consensus latency = 0.0 (+/- 0) us 
Pos-consensus latency = 2.5397742824365E7 (+/- 0) us 
Propose latency = 1458.9373019999998 (+/- 544) us 
Write latency = 293.132569 (+/- 209) us 
Accept latency = 1670.371076 (+/- 90) us 
Batch average size = NaN (+/- 0) requests
StandardSMMessage ByteCount = 6337
ConsensusMessage ByteCount = 120786
LCMessage ByteCount = 54
TOMMessage ByteCount = 64199949
--- Measurements after 167000 ops (1000 samples) ---
Throughput = 6666.6665 operations/sec (Maximum observed: 6896.552 ops/sec)
Total latency = 2.5504890110515E7 (+/- 0) us 
Consensus latency = 7240.516415 (+/- 2599) us 
Pre-consensus latency = 0.0 (+/- 0) us 
Pos-consensus latency = 2.5498280472367E7 (+/- 0) us 
Propose latency = 5417.5771270000005 (+/- 2646) us 
Write latency = 206.590453 (+/- 132) us 
Accept latency = 1616.348835 (+/- 113) us 
Batch average size = NaN (+/- 0) requests
StandardSMMessage ByteCount = 6337
ConsensusMessage ByteCount = 120786
LCMessage ByteCount = 54
TOMMessage ByteCount = 64206298
--- Measurements after 168000 ops (1000 samples) ---
Throughput = 6622.5166 operations/sec (Maximum observed: 6896.552 ops/sec)
Total latency = 2.5617674407492E7 (+/- 0) us 
Consensus latency = 3399.768826 (+/- 593) us 
Pre-consensus latency = 0.0 (+/- 0) us 
Pos-consensus latency = 2.561487764393E7 (+/- 0) us 
Propose latency = 1760.0731289999999 (+/- 619) us 
Write latency = 152.40569200000002 (+/- 23) us 
Accept latency = 1487.2900049999998 (+/- 163) us 
Batch average size = NaN (+/- 0) requests
StandardSMMessage ByteCount = 6337
ConsensusMessage ByteCount = 120786
LCMessage ByteCount = 54
TOMMessage ByteCount = 64211580
--- Measurements after 169000 ops (1000 samples) ---
Throughput = 5747.1265 operations/sec (Maximum observed: 6896.552 ops/sec)
Total latency = 2.5754340379249E7 (+/- 0) us 
Consensus latency = 3403.153476 (+/- 1741) us 
Pre-consensus latency = 0.0 (+/- 0) us 
Pos-consensus latency = 2.5751539980534002E7 (+/- 0) us 
Propose latency = 1559.8895149999998 (+/- 1005) us 
Write latency = 338.907399 (+/- 769) us 
Accept latency = 1504.356562 (+/- 146) us 
Batch average size = NaN (+/- 0) requests
StandardSMMessage ByteCount = 6337
ConsensusMessage ByteCount = 120786
LCMessage ByteCount = 54
TOMMessage ByteCount = 64329991
--- Measurements after 170000 ops (1000 samples) ---
Throughput = 6666.6665 operations/sec (Maximum observed: 6896.552 ops/sec)
Total latency = 2.5904384936779E7 (+/- 0) us 
Consensus latency = 8668.515282 (+/- 962) us 
Pre-consensus latency = 0.0 (+/- 0) us 
Pos-consensus latency = 2.5897039091224E7 (+/- 0) us 
Propose latency = 4916.338817 (+/- 568) us 
Write latency = 2396.14369 (+/- 786) us 
Accept latency = 1356.032775 (+/- 79) us 
Batch average size = NaN (+/- 0) requests
StandardSMMessage ByteCount = 6337
ConsensusMessage ByteCount = 120786
LCMessage ByteCount = 54
TOMMessage ByteCount = 64516132
--- Measurements after 171000 ops (1000 samples) ---
Throughput = 6711.409 operations/sec (Maximum observed: 6896.552 ops/sec)
Total latency = 2.6032123885212E7 (+/- 0) us 
Consensus latency = 7481.301166 (+/- 2392) us 
Pre-consensus latency = 0.0 (+/- 0) us 
Pos-consensus latency = 2.6025979597831E7 (+/- 0) us 
Propose latency = 5327.943168 (+/- 2164) us 
Write latency = 503.347235 (+/- 293) us 
Accept latency = 1650.010763 (+/- 38) us 
Batch average size = NaN (+/- 0) requests
StandardSMMessage ByteCount = 6337
ConsensusMessage ByteCount = 120786
LCMessage ByteCount = 54
TOMMessage ByteCount = 64678910
--- Measurements after 172000 ops (1000 samples) ---
Throughput = 6666.6665 operations/sec (Maximum observed: 6896.552 ops/sec)
Total latency = 2.6158476870377E7 (+/- 0) us 
Consensus latency = 3426.111992 (+/- 533) us 
Pre-consensus latency = 0.0 (+/- 0) us 
Pos-consensus latency = 2.6155654120432E7 (+/- 0) us 
Propose latency = 1330.985655 (+/- 490) us 
Write latency = 444.875995 (+/- 258) us 
Accept latency = 1650.250342 (+/- 202) us 
Batch average size = NaN (+/- 0) requests
StandardSMMessage ByteCount = 6337
ConsensusMessage ByteCount = 120786
LCMessage ByteCount = 54
TOMMessage ByteCount = 64851282
--- Measurements after 173000 ops (1000 samples) ---
Throughput = 6711.409 operations/sec (Maximum observed: 6896.552 ops/sec)
Total latency = 2.6279919316844E7 (+/- 0) us 
Consensus latency = 3360.8708930000003 (+/- 400) us 
Pre-consensus latency = 0.0 (+/- 0) us 
Pos-consensus latency = 2.6277155986601003E7 (+/- 0) us 
Propose latency = 1084.134746 (+/- 209) us 
Write latency = 638.057378 (+/- 133) us 
Accept latency = 1638.678769 (+/- 204) us 
Batch average size = NaN (+/- 0) requests
StandardSMMessage ByteCount = 6337
ConsensusMessage ByteCount = 120786
LCMessage ByteCount = 54
TOMMessage ByteCount = 65052158
--- Measurements after 174000 ops (1000 samples) ---
Throughput = 5319.149 operations/sec (Maximum observed: 6896.552 ops/sec)
Total latency = 2.6405234998505E7 (+/- 0) us 
Consensus latency = 3464.683888 (+/- 429) us 
Pre-consensus latency = 0.0 (+/- 0) us 
Pos-consensus latency = 2.6402371463058E7 (+/- 0) us 
Propose latency = 1257.336581 (+/- 524) us 
Write latency = 634.738927 (+/- 526) us 
Accept latency = 1572.60838 (+/- 113) us 
Batch average size = NaN (+/- 0) requests
StandardSMMessage ByteCount = 6337
ConsensusMessage ByteCount = 120786
LCMessage ByteCount = 54
TOMMessage ByteCount = 65254097
--- Measurements after 175000 ops (1000 samples) ---
Throughput = 4739.3364 operations/sec (Maximum observed: 6896.552 ops/sec)
Total latency = 2.6591804650804E7 (+/- 0) us 
Consensus latency = 3996.085769 (+/- 433) us 
Pre-consensus latency = 0.0 (+/- 0) us 
Pos-consensus latency = 2.6588450198118E7 (+/- 0) us 
Propose latency = 1379.719177 (+/- 406) us 
Write latency = 1020.293053 (+/- 706) us 
Accept latency = 1596.0735390000002 (+/- 156) us 
Batch average size = NaN (+/- 0) requests
StandardSMMessage ByteCount = 6337
ConsensusMessage ByteCount = 120786
LCMessage ByteCount = 54
TOMMessage ByteCount = 65540554
--- Measurements after 176000 ops (1000 samples) ---
Throughput = 4761.905 operations/sec (Maximum observed: 6896.552 ops/sec)
Total latency = 2.6775443211696E7 (+/- 0) us 
Consensus latency = 3260.177103 (+/- 295) us 
Pre-consensus latency = 0.0 (+/- 0) us 
Pos-consensus latency = 2.6772819557267E7 (+/- 0) us 
Propose latency = 1194.518242 (+/- 242) us 
Write latency = 482.86587199999997 (+/- 355) us 
Accept latency = 1582.792989 (+/- 100) us 
Batch average size = NaN (+/- 0) requests
StandardSMMessage ByteCount = 6337
ConsensusMessage ByteCount = 120786
LCMessage ByteCount = 54
TOMMessage ByteCount = 65797469
--- Measurements after 177000 ops (1000 samples) ---
Throughput = 4716.981 operations/sec (Maximum observed: 6896.552 ops/sec)
Total latency = 2.6949092880146E7 (+/- 0) us 
Consensus latency = 5565.909785 (+/- 4057) us 
Pre-consensus latency = 0.0 (+/- 0) us 
Pos-consensus latency = 2.6945021989569E7 (+/- 0) us 
Propose latency = 3903.009164 (+/- 4000) us 
Write latency = 137.194828 (+/- 11) us 
Accept latency = 1525.705793 (+/- 118) us 
Batch average size = NaN (+/- 0) requests
StandardSMMessage ByteCount = 6337
ConsensusMessage ByteCount = 120786
LCMessage ByteCount = 54
TOMMessage ByteCount = 66085090
--- Measurements after 178000 ops (1000 samples) ---
Throughput = 4672.897 operations/sec (Maximum observed: 6896.552 ops/sec)
Total latency = 2.7136126843685E7 (+/- 0) us 
Consensus latency = 3937.027685 (+/- 1033) us 
Pre-consensus latency = 0.0 (+/- 0) us 
Pos-consensus latency = 2.7132785324378E7 (+/- 0) us 
Propose latency = 2218.452987 (+/- 879) us 
Write latency = 115.121315 (+/- 31) us 
Accept latency = 1603.4533829999998 (+/- 183) us 
Batch average size = NaN (+/- 0) requests
StandardSMMessage ByteCount = 6337
ConsensusMessage ByteCount = 120786
LCMessage ByteCount = 54
TOMMessage ByteCount = 66355706
--- Measurements after 179000 ops (1000 samples) ---
Throughput = 3984.0637 operations/sec (Maximum observed: 6896.552 ops/sec)
Total latency = 2.7328463251228E7 (+/- 0) us 
Consensus latency = 4106.138688 (+/- 609) us 
Pre-consensus latency = 0.0 (+/- 0) us 
Pos-consensus latency = 2.732516920148E7 (+/- 0) us 
Propose latency = 1665.795912 (+/- 725) us 
Write latency = 808.269814 (+/- 702) us 
Accept latency = 1632.072962 (+/- 186) us 
Batch average size = NaN (+/- 0) requests
StandardSMMessage ByteCount = 6337
ConsensusMessage ByteCount = 120786
LCMessage ByteCount = 54
TOMMessage ByteCount = 66668718
--- Measurements after 180000 ops (1000 samples) ---
Throughput = 4672.897 operations/sec (Maximum observed: 6896.552 ops/sec)
Total latency = 2.7550502703583E7 (+/- 0) us 
Consensus latency = 5408.554567 (+/- 1947) us 
Pre-consensus latency = 0.0 (+/- 0) us 
Pos-consensus latency = 2.7545827310174E7 (+/- 0) us 
Propose latency = 1544.5732460000002 (+/- 395) us 
Write latency = 1362.665884 (+/- 1023) us 
Accept latency = 2501.3154369999997 (+/- 1846) us 
Batch average size = NaN (+/- 0) requests
StandardSMMessage ByteCount = 6337
ConsensusMessage ByteCount = 120786
LCMessage ByteCount = 54
TOMMessage ByteCount = 66923510
--- Measurements after 181000 ops (1000 samples) ---
Throughput = 4694.8354 operations/sec (Maximum observed: 6896.552 ops/sec)
Total latency = 2.7735637979351003E7 (+/- 0) us 
Consensus latency = 5656.155788 (+/- 1252) us 
Pre-consensus latency = 0.0 (+/- 0) us 
Pos-consensus latency = 2.7731031840357E7 (+/- 0) us 
Propose latency = 3273.69103 (+/- 1546) us 
Write latency = 931.072244 (+/- 1104) us 
Accept latency = 1451.392514 (+/- 102) us 
Batch average size = NaN (+/- 0) requests
StandardSMMessage ByteCount = 6337
ConsensusMessage ByteCount = 120786
LCMessage ByteCount = 54
TOMMessage ByteCount = 67149777
--- Measurements after 182000 ops (1000 samples) ---
Throughput = 4716.981 operations/sec (Maximum observed: 6896.552 ops/sec)
Total latency = 2.7924677320893E7 (+/- 0) us 
Consensus latency = 3348.013197 (+/- 192) us 
Pre-consensus latency = 0.0 (+/- 0) us 
Pos-consensus latency = 2.7921912993970003E7 (+/- 0) us 
Propose latency = 1217.0229 (+/- 281) us 
Write latency = 487.625744 (+/- 382) us 
Accept latency = 1643.3645530000001 (+/- 134) us 
Batch average size = NaN (+/- 0) requests
StandardSMMessage ByteCount = 6337
ConsensusMessage ByteCount = 120786
LCMessage ByteCount = 54
TOMMessage ByteCount = 67383463
--- Measurements after 183000 ops (1000 samples) ---
Throughput = 6410.2563 operations/sec (Maximum observed: 6896.552 ops/sec)
Total latency = 2.8082812185397997E7 (+/- 0) us 
Consensus latency = 3533.116254 (+/- 182) us 
Pre-consensus latency = 0.0 (+/- 0) us 
Pos-consensus latency = 2.8079862830558E7 (+/- 0) us 
Propose latency = 1137.787243 (+/- 323) us 
Write latency = 853.215859 (+/- 464) us 
Accept latency = 1542.113152 (+/- 171) us 
Batch average size = NaN (+/- 0) requests
StandardSMMessage ByteCount = 6337
ConsensusMessage ByteCount = 120786
LCMessage ByteCount = 54
TOMMessage ByteCount = 67563222
--- Measurements after 184000 ops (1000 samples) ---
Throughput = 6578.9473 operations/sec (Maximum observed: 6896.552 ops/sec)
Total latency = 2.8206526625784002E7 (+/- 0) us 
Consensus latency = 3297.141279 (+/- 98) us 
Pre-consensus latency = 0.0 (+/- 0) us 
Pos-consensus latency = 2.820380988384E7 (+/- 0) us 
Propose latency = 1294.566396 (+/- 254) us 
Write latency = 422.25097 (+/- 353) us 
Accept latency = 1580.323913 (+/- 123) us 
Batch average size = NaN (+/- 0) requests
StandardSMMessage ByteCount = 6337
ConsensusMessage ByteCount = 120786
LCMessage ByteCount = 54
TOMMessage ByteCount = 67704869
--- Measurements after 185000 ops (1000 samples) ---
Throughput = 5681.8184 operations/sec (Maximum observed: 6896.552 ops/sec)
Total latency = 2.8352505055993E7 (+/- 0) us 
Consensus latency = 4109.000133 (+/- 666) us 
Pre-consensus latency = 0.0 (+/- 0) us 
Pos-consensus latency = 2.8349085379994E7 (+/- 0) us 
Propose latency = 1634.016829 (+/- 862) us 
Write latency = 850.548442 (+/- 754) us 
Accept latency = 1624.434862 (+/- 173) us 
Batch average size = NaN (+/- 0) requests
StandardSMMessage ByteCount = 6337
ConsensusMessage ByteCount = 120786
LCMessage ByteCount = 54
TOMMessage ByteCount = 67992424
--- Measurements after 186000 ops (1000 samples) ---
Throughput = 6493.5063 operations/sec (Maximum observed: 6896.552 ops/sec)
Total latency = 2.8480518918855E7 (+/- 0) us 
Consensus latency = 3503.194255 (+/- 642) us 
Pre-consensus latency = 0.0 (+/- 0) us 
Pos-consensus latency = 2.8477627870130002E7 (+/- 0) us 
Propose latency = 1075.192475 (+/- 143) us 
Write latency = 688.194092 (+/- 536) us 
Accept latency = 1739.807688 (+/- 160) us 
Batch average size = NaN (+/- 0) requests
StandardSMMessage ByteCount = 6337
ConsensusMessage ByteCount = 120786
LCMessage ByteCount = 54
TOMMessage ByteCount = 68290625
--- Measurements after 187000 ops (1000 samples) ---
Throughput = 6622.5166 operations/sec (Maximum observed: 6896.552 ops/sec)
Total latency = 2.8592377622846E7 (+/- 0) us 
Consensus latency = 6012.165176 (+/- 4866) us 
Pre-consensus latency = 0.0 (+/- 0) us 
Pos-consensus latency = 2.8588754736522E7 (+/- 0) us 
Propose latency = 4232.502575 (+/- 4886) us 
Write latency = 166.272248 (+/- 111) us 
Accept latency = 1613.3903529999998 (+/- 93) us 
Batch average size = NaN (+/- 0) requests
StandardSMMessage ByteCount = 6337
ConsensusMessage ByteCount = 120786
LCMessage ByteCount = 54
TOMMessage ByteCount = 68636389
--- Measurements after 188000 ops (1000 samples) ---
Throughput = 6578.9473 operations/sec (Maximum observed: 6896.552 ops/sec)
Total latency = 2.8722116077503E7 (+/- 0) us 
Consensus latency = 4583.030989 (+/- 1718) us 
Pre-consensus latency = 0.0 (+/- 0) us 
Pos-consensus latency = 2.8718429696158E7 (+/- 0) us 
Propose latency = 3013.10092 (+/- 1777) us 
Write latency = 146.05011199999998 (+/- 8) us 
Accept latency = 1423.8799569999999 (+/- 77) us 
Batch average size = NaN (+/- 0) requests
StandardSMMessage ByteCount = 6337
ConsensusMessage ByteCount = 120786
LCMessage ByteCount = 54
TOMMessage ByteCount = 69112175
--- Measurements after 189000 ops (1000 samples) ---
Throughput = 6802.721 operations/sec (Maximum observed: 6896.552 ops/sec)
Total latency = 2.8850415647322E7 (+/- 0) us 
Consensus latency = 4265.213486 (+/- 578) us 
Pre-consensus latency = 0.0 (+/- 0) us 
Pos-consensus latency = 2.8846918107336E7 (+/- 0) us 
Propose latency = 1553.156587 (+/- 499) us 
Write latency = 1284.414053 (+/- 268) us 
Accept latency = 1427.642846 (+/- 136) us 
Batch average size = NaN (+/- 0) requests
StandardSMMessage ByteCount = 6337
ConsensusMessage ByteCount = 120786
LCMessage ByteCount = 54
TOMMessage ByteCount = 69178779
--- Measurements after 190000 ops (1000 samples) ---
Throughput = 5649.7173 operations/sec (Maximum observed: 6896.552 ops/sec)
Total latency = 2.8993761982749E7 (+/- 0) us 
Consensus latency = 3291.135874 (+/- 302) us 
Pre-consensus latency = 0.0 (+/- 0) us 
Pos-consensus latency = 2.8990983640407E7 (+/- 0) us 
Propose latency = 872.2013900000001 (+/- 42) us 
Write latency = 891.00276 (+/- 118) us 
Accept latency = 1527.931724 (+/- 199) us 
Batch average size = NaN (+/- 0) requests
StandardSMMessage ByteCount = 6337
ConsensusMessage ByteCount = 120786
LCMessage ByteCount = 54
TOMMessage ByteCount = 69234818
--- Measurements after 191000 ops (1000 samples) ---
Throughput = 6535.9478 operations/sec (Maximum observed: 6896.552 ops/sec)
Total latency = 2.911296959237E7 (+/- 0) us 
Consensus latency = 7301.969008 (+/- 2020) us 
Pre-consensus latency = 0.0 (+/- 0) us 
Pos-consensus latency = 2.9106899171062E7 (+/- 0) us 
Propose latency = 4321.485154 (+/- 2204) us 
Write latency = 1251.505673 (+/- 651) us 
Accept latency = 1728.9781810000002 (+/- 146) us 
Batch average size = NaN (+/- 0) requests
StandardSMMessage ByteCount = 6337
ConsensusMessage ByteCount = 120786
LCMessage ByteCount = 54
TOMMessage ByteCount = 69380717
--- Measurements after 192000 ops (1000 samples) ---
Throughput = 6578.9473 operations/sec (Maximum observed: 6896.552 ops/sec)
Total latency = 2.9242419571667E7 (+/- 0) us 
Consensus latency = 7078.396021 (+/- 2130) us 
Pre-consensus latency = 0.0 (+/- 0) us 
Pos-consensus latency = 2.9236737303829E7 (+/- 0) us 
Propose latency = 5422.548225 (+/- 2255) us 
Write latency = 226.991802 (+/- 310) us 
Accept latency = 1428.855994 (+/- 55) us 
Batch average size = NaN (+/- 0) requests
StandardSMMessage ByteCount = 6337
ConsensusMessage ByteCount = 120786
LCMessage ByteCount = 54
TOMMessage ByteCount = 69551992
--- Measurements after 193000 ops (1000 samples) ---
Throughput = 6578.9473 operations/sec (Maximum observed: 6896.552 ops/sec)
Total latency = 2.9372783649683997E7 (+/- 0) us 
Consensus latency = 3180.281059 (+/- 372) us 
Pre-consensus latency = 0.0 (+/- 0) us 
Pos-consensus latency = 2.9370194144387E7 (+/- 0) us 
Propose latency = 988.158643 (+/- 202) us 
Write latency = 640.0941750000001 (+/- 352) us 
Accept latency = 1552.028241 (+/- 155) us 
Batch average size = NaN (+/- 0) requests
StandardSMMessage ByteCount = 6337
ConsensusMessage ByteCount = 120786
LCMessage ByteCount = 54
TOMMessage ByteCount = 69794132
--- Measurements after 194000 ops (1000 samples) ---
Throughput = 6578.9473 operations/sec (Maximum observed: 6896.552 ops/sec)
Total latency = 2.9497474709622003E7 (+/- 0) us 
Consensus latency = 3041.626024 (+/- 472) us 
Pre-consensus latency = 0.0 (+/- 0) us 
Pos-consensus latency = 2.94949934045E7 (+/- 0) us 
Propose latency = 1087.022045 (+/- 159) us 
Write latency = 444.036063 (+/- 317) us 
Accept latency = 1510.567916 (+/- 215) us 
Batch average size = NaN (+/- 0) requests
StandardSMMessage ByteCount = 6337
ConsensusMessage ByteCount = 120786
LCMessage ByteCount = 54
TOMMessage ByteCount = 70008807
--- Measurements after 195000 ops (1000 samples) ---
Throughput = 5649.7173 operations/sec (Maximum observed: 6896.552 ops/sec)
Total latency = 2.9636769757494997E7 (+/- 0) us 
Consensus latency = 3156.656548 (+/- 365) us 
Pre-consensus latency = 0.0 (+/- 0) us 
Pos-consensus latency = 2.9634180279154E7 (+/- 0) us 
Propose latency = 920.561277 (+/- 64) us 
Write latency = 758.091652 (+/- 225) us 
Accept latency = 1478.0036189999998 (+/- 174) us 
Batch average size = NaN (+/- 0) requests
StandardSMMessage ByteCount = 6337
ConsensusMessage ByteCount = 120786
LCMessage ByteCount = 54
TOMMessage ByteCount = 70256248
--- Measurements after 196000 ops (1000 samples) ---
Throughput = 6535.9478 operations/sec (Maximum observed: 6896.552 ops/sec)
Total latency = 2.9768391754795E7 (+/- 0) us 
Consensus latency = 4318.2244519999995 (+/- 2368) us 
Pre-consensus latency = 0.0 (+/- 0) us 
Pos-consensus latency = 2.9764621142967E7 (+/- 0) us 
Propose latency = 1330.119472 (+/- 856) us 
Write latency = 504.282231 (+/- 297) us 
Accept latency = 2483.822749 (+/- 2268) us 
Batch average size = NaN (+/- 0) requests
StandardSMMessage ByteCount = 6337
ConsensusMessage ByteCount = 120786
LCMessage ByteCount = 54
TOMMessage ByteCount = 70603055
--- Measurements after 197000 ops (1000 samples) ---
Throughput = 6666.6665 operations/sec (Maximum observed: 6896.552 ops/sec)
Total latency = 2.9881541581237E7 (+/- 0) us 
Consensus latency = 3814.6605830000003 (+/- 1440) us 
Pre-consensus latency = 0.0 (+/- 0) us 
Pos-consensus latency = 2.9878395234791E7 (+/- 0) us 
Propose latency = 2094.674624 (+/- 1454) us 
Write latency = 256.448009 (+/- 157) us 
Accept latency = 1463.53795 (+/- 58) us 
Batch average size = NaN (+/- 0) requests
StandardSMMessage ByteCount = 6337
ConsensusMessage ByteCount = 120786
LCMessage ByteCount = 54
TOMMessage ByteCount = 70898079
--- Measurements after 198000 ops (1000 samples) ---
Throughput = 6666.6665 operations/sec (Maximum observed: 6896.552 ops/sec)
Total latency = 3.0004066328286E7 (+/- 0) us 
Consensus latency = 2630.4727319999997 (+/- 272) us 
Pre-consensus latency = 0.0 (+/- 0) us 
Pos-consensus latency = 3.0001838768583998E7 (+/- 0) us 
Propose latency = 658.6071119999999 (+/- 185) us 
Write latency = 444.076945 (+/- 176) us 
Accept latency = 1527.788675 (+/- 190) us 
Batch average size = NaN (+/- 0) requests
StandardSMMessage ByteCount = 6337
ConsensusMessage ByteCount = 120786
LCMessage ByteCount = 54
TOMMessage ByteCount = 71210009
--- Measurements after 199000 ops (1000 samples) ---
Throughput = 6711.409 operations/sec (Maximum observed: 6896.552 ops/sec)
Total latency = 3.0111398284111E7 (+/- 0) us 
Consensus latency = 2466.1648450000002 (+/- 282) us 
Pre-consensus latency = 0.0 (+/- 0) us 
Pos-consensus latency = 3.0109281662964E7 (+/- 0) us 
Propose latency = 547.979531 (+/- 115) us 
Write latency = 409.84522499999997 (+/- 213) us 
Accept latency = 1508.3400889999998 (+/- 169) us 
Batch average size = NaN (+/- 0) requests
StandardSMMessage ByteCount = 6337
ConsensusMessage ByteCount = 120786
LCMessage ByteCount = 54
TOMMessage ByteCount = 71507163
--- Measurements after 200000 ops (1000 samples) ---
Throughput = 5882.353 operations/sec (Maximum observed: 6896.552 ops/sec)
Total latency = 3.0193017637627997E7 (+/- 0) us 
Consensus latency = 2335.188956 (+/- 248) us 
Pre-consensus latency = 0.0 (+/- 0) us 
Pos-consensus latency = 3.0190915150402002E7 (+/- 0) us 
Propose latency = 398.368026 (+/- 115) us 
Write latency = 467.20416600000004 (+/- 298) us 
Accept latency = 1469.6167639999999 (+/- 190) us 
Batch average size = NaN (+/- 0) requests
StandardSMMessage ByteCount = 6337
ConsensusMessage ByteCount = 120786
LCMessage ByteCount = 54
TOMMessage ByteCount = 71824414
