-- Using view stored on disk
-- SSL/TLS handshake complete!, Id:0  ## CipherSuite: TLS_ECDHE_ECDSA_WITH_AES_128_GCM_SHA256.
-- SSL/TLS handshake complete!, Id:1  ## CipherSuite: TLS_ECDHE_ECDSA_WITH_AES_128_GCM_SHA256.
-- ID = 2
-- N = 4
-- F = 1
-- Port (client <-> server) = 11020
-- Port (server <-> server) = 11021
-- requestTimeout = 2000
-- maxBatch = 1024
-- Binded replica to IP address 134.60.242.13
-- Optimizations:  Read-only Requests: disabled
-- SSL/TLS enabled, protocol version: TLSv1.2
-- In current view: ID:0; F:1; Processes:0(/134.60.242.11:11000),1(/134.60.242.12:11010),2(/134.60.242.13:11020),3(/134.60.242.14:11030),
-- Retrieving State
-- Replica state is up to date
-- 
		###################################
		    Ready to process operations    
		###################################
-- Session Created, active clients=0
-- Session Created, active clients=0
-- Session Created, active clients=0
-- Session Created, active clients=0
-- Session Created, active clients=0
-- Session Created, active clients=0
-- Session Created, active clients=0
-- Session Created, active clients=0
-- Session Created, active clients=0
-- Session Created, active clients=0
-- Session Created, active clients=0
-- Session Created, active clients=0
-- Session Created, active clients=0
-- Session Created, active clients=0
-- Session Created, active clients=0
-- Session Created, active clients=0
-- Session Created, active clients=0
-- Session Created, active clients=0
-- Session Created, active clients=0
-- Session Created, active clients=0
-- Session Created, active clients=0
-- Session Created, active clients=0
-- Session Created, active clients=0
-- Session Created, active clients=0
-- Session Created, active clients=0
-- Session Created, active clients=0
-- Session Created, active clients=0
-- Session Created, active clients=0
-- Session Created, active clients=0
-- Session Created, active clients=0
-- Session Created, active clients=0
-- Session Created, active clients=0
-- Session Created, active clients=0
-- Session Created, active clients=0
-- Session Created, active clients=0
-- Session Created, active clients=0
-- Session Created, active clients=0
-- Session Created, active clients=0
-- Session Created, active clients=0
-- Session Created, active clients=0
-- Session Created, active clients=0
-- Session Created, active clients=0
-- Session Created, active clients=0
-- Session Created, active clients=0
-- Session Created, active clients=0
-- Session Created, active clients=0
-- Session Created, active clients=0
-- Session Created, active clients=0
-- Session Created, active clients=0
-- Session Created, active clients=0
-- Session Created, active clients=0
-- Session Created, active clients=0
-- Session Created, active clients=0
-- Session Created, active clients=0
-- Session Created, active clients=0
-- Session Created, active clients=0
-- Session Created, active clients=0
-- Session Created, active clients=0
-- Session Created, active clients=0
-- Session Created, active clients=0
-- Session Created, active clients=0
-- Session Created, active clients=0
-- Session Created, active clients=0
-- Session Created, active clients=0
-- Session Created, active clients=0
-- Session Created, active clients=0
-- Session Created, active clients=0
-- Session Created, active clients=0
-- Session Created, active clients=0
-- Session Created, active clients=0
-- Session Created, active clients=0
-- Session Created, active clients=0
-- Session Created, active clients=0
-- Session Created, active clients=0
-- Session Created, active clients=0
-- Session Created, active clients=0
-- Session Created, active clients=0
-- Session Created, active clients=0
-- Session Created, active clients=0
-- Session Created, active clients=0
-- Session Created, active clients=0
-- Session Created, active clients=0
-- Session Created, active clients=0
-- Session Created, active clients=0
-- Session Created, active clients=0
-- Session Created, active clients=0
-- Session Created, active clients=0
-- Session Created, active clients=0
-- Session Created, active clients=0
-- Session Created, active clients=0
-- Session Created, active clients=0
-- Session Created, active clients=0
-- Session Created, active clients=0
-- Session Created, active clients=0
-- Session Created, active clients=0
-- Session Created, active clients=0
-- Session Created, active clients=0
-- Session Created, active clients=0
-- Session Created, active clients=0
-- Session Created, active clients=0
--- Measurements after 1000 ops (1000 samples) ---
Throughput = 21.715527 operations/sec (Maximum observed: 21.715527 ops/sec)
Total latency = 38467.752737999996 (+/- 23908) us 
Consensus latency = 9439.913715 (+/- 4925) us 
Pre-consensus latency = 0.0 (+/- 0) us 
Pos-consensus latency = 32814.143912 (+/- 22923) us 
Propose latency = 4557.841299 (+/- 2593) us 
Write latency = 1535.389023 (+/- 1145) us 
Accept latency = 3346.6833930000003 (+/- 1992) us 
Batch average size = 50.0 (+/- 33) requests
StandardSMMessage ByteCount = 10398:19
TOMMessage ByteCount = 1397106:1848
ConsensusMessage ByteCount = 12204:60
--- Measurements after 2000 ops (1000 samples) ---
Throughput = 60.61708 operations/sec (Maximum observed: 60.61708 ops/sec)
Total latency = 26868.998532 (+/- 16217) us 
Consensus latency = 6036.076163 (+/- 919) us 
Pre-consensus latency = 0.0 (+/- 0) us 
Pos-consensus latency = 22997.532347 (+/- 16129) us 
Propose latency = 2615.1247489999996 (+/- 844) us 
Write latency = 1194.9935209999999 (+/- 452) us 
Accept latency = 2225.9578930000002 (+/- 405) us 
Batch average size = 50.0 (+/- 33) requests
StandardSMMessage ByteCount = 10398:19
TOMMessage ByteCount = 2894006:3828
ConsensusMessage ByteCount = 24405:120
--- Measurements after 3000 ops (1000 samples) ---
Throughput = 153.94089 operations/sec (Maximum observed: 153.94089 ops/sec)
Total latency = 24489.413657 (+/- 12962) us 
Consensus latency = 5559.238074 (+/- 2055) us 
Pre-consensus latency = 0.0 (+/- 0) us 
Pos-consensus latency = 20566.231337 (+/- 12682) us 
Propose latency = 2616.3796 (+/- 2229) us 
Write latency = 965.3946800000001 (+/- 528) us 
Accept latency = 1977.463794 (+/- 214) us 
Batch average size = 50.0 (+/- 29) requests
StandardSMMessage ByteCount = 10398:19
TOMMessage ByteCount = 4431731:5862
ConsensusMessage ByteCount = 36603:180
--- Measurements after 4000 ops (1000 samples) ---
Throughput = 3076.923 operations/sec (Maximum observed: 3076.923 ops/sec)
Total latency = 113970.015602 (+/- 0) us 
Consensus latency = 9037.419122 (+/- 960) us 
Pre-consensus latency = 0.0 (+/- 0) us 
Pos-consensus latency = 110376.681156 (+/- 0) us 
Propose latency = 6472.050894 (+/- 776) us 
Write latency = 480.726637 (+/- 283) us 
Accept latency = 2084.641591 (+/- 155) us 
Batch average size = 348.0 (+/- 452) requests
StandardSMMessage ByteCount = 10398:19
TOMMessage ByteCount = 4806718:6358
ConsensusMessage ByteCount = 44535:219
--- Measurements after 5000 ops (1000 samples) ---
Throughput = 4115.2266 operations/sec (Maximum observed: 4115.2266 ops/sec)
Total latency = 305777.350884 (+/- 0) us 
Consensus latency = 10216.751871999999 (+/- 485) us 
Pre-consensus latency = 0.0 (+/- 0) us 
Pos-consensus latency = 302118.559032 (+/- 0) us 
Propose latency = 7483.465037 (+/- 220) us 
Write latency = 542.2447169999999 (+/- 200) us 
Accept latency = 2191.042118 (+/- 127) us 
Batch average size = 3835.0 (+/- 0) requests
StandardSMMessage ByteCount = 10398:19
TOMMessage ByteCount = 6114610:8088
ConsensusMessage ByteCount = 51852:255
--- Measurements after 6000 ops (1000 samples) ---
Throughput = 4310.3447 operations/sec (Maximum observed: 4310.3447 ops/sec)
Total latency = 478063.741858 (+/- 0) us 
Consensus latency = 13919.691557 (+/- 4991) us 
Pre-consensus latency = 0.0 (+/- 0) us 
Pos-consensus latency = 471922.06803799997 (+/- 0) us 
Propose latency = 8871.118266000001 (+/- 1096) us 
Write latency = 3460.5252250000003 (+/- 4572) us 
Accept latency = 1588.048066 (+/- 733) us 
Batch average size = NaN (+/- 0) requests
StandardSMMessage ByteCount = 10398:19
TOMMessage ByteCount = 6114610:8088
ConsensusMessage ByteCount = 64668:318
--- Measurements after 7000 ops (1000 samples) ---
Throughput = 4255.3193 operations/sec (Maximum observed: 4310.3447 ops/sec)
Total latency = 651646.449076 (+/- 0) us 
Consensus latency = 21221.661167 (+/- 2500) us 
Pre-consensus latency = 0.0 (+/- 0) us 
Pos-consensus latency = 640973.6167690001 (+/- 0) us 
Propose latency = 12414.434997999999 (+/- 1121) us 
Write latency = 7309.112763 (+/- 4096) us 
Accept latency = 1498.113406 (+/- 858) us 
Batch average size = NaN (+/- 0) requests
StandardSMMessage ByteCount = 10398:19
TOMMessage ByteCount = 6114610:8088
ConsensusMessage ByteCount = 80262:395
--- Measurements after 8000 ops (1000 samples) ---
Throughput = 3236.2458 operations/sec (Maximum observed: 4310.3447 ops/sec)
Total latency = 844419.38285 (+/- 0) us 
Consensus latency = 13823.829169999999 (+/- 2787) us 
Pre-consensus latency = 0.0 (+/- 0) us 
Pos-consensus latency = 839471.0380980001 (+/- 0) us 
Propose latency = 9781.317083 (+/- 1039) us 
Write latency = 2201.0520260000003 (+/- 2152) us 
Accept latency = 1841.460061 (+/- 316) us 
Batch average size = 16556.0 (+/- 0) requests
StandardSMMessage ByteCount = 10398:19
TOMMessage ByteCount = 11913213:15758
ConsensusMessage ByteCount = 103099:507
--- Measurements after 9000 ops (1000 samples) ---
Throughput = 4504.5044 operations/sec (Maximum observed: 4504.5044 ops/sec)
Total latency = 1081738.676735 (+/- 0) us 
Consensus latency = 9041.071240000001 (+/- 1813) us 
Pre-consensus latency = 0.0 (+/- 0) us 
Pos-consensus latency = 1078063.605627 (+/- 0) us 
Propose latency = 6163.880572 (+/- 1516) us 
Write latency = 1157.2869739999999 (+/- 792) us 
Accept latency = 1719.9036939999999 (+/- 309) us 
Batch average size = NaN (+/- 0) requests
StandardSMMessage ByteCount = 10398:19
TOMMessage ByteCount = 11913213:15758
ConsensusMessage ByteCount = 118958:585
--- Measurements after 10000 ops (1000 samples) ---
Throughput = 4444.4443 operations/sec (Maximum observed: 4504.5044 ops/sec)
Total latency = 1237365.833299 (+/- 0) us 
Consensus latency = 14760.222393999999 (+/- 6497) us 
Pre-consensus latency = 0.0 (+/- 0) us 
Pos-consensus latency = 1229967.54097 (+/- 0) us 
Propose latency = 8362.535801 (+/- 1633) us 
Write latency = 4698.131292 (+/- 5835) us 
Accept latency = 1699.5553009999999 (+/- 948) us 
Batch average size = NaN (+/- 0) requests
StandardSMMessage ByteCount = 10398:19
TOMMessage ByteCount = 11913213:15758
ConsensusMessage ByteCount = 133595:657
--- Measurements after 11000 ops (1000 samples) ---
Throughput = 4587.156 operations/sec (Maximum observed: 4587.156 ops/sec)
Total latency = 1391128.8459130002 (+/- 0) us 
Consensus latency = 19474.823446 (+/- 3680) us 
Pre-consensus latency = 0.0 (+/- 0) us 
Pos-consensus latency = 1383137.207941 (+/- 0) us 
Propose latency = 14927.70502 (+/- 3193) us 
Write latency = 2825.381446 (+/- 5258) us 
Accept latency = 1721.73698 (+/- 709) us 
Batch average size = NaN (+/- 0) requests
StandardSMMessage ByteCount = 10398:19
TOMMessage ByteCount = 11913213:15758
ConsensusMessage ByteCount = 150064:738
--- Measurements after 12000 ops (1000 samples) ---
Throughput = 4739.3364 operations/sec (Maximum observed: 4739.3364 ops/sec)
Total latency = 1569314.999146 (+/- 0) us 
Consensus latency = 11166.74779 (+/- 918) us 
Pre-consensus latency = 0.0 (+/- 0) us 
Pos-consensus latency = 1565871.789924 (+/- 0) us 
Propose latency = 9109.01459 (+/- 937) us 
Write latency = 283.57793 (+/- 23) us 
Accept latency = 1774.15527 (+/- 44) us 
Batch average size = NaN (+/- 0) requests
LCMessage ByteCount = 199:1
StandardSMMessage ByteCount = 10398:19
TOMMessage ByteCount = 11913213:15758
ConsensusMessage ByteCount = 166539:819
--- Measurements after 13000 ops (1000 samples) ---
Throughput = 4587.156 operations/sec (Maximum observed: 4739.3364 ops/sec)
Total latency = 1747430.004711 (+/- 0) us 
Consensus latency = 6365.318449 (+/- 627) us 
Pre-consensus latency = 0.0 (+/- 0) us 
Pos-consensus latency = 1744686.04133 (+/- 0) us 
Propose latency = 4048.044736 (+/- 674) us 
Write latency = 435.977032 (+/- 283) us 
Accept latency = 1881.296681 (+/- 141) us 
Batch average size = NaN (+/- 0) requests
LCMessage ByteCount = 199:1
StandardSMMessage ByteCount = 10398:19
TOMMessage ByteCount = 11913213:15758
ConsensusMessage ByteCount = 184228:906
--- Measurements after 14000 ops (1000 samples) ---
Throughput = 4587.156 operations/sec (Maximum observed: 4739.3364 ops/sec)
Total latency = 1905714.359056 (+/- 0) us 
Consensus latency = 8345.009648 (+/- 2845) us 
Pre-consensus latency = 0.0 (+/- 0) us 
Pos-consensus latency = 1901518.000793 (+/- 0) us 
Propose latency = 4692.982637 (+/- 1675) us 
Write latency = 1566.314431 (+/- 1373) us 
Accept latency = 2085.71258 (+/- 168) us 
Batch average size = NaN (+/- 0) requests
LCMessage ByteCount = 199:1
StandardSMMessage ByteCount = 10398:19
TOMMessage ByteCount = 11913213:15758
ConsensusMessage ByteCount = 203747:1002
--- Measurements after 15000 ops (1000 samples) ---
Throughput = 4629.6294 operations/sec (Maximum observed: 4739.3364 ops/sec)
Total latency = 2059431.3853399998 (+/- 0) us 
Consensus latency = 14704.06286 (+/- 5056) us 
Pre-consensus latency = 0.0 (+/- 0) us 
Pos-consensus latency = 2050535.13864 (+/- 0) us 
Propose latency = 11179.77848 (+/- 5771) us 
Write latency = 1997.760415 (+/- 1500) us 
Accept latency = 1526.523965 (+/- 420) us 
Batch average size = NaN (+/- 0) requests
LCMessage ByteCount = 199:1
StandardSMMessage ByteCount = 10398:19
TOMMessage ByteCount = 11913213:15758
ConsensusMessage ByteCount = 222658:1095
--- Measurements after 16000 ops (1000 samples) ---
Throughput = 4587.156 operations/sec (Maximum observed: 4739.3364 ops/sec)
Total latency = 2229446.050997 (+/- 0) us 
Consensus latency = 6238.980321999999 (+/- 1045) us 
Pre-consensus latency = 0.0 (+/- 0) us 
Pos-consensus latency = 2225457.593913 (+/- 0) us 
Propose latency = 2560.226489 (+/- 657) us 
Write latency = 2164.342698 (+/- 764) us 
Accept latency = 1514.411135 (+/- 202) us 
Batch average size = NaN (+/- 0) requests
LCMessage ByteCount = 199:1
StandardSMMessage ByteCount = 10398:19
TOMMessage ByteCount = 11913213:15758
ConsensusMessage ByteCount = 241567:1188
--- Measurements after 17000 ops (1000 samples) ---
Throughput = 4405.286 operations/sec (Maximum observed: 4739.3364 ops/sec)
Total latency = 2392574.606836 (+/- 0) us 
Consensus latency = 6513.996255 (+/- 354) us 
Pre-consensus latency = 0.0 (+/- 0) us 
Pos-consensus latency = 2387893.9145359998 (+/- 0) us 
Propose latency = 2091.0550670000002 (+/- 145) us 
Write latency = 2450.329932 (+/- 329) us 
Accept latency = 1972.6112560000001 (+/- 107) us 
Batch average size = NaN (+/- 0) requests
LCMessage ByteCount = 199:1
StandardSMMessage ByteCount = 10398:19
TOMMessage ByteCount = 11913213:15758
ConsensusMessage ByteCount = 260651:1282
--- Measurements after 18000 ops (1000 samples) ---
Throughput = 3952.569 operations/sec (Maximum observed: 4739.3364 ops/sec)
Total latency = 2600232.506621 (+/- 0) us 
Consensus latency = 6426.188025 (+/- 504) us 
Pre-consensus latency = 0.0 (+/- 0) us 
Pos-consensus latency = 2595795.1998520005 (+/- 0) us 
Propose latency = 2290.4753960000003 (+/- 590) us 
Write latency = 2200.713407 (+/- 444) us 
Accept latency = 1934.9992220000001 (+/- 120) us 
Batch average size = NaN (+/- 0) requests
LCMessage ByteCount = 199:1
StandardSMMessage ByteCount = 10398:19
TOMMessage ByteCount = 11913213:15758
ConsensusMessage ByteCount = 284269:1398
--- Measurements after 19000 ops (1000 samples) ---
Throughput = 4651.1626 operations/sec (Maximum observed: 4739.3364 ops/sec)
Total latency = 2761716.506592 (+/- 0) us 
Consensus latency = 7843.435447 (+/- 1800) us 
Pre-consensus latency = 0.0 (+/- 0) us 
Pos-consensus latency = 2758277.458239 (+/- 0) us 
Propose latency = 4873.0645269999995 (+/- 1944) us 
Write latency = 819.291949 (+/- 534) us 
Accept latency = 2151.078971 (+/- 193) us 
Batch average size = NaN (+/- 0) requests
LCMessage ByteCount = 199:1
StandardSMMessage ByteCount = 10398:19
TOMMessage ByteCount = 11913213:15758
ConsensusMessage ByteCount = 305011:1500
--- Measurements after 20000 ops (1000 samples) ---
Throughput = 4587.156 operations/sec (Maximum observed: 4739.3364 ops/sec)
Total latency = 2923894.036067 (+/- 0) us 
Consensus latency = 6267.276359 (+/- 533) us 
Pre-consensus latency = 0.0 (+/- 0) us 
Pos-consensus latency = 2920860.550644 (+/- 0) us 
Propose latency = 3608.2233149999997 (+/- 388) us 
Write latency = 728.975102 (+/- 395) us 
Accept latency = 1930.0779420000001 (+/- 398) us 
Batch average size = NaN (+/- 0) requests
LCMessage ByteCount = 199:1
StandardSMMessage ByteCount = 10398:19
TOMMessage ByteCount = 11913213:15758
ConsensusMessage ByteCount = 324263:1595
--- Measurements after 21000 ops (1000 samples) ---
Throughput = 4761.905 operations/sec (Maximum observed: 4761.905 ops/sec)
Total latency = 3086231.3976669996 (+/- 0) us 
Consensus latency = 5752.125883000001 (+/- 616) us 
Pre-consensus latency = 0.0 (+/- 0) us 
Pos-consensus latency = 3083482.323356 (+/- 0) us 
Propose latency = 3372.006233 (+/- 517) us 
Write latency = 662.56377 (+/- 252) us 
Accept latency = 1717.55588 (+/- 215) us 
Batch average size = NaN (+/- 0) requests
LCMessage ByteCount = 398:2
StandardSMMessage ByteCount = 10398:19
TOMMessage ByteCount = 11913213:15758
ConsensusMessage ByteCount = 343184:1688
--- Measurements after 22000 ops (1000 samples) ---
Throughput = 4629.6294 operations/sec (Maximum observed: 4761.905 ops/sec)
Total latency = 3245898.602264 (+/- 0) us 
Consensus latency = 5721.116803999999 (+/- 479) us 
Pre-consensus latency = 0.0 (+/- 0) us 
Pos-consensus latency = 3242770.326165 (+/- 0) us 
Propose latency = 2955.350224 (+/- 181) us 
Write latency = 921.811554 (+/- 354) us 
Accept latency = 1843.955026 (+/- 177) us 
Batch average size = NaN (+/- 0) requests
LCMessage ByteCount = 398:2
StandardSMMessage ByteCount = 10398:19
TOMMessage ByteCount = 11913213:15758
ConsensusMessage ByteCount = 362359:1782
--- Measurements after 23000 ops (1000 samples) ---
Throughput = 4608.295 operations/sec (Maximum observed: 4761.905 ops/sec)
Total latency = 3393687.8695619996 (+/- 0) us 
Consensus latency = 6368.16636 (+/- 1144) us 
Pre-consensus latency = 0.0 (+/- 0) us 
Pos-consensus latency = 3389951.241447 (+/- 0) us 
Propose latency = 3113.584127 (+/- 741) us 
Write latency = 1033.9098510000001 (+/- 903) us 
Accept latency = 2220.672382 (+/- 338) us 
Batch average size = NaN (+/- 0) requests
LCMessage ByteCount = 398:2
StandardSMMessage ByteCount = 10398:19
TOMMessage ByteCount = 11913213:15758
ConsensusMessage ByteCount = 381881:1878
--- Measurements after 24000 ops (1000 samples) ---
Throughput = 4739.3364 operations/sec (Maximum observed: 4761.905 ops/sec)
Total latency = 3541583.613141 (+/- 0) us 
Consensus latency = 6621.335973 (+/- 410) us 
Pre-consensus latency = 0.0 (+/- 0) us 
Pos-consensus latency = 3538274.2037870004 (+/- 0) us 
Propose latency = 3951.8041439999997 (+/- 353) us 
Write latency = 239.86954 (+/- 45) us 
Accept latency = 2429.662289 (+/- 154) us 
Batch average size = NaN (+/- 0) requests
LCMessage ByteCount = 398:2
StandardSMMessage ByteCount = 10398:19
TOMMessage ByteCount = 11913213:15758
ConsensusMessage ByteCount = 402013:1977
--- Measurements after 25000 ops (1000 samples) ---
Throughput = 2793.2961 operations/sec (Maximum observed: 4761.905 ops/sec)
Total latency = 3778976.8247399996 (+/- 0) us 
Consensus latency = 7867.8797589999995 (+/- 2821) us 
Pre-consensus latency = 0.0 (+/- 0) us 
Pos-consensus latency = 3774228.3616170003 (+/- 0) us 
Propose latency = 4980.094048000001 (+/- 3109) us 
Write latency = 692.387977 (+/- 714) us 
Accept latency = 2195.397734 (+/- 1055) us 
Batch average size = 67014.0 (+/- 0) requests
LCMessage ByteCount = 398:2
StandardSMMessage ByteCount = 10398:19
TOMMessage ByteCount = 36946262:48870
ConsensusMessage ByteCount = 433732:2133
--- Measurements after 26000 ops (1000 samples) ---
Throughput = 4444.4443 operations/sec (Maximum observed: 4761.905 ops/sec)
Total latency = 3997314.782099 (+/- 0) us 
Consensus latency = 6129.795517 (+/- 422) us 
Pre-consensus latency = 0.0 (+/- 0) us 
Pos-consensus latency = 3993694.640256 (+/- 0) us 
Propose latency = 3381.052058 (+/- 229) us 
Write latency = 941.6026380000001 (+/- 407) us 
Accept latency = 1807.140821 (+/- 177) us 
Batch average size = NaN (+/- 0) requests
LCMessage ByteCount = 398:2
StandardSMMessage ByteCount = 10398:19
TOMMessage ByteCount = 36946262:48870
ConsensusMessage ByteCount = 453860:2232
--- Measurements after 27000 ops (1000 samples) ---
Throughput = 4739.3364 operations/sec (Maximum observed: 4761.905 ops/sec)
Total latency = 4160364.392666 (+/- 0) us 
Consensus latency = 6461.424935 (+/- 1277) us 
Pre-consensus latency = 0.0 (+/- 0) us 
Pos-consensus latency = 4157186.5740219997 (+/- 0) us 
Propose latency = 3811.278227 (+/- 1002) us 
Write latency = 831.84809 (+/- 471) us 
Accept latency = 1818.298618 (+/- 343) us 
Batch average size = NaN (+/- 0) requests
LCMessage ByteCount = 398:2
StandardSMMessage ByteCount = 10398:19
TOMMessage ByteCount = 36946262:48870
ConsensusMessage ByteCount = 470943:2316
--- Measurements after 28000 ops (1000 samples) ---
Throughput = 4587.156 operations/sec (Maximum observed: 4761.905 ops/sec)
Total latency = 4320837.509475 (+/- 0) us 
Consensus latency = 5752.255682 (+/- 478) us 
Pre-consensus latency = 0.0 (+/- 0) us 
Pos-consensus latency = 4317963.976908 (+/- 0) us 
Propose latency = 3339.84471 (+/- 214) us 
Write latency = 649.105473 (+/- 541) us 
Accept latency = 1763.305499 (+/- 118) us 
Batch average size = NaN (+/- 0) requests
LCMessage ByteCount = 398:2
StandardSMMessage ByteCount = 10398:19
TOMMessage ByteCount = 36946262:48870
ConsensusMessage ByteCount = 492636:2423
--- Measurements after 29000 ops (1000 samples) ---
Throughput = 4651.1626 operations/sec (Maximum observed: 4761.905 ops/sec)
Total latency = 4479867.539235 (+/- 0) us 
Consensus latency = 6368.732206000001 (+/- 948) us 
Pre-consensus latency = 0.0 (+/- 0) us 
Pos-consensus latency = 4476858.255634 (+/- 0) us 
Propose latency = 3897.0272170000003 (+/- 795) us 
Write latency = 653.367697 (+/- 324) us 
Accept latency = 1818.337292 (+/- 297) us 
Batch average size = NaN (+/- 0) requests
LCMessage ByteCount = 597:3
StandardSMMessage ByteCount = 10398:19
TOMMessage ByteCount = 36946262:48870
ConsensusMessage ByteCount = 511200:2514
--- Measurements after 30000 ops (1000 samples) ---
Throughput = 4761.905 operations/sec (Maximum observed: 4761.905 ops/sec)
Total latency = 4641604.504292 (+/- 0) us 
Consensus latency = 5055.619884 (+/- 312) us 
Pre-consensus latency = 0.0 (+/- 0) us 
Pos-consensus latency = 4639097.257562 (+/- 0) us 
Propose latency = 2879.0323590000003 (+/- 363) us 
Write latency = 476.778674 (+/- 250) us 
Accept latency = 1699.808851 (+/- 164) us 
Batch average size = NaN (+/- 0) requests
LCMessage ByteCount = 597:3
StandardSMMessage ByteCount = 10398:19
TOMMessage ByteCount = 36946262:48870
ConsensusMessage ByteCount = 530113:2607
--- Measurements after 31000 ops (1000 samples) ---
Throughput = 4608.295 operations/sec (Maximum observed: 4761.905 ops/sec)
Total latency = 4796408.966778 (+/- 0) us 
Consensus latency = 9274.719275 (+/- 3163) us 
Pre-consensus latency = 0.0 (+/- 0) us 
Pos-consensus latency = 4790918.754300999 (+/- 0) us 
Propose latency = 4317.276902 (+/- 1361) us 
Write latency = 2961.536347 (+/- 2632) us 
Accept latency = 1995.906026 (+/- 390) us 
Batch average size = NaN (+/- 0) requests
LCMessage ByteCount = 597:3
StandardSMMessage ByteCount = 10398:19
TOMMessage ByteCount = 36946262:48870
ConsensusMessage ByteCount = 550852:2709
--- Measurements after 32000 ops (1000 samples) ---
Throughput = 4629.6294 operations/sec (Maximum observed: 4761.905 ops/sec)
Total latency = 4953776.286761 (+/- 0) us 
Consensus latency = 8893.388129 (+/- 409) us 
Pre-consensus latency = 0.0 (+/- 0) us 
Pos-consensus latency = 4948668.640514 (+/- 0) us 
Propose latency = 4202.423399 (+/- 198) us 
Write latency = 2275.3837439999998 (+/- 198) us 
Accept latency = 2415.580986 (+/- 185) us 
Batch average size = NaN (+/- 0) requests
LCMessage ByteCount = 597:3
StandardSMMessage ByteCount = 10398:19
TOMMessage ByteCount = 36946262:48870
ConsensusMessage ByteCount = 572205:2814
--- Measurements after 33000 ops (1000 samples) ---
Throughput = 4761.905 operations/sec (Maximum observed: 4761.905 ops/sec)
Total latency = 5110177.3585 (+/- 0) us 
Consensus latency = 8790.568997999999 (+/- 3596) us 
Pre-consensus latency = 0.0 (+/- 0) us 
Pos-consensus latency = 5106717.06661 (+/- 0) us 
Propose latency = 6099.89647 (+/- 3877) us 
Write latency = 838.134686 (+/- 714) us 
Accept latency = 1852.537842 (+/- 302) us 
Batch average size = NaN (+/- 0) requests
LCMessage ByteCount = 597:3
StandardSMMessage ByteCount = 10398:19
TOMMessage ByteCount = 36946262:48870
ConsensusMessage ByteCount = 591720:2910
--- Measurements after 34000 ops (1000 samples) ---
Throughput = 4608.295 operations/sec (Maximum observed: 4761.905 ops/sec)
Total latency = 5272094.7034020005 (+/- 0) us 
Consensus latency = 6643.7722220000005 (+/- 926) us 
Pre-consensus latency = 0.0 (+/- 0) us 
Pos-consensus latency = 5268768.861503 (+/- 0) us 
Propose latency = 3674.937953 (+/- 823) us 
Write latency = 956.1361330000001 (+/- 294) us 
Accept latency = 2012.698136 (+/- 649) us 
Batch average size = NaN (+/- 0) requests
LCMessage ByteCount = 597:3
StandardSMMessage ByteCount = 10398:19
TOMMessage ByteCount = 36946262:48870
ConsensusMessage ByteCount = 611853:3009
--- Measurements after 35000 ops (1000 samples) ---
Throughput = 4587.156 operations/sec (Maximum observed: 4761.905 ops/sec)
Total latency = 5434095.687904 (+/- 0) us 
Consensus latency = 6347.375363 (+/- 1155) us 
Pre-consensus latency = 0.0 (+/- 0) us 
Pos-consensus latency = 5431050.330998 (+/- 0) us 
Propose latency = 3658.786065 (+/- 927) us 
Write latency = 915.298288 (+/- 298) us 
Accept latency = 1773.29101 (+/- 137) us 
Batch average size = NaN (+/- 0) requests
LCMessage ByteCount = 597:3
StandardSMMessage ByteCount = 10398:19
TOMMessage ByteCount = 36946262:48870
ConsensusMessage ByteCount = 631981:3108
--- Measurements after 36000 ops (1000 samples) ---
Throughput = 4784.689 operations/sec (Maximum observed: 4784.689 ops/sec)
Total latency = 5594162.7278579995 (+/- 0) us 
Consensus latency = 5067.607309 (+/- 309) us 
Pre-consensus latency = 0.0 (+/- 0) us 
Pos-consensus latency = 5591592.110615 (+/- 0) us 
Propose latency = 2747.759164 (+/- 155) us 
Write latency = 569.178122 (+/- 181) us 
Accept latency = 1750.6700230000001 (+/- 224) us 
Batch average size = NaN (+/- 0) requests
LCMessage ByteCount = 597:3
StandardSMMessage ByteCount = 10398:19
TOMMessage ByteCount = 36946262:48870
ConsensusMessage ByteCount = 652719:3210
--- Measurements after 37000 ops (1000 samples) ---
Throughput = 4608.295 operations/sec (Maximum observed: 4784.689 ops/sec)
Total latency = 5754478.790442 (+/- 0) us 
Consensus latency = 4994.253463 (+/- 197) us 
Pre-consensus latency = 0.0 (+/- 0) us 
Pos-consensus latency = 5751983.907238 (+/- 0) us 
Propose latency = 2794.615238 (+/- 92) us 
Write latency = 435.05832699999996 (+/- 177) us 
Accept latency = 1764.579898 (+/- 124) us 
Batch average size = NaN (+/- 0) requests
LCMessage ByteCount = 597:3
StandardSMMessage ByteCount = 10398:19
TOMMessage ByteCount = 36946262:48870
ConsensusMessage ByteCount = 672849:3309
--- Measurements after 38000 ops (1000 samples) ---
Throughput = 4608.295 operations/sec (Maximum observed: 4784.689 ops/sec)
Total latency = 5911872.351911999 (+/- 0) us 
Consensus latency = 5983.197291 (+/- 616) us 
Pre-consensus latency = 0.0 (+/- 0) us 
Pos-consensus latency = 5908959.022049 (+/- 0) us 
Propose latency = 3668.280409 (+/- 618) us 
Write latency = 641.500377 (+/- 242) us 
Accept latency = 1673.416505 (+/- 375) us 
Batch average size = NaN (+/- 0) requests
LCMessage ByteCount = 597:3
StandardSMMessage ByteCount = 10398:19
TOMMessage ByteCount = 36946262:48870
ConsensusMessage ByteCount = 692978:3408
--- Measurements after 39000 ops (1000 samples) ---
Throughput = 4629.6294 operations/sec (Maximum observed: 4784.689 ops/sec)
Total latency = 6070247.700765001 (+/- 0) us 
Consensus latency = 5851.233358 (+/- 769) us 
Pre-consensus latency = 0.0 (+/- 0) us 
Pos-consensus latency = 6067365.943031 (+/- 0) us 
Propose latency = 3378.22435 (+/- 819) us 
Write latency = 538.575883 (+/- 235) us 
Accept latency = 1934.433125 (+/- 440) us 
Batch average size = NaN (+/- 0) requests
LCMessage ByteCount = 796:4
StandardSMMessage ByteCount = 10398:19
TOMMessage ByteCount = 36946262:48870
ConsensusMessage ByteCount = 712499:3504
--- Measurements after 40000 ops (1000 samples) ---
Throughput = 4716.981 operations/sec (Maximum observed: 4784.689 ops/sec)
Total latency = 6231272.981027001 (+/- 0) us 
Consensus latency = 6651.565842 (+/- 1417) us 
Pre-consensus latency = 0.0 (+/- 0) us 
Pos-consensus latency = 6228532.012496999 (+/- 0) us 
Propose latency = 4625.835517 (+/- 1529) us 
Write latency = 345.968965 (+/- 199) us 
Accept latency = 1679.7613600000002 (+/- 104) us 
Batch average size = NaN (+/- 0) requests
LCMessage ByteCount = 796:4
StandardSMMessage ByteCount = 10398:19
TOMMessage ByteCount = 36946262:48870
ConsensusMessage ByteCount = 733852:3609
--- Measurements after 41000 ops (1000 samples) ---
Throughput = 4587.156 operations/sec (Maximum observed: 4784.689 ops/sec)
Total latency = 6392202.432930999 (+/- 0) us 
Consensus latency = 4912.058954 (+/- 199) us 
Pre-consensus latency = 0.0 (+/- 0) us 
Pos-consensus latency = 6389769.477407 (+/- 0) us 
Propose latency = 2755.731508 (+/- 116) us 
Write latency = 542.091678 (+/- 327) us 
Accept latency = 1614.235768 (+/- 221) us 
Batch average size = NaN (+/- 0) requests
LCMessage ByteCount = 796:4
StandardSMMessage ByteCount = 10398:19
TOMMessage ByteCount = 36946262:48870
ConsensusMessage ByteCount = 753984:3708
--- Measurements after 42000 ops (1000 samples) ---
Throughput = 4629.6294 operations/sec (Maximum observed: 4784.689 ops/sec)
Total latency = 6550365.768708999 (+/- 0) us 
Consensus latency = 5394.563846 (+/- 591) us 
Pre-consensus latency = 0.0 (+/- 0) us 
Pos-consensus latency = 6547540.232628 (+/- 0) us 
Propose latency = 3165.4279500000002 (+/- 601) us 
Write latency = 442.53808899999996 (+/- 211) us 
Accept latency = 1786.597807 (+/- 151) us 
Batch average size = NaN (+/- 0) requests
LCMessage ByteCount = 796:4
StandardSMMessage ByteCount = 10398:19
TOMMessage ByteCount = 36946262:48870
ConsensusMessage ByteCount = 772893:3801
--- Measurements after 43000 ops (1000 samples) ---
Throughput = 4739.3364 operations/sec (Maximum observed: 4784.689 ops/sec)
Total latency = 6710380.344026 (+/- 0) us 
Consensus latency = 5261.865027 (+/- 509) us 
Pre-consensus latency = 0.0 (+/- 0) us 
Pos-consensus latency = 6707488.104592 (+/- 0) us 
Propose latency = 2745.586646 (+/- 243) us 
Write latency = 826.310973 (+/- 431) us 
Accept latency = 1689.967408 (+/- 273) us 
Batch average size = NaN (+/- 0) requests
LCMessage ByteCount = 796:4
StandardSMMessage ByteCount = 10398:19
TOMMessage ByteCount = 36946262:48870
ConsensusMessage ByteCount = 792411:3897
--- Measurements after 44000 ops (1000 samples) ---
Throughput = 4629.6294 operations/sec (Maximum observed: 4784.689 ops/sec)
Total latency = 6868973.165347001 (+/- 0) us 
Consensus latency = 5373.12883 (+/- 330) us 
Pre-consensus latency = 0.0 (+/- 0) us 
Pos-consensus latency = 6866056.160232999 (+/- 0) us 
Propose latency = 2752.040189 (+/- 197) us 
Write latency = 881.306564 (+/- 310) us 
Accept latency = 1739.782077 (+/- 151) us 
Batch average size = NaN (+/- 0) requests
LCMessage ByteCount = 796:4
StandardSMMessage ByteCount = 10398:19
TOMMessage ByteCount = 36946262:48870
ConsensusMessage ByteCount = 812103:3994
--- Measurements after 45000 ops (1000 samples) ---
Throughput = 4629.6294 operations/sec (Maximum observed: 4784.689 ops/sec)
Total latency = 7024040.507739999 (+/- 0) us 
Consensus latency = 6036.251329 (+/- 837) us 
Pre-consensus latency = 0.0 (+/- 0) us 
Pos-consensus latency = 7021259.326938 (+/- 0) us 
Propose latency = 3610.550425 (+/- 1005) us 
Write latency = 723.6706389999999 (+/- 424) us 
Accept latency = 1702.0302649999999 (+/- 206) us 
Batch average size = NaN (+/- 0) requests
LCMessage ByteCount = 796:4
StandardSMMessage ByteCount = 10398:19
TOMMessage ByteCount = 36946262:48870
ConsensusMessage ByteCount = 831451:4089
--- Measurements after 46000 ops (1000 samples) ---
Throughput = 4784.689 operations/sec (Maximum observed: 4784.689 ops/sec)
Total latency = 7186087.982024999 (+/- 0) us 
Consensus latency = 5060.6518909999995 (+/- 311) us 
Pre-consensus latency = 0.0 (+/- 0) us 
Pos-consensus latency = 7183392.408077 (+/- 0) us 
Propose latency = 2599.937311 (+/- 258) us 
Write latency = 852.210838 (+/- 217) us 
Accept latency = 1608.503742 (+/- 197) us 
Batch average size = NaN (+/- 0) requests
LCMessage ByteCount = 796:4
StandardSMMessage ByteCount = 10398:19
TOMMessage ByteCount = 36946262:48870
ConsensusMessage ByteCount = 850970:4185
--- Measurements after 47000 ops (1000 samples) ---
Throughput = 4629.6294 operations/sec (Maximum observed: 4784.689 ops/sec)
Total latency = 7343569.546227001 (+/- 0) us 
Consensus latency = 5693.200267 (+/- 2068) us 
Pre-consensus latency = 0.0 (+/- 0) us 
Pos-consensus latency = 7340208.714354999 (+/- 0) us 
Propose latency = 2680.90331 (+/- 301) us 
Write latency = 1342.887932 (+/- 2131) us 
Accept latency = 1669.409025 (+/- 86) us 
Batch average size = NaN (+/- 0) requests
LCMessage ByteCount = 796:4
StandardSMMessage ByteCount = 10398:19
TOMMessage ByteCount = 36946262:48870
ConsensusMessage ByteCount = 872321:4290
--- Measurements after 48000 ops (1000 samples) ---
Throughput = 4629.6294 operations/sec (Maximum observed: 4784.689 ops/sec)
Total latency = 7503122.752761 (+/- 0) us 
Consensus latency = 5206.574762 (+/- 310) us 
Pre-consensus latency = 0.0 (+/- 0) us 
Pos-consensus latency = 7500311.317584 (+/- 0) us 
Propose latency = 2650.376821 (+/- 171) us 
Write latency = 754.722038 (+/- 294) us 
Accept latency = 1801.475903 (+/- 142) us 
Batch average size = NaN (+/- 0) requests
LCMessage ByteCount = 995:5
StandardSMMessage ByteCount = 10398:19
TOMMessage ByteCount = 36946262:48870
ConsensusMessage ByteCount = 894276:4398
--- Measurements after 49000 ops (1000 samples) ---
Throughput = 4761.905 operations/sec (Maximum observed: 4784.689 ops/sec)
Total latency = 7662237.922918 (+/- 0) us 
Consensus latency = 5103.576954 (+/- 232) us 
Pre-consensus latency = 0.0 (+/- 0) us 
Pos-consensus latency = 7659511.779925999 (+/- 0) us 
Propose latency = 2692.416562 (+/- 215) us 
Write latency = 699.800537 (+/- 224) us 
Accept latency = 1711.359855 (+/- 190) us 
Batch average size = NaN (+/- 0) requests
LCMessage ByteCount = 995:5
StandardSMMessage ByteCount = 10398:19
TOMMessage ByteCount = 36946262:48870
ConsensusMessage ByteCount = 914410:4497
--- Measurements after 50000 ops (1000 samples) ---
Throughput = 4629.6294 operations/sec (Maximum observed: 4784.689 ops/sec)
Total latency = 7819622.250259 (+/- 0) us 
Consensus latency = 6400.617088999999 (+/- 1201) us 
Pre-consensus latency = 0.0 (+/- 0) us 
Pos-consensus latency = 7816401.914337 (+/- 0) us 
Propose latency = 3489.159463 (+/- 785) us 
Write latency = 1303.526136 (+/- 482) us 
Accept latency = 1607.93149 (+/- 148) us 
Batch average size = NaN (+/- 0) requests
LCMessage ByteCount = 995:5
StandardSMMessage ByteCount = 10398:19
TOMMessage ByteCount = 36946262:48870
ConsensusMessage ByteCount = 935146:4599
--- Measurements after 51000 ops (1000 samples) ---
Throughput = 4608.295 operations/sec (Maximum observed: 4784.689 ops/sec)
Total latency = 7980242.106366999 (+/- 0) us 
Consensus latency = 5045.955145999999 (+/- 465) us 
Pre-consensus latency = 0.0 (+/- 0) us 
Pos-consensus latency = 7977471.480869001 (+/- 0) us 
Propose latency = 2558.905819 (+/- 212) us 
Write latency = 923.71178 (+/- 227) us 
Accept latency = 1563.337547 (+/- 322) us 
Batch average size = NaN (+/- 0) requests
LCMessage ByteCount = 995:5
StandardSMMessage ByteCount = 10398:19
TOMMessage ByteCount = 36946262:48870
ConsensusMessage ByteCount = 955621:4700
--- Measurements after 52000 ops (1000 samples) ---
Throughput = 4629.6294 operations/sec (Maximum observed: 4784.689 ops/sec)
Total latency = 8135372.443734 (+/- 0) us 
Consensus latency = 5792.392727 (+/- 2718) us 
Pre-consensus latency = 0.0 (+/- 0) us 
Pos-consensus latency = 8132612.930327 (+/- 0) us 
Propose latency = 3576.528871 (+/- 2795) us 
Write latency = 487.610217 (+/- 339) us 
Accept latency = 1728.253639 (+/- 213) us 
Batch average size = NaN (+/- 0) requests
LCMessage ByteCount = 995:5
StandardSMMessage ByteCount = 10398:19
TOMMessage ByteCount = 36946262:48870
ConsensusMessage ByteCount = 975747:4799
--- Measurements after 53000 ops (1000 samples) ---
Throughput = 4739.3364 operations/sec (Maximum observed: 4784.689 ops/sec)
Total latency = 8297326.078561 (+/- 0) us 
Consensus latency = 5060.307006 (+/- 301) us 
Pre-consensus latency = 0.0 (+/- 0) us 
Pos-consensus latency = 8294514.387326 (+/- 0) us 
Propose latency = 2467.3462769999996 (+/- 117) us 
Write latency = 944.518378 (+/- 259) us 
Accept latency = 1648.442351 (+/- 175) us 
Batch average size = NaN (+/- 0) requests
LCMessage ByteCount = 995:5
StandardSMMessage ByteCount = 10398:19
TOMMessage ByteCount = 36946262:48870
ConsensusMessage ByteCount = 995873:4898
--- Measurements after 54000 ops (1000 samples) ---
Throughput = 4629.6294 operations/sec (Maximum observed: 4784.689 ops/sec)
Total latency = 8455734.454757 (+/- 0) us 
Consensus latency = 4881.671376 (+/- 307) us 
Pre-consensus latency = 0.0 (+/- 0) us 
Pos-consensus latency = 8453052.15846 (+/- 0) us 
Propose latency = 2442.073374 (+/- 219) us 
Write latency = 852.526252 (+/- 259) us 
Accept latency = 1587.07175 (+/- 197) us 
Batch average size = NaN (+/- 0) requests
LCMessage ByteCount = 995:5
StandardSMMessage ByteCount = 10398:19
TOMMessage ByteCount = 36946262:48870
ConsensusMessage ByteCount = 1016261:4998
--- Measurements after 55000 ops (1000 samples) ---
Throughput = 4629.6294 operations/sec (Maximum observed: 4784.689 ops/sec)
Total latency = 8610423.885375 (+/- 0) us 
Consensus latency = 5655.842266 (+/- 774) us 
Pre-consensus latency = 0.0 (+/- 0) us 
Pos-consensus latency = 8607829.929771999 (+/- 0) us 
Propose latency = 3354.409443 (+/- 836) us 
Write latency = 698.109688 (+/- 242) us 
Accept latency = 1603.323135 (+/- 118) us 
Batch average size = NaN (+/- 0) requests
LCMessage ByteCount = 995:5
StandardSMMessage ByteCount = 10398:19
TOMMessage ByteCount = 36946262:48870
ConsensusMessage ByteCount = 1037003:5100
--- Measurements after 56000 ops (1000 samples) ---
Throughput = 4739.3364 operations/sec (Maximum observed: 4784.689 ops/sec)
Total latency = 8769651.321209 (+/- 0) us 
Consensus latency = 6485.6736789999995 (+/- 3853) us 
Pre-consensus latency = 0.0 (+/- 0) us 
Pos-consensus latency = 8766441.83898 (+/- 0) us 
Propose latency = 4228.619334 (+/- 3986) us 
Write latency = 480.81127299999997 (+/- 351) us 
Accept latency = 1776.243072 (+/- 375) us 
Batch average size = NaN (+/- 0) requests
LCMessage ByteCount = 995:5
StandardSMMessage ByteCount = 10398:19
TOMMessage ByteCount = 36946262:48870
ConsensusMessage ByteCount = 1056521:5196
--- Measurements after 57000 ops (1000 samples) ---
Throughput = 4629.6294 operations/sec (Maximum observed: 4784.689 ops/sec)
Total latency = 8929637.40274 (+/- 0) us 
Consensus latency = 4524.462941 (+/- 421) us 
Pre-consensus latency = 0.0 (+/- 0) us 
Pos-consensus latency = 8927390.071913 (+/- 0) us 
Propose latency = 2511.506095 (+/- 190) us 
Write latency = 519.40832 (+/- 337) us 
Accept latency = 1493.548526 (+/- 104) us 
Batch average size = NaN (+/- 0) requests
LCMessage ByteCount = 995:5
StandardSMMessage ByteCount = 10398:19
TOMMessage ByteCount = 36946262:48870
ConsensusMessage ByteCount = 1078213:5303
--- Measurements after 58000 ops (1000 samples) ---
Throughput = 4629.6294 operations/sec (Maximum observed: 4784.689 ops/sec)
Total latency = 9088187.676709998 (+/- 0) us 
Consensus latency = 4997.599019 (+/- 333) us 
Pre-consensus latency = 0.0 (+/- 0) us 
Pos-consensus latency = 9085519.820195 (+/- 0) us 
Propose latency = 2624.294809 (+/- 217) us 
Write latency = 817.3869080000001 (+/- 181) us 
Accept latency = 1555.9173019999998 (+/- 130) us 
Batch average size = NaN (+/- 0) requests
LCMessage ByteCount = 995:5
StandardSMMessage ByteCount = 10398:19
TOMMessage ByteCount = 36946262:48870
ConsensusMessage ByteCount = 1098611:5403
--- Measurements after 59000 ops (1000 samples) ---
Throughput = 4716.981 operations/sec (Maximum observed: 4784.689 ops/sec)
Total latency = 9247480.556641001 (+/- 0) us 
Consensus latency = 5012.797235999999 (+/- 251) us 
Pre-consensus latency = 0.0 (+/- 0) us 
Pos-consensus latency = 9244674.336056 (+/- 0) us 
Propose latency = 2473.325371 (+/- 100) us 
Write latency = 885.862276 (+/- 344) us 
Accept latency = 1653.609589 (+/- 222) us 
Batch average size = NaN (+/- 0) requests
LCMessage ByteCount = 995:5
StandardSMMessage ByteCount = 10398:19
TOMMessage ByteCount = 36946262:48870
ConsensusMessage ByteCount = 1118736:5502
--- Measurements after 60000 ops (1000 samples) ---
Throughput = 4608.295 operations/sec (Maximum observed: 4784.689 ops/sec)
Total latency = 9403331.972755 (+/- 0) us 
Consensus latency = 6212.095024 (+/- 1319) us 
Pre-consensus latency = 0.0 (+/- 0) us 
Pos-consensus latency = 9400581.336259 (+/- 0) us 
Propose latency = 3837.2430329999997 (+/- 1074) us 
Write latency = 699.258809 (+/- 269) us 
Accept latency = 1675.593182 (+/- 116) us 
Batch average size = NaN (+/- 0) requests
LCMessage ByteCount = 995:5
StandardSMMessage ByteCount = 10398:19
TOMMessage ByteCount = 36946262:48870
ConsensusMessage ByteCount = 1139035:5602
--- Measurements after 61000 ops (1000 samples) ---
Throughput = 4608.295 operations/sec (Maximum observed: 4784.689 ops/sec)
Total latency = 9560617.223517999 (+/- 0) us 
Consensus latency = 6419.826657 (+/- 2497) us 
Pre-consensus latency = 0.0 (+/- 0) us 
Pos-consensus latency = 9557817.489513 (+/- 0) us 
Propose latency = 4024.684572 (+/- 2447) us 
Write latency = 354.97008600000004 (+/- 339) us 
Accept latency = 2040.1719990000001 (+/- 314) us 
Batch average size = NaN (+/- 0) requests
LCMessage ByteCount = 1194:6
StandardSMMessage ByteCount = 10398:19
TOMMessage ByteCount = 36946262:48870
ConsensusMessage ByteCount = 1160835:5709
--- Measurements after 62000 ops (1000 samples) ---
Throughput = 4608.295 operations/sec (Maximum observed: 4784.689 ops/sec)
Total latency = 9720900.992144 (+/- 0) us 
Consensus latency = 5696.796658 (+/- 243) us 
Pre-consensus latency = 0.0 (+/- 0) us 
Pos-consensus latency = 9718180.089554 (+/- 0) us 
Propose latency = 3290.748777 (+/- 237) us 
Write latency = 171.310358 (+/- 14) us 
Accept latency = 2234.7375230000002 (+/- 52) us 
Batch average size = NaN (+/- 0) requests
LCMessage ByteCount = 1194:6
StandardSMMessage ByteCount = 10398:19
TOMMessage ByteCount = 36946262:48870
ConsensusMessage ByteCount = 1180962:5808
--- Measurements after 63000 ops (1000 samples) ---
Throughput = 4716.981 operations/sec (Maximum observed: 4784.689 ops/sec)
Total latency = 9883220.512201 (+/- 0) us 
Consensus latency = 5400.998949 (+/- 310) us 
Pre-consensus latency = 0.0 (+/- 0) us 
Pos-consensus latency = 9880532.359242 (+/- 0) us 
Propose latency = 3023.490519 (+/- 251) us 
Write latency = 247.101056 (+/- 298) us 
Accept latency = 2130.407374 (+/- 212) us 
Batch average size = NaN (+/- 0) requests
LCMessage ByteCount = 1194:6
StandardSMMessage ByteCount = 10398:19
TOMMessage ByteCount = 36946262:48870
ConsensusMessage ByteCount = 1202654:5915
--- Measurements after 64000 ops (1000 samples) ---
Throughput = 4587.156 operations/sec (Maximum observed: 4784.689 ops/sec)
Total latency = 1.0044076614981001E7 (+/- 0) us 
Consensus latency = 4714.514781000001 (+/- 202) us 
Pre-consensus latency = 0.0 (+/- 0) us 
Pos-consensus latency = 1.0041559889924E7 (+/- 0) us 
Propose latency = 2449.360511 (+/- 148) us 
Write latency = 755.998522 (+/- 178) us 
Accept latency = 1509.155748 (+/- 150) us 
Batch average size = NaN (+/- 0) requests
LCMessage ByteCount = 1194:6
StandardSMMessage ByteCount = 10398:19
TOMMessage ByteCount = 36946262:48870
ConsensusMessage ByteCount = 1223047:6015
--- Measurements after 65000 ops (1000 samples) ---
Throughput = 4566.21 operations/sec (Maximum observed: 4784.689 ops/sec)
Total latency = 1.0202559198285999E7 (+/- 0) us 
Consensus latency = 5416.923215 (+/- 832) us 
Pre-consensus latency = 0.0 (+/- 0) us 
Pos-consensus latency = 1.0199951925495E7 (+/- 0) us 
Propose latency = 3188.6213420000004 (+/- 680) us 
Write latency = 568.996123 (+/- 237) us 
Accept latency = 1659.30575 (+/- 282) us 
Batch average size = NaN (+/- 0) requests
LCMessage ByteCount = 1194:6
StandardSMMessage ByteCount = 10398:19
TOMMessage ByteCount = 36946262:48870
ConsensusMessage ByteCount = 1243964:6118
--- Measurements after 66000 ops (1000 samples) ---
Throughput = 4739.3364 operations/sec (Maximum observed: 4784.689 ops/sec)
Total latency = 1.0366147258009002E7 (+/- 0) us 
Consensus latency = 4791.585815 (+/- 229) us 
Pre-consensus latency = 0.0 (+/- 0) us 
Pos-consensus latency = 1.0363553460555E7 (+/- 0) us 
Propose latency = 2491.803689 (+/- 155) us 
Write latency = 690.6750089999999 (+/- 168) us 
Accept latency = 1609.107117 (+/- 123) us 
Batch average size = NaN (+/- 0) requests
LCMessage ByteCount = 1194:6
StandardSMMessage ByteCount = 10398:19
TOMMessage ByteCount = 36946262:48870
ConsensusMessage ByteCount = 1264879:6221
--- Measurements after 67000 ops (1000 samples) ---
Throughput = 4587.156 operations/sec (Maximum observed: 4784.689 ops/sec)
Total latency = 1.0524976583223E7 (+/- 0) us 
Consensus latency = 5421.615434 (+/- 1658) us 
Pre-consensus latency = 0.0 (+/- 0) us 
Pos-consensus latency = 1.0521800884106E7 (+/- 0) us 
Propose latency = 2838.1365690000002 (+/- 859) us 
Write latency = 419.07603 (+/- 182) us 
Accept latency = 2164.402835 (+/- 1656) us 
Batch average size = NaN (+/- 0) requests
LCMessage ByteCount = 1194:6
StandardSMMessage ByteCount = 10398:19
TOMMessage ByteCount = 36946262:48870
ConsensusMessage ByteCount = 1285881:6324
--- Measurements after 68000 ops (1000 samples) ---
Throughput = 4608.295 operations/sec (Maximum observed: 4784.689 ops/sec)
Total latency = 1.0685532334785E7 (+/- 0) us 
Consensus latency = 4783.215279 (+/- 549) us 
Pre-consensus latency = 0.0 (+/- 0) us 
Pos-consensus latency = 1.0682993421945998E7 (+/- 0) us 
Propose latency = 2513.8256800000004 (+/- 122) us 
Write latency = 684.407429 (+/- 426) us 
Accept latency = 1584.98217 (+/- 202) us 
Batch average size = NaN (+/- 0) requests
LCMessage ByteCount = 1194:6
StandardSMMessage ByteCount = 10398:19
TOMMessage ByteCount = 36946262:48870
ConsensusMessage ByteCount = 1306013:6423
--- Measurements after 69000 ops (1000 samples) ---
Throughput = 4629.6294 operations/sec (Maximum observed: 4784.689 ops/sec)
Total latency = 1.0845840949819E7 (+/- 0) us 
Consensus latency = 4715.871303 (+/- 266) us 
Pre-consensus latency = 0.0 (+/- 0) us 
Pos-consensus latency = 1.0843294354564E7 (+/- 0) us 
Propose latency = 2469.167784 (+/- 172) us 
Write latency = 553.397176 (+/- 171) us 
Accept latency = 1693.3063430000002 (+/- 97) us 
Batch average size = NaN (+/- 0) requests
LCMessage ByteCount = 1194:6
StandardSMMessage ByteCount = 10398:19
TOMMessage ByteCount = 36946262:48870
ConsensusMessage ByteCount = 1325881:6521
--- Measurements after 70000 ops (1000 samples) ---
Throughput = 4761.905 operations/sec (Maximum observed: 4784.689 ops/sec)
Total latency = 1.1005441301026E7 (+/- 0) us 
Consensus latency = 5072.330085 (+/- 312) us 
Pre-consensus latency = 0.0 (+/- 0) us 
Pos-consensus latency = 1.1002796225634001E7 (+/- 0) us 
Propose latency = 2735.508613 (+/- 373) us 
Write latency = 643.72825 (+/- 174) us 
Accept latency = 1693.093222 (+/- 180) us 
Batch average size = NaN (+/- 0) requests
LCMessage ByteCount = 1194:6
StandardSMMessage ByteCount = 10398:19
TOMMessage ByteCount = 36946262:48870
ConsensusMessage ByteCount = 1345657:6618
--- Measurements after 71000 ops (1000 samples) ---
Throughput = 4651.1626 operations/sec (Maximum observed: 4784.689 ops/sec)
Total latency = 1.1163935626298001E7 (+/- 0) us 
Consensus latency = 4986.247709 (+/- 221) us 
Pre-consensus latency = 0.0 (+/- 0) us 
Pos-consensus latency = 1.1161117435565E7 (+/- 0) us 
Propose latency = 2548.161091 (+/- 219) us 
Write latency = 580.87815 (+/- 168) us 
Accept latency = 1857.208468 (+/- 99) us 
Batch average size = NaN (+/- 0) requests
LCMessage ByteCount = 1393:7
StandardSMMessage ByteCount = 10398:19
TOMMessage ByteCount = 36946262:48870
ConsensusMessage ByteCount = 1365177:6714
--- Measurements after 72000 ops (1000 samples) ---
Throughput = 4651.1626 operations/sec (Maximum observed: 4784.689 ops/sec)
Total latency = 1.1321416583965E7 (+/- 0) us 
Consensus latency = 4783.126456 (+/- 443) us 
Pre-consensus latency = 0.0 (+/- 0) us 
Pos-consensus latency = 1.1318752788631E7 (+/- 0) us 
Propose latency = 2444.672205 (+/- 171) us 
Write latency = 544.858124 (+/- 201) us 
Accept latency = 1793.596127 (+/- 191) us 
Batch average size = NaN (+/- 0) requests
LCMessage ByteCount = 1393:7
StandardSMMessage ByteCount = 10398:19
TOMMessage ByteCount = 36946262:48870
ConsensusMessage ByteCount = 1385292:6813
--- Measurements after 73000 ops (1000 samples) ---
Throughput = 4672.897 operations/sec (Maximum observed: 4784.689 ops/sec)
Total latency = 1.1479685368335E7 (+/- 0) us 
Consensus latency = 5988.862622000001 (+/- 1525) us 
Pre-consensus latency = 0.0 (+/- 0) us 
Pos-consensus latency = 1.1476262182719E7 (+/- 0) us 
Propose latency = 3201.968148 (+/- 1149) us 
Write latency = 718.984948 (+/- 345) us 
Accept latency = 2067.909526 (+/- 1673) us 
Batch average size = NaN (+/- 0) requests
LCMessage ByteCount = 1393:7
StandardSMMessage ByteCount = 10398:19
TOMMessage ByteCount = 36946262:48870
ConsensusMessage ByteCount = 1406383:6917
--- Measurements after 74000 ops (1000 samples) ---
Throughput = 4524.8867 operations/sec (Maximum observed: 4784.689 ops/sec)
Total latency = 1.1644437366947E7 (+/- 0) us 
Consensus latency = 4927.211327999999 (+/- 150) us 
Pre-consensus latency = 0.0 (+/- 0) us 
Pos-consensus latency = 1.1641689379602E7 (+/- 0) us 
Propose latency = 2429.983176 (+/- 202) us 
Write latency = 867.435883 (+/- 169) us 
Accept latency = 1629.792269 (+/- 138) us 
Batch average size = NaN (+/- 0) requests
LCMessage ByteCount = 1393:7
StandardSMMessage ByteCount = 10398:19
TOMMessage ByteCount = 36946262:48870
ConsensusMessage ByteCount = 1427391:7020
--- Measurements after 75000 ops (1000 samples) ---
Throughput = 4524.8867 operations/sec (Maximum observed: 4784.689 ops/sec)
Total latency = 1.1805470599888999E7 (+/- 0) us 
Consensus latency = 5932.451739 (+/- 1354) us 
Pre-consensus latency = 0.0 (+/- 0) us 
Pos-consensus latency = 1.1802717737461999E7 (+/- 0) us 
Propose latency = 3655.4230869999997 (+/- 1309) us 
Write latency = 736.4874120000001 (+/- 252) us 
Accept latency = 1540.54124 (+/- 193) us 
Batch average size = NaN (+/- 0) requests
LCMessage ByteCount = 1393:7
StandardSMMessage ByteCount = 10398:19
TOMMessage ByteCount = 36946262:48870
ConsensusMessage ByteCount = 1449082:7127
--- Measurements after 76000 ops (1000 samples) ---
Throughput = 4504.5044 operations/sec (Maximum observed: 4784.689 ops/sec)
Total latency = 1.1971109119448E7 (+/- 0) us 
Consensus latency = 4732.738273 (+/- 359) us 
Pre-consensus latency = 0.0 (+/- 0) us 
Pos-consensus latency = 1.1968436324084999E7 (+/- 0) us 
Propose latency = 2283.65654 (+/- 179) us 
Write latency = 877.3512079999999 (+/- 251) us 
Accept latency = 1571.730525 (+/- 227) us 
Batch average size = NaN (+/- 0) requests
LCMessage ByteCount = 1393:7
StandardSMMessage ByteCount = 10398:19
TOMMessage ByteCount = 36946262:48870
ConsensusMessage ByteCount = 1468863:7224
--- Measurements after 77000 ops (1000 samples) ---
Throughput = 4524.8867 operations/sec (Maximum observed: 4784.689 ops/sec)
Total latency = 1.2135171630869E7 (+/- 0) us 
Consensus latency = 4871.3444309999995 (+/- 332) us 
Pre-consensus latency = 0.0 (+/- 0) us 
Pos-consensus latency = 1.2132420981912E7 (+/- 0) us 
Propose latency = 2374.184882 (+/- 179) us 
Write latency = 906.2813100000001 (+/- 310) us 
Accept latency = 1590.8782390000001 (+/- 156) us 
Batch average size = NaN (+/- 0) requests
LCMessage ByteCount = 1393:7
StandardSMMessage ByteCount = 10398:19
TOMMessage ByteCount = 36946262:48870
ConsensusMessage ByteCount = 1488989:7323
--- Measurements after 78000 ops (1000 samples) ---
Throughput = 4716.981 operations/sec (Maximum observed: 4784.689 ops/sec)
Total latency = 1.2297393509695E7 (+/- 0) us 
Consensus latency = 4892.022472 (+/- 678) us 
Pre-consensus latency = 0.0 (+/- 0) us 
Pos-consensus latency = 1.2294654466508E7 (+/- 0) us 
Propose latency = 2617.6372969999998 (+/- 705) us 
Write latency = 709.375799 (+/- 326) us 
Accept latency = 1565.009376 (+/- 176) us 
Batch average size = NaN (+/- 0) requests
LCMessage ByteCount = 1393:7
StandardSMMessage ByteCount = 10398:19
TOMMessage ByteCount = 36946262:48870
ConsensusMessage ByteCount = 1509901:7426
--- Measurements after 79000 ops (1000 samples) ---
Throughput = 4545.4546 operations/sec (Maximum observed: 4784.689 ops/sec)
Total latency = 1.2458097857278E7 (+/- 0) us 
Consensus latency = 4748.562139000001 (+/- 332) us 
Pre-consensus latency = 0.0 (+/- 0) us 
Pos-consensus latency = 1.2455665878647E7 (+/- 0) us 
Propose latency = 2609.2677740000004 (+/- 215) us 
Write latency = 571.541636 (+/- 270) us 
Accept latency = 1567.752729 (+/- 130) us 
Batch average size = NaN (+/- 0) requests
LCMessage ByteCount = 1393:7
StandardSMMessage ByteCount = 10398:19
TOMMessage ByteCount = 36946262:48870
ConsensusMessage ByteCount = 1530466:7527
--- Measurements after 80000 ops (1000 samples) ---
Throughput = 4524.8867 operations/sec (Maximum observed: 4784.689 ops/sec)
Total latency = 1.2620875455718E7 (+/- 0) us 
Consensus latency = 5580.685976 (+/- 657) us 
Pre-consensus latency = 0.0 (+/- 0) us 
Pos-consensus latency = 1.2618113203896E7 (+/- 0) us 
Propose latency = 3133.588155 (+/- 620) us 
Write latency = 696.297154 (+/- 261) us 
Accept latency = 1750.800667 (+/- 195) us 
Batch average size = NaN (+/- 0) requests
LCMessage ByteCount = 1592:8
StandardSMMessage ByteCount = 10398:19
TOMMessage ByteCount = 36946262:48870
ConsensusMessage ByteCount = 1552164:7634
--- Measurements after 81000 ops (1000 samples) ---
Throughput = 4545.4546 operations/sec (Maximum observed: 4784.689 ops/sec)
Total latency = 1.2784210711926E7 (+/- 0) us 
Consensus latency = 6142.527032 (+/- 2034) us 
Pre-consensus latency = 0.0 (+/- 0) us 
Pos-consensus latency = 1.2781323212073999E7 (+/- 0) us 
Propose latency = 3522.124391 (+/- 1285) us 
Write latency = 428.779536 (+/- 319) us 
Accept latency = 2191.623105 (+/- 1896) us 
Batch average size = NaN (+/- 0) requests
LCMessage ByteCount = 1592:8
StandardSMMessage ByteCount = 10398:19
TOMMessage ByteCount = 36946262:48870
ConsensusMessage ByteCount = 1572560:7734
--- Measurements after 82000 ops (1000 samples) ---
Throughput = 4694.8354 operations/sec (Maximum observed: 4784.689 ops/sec)
Total latency = 1.2947002061409E7 (+/- 0) us 
Consensus latency = 4737.49294 (+/- 1090) us 
Pre-consensus latency = 0.0 (+/- 0) us 
Pos-consensus latency = 1.2944967153219E7 (+/- 0) us 
Propose latency = 2986.154245 (+/- 1175) us 
Write latency = 260.662089 (+/- 210) us 
Accept latency = 1490.676606 (+/- 159) us 
Batch average size = NaN (+/- 0) requests
LCMessage ByteCount = 1592:8
StandardSMMessage ByteCount = 10398:19
TOMMessage ByteCount = 36946262:48870
ConsensusMessage ByteCount = 1590858:7824
--- Measurements after 83000 ops (1000 samples) ---
Throughput = 4545.4546 operations/sec (Maximum observed: 4784.689 ops/sec)
Total latency = 1.3113262975037001E7 (+/- 0) us 
Consensus latency = 4625.557486 (+/- 407) us 
Pre-consensus latency = 0.0 (+/- 0) us 
Pos-consensus latency = 1.3110836297747E7 (+/- 0) us 
Propose latency = 2475.6409679999997 (+/- 206) us 
Write latency = 582.040086 (+/- 265) us 
Accept latency = 1567.876432 (+/- 244) us 
Batch average size = NaN (+/- 0) requests
LCMessage ByteCount = 1592:8
StandardSMMessage ByteCount = 10398:19
TOMMessage ByteCount = 36946262:48870
ConsensusMessage ByteCount = 1610988:7923
--- Measurements after 84000 ops (1000 samples) ---
Throughput = 4545.4546 operations/sec (Maximum observed: 4784.689 ops/sec)
Total latency = 1.3273721868344E7 (+/- 0) us 
Consensus latency = 5446.952501 (+/- 3060) us 
Pre-consensus latency = 0.0 (+/- 0) us 
Pos-consensus latency = 1.3271157258207E7 (+/- 0) us 
Propose latency = 3557.553401 (+/- 3040) us 
Write latency = 325.462283 (+/- 303) us 
Accept latency = 1563.936817 (+/- 148) us 
Batch average size = NaN (+/- 0) requests
LCMessage ByteCount = 1592:8
StandardSMMessage ByteCount = 10398:19
TOMMessage ByteCount = 36946262:48870
ConsensusMessage ByteCount = 1630513:8019
--- Measurements after 85000 ops (1000 samples) ---
Throughput = 4366.812 operations/sec (Maximum observed: 4784.689 ops/sec)
Total latency = 1.3438345960074E7 (+/- 0) us 
Consensus latency = 5778.434737 (+/- 1499) us 
Pre-consensus latency = 0.0 (+/- 0) us 
Pos-consensus latency = 1.3435380260941E7 (+/- 0) us 
Propose latency = 3110.98252 (+/- 1001) us 
Write latency = 807.556296 (+/- 777) us 
Accept latency = 1859.895921 (+/- 498) us 
Batch average size = NaN (+/- 0) requests
LCMessage ByteCount = 1592:8
StandardSMMessage ByteCount = 10398:19
TOMMessage ByteCount = 36946262:48870
ConsensusMessage ByteCount = 1648810:8109
--- Measurements after 86000 ops (1000 samples) ---
Throughput = 4524.8867 operations/sec (Maximum observed: 4784.689 ops/sec)
Total latency = 1.3604568511542E7 (+/- 0) us 
Consensus latency = 4282.018565 (+/- 260) us 
Pre-consensus latency = 0.0 (+/- 0) us 
Pos-consensus latency = 1.3602581206173E7 (+/- 0) us 
Propose latency = 2553.314074 (+/- 252) us 
Write latency = 144.880875 (+/- 74) us 
Accept latency = 1583.823616 (+/- 80) us 
Batch average size = NaN (+/- 0) requests
LCMessage ByteCount = 1592:8
StandardSMMessage ByteCount = 10398:19
TOMMessage ByteCount = 36946262:48870
ConsensusMessage ByteCount = 1668674:8207
--- Measurements after 87000 ops (1000 samples) ---
Throughput = 4524.8867 operations/sec (Maximum observed: 4784.689 ops/sec)
Total latency = 1.3767932433378E7 (+/- 0) us 
Consensus latency = 4382.940799 (+/- 381) us 
Pre-consensus latency = 0.0 (+/- 0) us 
Pos-consensus latency = 1.3765757759165E7 (+/- 0) us 
Propose latency = 2436.954643 (+/- 246) us 
Write latency = 415.656344 (+/- 354) us 
Accept latency = 1530.329812 (+/- 193) us 
Batch average size = NaN (+/- 0) requests
LCMessage ByteCount = 1592:8
StandardSMMessage ByteCount = 10398:19
TOMMessage ByteCount = 36946262:48870
ConsensusMessage ByteCount = 1688026:8302
--- Measurements after 88000 ops (1000 samples) ---
Throughput = 4672.897 operations/sec (Maximum observed: 4784.689 ops/sec)
Total latency = 1.3932827865442E7 (+/- 0) us 
Consensus latency = 4800.774914 (+/- 220) us 
Pre-consensus latency = 0.0 (+/- 0) us 
Pos-consensus latency = 1.3930317771324E7 (+/- 0) us 
Propose latency = 2574.775776 (+/- 163) us 
Write latency = 546.415939 (+/- 208) us 
Accept latency = 1679.583199 (+/- 102) us 
Batch average size = NaN (+/- 0) requests
LCMessage ByteCount = 1592:8
StandardSMMessage ByteCount = 10398:19
TOMMessage ByteCount = 36946262:48870
ConsensusMessage ByteCount = 1707368:8397
--- Measurements after 89000 ops (1000 samples) ---
Throughput = 4545.4546 operations/sec (Maximum observed: 4784.689 ops/sec)
Total latency = 1.4092616433056E7 (+/- 0) us 
Consensus latency = 6964.332071000001 (+/- 4387) us 
Pre-consensus latency = 0.0 (+/- 0) us 
Pos-consensus latency = 1.4089277998258E7 (+/- 0) us 
Propose latency = 4337.0266679999995 (+/- 2988) us 
Write latency = 667.8050450000001 (+/- 512) us 
Accept latency = 1959.500358 (+/- 1562) us 
Batch average size = NaN (+/- 0) requests
LCMessage ByteCount = 1791:9
StandardSMMessage ByteCount = 10398:19
TOMMessage ByteCount = 36946262:48870
ConsensusMessage ByteCount = 1729057:8504
--- Measurements after 90000 ops (1000 samples) ---
Throughput = 4566.21 operations/sec (Maximum observed: 4784.689 ops/sec)
Total latency = 1.4254888617309999E7 (+/- 0) us 
Consensus latency = 6496.312329 (+/- 1402) us 
Pre-consensus latency = 0.0 (+/- 0) us 
Pos-consensus latency = 1.4252186249878999E7 (+/- 0) us 
Propose latency = 4158.840508 (+/- 1543) us 
Write latency = 603.690954 (+/- 354) us 
Accept latency = 1733.7808670000002 (+/- 249) us 
Batch average size = NaN (+/- 0) requests
LCMessage ByteCount = 1791:9
StandardSMMessage ByteCount = 10398:19
TOMMessage ByteCount = 36946262:48870
ConsensusMessage ByteCount = 1747963:8597
--- Measurements after 91000 ops (1000 samples) ---
Throughput = 4504.5044 operations/sec (Maximum observed: 4784.689 ops/sec)
Total latency = 1.4423767443731E7 (+/- 0) us 
Consensus latency = 4873.592979 (+/- 423) us 
Pre-consensus latency = 0.0 (+/- 0) us 
Pos-consensus latency = 1.4421216797691E7 (+/- 0) us 
Propose latency = 2618.4631719999998 (+/- 262) us 
Write latency = 628.036736 (+/- 198) us 
Accept latency = 1627.093071 (+/- 213) us 
Batch average size = NaN (+/- 0) requests
LCMessage ByteCount = 1791:9
StandardSMMessage ByteCount = 10398:19
TOMMessage ByteCount = 36946262:48870
ConsensusMessage ByteCount = 1767751:8694
-- Checkpoint is in position 40356
--- Measurements after 92000 ops (1000 samples) ---
Throughput = 1418.4397 operations/sec (Maximum observed: 4784.689 ops/sec)
Total latency = 1.4854124709241E7 (+/- 0) us 
Consensus latency = 4763.686858 (+/- 796) us 
Pre-consensus latency = 0.0 (+/- 0) us 
Pos-consensus latency = 1.4851222083374001E7 (+/- 0) us 
Propose latency = 2174.9710980000004 (+/- 1147) us 
Write latency = 991.753224 (+/- 633) us 
Accept latency = 1596.962536 (+/- 744) us 
Batch average size = 40357.0 (+/- 0) requests
LCMessage ByteCount = 1791:9
StandardSMMessage ByteCount = 10398:19
TOMMessage ByteCount = 138272801:182898
ConsensusMessage ByteCount = 1829714:8999
--- Measurements after 93000 ops (1000 samples) ---
Throughput = 4464.2856 operations/sec (Maximum observed: 4784.689 ops/sec)
Total latency = 1.5233818406701999E7 (+/- 0) us 
Consensus latency = 4074.7448289999998 (+/- 734) us 
Pre-consensus latency = 0.0 (+/- 0) us 
Pos-consensus latency = 1.5230886163452E7 (+/- 0) us 
Propose latency = 1641.711233 (+/- 892) us 
Write latency = 973.354842 (+/- 752) us 
Accept latency = 1459.678754 (+/- 229) us 
Batch average size = NaN (+/- 0) requests
LCMessage ByteCount = 1791:9
StandardSMMessage ByteCount = 10398:19
TOMMessage ByteCount = 138272801:182898
ConsensusMessage ByteCount = 1850721:9102
--- Measurements after 94000 ops (1000 samples) ---
Throughput = 4255.3193 operations/sec (Maximum observed: 4784.689 ops/sec)
Total latency = 1.5402008108039E7 (+/- 0) us 
Consensus latency = 5783.422896 (+/- 1957) us 
Pre-consensus latency = 0.0 (+/- 0) us 
Pos-consensus latency = 1.5398365612223E7 (+/- 0) us 
Propose latency = 2428.4040649999997 (+/- 990) us 
Write latency = 1105.1831599999998 (+/- 308) us 
Accept latency = 2249.8356710000003 (+/- 1815) us 
Batch average size = NaN (+/- 0) requests
LCMessage ByteCount = 1791:9
StandardSMMessage ByteCount = 10398:19
TOMMessage ByteCount = 138272801:182898
ConsensusMessage ByteCount = 1869637:9195
--- Measurements after 95000 ops (1000 samples) ---
Throughput = 4566.21 operations/sec (Maximum observed: 4784.689 ops/sec)
Total latency = 1.5580009483E7 (+/- 0) us 
Consensus latency = 5184.5322510000005 (+/- 933) us 
Pre-consensus latency = 0.0 (+/- 0) us 
Pos-consensus latency = 1.557763060475E7 (+/- 0) us 
Propose latency = 3117.911655 (+/- 922) us 
Write latency = 535.12019 (+/- 263) us 
Accept latency = 1531.5004059999999 (+/- 144) us 
Batch average size = NaN (+/- 0) requests
LCMessage ByteCount = 1791:9
StandardSMMessage ByteCount = 10398:19
TOMMessage ByteCount = 138272801:182898
ConsensusMessage ByteCount = 1890991:9300
--- Measurements after 96000 ops (1000 samples) ---
Throughput = 4484.305 operations/sec (Maximum observed: 4784.689 ops/sec)
Total latency = 1.5745935876372E7 (+/- 0) us 
Consensus latency = 4905.3036919999995 (+/- 372) us 
Pre-consensus latency = 0.0 (+/- 0) us 
Pos-consensus latency = 1.5743357121991E7 (+/- 0) us 
Propose latency = 2592.99948 (+/- 216) us 
Write latency = 797.621252 (+/- 322) us 
Accept latency = 1514.6829599999999 (+/- 237) us 
Batch average size = NaN (+/- 0) requests
LCMessage ByteCount = 1990:10
StandardSMMessage ByteCount = 10398:19
TOMMessage ByteCount = 138272801:182898
ConsensusMessage ByteCount = 1911722:9402
--- Measurements after 97000 ops (1000 samples) ---
Throughput = 4545.4546 operations/sec (Maximum observed: 4784.689 ops/sec)
Total latency = 1.5910748453177E7 (+/- 0) us 
Consensus latency = 4757.3365650000005 (+/- 212) us 
Pre-consensus latency = 0.0 (+/- 0) us 
Pos-consensus latency = 1.5908273736031E7 (+/- 0) us 
Propose latency = 2554.5770150000003 (+/- 271) us 
Write latency = 540.5049270000001 (+/- 214) us 
Accept latency = 1662.2546229999998 (+/- 196) us 
Batch average size = NaN (+/- 0) requests
LCMessage ByteCount = 1990:10
StandardSMMessage ByteCount = 10398:19
TOMMessage ByteCount = 138272801:182898
ConsensusMessage ByteCount = 1933069:9507
--- Measurements after 98000 ops (1000 samples) ---
Throughput = 4608.295 operations/sec (Maximum observed: 4784.689 ops/sec)
Total latency = 1.6072453657167E7 (+/- 0) us 
Consensus latency = 5202.054957 (+/- 1623) us 
Pre-consensus latency = 0.0 (+/- 0) us 
Pos-consensus latency = 1.6069597082307E7 (+/- 0) us 
Propose latency = 3204.492193 (+/- 1632) us 
Write latency = 387.59414000000004 (+/- 180) us 
Accept latency = 1609.968624 (+/- 260) us 
Batch average size = NaN (+/- 0) requests
LCMessage ByteCount = 1990:10
StandardSMMessage ByteCount = 10398:19
TOMMessage ByteCount = 138272801:182898
ConsensusMessage ByteCount = 1954157:9611
--- Measurements after 99000 ops (1000 samples) ---
Throughput = 4366.812 operations/sec (Maximum observed: 4784.689 ops/sec)
Total latency = 1.6238373389911E7 (+/- 0) us 
Consensus latency = 6114.477972 (+/- 1259) us 
Pre-consensus latency = 0.0 (+/- 0) us 
Pos-consensus latency = 1.6235786545649E7 (+/- 0) us 
Propose latency = 3842.4689959999996 (+/- 973) us 
Write latency = 457.80809899999997 (+/- 470) us 
Accept latency = 1814.200877 (+/- 186) us 
Batch average size = NaN (+/- 0) requests
LCMessage ByteCount = 1990:10
StandardSMMessage ByteCount = 10398:19
TOMMessage ByteCount = 138272801:182898
ConsensusMessage ByteCount = 1975778:9717
--- Measurements after 100000 ops (1000 samples) ---
Throughput = 4504.5044 operations/sec (Maximum observed: 4784.689 ops/sec)
Total latency = 1.6412058036323E7 (+/- 0) us 
Consensus latency = 5625.887194 (+/- 803) us 
Pre-consensus latency = 0.0 (+/- 0) us 
Pos-consensus latency = 1.640936781554E7 (+/- 0) us 
Propose latency = 3248.281067 (+/- 736) us 
Write latency = 629.772459 (+/- 401) us 
Accept latency = 1747.833668 (+/- 141) us 
Batch average size = NaN (+/- 0) requests
LCMessage ByteCount = 1990:10
StandardSMMessage ByteCount = 10398:19
TOMMessage ByteCount = 138272801:182898
ConsensusMessage ByteCount = 1997732:9825
--- Measurements after 101000 ops (1000 samples) ---
Throughput = 4629.6294 operations/sec (Maximum observed: 4784.689 ops/sec)
Total latency = 1.6578300515705E7 (+/- 0) us 
Consensus latency = 5582.332974000001 (+/- 1145) us 
Pre-consensus latency = 0.0 (+/- 0) us 
Pos-consensus latency = 1.6575039077238E7 (+/- 0) us 
Propose latency = 2579.99497 (+/- 308) us 
Write latency = 1028.504414 (+/- 715) us 
Accept latency = 1973.8335900000002 (+/- 534) us 
Batch average size = NaN (+/- 0) requests
LCMessage ByteCount = 1990:10
StandardSMMessage ByteCount = 10398:19
TOMMessage ByteCount = 138272801:182898
ConsensusMessage ByteCount = 2016026:9915
--- Measurements after 102000 ops (1000 samples) ---
Throughput = 4484.305 operations/sec (Maximum observed: 4784.689 ops/sec)
Total latency = 1.674123465699E7 (+/- 0) us 
Consensus latency = 5251.502121 (+/- 1362) us 
Pre-consensus latency = 0.0 (+/- 0) us 
Pos-consensus latency = 1.6738792342052E7 (+/- 0) us 
Propose latency = 3141.88906 (+/- 1465) us 
Write latency = 478.125805 (+/- 178) us 
Accept latency = 1631.4872560000001 (+/- 138) us 
Batch average size = NaN (+/- 0) requests
LCMessage ByteCount = 1990:10
StandardSMMessage ByteCount = 10398:19
TOMMessage ByteCount = 138272801:182898
ConsensusMessage ByteCount = 2023690:9953
--- Measurements after 103000 ops (1000 samples) ---
Throughput = 4366.812 operations/sec (Maximum observed: 4784.689 ops/sec)
Total latency = 1.6908726153772E7 (+/- 0) us 
Consensus latency = 5711.256764000001 (+/- 1500) us 
Pre-consensus latency = 0.0 (+/- 0) us 
Pos-consensus latency = 1.6906136785641E7 (+/- 0) us 
Propose latency = 3488.722603 (+/- 1731) us 
Write latency = 552.3461850000001 (+/- 278) us 
Accept latency = 1670.187976 (+/- 203) us 
Batch average size = NaN (+/- 0) requests
LCMessage ByteCount = 1990:10
StandardSMMessage ByteCount = 10398:19
TOMMessage ByteCount = 138272801:182898
ConsensusMessage ByteCount = 2037374:10020
--- Measurements after 104000 ops (1000 samples) ---
Throughput = 4484.305 operations/sec (Maximum observed: 4784.689 ops/sec)
Total latency = 1.7076873037586E7 (+/- 0) us 
Consensus latency = 4883.511664 (+/- 2046) us 
Pre-consensus latency = 0.0 (+/- 0) us 
Pos-consensus latency = 1.7074417641705E7 (+/- 0) us 
Propose latency = 2908.8936949999998 (+/- 2121) us 
Write latency = 329.72299599999997 (+/- 205) us 
Accept latency = 1644.894973 (+/- 144) us 
Batch average size = NaN (+/- 0) requests
LCMessage ByteCount = 1990:10
StandardSMMessage ByteCount = 10398:19
TOMMessage ByteCount = 138272801:182898
ConsensusMessage ByteCount = 2058115:10122
--- Measurements after 105000 ops (1000 samples) ---
Throughput = 4629.6294 operations/sec (Maximum observed: 4784.689 ops/sec)
Total latency = 1.7242737326446E7 (+/- 0) us 
Consensus latency = 4651.2553339999995 (+/- 257) us 
Pre-consensus latency = 0.0 (+/- 0) us 
Pos-consensus latency = 1.7240240205918E7 (+/- 0) us 
Propose latency = 2398.688134 (+/- 117) us 
Write latency = 612.068792 (+/- 231) us 
Accept latency = 1640.4984080000002 (+/- 127) us 
Batch average size = NaN (+/- 0) requests
LCMessage ByteCount = 2189:11
StandardSMMessage ByteCount = 10398:19
TOMMessage ByteCount = 138272801:182898
ConsensusMessage ByteCount = 2077633:10218
--- Measurements after 106000 ops (1000 samples) ---
Throughput = 4424.779 operations/sec (Maximum observed: 4784.689 ops/sec)
Total latency = 1.7409928417287998E7 (+/- 0) us 
Consensus latency = 5860.056993 (+/- 1585) us 
Pre-consensus latency = 0.0 (+/- 0) us 
Pos-consensus latency = 1.740670170433E7 (+/- 0) us 
Propose latency = 2931.9377000000004 (+/- 512) us 
Write latency = 1476.6791810000002 (+/- 1505) us 
Accept latency = 1451.440112 (+/- 328) us 
Batch average size = NaN (+/- 0) requests
LCMessage ByteCount = 2189:11
StandardSMMessage ByteCount = 10398:19
TOMMessage ByteCount = 138272801:182898
ConsensusMessage ByteCount = 2098376:10320
--- Measurements after 107000 ops (1000 samples) ---
Throughput = 4291.8457 operations/sec (Maximum observed: 4784.689 ops/sec)
Total latency = 1.7573709741123002E7 (+/- 0) us 
Consensus latency = 5746.857558000001 (+/- 1244) us 
Pre-consensus latency = 0.0 (+/- 0) us 
Pos-consensus latency = 1.7571285296968E7 (+/- 0) us 
Propose latency = 3658.2409019999996 (+/- 1513) us 
Write latency = 554.0657560000001 (+/- 276) us 
Accept latency = 1534.5509 (+/- 82) us 
Batch average size = NaN (+/- 0) requests
LCMessage ByteCount = 2189:11
StandardSMMessage ByteCount = 10398:19
TOMMessage ByteCount = 138272801:182898
ConsensusMessage ByteCount = 2119725:10425
--- Measurements after 108000 ops (1000 samples) ---
Throughput = 4464.2856 operations/sec (Maximum observed: 4784.689 ops/sec)
Total latency = 1.7748527451666E7 (+/- 0) us 
Consensus latency = 5073.870083 (+/- 774) us 
Pre-consensus latency = 0.0 (+/- 0) us 
Pos-consensus latency = 1.7746238614315E7 (+/- 0) us 
Propose latency = 3185.6013470000003 (+/- 851) us 
Write latency = 306.413913 (+/- 170) us 
Accept latency = 1581.8548230000001 (+/- 159) us 
Batch average size = NaN (+/- 0) requests
LCMessage ByteCount = 2189:11
StandardSMMessage ByteCount = 10398:19
TOMMessage ByteCount = 138272801:182898
ConsensusMessage ByteCount = 2141682:10533
--- Measurements after 109000 ops (1000 samples) ---
Throughput = 4424.779 operations/sec (Maximum observed: 4784.689 ops/sec)
Total latency = 1.7921837471251E7 (+/- 0) us 
Consensus latency = 4602.641201 (+/- 285) us 
Pre-consensus latency = 0.0 (+/- 0) us 
Pos-consensus latency = 1.7919613904002E7 (+/- 0) us 
Propose latency = 2629.652825 (+/- 161) us 
Write latency = 401.38298 (+/- 244) us 
Accept latency = 1571.605396 (+/- 101) us 
Batch average size = NaN (+/- 0) requests
LCMessage ByteCount = 2189:11
StandardSMMessage ByteCount = 10398:19
TOMMessage ByteCount = 138272801:182898
ConsensusMessage ByteCount = 2165821:10652
--- Measurements after 110000 ops (1000 samples) ---
Throughput = 4310.3447 operations/sec (Maximum observed: 4784.689 ops/sec)
Total latency = 1.8096089124402E7 (+/- 0) us 
Consensus latency = 5107.4393789999995 (+/- 1569) us 
Pre-consensus latency = 0.0 (+/- 0) us 
Pos-consensus latency = 1.8093210892782003E7 (+/- 0) us 
Propose latency = 2687.452311 (+/- 527) us 
Write latency = 352.027861 (+/- 232) us 
Accept latency = 2067.959207 (+/- 1410) us 
Batch average size = NaN (+/- 0) requests
LCMessage ByteCount = 2189:11
StandardSMMessage ByteCount = 10398:19
TOMMessage ByteCount = 138272801:182898
ConsensusMessage ByteCount = 2188040:10761
--- Measurements after 111000 ops (1000 samples) ---
Throughput = 4237.288 operations/sec (Maximum observed: 4784.689 ops/sec)
Total latency = 1.8273713387668E7 (+/- 0) us 
Consensus latency = 4590.5235250000005 (+/- 205) us 
Pre-consensus latency = 0.0 (+/- 0) us 
Pos-consensus latency = 1.8271379815487E7 (+/- 0) us 
Propose latency = 2550.308841 (+/- 148) us 
Write latency = 568.645892 (+/- 318) us 
Accept latency = 1471.5687919999998 (+/- 161) us 
Batch average size = NaN (+/- 0) requests
LCMessage ByteCount = 2189:11
StandardSMMessage ByteCount = 10398:19
TOMMessage ByteCount = 138272801:182898
ConsensusMessage ByteCount = 2211830:10878
--- Measurements after 112000 ops (1000 samples) ---
Throughput = 4329.0044 operations/sec (Maximum observed: 4784.689 ops/sec)
Total latency = 1.8448432427302E7 (+/- 0) us 
Consensus latency = 5518.853008 (+/- 1477) us 
Pre-consensus latency = 0.0 (+/- 0) us 
Pos-consensus latency = 1.8445491016775E7 (+/- 0) us 
Propose latency = 2866.136464 (+/- 545) us 
Write latency = 596.10836 (+/- 332) us 
Accept latency = 2056.6081839999997 (+/- 1619) us 
Batch average size = NaN (+/- 0) requests
LCMessage ByteCount = 2189:11
StandardSMMessage ByteCount = 10398:19
TOMMessage ByteCount = 138272801:182898
ConsensusMessage ByteCount = 2234401:10989
--- Measurements after 113000 ops (1000 samples) ---
Throughput = 4310.3447 operations/sec (Maximum observed: 4784.689 ops/sec)
Total latency = 1.8622961382284E7 (+/- 0) us 
Consensus latency = 5159.950082 (+/- 552) us 
Pre-consensus latency = 0.0 (+/- 0) us 
Pos-consensus latency = 1.8620412469897E7 (+/- 0) us 
Propose latency = 2998.907443 (+/- 675) us 
Write latency = 586.611978 (+/- 368) us 
Accept latency = 1574.430661 (+/- 120) us 
Batch average size = NaN (+/- 0) requests
LCMessage ByteCount = 2388:12
StandardSMMessage ByteCount = 10398:19
TOMMessage ByteCount = 138272801:182898
ConsensusMessage ByteCount = 2258187:11106
--- Measurements after 114000 ops (1000 samples) ---
Throughput = 4444.4443 operations/sec (Maximum observed: 4784.689 ops/sec)
Total latency = 1.8800218565376E7 (+/- 0) us 
Consensus latency = 4631.677387 (+/- 325) us 
Pre-consensus latency = 0.0 (+/- 0) us 
Pos-consensus latency = 1.8797764847604E7 (+/- 0) us 
Propose latency = 2480.191732 (+/- 153) us 
Write latency = 607.081821 (+/- 125) us 
Accept latency = 1544.403834 (+/- 169) us 
Batch average size = NaN (+/- 0) requests
LCMessage ByteCount = 2388:12
StandardSMMessage ByteCount = 10398:19
TOMMessage ByteCount = 138272801:182898
ConsensusMessage ByteCount = 2281365:11220
--- Measurements after 115000 ops (1000 samples) ---
Throughput = 4149.3774 operations/sec (Maximum observed: 4784.689 ops/sec)
Total latency = 1.8980907076158002E7 (+/- 0) us 
Consensus latency = 4708.676065000001 (+/- 271) us 
Pre-consensus latency = 0.0 (+/- 0) us 
Pos-consensus latency = 1.8978383130558E7 (+/- 0) us 
Propose latency = 2450.1043489999997 (+/- 207) us 
Write latency = 727.631314 (+/- 200) us 
Accept latency = 1530.940402 (+/- 192) us 
Batch average size = NaN (+/- 0) requests
LCMessage ByteCount = 2388:12
StandardSMMessage ByteCount = 10398:19
TOMMessage ByteCount = 138272801:182898
ConsensusMessage ByteCount = 2304539:11334
--- Measurements after 116000 ops (1000 samples) ---
Throughput = 4310.3447 operations/sec (Maximum observed: 4784.689 ops/sec)
Total latency = 1.9157832933433E7 (+/- 0) us 
Consensus latency = 4860.326692 (+/- 788) us 
Pre-consensus latency = 0.0 (+/- 0) us 
Pos-consensus latency = 1.9155212383671E7 (+/- 0) us 
Propose latency = 2812.595157 (+/- 784) us 
Write latency = 499.26568599999996 (+/- 300) us 
Accept latency = 1548.465849 (+/- 179) us 
Batch average size = NaN (+/- 0) requests
LCMessage ByteCount = 2388:12
StandardSMMessage ByteCount = 10398:19
TOMMessage ByteCount = 138272801:182898
ConsensusMessage ByteCount = 2328945:11454
--- Measurements after 117000 ops (1000 samples) ---
Throughput = 4310.3447 operations/sec (Maximum observed: 4784.689 ops/sec)
Total latency = 1.9334488438907E7 (+/- 0) us 
Consensus latency = 4859.668833 (+/- 245) us 
Pre-consensus latency = 0.0 (+/- 0) us 
Pos-consensus latency = 1.9331707672365002E7 (+/- 0) us 
Propose latency = 2326.8959139999997 (+/- 123) us 
Write latency = 985.814207 (+/- 290) us 
Accept latency = 1546.958712 (+/- 252) us 
Batch average size = NaN (+/- 0) requests
LCMessage ByteCount = 2388:12
StandardSMMessage ByteCount = 10398:19
TOMMessage ByteCount = 138272801:182898
ConsensusMessage ByteCount = 2350905:11562
--- Measurements after 118000 ops (1000 samples) ---
Throughput = 4184.1006 operations/sec (Maximum observed: 4784.689 ops/sec)
Total latency = 1.9507477775365002E7 (+/- 0) us 
Consensus latency = 5324.175068 (+/- 926) us 
Pre-consensus latency = 0.0 (+/- 0) us 
Pos-consensus latency = 1.9504614897756E7 (+/- 0) us 
Propose latency = 2803.8911740000003 (+/- 382) us 
Write latency = 668.2724810000001 (+/- 237) us 
Accept latency = 1852.011413 (+/- 958) us 
Batch average size = NaN (+/- 0) requests
LCMessage ByteCount = 2388:12
StandardSMMessage ByteCount = 10398:19
TOMMessage ByteCount = 138272801:182898
ConsensusMessage ByteCount = 2375654:11684
--- Measurements after 119000 ops (1000 samples) ---
Throughput = 4291.8457 operations/sec (Maximum observed: 4784.689 ops/sec)
Total latency = 1.9706520883365E7 (+/- 0) us 
Consensus latency = 4677.463935 (+/- 205) us 
Pre-consensus latency = 0.0 (+/- 0) us 
Pos-consensus latency = 1.9703971544369E7 (+/- 0) us 
Propose latency = 2403.562086 (+/- 126) us 
Write latency = 702.864259 (+/- 190) us 
Accept latency = 1571.0375900000001 (+/- 201) us 
Batch average size = NaN (+/- 0) requests
LCMessage ByteCount = 2388:12
StandardSMMessage ByteCount = 10398:19
TOMMessage ByteCount = 138272801:182898
ConsensusMessage ByteCount = 2397874:11793
--- Measurements after 120000 ops (1000 samples) ---
Throughput = 4629.6294 operations/sec (Maximum observed: 4784.689 ops/sec)
Total latency = 1.9867802894479E7 (+/- 0) us 
Consensus latency = 4491.960353 (+/- 276) us 
Pre-consensus latency = 0.0 (+/- 0) us 
Pos-consensus latency = 1.9865471346121E7 (+/- 0) us 
Propose latency = 2430.5832760000003 (+/- 147) us 
Write latency = 504.337731 (+/- 221) us 
Accept latency = 1557.0393459999998 (+/- 213) us 
Batch average size = NaN (+/- 0) requests
LCMessage ByteCount = 2388:12
StandardSMMessage ByteCount = 10398:19
TOMMessage ByteCount = 138272801:182898
ConsensusMessage ByteCount = 2418617:11895
--- Measurements after 121000 ops (1000 samples) ---
Throughput = 4608.295 operations/sec (Maximum observed: 4784.689 ops/sec)
Total latency = 2.0027520378234003E7 (+/- 0) us 
Consensus latency = 5233.021223000001 (+/- 1533) us 
Pre-consensus latency = 0.0 (+/- 0) us 
Pos-consensus latency = 2.0024436140917E7 (+/- 0) us 
Propose latency = 2666.31548 (+/- 830) us 
Write latency = 489.326569 (+/- 275) us 
Accept latency = 2077.379174 (+/- 1446) us 
Batch average size = NaN (+/- 0) requests
LCMessage ByteCount = 2388:12
StandardSMMessage ByteCount = 10398:19
TOMMessage ByteCount = 138272801:182898
ConsensusMessage ByteCount = 2439091:11996
--- Measurements after 122000 ops (1000 samples) ---
Throughput = 4504.5044 operations/sec (Maximum observed: 4784.689 ops/sec)
Total latency = 2.0188344538903E7 (+/- 0) us 
Consensus latency = 4560.635801 (+/- 428) us 
Pre-consensus latency = 0.0 (+/- 0) us 
Pos-consensus latency = 2.0185902693901002E7 (+/- 0) us 
Propose latency = 2413.385698 (+/- 302) us 
Write latency = 497.909682 (+/- 254) us 
Accept latency = 1649.340421 (+/- 134) us 
Batch average size = NaN (+/- 0) requests
LCMessage ByteCount = 2587:13
StandardSMMessage ByteCount = 10398:19
TOMMessage ByteCount = 138272801:182898
ConsensusMessage ByteCount = 2460437:12101
--- Measurements after 123000 ops (1000 samples) ---
Throughput = 4608.295 operations/sec (Maximum observed: 4784.689 ops/sec)
Total latency = 2.0352027738067E7 (+/- 0) us 
Consensus latency = 5608.395326999999 (+/- 1012) us 
Pre-consensus latency = 0.0 (+/- 0) us 
Pos-consensus latency = 2.0349113988511E7 (+/- 0) us 
Propose latency = 3119.080387 (+/- 1054) us 
Write latency = 875.854735 (+/- 447) us 
Accept latency = 1613.460205 (+/- 213) us 
Batch average size = NaN (+/- 0) requests
LCMessage ByteCount = 2587:13
StandardSMMessage ByteCount = 10398:19
TOMMessage ByteCount = 138272801:182898
ConsensusMessage ByteCount = 2479613:12195
--- Measurements after 124000 ops (1000 samples) ---
Throughput = 4587.156 operations/sec (Maximum observed: 4784.689 ops/sec)
Total latency = 2.0514986290833E7 (+/- 0) us 
Consensus latency = 4765.804725 (+/- 314) us 
Pre-consensus latency = 0.0 (+/- 0) us 
Pos-consensus latency = 2.051243386246E7 (+/- 0) us 
Propose latency = 2537.550496 (+/- 173) us 
Write latency = 696.567771 (+/- 211) us 
Accept latency = 1531.6864580000001 (+/- 155) us 
Batch average size = NaN (+/- 0) requests
LCMessage ByteCount = 2587:13
StandardSMMessage ByteCount = 10398:19
TOMMessage ByteCount = 138272801:182898
ConsensusMessage ByteCount = 2501571:12303
--- Measurements after 125000 ops (1000 samples) ---
Throughput = 4739.3364 operations/sec (Maximum observed: 4784.689 ops/sec)
Total latency = 2.0676237711847E7 (+/- 0) us 
Consensus latency = 4437.207128 (+/- 177) us 
Pre-consensus latency = 0.0 (+/- 0) us 
Pos-consensus latency = 2.067384239816E7 (+/- 0) us 
Propose latency = 2328.173838 (+/- 123) us 
Write latency = 570.4930860000001 (+/- 164) us 
Accept latency = 1538.540204 (+/- 110) us 
Batch average size = NaN (+/- 0) requests
LCMessage ByteCount = 2587:13
StandardSMMessage ByteCount = 10398:19
TOMMessage ByteCount = 138272801:182898
ConsensusMessage ByteCount = 2522923:12408
--- Measurements after 126000 ops (1000 samples) ---
Throughput = 4524.8867 operations/sec (Maximum observed: 4784.689 ops/sec)
Total latency = 2.0839769567424998E7 (+/- 0) us 
Consensus latency = 4599.938023 (+/- 221) us 
Pre-consensus latency = 0.0 (+/- 0) us 
Pos-consensus latency = 2.0837262767134998E7 (+/- 0) us 
Propose latency = 2396.1767919999998 (+/- 197) us 
Write latency = 575.243659 (+/- 130) us 
Accept latency = 1628.517572 (+/- 144) us 
Batch average size = NaN (+/- 0) requests
LCMessage ByteCount = 2587:13
StandardSMMessage ByteCount = 10398:19
TOMMessage ByteCount = 138272801:182898
ConsensusMessage ByteCount = 2549760:12540
--- Measurements after 127000 ops (1000 samples) ---
Throughput = 4672.897 operations/sec (Maximum observed: 4784.689 ops/sec)
Total latency = 2.0999093687953997E7 (+/- 0) us 
Consensus latency = 5382.462744 (+/- 1982) us 
Pre-consensus latency = 0.0 (+/- 0) us 
Pos-consensus latency = 2.099645838879E7 (+/- 0) us 
Propose latency = 3240.419559 (+/- 2085) us 
Write latency = 503.842895 (+/- 302) us 
Accept latency = 1638.20029 (+/- 175) us 
Batch average size = NaN (+/- 0) requests
LCMessage ByteCount = 2587:13
StandardSMMessage ByteCount = 10398:19
TOMMessage ByteCount = 138272801:182898
ConsensusMessage ByteCount = 2581828:12698
--- Measurements after 128000 ops (1000 samples) ---
Throughput = 4629.6294 operations/sec (Maximum observed: 4784.689 ops/sec)
Total latency = 2.1157923183897E7 (+/- 0) us 
Consensus latency = 5870.685897 (+/- 1901) us 
Pre-consensus latency = 0.0 (+/- 0) us 
Pos-consensus latency = 2.1154472323202997E7 (+/- 0) us 
Propose latency = 2726.441251 (+/- 493) us 
Write latency = 1497.922963 (+/- 1733) us 
Accept latency = 1646.321683 (+/- 190) us 
Batch average size = NaN (+/- 0) requests
LCMessage ByteCount = 2587:13
StandardSMMessage ByteCount = 10398:19
TOMMessage ByteCount = 138272801:182898
ConsensusMessage ByteCount = 2617807:12875
--- Measurements after 129000 ops (1000 samples) ---
Throughput = 4545.4546 operations/sec (Maximum observed: 4784.689 ops/sec)
Total latency = 2.1316710998578E7 (+/- 0) us 
Consensus latency = 4853.929807 (+/- 274) us 
Pre-consensus latency = 0.0 (+/- 0) us 
Pos-consensus latency = 2.1314185002967E7 (+/- 0) us 
Propose latency = 2634.2333280000003 (+/- 243) us 
Write latency = 724.299306 (+/- 171) us 
Accept latency = 1495.3971729999998 (+/- 138) us 
Batch average size = NaN (+/- 0) requests
LCMessage ByteCount = 2587:13
StandardSMMessage ByteCount = 10398:19
TOMMessage ByteCount = 138272801:182898
ConsensusMessage ByteCount = 2635764:12963
--- Measurements after 130000 ops (1000 samples) ---
Throughput = 4761.905 operations/sec (Maximum observed: 4784.689 ops/sec)
Total latency = 2.1480524459332E7 (+/- 0) us 
Consensus latency = 4773.070076 (+/- 402) us 
Pre-consensus latency = 0.0 (+/- 0) us 
Pos-consensus latency = 2.147790016192E7 (+/- 0) us 
Propose latency = 2469.722702 (+/- 184) us 
Write latency = 752.746306 (+/- 120) us 
Accept latency = 1550.601068 (+/- 201) us 
Batch average size = NaN (+/- 0) requests
LCMessage ByteCount = 2587:13
StandardSMMessage ByteCount = 10398:19
TOMMessage ByteCount = 138272801:182898
ConsensusMessage ByteCount = 2635764:12963
--- Measurements after 131000 ops (1000 samples) ---
Throughput = 4651.1626 operations/sec (Maximum observed: 4784.689 ops/sec)
Total latency = 2.1639082760903E7 (+/- 0) us 
Consensus latency = 4701.450014999999 (+/- 306) us 
Pre-consensus latency = 0.0 (+/- 0) us 
Pos-consensus latency = 2.1636508633535E7 (+/- 0) us 
Propose latency = 2422.871167 (+/- 137) us 
Write latency = 674.556136 (+/- 261) us 
Accept latency = 1604.022712 (+/- 209) us 
Batch average size = NaN (+/- 0) requests
LCMessage ByteCount = 2587:13
StandardSMMessage ByteCount = 10398:19
TOMMessage ByteCount = 138272801:182898
ConsensusMessage ByteCount = 2635764:12963
-- Performing checkpoint for consensus 1023
--- Measurements after 132000 ops (1000 samples) ---
Throughput = 3067.4846 operations/sec (Maximum observed: 4784.689 ops/sec)
Total latency = 2.181784291821E7 (+/- 0) us 
Consensus latency = 5380.223365 (+/- 1765) us 
Pre-consensus latency = 0.0 (+/- 0) us 
Pos-consensus latency = 2.1814597448698003E7 (+/- 0) us 
Propose latency = 2417.189683 (+/- 146) us 
Write latency = 730.702113 (+/- 227) us 
Accept latency = 2232.331569 (+/- 1845) us 
Batch average size = 224412.0 (+/- 0) requests
LCMessage ByteCount = 2587:13
StandardSMMessage ByteCount = 10398:19
TOMMessage ByteCount = 138272801:182898
ConsensusMessage ByteCount = 2635764:12963
--- Measurements after 133000 ops (1000 samples) ---
Throughput = 4672.897 operations/sec (Maximum observed: 4784.689 ops/sec)
Total latency = 2.2067050563131E7 (+/- 0) us 
Consensus latency = 5063.602818 (+/- 1398) us 
Pre-consensus latency = 0.0 (+/- 0) us 
Pos-consensus latency = 2.2064294444059E7 (+/- 0) us 
Propose latency = 2801.667151 (+/- 872) us 
Write latency = 448.07630800000004 (+/- 410) us 
Accept latency = 1813.859359 (+/- 1196) us 
Batch average size = NaN (+/- 0) requests
LCMessage ByteCount = 2587:13
StandardSMMessage ByteCount = 10398:19
TOMMessage ByteCount = 138272801:182898
ConsensusMessage ByteCount = 2635764:12963
--- Measurements after 134000 ops (1000 samples) ---
Throughput = 4587.156 operations/sec (Maximum observed: 4784.689 ops/sec)
Total latency = 2.2229563047335997E7 (+/- 0) us 
Consensus latency = 5572.198894 (+/- 953) us 
Pre-consensus latency = 0.0 (+/- 0) us 
Pos-consensus latency = 2.2226722636631E7 (+/- 0) us 
Propose latency = 2991.965944 (+/- 882) us 
Write latency = 1020.519207 (+/- 201) us 
Accept latency = 1559.713743 (+/- 97) us 
Batch average size = NaN (+/- 0) requests
LCMessage ByteCount = 2587:13
StandardSMMessage ByteCount = 10398:19
TOMMessage ByteCount = 138272801:182898
ConsensusMessage ByteCount = 2635764:12963
--- Measurements after 135000 ops (1000 samples) ---
Throughput = 4608.295 operations/sec (Maximum observed: 4784.689 ops/sec)
Total latency = 2.2387546780869E7 (+/- 0) us 
Consensus latency = 4672.238678999999 (+/- 314) us 
Pre-consensus latency = 0.0 (+/- 0) us 
Pos-consensus latency = 2.2384936978676997E7 (+/- 0) us 
Propose latency = 2275.13467 (+/- 100) us 
Write latency = 863.22449 (+/- 366) us 
Accept latency = 1533.879519 (+/- 208) us 
Batch average size = NaN (+/- 0) requests
LCMessage ByteCount = 2587:13
StandardSMMessage ByteCount = 10398:19
TOMMessage ByteCount = 138272801:182898
ConsensusMessage ByteCount = 2635764:12963
--- Measurements after 136000 ops (1000 samples) ---
Throughput = 4784.689 operations/sec (Maximum observed: 4784.689 ops/sec)
Total latency = 2.2545269013407003E7 (+/- 0) us 
Consensus latency = 4424.819835 (+/- 297) us 
Pre-consensus latency = 0.0 (+/- 0) us 
Pos-consensus latency = 2.2542830688615E7 (+/- 0) us 
Propose latency = 2220.325546 (+/- 167) us 
Write latency = 652.035186 (+/- 221) us 
Accept latency = 1552.459103 (+/- 159) us 
Batch average size = NaN (+/- 0) requests
LCMessage ByteCount = 2587:13
StandardSMMessage ByteCount = 10398:19
TOMMessage ByteCount = 138272801:182898
ConsensusMessage ByteCount = 2635764:12963
--- Measurements after 137000 ops (1000 samples) ---
Throughput = 4484.305 operations/sec (Maximum observed: 4784.689 ops/sec)
Total latency = 2.2708021972194E7 (+/- 0) us 
Consensus latency = 4630.675771 (+/- 215) us 
Pre-consensus latency = 0.0 (+/- 0) us 
Pos-consensus latency = 2.2705545934398E7 (+/- 0) us 
Propose latency = 2453.563372 (+/- 88) us 
Write latency = 652.912002 (+/- 117) us 
Accept latency = 1524.200397 (+/- 238) us 
Batch average size = NaN (+/- 0) requests
LCMessage ByteCount = 2587:13
StandardSMMessage ByteCount = 10398:19
TOMMessage ByteCount = 138272801:182898
ConsensusMessage ByteCount = 2635764:12963
--- Measurements after 138000 ops (1000 samples) ---
Throughput = 4651.1626 operations/sec (Maximum observed: 4784.689 ops/sec)
Total latency = 2.2865408323542E7 (+/- 0) us 
Consensus latency = 5038.876013 (+/- 2429) us 
Pre-consensus latency = 0.0 (+/- 0) us 
Pos-consensus latency = 2.2862031991882E7 (+/- 0) us 
Propose latency = 2345.757819 (+/- 1144) us 
Write latency = 455.944001 (+/- 399) us 
Accept latency = 2237.174193 (+/- 2132) us 
Batch average size = NaN (+/- 0) requests
LCMessage ByteCount = 2587:13
StandardSMMessage ByteCount = 10398:19
TOMMessage ByteCount = 138272801:182898
ConsensusMessage ByteCount = 2635764:12963
--- Measurements after 139000 ops (1000 samples) ---
Throughput = 4807.6924 operations/sec (Maximum observed: 4807.6924 ops/sec)
Total latency = 2.3019940974827E7 (+/- 0) us 
Consensus latency = 5794.537896 (+/- 1369) us 
Pre-consensus latency = 0.0 (+/- 0) us 
Pos-consensus latency = 2.3017285451945E7 (+/- 0) us 
Propose latency = 3685.8239219999996 (+/- 1544) us 
Write latency = 545.941426 (+/- 332) us 
Accept latency = 1562.772548 (+/- 66) us 
Batch average size = NaN (+/- 0) requests
LCMessage ByteCount = 2587:13
StandardSMMessage ByteCount = 10398:19
TOMMessage ByteCount = 138272801:182898
ConsensusMessage ByteCount = 2635764:12963
--- Measurements after 140000 ops (1000 samples) ---
Throughput = 4629.6294 operations/sec (Maximum observed: 4807.6924 ops/sec)
Total latency = 2.3183780352028E7 (+/- 0) us 
Consensus latency = 4545.369476 (+/- 300) us 
Pre-consensus latency = 0.0 (+/- 0) us 
Pos-consensus latency = 2.3181341056188E7 (+/- 0) us 
Propose latency = 2409.799713 (+/- 140) us 
Write latency = 605.000003 (+/- 140) us 
Accept latency = 1530.56976 (+/- 160) us 
Batch average size = NaN (+/- 0) requests
LCMessage ByteCount = 2587:13
StandardSMMessage ByteCount = 10398:19
TOMMessage ByteCount = 138272801:182898
ConsensusMessage ByteCount = 2635764:12963
--- Measurements after 141000 ops (1000 samples) ---
Throughput = 4484.305 operations/sec (Maximum observed: 4807.6924 ops/sec)
Total latency = 2.3341509227847E7 (+/- 0) us 
Consensus latency = 4628.377626 (+/- 324) us 
Pre-consensus latency = 0.0 (+/- 0) us 
Pos-consensus latency = 2.3338878868851002E7 (+/- 0) us 
Propose latency = 2304.159236 (+/- 96) us 
Write latency = 603.8375520000001 (+/- 261) us 
Accept latency = 1720.380838 (+/- 168) us 
Batch average size = NaN (+/- 0) requests
LCMessage ByteCount = 2587:13
StandardSMMessage ByteCount = 10398:19
TOMMessage ByteCount = 138272801:182898
ConsensusMessage ByteCount = 2635764:12963
--- Measurements after 142000 ops (1000 samples) ---
Throughput = 4807.6924 operations/sec (Maximum observed: 4807.6924 ops/sec)
Total latency = 2.3504594865228E7 (+/- 0) us 
Consensus latency = 4690.991463 (+/- 183) us 
Pre-consensus latency = 0.0 (+/- 0) us 
Pos-consensus latency = 2.3502032970085997E7 (+/- 0) us 
Propose latency = 2423.724706 (+/- 131) us 
Write latency = 686.084179 (+/- 162) us 
Accept latency = 1581.182578 (+/- 160) us 
Batch average size = NaN (+/- 0) requests
LCMessage ByteCount = 2587:13
StandardSMMessage ByteCount = 10398:19
TOMMessage ByteCount = 138272801:182898
ConsensusMessage ByteCount = 2635764:12963
--- Measurements after 143000 ops (1000 samples) ---
Throughput = 4672.897 operations/sec (Maximum observed: 4807.6924 ops/sec)
Total latency = 2.3664056005074E7 (+/- 0) us 
Consensus latency = 4597.1805779999995 (+/- 182) us 
Pre-consensus latency = 0.0 (+/- 0) us 
Pos-consensus latency = 2.3661233551485002E7 (+/- 0) us 
Propose latency = 2069.971484 (+/- 401) us 
Write latency = 957.051106 (+/- 471) us 
Accept latency = 1570.157988 (+/- 178) us 
Batch average size = NaN (+/- 0) requests
LCMessage ByteCount = 2587:13
StandardSMMessage ByteCount = 10398:19
TOMMessage ByteCount = 138272801:182898
ConsensusMessage ByteCount = 2635764:12963
--- Measurements after 144000 ops (1000 samples) ---
Throughput = 4629.6294 operations/sec (Maximum observed: 4807.6924 ops/sec)
Total latency = 2.3816226212036E7 (+/- 0) us 
Consensus latency = 7175.6575889999995 (+/- 3055) us 
Pre-consensus latency = 0.0 (+/- 0) us 
Pos-consensus latency = 2.3813111055198003E7 (+/- 0) us 
Propose latency = 4900.066392 (+/- 3175) us 
Write latency = 658.944764 (+/- 284) us 
Accept latency = 1616.646433 (+/- 161) us 
Batch average size = NaN (+/- 0) requests
LCMessage ByteCount = 2587:13
StandardSMMessage ByteCount = 10398:19
TOMMessage ByteCount = 138272801:182898
ConsensusMessage ByteCount = 2635764:12963
--- Measurements after 145000 ops (1000 samples) ---
Throughput = 4807.6924 operations/sec (Maximum observed: 4807.6924 ops/sec)
Total latency = 2.3977391383286998E7 (+/- 0) us 
Consensus latency = 4779.875043 (+/- 336) us 
Pre-consensus latency = 0.0 (+/- 0) us 
Pos-consensus latency = 2.3974689423171002E7 (+/- 0) us 
Propose latency = 2380.7211519999996 (+/- 168) us 
Write latency = 781.8682560000001 (+/- 335) us 
Accept latency = 1617.285635 (+/- 142) us 
Batch average size = NaN (+/- 0) requests
LCMessage ByteCount = 2587:13
StandardSMMessage ByteCount = 10398:19
TOMMessage ByteCount = 138272801:182898
ConsensusMessage ByteCount = 2635764:12963
--- Measurements after 146000 ops (1000 samples) ---
Throughput = 4504.5044 operations/sec (Maximum observed: 4807.6924 ops/sec)
Total latency = 2.4139655917579E7 (+/- 0) us 
Consensus latency = 4893.074854 (+/- 210) us 
Pre-consensus latency = 0.0 (+/- 0) us 
Pos-consensus latency = 2.4136922208976E7 (+/- 0) us 
Propose latency = 2461.0736150000002 (+/- 139) us 
Write latency = 745.596374 (+/- 202) us 
Accept latency = 1686.404865 (+/- 74) us 
Batch average size = NaN (+/- 0) requests
LCMessage ByteCount = 2587:13
StandardSMMessage ByteCount = 10398:19
TOMMessage ByteCount = 138272801:182898
ConsensusMessage ByteCount = 2635764:12963
--- Measurements after 147000 ops (1000 samples) ---
Throughput = 4672.897 operations/sec (Maximum observed: 4807.6924 ops/sec)
Total latency = 2.4297819601248E7 (+/- 0) us 
Consensus latency = 4647.59738 (+/- 216) us 
Pre-consensus latency = 0.0 (+/- 0) us 
Pos-consensus latency = 2.4295260964191E7 (+/- 0) us 
Propose latency = 2393.9633849999996 (+/- 173) us 
Write latency = 616.518772 (+/- 189) us 
Accept latency = 1637.115223 (+/- 173) us 
Batch average size = NaN (+/- 0) requests
LCMessage ByteCount = 2587:13
StandardSMMessage ByteCount = 10398:19
TOMMessage ByteCount = 138272801:182898
ConsensusMessage ByteCount = 2635764:12963
--- Measurements after 148000 ops (1000 samples) ---
Throughput = 4807.6924 operations/sec (Maximum observed: 4807.6924 ops/sec)
Total latency = 2.4454008448466E7 (+/- 0) us 
Consensus latency = 4676.527918 (+/- 260) us 
Pre-consensus latency = 0.0 (+/- 0) us 
Pos-consensus latency = 2.4451399517196E7 (+/- 0) us 
Propose latency = 2357.793628 (+/- 153) us 
Write latency = 690.013204 (+/- 166) us 
Accept latency = 1628.7210859999998 (+/- 201) us 
Batch average size = NaN (+/- 0) requests
LCMessage ByteCount = 2587:13
StandardSMMessage ByteCount = 10398:19
TOMMessage ByteCount = 138272801:182898
ConsensusMessage ByteCount = 2635764:12963
--- Measurements after 149000 ops (1000 samples) ---
Throughput = 5181.347 operations/sec (Maximum observed: 5181.347 ops/sec)
Total latency = 2.4603905813561E7 (+/- 0) us 
Consensus latency = 6583.668006 (+/- 3113) us 
Pre-consensus latency = 0.0 (+/- 0) us 
Pos-consensus latency = 2.4601206284145E7 (+/- 0) us 
Propose latency = 4449.4592999999995 (+/- 3153) us 
Write latency = 495.716572 (+/- 337) us 
Accept latency = 1638.492134 (+/- 110) us 
Batch average size = NaN (+/- 0) requests
LCMessage ByteCount = 2587:13
StandardSMMessage ByteCount = 10398:19
TOMMessage ByteCount = 138272801:182898
ConsensusMessage ByteCount = 2635764:12963
--- Measurements after 150000 ops (1000 samples) ---
Throughput = 7874.0156 operations/sec (Maximum observed: 7874.0156 ops/sec)
Total latency = 2.4699195448137E7 (+/- 0) us 
Consensus latency = 4944.1726229999995 (+/- 332) us 
Pre-consensus latency = 0.0 (+/- 0) us 
Pos-consensus latency = 2.4696670088352002E7 (+/- 0) us 
Propose latency = 2697.465604 (+/- 448) us 
Write latency = 775.3844690000001 (+/- 377) us 
Accept latency = 1471.32255 (+/- 193) us 
Batch average size = NaN (+/- 0) requests
LCMessage ByteCount = 2587:13
StandardSMMessage ByteCount = 10398:19
TOMMessage ByteCount = 138272801:182898
ConsensusMessage ByteCount = 2635764:12963
--- Measurements after 151000 ops (1000 samples) ---
Throughput = 8264.463 operations/sec (Maximum observed: 8264.463 ops/sec)
Total latency = 2.4774298934345E7 (+/- 0) us 
Consensus latency = 4872.030568 (+/- 194) us 
Pre-consensus latency = 0.0 (+/- 0) us 
Pos-consensus latency = 2.4771600706343E7 (+/- 0) us 
Propose latency = 2422.1916039999996 (+/- 129) us 
Write latency = 896.209373 (+/- 183) us 
Accept latency = 1553.6295910000001 (+/- 150) us 
Batch average size = NaN (+/- 0) requests
LCMessage ByteCount = 2587:13
StandardSMMessage ByteCount = 10398:19
TOMMessage ByteCount = 138272801:182898
ConsensusMessage ByteCount = 2635764:12963
--- Measurements after 152000 ops (1000 samples) ---
Throughput = 8130.0815 operations/sec (Maximum observed: 8264.463 ops/sec)
Total latency = 2.4839331614438E7 (+/- 0) us 
Consensus latency = 5052.545612 (+/- 217) us 
Pre-consensus latency = 0.0 (+/- 0) us 
Pos-consensus latency = 2.4836518317022E7 (+/- 0) us 
Propose latency = 2493.908953 (+/- 79) us 
Write latency = 937.290554 (+/- 223) us 
Accept latency = 1621.346105 (+/- 186) us 
Batch average size = NaN (+/- 0) requests
LCMessage ByteCount = 2587:13
StandardSMMessage ByteCount = 10398:19
TOMMessage ByteCount = 138272801:182898
ConsensusMessage ByteCount = 2635764:12963
--- Measurements after 153000 ops (1000 samples) ---
Throughput = 8000.0 operations/sec (Maximum observed: 8264.463 ops/sec)
Total latency = 2.4904309896784E7 (+/- 0) us 
Consensus latency = 4881.289387 (+/- 178) us 
Pre-consensus latency = 0.0 (+/- 0) us 
Pos-consensus latency = 2.4901561491827E7 (+/- 0) us 
Propose latency = 2382.751855 (+/- 235) us 
Write latency = 940.4461670000001 (+/- 288) us 
Accept latency = 1558.091365 (+/- 175) us 
Batch average size = NaN (+/- 0) requests
LCMessage ByteCount = 2587:13
StandardSMMessage ByteCount = 10398:19
TOMMessage ByteCount = 138272801:182898
ConsensusMessage ByteCount = 2635764:12963
--- Measurements after 154000 ops (1000 samples) ---
Throughput = 8849.558 operations/sec (Maximum observed: 8849.558 ops/sec)
Total latency = 2.4966873438148E7 (+/- 0) us 
Consensus latency = 5417.218989 (+/- 511) us 
Pre-consensus latency = 0.0 (+/- 0) us 
Pos-consensus latency = 2.4964064475694E7 (+/- 0) us 
Propose latency = 2930.164872 (+/- 517) us 
Write latency = 916.712951 (+/- 323) us 
Accept latency = 1570.341166 (+/- 171) us 
Batch average size = NaN (+/- 0) requests
LCMessage ByteCount = 2587:13
StandardSMMessage ByteCount = 10398:19
TOMMessage ByteCount = 138272801:182898
ConsensusMessage ByteCount = 2635764:12963
--- Measurements after 155000 ops (1000 samples) ---
Throughput = 7518.797 operations/sec (Maximum observed: 8849.558 ops/sec)
Total latency = 2.5034099852447E7 (+/- 0) us 
Consensus latency = 5955.136606 (+/- 1648) us 
Pre-consensus latency = 0.0 (+/- 0) us 
Pos-consensus latency = 2.5030639425171003E7 (+/- 0) us 
Propose latency = 3050.055119 (+/- 894) us 
Write latency = 1336.5310419999998 (+/- 1866) us 
Accept latency = 1568.550445 (+/- 294) us 
Batch average size = NaN (+/- 0) requests
LCMessage ByteCount = 2587:13
StandardSMMessage ByteCount = 10398:19
TOMMessage ByteCount = 138272801:182898
ConsensusMessage ByteCount = 2635764:12963
--- Measurements after 156000 ops (1000 samples) ---
Throughput = 8333.333 operations/sec (Maximum observed: 8849.558 ops/sec)
Total latency = 2.5105450568212003E7 (+/- 0) us 
Consensus latency = 5015.028107 (+/- 196) us 
Pre-consensus latency = 0.0 (+/- 0) us 
Pos-consensus latency = 2.5102666313051E7 (+/- 0) us 
Propose latency = 2464.241076 (+/- 206) us 
Write latency = 993.5031090000001 (+/- 161) us 
Accept latency = 1557.283922 (+/- 78) us 
Batch average size = NaN (+/- 0) requests
LCMessage ByteCount = 2587:13
StandardSMMessage ByteCount = 10398:19
TOMMessage ByteCount = 138272801:182898
ConsensusMessage ByteCount = 2635764:12963
--- Measurements after 157000 ops (1000 samples) ---
Throughput = 8695.652 operations/sec (Maximum observed: 8849.558 ops/sec)
Total latency = 2.5169076384698004E7 (+/- 0) us 
Consensus latency = 4792.5301739999995 (+/- 187) us 
Pre-consensus latency = 0.0 (+/- 0) us 
Pos-consensus latency = 2.5166425741040003E7 (+/- 0) us 
Propose latency = 2423.7261940000003 (+/- 143) us 
Write latency = 763.837531 (+/- 271) us 
Accept latency = 1604.966449 (+/- 128) us 
Batch average size = NaN (+/- 0) requests
LCMessage ByteCount = 2587:13
StandardSMMessage ByteCount = 10398:19
TOMMessage ByteCount = 138272801:182898
ConsensusMessage ByteCount = 2635764:12963
--- Measurements after 158000 ops (1000 samples) ---
Throughput = 8333.333 operations/sec (Maximum observed: 8849.558 ops/sec)
Total latency = 2.5230655463064E7 (+/- 0) us 
Consensus latency = 4681.407686 (+/- 244) us 
Pre-consensus latency = 0.0 (+/- 0) us 
Pos-consensus latency = 2.5228207965192E7 (+/- 0) us 
Propose latency = 2496.69434 (+/- 179) us 
Write latency = 643.703395 (+/- 140) us 
Accept latency = 1541.0099509999998 (+/- 200) us 
Batch average size = NaN (+/- 0) requests
LCMessage ByteCount = 2587:13
StandardSMMessage ByteCount = 10398:19
TOMMessage ByteCount = 138272801:182898
ConsensusMessage ByteCount = 2635764:12963
--- Measurements after 159000 ops (1000 samples) ---
Throughput = 8333.333 operations/sec (Maximum observed: 8849.558 ops/sec)
Total latency = 2.5289683651049E7 (+/- 0) us 
Consensus latency = 5663.215164 (+/- 1183) us 
Pre-consensus latency = 0.0 (+/- 0) us 
Pos-consensus latency = 2.5287117447624E7 (+/- 0) us 
Propose latency = 3444.600676 (+/- 1109) us 
Write latency = 739.019769 (+/- 190) us 
Accept latency = 1479.594719 (+/- 91) us 
Batch average size = NaN (+/- 0) requests
LCMessage ByteCount = 2587:13
StandardSMMessage ByteCount = 10398:19
TOMMessage ByteCount = 138272801:182898
ConsensusMessage ByteCount = 2635764:12963
--- Measurements after 160000 ops (1000 samples) ---
Throughput = 8064.516 operations/sec (Maximum observed: 8849.558 ops/sec)
Total latency = 2.5364257231311E7 (+/- 0) us 
Consensus latency = 4817.363595 (+/- 565) us 
Pre-consensus latency = 0.0 (+/- 0) us 
Pos-consensus latency = 2.5361818705035E7 (+/- 0) us 
Propose latency = 2862.3894360000004 (+/- 559) us 
Write latency = 381.179033 (+/- 173) us 
Accept latency = 1573.795126 (+/- 173) us 
Batch average size = NaN (+/- 0) requests
LCMessage ByteCount = 2587:13
StandardSMMessage ByteCount = 10398:19
TOMMessage ByteCount = 138272801:182898
ConsensusMessage ByteCount = 2635764:12963
--- Measurements after 161000 ops (1000 samples) ---
Throughput = 8264.463 operations/sec (Maximum observed: 8849.558 ops/sec)
Total latency = 2.5429439185941003E7 (+/- 0) us 
Consensus latency = 5021.825955 (+/- 567) us 
Pre-consensus latency = 0.0 (+/- 0) us 
Pos-consensus latency = 2.5426968367863E7 (+/- 0) us 
Propose latency = 2780.239886 (+/- 532) us 
Write latency = 715.163514 (+/- 279) us 
Accept latency = 1526.4225549999999 (+/- 176) us 
Batch average size = NaN (+/- 0) requests
LCMessage ByteCount = 2587:13
StandardSMMessage ByteCount = 10398:19
TOMMessage ByteCount = 138272801:182898
ConsensusMessage ByteCount = 2635764:12963
--- Measurements after 162000 ops (1000 samples) ---
Throughput = 8403.361 operations/sec (Maximum observed: 8849.558 ops/sec)
Total latency = 2.5491111518173E7 (+/- 0) us 
Consensus latency = 4741.776054999999 (+/- 217) us 
Pre-consensus latency = 0.0 (+/- 0) us 
Pos-consensus latency = 2.5488487083591998E7 (+/- 0) us 
Propose latency = 2364.36482 (+/- 113) us 
Write latency = 744.714324 (+/- 148) us 
Accept latency = 1632.696911 (+/- 187) us 
Batch average size = NaN (+/- 0) requests
LCMessage ByteCount = 2587:13
StandardSMMessage ByteCount = 10398:19
TOMMessage ByteCount = 138272801:182898
ConsensusMessage ByteCount = 2635764:12963
--- Measurements after 163000 ops (1000 samples) ---
Throughput = 8771.93 operations/sec (Maximum observed: 8849.558 ops/sec)
Total latency = 2.555557731875E7 (+/- 0) us 
Consensus latency = 4700.409142 (+/- 318) us 
Pre-consensus latency = 0.0 (+/- 0) us 
Pos-consensus latency = 2.5552962459143E7 (+/- 0) us 
Propose latency = 2335.225344 (+/- 188) us 
Write latency = 718.891448 (+/- 160) us 
Accept latency = 1646.2923500000002 (+/- 216) us 
Batch average size = NaN (+/- 0) requests
LCMessage ByteCount = 2587:13
StandardSMMessage ByteCount = 10398:19
TOMMessage ByteCount = 138272801:182898
ConsensusMessage ByteCount = 2635764:12963
--- Measurements after 164000 ops (1000 samples) ---
Throughput = 7751.938 operations/sec (Maximum observed: 8849.558 ops/sec)
Total latency = 2.5613219592394E7 (+/- 0) us 
Consensus latency = 5707.394885 (+/- 1642) us 
Pre-consensus latency = 0.0 (+/- 0) us 
Pos-consensus latency = 2.5610500810839E7 (+/- 0) us 
Propose latency = 3662.216709 (+/- 1780) us 
Write latency = 543.4036679999999 (+/- 338) us 
Accept latency = 1501.774508 (+/- 216) us 
Batch average size = NaN (+/- 0) requests
LCMessage ByteCount = 2587:13
StandardSMMessage ByteCount = 10398:19
TOMMessage ByteCount = 138272801:182898
ConsensusMessage ByteCount = 2635764:12963
--- Measurements after 165000 ops (1000 samples) ---
Throughput = 8771.93 operations/sec (Maximum observed: 8849.558 ops/sec)
Total latency = 2.5684523741896998E7 (+/- 0) us 
Consensus latency = 4899.387901 (+/- 205) us 
Pre-consensus latency = 0.0 (+/- 0) us 
Pos-consensus latency = 2.5682022822022E7 (+/- 0) us 
Propose latency = 2673.479722 (+/- 365) us 
Write latency = 651.41995 (+/- 204) us 
Accept latency = 1574.488229 (+/- 109) us 
Batch average size = NaN (+/- 0) requests
LCMessage ByteCount = 2587:13
StandardSMMessage ByteCount = 10398:19
TOMMessage ByteCount = 138272801:182898
ConsensusMessage ByteCount = 2635764:12963
--- Measurements after 166000 ops (1000 samples) ---
Throughput = 8474.576 operations/sec (Maximum observed: 8849.558 ops/sec)
Total latency = 2.5744202575746E7 (+/- 0) us 
Consensus latency = 6957.22915 (+/- 2246) us 
Pre-consensus latency = 0.0 (+/- 0) us 
Pos-consensus latency = 2.5740454942141E7 (+/- 0) us 
Propose latency = 4238.348663 (+/- 1965) us 
Write latency = 413.00080699999995 (+/- 272) us 
Accept latency = 2305.87968 (+/- 1876) us 
Batch average size = NaN (+/- 0) requests
LCMessage ByteCount = 2587:13
StandardSMMessage ByteCount = 10398:19
TOMMessage ByteCount = 138272801:182898
ConsensusMessage ByteCount = 2635764:12963
--- Measurements after 167000 ops (1000 samples) ---
Throughput = 8333.333 operations/sec (Maximum observed: 8849.558 ops/sec)
Total latency = 2.5807999641074E7 (+/- 0) us 
Consensus latency = 4776.0812510000005 (+/- 303) us 
Pre-consensus latency = 0.0 (+/- 0) us 
Pos-consensus latency = 2.5805560963088002E7 (+/- 0) us 
Propose latency = 2588.159272 (+/- 111) us 
Write latency = 626.932096 (+/- 215) us 
Accept latency = 1560.989883 (+/- 172) us 
Batch average size = NaN (+/- 0) requests
LCMessage ByteCount = 2587:13
StandardSMMessage ByteCount = 10398:19
TOMMessage ByteCount = 138272801:182898
ConsensusMessage ByteCount = 2635764:12963
--- Measurements after 168000 ops (1000 samples) ---
Throughput = 8620.689 operations/sec (Maximum observed: 8849.558 ops/sec)
Total latency = 2.5870969808872003E7 (+/- 0) us 
Consensus latency = 4690.9800159999995 (+/- 266) us 
Pre-consensus latency = 0.0 (+/- 0) us 
Pos-consensus latency = 2.5868541292661E7 (+/- 0) us 
Propose latency = 2534.152969 (+/- 241) us 
Write latency = 645.07619 (+/- 107) us 
Accept latency = 1511.750857 (+/- 114) us 
Batch average size = NaN (+/- 0) requests
LCMessage ByteCount = 2587:13
StandardSMMessage ByteCount = 10398:19
TOMMessage ByteCount = 138272801:182898
ConsensusMessage ByteCount = 2635764:12963
--- Measurements after 169000 ops (1000 samples) ---
Throughput = 7407.407 operations/sec (Maximum observed: 8849.558 ops/sec)
Total latency = 2.5942753556712E7 (+/- 0) us 
Consensus latency = 5672.724616 (+/- 1322) us 
Pre-consensus latency = 0.0 (+/- 0) us 
Pos-consensus latency = 2.5939707936388E7 (+/- 0) us 
Propose latency = 2940.860149 (+/- 772) us 
Write latency = 786.3272430000001 (+/- 190) us 
Accept latency = 1945.537224 (+/- 1147) us 
Batch average size = NaN (+/- 0) requests
LCMessage ByteCount = 2587:13
StandardSMMessage ByteCount = 10398:19
TOMMessage ByteCount = 138272801:182898
ConsensusMessage ByteCount = 2635764:12963
--- Measurements after 170000 ops (1000 samples) ---
Throughput = 8403.361 operations/sec (Maximum observed: 8849.558 ops/sec)
Total latency = 2.6011181493786E7 (+/- 0) us 
Consensus latency = 4886.932399 (+/- 177) us 
Pre-consensus latency = 0.0 (+/- 0) us 
Pos-consensus latency = 2.6008668974173002E7 (+/- 0) us 
Propose latency = 2652.842977 (+/- 191) us 
Write latency = 654.893558 (+/- 129) us 
Accept latency = 1579.195864 (+/- 148) us 
Batch average size = NaN (+/- 0) requests
LCMessage ByteCount = 2587:13
StandardSMMessage ByteCount = 10398:19
TOMMessage ByteCount = 138272801:182898
ConsensusMessage ByteCount = 2635764:12963
--- Measurements after 171000 ops (1000 samples) ---
Throughput = 8333.333 operations/sec (Maximum observed: 8849.558 ops/sec)
Total latency = 2.6075948922347E7 (+/- 0) us 
Consensus latency = 5318.301683000001 (+/- 1612) us 
Pre-consensus latency = 0.0 (+/- 0) us 
Pos-consensus latency = 2.6072939354666002E7 (+/- 0) us 
Propose latency = 2582.517374 (+/- 394) us 
Write latency = 637.58386 (+/- 147) us 
Accept latency = 2098.200449 (+/- 1523) us 
Batch average size = NaN (+/- 0) requests
LCMessage ByteCount = 2587:13
StandardSMMessage ByteCount = 10398:19
TOMMessage ByteCount = 138272801:182898
ConsensusMessage ByteCount = 2635764:12963
--- Measurements after 172000 ops (1000 samples) ---
Throughput = 8264.463 operations/sec (Maximum observed: 8849.558 ops/sec)
Total latency = 2.6141304272307E7 (+/- 0) us 
Consensus latency = 5120.323408 (+/- 780) us 
Pre-consensus latency = 0.0 (+/- 0) us 
Pos-consensus latency = 2.6139010481944E7 (+/- 0) us 
Propose latency = 3199.6788300000003 (+/- 878) us 
Write latency = 395.83932799999997 (+/- 217) us 
Accept latency = 1524.80525 (+/- 122) us 
Batch average size = NaN (+/- 0) requests
LCMessage ByteCount = 2587:13
StandardSMMessage ByteCount = 10398:19
TOMMessage ByteCount = 138272801:182898
ConsensusMessage ByteCount = 2635764:12963
--- Measurements after 173000 ops (1000 samples) ---
Throughput = 8264.463 operations/sec (Maximum observed: 8849.558 ops/sec)
Total latency = 2.6205389760071E7 (+/- 0) us 
Consensus latency = 4530.591812 (+/- 223) us 
Pre-consensus latency = 0.0 (+/- 0) us 
Pos-consensus latency = 2.620300294936E7 (+/- 0) us 
Propose latency = 2389.31198 (+/- 149) us 
Write latency = 548.654165 (+/- 245) us 
Accept latency = 1592.6256669999998 (+/- 216) us 
Batch average size = NaN (+/- 0) requests
LCMessage ByteCount = 2587:13
StandardSMMessage ByteCount = 10398:19
TOMMessage ByteCount = 138272801:182898
ConsensusMessage ByteCount = 2635764:12963
--- Measurements after 174000 ops (1000 samples) ---
Throughput = 7874.0156 operations/sec (Maximum observed: 8849.558 ops/sec)
Total latency = 2.6276986918209E7 (+/- 0) us 
Consensus latency = 5050.927634 (+/- 1057) us 
Pre-consensus latency = 0.0 (+/- 0) us 
Pos-consensus latency = 2.6274552876176E7 (+/- 0) us 
Propose latency = 2919.291591 (+/- 1020) us 
Write latency = 632.852713 (+/- 210) us 
Accept latency = 1498.78333 (+/- 157) us 
Batch average size = NaN (+/- 0) requests
LCMessage ByteCount = 2587:13
StandardSMMessage ByteCount = 10398:19
TOMMessage ByteCount = 138272801:182898
ConsensusMessage ByteCount = 2635764:12963
--- Measurements after 175000 ops (1000 samples) ---
Throughput = 8333.333 operations/sec (Maximum observed: 8849.558 ops/sec)
Total latency = 2.634056838384E7 (+/- 0) us 
Consensus latency = 4661.772667 (+/- 237) us 
Pre-consensus latency = 0.0 (+/- 0) us 
Pos-consensus latency = 2.6338188758381E7 (+/- 0) us 
Propose latency = 2584.52172 (+/- 240) us 
Write latency = 527.38797 (+/- 195) us 
Accept latency = 1549.862977 (+/- 159) us 
Batch average size = NaN (+/- 0) requests
LCMessage ByteCount = 2587:13
StandardSMMessage ByteCount = 10398:19
TOMMessage ByteCount = 138272801:182898
ConsensusMessage ByteCount = 2635764:12963
--- Measurements after 176000 ops (1000 samples) ---
Throughput = 8333.333 operations/sec (Maximum observed: 8849.558 ops/sec)
Total latency = 2.6403917834847998E7 (+/- 0) us 
Consensus latency = 4605.748925 (+/- 265) us 
Pre-consensus latency = 0.0 (+/- 0) us 
Pos-consensus latency = 2.6401471111077998E7 (+/- 0) us 
Propose latency = 2462.739293 (+/- 177) us 
Write latency = 696.021668 (+/- 228) us 
Accept latency = 1446.987964 (+/- 114) us 
Batch average size = NaN (+/- 0) requests
LCMessage ByteCount = 2587:13
StandardSMMessage ByteCount = 10398:19
TOMMessage ByteCount = 138272801:182898
ConsensusMessage ByteCount = 2635764:12963
--- Measurements after 177000 ops (1000 samples) ---
Throughput = 8620.689 operations/sec (Maximum observed: 8849.558 ops/sec)
Total latency = 2.6465222979969002E7 (+/- 0) us 
Consensus latency = 4628.063964 (+/- 806) us 
Pre-consensus latency = 0.0 (+/- 0) us 
Pos-consensus latency = 2.6462744343598E7 (+/- 0) us 
Propose latency = 2674.118633 (+/- 803) us 
Write latency = 356.04794400000003 (+/- 272) us 
Accept latency = 1597.8973870000002 (+/- 135) us 
Batch average size = NaN (+/- 0) requests
LCMessage ByteCount = 2587:13
StandardSMMessage ByteCount = 10398:19
TOMMessage ByteCount = 138272801:182898
ConsensusMessage ByteCount = 2635764:12963
--- Measurements after 178000 ops (1000 samples) ---
Throughput = 7575.758 operations/sec (Maximum observed: 8849.558 ops/sec)
Total latency = 2.6532057492714E7 (+/- 0) us 
Consensus latency = 4276.954105000001 (+/- 179) us 
Pre-consensus latency = 0.0 (+/- 0) us 
Pos-consensus latency = 2.6529766982554E7 (+/- 0) us 
Propose latency = 2242.154764 (+/- 121) us 
Write latency = 521.426021 (+/- 97) us 
Accept latency = 1513.3733200000001 (+/- 132) us 
Batch average size = NaN (+/- 0) requests
LCMessage ByteCount = 2587:13
StandardSMMessage ByteCount = 10398:19
TOMMessage ByteCount = 138272801:182898
ConsensusMessage ByteCount = 2635764:12963
--- Measurements after 179000 ops (1000 samples) ---
Throughput = 8403.361 operations/sec (Maximum observed: 8849.558 ops/sec)
Total latency = 2.66014059601E7 (+/- 0) us 
Consensus latency = 4785.274981 (+/- 491) us 
Pre-consensus latency = 0.0 (+/- 0) us 
Pos-consensus latency = 2.6598961659599997E7 (+/- 0) us 
Propose latency = 2610.6884160000004 (+/- 569) us 
Write latency = 516.353872 (+/- 127) us 
Accept latency = 1658.232693 (+/- 96) us 
Batch average size = NaN (+/- 0) requests
LCMessage ByteCount = 2587:13
StandardSMMessage ByteCount = 10398:19
TOMMessage ByteCount = 138272801:182898
ConsensusMessage ByteCount = 2635764:12963
--- Measurements after 180000 ops (1000 samples) ---
Throughput = 8403.361 operations/sec (Maximum observed: 8849.558 ops/sec)
Total latency = 2.666808787543E7 (+/- 0) us 
Consensus latency = 4494.4863700000005 (+/- 397) us 
Pre-consensus latency = 0.0 (+/- 0) us 
Pos-consensus latency = 2.6665757204853002E7 (+/- 0) us 
Propose latency = 2462.639994 (+/- 255) us 
Write latency = 379.205481 (+/- 181) us 
Accept latency = 1652.640895 (+/- 227) us 
Batch average size = NaN (+/- 0) requests
LCMessage ByteCount = 2587:13
StandardSMMessage ByteCount = 10398:19
TOMMessage ByteCount = 138272801:182898
ConsensusMessage ByteCount = 2635764:12963
--- Measurements after 181000 ops (1000 samples) ---
Throughput = 8196.722 operations/sec (Maximum observed: 8849.558 ops/sec)
Total latency = 2.6729294325740002E7 (+/- 0) us 
Consensus latency = 4291.206005 (+/- 236) us 
Pre-consensus latency = 0.0 (+/- 0) us 
Pos-consensus latency = 2.6727058616913E7 (+/- 0) us 
Propose latency = 2371.0476559999997 (+/- 237) us 
Write latency = 259.367601 (+/- 136) us 
Accept latency = 1660.790748 (+/- 154) us 
Batch average size = NaN (+/- 0) requests
LCMessage ByteCount = 2587:13
StandardSMMessage ByteCount = 10398:19
TOMMessage ByteCount = 138272801:182898
ConsensusMessage ByteCount = 2635764:12963
--- Measurements after 182000 ops (1000 samples) ---
Throughput = 8695.652 operations/sec (Maximum observed: 8849.558 ops/sec)
Total latency = 2.6793176390673E7 (+/- 0) us 
Consensus latency = 5398.1665920000005 (+/- 2517) us 
Pre-consensus latency = 0.0 (+/- 0) us 
Pos-consensus latency = 2.6790429910119E7 (+/- 0) us 
Propose latency = 3219.821985 (+/- 2649) us 
Write latency = 629.467962 (+/- 288) us 
Accept latency = 1548.876645 (+/- 214) us 
Batch average size = NaN (+/- 0) requests
LCMessage ByteCount = 2587:13
StandardSMMessage ByteCount = 10398:19
TOMMessage ByteCount = 138272801:182898
ConsensusMessage ByteCount = 2635764:12963
--- Measurements after 183000 ops (1000 samples) ---
Throughput = 7462.6865 operations/sec (Maximum observed: 8849.558 ops/sec)
Total latency = 2.6862918606766E7 (+/- 0) us 
Consensus latency = 4467.262162999999 (+/- 886) us 
Pre-consensus latency = 0.0 (+/- 0) us 
Pos-consensus latency = 2.6860729864728E7 (+/- 0) us 
Propose latency = 2534.966558 (+/- 877) us 
Write latency = 364.984897 (+/- 295) us 
Accept latency = 1567.3107080000002 (+/- 70) us 
Batch average size = NaN (+/- 0) requests
LCMessage ByteCount = 2587:13
StandardSMMessage ByteCount = 10398:19
TOMMessage ByteCount = 138272801:182898
ConsensusMessage ByteCount = 2635764:12963
--- Measurements after 184000 ops (1000 samples) ---
Throughput = 7751.938 operations/sec (Maximum observed: 8849.558 ops/sec)
Total latency = 2.6936656163112998E7 (+/- 0) us 
Consensus latency = 4985.596898 (+/- 607) us 
Pre-consensus latency = 0.0 (+/- 0) us 
Pos-consensus latency = 2.6934185982890997E7 (+/- 0) us 
Propose latency = 2806.1278119999997 (+/- 600) us 
Write latency = 555.328527 (+/- 203) us 
Accept latency = 1624.140559 (+/- 190) us 
Batch average size = NaN (+/- 0) requests
LCMessage ByteCount = 2587:13
StandardSMMessage ByteCount = 10398:19
TOMMessage ByteCount = 138272801:182898
ConsensusMessage ByteCount = 2635764:12963
--- Measurements after 185000 ops (1000 samples) ---
Throughput = 8695.652 operations/sec (Maximum observed: 8849.558 ops/sec)
Total latency = 2.7002139783872E7 (+/- 0) us 
Consensus latency = 4746.442036 (+/- 336) us 
Pre-consensus latency = 0.0 (+/- 0) us 
Pos-consensus latency = 2.6999655918066002E7 (+/- 0) us 
Propose latency = 2551.818696 (+/- 210) us 
Write latency = 537.853368 (+/- 290) us 
Accept latency = 1656.769972 (+/- 151) us 
Batch average size = NaN (+/- 0) requests
LCMessage ByteCount = 2587:13
StandardSMMessage ByteCount = 10398:19
TOMMessage ByteCount = 138272801:182898
ConsensusMessage ByteCount = 2635764:12963
--- Measurements after 186000 ops (1000 samples) ---
Throughput = 8333.333 operations/sec (Maximum observed: 8849.558 ops/sec)
Total latency = 2.7067378036612E7 (+/- 0) us 
Consensus latency = 4771.478301 (+/- 267) us 
Pre-consensus latency = 0.0 (+/- 0) us 
Pos-consensus latency = 2.7064805650657002E7 (+/- 0) us 
Propose latency = 2484.640156 (+/- 125) us 
Write latency = 828.932322 (+/- 212) us 
Accept latency = 1457.905823 (+/- 128) us 
Batch average size = NaN (+/- 0) requests
LCMessage ByteCount = 2587:13
StandardSMMessage ByteCount = 10398:19
TOMMessage ByteCount = 138272801:182898
ConsensusMessage ByteCount = 2635764:12963
--- Measurements after 187000 ops (1000 samples) ---
Throughput = 8196.722 operations/sec (Maximum observed: 8849.558 ops/sec)
Total latency = 2.7127744516914003E7 (+/- 0) us 
Consensus latency = 4541.145715 (+/- 291) us 
Pre-consensus latency = 0.0 (+/- 0) us 
Pos-consensus latency = 2.7125413728257E7 (+/- 0) us 
Propose latency = 2487.622877 (+/- 210) us 
Write latency = 471.26759999999996 (+/- 201) us 
Accept latency = 1582.255238 (+/- 192) us 
Batch average size = NaN (+/- 0) requests
LCMessage ByteCount = 2587:13
StandardSMMessage ByteCount = 10398:19
TOMMessage ByteCount = 138272801:182898
ConsensusMessage ByteCount = 2635764:12963
--- Measurements after 188000 ops (1000 samples) ---
Throughput = 8196.722 operations/sec (Maximum observed: 8849.558 ops/sec)
Total latency = 2.7198582249112997E7 (+/- 0) us 
Consensus latency = 5199.518609 (+/- 2789) us 
Pre-consensus latency = 0.0 (+/- 0) us 
Pos-consensus latency = 2.7195495317589E7 (+/- 0) us 
Propose latency = 3379.709043 (+/- 2797) us 
Write latency = 226.934054 (+/- 222) us 
Accept latency = 1592.875512 (+/- 171) us 
Batch average size = NaN (+/- 0) requests
LCMessage ByteCount = 2587:13
StandardSMMessage ByteCount = 10398:19
TOMMessage ByteCount = 138272801:182898
ConsensusMessage ByteCount = 2635764:12963
--- Measurements after 189000 ops (1000 samples) ---
Throughput = 8474.576 operations/sec (Maximum observed: 8849.558 ops/sec)
Total latency = 2.7260580828499E7 (+/- 0) us 
Consensus latency = 4954.768814 (+/- 771) us 
Pre-consensus latency = 0.0 (+/- 0) us 
Pos-consensus latency = 2.7258170131598E7 (+/- 0) us 
Propose latency = 2889.58777 (+/- 783) us 
Write latency = 531.476239 (+/- 292) us 
Accept latency = 1533.7048049999999 (+/- 161) us 
Batch average size = NaN (+/- 0) requests
LCMessage ByteCount = 2587:13
StandardSMMessage ByteCount = 10398:19
TOMMessage ByteCount = 138272801:182898
ConsensusMessage ByteCount = 2635764:12963
--- Measurements after 190000 ops (1000 samples) ---
Throughput = 8403.361 operations/sec (Maximum observed: 8849.558 ops/sec)
Total latency = 2.7321440474928003E7 (+/- 0) us 
Consensus latency = 4760.491846 (+/- 333) us 
Pre-consensus latency = 0.0 (+/- 0) us 
Pos-consensus latency = 2.7318964690192003E7 (+/- 0) us 
Propose latency = 2557.6528240000002 (+/- 378) us 
Write latency = 681.552053 (+/- 136) us 
Accept latency = 1521.286969 (+/- 138) us 
Batch average size = NaN (+/- 0) requests
LCMessage ByteCount = 2587:13
StandardSMMessage ByteCount = 10398:19
TOMMessage ByteCount = 138272801:182898
ConsensusMessage ByteCount = 2635764:12963
--- Measurements after 191000 ops (1000 samples) ---
Throughput = 8620.689 operations/sec (Maximum observed: 8849.558 ops/sec)
Total latency = 2.7385217815314E7 (+/- 0) us 
Consensus latency = 4493.312195 (+/- 182) us 
Pre-consensus latency = 0.0 (+/- 0) us 
Pos-consensus latency = 2.738293744518E7 (+/- 0) us 
Propose latency = 2476.543541 (+/- 155) us 
Write latency = 538.955159 (+/- 222) us 
Accept latency = 1477.813495 (+/- 154) us 
Batch average size = NaN (+/- 0) requests
LCMessage ByteCount = 2587:13
StandardSMMessage ByteCount = 10398:19
TOMMessage ByteCount = 138272801:182898
ConsensusMessage ByteCount = 2635764:12963
--- Measurements after 192000 ops (1000 samples) ---
Throughput = 7575.758 operations/sec (Maximum observed: 8849.558 ops/sec)
Total latency = 2.7451136368712E7 (+/- 0) us 
Consensus latency = 4669.095525999999 (+/- 136) us 
Pre-consensus latency = 0.0 (+/- 0) us 
Pos-consensus latency = 2.7448748743153E7 (+/- 0) us 
Propose latency = 2542.323444 (+/- 209) us 
Write latency = 540.144893 (+/- 210) us 
Accept latency = 1586.627189 (+/- 111) us 
Batch average size = NaN (+/- 0) requests
LCMessage ByteCount = 2587:13
StandardSMMessage ByteCount = 10398:19
TOMMessage ByteCount = 138272801:182898
ConsensusMessage ByteCount = 2635764:12963
--- Measurements after 193000 ops (1000 samples) ---
Throughput = 8620.689 operations/sec (Maximum observed: 8849.558 ops/sec)
Total latency = 2.7523992148977E7 (+/- 0) us 
Consensus latency = 4525.994401 (+/- 302) us 
Pre-consensus latency = 0.0 (+/- 0) us 
Pos-consensus latency = 2.752170462769E7 (+/- 0) us 
Propose latency = 2505.1610929999997 (+/- 221) us 
Write latency = 550.465909 (+/- 128) us 
Accept latency = 1470.367399 (+/- 164) us 
Batch average size = NaN (+/- 0) requests
LCMessage ByteCount = 2587:13
StandardSMMessage ByteCount = 10398:19
TOMMessage ByteCount = 138272801:182898
ConsensusMessage ByteCount = 2635764:12963
--- Measurements after 194000 ops (1000 samples) ---
Throughput = 8333.333 operations/sec (Maximum observed: 8849.558 ops/sec)
Total latency = 2.7585644161799E7 (+/- 0) us 
Consensus latency = 4968.02471 (+/- 1036) us 
Pre-consensus latency = 0.0 (+/- 0) us 
Pos-consensus latency = 2.7583112493497003E7 (+/- 0) us 
Propose latency = 2793.539844 (+/- 865) us 
Write latency = 593.731935 (+/- 380) us 
Accept latency = 1580.752931 (+/- 97) us 
Batch average size = NaN (+/- 0) requests
LCMessage ByteCount = 2587:13
StandardSMMessage ByteCount = 10398:19
TOMMessage ByteCount = 138272801:182898
ConsensusMessage ByteCount = 2635764:12963
--- Measurements after 195000 ops (1000 samples) ---
Throughput = 8474.576 operations/sec (Maximum observed: 8849.558 ops/sec)
Total latency = 2.7648365064818002E7 (+/- 0) us 
Consensus latency = 4935.6451560000005 (+/- 588) us 
Pre-consensus latency = 0.0 (+/- 0) us 
Pos-consensus latency = 2.7645733789917E7 (+/- 0) us 
Propose latency = 2592.7791490000004 (+/- 373) us 
Write latency = 812.006808 (+/- 334) us 
Accept latency = 1530.859199 (+/- 179) us 
Batch average size = NaN (+/- 0) requests
LCMessage ByteCount = 2587:13
StandardSMMessage ByteCount = 10398:19
TOMMessage ByteCount = 138272801:182898
ConsensusMessage ByteCount = 2635764:12963
--- Measurements after 196000 ops (1000 samples) ---
Throughput = 8695.652 operations/sec (Maximum observed: 8849.558 ops/sec)
Total latency = 2.7710255908772E7 (+/- 0) us 
Consensus latency = 4723.744268 (+/- 241) us 
Pre-consensus latency = 0.0 (+/- 0) us 
Pos-consensus latency = 2.7707760519629E7 (+/- 0) us 
Propose latency = 2510.828055 (+/- 172) us 
Write latency = 736.854387 (+/- 239) us 
Accept latency = 1476.0618259999999 (+/- 184) us 
Batch average size = NaN (+/- 0) requests
LCMessage ByteCount = 2587:13
StandardSMMessage ByteCount = 10398:19
TOMMessage ByteCount = 138272801:182898
ConsensusMessage ByteCount = 2635764:12963
--- Measurements after 197000 ops (1000 samples) ---
Throughput = 7462.6865 operations/sec (Maximum observed: 8849.558 ops/sec)
Total latency = 2.7780959002664E7 (+/- 0) us 
Consensus latency = 4699.100604 (+/- 249) us 
Pre-consensus latency = 0.0 (+/- 0) us 
Pos-consensus latency = 2.7778398777606E7 (+/- 0) us 
Propose latency = 2417.878613 (+/- 130) us 
Write latency = 765.510595 (+/- 271) us 
Accept latency = 1515.711396 (+/- 168) us 
Batch average size = NaN (+/- 0) requests
LCMessage ByteCount = 2587:13
StandardSMMessage ByteCount = 10398:19
TOMMessage ByteCount = 138272801:182898
ConsensusMessage ByteCount = 2635764:12963
--- Measurements after 198000 ops (1000 samples) ---
Throughput = 8264.463 operations/sec (Maximum observed: 8849.558 ops/sec)
Total latency = 2.7845162038924E7 (+/- 0) us 
Consensus latency = 4784.917255 (+/- 502) us 
Pre-consensus latency = 0.0 (+/- 0) us 
Pos-consensus latency = 2.7842657604502E7 (+/- 0) us 
Propose latency = 2585.544962 (+/- 497) us 
Write latency = 675.625771 (+/- 102) us 
Accept latency = 1523.7465220000001 (+/- 197) us 
Batch average size = NaN (+/- 0) requests
LCMessage ByteCount = 2587:13
StandardSMMessage ByteCount = 10398:19
TOMMessage ByteCount = 138272801:182898
ConsensusMessage ByteCount = 2635764:12963
--- Measurements after 199000 ops (1000 samples) ---
Throughput = 8771.93 operations/sec (Maximum observed: 8849.558 ops/sec)
Total latency = 2.7904740683645E7 (+/- 0) us 
Consensus latency = 5842.231192 (+/- 2893) us 
Pre-consensus latency = 0.0 (+/- 0) us 
Pos-consensus latency = 2.7901395783799E7 (+/- 0) us 
Propose latency = 3855.9761359999998 (+/- 3033) us 
Write latency = 355.85517 (+/- 256) us 
Accept latency = 1630.399886 (+/- 101) us 
Batch average size = NaN (+/- 0) requests
LCMessage ByteCount = 2587:13
StandardSMMessage ByteCount = 10398:19
TOMMessage ByteCount = 138272801:182898
ConsensusMessage ByteCount = 2635764:12963
--- Measurements after 200000 ops (1000 samples) ---
Throughput = 8333.333 operations/sec (Maximum observed: 8849.558 ops/sec)
Total latency = 2.7968949200935002E7 (+/- 0) us 
Consensus latency = 4618.307349000001 (+/- 192) us 
Pre-consensus latency = 0.0 (+/- 0) us 
Pos-consensus latency = 2.79665582566E7 (+/- 0) us 
Propose latency = 2542.5389330000003 (+/- 245) us 
Write latency = 577.318624 (+/- 161) us 
Accept latency = 1498.449792 (+/- 184) us 
Batch average size = NaN (+/- 0) requests
LCMessage ByteCount = 2587:13
StandardSMMessage ByteCount = 10398:19
TOMMessage ByteCount = 138272801:182898
ConsensusMessage ByteCount = 2635764:12963
--- Measurements after 201000 ops (1000 samples) ---
Throughput = 8196.722 operations/sec (Maximum observed: 8849.558 ops/sec)
Total latency = 2.8030494825275E7 (+/- 0) us 
Consensus latency = 4496.247474999999 (+/- 291) us 
Pre-consensus latency = 0.0 (+/- 0) us 
Pos-consensus latency = 2.8028147187022E7 (+/- 0) us 
Propose latency = 2454.424263 (+/- 174) us 
Write latency = 514.484368 (+/- 194) us 
Accept latency = 1527.338844 (+/- 84) us 
Batch average size = NaN (+/- 0) requests
LCMessage ByteCount = 2587:13
StandardSMMessage ByteCount = 10398:19
TOMMessage ByteCount = 138272801:182898
ConsensusMessage ByteCount = 2635764:12963
--- Measurements after 202000 ops (1000 samples) ---
Throughput = 8000.0 operations/sec (Maximum observed: 8849.558 ops/sec)
Total latency = 2.810562868411E7 (+/- 0) us 
Consensus latency = 4237.861383 (+/- 181) us 
Pre-consensus latency = 0.0 (+/- 0) us 
Pos-consensus latency = 2.81034522327E7 (+/- 0) us 
Propose latency = 2345.60813 (+/- 155) us 
Write latency = 446.086379 (+/- 189) us 
Accept latency = 1446.166874 (+/- 114) us 
Batch average size = NaN (+/- 0) requests
LCMessage ByteCount = 2587:13
StandardSMMessage ByteCount = 10398:19
TOMMessage ByteCount = 138272801:182898
ConsensusMessage ByteCount = 2635764:12963
--- Measurements after 203000 ops (1000 samples) ---
Throughput = 8130.0815 operations/sec (Maximum observed: 8849.558 ops/sec)
Total latency = 2.8169981075205002E7 (+/- 0) us 
Consensus latency = 6730.162652 (+/- 2813) us 
Pre-consensus latency = 0.0 (+/- 0) us 
Pos-consensus latency = 2.8166427413409002E7 (+/- 0) us 
Propose latency = 3677.923704 (+/- 1529) us 
Write latency = 1508.588831 (+/- 2804) us 
Accept latency = 1543.6501170000001 (+/- 161) us 
Batch average size = NaN (+/- 0) requests
LCMessage ByteCount = 2587:13
StandardSMMessage ByteCount = 10398:19
TOMMessage ByteCount = 138272801:182898
ConsensusMessage ByteCount = 2635764:12963
--- Measurements after 204000 ops (1000 samples) ---
Throughput = 8196.722 operations/sec (Maximum observed: 8849.558 ops/sec)
Total latency = 2.8234897541108E7 (+/- 0) us 
Consensus latency = 5784.238233 (+/- 2367) us 
Pre-consensus latency = 0.0 (+/- 0) us 
Pos-consensus latency = 2.8231537592915002E7 (+/- 0) us 
Propose latency = 2844.092741 (+/- 810) us 
Write latency = 504.924417 (+/- 157) us 
Accept latency = 2435.2210750000004 (+/- 2008) us 
Batch average size = NaN (+/- 0) requests
LCMessage ByteCount = 2587:13
StandardSMMessage ByteCount = 10398:19
TOMMessage ByteCount = 138272801:182898
ConsensusMessage ByteCount = 2635764:12963
--- Measurements after 205000 ops (1000 samples) ---
Throughput = 8771.93 operations/sec (Maximum observed: 8849.558 ops/sec)
Total latency = 2.8296943643023998E7 (+/- 0) us 
Consensus latency = 4735.527134999999 (+/- 902) us 
Pre-consensus latency = 0.0 (+/- 0) us 
Pos-consensus latency = 2.8294694648376998E7 (+/- 0) us 
Propose latency = 3005.716764 (+/- 942) us 
Write latency = 237.934171 (+/- 155) us 
Accept latency = 1491.8762 (+/- 108) us 
Batch average size = NaN (+/- 0) requests
LCMessage ByteCount = 2587:13
StandardSMMessage ByteCount = 10398:19
TOMMessage ByteCount = 138272801:182898
ConsensusMessage ByteCount = 2635764:12963
--- Measurements after 206000 ops (1000 samples) ---
Throughput = 7692.3076 operations/sec (Maximum observed: 8849.558 ops/sec)
Total latency = 2.83639877211E7 (+/- 0) us 
Consensus latency = 4437.462263 (+/- 195) us 
Pre-consensus latency = 0.0 (+/- 0) us 
Pos-consensus latency = 2.836164992727E7 (+/- 0) us 
Propose latency = 2358.258338 (+/- 86) us 
Write latency = 531.270314 (+/- 198) us 
Accept latency = 1547.933611 (+/- 255) us 
Batch average size = NaN (+/- 0) requests
LCMessage ByteCount = 2587:13
StandardSMMessage ByteCount = 10398:19
TOMMessage ByteCount = 138272801:182898
ConsensusMessage ByteCount = 2635764:12963
--- Measurements after 207000 ops (1000 samples) ---
Throughput = 8849.558 operations/sec (Maximum observed: 8849.558 ops/sec)
Total latency = 2.8433064861497E7 (+/- 0) us 
Consensus latency = 4420.29464 (+/- 181) us 
Pre-consensus latency = 0.0 (+/- 0) us 
Pos-consensus latency = 2.8430798762287E7 (+/- 0) us 
Propose latency = 2457.984344 (+/- 247) us 
Write latency = 393.901863 (+/- 242) us 
Accept latency = 1568.408433 (+/- 108) us 
Batch average size = NaN (+/- 0) requests
LCMessage ByteCount = 2587:13
StandardSMMessage ByteCount = 10398:19
TOMMessage ByteCount = 138272801:182898
ConsensusMessage ByteCount = 2635764:12963
--- Measurements after 208000 ops (1000 samples) ---
Throughput = 8547.009 operations/sec (Maximum observed: 8849.558 ops/sec)
Total latency = 2.8493885233273E7 (+/- 0) us 
Consensus latency = 5018.647002999999 (+/- 1138) us 
Pre-consensus latency = 0.0 (+/- 0) us 
Pos-consensus latency = 2.8491117331377E7 (+/- 0) us 
Propose latency = 2523.506965 (+/- 502) us 
Write latency = 909.058416 (+/- 1189) us 
Accept latency = 1586.081622 (+/- 211) us 
Batch average size = NaN (+/- 0) requests
LCMessage ByteCount = 2587:13
StandardSMMessage ByteCount = 10398:19
TOMMessage ByteCount = 138272801:182898
ConsensusMessage ByteCount = 2635764:12963
--- Measurements after 209000 ops (1000 samples) ---
Throughput = 8547.009 operations/sec (Maximum observed: 8849.558 ops/sec)
Total latency = 2.855201945953E7 (+/- 0) us 
Consensus latency = 4889.269281000001 (+/- 686) us 
Pre-consensus latency = 0.0 (+/- 0) us 
Pos-consensus latency = 2.8549693769847002E7 (+/- 0) us 
Propose latency = 2901.174511 (+/- 555) us 
Write latency = 529.663929 (+/- 170) us 
Accept latency = 1458.430841 (+/- 124) us 
Batch average size = NaN (+/- 0) requests
LCMessage ByteCount = 2587:13
StandardSMMessage ByteCount = 10398:19
TOMMessage ByteCount = 138272801:182898
ConsensusMessage ByteCount = 2635764:12963
--- Measurements after 210000 ops (1000 samples) ---
Throughput = 8771.93 operations/sec (Maximum observed: 8849.558 ops/sec)
Total latency = 2.8611461587201E7 (+/- 0) us 
Consensus latency = 5240.039883 (+/- 2295) us 
Pre-consensus latency = 0.0 (+/- 0) us 
Pos-consensus latency = 2.8609009012215998E7 (+/- 0) us 
Propose latency = 3365.396437 (+/- 2377) us 
Write latency = 361.773477 (+/- 236) us 
Accept latency = 1512.869969 (+/- 139) us 
Batch average size = NaN (+/- 0) requests
LCMessage ByteCount = 2587:13
StandardSMMessage ByteCount = 10398:19
TOMMessage ByteCount = 138272801:182898
ConsensusMessage ByteCount = 2635764:12963
--- Measurements after 211000 ops (1000 samples) ---
Throughput = 7692.3076 operations/sec (Maximum observed: 8849.558 ops/sec)
Total latency = 2.8681161732629E7 (+/- 0) us 
Consensus latency = 4398.569593 (+/- 314) us 
Pre-consensus latency = 0.0 (+/- 0) us 
Pos-consensus latency = 2.867899172905E7 (+/- 0) us 
Propose latency = 2493.9273470000003 (+/- 241) us 
Write latency = 369.998753 (+/- 173) us 
Accept latency = 1534.643493 (+/- 130) us 
Batch average size = NaN (+/- 0) requests
LCMessage ByteCount = 2587:13
StandardSMMessage ByteCount = 10398:19
TOMMessage ByteCount = 138272801:182898
ConsensusMessage ByteCount = 2635764:12963
--- Measurements after 212000 ops (1000 samples) ---
Throughput = 8403.361 operations/sec (Maximum observed: 8849.558 ops/sec)
Total latency = 2.8748676051374E7 (+/- 0) us 
Consensus latency = 4484.243487 (+/- 190) us 
Pre-consensus latency = 0.0 (+/- 0) us 
Pos-consensus latency = 2.874638189671E7 (+/- 0) us 
Propose latency = 2453.272834 (+/- 186) us 
Write latency = 554.301011 (+/- 198) us 
Accept latency = 1476.669642 (+/- 138) us 
Batch average size = NaN (+/- 0) requests
LCMessage ByteCount = 2587:13
StandardSMMessage ByteCount = 10398:19
TOMMessage ByteCount = 138272801:182898
ConsensusMessage ByteCount = 2635764:12963
--- Measurements after 213000 ops (1000 samples) ---
Throughput = 8849.558 operations/sec (Maximum observed: 8849.558 ops/sec)
Total latency = 2.8808878996509E7 (+/- 0) us 
Consensus latency = 4641.949992 (+/- 224) us 
Pre-consensus latency = 0.0 (+/- 0) us 
Pos-consensus latency = 2.8806455366453998E7 (+/- 0) us 
Propose latency = 2515.188995 (+/- 222) us 
Write latency = 612.157223 (+/- 252) us 
Accept latency = 1514.603774 (+/- 177) us 
Batch average size = NaN (+/- 0) requests
LCMessage ByteCount = 2587:13
StandardSMMessage ByteCount = 10398:19
TOMMessage ByteCount = 138272801:182898
ConsensusMessage ByteCount = 2635764:12963
--- Measurements after 214000 ops (1000 samples) ---
Throughput = 8547.009 operations/sec (Maximum observed: 8849.558 ops/sec)
Total latency = 2.8866809481887E7 (+/- 0) us 
Consensus latency = 5388.645861999999 (+/- 1077) us 
Pre-consensus latency = 0.0 (+/- 0) us 
Pos-consensus latency = 2.8864064341244E7 (+/- 0) us 
Propose latency = 2942.190025 (+/- 885) us 
Write latency = 614.121772 (+/- 258) us 
Accept latency = 1832.334065 (+/- 343) us 
Batch average size = NaN (+/- 0) requests
LCMessage ByteCount = 2587:13
StandardSMMessage ByteCount = 10398:19
TOMMessage ByteCount = 138272801:182898
ConsensusMessage ByteCount = 2635764:12963
--- Measurements after 215000 ops (1000 samples) ---
Throughput = 8474.576 operations/sec (Maximum observed: 8849.558 ops/sec)
Total latency = 2.8925639431777E7 (+/- 0) us 
Consensus latency = 5521.831984 (+/- 1452) us 
Pre-consensus latency = 0.0 (+/- 0) us 
Pos-consensus latency = 2.8922883217728E7 (+/- 0) us 
Propose latency = 3196.864255 (+/- 1347) us 
Write latency = 659.435835 (+/- 353) us 
Accept latency = 1665.5318940000002 (+/- 255) us 
Batch average size = NaN (+/- 0) requests
LCMessage ByteCount = 2587:13
StandardSMMessage ByteCount = 10398:19
TOMMessage ByteCount = 138272801:182898
ConsensusMessage ByteCount = 2635764:12963
--- Measurements after 216000 ops (1000 samples) ---
Throughput = 8000.0 operations/sec (Maximum observed: 8849.558 ops/sec)
Total latency = 2.8995597439188E7 (+/- 0) us 
Consensus latency = 4845.979547 (+/- 2470) us 
Pre-consensus latency = 0.0 (+/- 0) us 
Pos-consensus latency = 2.8993218824729E7 (+/- 0) us 
Propose latency = 3032.127038 (+/- 2472) us 
Write latency = 271.542705 (+/- 202) us 
Accept latency = 1542.309804 (+/- 129) us 
Batch average size = NaN (+/- 0) requests
LCMessage ByteCount = 2587:13
StandardSMMessage ByteCount = 10398:19
TOMMessage ByteCount = 138272801:182898
ConsensusMessage ByteCount = 2635764:12963
--- Measurements after 217000 ops (1000 samples) ---
Throughput = 8547.009 operations/sec (Maximum observed: 8849.558 ops/sec)
Total latency = 2.9058379768473E7 (+/- 0) us 
Consensus latency = 4357.0265 (+/- 252) us 
Pre-consensus latency = 0.0 (+/- 0) us 
Pos-consensus latency = 2.9055996260080002E7 (+/- 0) us 
Propose latency = 2191.261661 (+/- 196) us 
Write latency = 519.80451 (+/- 120) us 
Accept latency = 1645.960329 (+/- 207) us 
Batch average size = NaN (+/- 0) requests
LCMessage ByteCount = 2587:13
StandardSMMessage ByteCount = 10398:19
TOMMessage ByteCount = 138272801:182898
ConsensusMessage ByteCount = 2635764:12963
--- Measurements after 218000 ops (1000 samples) ---
Throughput = 8620.689 operations/sec (Maximum observed: 8849.558 ops/sec)
Total latency = 2.9116747001374E7 (+/- 0) us 
Consensus latency = 4360.115777 (+/- 219) us 
Pre-consensus latency = 0.0 (+/- 0) us 
Pos-consensus latency = 2.9114433549425E7 (+/- 0) us 
Propose latency = 2299.84862 (+/- 173) us 
Write latency = 532.487648 (+/- 232) us 
Accept latency = 1527.7795090000002 (+/- 218) us 
Batch average size = NaN (+/- 0) requests
LCMessage ByteCount = 2587:13
StandardSMMessage ByteCount = 10398:19
TOMMessage ByteCount = 138272801:182898
ConsensusMessage ByteCount = 2635764:12963
--- Measurements after 219000 ops (1000 samples) ---
Throughput = 8620.689 operations/sec (Maximum observed: 8849.558 ops/sec)
Total latency = 2.9178596084544998E7 (+/- 0) us 
Consensus latency = 5189.946673 (+/- 1062) us 
Pre-consensus latency = 0.0 (+/- 0) us 
Pos-consensus latency = 2.9176197044439998E7 (+/- 0) us 
Propose latency = 3118.239813 (+/- 1144) us 
Write latency = 574.2696090000001 (+/- 105) us 
Accept latency = 1497.4372509999998 (+/- 191) us 
Batch average size = NaN (+/- 0) requests
LCMessage ByteCount = 2587:13
StandardSMMessage ByteCount = 10398:19
TOMMessage ByteCount = 138272801:182898
ConsensusMessage ByteCount = 2635764:12963
--- Measurements after 220000 ops (1000 samples) ---
Throughput = 7751.938 operations/sec (Maximum observed: 8849.558 ops/sec)
Total latency = 2.9243227768365003E7 (+/- 0) us 
Consensus latency = 4948.741925 (+/- 454) us 
Pre-consensus latency = 0.0 (+/- 0) us 
Pos-consensus latency = 2.924069072818E7 (+/- 0) us 
Propose latency = 2682.3119070000002 (+/- 415) us 
Write latency = 711.257278 (+/- 148) us 
Accept latency = 1555.17274 (+/- 132) us 
Batch average size = NaN (+/- 0) requests
LCMessage ByteCount = 2587:13
StandardSMMessage ByteCount = 10398:19
TOMMessage ByteCount = 138272801:182898
ConsensusMessage ByteCount = 2635764:12963
--- Measurements after 221000 ops (1000 samples) ---
Throughput = 8771.93 operations/sec (Maximum observed: 8849.558 ops/sec)
Total latency = 2.931277000465E7 (+/- 0) us 
Consensus latency = 4945.105364 (+/- 1772) us 
Pre-consensus latency = 0.0 (+/- 0) us 
Pos-consensus latency = 2.9309929028305E7 (+/- 0) us 
Propose latency = 3082.486725 (+/- 1818) us 
Write latency = 301.295012 (+/- 229) us 
Accept latency = 1561.323627 (+/- 91) us 
Batch average size = NaN (+/- 0) requests
LCMessage ByteCount = 2587:13
StandardSMMessage ByteCount = 10398:19
TOMMessage ByteCount = 138272801:182898
ConsensusMessage ByteCount = 2635764:12963
--- Measurements after 222000 ops (1000 samples) ---
Throughput = 8403.361 operations/sec (Maximum observed: 8849.558 ops/sec)
Total latency = 2.9377984254563E7 (+/- 0) us 
Consensus latency = 4407.961431 (+/- 240) us 
Pre-consensus latency = 0.0 (+/- 0) us 
Pos-consensus latency = 2.9375817682789E7 (+/- 0) us 
Propose latency = 2528.7662170000003 (+/- 122) us 
Write latency = 452.451563 (+/- 180) us 
Accept latency = 1426.743651 (+/- 113) us 
Batch average size = NaN (+/- 0) requests
LCMessage ByteCount = 2587:13
StandardSMMessage ByteCount = 10398:19
TOMMessage ByteCount = 138272801:182898
ConsensusMessage ByteCount = 2635764:12963
--- Measurements after 223000 ops (1000 samples) ---
Throughput = 6756.757 operations/sec (Maximum observed: 8849.558 ops/sec)
Total latency = 2.9444692414091E7 (+/- 0) us 
Consensus latency = 4685.152869 (+/- 291) us 
Pre-consensus latency = 0.0 (+/- 0) us 
Pos-consensus latency = 2.9442170085763E7 (+/- 0) us 
Propose latency = 2434.470611 (+/- 133) us 
Write latency = 685.764566 (+/- 345) us 
Accept latency = 1564.917692 (+/- 186) us 
Batch average size = NaN (+/- 0) requests
LCMessage ByteCount = 2587:13
StandardSMMessage ByteCount = 10398:19
TOMMessage ByteCount = 138272801:182898
ConsensusMessage ByteCount = 2635764:12963
--- Measurements after 224000 ops (1000 samples) ---
Throughput = 4807.6924 operations/sec (Maximum observed: 8849.558 ops/sec)
Total latency = 2.9577457479286E7 (+/- 0) us 
Consensus latency = 4951.367928999999 (+/- 539) us 
Pre-consensus latency = 0.0 (+/- 0) us 
Pos-consensus latency = 2.9574956416784E7 (+/- 0) us 
Propose latency = 2742.117725 (+/- 635) us 
Write latency = 692.399059 (+/- 236) us 
Accept latency = 1516.851145 (+/- 175) us 
Batch average size = NaN (+/- 0) requests
LCMessage ByteCount = 2587:13
StandardSMMessage ByteCount = 10398:19
TOMMessage ByteCount = 138272801:182898
ConsensusMessage ByteCount = 2635764:12963
--- Measurements after 225000 ops (1000 samples) ---
Throughput = 4587.156 operations/sec (Maximum observed: 8849.558 ops/sec)
Total latency = 2.9737825987116E7 (+/- 0) us 
Consensus latency = 4989.214185 (+/- 459) us 
Pre-consensus latency = 0.0 (+/- 0) us 
Pos-consensus latency = 2.9735309772837E7 (+/- 0) us 
Propose latency = 2746.876349 (+/- 585) us 
Write latency = 699.703797 (+/- 207) us 
Accept latency = 1542.634039 (+/- 175) us 
Batch average size = NaN (+/- 0) requests
LCMessage ByteCount = 2587:13
StandardSMMessage ByteCount = 10398:19
TOMMessage ByteCount = 138272801:182898
ConsensusMessage ByteCount = 2635764:12963
--- Measurements after 226000 ops (1000 samples) ---
Throughput = 5128.205 operations/sec (Maximum observed: 8849.558 ops/sec)
Total latency = 2.9893559613595E7 (+/- 0) us 
Consensus latency = 4613.607266 (+/- 367) us 
Pre-consensus latency = 0.0 (+/- 0) us 
Pos-consensus latency = 2.9891096671449002E7 (+/- 0) us 
Propose latency = 2382.22879 (+/- 161) us 
Write latency = 710.8085520000001 (+/- 316) us 
Accept latency = 1520.5699240000001 (+/- 184) us 
Batch average size = NaN (+/- 0) requests
LCMessage ByteCount = 2587:13
StandardSMMessage ByteCount = 10398:19
TOMMessage ByteCount = 138272801:182898
ConsensusMessage ByteCount = 2635764:12963
--- Measurements after 227000 ops (1000 samples) ---
Throughput = 8849.558 operations/sec (Maximum observed: 8849.558 ops/sec)
Total latency = 2.9985029782816E7 (+/- 0) us 
Consensus latency = 4563.038331000001 (+/- 371) us 
Pre-consensus latency = 0.0 (+/- 0) us 
Pos-consensus latency = 2.9982551646584E7 (+/- 0) us 
Propose latency = 2418.993393 (+/- 296) us 
Write latency = 615.660251 (+/- 293) us 
Accept latency = 1528.384687 (+/- 100) us 
Batch average size = NaN (+/- 0) requests
LCMessage ByteCount = 2587:13
StandardSMMessage ByteCount = 10398:19
TOMMessage ByteCount = 138272801:182898
ConsensusMessage ByteCount = 2635764:12963
--- Measurements after 228000 ops (1000 samples) ---
Throughput = 8403.361 operations/sec (Maximum observed: 8849.558 ops/sec)
Total latency = 3.0046530686188E7 (+/- 0) us 
Consensus latency = 4525.190662999999 (+/- 200) us 
Pre-consensus latency = 0.0 (+/- 0) us 
Pos-consensus latency = 3.0044061908141E7 (+/- 0) us 
Propose latency = 2334.101095 (+/- 115) us 
Write latency = 792.691187 (+/- 109) us 
Accept latency = 1398.398381 (+/- 181) us 
Batch average size = NaN (+/- 0) requests
LCMessage ByteCount = 2587:13
StandardSMMessage ByteCount = 10398:19
TOMMessage ByteCount = 138272801:182898
ConsensusMessage ByteCount = 2635764:12963
--- Measurements after 229000 ops (1000 samples) ---
Throughput = 8474.576 operations/sec (Maximum observed: 8849.558 ops/sec)
Total latency = 3.0104209754895E7 (+/- 0) us 
Consensus latency = 5956.687828 (+/- 1781) us 
Pre-consensus latency = 0.0 (+/- 0) us 
Pos-consensus latency = 3.010105558589E7 (+/- 0) us 
Propose latency = 3150.470009 (+/- 1173) us 
Write latency = 1164.3131799999999 (+/- 1247) us 
Accept latency = 1641.9046389999999 (+/- 276) us 
Batch average size = NaN (+/- 0) requests
LCMessage ByteCount = 2587:13
StandardSMMessage ByteCount = 10398:19
TOMMessage ByteCount = 138272801:182898
ConsensusMessage ByteCount = 2635764:12963
--- Measurements after 230000 ops (1000 samples) ---
Throughput = 8000.0 operations/sec (Maximum observed: 8849.558 ops/sec)
Total latency = 3.017647588177E7 (+/- 0) us 
Consensus latency = 4793.120153 (+/- 447) us 
Pre-consensus latency = 0.0 (+/- 0) us 
Pos-consensus latency = 3.0174033439576E7 (+/- 0) us 
Propose latency = 2678.794105 (+/- 378) us 
Write latency = 613.205086 (+/- 237) us 
Accept latency = 1501.120962 (+/- 209) us 
Batch average size = NaN (+/- 0) requests
LCMessage ByteCount = 2587:13
StandardSMMessage ByteCount = 10398:19
TOMMessage ByteCount = 138272801:182898
ConsensusMessage ByteCount = 2635764:12963
--- Measurements after 231000 ops (1000 samples) ---
Throughput = 8474.576 operations/sec (Maximum observed: 8849.558 ops/sec)
Total latency = 3.0241233406049E7 (+/- 0) us 
Consensus latency = 4804.178529 (+/- 166) us 
Pre-consensus latency = 0.0 (+/- 0) us 
Pos-consensus latency = 3.0238654410939E7 (+/- 0) us 
Propose latency = 2557.2537469999997 (+/- 201) us 
Write latency = 657.70316 (+/- 148) us 
Accept latency = 1589.221622 (+/- 165) us 
Batch average size = NaN (+/- 0) requests
LCMessage ByteCount = 2587:13
StandardSMMessage ByteCount = 10398:19
TOMMessage ByteCount = 138272801:182898
ConsensusMessage ByteCount = 2635764:12963
--- Measurements after 232000 ops (1000 samples) ---
Throughput = 8771.93 operations/sec (Maximum observed: 8849.558 ops/sec)
Total latency = 3.0299962664367E7 (+/- 0) us 
Consensus latency = 5135.594291 (+/- 2427) us 
Pre-consensus latency = 0.0 (+/- 0) us 
Pos-consensus latency = 3.029743406511E7 (+/- 0) us 
Propose latency = 3210.7755460000003 (+/- 2471) us 
Write latency = 409.706464 (+/- 331) us 
Accept latency = 1515.112281 (+/- 77) us 
Batch average size = NaN (+/- 0) requests
LCMessage ByteCount = 2587:13
StandardSMMessage ByteCount = 10398:19
TOMMessage ByteCount = 138272801:182898
ConsensusMessage ByteCount = 2635764:12963
--- Measurements after 233000 ops (1000 samples) ---
Throughput = 8333.333 operations/sec (Maximum observed: 8849.558 ops/sec)
Total latency = 3.0363578919474E7 (+/- 0) us 
Consensus latency = 4474.815189 (+/- 277) us 
Pre-consensus latency = 0.0 (+/- 0) us 
Pos-consensus latency = 3.0361045549215E7 (+/- 0) us 
Propose latency = 2214.2062379999998 (+/- 171) us 
Write latency = 735.956833 (+/- 130) us 
Accept latency = 1524.652118 (+/- 212) us 
Batch average size = NaN (+/- 0) requests
LCMessage ByteCount = 2587:13
StandardSMMessage ByteCount = 10398:19
TOMMessage ByteCount = 138272801:182898
ConsensusMessage ByteCount = 2635764:12963
--- Measurements after 234000 ops (1000 samples) ---
Throughput = 7633.588 operations/sec (Maximum observed: 8849.558 ops/sec)
Total latency = 3.042489019182E7 (+/- 0) us 
Consensus latency = 5072.493213000001 (+/- 608) us 
Pre-consensus latency = 0.0 (+/- 0) us 
Pos-consensus latency = 3.0422095351465E7 (+/- 0) us 
Propose latency = 2604.324024 (+/- 532) us 
Write latency = 878.885248 (+/- 190) us 
Accept latency = 1589.2839410000001 (+/- 157) us 
Batch average size = NaN (+/- 0) requests
LCMessage ByteCount = 2587:13
StandardSMMessage ByteCount = 10398:19
TOMMessage ByteCount = 138272801:182898
ConsensusMessage ByteCount = 2635764:12963
--- Measurements after 235000 ops (1000 samples) ---
Throughput = 8333.333 operations/sec (Maximum observed: 8849.558 ops/sec)
Total latency = 3.0499386937257E7 (+/- 0) us 
Consensus latency = 4934.3070800000005 (+/- 467) us 
Pre-consensus latency = 0.0 (+/- 0) us 
Pos-consensus latency = 3.0496704702676E7 (+/- 0) us 
Propose latency = 2543.308872 (+/- 393) us 
Write latency = 877.4037040000001 (+/- 144) us 
Accept latency = 1513.594504 (+/- 129) us 
Batch average size = NaN (+/- 0) requests
LCMessage ByteCount = 2587:13
StandardSMMessage ByteCount = 10398:19
TOMMessage ByteCount = 138272801:182898
ConsensusMessage ByteCount = 2635764:12963
--- Measurements after 236000 ops (1000 samples) ---
Throughput = 8474.576 operations/sec (Maximum observed: 8849.558 ops/sec)
Total latency = 3.0562932296209E7 (+/- 0) us 
Consensus latency = 4769.366733 (+/- 200) us 
Pre-consensus latency = 0.0 (+/- 0) us 
Pos-consensus latency = 3.0560188947284E7 (+/- 0) us 
Propose latency = 2287.5077069999998 (+/- 158) us 
Write latency = 925.21324 (+/- 182) us 
Accept latency = 1556.645786 (+/- 151) us 
Batch average size = NaN (+/- 0) requests
LCMessage ByteCount = 2587:13
StandardSMMessage ByteCount = 10398:19
TOMMessage ByteCount = 138272801:182898
ConsensusMessage ByteCount = 2635764:12963
--- Measurements after 237000 ops (1000 samples) ---
Throughput = 8547.009 operations/sec (Maximum observed: 8849.558 ops/sec)
Total latency = 3.0622068209974997E7 (+/- 0) us 
Consensus latency = 5488.001964 (+/- 1695) us 
Pre-consensus latency = 0.0 (+/- 0) us 
Pos-consensus latency = 3.0618770030747E7 (+/- 0) us 
Propose latency = 2636.949278 (+/- 717) us 
Write latency = 846.177292 (+/- 334) us 
Accept latency = 2004.8753940000001 (+/- 1551) us 
Batch average size = NaN (+/- 0) requests
LCMessage ByteCount = 2587:13
StandardSMMessage ByteCount = 10398:19
TOMMessage ByteCount = 138272801:182898
ConsensusMessage ByteCount = 2635764:12963
--- Measurements after 238000 ops (1000 samples) ---
Throughput = 8849.558 operations/sec (Maximum observed: 8849.558 ops/sec)
Total latency = 3.0681377649352003E7 (+/- 0) us 
Consensus latency = 4517.320092 (+/- 753) us 
Pre-consensus latency = 0.0 (+/- 0) us 
Pos-consensus latency = 3.0679037233269002E7 (+/- 0) us 
Propose latency = 2659.574924 (+/- 680) us 
Write latency = 434.317094 (+/- 355) us 
Accept latency = 1423.428074 (+/- 183) us 
Batch average size = NaN (+/- 0) requests
LCMessage ByteCount = 2587:13
StandardSMMessage ByteCount = 10398:19
TOMMessage ByteCount = 138272801:182898
ConsensusMessage ByteCount = 2635764:12963
--- Measurements after 239000 ops (1000 samples) ---
Throughput = 7812.5 operations/sec (Maximum observed: 8849.558 ops/sec)
Total latency = 3.0748928558560003E7 (+/- 0) us 
Consensus latency = 5258.365847 (+/- 890) us 
Pre-consensus latency = 0.0 (+/- 0) us 
Pos-consensus latency = 3.0746077340852E7 (+/- 0) us 
Propose latency = 2774.813081 (+/- 794) us 
Write latency = 914.025676 (+/- 669) us 
Accept latency = 1569.52709 (+/- 127) us 
Batch average size = NaN (+/- 0) requests
LCMessage ByteCount = 2587:13
StandardSMMessage ByteCount = 10398:19
TOMMessage ByteCount = 138272801:182898
ConsensusMessage ByteCount = 2635764:12963
--- Measurements after 240000 ops (1000 samples) ---
Throughput = 8403.361 operations/sec (Maximum observed: 8849.558 ops/sec)
Total latency = 3.0816117032995E7 (+/- 0) us 
Consensus latency = 4627.5741849999995 (+/- 352) us 
Pre-consensus latency = 0.0 (+/- 0) us 
Pos-consensus latency = 3.0813542543605E7 (+/- 0) us 
Propose latency = 2349.362764 (+/- 172) us 
Write latency = 566.655483 (+/- 291) us 
Accept latency = 1711.555938 (+/- 138) us 
Batch average size = NaN (+/- 0) requests
LCMessage ByteCount = 2587:13
StandardSMMessage ByteCount = 10398:19
TOMMessage ByteCount = 138272801:182898
ConsensusMessage ByteCount = 2635764:12963
--- Measurements after 241000 ops (1000 samples) ---
Throughput = 8849.558 operations/sec (Maximum observed: 8849.558 ops/sec)
Total latency = 3.0878658876942E7 (+/- 0) us 
Consensus latency = 4543.740104 (+/- 182) us 
Pre-consensus latency = 0.0 (+/- 0) us 
Pos-consensus latency = 3.0876104207043998E7 (+/- 0) us 
Propose latency = 2270.819753 (+/- 103) us 
Write latency = 671.99039 (+/- 93) us 
Accept latency = 1600.9299609999998 (+/- 180) us 
Batch average size = NaN (+/- 0) requests
LCMessage ByteCount = 2587:13
StandardSMMessage ByteCount = 10398:19
TOMMessage ByteCount = 138272801:182898
ConsensusMessage ByteCount = 2635764:12963
--- Measurements after 242000 ops (1000 samples) ---
Throughput = 8333.333 operations/sec (Maximum observed: 8849.558 ops/sec)
Total latency = 3.0938027390437E7 (+/- 0) us 
Consensus latency = 4645.015184000001 (+/- 177) us 
Pre-consensus latency = 0.0 (+/- 0) us 
Pos-consensus latency = 3.0935439531054E7 (+/- 0) us 
Propose latency = 2356.714856 (+/- 161) us 
Write latency = 615.6263710000001 (+/- 151) us 
Accept latency = 1672.673957 (+/- 122) us 
Batch average size = NaN (+/- 0) requests
LCMessage ByteCount = 2587:13
StandardSMMessage ByteCount = 10398:19
TOMMessage ByteCount = 138272801:182898
ConsensusMessage ByteCount = 2635764:12963
--- Measurements after 243000 ops (1000 samples) ---
Throughput = 8547.009 operations/sec (Maximum observed: 8849.558 ops/sec)
Total latency = 3.0997401758151002E7 (+/- 0) us 
Consensus latency = 5239.243025999999 (+/- 2604) us 
Pre-consensus latency = 0.0 (+/- 0) us 
Pos-consensus latency = 3.0994923953810003E7 (+/- 0) us 
Propose latency = 3405.854653 (+/- 2729) us 
Write latency = 271.775736 (+/- 200) us 
Accept latency = 1561.6126370000002 (+/- 103) us 
Batch average size = NaN (+/- 0) requests
LCMessage ByteCount = 2587:13
StandardSMMessage ByteCount = 10398:19
TOMMessage ByteCount = 138272801:182898
ConsensusMessage ByteCount = 2635764:12963
--- Measurements after 244000 ops (1000 samples) ---
Throughput = 7936.508 operations/sec (Maximum observed: 8849.558 ops/sec)
Total latency = 3.1070440650644E7 (+/- 0) us 
Consensus latency = 5163.568714999999 (+/- 958) us 
Pre-consensus latency = 0.0 (+/- 0) us 
Pos-consensus latency = 3.1067798177036997E7 (+/- 0) us 
Propose latency = 2926.1627599999997 (+/- 629) us 
Write latency = 514.649728 (+/- 278) us 
Accept latency = 1722.7562269999999 (+/- 515) us 
Batch average size = NaN (+/- 0) requests
LCMessage ByteCount = 2587:13
StandardSMMessage ByteCount = 10398:19
TOMMessage ByteCount = 138272801:182898
ConsensusMessage ByteCount = 2635764:12963
--- Measurements after 245000 ops (1000 samples) ---
Throughput = 8403.361 operations/sec (Maximum observed: 8849.558 ops/sec)
Total latency = 3.1135194320848E7 (+/- 0) us 
Consensus latency = 4642.456847 (+/- 494) us 
Pre-consensus latency = 0.0 (+/- 0) us 
Pos-consensus latency = 3.1132800868044E7 (+/- 0) us 
Propose latency = 2564.004867 (+/- 330) us 
Write latency = 639.9797219999999 (+/- 146) us 
Accept latency = 1438.472258 (+/- 129) us 
Batch average size = NaN (+/- 0) requests
LCMessage ByteCount = 2587:13
StandardSMMessage ByteCount = 10398:19
TOMMessage ByteCount = 138272801:182898
ConsensusMessage ByteCount = 2635764:12963
--- Measurements after 246000 ops (1000 samples) ---
Throughput = 8771.93 operations/sec (Maximum observed: 8849.558 ops/sec)
Total latency = 3.1196883175299E7 (+/- 0) us 
Consensus latency = 4466.136576999999 (+/- 195) us 
Pre-consensus latency = 0.0 (+/- 0) us 
Pos-consensus latency = 3.1194438205526E7 (+/- 0) us 
Propose latency = 2317.465187 (+/- 129) us 
Write latency = 653.5413619999999 (+/- 118) us 
Accept latency = 1495.130028 (+/- 150) us 
Batch average size = NaN (+/- 0) requests
LCMessage ByteCount = 2587:13
StandardSMMessage ByteCount = 10398:19
TOMMessage ByteCount = 138272801:182898
ConsensusMessage ByteCount = 2635764:12963
--- Measurements after 247000 ops (1000 samples) ---
Throughput = 8474.576 operations/sec (Maximum observed: 8849.558 ops/sec)
Total latency = 3.1259363783871E7 (+/- 0) us 
Consensus latency = 4676.534514000001 (+/- 242) us 
Pre-consensus latency = 0.0 (+/- 0) us 
Pos-consensus latency = 3.1256821299846E7 (+/- 0) us 
Propose latency = 2449.628445 (+/- 130) us 
Write latency = 641.823673 (+/- 255) us 
Accept latency = 1585.082396 (+/- 83) us 
Batch average size = NaN (+/- 0) requests
LCMessage ByteCount = 2587:13
StandardSMMessage ByteCount = 10398:19
TOMMessage ByteCount = 138272801:182898
ConsensusMessage ByteCount = 2635764:12963
--- Measurements after 248000 ops (1000 samples) ---
Throughput = 7936.508 operations/sec (Maximum observed: 8849.558 ops/sec)
Total latency = 3.1319961126277E7 (+/- 0) us 
Consensus latency = 5739.2342659999995 (+/- 3363) us 
Pre-consensus latency = 0.0 (+/- 0) us 
Pos-consensus latency = 3.1316304886441004E7 (+/- 0) us 
Propose latency = 3564.5556269999997 (+/- 3496) us 
Write latency = 593.219331 (+/- 270) us 
Accept latency = 1581.459308 (+/- 111) us 
Batch average size = NaN (+/- 0) requests
LCMessage ByteCount = 2587:13
StandardSMMessage ByteCount = 10398:19
TOMMessage ByteCount = 138272801:182898
ConsensusMessage ByteCount = 2635764:12963
--- Measurements after 249000 ops (1000 samples) ---
Throughput = 8474.576 operations/sec (Maximum observed: 8849.558 ops/sec)
Total latency = 3.1387025478908002E7 (+/- 0) us 
Consensus latency = 5167.930155 (+/- 1663) us 
Pre-consensus latency = 0.0 (+/- 0) us 
Pos-consensus latency = 3.1384422683038E7 (+/- 0) us 
Propose latency = 3096.489293 (+/- 1562) us 
Write latency = 524.2010779999999 (+/- 447) us 
Accept latency = 1547.2397839999999 (+/- 141) us 
Batch average size = NaN (+/- 0) requests
LCMessage ByteCount = 2587:13
StandardSMMessage ByteCount = 10398:19
TOMMessage ByteCount = 138272801:182898
ConsensusMessage ByteCount = 2635764:12963
--- Measurements after 250000 ops (1000 samples) ---
Throughput = 8333.333 operations/sec (Maximum observed: 8849.558 ops/sec)
Total latency = 3.1454226594471E7 (+/- 0) us 
Consensus latency = 4663.540914 (+/- 323) us 
Pre-consensus latency = 0.0 (+/- 0) us 
Pos-consensus latency = 3.1451671189789E7 (+/- 0) us 
Propose latency = 2419.096411 (+/- 169) us 
Write latency = 776.020574 (+/- 158) us 
Accept latency = 1468.423929 (+/- 130) us 
Batch average size = NaN (+/- 0) requests
LCMessage ByteCount = 2587:13
StandardSMMessage ByteCount = 10398:19
TOMMessage ByteCount = 138272801:182898
ConsensusMessage ByteCount = 2635764:12963
--- Measurements after 251000 ops (1000 samples) ---
Throughput = 8403.361 operations/sec (Maximum observed: 8849.558 ops/sec)
Total latency = 3.1514583528914E7 (+/- 0) us 
Consensus latency = 4452.904033 (+/- 227) us 
Pre-consensus latency = 0.0 (+/- 0) us 
Pos-consensus latency = 3.1512119581395E7 (+/- 0) us 
Propose latency = 2291.286192 (+/- 131) us 
Write latency = 601.21769 (+/- 178) us 
Accept latency = 1560.400151 (+/- 217) us 
Batch average size = NaN (+/- 0) requests
LCMessage ByteCount = 2587:13
StandardSMMessage ByteCount = 10398:19
TOMMessage ByteCount = 138272801:182898
ConsensusMessage ByteCount = 2635764:12963
--- Measurements after 252000 ops (1000 samples) ---
Throughput = 8849.558 operations/sec (Maximum observed: 8849.558 ops/sec)
Total latency = 3.1575963016979E7 (+/- 0) us 
Consensus latency = 4590.557264 (+/- 125) us 
Pre-consensus latency = 0.0 (+/- 0) us 
Pos-consensus latency = 3.1573468238647E7 (+/- 0) us 
Propose latency = 2401.785293 (+/- 90) us 
Write latency = 739.631127 (+/- 151) us 
Accept latency = 1449.140844 (+/- 128) us 
Batch average size = NaN (+/- 0) requests
LCMessage ByteCount = 2587:13
StandardSMMessage ByteCount = 10398:19
TOMMessage ByteCount = 138272801:182898
ConsensusMessage ByteCount = 2635764:12963
--- Measurements after 253000 ops (1000 samples) ---
Throughput = 7692.3076 operations/sec (Maximum observed: 8849.558 ops/sec)
Total latency = 3.1640860892020002E7 (+/- 0) us 
Consensus latency = 4651.24418 (+/- 208) us 
Pre-consensus latency = 0.0 (+/- 0) us 
Pos-consensus latency = 3.1638344021515E7 (+/- 0) us 
Propose latency = 2438.619753 (+/- 143) us 
Write latency = 589.828662 (+/- 146) us 
Accept latency = 1622.7957649999998 (+/- 129) us 
Batch average size = NaN (+/- 0) requests
LCMessage ByteCount = 2587:13
StandardSMMessage ByteCount = 10398:19
TOMMessage ByteCount = 138272801:182898
ConsensusMessage ByteCount = 2635764:12963
--- Measurements after 254000 ops (1000 samples) ---
Throughput = 8547.009 operations/sec (Maximum observed: 8849.558 ops/sec)
Total latency = 3.1703339508832E7 (+/- 0) us 
Consensus latency = 5157.161868 (+/- 1064) us 
Pre-consensus latency = 0.0 (+/- 0) us 
Pos-consensus latency = 3.1700815698912E7 (+/- 0) us 
Propose latency = 3217.34785 (+/- 1012) us 
Write latency = 283.211614 (+/- 225) us 
Accept latency = 1656.6024040000002 (+/- 201) us 
Batch average size = NaN (+/- 0) requests
LCMessage ByteCount = 2587:13
StandardSMMessage ByteCount = 10398:19
TOMMessage ByteCount = 138272801:182898
ConsensusMessage ByteCount = 2635764:12963
--- Measurements after 255000 ops (1000 samples) ---
Throughput = 8695.652 operations/sec (Maximum observed: 8849.558 ops/sec)
Total latency = 3.1769836366506E7 (+/- 0) us 
Consensus latency = 4225.066645 (+/- 355) us 
Pre-consensus latency = 0.0 (+/- 0) us 
Pos-consensus latency = 3.1767642965295E7 (+/- 0) us 
Propose latency = 2318.872222 (+/- 111) us 
Write latency = 297.842951 (+/- 247) us 
Accept latency = 1608.351472 (+/- 127) us 
Batch average size = NaN (+/- 0) requests
LCMessage ByteCount = 2587:13
StandardSMMessage ByteCount = 10398:19
TOMMessage ByteCount = 138272801:182898
ConsensusMessage ByteCount = 2635764:12963
--- Measurements after 256000 ops (1000 samples) ---
Throughput = 8333.333 operations/sec (Maximum observed: 8849.558 ops/sec)
Total latency = 3.1830854147424E7 (+/- 0) us 
Consensus latency = 4134.558883 (+/- 234) us 
Pre-consensus latency = 0.0 (+/- 0) us 
Pos-consensus latency = 3.1828801006205E7 (+/- 0) us 
Propose latency = 2416.112929 (+/- 224) us 
Write latency = 163.86308300000002 (+/- 117) us 
Accept latency = 1554.582871 (+/- 41) us 
Batch average size = NaN (+/- 0) requests
LCMessage ByteCount = 2587:13
StandardSMMessage ByteCount = 10398:19
TOMMessage ByteCount = 138272801:182898
ConsensusMessage ByteCount = 2635764:12963
--- Measurements after 257000 ops (1000 samples) ---
Throughput = 8849.558 operations/sec (Maximum observed: 8849.558 ops/sec)
Total latency = 3.1893296550545E7 (+/- 0) us 
Consensus latency = 4143.162777 (+/- 283) us 
Pre-consensus latency = 0.0 (+/- 0) us 
Pos-consensus latency = 3.1891164265214E7 (+/- 0) us 
Propose latency = 2322.177773 (+/- 208) us 
Write latency = 212.020385 (+/- 243) us 
Accept latency = 1608.9646189999999 (+/- 134) us 
Batch average size = NaN (+/- 0) requests
LCMessage ByteCount = 2587:13
StandardSMMessage ByteCount = 10398:19
TOMMessage ByteCount = 138272801:182898
ConsensusMessage ByteCount = 2635764:12963
--- Measurements after 258000 ops (1000 samples) ---
Throughput = 7812.5 operations/sec (Maximum observed: 8849.558 ops/sec)
Total latency = 3.1962446718076E7 (+/- 0) us 
Consensus latency = 4650.009675 (+/- 736) us 
Pre-consensus latency = 0.0 (+/- 0) us 
Pos-consensus latency = 3.1960215426135E7 (+/- 0) us 
Propose latency = 2719.511478 (+/- 789) us 
Write latency = 263.34846600000003 (+/- 338) us 
Accept latency = 1667.149731 (+/- 195) us 
Batch average size = NaN (+/- 0) requests
LCMessage ByteCount = 2587:13
StandardSMMessage ByteCount = 10398:19
TOMMessage ByteCount = 138272801:182898
ConsensusMessage ByteCount = 2635764:12963
--- Measurements after 259000 ops (1000 samples) ---
Throughput = 8547.009 operations/sec (Maximum observed: 8849.558 ops/sec)
Total latency = 3.2025422386522E7 (+/- 0) us 
Consensus latency = 5537.253814000001 (+/- 2550) us 
Pre-consensus latency = 0.0 (+/- 0) us 
Pos-consensus latency = 3.2023172132988E7 (+/- 0) us 
Propose latency = 3868.054169 (+/- 2572) us 
Write latency = 125.13204300000001 (+/- 15) us 
Accept latency = 1544.0676019999999 (+/- 108) us 
Batch average size = NaN (+/- 0) requests
LCMessage ByteCount = 2587:13
StandardSMMessage ByteCount = 10398:19
TOMMessage ByteCount = 138272801:182898
ConsensusMessage ByteCount = 2635764:12963
--- Measurements after 260000 ops (1000 samples) ---
Throughput = 8928.571 operations/sec (Maximum observed: 8928.571 ops/sec)
Total latency = 3.2085946944643002E7 (+/- 0) us 
Consensus latency = 4789.107438 (+/- 374) us 
Pre-consensus latency = 0.0 (+/- 0) us 
Pos-consensus latency = 3.2083631296357E7 (+/- 0) us 
Propose latency = 2755.594011 (+/- 401) us 
Write latency = 432.943749 (+/- 295) us 
Accept latency = 1600.569678 (+/- 307) us 
Batch average size = NaN (+/- 0) requests
LCMessage ByteCount = 2587:13
StandardSMMessage ByteCount = 10398:19
TOMMessage ByteCount = 138272801:182898
ConsensusMessage ByteCount = 2635764:12963
--- Measurements after 261000 ops (1000 samples) ---
Throughput = 8547.009 operations/sec (Maximum observed: 8928.571 ops/sec)
Total latency = 3.2148152334002998E7 (+/- 0) us 
Consensus latency = 4124.758007 (+/- 234) us 
Pre-consensus latency = 0.0 (+/- 0) us 
Pos-consensus latency = 3.2146196275142E7 (+/- 0) us 
Propose latency = 2426.5697099999998 (+/- 205) us 
Write latency = 152.580192 (+/- 65) us 
Accept latency = 1545.608105 (+/- 121) us 
Batch average size = NaN (+/- 0) requests
LCMessage ByteCount = 2587:13
StandardSMMessage ByteCount = 10398:19
TOMMessage ByteCount = 138272801:182898
ConsensusMessage ByteCount = 2635764:12963
--- Measurements after 262000 ops (1000 samples) ---
Throughput = 7936.508 operations/sec (Maximum observed: 8928.571 ops/sec)
Total latency = 3.2207363889224E7 (+/- 0) us 
Consensus latency = 4125.752356999999 (+/- 171) us 
Pre-consensus latency = 0.0 (+/- 0) us 
Pos-consensus latency = 3.2205318093029E7 (+/- 0) us 
Propose latency = 2330.356358 (+/- 147) us 
Write latency = 252.799056 (+/- 226) us 
Accept latency = 1542.596943 (+/- 144) us 
Batch average size = NaN (+/- 0) requests
LCMessage ByteCount = 2587:13
StandardSMMessage ByteCount = 10398:19
TOMMessage ByteCount = 138272801:182898
ConsensusMessage ByteCount = 2635764:12963
--- Measurements after 263000 ops (1000 samples) ---
Throughput = 8474.576 operations/sec (Maximum observed: 8928.571 ops/sec)
Total latency = 3.2275929423198003E7 (+/- 0) us 
Consensus latency = 5823.621507 (+/- 1475) us 
Pre-consensus latency = 0.0 (+/- 0) us 
Pos-consensus latency = 3.2273200679543E7 (+/- 0) us 
Propose latency = 3735.608545 (+/- 1779) us 
Write latency = 541.9798830000001 (+/- 273) us 
Accept latency = 1546.0330789999998 (+/- 138) us 
Batch average size = NaN (+/- 0) requests
LCMessage ByteCount = 2587:13
StandardSMMessage ByteCount = 10398:19
TOMMessage ByteCount = 138272801:182898
ConsensusMessage ByteCount = 2635764:12963
--- Measurements after 264000 ops (1000 samples) ---
Throughput = 8474.576 operations/sec (Maximum observed: 8928.571 ops/sec)
Total latency = 3.2339627819147E7 (+/- 0) us 
Consensus latency = 4496.810346 (+/- 229) us 
Pre-consensus latency = 0.0 (+/- 0) us 
Pos-consensus latency = 3.2337172727225E7 (+/- 0) us 
Propose latency = 2334.2353620000004 (+/- 98) us 
Write latency = 587.056024 (+/- 130) us 
Accept latency = 1575.5189599999999 (+/- 220) us 
Batch average size = NaN (+/- 0) requests
LCMessage ByteCount = 2587:13
StandardSMMessage ByteCount = 10398:19
TOMMessage ByteCount = 138272801:182898
ConsensusMessage ByteCount = 2635764:12963
--- Measurements after 265000 ops (1000 samples) ---
Throughput = 8474.576 operations/sec (Maximum observed: 8928.571 ops/sec)
Total latency = 3.2396127809543997E7 (+/- 0) us 
Consensus latency = 5659.232393 (+/- 820) us 
Pre-consensus latency = 0.0 (+/- 0) us 
Pos-consensus latency = 3.2393424937805E7 (+/- 0) us 
Propose latency = 3550.491983 (+/- 1044) us 
Write latency = 590.685512 (+/- 360) us 
Accept latency = 1518.054898 (+/- 194) us 
Batch average size = NaN (+/- 0) requests
LCMessage ByteCount = 2587:13
StandardSMMessage ByteCount = 10398:19
TOMMessage ByteCount = 138272801:182898
ConsensusMessage ByteCount = 2635764:12963
--- Measurements after 266000 ops (1000 samples) ---
Throughput = 8771.93 operations/sec (Maximum observed: 8928.571 ops/sec)
Total latency = 3.246148866631E7 (+/- 0) us 
Consensus latency = 4408.037109 (+/- 315) us 
Pre-consensus latency = 0.0 (+/- 0) us 
Pos-consensus latency = 3.2459127684951E7 (+/- 0) us 
Propose latency = 2312.0620780000004 (+/- 158) us 
Write latency = 573.757122 (+/- 218) us 
Accept latency = 1522.217909 (+/- 181) us 
Batch average size = NaN (+/- 0) requests
LCMessage ByteCount = 2587:13
StandardSMMessage ByteCount = 10398:19
TOMMessage ByteCount = 138272801:182898
ConsensusMessage ByteCount = 2635764:12963
--- Measurements after 267000 ops (1000 samples) ---
Throughput = 7692.3076 operations/sec (Maximum observed: 8928.571 ops/sec)
Total latency = 3.2523203803236E7 (+/- 0) us 
Consensus latency = 4890.822277 (+/- 631) us 
Pre-consensus latency = 0.0 (+/- 0) us 
Pos-consensus latency = 3.2520675583029E7 (+/- 0) us 
Propose latency = 2660.411388 (+/- 711) us 
Write latency = 701.966505 (+/- 270) us 
Accept latency = 1528.4443840000001 (+/- 155) us 
Batch average size = NaN (+/- 0) requests
LCMessage ByteCount = 2587:13
StandardSMMessage ByteCount = 10398:19
TOMMessage ByteCount = 138272801:182898
ConsensusMessage ByteCount = 2635764:12963
--- Measurements after 268000 ops (1000 samples) ---
Throughput = 8403.361 operations/sec (Maximum observed: 8928.571 ops/sec)
Total latency = 3.259130802575E7 (+/- 0) us 
Consensus latency = 4732.731151 (+/- 388) us 
Pre-consensus latency = 0.0 (+/- 0) us 
Pos-consensus latency = 3.2588876770416E7 (+/- 0) us 
Propose latency = 2542.322336 (+/- 207) us 
Write latency = 667.7185529999999 (+/- 207) us 
Accept latency = 1522.690262 (+/- 146) us 
Batch average size = NaN (+/- 0) requests
LCMessage ByteCount = 2587:13
StandardSMMessage ByteCount = 10398:19
TOMMessage ByteCount = 138272801:182898
ConsensusMessage ByteCount = 2635764:12963
--- Measurements after 269000 ops (1000 samples) ---
Throughput = 8620.689 operations/sec (Maximum observed: 8928.571 ops/sec)
Total latency = 3.2658247890951E7 (+/- 0) us 
Consensus latency = 4496.184267 (+/- 127) us 
Pre-consensus latency = 0.0 (+/- 0) us 
Pos-consensus latency = 3.2655866795854E7 (+/- 0) us 
Propose latency = 2406.867867 (+/- 222) us 
Write latency = 568.419483 (+/- 220) us 
Accept latency = 1520.8969169999998 (+/- 107) us 
Batch average size = NaN (+/- 0) requests
LCMessage ByteCount = 2587:13
StandardSMMessage ByteCount = 10398:19
TOMMessage ByteCount = 138272801:182898
ConsensusMessage ByteCount = 2635764:12963
--- Measurements after 270000 ops (1000 samples) ---
Throughput = 8474.576 operations/sec (Maximum observed: 8928.571 ops/sec)
Total latency = 3.271462643188E7 (+/- 0) us 
Consensus latency = 6194.808822 (+/- 2002) us 
Pre-consensus latency = 0.0 (+/- 0) us 
Pos-consensus latency = 3.2710980854327E7 (+/- 0) us 
Propose latency = 3229.642441 (+/- 1224) us 
Write latency = 628.8219760000001 (+/- 544) us 
Accept latency = 2336.344405 (+/- 1742) us 
Batch average size = NaN (+/- 0) requests
LCMessage ByteCount = 2587:13
StandardSMMessage ByteCount = 10398:19
TOMMessage ByteCount = 138272801:182898
ConsensusMessage ByteCount = 2635764:12963
--- Measurements after 271000 ops (1000 samples) ---
Throughput = 8928.571 operations/sec (Maximum observed: 8928.571 ops/sec)
Total latency = 3.2776477761691E7 (+/- 0) us 
Consensus latency = 4793.310045 (+/- 768) us 
Pre-consensus latency = 0.0 (+/- 0) us 
Pos-consensus latency = 3.2774059815968E7 (+/- 0) us 
Propose latency = 2704.011832 (+/- 595) us 
Write latency = 559.950792 (+/- 236) us 
Accept latency = 1529.3474210000002 (+/- 167) us 
Batch average size = NaN (+/- 0) requests
LCMessage ByteCount = 2587:13
StandardSMMessage ByteCount = 10398:19
TOMMessage ByteCount = 138272801:182898
ConsensusMessage ByteCount = 2635764:12963
--- Measurements after 272000 ops (1000 samples) ---
Throughput = 7812.5 operations/sec (Maximum observed: 8928.571 ops/sec)
Total latency = 3.2842650659506E7 (+/- 0) us 
Consensus latency = 5086.842463999999 (+/- 878) us 
Pre-consensus latency = 0.0 (+/- 0) us 
Pos-consensus latency = 3.2840265648942E7 (+/- 0) us 
Propose latency = 3162.033504 (+/- 994) us 
Write latency = 414.719962 (+/- 231) us 
Accept latency = 1510.088998 (+/- 123) us 
Batch average size = NaN (+/- 0) requests
LCMessage ByteCount = 2587:13
StandardSMMessage ByteCount = 10398:19
TOMMessage ByteCount = 138272801:182898
ConsensusMessage ByteCount = 2635764:12963
--- Measurements after 273000 ops (1000 samples) ---
Throughput = 8547.009 operations/sec (Maximum observed: 8928.571 ops/sec)
Total latency = 3.2906864765926998E7 (+/- 0) us 
Consensus latency = 4598.857585 (+/- 269) us 
Pre-consensus latency = 0.0 (+/- 0) us 
Pos-consensus latency = 3.2904360262784E7 (+/- 0) us 
Propose latency = 2389.855723 (+/- 133) us 
Write latency = 583.9691770000001 (+/- 238) us 
Accept latency = 1625.0326850000001 (+/- 158) us 
Batch average size = NaN (+/- 0) requests
LCMessage ByteCount = 2587:13
StandardSMMessage ByteCount = 10398:19
TOMMessage ByteCount = 138272801:182898
ConsensusMessage ByteCount = 2635764:12963
--- Measurements after 274000 ops (1000 samples) ---
Throughput = 8928.571 operations/sec (Maximum observed: 8928.571 ops/sec)
Total latency = 3.2967363583757E7 (+/- 0) us 
Consensus latency = 4536.671688 (+/- 227) us 
Pre-consensus latency = 0.0 (+/- 0) us 
Pos-consensus latency = 3.2964930300037E7 (+/- 0) us 
Propose latency = 2394.079481 (+/- 182) us 
Write latency = 626.316672 (+/- 185) us 
Accept latency = 1516.275535 (+/- 165) us 
Batch average size = NaN (+/- 0) requests
LCMessage ByteCount = 2587:13
StandardSMMessage ByteCount = 10398:19
TOMMessage ByteCount = 138272801:182898
ConsensusMessage ByteCount = 2635764:12963
--- Measurements after 275000 ops (1000 samples) ---
Throughput = 8403.361 operations/sec (Maximum observed: 8928.571 ops/sec)
Total latency = 3.3027208402131E7 (+/- 0) us 
Consensus latency = 4652.15906 (+/- 612) us 
Pre-consensus latency = 0.0 (+/- 0) us 
Pos-consensus latency = 3.3024974367432E7 (+/- 0) us 
Propose latency = 2750.3597409999998 (+/- 675) us 
Write latency = 400.24591200000003 (+/- 272) us 
Accept latency = 1501.5534069999999 (+/- 98) us 
Batch average size = NaN (+/- 0) requests
LCMessage ByteCount = 2587:13
StandardSMMessage ByteCount = 10398:19
TOMMessage ByteCount = 138272801:182898
ConsensusMessage ByteCount = 2635764:12963
--- Measurements after 276000 ops (1000 samples) ---
Throughput = 8264.463 operations/sec (Maximum observed: 8928.571 ops/sec)
Total latency = 3.3085361545939997E7 (+/- 0) us 
Consensus latency = 6082.676529 (+/- 1923) us 
Pre-consensus latency = 0.0 (+/- 0) us 
Pos-consensus latency = 3.3082237811289E7 (+/- 0) us 
Propose latency = 3361.233687 (+/- 1146) us 
Write latency = 1174.2019129999999 (+/- 1820) us 
Accept latency = 1547.240929 (+/- 166) us 
Batch average size = NaN (+/- 0) requests
LCMessage ByteCount = 2587:13
StandardSMMessage ByteCount = 10398:19
TOMMessage ByteCount = 138272801:182898
ConsensusMessage ByteCount = 2635764:12963
--- Measurements after 277000 ops (1000 samples) ---
Throughput = 8130.0815 operations/sec (Maximum observed: 8928.571 ops/sec)
Total latency = 3.3161815186888E7 (+/- 0) us 
Consensus latency = 4610.543707000001 (+/- 289) us 
Pre-consensus latency = 0.0 (+/- 0) us 
Pos-consensus latency = 3.3159454257016998E7 (+/- 0) us 
Propose latency = 2601.258792 (+/- 220) us 
Write latency = 517.691247 (+/- 220) us 
Accept latency = 1491.593668 (+/- 162) us 
Batch average size = NaN (+/- 0) requests
LCMessage ByteCount = 2587:13
StandardSMMessage ByteCount = 10398:19
TOMMessage ByteCount = 138272801:182898
ConsensusMessage ByteCount = 2635764:12963
--- Measurements after 278000 ops (1000 samples) ---
Throughput = 8547.009 operations/sec (Maximum observed: 8928.571 ops/sec)
Total latency = 3.322303871231E7 (+/- 0) us 
Consensus latency = 4527.841096 (+/- 249) us 
Pre-consensus latency = 0.0 (+/- 0) us 
Pos-consensus latency = 3.3220606940387E7 (+/- 0) us 
Propose latency = 2380.549879 (+/- 121) us 
Write latency = 646.961405 (+/- 233) us 
Accept latency = 1500.329812 (+/- 191) us 
Batch average size = NaN (+/- 0) requests
LCMessage ByteCount = 2587:13
StandardSMMessage ByteCount = 10398:19
TOMMessage ByteCount = 138272801:182898
ConsensusMessage ByteCount = 2635764:12963
--- Measurements after 279000 ops (1000 samples) ---
Throughput = 8547.009 operations/sec (Maximum observed: 8928.571 ops/sec)
Total latency = 3.3282429039814997E7 (+/- 0) us 
Consensus latency = 4391.9451500000005 (+/- 290) us 
Pre-consensus latency = 0.0 (+/- 0) us 
Pos-consensus latency = 3.3280156508492E7 (+/- 0) us 
Propose latency = 2392.857901 (+/- 108) us 
Write latency = 436.54398599999996 (+/- 229) us 
Accept latency = 1562.543263 (+/- 204) us 
Batch average size = NaN (+/- 0) requests
LCMessage ByteCount = 2587:13
StandardSMMessage ByteCount = 10398:19
TOMMessage ByteCount = 138272801:182898
ConsensusMessage ByteCount = 2635764:12963
--- Measurements after 280000 ops (1000 samples) ---
Throughput = 8849.558 operations/sec (Maximum observed: 8928.571 ops/sec)
Total latency = 3.333955775995E7 (+/- 0) us 
Consensus latency = 4942.256621 (+/- 879) us 
Pre-consensus latency = 0.0 (+/- 0) us 
Pos-consensus latency = 3.333688543102E7 (+/- 0) us 
Propose latency = 2836.067347 (+/- 1095) us 
Write latency = 521.070231 (+/- 305) us 
Accept latency = 1585.1190430000001 (+/- 117) us 
Batch average size = NaN (+/- 0) requests
LCMessage ByteCount = 2587:13
StandardSMMessage ByteCount = 10398:19
TOMMessage ByteCount = 138272801:182898
ConsensusMessage ByteCount = 2635764:12963
--- Measurements after 281000 ops (1000 samples) ---
Throughput = 7751.938 operations/sec (Maximum observed: 8928.571 ops/sec)
Total latency = 3.3401556247444E7 (+/- 0) us 
Consensus latency = 4672.113504 (+/- 668) us 
Pre-consensus latency = 0.0 (+/- 0) us 
Pos-consensus latency = 3.3399345190849E7 (+/- 0) us 
Propose latency = 2776.546401 (+/- 722) us 
Write latency = 406.68485200000003 (+/- 248) us 
Accept latency = 1488.882251 (+/- 187) us 
Batch average size = NaN (+/- 0) requests
LCMessage ByteCount = 2587:13
StandardSMMessage ByteCount = 10398:19
TOMMessage ByteCount = 138272801:182898
ConsensusMessage ByteCount = 2635764:12963
--- Measurements after 282000 ops (1000 samples) ---
Throughput = 8849.558 operations/sec (Maximum observed: 8928.571 ops/sec)
Total latency = 3.3471634540478002E7 (+/- 0) us 
Consensus latency = 4372.322865 (+/- 229) us 
Pre-consensus latency = 0.0 (+/- 0) us 
Pos-consensus latency = 3.3469449378291998E7 (+/- 0) us 
Propose latency = 2488.702039 (+/- 123) us 
Write latency = 359.59345 (+/- 212) us 
Accept latency = 1524.027376 (+/- 184) us 
Batch average size = NaN (+/- 0) requests
LCMessage ByteCount = 2587:13
StandardSMMessage ByteCount = 10398:19
TOMMessage ByteCount = 138272801:182898
ConsensusMessage ByteCount = 2635764:12963
--- Measurements after 283000 ops (1000 samples) ---
Throughput = 8474.576 operations/sec (Maximum observed: 8928.571 ops/sec)
Total latency = 3.3534735487912998E7 (+/- 0) us 
Consensus latency = 4436.469929 (+/- 276) us 
Pre-consensus latency = 0.0 (+/- 0) us 
Pos-consensus latency = 3.3532434617273E7 (+/- 0) us 
Propose latency = 2427.054659 (+/- 135) us 
Write latency = 448.80468 (+/- 270) us 
Accept latency = 1560.61059 (+/- 242) us 
Batch average size = NaN (+/- 0) requests
LCMessage ByteCount = 2587:13
StandardSMMessage ByteCount = 10398:19
TOMMessage ByteCount = 138272801:182898
ConsensusMessage ByteCount = 2635764:12963
--- Measurements after 284000 ops (1000 samples) ---
Throughput = 8264.463 operations/sec (Maximum observed: 8928.571 ops/sec)
Total latency = 3.3595436263638E7 (+/- 0) us 
Consensus latency = 4373.296455 (+/- 270) us 
Pre-consensus latency = 0.0 (+/- 0) us 
Pos-consensus latency = 3.3593102378886E7 (+/- 0) us 
Propose latency = 2343.459054 (+/- 124) us 
Write latency = 639.324074 (+/- 181) us 
Accept latency = 1390.5133270000001 (+/- 277) us 
Batch average size = NaN (+/- 0) requests
LCMessage ByteCount = 2587:13
StandardSMMessage ByteCount = 10398:19
TOMMessage ByteCount = 138272801:182898
ConsensusMessage ByteCount = 2635764:12963
--- Measurements after 285000 ops (1000 samples) ---
Throughput = 8771.93 operations/sec (Maximum observed: 8928.571 ops/sec)
Total latency = 3.3656132834792E7 (+/- 0) us 
Consensus latency = 4979.241417 (+/- 465) us 
Pre-consensus latency = 0.0 (+/- 0) us 
Pos-consensus latency = 3.3653472465567E7 (+/- 0) us 
Propose latency = 2623.4939870000003 (+/- 312) us 
Write latency = 904.6305870000001 (+/- 184) us 
Accept latency = 1451.116843 (+/- 367) us 
Batch average size = NaN (+/- 0) requests
LCMessage ByteCount = 2587:13
StandardSMMessage ByteCount = 10398:19
TOMMessage ByteCount = 138272801:182898
ConsensusMessage ByteCount = 2635764:12963
--- Measurements after 286000 ops (1000 samples) ---
Throughput = 7692.3076 operations/sec (Maximum observed: 8928.571 ops/sec)
Total latency = 3.3722466419231E7 (+/- 0) us 
Consensus latency = 4491.830123 (+/- 652) us 
Pre-consensus latency = 0.0 (+/- 0) us 
Pos-consensus latency = 3.372007392706E7 (+/- 0) us 
Propose latency = 2604.745518 (+/- 702) us 
Write latency = 419.735084 (+/- 304) us 
Accept latency = 1467.3495209999999 (+/- 91) us 
Batch average size = NaN (+/- 0) requests
LCMessage ByteCount = 2587:13
StandardSMMessage ByteCount = 10398:19
TOMMessage ByteCount = 138272801:182898
ConsensusMessage ByteCount = 2635764:12963
--- Measurements after 287000 ops (1000 samples) ---
Throughput = 8547.009 operations/sec (Maximum observed: 8928.571 ops/sec)
Total latency = 3.3789926738098E7 (+/- 0) us 
Consensus latency = 4408.74315 (+/- 191) us 
Pre-consensus latency = 0.0 (+/- 0) us 
Pos-consensus latency = 3.3787653195982E7 (+/- 0) us 
Propose latency = 2401.313084 (+/- 114) us 
Write latency = 424.881404 (+/- 138) us 
Accept latency = 1582.548662 (+/- 152) us 
Batch average size = NaN (+/- 0) requests
LCMessage ByteCount = 2587:13
StandardSMMessage ByteCount = 10398:19
TOMMessage ByteCount = 138272801:182898
ConsensusMessage ByteCount = 2635764:12963
--- Measurements after 288000 ops (1000 samples) ---
Throughput = 8928.571 operations/sec (Maximum observed: 8928.571 ops/sec)
Total latency = 3.384862059028E7 (+/- 0) us 
Consensus latency = 4385.897814 (+/- 303) us 
Pre-consensus latency = 0.0 (+/- 0) us 
Pos-consensus latency = 3.3846257335214004E7 (+/- 0) us 
Propose latency = 2276.587571 (+/- 139) us 
Write latency = 586.965333 (+/- 198) us 
Accept latency = 1522.34491 (+/- 224) us 
Batch average size = NaN (+/- 0) requests
LCMessage ByteCount = 2587:13
StandardSMMessage ByteCount = 10398:19
TOMMessage ByteCount = 138272801:182898
ConsensusMessage ByteCount = 2635764:12963
--- Measurements after 289000 ops (1000 samples) ---
Throughput = 8403.361 operations/sec (Maximum observed: 8928.571 ops/sec)
Total latency = 3.3901554349474E7 (+/- 0) us 
Consensus latency = 6549.494404 (+/- 1604) us 
Pre-consensus latency = 0.0 (+/- 0) us 
Pos-consensus latency = 3.3898900117313996E7 (+/- 0) us 
Propose latency = 4407.665607 (+/- 1613) us 
Write latency = 619.31151 (+/- 243) us 
Accept latency = 1522.5172870000001 (+/- 173) us 
Batch average size = NaN (+/- 0) requests
LCMessage ByteCount = 2587:13
StandardSMMessage ByteCount = 10398:19
TOMMessage ByteCount = 138272801:182898
ConsensusMessage ByteCount = 2635764:12963
--- Measurements after 290000 ops (1000 samples) ---
Throughput = 8333.333 operations/sec (Maximum observed: 8928.571 ops/sec)
Total latency = 3.3966220176281E7 (+/- 0) us 
Consensus latency = 4809.377337 (+/- 440) us 
Pre-consensus latency = 0.0 (+/- 0) us 
Pos-consensus latency = 3.3963825279081E7 (+/- 0) us 
Propose latency = 2706.110548 (+/- 484) us 
Write latency = 599.999163 (+/- 306) us 
Accept latency = 1503.2676259999998 (+/- 138) us 
Batch average size = NaN (+/- 0) requests
LCMessage ByteCount = 2587:13
StandardSMMessage ByteCount = 10398:19
TOMMessage ByteCount = 138272801:182898
ConsensusMessage ByteCount = 2635764:12963
--- Measurements after 291000 ops (1000 samples) ---
Throughput = 8130.0815 operations/sec (Maximum observed: 8928.571 ops/sec)
Total latency = 3.4035834138194E7 (+/- 0) us 
Consensus latency = 5003.009424 (+/- 1839) us 
Pre-consensus latency = 0.0 (+/- 0) us 
Pos-consensus latency = 3.4032858750377E7 (+/- 0) us 
Propose latency = 2593.1808889999998 (+/- 891) us 
Write latency = 207.684641 (+/- 159) us 
Accept latency = 2202.143894 (+/- 1712) us 
Batch average size = NaN (+/- 0) requests
LCMessage ByteCount = 2587:13
StandardSMMessage ByteCount = 10398:19
TOMMessage ByteCount = 138272801:182898
ConsensusMessage ByteCount = 2635764:12963
--- Measurements after 292000 ops (1000 samples) ---
Throughput = 8474.576 operations/sec (Maximum observed: 8928.571 ops/sec)
Total latency = 3.4099992344641E7 (+/- 0) us 
Consensus latency = 4362.532567 (+/- 317) us 
Pre-consensus latency = 0.0 (+/- 0) us 
Pos-consensus latency = 3.4097642449325E7 (+/- 0) us 
Propose latency = 2307.9692480000003 (+/- 180) us 
Write latency = 477.08209700000003 (+/- 241) us 
Accept latency = 1577.4812220000001 (+/- 191) us 
Batch average size = NaN (+/- 0) requests
LCMessage ByteCount = 2587:13
StandardSMMessage ByteCount = 10398:19
TOMMessage ByteCount = 138272801:182898
ConsensusMessage ByteCount = 2635764:12963
--- Measurements after 293000 ops (1000 samples) ---
Throughput = 8333.333 operations/sec (Maximum observed: 8928.571 ops/sec)
Total latency = 3.4158351219694E7 (+/- 0) us 
Consensus latency = 5323.771408 (+/- 1504) us 
Pre-consensus latency = 0.0 (+/- 0) us 
Pos-consensus latency = 3.4155811544969E7 (+/- 0) us 
Propose latency = 3211.47817 (+/- 1186) us 
Write latency = 607.261406 (+/- 338) us 
Accept latency = 1505.031832 (+/- 151) us 
Batch average size = NaN (+/- 0) requests
LCMessage ByteCount = 2587:13
StandardSMMessage ByteCount = 10398:19
TOMMessage ByteCount = 138272801:182898
ConsensusMessage ByteCount = 2635764:12963
--- Measurements after 294000 ops (1000 samples) ---
Throughput = 8547.009 operations/sec (Maximum observed: 8928.571 ops/sec)
Total latency = 3.4224724935423E7 (+/- 0) us 
Consensus latency = 4549.234438 (+/- 427) us 
Pre-consensus latency = 0.0 (+/- 0) us 
Pos-consensus latency = 3.4222440675013E7 (+/- 0) us 
Propose latency = 2543.3313080000003 (+/- 347) us 
Write latency = 437.447987 (+/- 261) us 
Accept latency = 1568.455143 (+/- 307) us 
Batch average size = NaN (+/- 0) requests
LCMessage ByteCount = 2587:13
StandardSMMessage ByteCount = 10398:19
TOMMessage ByteCount = 138272801:182898
ConsensusMessage ByteCount = 2635764:12963
--- Measurements after 295000 ops (1000 samples) ---
Throughput = 7812.5 operations/sec (Maximum observed: 8928.571 ops/sec)
Total latency = 3.428569877289E7 (+/- 0) us 
Consensus latency = 4826.396171 (+/- 101) us 
Pre-consensus latency = 0.0 (+/- 0) us 
Pos-consensus latency = 3.4283142700006E7 (+/- 0) us 
Propose latency = 2543.213244 (+/- 176) us 
Write latency = 661.5271260000001 (+/- 212) us 
Accept latency = 1621.6558009999999 (+/- 196) us 
Batch average size = NaN (+/- 0) requests
LCMessage ByteCount = 2587:13
StandardSMMessage ByteCount = 10398:19
TOMMessage ByteCount = 138272801:182898
ConsensusMessage ByteCount = 2635764:12963
--- Measurements after 296000 ops (1000 samples) ---
Throughput = 8771.93 operations/sec (Maximum observed: 8928.571 ops/sec)
Total latency = 3.4356119109695E7 (+/- 0) us 
Consensus latency = 4726.383257 (+/- 434) us 
Pre-consensus latency = 0.0 (+/- 0) us 
Pos-consensus latency = 3.4353597796839E7 (+/- 0) us 
Propose latency = 2680.384489 (+/- 504) us 
Write latency = 475.145576 (+/- 303) us 
Accept latency = 1570.853192 (+/- 59) us 
Batch average size = NaN (+/- 0) requests
LCMessage ByteCount = 2587:13
StandardSMMessage ByteCount = 10398:19
TOMMessage ByteCount = 138272801:182898
ConsensusMessage ByteCount = 2635764:12963
--- Measurements after 297000 ops (1000 samples) ---
Throughput = 8474.576 operations/sec (Maximum observed: 8928.571 ops/sec)
Total latency = 3.4419099222076E7 (+/- 0) us 
Consensus latency = 4515.660969 (+/- 377) us 
Pre-consensus latency = 0.0 (+/- 0) us 
Pos-consensus latency = 3.4416584183463E7 (+/- 0) us 
Propose latency = 2306.617963 (+/- 243) us 
Write latency = 669.4595330000001 (+/- 176) us 
Accept latency = 1539.583473 (+/- 155) us 
Batch average size = NaN (+/- 0) requests
LCMessage ByteCount = 2587:13
StandardSMMessage ByteCount = 10398:19
TOMMessage ByteCount = 138272801:182898
ConsensusMessage ByteCount = 2635764:12963
--- Measurements after 298000 ops (1000 samples) ---
Throughput = 8130.0815 operations/sec (Maximum observed: 8928.571 ops/sec)
Total latency = 3.447609220935E7 (+/- 0) us 
Consensus latency = 4736.126908 (+/- 413) us 
Pre-consensus latency = 0.0 (+/- 0) us 
Pos-consensus latency = 3.4473913069308E7 (+/- 0) us 
Propose latency = 2833.152036 (+/- 385) us 
Write latency = 612.781814 (+/- 263) us 
Accept latency = 1290.193058 (+/- 249) us 
Batch average size = NaN (+/- 0) requests
LCMessage ByteCount = 2587:13
StandardSMMessage ByteCount = 10398:19
TOMMessage ByteCount = 138272801:182898
ConsensusMessage ByteCount = 2635764:12963
--- Measurements after 299000 ops (1000 samples) ---
Throughput = 8403.361 operations/sec (Maximum observed: 8928.571 ops/sec)
Total latency = 3.4547914291838996E7 (+/- 0) us 
Consensus latency = 4711.4479519999995 (+/- 286) us 
Pre-consensus latency = 0.0 (+/- 0) us 
Pos-consensus latency = 3.454525993672799E7 (+/- 0) us 
Propose latency = 2302.8239670000003 (+/- 169) us 
Write latency = 812.134439 (+/- 229) us 
Accept latency = 1596.489546 (+/- 193) us 
Batch average size = NaN (+/- 0) requests
LCMessage ByteCount = 2587:13
StandardSMMessage ByteCount = 10398:19
TOMMessage ByteCount = 138272801:182898
ConsensusMessage ByteCount = 2635764:12963
--- Measurements after 300000 ops (1000 samples) ---
Throughput = 8474.576 operations/sec (Maximum observed: 8928.571 ops/sec)
Total latency = 3.4607771668389E7 (+/- 0) us 
Consensus latency = 4615.611033 (+/- 282) us 
Pre-consensus latency = 0.0 (+/- 0) us 
Pos-consensus latency = 3.4605254855468005E7 (+/- 0) us 
Propose latency = 2324.010543 (+/- 111) us 
Write latency = 668.702019 (+/- 280) us 
Accept latency = 1622.898471 (+/- 177) us 
Batch average size = NaN (+/- 0) requests
LCMessage ByteCount = 2587:13
StandardSMMessage ByteCount = 10398:19
TOMMessage ByteCount = 138272801:182898
ConsensusMessage ByteCount = 2635764:12963
--- Measurements after 301000 ops (1000 samples) ---
Throughput = 8264.463 operations/sec (Maximum observed: 8928.571 ops/sec)
Total latency = 3.4665789822814E7 (+/- 0) us 
Consensus latency = 5230.414258000001 (+/- 2953) us 
Pre-consensus latency = 0.0 (+/- 0) us 
Pos-consensus latency = 3.466336626104E7 (+/- 0) us 
Propose latency = 3477.590699 (+/- 2965) us 
Write latency = 290.300464 (+/- 257) us 
Accept latency = 1462.523095 (+/- 127) us 
Batch average size = NaN (+/- 0) requests
LCMessage ByteCount = 2587:13
StandardSMMessage ByteCount = 10398:19
TOMMessage ByteCount = 138272801:182898
ConsensusMessage ByteCount = 2635764:12963
--- Measurements after 302000 ops (1000 samples) ---
Throughput = 7751.938 operations/sec (Maximum observed: 8928.571 ops/sec)
Total latency = 3.4742593337279E7 (+/- 0) us 
Consensus latency = 5439.761038 (+/- 955) us 
Pre-consensus latency = 0.0 (+/- 0) us 
Pos-consensus latency = 3.4740015583853E7 (+/- 0) us 
Propose latency = 3147.0433110000004 (+/- 791) us 
Write latency = 666.426429 (+/- 154) us 
Accept latency = 1626.2912979999999 (+/- 305) us 
Batch average size = NaN (+/- 0) requests
LCMessage ByteCount = 2587:13
StandardSMMessage ByteCount = 10398:19
TOMMessage ByteCount = 138272801:182898
ConsensusMessage ByteCount = 2635764:12963
--- Measurements after 303000 ops (1000 samples) ---
Throughput = 8474.576 operations/sec (Maximum observed: 8928.571 ops/sec)
Total latency = 3.4809419448359E7 (+/- 0) us 
Consensus latency = 4912.6322390000005 (+/- 471) us 
Pre-consensus latency = 0.0 (+/- 0) us 
Pos-consensus latency = 3.4806668161535E7 (+/- 0) us 
Propose latency = 2417.018512 (+/- 157) us 
Write latency = 947.461372 (+/- 446) us 
Accept latency = 1548.152355 (+/- 142) us 
Batch average size = NaN (+/- 0) requests
LCMessage ByteCount = 2587:13
StandardSMMessage ByteCount = 10398:19
TOMMessage ByteCount = 138272801:182898
ConsensusMessage ByteCount = 2635764:12963
--- Measurements after 304000 ops (1000 samples) ---
Throughput = 8620.689 operations/sec (Maximum observed: 8928.571 ops/sec)
Total latency = 3.4867730610279E7 (+/- 0) us 
Consensus latency = 4493.019946 (+/- 213) us 
Pre-consensus latency = 0.0 (+/- 0) us 
Pos-consensus latency = 3.4865540757099E7 (+/- 0) us 
Propose latency = 2549.096535 (+/- 160) us 
Write latency = 437.727362 (+/- 214) us 
Accept latency = 1506.1960490000001 (+/- 141) us 
Batch average size = NaN (+/- 0) requests
LCMessage ByteCount = 2587:13
StandardSMMessage ByteCount = 10398:19
TOMMessage ByteCount = 138272801:182898
ConsensusMessage ByteCount = 2635764:12963
--- Measurements after 305000 ops (1000 samples) ---
Throughput = 7936.508 operations/sec (Maximum observed: 8928.571 ops/sec)
Total latency = 3.4937239313063E7 (+/- 0) us 
Consensus latency = 4500.591341 (+/- 330) us 
Pre-consensus latency = 0.0 (+/- 0) us 
Pos-consensus latency = 3.4934858009273E7 (+/- 0) us 
Propose latency = 2366.704823 (+/- 181) us 
Write latency = 470.900804 (+/- 185) us 
Accept latency = 1662.985714 (+/- 148) us 
Batch average size = NaN (+/- 0) requests
LCMessage ByteCount = 2587:13
StandardSMMessage ByteCount = 10398:19
TOMMessage ByteCount = 138272801:182898
ConsensusMessage ByteCount = 2635764:12963
--- Measurements after 306000 ops (1000 samples) ---
Throughput = 8474.576 operations/sec (Maximum observed: 8928.571 ops/sec)
Total latency = 3.4998338079985E7 (+/- 0) us 
Consensus latency = 5030.667007 (+/- 1098) us 
Pre-consensus latency = 0.0 (+/- 0) us 
Pos-consensus latency = 3.4995842211447E7 (+/- 0) us 
Propose latency = 3060.642952 (+/- 981) us 
Write latency = 484.355864 (+/- 414) us 
Accept latency = 1485.6681910000002 (+/- 196) us 
Batch average size = NaN (+/- 0) requests
LCMessage ByteCount = 2587:13
StandardSMMessage ByteCount = 10398:19
TOMMessage ByteCount = 138272801:182898
ConsensusMessage ByteCount = 2635764:12963
--- Measurements after 307000 ops (1000 samples) ---
Throughput = 8771.93 operations/sec (Maximum observed: 8928.571 ops/sec)
Total latency = 3.5061295688245006E7 (+/- 0) us 
Consensus latency = 4687.771787 (+/- 246) us 
Pre-consensus latency = 0.0 (+/- 0) us 
Pos-consensus latency = 3.5058794506697E7 (+/- 0) us 
Propose latency = 2421.0168080000003 (+/- 216) us 
Write latency = 704.122684 (+/- 229) us 
Accept latency = 1562.6322949999999 (+/- 100) us 
Batch average size = NaN (+/- 0) requests
LCMessage ByteCount = 2587:13
StandardSMMessage ByteCount = 10398:19
TOMMessage ByteCount = 138272801:182898
ConsensusMessage ByteCount = 2635764:12963
--- Measurements after 308000 ops (1000 samples) ---
Throughput = 7633.588 operations/sec (Maximum observed: 8928.571 ops/sec)
Total latency = 3.5130016622998E7 (+/- 0) us 
Consensus latency = 4546.916225 (+/- 402) us 
Pre-consensus latency = 0.0 (+/- 0) us 
Pos-consensus latency = 3.5127560317366995E7 (+/- 0) us 
Propose latency = 2351.138866 (+/- 100) us 
Write latency = 574.440055 (+/- 274) us 
Accept latency = 1621.337304 (+/- 209) us 
Batch average size = NaN (+/- 0) requests
LCMessage ByteCount = 2587:13
StandardSMMessage ByteCount = 10398:19
TOMMessage ByteCount = 138272801:182898
ConsensusMessage ByteCount = 2635764:12963
--- Measurements after 309000 ops (1000 samples) ---
Throughput = 8403.361 operations/sec (Maximum observed: 8928.571 ops/sec)
Total latency = 3.5195326974348E7 (+/- 0) us 
Consensus latency = 4731.847489 (+/- 307) us 
Pre-consensus latency = 0.0 (+/- 0) us 
Pos-consensus latency = 3.519278031643E7 (+/- 0) us 
Propose latency = 2449.403699 (+/- 120) us 
Write latency = 789.2264200000001 (+/- 354) us 
Accept latency = 1493.21737 (+/- 161) us 
Batch average size = NaN (+/- 0) requests
LCMessage ByteCount = 2587:13
StandardSMMessage ByteCount = 10398:19
TOMMessage ByteCount = 138272801:182898
ConsensusMessage ByteCount = 2635764:12963
--- Measurements after 310000 ops (1000 samples) ---
Throughput = 8771.93 operations/sec (Maximum observed: 8928.571 ops/sec)
Total latency = 3.5255594246429004E7 (+/- 0) us 
Consensus latency = 5391.689627000001 (+/- 1881) us 
Pre-consensus latency = 0.0 (+/- 0) us 
Pos-consensus latency = 3.5252419328382E7 (+/- 0) us 
Propose latency = 2570.982907 (+/- 803) us 
Write latency = 687.180112 (+/- 247) us 
Accept latency = 2133.526608 (+/- 1945) us 
Batch average size = NaN (+/- 0) requests
LCMessage ByteCount = 2587:13
StandardSMMessage ByteCount = 10398:19
TOMMessage ByteCount = 138272801:182898
ConsensusMessage ByteCount = 2635764:12963
--- Measurements after 311000 ops (1000 samples) ---
Throughput = 7692.3076 operations/sec (Maximum observed: 8928.571 ops/sec)
Total latency = 3.5320730084454E7 (+/- 0) us 
Consensus latency = 5321.5304479999995 (+/- 632) us 
Pre-consensus latency = 0.0 (+/- 0) us 
Pos-consensus latency = 3.5318253245473E7 (+/- 0) us 
Propose latency = 3284.998685 (+/- 720) us 
Write latency = 617.034358 (+/- 233) us 
Accept latency = 1419.497405 (+/- 154) us 
Batch average size = NaN (+/- 0) requests
LCMessage ByteCount = 2587:13
StandardSMMessage ByteCount = 10398:19
TOMMessage ByteCount = 138272801:182898
ConsensusMessage ByteCount = 2635764:12963
--- Measurements after 312000 ops (1000 samples) ---
Throughput = 8403.361 operations/sec (Maximum observed: 8928.571 ops/sec)
Total latency = 3.5391290217317E7 (+/- 0) us 
Consensus latency = 5224.475575 (+/- 1963) us 
Pre-consensus latency = 0.0 (+/- 0) us 
Pos-consensus latency = 3.538811088412E7 (+/- 0) us 
Propose latency = 2357.757211 (+/- 239) us 
Write latency = 674.6275720000001 (+/- 420) us 
Accept latency = 2192.090792 (+/- 1777) us 
Batch average size = NaN (+/- 0) requests
LCMessage ByteCount = 2587:13
StandardSMMessage ByteCount = 10398:19
TOMMessage ByteCount = 138272801:182898
ConsensusMessage ByteCount = 2635764:12963
--- Measurements after 313000 ops (1000 samples) ---
Throughput = 8849.558 operations/sec (Maximum observed: 8928.571 ops/sec)
Total latency = 3.544032986705E7 (+/- 0) us 
Consensus latency = 6498.443035 (+/- 2642) us 
Pre-consensus latency = 0.0 (+/- 0) us 
Pos-consensus latency = 3.5436912489474E7 (+/- 0) us 
Propose latency = 3435.092424 (+/- 1167) us 
Write latency = 1533.9618189999999 (+/- 2594) us 
Accept latency = 1529.388792 (+/- 145) us 
Batch average size = NaN (+/- 0) requests
LCMessage ByteCount = 2587:13
StandardSMMessage ByteCount = 10398:19
TOMMessage ByteCount = 138272801:182898
ConsensusMessage ByteCount = 2635764:12963
--- Measurements after 314000 ops (1000 samples) ---
Throughput = 7633.588 operations/sec (Maximum observed: 8928.571 ops/sec)
Total latency = 3.550435902920099E7 (+/- 0) us 
Consensus latency = 4867.89628 (+/- 403) us 
Pre-consensus latency = 0.0 (+/- 0) us 
Pos-consensus latency = 3.5501709560655996E7 (+/- 0) us 
Propose latency = 2528.357973 (+/- 243) us 
Write latency = 732.6655470000001 (+/- 308) us 
Accept latency = 1606.87276 (+/- 207) us 
Batch average size = NaN (+/- 0) requests
LCMessage ByteCount = 2587:13
StandardSMMessage ByteCount = 10398:19
TOMMessage ByteCount = 138272801:182898
ConsensusMessage ByteCount = 2635764:12963
--- Measurements after 315000 ops (1000 samples) ---
Throughput = 8547.009 operations/sec (Maximum observed: 8928.571 ops/sec)
Total latency = 3.5569602423771E7 (+/- 0) us 
Consensus latency = 5866.765105 (+/- 1484) us 
Pre-consensus latency = 0.0 (+/- 0) us 
Pos-consensus latency = 3.5566452950874E7 (+/- 0) us 
Propose latency = 3131.696507 (+/- 351) us 
Write latency = 1259.985974 (+/- 1720) us 
Accept latency = 1475.0826240000001 (+/- 162) us 
Batch average size = NaN (+/- 0) requests
LCMessage ByteCount = 2587:13
StandardSMMessage ByteCount = 10398:19
TOMMessage ByteCount = 138272801:182898
ConsensusMessage ByteCount = 2635764:12963
--- Measurements after 316000 ops (1000 samples) ---
Throughput = 8695.652 operations/sec (Maximum observed: 8928.571 ops/sec)
Total latency = 3.5634416500800006E7 (+/- 0) us 
Consensus latency = 4079.917117 (+/- 260) us 
Pre-consensus latency = 0.0 (+/- 0) us 
Pos-consensus latency = 3.5632470295376E7 (+/- 0) us 
Propose latency = 2453.6270750000003 (+/- 249) us 
Write latency = 122.932665 (+/- 15) us 
Accept latency = 1503.357377 (+/- 65) us 
Batch average size = NaN (+/- 0) requests
LCMessage ByteCount = 2587:13
StandardSMMessage ByteCount = 10398:19
TOMMessage ByteCount = 138272801:182898
ConsensusMessage ByteCount = 2635764:12963
--- Measurements after 317000 ops (1000 samples) ---
Throughput = 7692.3076 operations/sec (Maximum observed: 8928.571 ops/sec)
Total latency = 3.569677582689E7 (+/- 0) us 
Consensus latency = 5251.826626 (+/- 1485) us 
Pre-consensus latency = 0.0 (+/- 0) us 
Pos-consensus latency = 3.5693825325362E7 (+/- 0) us 
Propose latency = 2565.935927 (+/- 378) us 
Write latency = 664.5890400000001 (+/- 397) us 
Accept latency = 2021.301659 (+/- 1539) us 
Batch average size = NaN (+/- 0) requests
LCMessage ByteCount = 2587:13
StandardSMMessage ByteCount = 10398:19
TOMMessage ByteCount = 138272801:182898
ConsensusMessage ByteCount = 2635764:12963
--- Measurements after 318000 ops (1000 samples) ---
Throughput = 8695.652 operations/sec (Maximum observed: 8928.571 ops/sec)
Total latency = 3.576892175225E7 (+/- 0) us 
Consensus latency = 4650.746244 (+/- 274) us 
Pre-consensus latency = 0.0 (+/- 0) us 
Pos-consensus latency = 3.5766296893465E7 (+/- 0) us 
Propose latency = 2278.201783 (+/- 134) us 
Write latency = 768.062613 (+/- 181) us 
Accept latency = 1604.481848 (+/- 275) us 
Batch average size = NaN (+/- 0) requests
LCMessage ByteCount = 2587:13
StandardSMMessage ByteCount = 10398:19
TOMMessage ByteCount = 138272801:182898
ConsensusMessage ByteCount = 2635764:12963
--- Measurements after 319000 ops (1000 samples) ---
Throughput = 8474.576 operations/sec (Maximum observed: 8928.571 ops/sec)
Total latency = 3.5829196727862E7 (+/- 0) us 
Consensus latency = 5353.875707 (+/- 643) us 
Pre-consensus latency = 0.0 (+/- 0) us 
Pos-consensus latency = 3.5826437866500996E7 (+/- 0) us 
Propose latency = 2959.511523 (+/- 675) us 
Write latency = 771.196606 (+/- 353) us 
Accept latency = 1623.167578 (+/- 165) us 
Batch average size = NaN (+/- 0) requests
LCMessage ByteCount = 2587:13
StandardSMMessage ByteCount = 10398:19
TOMMessage ByteCount = 138272801:182898
ConsensusMessage ByteCount = 2635764:12963
--- Measurements after 320000 ops (1000 samples) ---
Throughput = 7812.5 operations/sec (Maximum observed: 8928.571 ops/sec)
Total latency = 3.5889309933258004E7 (+/- 0) us 
Consensus latency = 5755.678752000001 (+/- 1294) us 
Pre-consensus latency = 0.0 (+/- 0) us 
Pos-consensus latency = 3.5886003060857005E7 (+/- 0) us 
Propose latency = 3168.814258 (+/- 904) us 
Write latency = 1085.590737 (+/- 1682) us 
Accept latency = 1501.273757 (+/- 278) us 
Batch average size = NaN (+/- 0) requests
LCMessage ByteCount = 2587:13
StandardSMMessage ByteCount = 10398:19
TOMMessage ByteCount = 138272801:182898
ConsensusMessage ByteCount = 2635764:12963
--- Measurements after 321000 ops (1000 samples) ---
Throughput = 8474.576 operations/sec (Maximum observed: 8928.571 ops/sec)
Total latency = 3.5965252646719E7 (+/- 0) us 
Consensus latency = 5483.313171 (+/- 906) us 
Pre-consensus latency = 0.0 (+/- 0) us 
Pos-consensus latency = 3.5962077096387E7 (+/- 0) us 
Propose latency = 2608.91525 (+/- 296) us 
Write latency = 1157.545024 (+/- 592) us 
Accept latency = 1716.8528970000002 (+/- 326) us 
Batch average size = NaN (+/- 0) requests
LCMessage ByteCount = 2587:13
StandardSMMessage ByteCount = 10398:19
TOMMessage ByteCount = 138272801:182898
ConsensusMessage ByteCount = 2635764:12963
--- Measurements after 322000 ops (1000 samples) ---
Throughput = 8474.576 operations/sec (Maximum observed: 8928.571 ops/sec)
Total latency = 3.6026502132986E7 (+/- 0) us 
Consensus latency = 4702.562411999999 (+/- 228) us 
Pre-consensus latency = 0.0 (+/- 0) us 
Pos-consensus latency = 3.6023899299385004E7 (+/- 0) us 
Propose latency = 2364.981391 (+/- 129) us 
Write latency = 823.321418 (+/- 208) us 
Accept latency = 1514.259603 (+/- 147) us 
Batch average size = NaN (+/- 0) requests
LCMessage ByteCount = 2587:13
StandardSMMessage ByteCount = 10398:19
TOMMessage ByteCount = 138272801:182898
ConsensusMessage ByteCount = 2635764:12963
--- Measurements after 323000 ops (1000 samples) ---
Throughput = 8264.463 operations/sec (Maximum observed: 8928.571 ops/sec)
Total latency = 3.6079774661161005E7 (+/- 0) us 
Consensus latency = 6422.9984380000005 (+/- 1198) us 
Pre-consensus latency = 0.0 (+/- 0) us 
Pos-consensus latency = 3.607672999487E7 (+/- 0) us 
Propose latency = 3762.4549700000002 (+/- 1105) us 
Write latency = 960.444921 (+/- 185) us 
Accept latency = 1700.098547 (+/- 432) us 
Batch average size = NaN (+/- 0) requests
LCMessage ByteCount = 2587:13
StandardSMMessage ByteCount = 10398:19
TOMMessage ByteCount = 138272801:182898
ConsensusMessage ByteCount = 2635764:12963
--- Measurements after 324000 ops (1000 samples) ---
Throughput = 8130.0815 operations/sec (Maximum observed: 8928.571 ops/sec)
Total latency = 3.6157856608774E7 (+/- 0) us 
Consensus latency = 5286.663318 (+/- 725) us 
Pre-consensus latency = 0.0 (+/- 0) us 
Pos-consensus latency = 3.6155013243458E7 (+/- 0) us 
Propose latency = 2730.571926 (+/- 633) us 
Write latency = 956.8845570000001 (+/- 141) us 
Accept latency = 1599.206835 (+/- 190) us 
Batch average size = NaN (+/- 0) requests
LCMessage ByteCount = 2587:13
StandardSMMessage ByteCount = 10398:19
TOMMessage ByteCount = 138272801:182898
ConsensusMessage ByteCount = 2635764:12963
--- Measurements after 325000 ops (1000 samples) ---
Throughput = 8403.361 operations/sec (Maximum observed: 8928.571 ops/sec)
Total latency = 3.6217318874945E7 (+/- 0) us 
Consensus latency = 6172.73167 (+/- 1866) us 
Pre-consensus latency = 0.0 (+/- 0) us 
Pos-consensus latency = 3.6214022323376E7 (+/- 0) us 
Propose latency = 3417.612966 (+/- 409) us 
Write latency = 1200.4453640000002 (+/- 2093) us 
Accept latency = 1554.67334 (+/- 234) us 
Batch average size = NaN (+/- 0) requests
LCMessage ByteCount = 2587:13
StandardSMMessage ByteCount = 10398:19
TOMMessage ByteCount = 138272801:182898
ConsensusMessage ByteCount = 2635764:12963
--- Measurements after 326000 ops (1000 samples) ---
Throughput = 8547.009 operations/sec (Maximum observed: 8928.571 ops/sec)
Total latency = 3.6278964915871E7 (+/- 0) us 
Consensus latency = 5905.765209 (+/- 1235) us 
Pre-consensus latency = 0.0 (+/- 0) us 
Pos-consensus latency = 3.627571297727E7 (+/- 0) us 
Propose latency = 3037.112182 (+/- 495) us 
Write latency = 1168.1262199999999 (+/- 758) us 
Accept latency = 1700.526807 (+/- 261) us 
Batch average size = NaN (+/- 0) requests
LCMessage ByteCount = 2587:13
StandardSMMessage ByteCount = 10398:19
TOMMessage ByteCount = 138272801:182898
ConsensusMessage ByteCount = 2635764:12963
--- Measurements after 327000 ops (1000 samples) ---
Throughput = 7936.508 operations/sec (Maximum observed: 8928.571 ops/sec)
Total latency = 3.6350878064313E7 (+/- 0) us 
Consensus latency = 5485.7139050000005 (+/- 1158) us 
Pre-consensus latency = 0.0 (+/- 0) us 
Pos-consensus latency = 3.6348323600417E7 (+/- 0) us 
Propose latency = 3405.9296839999997 (+/- 1270) us 
Write latency = 515.684445 (+/- 248) us 
Accept latency = 1564.099776 (+/- 216) us 
Batch average size = NaN (+/- 0) requests
LCMessage ByteCount = 2587:13
StandardSMMessage ByteCount = 10398:19
TOMMessage ByteCount = 138272801:182898
ConsensusMessage ByteCount = 2635764:12963
--- Measurements after 328000 ops (1000 samples) ---
Throughput = 8403.361 operations/sec (Maximum observed: 8928.571 ops/sec)
Total latency = 3.6415906205793E7 (+/- 0) us 
Consensus latency = 4853.278437 (+/- 448) us 
Pre-consensus latency = 0.0 (+/- 0) us 
Pos-consensus latency = 3.6413232049221E7 (+/- 0) us 
Propose latency = 2529.94148 (+/- 178) us 
Write latency = 811.8140159999999 (+/- 327) us 
Accept latency = 1511.5229410000002 (+/- 157) us 
Batch average size = NaN (+/- 0) requests
LCMessage ByteCount = 2587:13
StandardSMMessage ByteCount = 10398:19
TOMMessage ByteCount = 138272801:182898
ConsensusMessage ByteCount = 2635764:12963
--- Measurements after 329000 ops (1000 samples) ---
Throughput = 8849.558 operations/sec (Maximum observed: 8928.571 ops/sec)
Total latency = 3.6477274880051E7 (+/- 0) us 
Consensus latency = 5498.974376 (+/- 1696) us 
Pre-consensus latency = 0.0 (+/- 0) us 
Pos-consensus latency = 3.6473930887537E7 (+/- 0) us 
Propose latency = 2662.209796 (+/- 680) us 
Write latency = 595.740642 (+/- 185) us 
Accept latency = 2241.0239380000003 (+/- 1782) us 
Batch average size = NaN (+/- 0) requests
LCMessage ByteCount = 2587:13
StandardSMMessage ByteCount = 10398:19
TOMMessage ByteCount = 138272801:182898
ConsensusMessage ByteCount = 2635764:12963
--- Measurements after 330000 ops (1000 samples) ---
Throughput = 7633.588 operations/sec (Maximum observed: 8928.571 ops/sec)
Total latency = 3.6544878378518E7 (+/- 0) us 
Consensus latency = 4890.565858 (+/- 538) us 
Pre-consensus latency = 0.0 (+/- 0) us 
Pos-consensus latency = 3.6542590593944E7 (+/- 0) us 
Propose latency = 2998.567285 (+/- 497) us 
Write latency = 339.812189 (+/- 235) us 
Accept latency = 1552.186384 (+/- 215) us 
Batch average size = NaN (+/- 0) requests
LCMessage ByteCount = 2587:13
StandardSMMessage ByteCount = 10398:19
TOMMessage ByteCount = 138272801:182898
ConsensusMessage ByteCount = 2635764:12963
--- Measurements after 331000 ops (1000 samples) ---
Throughput = 8547.009 operations/sec (Maximum observed: 8928.571 ops/sec)
Total latency = 3.6610688577566005E7 (+/- 0) us 
Consensus latency = 5328.133682 (+/- 972) us 
Pre-consensus latency = 0.0 (+/- 0) us 
Pos-consensus latency = 3.6608129084398E7 (+/- 0) us 
Propose latency = 3226.203822 (+/- 1132) us 
Write latency = 485.54959 (+/- 475) us 
Accept latency = 1616.38027 (+/- 186) us 
Batch average size = NaN (+/- 0) requests
LCMessage ByteCount = 2587:13
StandardSMMessage ByteCount = 10398:19
TOMMessage ByteCount = 138272801:182898
ConsensusMessage ByteCount = 2635764:12963
--- Measurements after 332000 ops (1000 samples) ---
Throughput = 8928.571 operations/sec (Maximum observed: 8928.571 ops/sec)
Total latency = 3.6672121350919E7 (+/- 0) us 
Consensus latency = 4429.241846 (+/- 272) us 
Pre-consensus latency = 0.0 (+/- 0) us 
Pos-consensus latency = 3.6669753323700994E7 (+/- 0) us 
Propose latency = 2360.747888 (+/- 252) us 
Write latency = 633.685745 (+/- 180) us 
Accept latency = 1434.808213 (+/- 191) us 
Batch average size = NaN (+/- 0) requests
LCMessage ByteCount = 2587:13
StandardSMMessage ByteCount = 10398:19
TOMMessage ByteCount = 138272801:182898
ConsensusMessage ByteCount = 2635764:12963
--- Measurements after 333000 ops (1000 samples) ---
Throughput = 7692.3076 operations/sec (Maximum observed: 8928.571 ops/sec)
Total latency = 3.6738507972152E7 (+/- 0) us 
Consensus latency = 4843.414478 (+/- 270) us 
Pre-consensus latency = 0.0 (+/- 0) us 
Pos-consensus latency = 3.6735924062515E7 (+/- 0) us 
Propose latency = 2563.8510159999996 (+/- 172) us 
Write latency = 736.029861 (+/- 233) us 
Accept latency = 1543.533601 (+/- 86) us 
Batch average size = NaN (+/- 0) requests
LCMessage ByteCount = 2587:13
StandardSMMessage ByteCount = 10398:19
TOMMessage ByteCount = 138272801:182898
ConsensusMessage ByteCount = 2635764:12963
--- Measurements after 334000 ops (1000 samples) ---
Throughput = 8474.576 operations/sec (Maximum observed: 8928.571 ops/sec)
Total latency = 3.6800390031829E7 (+/- 0) us 
Consensus latency = 6673.4612 (+/- 3309) us 
Pre-consensus latency = 0.0 (+/- 0) us 
Pos-consensus latency = 3.679740404714E7 (+/- 0) us 
Propose latency = 4568.428565 (+/- 3452) us 
Write latency = 587.328478 (+/- 245) us 
Accept latency = 1517.704157 (+/- 121) us 
Batch average size = NaN (+/- 0) requests
LCMessage ByteCount = 2587:13
StandardSMMessage ByteCount = 10398:19
TOMMessage ByteCount = 138272801:182898
ConsensusMessage ByteCount = 2635764:12963
--- Measurements after 335000 ops (1000 samples) ---
Throughput = 8403.361 operations/sec (Maximum observed: 8928.571 ops/sec)
Total latency = 3.686204071527E7 (+/- 0) us 
Consensus latency = 7282.23589 (+/- 2664) us 
Pre-consensus latency = 0.0 (+/- 0) us 
Pos-consensus latency = 3.6857772284644E7 (+/- 0) us 
Propose latency = 3437.0132719999997 (+/- 1001) us 
Write latency = 2196.289824 (+/- 2490) us 
Accept latency = 1648.932794 (+/- 281) us 
Batch average size = NaN (+/- 0) requests
LCMessage ByteCount = 2587:13
StandardSMMessage ByteCount = 10398:19
TOMMessage ByteCount = 138272801:182898
ConsensusMessage ByteCount = 2635764:12963
--- Measurements after 336000 ops (1000 samples) ---
Throughput = 7692.3076 operations/sec (Maximum observed: 8928.571 ops/sec)
Total latency = 3.6928439725514E7 (+/- 0) us 
Consensus latency = 5470.445149 (+/- 1053) us 
Pre-consensus latency = 0.0 (+/- 0) us 
Pos-consensus latency = 3.6925561567712E7 (+/- 0) us 
Propose latency = 2865.213568 (+/- 843) us 
Write latency = 965.392174 (+/- 563) us 
Accept latency = 1639.839407 (+/- 162) us 
Batch average size = NaN (+/- 0) requests
LCMessage ByteCount = 2587:13
StandardSMMessage ByteCount = 10398:19
TOMMessage ByteCount = 138272801:182898
ConsensusMessage ByteCount = 2635764:12963
--- Measurements after 337000 ops (1000 samples) ---
Throughput = 8474.576 operations/sec (Maximum observed: 8928.571 ops/sec)
Total latency = 3.6995871229943E7 (+/- 0) us 
Consensus latency = 4601.235535 (+/- 277) us 
Pre-consensus latency = 0.0 (+/- 0) us 
Pos-consensus latency = 3.6993472564048E7 (+/- 0) us 
Propose latency = 2449.722676 (+/- 161) us 
Write latency = 708.4389259999999 (+/- 271) us 
Accept latency = 1443.073933 (+/- 132) us 
Batch average size = NaN (+/- 0) requests
LCMessage ByteCount = 2587:13
StandardSMMessage ByteCount = 10398:19
TOMMessage ByteCount = 138272801:182898
ConsensusMessage ByteCount = 2635764:12963
--- Measurements after 338000 ops (1000 samples) ---
Throughput = 8928.571 operations/sec (Maximum observed: 8928.571 ops/sec)
Total latency = 3.7057772593114994E7 (+/- 0) us 
Consensus latency = 4083.332713 (+/- 176) us 
Pre-consensus latency = 0.0 (+/- 0) us 
Pos-consensus latency = 3.7055769339049004E7 (+/- 0) us 
Propose latency = 2358.797767 (+/- 140) us 
Write latency = 167.477058 (+/- 116) us 
Accept latency = 1557.057888 (+/- 150) us 
Batch average size = NaN (+/- 0) requests
LCMessage ByteCount = 2587:13
StandardSMMessage ByteCount = 10398:19
TOMMessage ByteCount = 138272801:182898
ConsensusMessage ByteCount = 2635764:12963
--- Measurements after 339000 ops (1000 samples) ---
Throughput = 7751.938 operations/sec (Maximum observed: 8928.571 ops/sec)
Total latency = 3.7115597140643E7 (+/- 0) us 
Consensus latency = 5058.831491999999 (+/- 1061) us 
Pre-consensus latency = 0.0 (+/- 0) us 
Pos-consensus latency = 3.7113172730781E7 (+/- 0) us 
Propose latency = 3103.8840720000003 (+/- 930) us 
Write latency = 459.358361 (+/- 418) us 
Accept latency = 1495.589059 (+/- 226) us 
Batch average size = NaN (+/- 0) requests
LCMessage ByteCount = 2587:13
StandardSMMessage ByteCount = 10398:19
TOMMessage ByteCount = 138272801:182898
ConsensusMessage ByteCount = 2635764:12963
--- Measurements after 340000 ops (1000 samples) ---
Throughput = 8849.558 operations/sec (Maximum observed: 8928.571 ops/sec)
Total latency = 3.7186107716552004E7 (+/- 0) us 
Consensus latency = 4726.186721 (+/- 704) us 
Pre-consensus latency = 0.0 (+/- 0) us 
Pos-consensus latency = 3.7183580227452E7 (+/- 0) us 
Propose latency = 2498.2549929999996 (+/- 488) us 
Write latency = 790.370362 (+/- 351) us 
Accept latency = 1437.561366 (+/- 168) us 
Batch average size = NaN (+/- 0) requests
LCMessage ByteCount = 2587:13
StandardSMMessage ByteCount = 10398:19
TOMMessage ByteCount = 138272801:182898
ConsensusMessage ByteCount = 2635764:12963
--- Measurements after 341000 ops (1000 samples) ---
Throughput = 8547.009 operations/sec (Maximum observed: 8928.571 ops/sec)
Total latency = 3.7247261067673E7 (+/- 0) us 
Consensus latency = 4055.1055690000003 (+/- 224) us 
Pre-consensus latency = 0.0 (+/- 0) us 
Pos-consensus latency = 3.7245198534729E7 (+/- 0) us 
Propose latency = 2303.636203 (+/- 140) us 
Write latency = 610.683632 (+/- 223) us 
Accept latency = 1140.785734 (+/- 188) us 
Batch average size = NaN (+/- 0) requests
LCMessage ByteCount = 2587:13
StandardSMMessage ByteCount = 10398:19
TOMMessage ByteCount = 138272801:182898
ConsensusMessage ByteCount = 2635764:12963
--- Measurements after 342000 ops (1000 samples) ---
Throughput = 7936.508 operations/sec (Maximum observed: 8928.571 ops/sec)
Total latency = 3.7306466735724E7 (+/- 0) us 
Consensus latency = 3991.7091880000003 (+/- 271) us 
Pre-consensus latency = 0.0 (+/- 0) us 
Pos-consensus latency = 3.730447596812E7 (+/- 0) us 
Propose latency = 2304.25461 (+/- 218) us 
Write latency = 652.4785439999999 (+/- 264) us 
Accept latency = 1034.976034 (+/- 255) us 
Batch average size = NaN (+/- 0) requests
LCMessage ByteCount = 2587:13
StandardSMMessage ByteCount = 10398:19
TOMMessage ByteCount = 138272801:182898
ConsensusMessage ByteCount = 2635764:12963
--- Measurements after 343000 ops (1000 samples) ---
Throughput = 8695.652 operations/sec (Maximum observed: 8928.571 ops/sec)
Total latency = 3.7373635038488E7 (+/- 0) us 
Consensus latency = 5757.485488 (+/- 1320) us 
Pre-consensus latency = 0.0 (+/- 0) us 
Pos-consensus latency = 3.7370797847343005E7 (+/- 0) us 
Propose latency = 3338.211926 (+/- 1299) us 
Write latency = 877.754642 (+/- 542) us 
Accept latency = 1541.51892 (+/- 196) us 
Batch average size = NaN (+/- 0) requests
LCMessage ByteCount = 2587:13
StandardSMMessage ByteCount = 10398:19
TOMMessage ByteCount = 138272801:182898
ConsensusMessage ByteCount = 2635764:12963
--- Measurements after 344000 ops (1000 samples) ---
Throughput = 8474.576 operations/sec (Maximum observed: 8928.571 ops/sec)
Total latency = 3.7435056174249E7 (+/- 0) us 
Consensus latency = 6401.625 (+/- 1217) us 
Pre-consensus latency = 0.0 (+/- 0) us 
Pos-consensus latency = 3.74314153525E7 (+/- 0) us 
Propose latency = 3370.2815929999997 (+/- 797) us 
Write latency = 886.546478 (+/- 579) us 
Accept latency = 2144.796929 (+/- 1257) us 
Batch average size = NaN (+/- 0) requests
LCMessage ByteCount = 2587:13
StandardSMMessage ByteCount = 10398:19
TOMMessage ByteCount = 138272801:182898
ConsensusMessage ByteCount = 2635764:12963
--- Measurements after 345000 ops (1000 samples) ---
Throughput = 8333.333 operations/sec (Maximum observed: 8928.571 ops/sec)
Total latency = 3.7495234112101994E7 (+/- 0) us 
Consensus latency = 5105.879666 (+/- 225) us 
Pre-consensus latency = 0.0 (+/- 0) us 
Pos-consensus latency = 3.7492364596593E7 (+/- 0) us 
Propose latency = 2482.83257 (+/- 168) us 
Write latency = 993.733853 (+/- 229) us 
Accept latency = 1629.313243 (+/- 197) us 
Batch average size = NaN (+/- 0) requests
LCMessage ByteCount = 2587:13
StandardSMMessage ByteCount = 10398:19
TOMMessage ByteCount = 138272801:182898
ConsensusMessage ByteCount = 2635764:12963
--- Measurements after 346000 ops (1000 samples) ---
Throughput = 8196.722 operations/sec (Maximum observed: 8928.571 ops/sec)
Total latency = 3.7567399865037E7 (+/- 0) us 
Consensus latency = 4658.859696 (+/- 274) us 
Pre-consensus latency = 0.0 (+/- 0) us 
Pos-consensus latency = 3.7564884120402E7 (+/- 0) us 
Propose latency = 2426.844532 (+/- 158) us 
Write latency = 683.7410309999999 (+/- 378) us 
Accept latency = 1548.274133 (+/- 258) us 
Batch average size = NaN (+/- 0) requests
LCMessage ByteCount = 2587:13
StandardSMMessage ByteCount = 10398:19
TOMMessage ByteCount = 138272801:182898
ConsensusMessage ByteCount = 2635764:12963
--- Measurements after 347000 ops (1000 samples) ---
Throughput = 8547.009 operations/sec (Maximum observed: 8928.571 ops/sec)
Total latency = 3.7627202778129E7 (+/- 0) us 
Consensus latency = 5529.016221 (+/- 1207) us 
Pre-consensus latency = 0.0 (+/- 0) us 
Pos-consensus latency = 3.76243193838E7 (+/- 0) us 
Propose latency = 3005.887999 (+/- 947) us 
Write latency = 881.4588190000001 (+/- 379) us 
Accept latency = 1641.6694029999999 (+/- 235) us 
Batch average size = NaN (+/- 0) requests
LCMessage ByteCount = 2587:13
StandardSMMessage ByteCount = 10398:19
TOMMessage ByteCount = 138272801:182898
ConsensusMessage ByteCount = 2635764:12963
--- Measurements after 348000 ops (1000 samples) ---
Throughput = 8474.576 operations/sec (Maximum observed: 8928.571 ops/sec)
Total latency = 3.7685396504996E7 (+/- 0) us 
Consensus latency = 5755.191725 (+/- 615) us 
Pre-consensus latency = 0.0 (+/- 0) us 
Pos-consensus latency = 3.7682518666879E7 (+/- 0) us 
Propose latency = 3194.7569249999997 (+/- 651) us 
Write latency = 1059.073378 (+/- 196) us 
Accept latency = 1501.361422 (+/- 255) us 
Batch average size = NaN (+/- 0) requests
LCMessage ByteCount = 2587:13
StandardSMMessage ByteCount = 10398:19
TOMMessage ByteCount = 138272801:182898
ConsensusMessage ByteCount = 2635764:12963
--- Measurements after 349000 ops (1000 samples) ---
Throughput = 7936.508 operations/sec (Maximum observed: 8928.571 ops/sec)
Total latency = 3.775929160564601E7 (+/- 0) us 
Consensus latency = 5126.729707 (+/- 684) us 
Pre-consensus latency = 0.0 (+/- 0) us 
Pos-consensus latency = 3.7756508818499E7 (+/- 0) us 
Propose latency = 2873.945577 (+/- 697) us 
Write latency = 639.743687 (+/- 437) us 
Accept latency = 1613.0404429999999 (+/- 203) us 
Batch average size = NaN (+/- 0) requests
LCMessage ByteCount = 2587:13
StandardSMMessage ByteCount = 10398:19
TOMMessage ByteCount = 138272801:182898
ConsensusMessage ByteCount = 2635764:12963
--- Measurements after 350000 ops (1000 samples) ---
Throughput = 8403.361 operations/sec (Maximum observed: 8928.571 ops/sec)
Total latency = 3.7824543182698E7 (+/- 0) us 
Consensus latency = 4791.0646480000005 (+/- 346) us 
Pre-consensus latency = 0.0 (+/- 0) us 
Pos-consensus latency = 3.7821910458787E7 (+/- 0) us 
Propose latency = 2436.1567400000004 (+/- 182) us 
Write latency = 834.2280870000001 (+/- 86) us 
Accept latency = 1520.679821 (+/- 239) us 
Batch average size = NaN (+/- 0) requests
LCMessage ByteCount = 2587:13
StandardSMMessage ByteCount = 10398:19
TOMMessage ByteCount = 138272801:182898
ConsensusMessage ByteCount = 2635764:12963
--- Measurements after 351000 ops (1000 samples) ---
Throughput = 8695.652 operations/sec (Maximum observed: 8928.571 ops/sec)
Total latency = 3.7884147341561995E7 (+/- 0) us 
Consensus latency = 5155.2209060000005 (+/- 590) us 
Pre-consensus latency = 0.0 (+/- 0) us 
Pos-consensus latency = 3.7881431698917E7 (+/- 0) us 
Propose latency = 2715.162017 (+/- 521) us 
Write latency = 727.690596 (+/- 261) us 
Accept latency = 1712.368293 (+/- 487) us 
Batch average size = NaN (+/- 0) requests
LCMessage ByteCount = 2587:13
StandardSMMessage ByteCount = 10398:19
TOMMessage ByteCount = 138272801:182898
ConsensusMessage ByteCount = 2635764:12963
--- Measurements after 352000 ops (1000 samples) ---
Throughput = 7633.588 operations/sec (Maximum observed: 8928.571 ops/sec)
Total latency = 3.7952902967837E7 (+/- 0) us 
Consensus latency = 6405.196355 (+/- 3210) us 
Pre-consensus latency = 0.0 (+/- 0) us 
Pos-consensus latency = 3.7949130687764E7 (+/- 0) us 
Propose latency = 2971.851249 (+/- 562) us 
Write latency = 1684.064732 (+/- 2930) us 
Accept latency = 1749.2803740000002 (+/- 483) us 
Batch average size = NaN (+/- 0) requests
LCMessage ByteCount = 2587:13
StandardSMMessage ByteCount = 10398:19
TOMMessage ByteCount = 138272801:182898
ConsensusMessage ByteCount = 2635764:12963
--- Measurements after 353000 ops (1000 samples) ---
Throughput = 8547.009 operations/sec (Maximum observed: 8928.571 ops/sec)
Total latency = 3.8013797041001E7 (+/- 0) us 
Consensus latency = 5511.470135 (+/- 632) us 
Pre-consensus latency = 0.0 (+/- 0) us 
Pos-consensus latency = 3.8011302475039E7 (+/- 0) us 
Propose latency = 3415.424645 (+/- 264) us 
Write latency = 439.928961 (+/- 557) us 
Accept latency = 1656.1165290000001 (+/- 266) us 
Batch average size = NaN (+/- 0) requests
LCMessage ByteCount = 2587:13
StandardSMMessage ByteCount = 10398:19
TOMMessage ByteCount = 138272801:182898
ConsensusMessage ByteCount = 2635764:12963
--- Measurements after 354000 ops (1000 samples) ---
Throughput = 8849.558 operations/sec (Maximum observed: 8928.571 ops/sec)
Total latency = 3.8076615377483E7 (+/- 0) us 
Consensus latency = 6123.548108 (+/- 1081) us 
Pre-consensus latency = 0.0 (+/- 0) us 
Pos-consensus latency = 3.807332253611E7 (+/- 0) us 
Propose latency = 3171.5681529999997 (+/- 301) us 
Write latency = 1067.2026540000002 (+/- 619) us 
Accept latency = 1884.777301 (+/- 330) us 
Batch average size = NaN (+/- 0) requests
LCMessage ByteCount = 2587:13
StandardSMMessage ByteCount = 10398:19
TOMMessage ByteCount = 138272801:182898
ConsensusMessage ByteCount = 2635764:12963
--- Measurements after 355000 ops (1000 samples) ---
Throughput = 7575.758 operations/sec (Maximum observed: 8928.571 ops/sec)
Total latency = 3.8146113767221004E7 (+/- 0) us 
Consensus latency = 5203.21942 (+/- 832) us 
Pre-consensus latency = 0.0 (+/- 0) us 
Pos-consensus latency = 3.8143621141358E7 (+/- 0) us 
Propose latency = 2991.989826 (+/- 782) us 
Write latency = 640.067929 (+/- 377) us 
Accept latency = 1571.161665 (+/- 244) us 
Batch average size = NaN (+/- 0) requests
LCMessage ByteCount = 2587:13
StandardSMMessage ByteCount = 10398:19
TOMMessage ByteCount = 138272801:182898
ConsensusMessage ByteCount = 2635764:12963
--- Measurements after 356000 ops (1000 samples) ---
Throughput = 8403.361 operations/sec (Maximum observed: 8928.571 ops/sec)
Total latency = 3.8201194897031E7 (+/- 0) us 
Consensus latency = 7700.7301560000005 (+/- 7014) us 
Pre-consensus latency = 0.0 (+/- 0) us 
Pos-consensus latency = 3.8196121662066005E7 (+/- 0) us 
Propose latency = 3115.320497 (+/- 768) us 
Write latency = 398.492126 (+/- 328) us 
Accept latency = 4186.917533 (+/- 7093) us 
Batch average size = NaN (+/- 0) requests
LCMessage ByteCount = 2587:13
StandardSMMessage ByteCount = 10398:19
TOMMessage ByteCount = 138272801:182898
ConsensusMessage ByteCount = 2635764:12963
-- Checkpoint is in position 14831
--- Measurements after 357000 ops (1000 samples) ---
Throughput = 521.64844 operations/sec (Maximum observed: 8928.571 ops/sec)
Total latency = 3.958137131333E7 (+/- 0) us 
Consensus latency = 14114.235870999999 (+/- 12489) us 
Pre-consensus latency = 0.0 (+/- 0) us 
Pos-consensus latency = 3.9569448604463995E7 (+/- 0) us 
Propose latency = 11973.860683 (+/- 12214) us 
Write latency = 394.329008 (+/- 385) us 
Accept latency = 1746.0461799999998 (+/- 1559) us 
Batch average size = 14832.0 (+/- 0) requests
LCMessage ByteCount = 2587:13
StandardSMMessage ByteCount = 10398:19
TOMMessage ByteCount = 281915864:677094
ConsensusMessage ByteCount = 2635764:12963
--- Measurements after 358000 ops (1000 samples) ---
Throughput = 4444.4443 operations/sec (Maximum observed: 8928.571 ops/sec)
Total latency = 4.0073271984019995E7 (+/- 0) us 
Consensus latency = 5511.000639000001 (+/- 1705) us 
Pre-consensus latency = 0.0 (+/- 0) us 
Pos-consensus latency = 4.0071419419083E7 (+/- 0) us 
Propose latency = 4206.1312769999995 (+/- 1482) us 
Write latency = 192.866959 (+/- 174) us 
Accept latency = 1112.002403 (+/- 336) us 
Batch average size = NaN (+/- 0) requests
LCMessage ByteCount = 2587:13
StandardSMMessage ByteCount = 10398:19
TOMMessage ByteCount = 284363092:679082
ConsensusMessage ByteCount = 2635764:12963
--- Measurements after 359000 ops (1000 samples) ---
Throughput = 4587.156 operations/sec (Maximum observed: 8928.571 ops/sec)
Total latency = 4.0266923878275E7 (+/- 0) us 
Consensus latency = 3088.7411690000004 (+/- 378) us 
Pre-consensus latency = 0.0 (+/- 0) us 
Pos-consensus latency = 4.0265330049977E7 (+/- 0) us 
Propose latency = 1707.708551 (+/- 361) us 
Write latency = 62.72063 (+/- 22) us 
Accept latency = 1318.311988 (+/- 280) us 
Batch average size = NaN (+/- 0) requests
LCMessage ByteCount = 2587:13
StandardSMMessage ByteCount = 10398:19
TOMMessage ByteCount = 286506263:680823
ConsensusMessage ByteCount = 2635764:12963
--- Measurements after 360000 ops (1000 samples) ---
Throughput = 4784.689 operations/sec (Maximum observed: 8928.571 ops/sec)
Total latency = 4.0458029970128E7 (+/- 0) us 
Consensus latency = 1866.634216 (+/- 224) us 
Pre-consensus latency = 0.0 (+/- 0) us 
Pos-consensus latency = 4.0456971959156E7 (+/- 0) us 
Propose latency = 959.996951 (+/- 208) us 
Write latency = 48.423567999999996 (+/- 22) us 
Accept latency = 858.213697 (+/- 65) us 
Batch average size = NaN (+/- 0) requests
LCMessage ByteCount = 2587:13
StandardSMMessage ByteCount = 10398:19
TOMMessage ByteCount = 288500483:682443
ConsensusMessage ByteCount = 2635764:12963
--- Measurements after 361000 ops (1000 samples) ---
Throughput = 4484.305 operations/sec (Maximum observed: 8928.571 ops/sec)
Total latency = 4.0644943680524E7 (+/- 0) us 
Consensus latency = 3770.84011 (+/- 1315) us 
Pre-consensus latency = 0.0 (+/- 0) us 
Pos-consensus latency = 4.0642159255694E7 (+/- 0) us 
Propose latency = 1159.12048 (+/- 233) us 
Write latency = 1352.4729069999999 (+/- 898) us 
Accept latency = 1259.246723 (+/- 359) us 
Batch average size = NaN (+/- 0) requests
LCMessage ByteCount = 2587:13
StandardSMMessage ByteCount = 10398:19
TOMMessage ByteCount = 290340828:683938
ConsensusMessage ByteCount = 2635764:12963
--- Measurements after 362000 ops (1000 samples) ---
Throughput = 4761.905 operations/sec (Maximum observed: 8928.571 ops/sec)
Total latency = 4.0805176969715E7 (+/- 0) us 
Consensus latency = 4770.111439 (+/- 2142) us 
Pre-consensus latency = 0.0 (+/- 0) us 
Pos-consensus latency = 4.0801550372103E7 (+/- 0) us 
Propose latency = 1688.435432 (+/- 956) us 
Write latency = 1765.182902 (+/- 2532) us 
Accept latency = 1316.493105 (+/- 454) us 
Batch average size = NaN (+/- 0) requests
LCMessage ByteCount = 2587:13
StandardSMMessage ByteCount = 10398:19
TOMMessage ByteCount = 292086386:685356
ConsensusMessage ByteCount = 2635764:12963
--- Measurements after 363000 ops (1000 samples) ---
Throughput = 4291.8457 operations/sec (Maximum observed: 8928.571 ops/sec)
Total latency = 4.0960151150479E7 (+/- 0) us 
Consensus latency = 4978.114724 (+/- 629) us 
Pre-consensus latency = 0.0 (+/- 0) us 
Pos-consensus latency = 4.0957683519362E7 (+/- 0) us 
Propose latency = 2755.2887370000003 (+/- 565) us 
Write latency = 493.077082 (+/- 225) us 
Accept latency = 1729.748905 (+/- 138) us 
Batch average size = NaN (+/- 0) requests
LCMessage ByteCount = 2587:13
StandardSMMessage ByteCount = 10398:19
TOMMessage ByteCount = 293696534:686664
ConsensusMessage ByteCount = 2635764:12963
--- Measurements after 364000 ops (1000 samples) ---
Throughput = 6060.606 operations/sec (Maximum observed: 8928.571 ops/sec)
Total latency = 4.1119941503776E7 (+/- 0) us 
Consensus latency = 4595.754501 (+/- 258) us 
Pre-consensus latency = 0.0 (+/- 0) us 
Pos-consensus latency = 4.1117327918987E7 (+/- 0) us 
Propose latency = 2267.426598 (+/- 129) us 
Write latency = 766.213964 (+/- 194) us 
Accept latency = 1562.113939 (+/- 180) us 
Batch average size = NaN (+/- 0) requests
LCMessage ByteCount = 2587:13
StandardSMMessage ByteCount = 10398:19
TOMMessage ByteCount = 294870908:687618
ConsensusMessage ByteCount = 2635764:12963
--- Measurements after 365000 ops (1000 samples) ---
Throughput = 6622.5166 operations/sec (Maximum observed: 8928.571 ops/sec)
Total latency = 4.1214308083473995E7 (+/- 0) us 
Consensus latency = 4895.200622 (+/- 827) us 
Pre-consensus latency = 0.0 (+/- 0) us 
Pos-consensus latency = 4.1211487606741995E7 (+/- 0) us 
Propose latency = 2643.819598 (+/- 858) us 
Write latency = 589.719767 (+/- 319) us 
Accept latency = 1661.661257 (+/- 175) us 
Batch average size = NaN (+/- 0) requests
LCMessage ByteCount = 2587:13
StandardSMMessage ByteCount = 10398:19
TOMMessage ByteCount = 295941878:688488
ConsensusMessage ByteCount = 2635764:12963
--- Measurements after 366000 ops (1000 samples) ---
Throughput = 6097.561 operations/sec (Maximum observed: 8928.571 ops/sec)
Total latency = 4.1320867151833996E7 (+/- 0) us 
Consensus latency = 4537.293846 (+/- 464) us 
Pre-consensus latency = 0.0 (+/- 0) us 
Pos-consensus latency = 4.1318570183129E7 (+/- 0) us 
Propose latency = 2558.762381 (+/- 453) us 
Write latency = 351.337916 (+/- 299) us 
Accept latency = 1627.193549 (+/- 164) us 
Batch average size = NaN (+/- 0) requests
LCMessage ByteCount = 2587:13
StandardSMMessage ByteCount = 10398:19
TOMMessage ByteCount = 296934064:689294
ConsensusMessage ByteCount = 2635764:12963
--- Measurements after 367000 ops (1000 samples) ---
Throughput = 6666.6665 operations/sec (Maximum observed: 8928.571 ops/sec)
Total latency = 4.141402771747E7 (+/- 0) us 
Consensus latency = 6347.73939 (+/- 817) us 
Pre-consensus latency = 0.0 (+/- 0) us 
Pos-consensus latency = 4.1411344896611996E7 (+/- 0) us 
Propose latency = 4144.370737 (+/- 1034) us 
Write latency = 655.841713 (+/- 182) us 
Accept latency = 1547.52694 (+/- 155) us 
Batch average size = NaN (+/- 0) requests
LCMessage ByteCount = 2587:13
StandardSMMessage ByteCount = 10398:19
TOMMessage ByteCount = 297907785:690085
ConsensusMessage ByteCount = 2635764:12963
--- Measurements after 368000 ops (1000 samples) ---
Throughput = 6060.606 operations/sec (Maximum observed: 8928.571 ops/sec)
Total latency = 4.1520408549631E7 (+/- 0) us 
Consensus latency = 4781.374302 (+/- 300) us 
Pre-consensus latency = 0.0 (+/- 0) us 
Pos-consensus latency = 4.1517862044319004E7 (+/- 0) us 
Propose latency = 2532.3391469999997 (+/- 109) us 
Write latency = 585.100743 (+/- 268) us 
Accept latency = 1663.934412 (+/- 105) us 
Batch average size = NaN (+/- 0) requests
LCMessage ByteCount = 2587:13
StandardSMMessage ByteCount = 10398:19
TOMMessage ByteCount = 299514240:691390
ConsensusMessage ByteCount = 2635764:12963
--- Measurements after 369000 ops (1000 samples) ---
Throughput = 3389.8306 operations/sec (Maximum observed: 8928.571 ops/sec)
Total latency = 4.1704737534393996E7 (+/- 0) us 
Consensus latency = 5752.718306 (+/- 1551) us 
Pre-consensus latency = 0.0 (+/- 0) us 
Pos-consensus latency = 4.1701494916022E7 (+/- 0) us 
Propose latency = 2872.584344 (+/- 366) us 
Write latency = 414.090281 (+/- 229) us 
Accept latency = 2466.0436809999997 (+/- 1547) us 
Batch average size = NaN (+/- 0) requests
LCMessage ByteCount = 2587:13
StandardSMMessage ByteCount = 10398:19
TOMMessage ByteCount = 303478060:694610
ConsensusMessage ByteCount = 2635764:12963
--- Measurements after 370000 ops (1000 samples) ---
Throughput = 3367.0034 operations/sec (Maximum observed: 8928.571 ops/sec)
Total latency = 4.1920762853134006E7 (+/- 0) us 
Consensus latency = 7014.082974999999 (+/- 5786) us 
Pre-consensus latency = 0.0 (+/- 0) us 
Pos-consensus latency = 4.1918002773174E7 (+/- 0) us 
Propose latency = 5098.299363 (+/- 5652) us 
Write latency = 182.418407 (+/- 140) us 
Accept latency = 1733.365205 (+/- 292) us 
Batch average size = NaN (+/- 0) requests
LCMessage ByteCount = 2587:13
StandardSMMessage ByteCount = 10398:19
TOMMessage ByteCount = 306855924:697354
ConsensusMessage ByteCount = 2635764:12963
--- Measurements after 371000 ops (1000 samples) ---
Throughput = 3717.4722 operations/sec (Maximum observed: 8928.571 ops/sec)
Total latency = 4.2148985391603E7 (+/- 0) us 
Consensus latency = 5048.620757000001 (+/- 510) us 
Pre-consensus latency = 0.0 (+/- 0) us 
Pos-consensus latency = 4.2146371288306996E7 (+/- 0) us 
Propose latency = 2677.441063 (+/- 87) us 
Write latency = 803.5325250000001 (+/- 324) us 
Accept latency = 1567.647169 (+/- 326) us 
Batch average size = NaN (+/- 0) requests
LCMessage ByteCount = 2587:13
StandardSMMessage ByteCount = 10398:19
TOMMessage ByteCount = 309532118:699528
ConsensusMessage ByteCount = 2635764:12963
-- Performing checkpoint for consensus 3071
--- Measurements after 372000 ops (1000 samples) ---
Throughput = 3436.426 operations/sec (Maximum observed: 8928.571 ops/sec)
Total latency = 4.2426643812965E7 (+/- 0) us 
Consensus latency = 4478.613601 (+/- 481) us 
Pre-consensus latency = 0.0 (+/- 0) us 
Pos-consensus latency = 4.2424203728592E7 (+/- 0) us 
Propose latency = 2335.264168 (+/- 288) us 
Write latency = 629.122008 (+/- 195) us 
Accept latency = 1514.227425 (+/- 220) us 
Batch average size = 128950.0 (+/- 0) requests
LCMessage ByteCount = 2587:13
StandardSMMessage ByteCount = 10398:19
TOMMessage ByteCount = 312122142:701632
ConsensusMessage ByteCount = 2635764:12963
--- Measurements after 373000 ops (1000 samples) ---
Throughput = 4464.2856 operations/sec (Maximum observed: 8928.571 ops/sec)
Total latency = 4.2592852901907995E7 (+/- 0) us 
Consensus latency = 4555.106248 (+/- 549) us 
Pre-consensus latency = 0.0 (+/- 0) us 
Pos-consensus latency = 4.2590356383579E7 (+/- 0) us 
Propose latency = 2476.7297590000003 (+/- 589) us 
Write latency = 484.066785 (+/- 339) us 
Accept latency = 1594.309704 (+/- 131) us 
Batch average size = NaN (+/- 0) requests
LCMessage ByteCount = 2587:13
StandardSMMessage ByteCount = 10398:19
TOMMessage ByteCount = 314027730:703180
ConsensusMessage ByteCount = 2635764:12963
--- Measurements after 374000 ops (1000 samples) ---
Throughput = 4405.286 operations/sec (Maximum observed: 8928.571 ops/sec)
Total latency = 4.2764555202857E7 (+/- 0) us 
Consensus latency = 4679.945746 (+/- 312) us 
Pre-consensus latency = 0.0 (+/- 0) us 
Pos-consensus latency = 4.2762001741973E7 (+/- 0) us 
Propose latency = 2439.383953 (+/- 126) us 
Write latency = 656.590863 (+/- 271) us 
Accept latency = 1583.97093 (+/- 114) us 
Batch average size = NaN (+/- 0) requests
LCMessage ByteCount = 2587:13
StandardSMMessage ByteCount = 10398:19
TOMMessage ByteCount = 315842224:704654
ConsensusMessage ByteCount = 2635764:12963
--- Measurements after 375000 ops (1000 samples) ---
Throughput = 3558.7188 operations/sec (Maximum observed: 8928.571 ops/sec)
Total latency = 4.2957762527600996E7 (+/- 0) us 
Consensus latency = 5139.986536 (+/- 999) us 
Pre-consensus latency = 0.0 (+/- 0) us 
Pos-consensus latency = 4.2955131184146E7 (+/- 0) us 
Propose latency = 2839.414475 (+/- 1021) us 
Write latency = 700.334855 (+/- 137) us 
Accept latency = 1600.237206 (+/- 145) us 
Batch average size = NaN (+/- 0) requests
LCMessage ByteCount = 2587:13
StandardSMMessage ByteCount = 10398:19
TOMMessage ByteCount = 317696110:706160
ConsensusMessage ByteCount = 2635764:12963
--- Measurements after 376000 ops (1000 samples) ---
Throughput = 4629.6294 operations/sec (Maximum observed: 8928.571 ops/sec)
Total latency = 4.3157788033158E7 (+/- 0) us 
Consensus latency = 6574.851899 (+/- 1598) us 
Pre-consensus latency = 0.0 (+/- 0) us 
Pos-consensus latency = 4.3154582228008E7 (+/- 0) us 
Propose latency = 3714.846872 (+/- 1255) us 
Write latency = 1271.790143 (+/- 1063) us 
Accept latency = 1588.214884 (+/- 125) us 
Batch average size = NaN (+/- 0) requests
LCMessage ByteCount = 2587:13
StandardSMMessage ByteCount = 10398:19
TOMMessage ByteCount = 319092064:707294
ConsensusMessage ByteCount = 2635764:12963
--- Measurements after 377000 ops (1000 samples) ---
Throughput = 5000.0 operations/sec (Maximum observed: 8928.571 ops/sec)
Total latency = 4.3302139441809E7 (+/- 0) us 
Consensus latency = 4547.359838 (+/- 769) us 
Pre-consensus latency = 0.0 (+/- 0) us 
Pos-consensus latency = 4.3299603556324E7 (+/- 0) us 
Propose latency = 2591.997019 (+/- 801) us 
Write latency = 417.946543 (+/- 258) us 
Accept latency = 1537.4162760000002 (+/- 173) us 
Batch average size = NaN (+/- 0) requests
LCMessage ByteCount = 2587:13
StandardSMMessage ByteCount = 10398:19
TOMMessage ByteCount = 320404310:708360
ConsensusMessage ByteCount = 2635764:12963
--- Measurements after 378000 ops (1000 samples) ---
Throughput = 5555.5557 operations/sec (Maximum observed: 8928.571 ops/sec)
Total latency = 4.3440978210462995E7 (+/- 0) us 
Consensus latency = 4300.683521 (+/- 405) us 
Pre-consensus latency = 0.0 (+/- 0) us 
Pos-consensus latency = 4.3438740385995E7 (+/- 0) us 
Propose latency = 2330.9265010000004 (+/- 234) us 
Write latency = 445.166627 (+/- 270) us 
Accept latency = 1524.590393 (+/- 204) us 
Batch average size = NaN (+/- 0) requests
LCMessage ByteCount = 2587:13
StandardSMMessage ByteCount = 10398:19
TOMMessage ByteCount = 321096132:708922
ConsensusMessage ByteCount = 2635764:12963
--- Measurements after 379000 ops (1000 samples) ---
Throughput = 5882.353 operations/sec (Maximum observed: 8928.571 ops/sec)
Total latency = 4.355866727141E7 (+/- 0) us 
Consensus latency = 4358.369304 (+/- 158) us 
Pre-consensus latency = 0.0 (+/- 0) us 
Pos-consensus latency = 4.355637966749299E7 (+/- 0) us 
Propose latency = 2322.6299870000003 (+/- 118) us 
Write latency = 576.434657 (+/- 142) us 
Accept latency = 1459.30466 (+/- 160) us 
Batch average size = NaN (+/- 0) requests
LCMessage ByteCount = 2587:13
StandardSMMessage ByteCount = 10398:19
TOMMessage ByteCount = 321103518:708928
ConsensusMessage ByteCount = 2635764:12963
--- Measurements after 380000 ops (1000 samples) ---
Throughput = 6535.9478 operations/sec (Maximum observed: 8928.571 ops/sec)
Total latency = 4.366244904757E7 (+/- 0) us 
Consensus latency = 4481.063617 (+/- 209) us 
Pre-consensus latency = 0.0 (+/- 0) us 
Pos-consensus latency = 4.3660093717629E7 (+/- 0) us 
Propose latency = 2376.168718 (+/- 159) us 
Write latency = 609.271858 (+/- 230) us 
Accept latency = 1495.623041 (+/- 186) us 
Batch average size = NaN (+/- 0) requests
LCMessage ByteCount = 2587:13
StandardSMMessage ByteCount = 10398:19
TOMMessage ByteCount = 321104749:708929
ConsensusMessage ByteCount = 2635764:12963
--- Measurements after 381000 ops (1000 samples) ---
Throughput = 5405.4053 operations/sec (Maximum observed: 8928.571 ops/sec)
Total latency = 4.377069405535E7 (+/- 0) us 
Consensus latency = 4868.5488669999995 (+/- 263) us 
Pre-consensus latency = 0.0 (+/- 0) us 
Pos-consensus latency = 4.3768040399058E7 (+/- 0) us 
Propose latency = 2495.574249 (+/- 134) us 
Write latency = 707.742992 (+/- 158) us 
Accept latency = 1665.231626 (+/- 220) us 
Batch average size = NaN (+/- 0) requests
LCMessage ByteCount = 2587:13
StandardSMMessage ByteCount = 10398:19
TOMMessage ByteCount = 321114597:708937
ConsensusMessage ByteCount = 2635764:12963
--- Measurements after 382000 ops (1000 samples) ---
Throughput = 5747.1265 operations/sec (Maximum observed: 8928.571 ops/sec)
Total latency = 4.3900613543925E7 (+/- 0) us 
Consensus latency = 5349.595508 (+/- 1968) us 
Pre-consensus latency = 0.0 (+/- 0) us 
Pos-consensus latency = 4.3897432063321E7 (+/- 0) us 
Propose latency = 2802.3315079999998 (+/- 1050) us 
Write latency = 369.915391 (+/- 255) us 
Accept latency = 2177.348609 (+/- 1696) us 
Batch average size = NaN (+/- 0) requests
LCMessage ByteCount = 2587:13
StandardSMMessage ByteCount = 10398:19
TOMMessage ByteCount = 321114597:708937
ConsensusMessage ByteCount = 2635764:12963
--- Measurements after 383000 ops (1000 samples) ---
Throughput = 6329.114 operations/sec (Maximum observed: 8928.571 ops/sec)
Total latency = 4.4008533290696E7 (+/- 0) us 
Consensus latency = 5822.983142 (+/- 1075) us 
Pre-consensus latency = 0.0 (+/- 0) us 
Pos-consensus latency = 4.4006042147425E7 (+/- 0) us 
Propose latency = 3736.960346 (+/- 1084) us 
Write latency = 461.804793 (+/- 212) us 
Accept latency = 1624.218003 (+/- 175) us 
Batch average size = NaN (+/- 0) requests
LCMessage ByteCount = 2587:13
StandardSMMessage ByteCount = 10398:19
TOMMessage ByteCount = 321114597:708937
ConsensusMessage ByteCount = 2635764:12963
--- Measurements after 384000 ops (1000 samples) ---
Throughput = 6622.5166 operations/sec (Maximum observed: 8928.571 ops/sec)
Total latency = 4.4109229741161E7 (+/- 0) us 
Consensus latency = 4600.325536 (+/- 131) us 
Pre-consensus latency = 0.0 (+/- 0) us 
Pos-consensus latency = 4.4106645688801005E7 (+/- 0) us 
Propose latency = 2232.470539 (+/- 140) us 
Write latency = 778.14315 (+/- 136) us 
Accept latency = 1589.711847 (+/- 172) us 
Batch average size = NaN (+/- 0) requests
LCMessage ByteCount = 2587:13
StandardSMMessage ByteCount = 10398:19
TOMMessage ByteCount = 321119521:708941
ConsensusMessage ByteCount = 2635764:12963
--- Measurements after 385000 ops (1000 samples) ---
Throughput = 6493.5063 operations/sec (Maximum observed: 8928.571 ops/sec)
Total latency = 4.4205289317888E7 (+/- 0) us 
Consensus latency = 4665.926104 (+/- 168) us 
Pre-consensus latency = 0.0 (+/- 0) us 
Pos-consensus latency = 4.4202772530902E7 (+/- 0) us 
Propose latency = 2420.755776 (+/- 200) us 
Write latency = 694.113517 (+/- 139) us 
Accept latency = 1551.056811 (+/- 89) us 
Batch average size = NaN (+/- 0) requests
LCMessage ByteCount = 2587:13
StandardSMMessage ByteCount = 10398:19
TOMMessage ByteCount = 321119521:708941
ConsensusMessage ByteCount = 2635764:12963
--- Measurements after 386000 ops (1000 samples) ---
Throughput = 5494.5054 operations/sec (Maximum observed: 8928.571 ops/sec)
Total latency = 4.4319813738927E7 (+/- 0) us 
Consensus latency = 4653.655136 (+/- 172) us 
Pre-consensus latency = 0.0 (+/- 0) us 
Pos-consensus latency = 4.4317209428607E7 (+/- 0) us 
Propose latency = 2347.250353 (+/- 108) us 
Write latency = 682.1748680000001 (+/- 208) us 
Accept latency = 1624.2299150000001 (+/- 182) us 
Batch average size = NaN (+/- 0) requests
LCMessage ByteCount = 2587:13
StandardSMMessage ByteCount = 10398:19
TOMMessage ByteCount = 321124445:708945
ConsensusMessage ByteCount = 2635764:12963
--- Measurements after 387000 ops (1000 samples) ---
Throughput = 7462.6865 operations/sec (Maximum observed: 8928.571 ops/sec)
Total latency = 4.4421113936866E7 (+/- 0) us 
Consensus latency = 4648.350013 (+/- 279) us 
Pre-consensus latency = 0.0 (+/- 0) us 
Pos-consensus latency = 4.4418624941906E7 (+/- 0) us 
Propose latency = 2435.892593 (+/- 85) us 
Write latency = 687.571046 (+/- 219) us 
Accept latency = 1524.8863740000002 (+/- 152) us 
Batch average size = NaN (+/- 0) requests
LCMessage ByteCount = 2587:13
StandardSMMessage ByteCount = 10398:19
TOMMessage ByteCount = 321125676:708946
ConsensusMessage ByteCount = 2635764:12963
--- Measurements after 388000 ops (1000 samples) ---
Throughput = 7092.1987 operations/sec (Maximum observed: 8928.571 ops/sec)
Total latency = 4.4497915230853E7 (+/- 0) us 
Consensus latency = 4791.042342 (+/- 1537) us 
Pre-consensus latency = 0.0 (+/- 0) us 
Pos-consensus latency = 4.4495119545411006E7 (+/- 0) us 
Propose latency = 2399.07152 (+/- 320) us 
Write latency = 423.091589 (+/- 295) us 
Accept latency = 1968.879233 (+/- 1445) us 
Batch average size = NaN (+/- 0) requests
LCMessage ByteCount = 2587:13
StandardSMMessage ByteCount = 10398:19
TOMMessage ByteCount = 321125676:708946
ConsensusMessage ByteCount = 2635764:12963
--- Measurements after 389000 ops (1000 samples) ---
Throughput = 6622.5166 operations/sec (Maximum observed: 8928.571 ops/sec)
Total latency = 4.4591567663771E7 (+/- 0) us 
Consensus latency = 4171.270836 (+/- 308) us 
Pre-consensus latency = 0.0 (+/- 0) us 
Pos-consensus latency = 4.4589352781266E7 (+/- 0) us 
Propose latency = 2217.957636 (+/- 182) us 
Write latency = 482.912083 (+/- 275) us 
Accept latency = 1470.401117 (+/- 195) us 
Batch average size = NaN (+/- 0) requests
LCMessage ByteCount = 2587:13
StandardSMMessage ByteCount = 10398:19
TOMMessage ByteCount = 321125676:708946
ConsensusMessage ByteCount = 2635764:12963
--- Measurements after 390000 ops (1000 samples) ---
Throughput = 6578.9473 operations/sec (Maximum observed: 8928.571 ops/sec)
Total latency = 4.4684481803438E7 (+/- 0) us 
Consensus latency = 5602.437226 (+/- 645) us 
Pre-consensus latency = 0.0 (+/- 0) us 
Pos-consensus latency = 4.4681828440456E7 (+/- 0) us 
Propose latency = 3292.450628 (+/- 673) us 
Write latency = 693.0327510000001 (+/- 211) us 
Accept latency = 1616.953847 (+/- 163) us 
Batch average size = NaN (+/- 0) requests
LCMessage ByteCount = 2587:13
StandardSMMessage ByteCount = 10398:19
TOMMessage ByteCount = 321125676:708946
ConsensusMessage ByteCount = 2635764:12963
--- Measurements after 391000 ops (1000 samples) ---
Throughput = 5882.353 operations/sec (Maximum observed: 8928.571 ops/sec)
Total latency = 4.479884679357801E7 (+/- 0) us 
Consensus latency = 4638.8083480000005 (+/- 251) us 
Pre-consensus latency = 0.0 (+/- 0) us 
Pos-consensus latency = 4.4796264349724E7 (+/- 0) us 
Propose latency = 2361.194796 (+/- 123) us 
Write latency = 626.286313 (+/- 265) us 
Accept latency = 1651.327239 (+/- 190) us 
Batch average size = NaN (+/- 0) requests
LCMessage ByteCount = 2587:13
StandardSMMessage ByteCount = 10398:19
TOMMessage ByteCount = 321125676:708946
ConsensusMessage ByteCount = 2635764:12963
--- Measurements after 392000 ops (1000 samples) ---
Throughput = 6535.9478 operations/sec (Maximum observed: 8928.571 ops/sec)
Total latency = 4.4898955528767E7 (+/- 0) us 
Consensus latency = 4803.120276 (+/- 237) us 
Pre-consensus latency = 0.0 (+/- 0) us 
Pos-consensus latency = 4.4896200360768E7 (+/- 0) us 
Propose latency = 2326.426723 (+/- 139) us 
Write latency = 939.357258 (+/- 136) us 
Accept latency = 1537.3362949999998 (+/- 187) us 
Batch average size = NaN (+/- 0) requests
LCMessage ByteCount = 2587:13
StandardSMMessage ByteCount = 10398:19
TOMMessage ByteCount = 321125676:708946
ConsensusMessage ByteCount = 2635764:12963
--- Measurements after 393000 ops (1000 samples) ---
Throughput = 6535.9478 operations/sec (Maximum observed: 8928.571 ops/sec)
Total latency = 4.4993558148098E7 (+/- 0) us 
Consensus latency = 5351.3501639999995 (+/- 1587) us 
Pre-consensus latency = 0.0 (+/- 0) us 
Pos-consensus latency = 4.4990381652908996E7 (+/- 0) us 
Propose latency = 2734.949424 (+/- 731) us 
Write latency = 1067.315358 (+/- 1836) us 
Accept latency = 1549.085382 (+/- 301) us 
Batch average size = NaN (+/- 0) requests
LCMessage ByteCount = 2587:13
StandardSMMessage ByteCount = 10398:19
TOMMessage ByteCount = 321125676:708946
ConsensusMessage ByteCount = 2635764:12963
--- Measurements after 394000 ops (1000 samples) ---
Throughput = 6493.5063 operations/sec (Maximum observed: 8928.571 ops/sec)
Total latency = 4.5092540689624004E7 (+/- 0) us 
Consensus latency = 4988.402542999999 (+/- 1547) us 
Pre-consensus latency = 0.0 (+/- 0) us 
Pos-consensus latency = 4.5090022966554E7 (+/- 0) us 
Propose latency = 2821.444243 (+/- 1356) us 
Write latency = 605.4287380000001 (+/- 349) us 
Accept latency = 1561.529562 (+/- 141) us 
Batch average size = NaN (+/- 0) requests
LCMessage ByteCount = 2587:13
StandardSMMessage ByteCount = 10398:19
TOMMessage ByteCount = 321366952:709142
ConsensusMessage ByteCount = 2635764:12963
--- Measurements after 395000 ops (1000 samples) ---
Throughput = 5681.8184 operations/sec (Maximum observed: 8928.571 ops/sec)
Total latency = 4.5198412221949995E7 (+/- 0) us 
Consensus latency = 8243.912427 (+/- 2043) us 
Pre-consensus latency = 0.0 (+/- 0) us 
Pos-consensus latency = 4.519519813918699E7 (+/- 0) us 
Propose latency = 5818.664756 (+/- 1769) us 
Write latency = 726.932895 (+/- 397) us 
Accept latency = 1698.3147760000002 (+/- 145) us 
Batch average size = NaN (+/- 0) requests
LCMessage ByteCount = 2587:13
StandardSMMessage ByteCount = 10398:19
TOMMessage ByteCount = 321549140:709290
ConsensusMessage ByteCount = 2635764:12963
--- Measurements after 396000 ops (1000 samples) ---
Throughput = 6493.5063 operations/sec (Maximum observed: 8928.571 ops/sec)
Total latency = 4.5313273590761E7 (+/- 0) us 
Consensus latency = 4551.833653 (+/- 365) us 
Pre-consensus latency = 0.0 (+/- 0) us 
Pos-consensus latency = 4.5310897089106E7 (+/- 0) us 
Propose latency = 2503.461354 (+/- 220) us 
Write latency = 501.36580499999997 (+/- 196) us 
Accept latency = 1547.006494 (+/- 253) us 
Batch average size = NaN (+/- 0) requests
LCMessage ByteCount = 2587:13
StandardSMMessage ByteCount = 10398:19
TOMMessage ByteCount = 322009534:709664
ConsensusMessage ByteCount = 2635764:12963
--- Measurements after 397000 ops (1000 samples) ---
Throughput = 6622.5166 operations/sec (Maximum observed: 8928.571 ops/sec)
Total latency = 4.54108146966E7 (+/- 0) us 
Consensus latency = 4400.408654 (+/- 221) us 
Pre-consensus latency = 0.0 (+/- 0) us 
Pos-consensus latency = 4.5408347044240996E7 (+/- 0) us 
Propose latency = 2175.059733 (+/- 95) us 
Write latency = 770.655393 (+/- 210) us 
Accept latency = 1454.693528 (+/- 217) us 
Batch average size = NaN (+/- 0) requests
LCMessage ByteCount = 2587:13
StandardSMMessage ByteCount = 10398:19
TOMMessage ByteCount = 322432998:710008
ConsensusMessage ByteCount = 2635764:12963
--- Measurements after 398000 ops (1000 samples) ---
Throughput = 6666.6665 operations/sec (Maximum observed: 8928.571 ops/sec)
Total latency = 4.5504959283397004E7 (+/- 0) us 
Consensus latency = 4672.7237319999995 (+/- 1315) us 
Pre-consensus latency = 0.0 (+/- 0) us 
Pos-consensus latency = 4.5502499621857E7 (+/- 0) us 
Propose latency = 2545.866214 (+/- 1320) us 
Write latency = 560.178647 (+/- 107) us 
Accept latency = 1566.678871 (+/- 231) us 
Batch average size = NaN (+/- 0) requests
LCMessage ByteCount = 2587:13
StandardSMMessage ByteCount = 10398:19
TOMMessage ByteCount = 322973407:710447
ConsensusMessage ByteCount = 2635764:12963
--- Measurements after 399000 ops (1000 samples) ---
Throughput = 5882.353 operations/sec (Maximum observed: 8928.571 ops/sec)
Total latency = 4.5579007308410004E7 (+/- 0) us 
Consensus latency = 7783.776072 (+/- 3930) us 
Pre-consensus latency = 0.0 (+/- 0) us 
Pos-consensus latency = 4.5575812553704E7 (+/- 0) us 
Propose latency = 5361.728041 (+/- 3452) us 
Write latency = 874.940473 (+/- 826) us 
Accept latency = 1547.107558 (+/- 87) us 
Batch average size = NaN (+/- 0) requests
LCMessage ByteCount = 2587:13
StandardSMMessage ByteCount = 10398:19
TOMMessage ByteCount = 323511354:710884
ConsensusMessage ByteCount = 2635764:12963
--- Measurements after 400000 ops (1000 samples) ---
Throughput = 6134.969 operations/sec (Maximum observed: 8928.571 ops/sec)
Total latency = 4.5663863525961E7 (+/- 0) us 
Consensus latency = 25749.706161 (+/- 7866) us 
Pre-consensus latency = 0.0 (+/- 0) us 
Pos-consensus latency = 4.5652924714382E7 (+/- 0) us 
Propose latency = 19882.233445 (+/- 2121) us 
Write latency = 4329.963595 (+/- 6371) us 
Accept latency = 1537.509121 (+/- 15) us 
Batch average size = NaN (+/- 0) requests
LCMessage ByteCount = 2587:13
StandardSMMessage ByteCount = 10398:19
TOMMessage ByteCount = 323906505:711205
ConsensusMessage ByteCount = 2635764:12963
--- Measurements after 401000 ops (1000 samples) ---
Throughput = 7936.508 operations/sec (Maximum observed: 8928.571 ops/sec)
Total latency = 4.5746755407299004E7 (+/- 0) us 
Consensus latency = 44041.802524 (+/- 7955) us 
Pre-consensus latency = 0.0 (+/- 0) us 
Pos-consensus latency = 4.5719372182439E7 (+/- 0) us 
Propose latency = 23329.345225 (+/- 386) us 
Write latency = 19103.909339 (+/- 7639) us 
Accept latency = 1608.5479599999999 (+/- 70) us 
Batch average size = NaN (+/- 0) requests
LCMessage ByteCount = 2587:13
StandardSMMessage ByteCount = 10398:19
TOMMessage ByteCount = 323996368:711278
ConsensusMessage ByteCount = 2635764:12963
--- Measurements after 402000 ops (1000 samples) ---
Throughput = 6944.4443 operations/sec (Maximum observed: 8928.571 ops/sec)
Total latency = 4.581827895825E7 (+/- 0) us 
Consensus latency = 24311.4065 (+/- 103) us 
Pre-consensus latency = 0.0 (+/- 0) us 
Pos-consensus latency = 4.5809542186E7 (+/- 0) us 
Propose latency = 22512.201 (+/- 250) us 
Write latency = 98.95575 (+/- 0) us 
Accept latency = 1700.24975 (+/- 146) us 
Batch average size = NaN (+/- 0) requests
LCMessage ByteCount = 2587:13
StandardSMMessage ByteCount = 10398:19
TOMMessage ByteCount = 324377978:711588
ConsensusMessage ByteCount = 2635764:12963
--- Measurements after 403000 ops (1000 samples) ---
Throughput = 6410.2563 operations/sec (Maximum observed: 8928.571 ops/sec)
Total latency = 4.5932420662836E7 (+/- 0) us 
Consensus latency = 25918.991358 (+/- 2257) us 
Pre-consensus latency = 0.0 (+/- 0) us 
Pos-consensus latency = 4.59235260379E7 (+/- 0) us 
Propose latency = 24182.047972 (+/- 1955) us 
Write latency = 185.43561 (+/- 136) us 
Accept latency = 1551.5077760000001 (+/- 165) us 
Batch average size = NaN (+/- 0) requests
LCMessage ByteCount = 2587:13
StandardSMMessage ByteCount = 10398:19
TOMMessage ByteCount = 324849451:711971
ConsensusMessage ByteCount = 2635764:12963
--- Measurements after 404000 ops (1000 samples) ---
Throughput = 5917.1597 operations/sec (Maximum observed: 8928.571 ops/sec)
Total latency = 4.6056479929895E7 (+/- 0) us 
Consensus latency = 17549.779609 (+/- 10812) us 
Pre-consensus latency = 0.0 (+/- 0) us 
Pos-consensus latency = 4.6049873064728E7 (+/- 0) us 
Propose latency = 15639.330914999999 (+/- 10532) us 
Write latency = 242.231299 (+/- 142) us 
Accept latency = 1668.2173950000001 (+/- 153) us 
Batch average size = NaN (+/- 0) requests
LCMessage ByteCount = 2587:13
StandardSMMessage ByteCount = 10398:19
TOMMessage ByteCount = 325192900:712250
ConsensusMessage ByteCount = 2635764:12963
--- Measurements after 405000 ops (1000 samples) ---
Throughput = 6622.5166 operations/sec (Maximum observed: 8928.571 ops/sec)
Total latency = 4.6181059786138E7 (+/- 0) us 
Consensus latency = 4584.104639 (+/- 1718) us 
Pre-consensus latency = 0.0 (+/- 0) us 
Pos-consensus latency = 4.6178940211629994E7 (+/- 0) us 
Propose latency = 2888.067415 (+/- 1538) us 
Write latency = 125.300511 (+/- 70) us 
Accept latency = 1570.736713 (+/- 129) us 
Batch average size = NaN (+/- 0) requests
LCMessage ByteCount = 2587:13
StandardSMMessage ByteCount = 10398:19
TOMMessage ByteCount = 325432945:712445
ConsensusMessage ByteCount = 2635764:12963
--- Measurements after 406000 ops (1000 samples) ---
Throughput = 6622.5166 operations/sec (Maximum observed: 8928.571 ops/sec)
Total latency = 4.6284612355385005E7 (+/- 0) us 
Consensus latency = 4399.953157 (+/- 269) us 
Pre-consensus latency = 0.0 (+/- 0) us 
Pos-consensus latency = 4.6282203246066004E7 (+/- 0) us 
Propose latency = 2268.4323820000004 (+/- 175) us 
Write latency = 586.164438 (+/- 162) us 
Accept latency = 1545.3563370000002 (+/- 162) us 
Batch average size = NaN (+/- 0) requests
LCMessage ByteCount = 2587:13
StandardSMMessage ByteCount = 10398:19
TOMMessage ByteCount = 325831789:712769
ConsensusMessage ByteCount = 2635764:12963
--- Measurements after 407000 ops (1000 samples) ---
Throughput = 6622.5166 operations/sec (Maximum observed: 8928.571 ops/sec)
Total latency = 4.6379004136557E7 (+/- 0) us 
Consensus latency = 4408.755402 (+/- 153) us 
Pre-consensus latency = 0.0 (+/- 0) us 
Pos-consensus latency = 4.6376590197882004E7 (+/- 0) us 
Propose latency = 2282.493196 (+/- 158) us 
Write latency = 548.808493 (+/- 96) us 
Accept latency = 1577.4537129999999 (+/- 153) us 
Batch average size = NaN (+/- 0) requests
LCMessage ByteCount = 2587:13
StandardSMMessage ByteCount = 10398:19
TOMMessage ByteCount = 326199858:713068
ConsensusMessage ByteCount = 2635764:12963
--- Measurements after 408000 ops (1000 samples) ---
Throughput = 6578.9473 operations/sec (Maximum observed: 8928.571 ops/sec)
Total latency = 4.6468556679746E7 (+/- 0) us 
Consensus latency = 5830.043531 (+/- 1587) us 
Pre-consensus latency = 0.0 (+/- 0) us 
Pos-consensus latency = 4.6465910048188E7 (+/- 0) us 
Propose latency = 3526.0584360000003 (+/- 1410) us 
Write latency = 705.7439860000001 (+/- 225) us 
Accept latency = 1598.241109 (+/- 258) us 
Batch average size = NaN (+/- 0) requests
LCMessage ByteCount = 2587:13
StandardSMMessage ByteCount = 10398:19
TOMMessage ByteCount = 326510070:713320
ConsensusMessage ByteCount = 2635764:12963
--- Measurements after 409000 ops (1000 samples) ---
Throughput = 5813.9536 operations/sec (Maximum observed: 8928.571 ops/sec)
Total latency = 4.6578741825915E7 (+/- 0) us 
Consensus latency = 5268.187977 (+/- 1734) us 
Pre-consensus latency = 0.0 (+/- 0) us 
Pos-consensus latency = 4.6575739640677005E7 (+/- 0) us 
Propose latency = 2593.656897 (+/- 404) us 
Write latency = 581.812318 (+/- 269) us 
Accept latency = 2092.718762 (+/- 1705) us 
Batch average size = NaN (+/- 0) requests
LCMessage ByteCount = 2587:13
StandardSMMessage ByteCount = 10398:19
TOMMessage ByteCount = 326880601:713621
ConsensusMessage ByteCount = 2635764:12963
--- Measurements after 410000 ops (1000 samples) ---
Throughput = 6666.6665 operations/sec (Maximum observed: 8928.571 ops/sec)
Total latency = 4.6682743716487E7 (+/- 0) us 
Consensus latency = 4477.492163 (+/- 606) us 
Pre-consensus latency = 0.0 (+/- 0) us 
Pos-consensus latency = 4.6680330468194E7 (+/- 0) us 
Propose latency = 2540.975029 (+/- 667) us 
Write latency = 483.651571 (+/- 306) us 
Accept latency = 1452.865563 (+/- 71) us 
Batch average size = NaN (+/- 0) requests
LCMessage ByteCount = 2587:13
StandardSMMessage ByteCount = 10398:19
TOMMessage ByteCount = 327269597:713937
ConsensusMessage ByteCount = 2635764:12963
--- Measurements after 411000 ops (1000 samples) ---
Throughput = 6622.5166 operations/sec (Maximum observed: 8928.571 ops/sec)
Total latency = 4.6779773145724E7 (+/- 0) us 
Consensus latency = 4445.543906000001 (+/- 152) us 
Pre-consensus latency = 0.0 (+/- 0) us 
Pos-consensus latency = 4.6777513628350995E7 (+/- 0) us 
Propose latency = 2480.28535 (+/- 209) us 
Write latency = 495.68147700000003 (+/- 199) us 
Accept latency = 1469.577079 (+/- 177) us 
Batch average size = NaN (+/- 0) requests
LCMessage ByteCount = 2587:13
StandardSMMessage ByteCount = 10398:19
TOMMessage ByteCount = 327646283:714243
ConsensusMessage ByteCount = 2635764:12963
--- Measurements after 412000 ops (1000 samples) ---
Throughput = 6666.6665 operations/sec (Maximum observed: 8928.571 ops/sec)
Total latency = 4.6875301556173E7 (+/- 0) us 
Consensus latency = 4546.541363 (+/- 226) us 
Pre-consensus latency = 0.0 (+/- 0) us 
Pos-consensus latency = 4.6872889327885E7 (+/- 0) us 
Propose latency = 2440.748097 (+/- 129) us 
Write latency = 495.73793199999994 (+/- 144) us 
Accept latency = 1610.0553340000001 (+/- 94) us 
Batch average size = NaN (+/- 0) requests
LCMessage ByteCount = 2587:13
StandardSMMessage ByteCount = 10398:19
TOMMessage ByteCount = 328143607:714647
ConsensusMessage ByteCount = 2635764:12963
--- Measurements after 413000 ops (1000 samples) ---
Throughput = 6622.5166 operations/sec (Maximum observed: 8928.571 ops/sec)
Total latency = 4.6970777659024E7 (+/- 0) us 
Consensus latency = 4448.741133 (+/- 275) us 
Pre-consensus latency = 0.0 (+/- 0) us 
Pos-consensus latency = 4.6968428322304E7 (+/- 0) us 
Propose latency = 2395.059395 (+/- 136) us 
Write latency = 550.706064 (+/- 228) us 
Accept latency = 1502.975674 (+/- 186) us 
Batch average size = NaN (+/- 0) requests
LCMessage ByteCount = 2587:13
StandardSMMessage ByteCount = 10398:19
TOMMessage ByteCount = 328521524:714954
ConsensusMessage ByteCount = 2635764:12963
--- Measurements after 414000 ops (1000 samples) ---
Throughput = 3906.25 operations/sec (Maximum observed: 8928.571 ops/sec)
Total latency = 4.7117431667331E7 (+/- 0) us 
Consensus latency = 6416.748071000001 (+/- 1629) us 
Pre-consensus latency = 0.0 (+/- 0) us 
Pos-consensus latency = 4.7114907425263E7 (+/- 0) us 
Propose latency = 4369.431275000001 (+/- 1550) us 
Write latency = 429.206291 (+/- 270) us 
Accept latency = 1618.1105049999999 (+/- 67) us 
Batch average size = NaN (+/- 0) requests
LCMessage ByteCount = 2587:13
StandardSMMessage ByteCount = 10398:19
TOMMessage ByteCount = 329319212:715602
ConsensusMessage ByteCount = 2635764:12963
--- Measurements after 415000 ops (1000 samples) ---
Throughput = 4166.6665 operations/sec (Maximum observed: 8928.571 ops/sec)
Total latency = 4.7306359947539E7 (+/- 0) us 
Consensus latency = 6495.021585 (+/- 2441) us 
Pre-consensus latency = 0.0 (+/- 0) us 
Pos-consensus latency = 4.7302726189252E7 (+/- 0) us 
Propose latency = 3454.911511 (+/- 1303) us 
Write latency = 1481.194908 (+/- 2535) us 
Accept latency = 1558.915166 (+/- 88) us 
Batch average size = NaN (+/- 0) requests
LCMessage ByteCount = 2587:13
StandardSMMessage ByteCount = 10398:19
TOMMessage ByteCount = 329928557:716097
ConsensusMessage ByteCount = 2635764:12963
--- Measurements after 416000 ops (1000 samples) ---
Throughput = 4545.4546 operations/sec (Maximum observed: 8928.571 ops/sec)
Total latency = 4.7487580914175004E7 (+/- 0) us 
Consensus latency = 4687.752213000001 (+/- 253) us 
Pre-consensus latency = 0.0 (+/- 0) us 
Pos-consensus latency = 4.7485039078254E7 (+/- 0) us 
Propose latency = 2420.538347 (+/- 162) us 
Write latency = 778.1445379999999 (+/- 224) us 
Accept latency = 1489.069328 (+/- 60) us 
Batch average size = NaN (+/- 0) requests
LCMessage ByteCount = 2587:13
StandardSMMessage ByteCount = 10398:19
TOMMessage ByteCount = 330619148:716658
ConsensusMessage ByteCount = 2635764:12963
--- Measurements after 417000 ops (1000 samples) ---
Throughput = 4784.689 operations/sec (Maximum observed: 8928.571 ops/sec)
Total latency = 4.7645509198458E7 (+/- 0) us 
Consensus latency = 4552.61676 (+/- 342) us 
Pre-consensus latency = 0.0 (+/- 0) us 
Pos-consensus latency = 4.7643046818256E7 (+/- 0) us 
Propose latency = 2370.669186 (+/- 188) us 
Write latency = 717.104874 (+/- 171) us 
Accept latency = 1464.8427 (+/- 216) us 
Batch average size = NaN (+/- 0) requests
LCMessage ByteCount = 2587:13
StandardSMMessage ByteCount = 10398:19
TOMMessage ByteCount = 330769330:716780
ConsensusMessage ByteCount = 2635764:12963
--- Measurements after 418000 ops (1000 samples) ---
Throughput = 3921.5686 operations/sec (Maximum observed: 8928.571 ops/sec)
Total latency = 4.7808482241293E7 (+/- 0) us 
Consensus latency = 4743.205963 (+/- 260) us 
Pre-consensus latency = 0.0 (+/- 0) us 
Pos-consensus latency = 4.7805880643575E7 (+/- 0) us 
Propose latency = 2419.34735 (+/- 203) us 
Write latency = 762.7601360000001 (+/- 221) us 
Accept latency = 1561.098477 (+/- 169) us 
Batch average size = NaN (+/- 0) requests
LCMessage ByteCount = 2587:13
StandardSMMessage ByteCount = 10398:19
TOMMessage ByteCount = 330965059:716939
ConsensusMessage ByteCount = 2635764:12963
--- Measurements after 419000 ops (1000 samples) ---
Throughput = 4651.1626 operations/sec (Maximum observed: 8928.571 ops/sec)
Total latency = 4.8003670490518995E7 (+/- 0) us 
Consensus latency = 5144.48053 (+/- 1594) us 
Pre-consensus latency = 0.0 (+/- 0) us 
Pos-consensus latency = 4.8000616713291E7 (+/- 0) us 
Propose latency = 2375.307779 (+/- 102) us 
Write latency = 708.085829 (+/- 108) us 
Accept latency = 2061.086922 (+/- 1586) us 
Batch average size = NaN (+/- 0) requests
LCMessage ByteCount = 2587:13
StandardSMMessage ByteCount = 10398:19
TOMMessage ByteCount = 331654419:717499
ConsensusMessage ByteCount = 2635764:12963
--- Measurements after 420000 ops (1000 samples) ---
Throughput = 4716.981 operations/sec (Maximum observed: 8928.571 ops/sec)
Total latency = 4.8155039631776E7 (+/- 0) us 
Consensus latency = 6045.071774 (+/- 960) us 
Pre-consensus latency = 0.0 (+/- 0) us 
Pos-consensus latency = 4.8152268130145E7 (+/- 0) us 
Propose latency = 3689.0084580000002 (+/- 795) us 
Write latency = 751.093835 (+/- 468) us 
Accept latency = 1604.9694809999999 (+/- 681) us 
Batch average size = NaN (+/- 0) requests
LCMessage ByteCount = 2587:13
StandardSMMessage ByteCount = 10398:19
TOMMessage ByteCount = 332351165:718065
ConsensusMessage ByteCount = 2635764:12963
--- Measurements after 421000 ops (1000 samples) ---
Throughput = 4651.1626 operations/sec (Maximum observed: 8928.571 ops/sec)
Total latency = 4.8316298868355006E7 (+/- 0) us 
Consensus latency = 4640.949562 (+/- 1084) us 
Pre-consensus latency = 0.0 (+/- 0) us 
Pos-consensus latency = 4.8313913701986E7 (+/- 0) us 
Propose latency = 2761.0203939999997 (+/- 924) us 
Write latency = 362.98663 (+/- 298) us 
Accept latency = 1516.942538 (+/- 142) us 
Batch average size = NaN (+/- 0) requests
LCMessage ByteCount = 2587:13
StandardSMMessage ByteCount = 10398:19
TOMMessage ByteCount = 332870647:718487
ConsensusMessage ByteCount = 2635764:12963
--- Measurements after 422000 ops (1000 samples) ---
Throughput = 4739.3364 operations/sec (Maximum observed: 8928.571 ops/sec)
Total latency = 4.8475815249114E7 (+/- 0) us 
Consensus latency = 4313.975423999999 (+/- 253) us 
Pre-consensus latency = 0.0 (+/- 0) us 
Pos-consensus latency = 4.8473485723408E7 (+/- 0) us 
Propose latency = 2285.3279479999997 (+/- 296) us 
Write latency = 424.308912 (+/- 248) us 
Accept latency = 1604.338564 (+/- 237) us 
Batch average size = NaN (+/- 0) requests
LCMessage ByteCount = 2587:13
StandardSMMessage ByteCount = 10398:19
TOMMessage ByteCount = 333434445:718945
ConsensusMessage ByteCount = 2635764:12963
--- Measurements after 423000 ops (1000 samples) ---
Throughput = 5555.5557 operations/sec (Maximum observed: 8928.571 ops/sec)
Total latency = 4.8625828249212E7 (+/- 0) us 
Consensus latency = 4308.033869 (+/- 207) us 
Pre-consensus latency = 0.0 (+/- 0) us 
Pos-consensus latency = 4.86235224873E7 (+/- 0) us 
Propose latency = 2282.4387570000004 (+/- 164) us 
Write latency = 467.817676 (+/- 179) us 
Accept latency = 1557.777436 (+/- 67) us 
Batch average size = NaN (+/- 0) requests
LCMessage ByteCount = 2587:13
StandardSMMessage ByteCount = 10398:19
TOMMessage ByteCount = 333764353:719213
ConsensusMessage ByteCount = 2635764:12963
--- Measurements after 424000 ops (1000 samples) ---
Throughput = 6622.5166 operations/sec (Maximum observed: 8928.571 ops/sec)
Total latency = 4.8724163066962995E7 (+/- 0) us 
Consensus latency = 4358.9822189999995 (+/- 182) us 
Pre-consensus latency = 0.0 (+/- 0) us 
Pos-consensus latency = 4.8721787557977E7 (+/- 0) us 
Propose latency = 2279.754582 (+/- 109) us 
Write latency = 470.341505 (+/- 215) us 
Accept latency = 1608.886132 (+/- 111) us 
Batch average size = NaN (+/- 0) requests
LCMessage ByteCount = 2587:13
StandardSMMessage ByteCount = 10398:19
TOMMessage ByteCount = 334037635:719435
ConsensusMessage ByteCount = 2635764:12963
--- Measurements after 425000 ops (1000 samples) ---
Throughput = 6666.6665 operations/sec (Maximum observed: 8928.571 ops/sec)
Total latency = 4.8818871099944E7 (+/- 0) us 
Consensus latency = 4574.91153 (+/- 624) us 
Pre-consensus latency = 0.0 (+/- 0) us 
Pos-consensus latency = 4.8816409276794E7 (+/- 0) us 
Propose latency = 2419.545584 (+/- 137) us 
Write latency = 495.057218 (+/- 185) us 
Accept latency = 1660.308728 (+/- 607) us 
Batch average size = NaN (+/- 0) requests
LCMessage ByteCount = 2587:13
StandardSMMessage ByteCount = 10398:19
TOMMessage ByteCount = 334409397:719737
ConsensusMessage ByteCount = 2635764:12963
--- Measurements after 426000 ops (1000 samples) ---
Throughput = 6666.6665 operations/sec (Maximum observed: 8928.571 ops/sec)
Total latency = 4.8910406706588E7 (+/- 0) us 
Consensus latency = 6295.2269400000005 (+/- 1762) us 
Pre-consensus latency = 0.0 (+/- 0) us 
Pos-consensus latency = 4.8907029118218005E7 (+/- 0) us 
Propose latency = 3927.198364 (+/- 1542) us 
Write latency = 419.834033 (+/- 273) us 
Accept latency = 1948.194543 (+/- 1797) us 
Batch average size = NaN (+/- 0) requests
LCMessage ByteCount = 2587:13
StandardSMMessage ByteCount = 10398:19
TOMMessage ByteCount = 334650673:719933
ConsensusMessage ByteCount = 2635764:12963
--- Measurements after 427000 ops (1000 samples) ---
Throughput = 5208.3335 operations/sec (Maximum observed: 8928.571 ops/sec)
Total latency = 4.902045338926E7 (+/- 0) us 
Consensus latency = 4396.230772 (+/- 268) us 
Pre-consensus latency = 0.0 (+/- 0) us 
Pos-consensus latency = 4.9018156471939005E7 (+/- 0) us 
Propose latency = 2389.5372 (+/- 159) us 
Write latency = 443.700632 (+/- 243) us 
Accept latency = 1562.9929399999999 (+/- 214) us 
Batch average size = NaN (+/- 0) requests
LCMessage ByteCount = 2587:13
StandardSMMessage ByteCount = 10398:19
TOMMessage ByteCount = 334959654:720184
ConsensusMessage ByteCount = 2635764:12963
--- Measurements after 428000 ops (1000 samples) ---
Throughput = 7575.758 operations/sec (Maximum observed: 8928.571 ops/sec)
Total latency = 4.913979395535E7 (+/- 0) us 
Consensus latency = 4297.202901 (+/- 226) us 
Pre-consensus latency = 0.0 (+/- 0) us 
Pos-consensus latency = 4.9137527310366996E7 (+/- 0) us 
Propose latency = 2316.556524 (+/- 171) us 
Write latency = 567.3991570000001 (+/- 183) us 
Accept latency = 1413.24722 (+/- 235) us 
Batch average size = NaN (+/- 0) requests
LCMessage ByteCount = 2587:13
StandardSMMessage ByteCount = 10398:19
TOMMessage ByteCount = 335022435:720235
ConsensusMessage ByteCount = 2635764:12963
--- Measurements after 429000 ops (1000 samples) ---
Throughput = 8196.722 operations/sec (Maximum observed: 8928.571 ops/sec)
Total latency = 4.9208710169039E7 (+/- 0) us 
Consensus latency = 4011.4539130000003 (+/- 319) us 
Pre-consensus latency = 0.0 (+/- 0) us 
Pos-consensus latency = 4.9206604175226994E7 (+/- 0) us 
Propose latency = 2186.3330189999997 (+/- 128) us 
Write latency = 488.822944 (+/- 232) us 
Accept latency = 1336.29795 (+/- 155) us 
Batch average size = NaN (+/- 0) requests
LCMessage ByteCount = 2587:13
StandardSMMessage ByteCount = 10398:19
TOMMessage ByteCount = 335028590:720240
ConsensusMessage ByteCount = 2635764:12963
--- Measurements after 430000 ops (1000 samples) ---
Throughput = 8196.722 operations/sec (Maximum observed: 8928.571 ops/sec)
Total latency = 4.9273462881978996E7 (+/- 0) us 
Consensus latency = 4429.1366370000005 (+/- 256) us 
Pre-consensus latency = 0.0 (+/- 0) us 
Pos-consensus latency = 4.9270931535304E7 (+/- 0) us 
Propose latency = 2135.822455 (+/- 125) us 
Write latency = 774.82335 (+/- 216) us 
Accept latency = 1518.490832 (+/- 294) us 
Batch average size = NaN (+/- 0) requests
LCMessage ByteCount = 2587:13
StandardSMMessage ByteCount = 10398:19
TOMMessage ByteCount = 335043362:720252
ConsensusMessage ByteCount = 2635764:12963
--- Measurements after 431000 ops (1000 samples) ---
Throughput = 7092.1987 operations/sec (Maximum observed: 8928.571 ops/sec)
Total latency = 4.9344806936097E7 (+/- 0) us 
Consensus latency = 4952.950264 (+/- 1974) us 
Pre-consensus latency = 0.0 (+/- 0) us 
Pos-consensus latency = 4.9341965149763E7 (+/- 0) us 
Propose latency = 2703.424821 (+/- 880) us 
Write latency = 349.843293 (+/- 347) us 
Accept latency = 1899.6821499999999 (+/- 1931) us 
Batch average size = NaN (+/- 0) requests
LCMessage ByteCount = 2587:13
StandardSMMessage ByteCount = 10398:19
TOMMessage ByteCount = 335113529:720309
ConsensusMessage ByteCount = 2635764:12963
--- Measurements after 432000 ops (1000 samples) ---
Throughput = 5780.3467 operations/sec (Maximum observed: 8928.571 ops/sec)
Total latency = 4.9449228835420996E7 (+/- 0) us 
Consensus latency = 5442.465967 (+/- 1272) us 
Pre-consensus latency = 0.0 (+/- 0) us 
Pos-consensus latency = 4.9446919556132E7 (+/- 0) us 
Propose latency = 3542.625312 (+/- 1246) us 
Write latency = 465.447071 (+/- 299) us 
Accept latency = 1434.393584 (+/- 291) us 
Batch average size = NaN (+/- 0) requests
LCMessage ByteCount = 2587:13
StandardSMMessage ByteCount = 10398:19
TOMMessage ByteCount = 335395428:720538
ConsensusMessage ByteCount = 2635764:12963
--- Measurements after 433000 ops (1000 samples) ---
Throughput = 6622.5166 operations/sec (Maximum observed: 8928.571 ops/sec)
Total latency = 4.9557392110948995E7 (+/- 0) us 
Consensus latency = 4742.545912 (+/- 243) us 
Pre-consensus latency = 0.0 (+/- 0) us 
Pos-consensus latency = 4.9554814486124E7 (+/- 0) us 
Propose latency = 2385.559758 (+/- 154) us 
Write latency = 818.866678 (+/- 288) us 
Accept latency = 1538.119476 (+/- 111) us 
Batch average size = NaN (+/- 0) requests
LCMessage ByteCount = 2587:13
StandardSMMessage ByteCount = 10398:19
TOMMessage ByteCount = 335716719:720799
ConsensusMessage ByteCount = 2635764:12963
--- Measurements after 434000 ops (1000 samples) ---
Throughput = 6622.5166 operations/sec (Maximum observed: 8928.571 ops/sec)
Total latency = 4.9652806911146E7 (+/- 0) us 
Consensus latency = 4712.173536 (+/- 168) us 
Pre-consensus latency = 0.0 (+/- 0) us 
Pos-consensus latency = 4.9650197057666E7 (+/- 0) us 
Propose latency = 2314.056187 (+/- 184) us 
Write latency = 840.7189490000001 (+/- 176) us 
Accept latency = 1557.3983999999998 (+/- 165) us 
Batch average size = NaN (+/- 0) requests
LCMessage ByteCount = 2587:13
StandardSMMessage ByteCount = 10398:19
TOMMessage ByteCount = 336083557:721097
ConsensusMessage ByteCount = 2635764:12963
--- Measurements after 435000 ops (1000 samples) ---
Throughput = 6666.6665 operations/sec (Maximum observed: 8928.571 ops/sec)
Total latency = 4.9748381478979E7 (+/- 0) us 
Consensus latency = 4476.351849000001 (+/- 175) us 
Pre-consensus latency = 0.0 (+/- 0) us 
Pos-consensus latency = 4.9745830168712996E7 (+/- 0) us 
Propose latency = 2140.3281030000003 (+/- 145) us 
Write latency = 742.299834 (+/- 166) us 
Accept latency = 1593.723912 (+/- 139) us 
Batch average size = NaN (+/- 0) requests
LCMessage ByteCount = 2587:13
StandardSMMessage ByteCount = 10398:19
TOMMessage ByteCount = 336499635:721435
ConsensusMessage ByteCount = 2635764:12963
--- Measurements after 436000 ops (1000 samples) ---
Throughput = 6622.5166 operations/sec (Maximum observed: 8928.571 ops/sec)
Total latency = 4.984250445437E7 (+/- 0) us 
Consensus latency = 4990.389015 (+/- 1377) us 
Pre-consensus latency = 0.0 (+/- 0) us 
Pos-consensus latency = 4.9839519894024E7 (+/- 0) us 
Propose latency = 2332.4741179999996 (+/- 497) us 
Write latency = 640.576417 (+/- 302) us 
Accept latency = 2017.33848 (+/- 1630) us 
Batch average size = NaN (+/- 0) requests
LCMessage ByteCount = 2587:13
StandardSMMessage ByteCount = 10398:19
TOMMessage ByteCount = 336995728:721838
ConsensusMessage ByteCount = 2635764:12963
--- Measurements after 437000 ops (1000 samples) ---
Throughput = 5952.381 operations/sec (Maximum observed: 8928.571 ops/sec)
Total latency = 4.995649615428E7 (+/- 0) us 
Consensus latency = 4183.971189 (+/- 547) us 
Pre-consensus latency = 0.0 (+/- 0) us 
Pos-consensus latency = 4.9954583867047E7 (+/- 0) us 
Propose latency = 2560.1229989999997 (+/- 312) us 
Write latency = 239.506748 (+/- 177) us 
Accept latency = 1384.3414420000001 (+/- 285) us 
Batch average size = NaN (+/- 0) requests
LCMessage ByteCount = 2587:13
StandardSMMessage ByteCount = 10398:19
TOMMessage ByteCount = 337426578:722188
ConsensusMessage ByteCount = 2635764:12963
--- Measurements after 438000 ops (1000 samples) ---
Throughput = 7299.27 operations/sec (Maximum observed: 8928.571 ops/sec)
Total latency = 5.0044089958893E7 (+/- 0) us 
Consensus latency = 4758.872704 (+/- 364) us 
Pre-consensus latency = 0.0 (+/- 0) us 
Pos-consensus latency = 5.0041528085713E7 (+/- 0) us 
Propose latency = 2467.146083 (+/- 234) us 
Write latency = 776.131027 (+/- 246) us 
Accept latency = 1515.5955940000001 (+/- 162) us 
Batch average size = NaN (+/- 0) requests
LCMessage ByteCount = 2587:13
StandardSMMessage ByteCount = 10398:19
TOMMessage ByteCount = 337761410:722460
ConsensusMessage ByteCount = 2635764:12963
--- Measurements after 439000 ops (1000 samples) ---
Throughput = 7142.857 operations/sec (Maximum observed: 8928.571 ops/sec)
Total latency = 5.0125852931995004E7 (+/- 0) us 
Consensus latency = 5264.344032999999 (+/- 1170) us 
Pre-consensus latency = 0.0 (+/- 0) us 
Pos-consensus latency = 5.0123369842484005E7 (+/- 0) us 
Propose latency = 3094.547466 (+/- 1178) us 
Write latency = 694.073355 (+/- 140) us 
Accept latency = 1475.723212 (+/- 116) us 
Batch average size = NaN (+/- 0) requests
LCMessage ByteCount = 2587:13
StandardSMMessage ByteCount = 10398:19
TOMMessage ByteCount = 338129479:722759
ConsensusMessage ByteCount = 2635764:12963
--- Measurements after 440000 ops (1000 samples) ---
Throughput = 6944.4443 operations/sec (Maximum observed: 8928.571 ops/sec)
Total latency = 5.0212468704586E7 (+/- 0) us 
Consensus latency = 5031.521862 (+/- 459) us 
Pre-consensus latency = 0.0 (+/- 0) us 
Pos-consensus latency = 5.0209892818859E7 (+/- 0) us 
Propose latency = 2774.3948760000003 (+/- 399) us 
Write latency = 728.40207 (+/- 191) us 
Accept latency = 1528.724916 (+/- 72) us 
Batch average size = NaN (+/- 0) requests
LCMessage ByteCount = 2587:13
StandardSMMessage ByteCount = 10398:19
TOMMessage ByteCount = 338583718:723128
ConsensusMessage ByteCount = 2635764:12963
--- Measurements after 441000 ops (1000 samples) ---
Throughput = 5050.505 operations/sec (Maximum observed: 8928.571 ops/sec)
Total latency = 5.0311364844613E7 (+/- 0) us 
Consensus latency = 4630.629712 (+/- 339) us 
Pre-consensus latency = 0.0 (+/- 0) us 
Pos-consensus latency = 5.0308677219315E7 (+/- 0) us 
Propose latency = 2234.099631 (+/- 180) us 
Write latency = 760.480793 (+/- 264) us 
Accept latency = 1636.049288 (+/- 184) us 
Batch average size = NaN (+/- 0) requests
LCMessage ByteCount = 2587:13
StandardSMMessage ByteCount = 10398:19
TOMMessage ByteCount = 338911164:723394
ConsensusMessage ByteCount = 2635764:12963
--- Measurements after 442000 ops (1000 samples) ---
Throughput = 6211.18 operations/sec (Maximum observed: 8928.571 ops/sec)
Total latency = 5.0462931285957E7 (+/- 0) us 
Consensus latency = 4828.819209 (+/- 1941) us 
Pre-consensus latency = 0.0 (+/- 0) us 
Pos-consensus latency = 5.0460145437966004E7 (+/- 0) us 
Propose latency = 2651.932667 (+/- 962) us 
Write latency = 347.336343 (+/- 276) us 
Accept latency = 1829.550199 (+/- 1770) us 
Batch average size = NaN (+/- 0) requests
LCMessage ByteCount = 2587:13
StandardSMMessage ByteCount = 10398:19
TOMMessage ByteCount = 339126589:723569
ConsensusMessage ByteCount = 2635764:12963
--- Measurements after 443000 ops (1000 samples) ---
Throughput = 8403.361 operations/sec (Maximum observed: 8928.571 ops/sec)
Total latency = 5.0538764559114E7 (+/- 0) us 
Consensus latency = 4384.085807 (+/- 192) us 
Pre-consensus latency = 0.0 (+/- 0) us 
Pos-consensus latency = 5.0536326517315E7 (+/- 0) us 
Propose latency = 2207.582227 (+/- 163) us 
Write latency = 651.825646 (+/- 166) us 
Accept latency = 1524.6779339999998 (+/- 121) us 
Batch average size = NaN (+/- 0) requests
LCMessage ByteCount = 2587:13
StandardSMMessage ByteCount = 10398:19
TOMMessage ByteCount = 339129051:723571
ConsensusMessage ByteCount = 2635764:12963
--- Measurements after 444000 ops (1000 samples) ---
Throughput = 8474.576 operations/sec (Maximum observed: 8928.571 ops/sec)
Total latency = 5.0602093347075E7 (+/- 0) us 
Consensus latency = 4422.09129 (+/- 242) us 
Pre-consensus latency = 0.0 (+/- 0) us 
Pos-consensus latency = 5.0599750901153E7 (+/- 0) us 
Propose latency = 2375.487656 (+/- 202) us 
Write latency = 611.3468730000001 (+/- 246) us 
Accept latency = 1435.2567609999999 (+/- 162) us 
Batch average size = NaN (+/- 0) requests
LCMessage ByteCount = 2587:13
StandardSMMessage ByteCount = 10398:19
TOMMessage ByteCount = 339137668:723578
ConsensusMessage ByteCount = 2635764:12963
--- Measurements after 445000 ops (1000 samples) ---
Throughput = 8333.333 operations/sec (Maximum observed: 8928.571 ops/sec)
Total latency = 5.0665702045489E7 (+/- 0) us 
Consensus latency = 4683.216692 (+/- 227) us 
Pre-consensus latency = 0.0 (+/- 0) us 
Pos-consensus latency = 5.0663047075786E7 (+/- 0) us 
Propose latency = 2302.1473509999996 (+/- 155) us 
Write latency = 847.488666 (+/- 175) us 
Accept latency = 1533.5806750000002 (+/- 152) us 
Batch average size = NaN (+/- 0) requests
LCMessage ByteCount = 2587:13
StandardSMMessage ByteCount = 10398:19
TOMMessage ByteCount = 339147516:723586
ConsensusMessage ByteCount = 2635764:12963
--- Measurements after 446000 ops (1000 samples) ---
Throughput = 5988.024 operations/sec (Maximum observed: 8928.571 ops/sec)
Total latency = 5.0747182779852994E7 (+/- 0) us 
Consensus latency = 4592.119523 (+/- 215) us 
Pre-consensus latency = 0.0 (+/- 0) us 
Pos-consensus latency = 5.0744503333411E7 (+/- 0) us 
Propose latency = 2111.383311 (+/- 162) us 
Write latency = 970.887125 (+/- 126) us 
Accept latency = 1509.849087 (+/- 95) us 
Batch average size = NaN (+/- 0) requests
LCMessage ByteCount = 2587:13
StandardSMMessage ByteCount = 10398:19
TOMMessage ByteCount = 339170905:723605
ConsensusMessage ByteCount = 2635764:12963
--- Measurements after 447000 ops (1000 samples) ---
Throughput = 8547.009 operations/sec (Maximum observed: 8928.571 ops/sec)
Total latency = 5.0835863326762E7 (+/- 0) us 
Consensus latency = 5166.541262 (+/- 1695) us 
Pre-consensus latency = 0.0 (+/- 0) us 
Pos-consensus latency = 5.0832897229219005E7 (+/- 0) us 
Propose latency = 2831.699377 (+/- 1157) us 
Write latency = 467.542393 (+/- 349) us 
Accept latency = 1867.299492 (+/- 1798) us 
Batch average size = NaN (+/- 0) requests
LCMessage ByteCount = 2587:13
StandardSMMessage ByteCount = 10398:19
TOMMessage ByteCount = 339188139:723619
ConsensusMessage ByteCount = 2635764:12963
--- Measurements after 448000 ops (1000 samples) ---
Throughput = 7874.0156 operations/sec (Maximum observed: 8928.571 ops/sec)
Total latency = 5.0905296830358E7 (+/- 0) us 
Consensus latency = 4687.0731909999995 (+/- 386) us 
Pre-consensus latency = 0.0 (+/- 0) us 
Pos-consensus latency = 5.0902673949005E7 (+/- 0) us 
Propose latency = 2274.236691 (+/- 217) us 
Write latency = 831.91408 (+/- 315) us 
Accept latency = 1580.9224199999999 (+/- 138) us 
Batch average size = NaN (+/- 0) requests
LCMessage ByteCount = 2587:13
StandardSMMessage ByteCount = 10398:19
TOMMessage ByteCount = 339254613:723673
ConsensusMessage ByteCount = 2635764:12963
--- Measurements after 449000 ops (1000 samples) ---
Throughput = 8196.722 operations/sec (Maximum observed: 8928.571 ops/sec)
Total latency = 5.0973967963093005E7 (+/- 0) us 
Consensus latency = 4668.706117 (+/- 170) us 
Pre-consensus latency = 0.0 (+/- 0) us 
Pos-consensus latency = 5.0971412982027E7 (+/- 0) us 
Propose latency = 2333.57458 (+/- 226) us 
Write latency = 787.059831 (+/- 269) us 
Accept latency = 1548.071706 (+/- 162) us 
Batch average size = NaN (+/- 0) requests
LCMessage ByteCount = 2587:13
StandardSMMessage ByteCount = 10398:19
TOMMessage ByteCount = 339303853:723713
ConsensusMessage ByteCount = 2635764:12963
--- Measurements after 450000 ops (1000 samples) ---
Throughput = 8064.516 operations/sec (Maximum observed: 8928.571 ops/sec)
Total latency = 5.1041802092990994E7 (+/- 0) us 
Consensus latency = 4462.885791000001 (+/- 281) us 
Pre-consensus latency = 0.0 (+/- 0) us 
Pos-consensus latency = 5.1039330696803E7 (+/- 0) us 
Propose latency = 2231.617299 (+/- 167) us 
Write latency = 680.770294 (+/- 95) us 
Accept latency = 1550.498198 (+/- 229) us 
Batch average size = NaN (+/- 0) requests
LCMessage ByteCount = 2587:13
StandardSMMessage ByteCount = 10398:19
TOMMessage ByteCount = 339327242:723732
ConsensusMessage ByteCount = 2635764:12963
--- Measurements after 451000 ops (1000 samples) ---
Throughput = 4807.6924 operations/sec (Maximum observed: 8928.571 ops/sec)
Total latency = 5.1145040363240995E7 (+/- 0) us 
Consensus latency = 4587.226452999999 (+/- 197) us 
Pre-consensus latency = 0.0 (+/- 0) us 
Pos-consensus latency = 5.1142543937230006E7 (+/- 0) us 
Propose latency = 2317.7055060000002 (+/- 314) us 
Write latency = 645.591131 (+/- 274) us 
Accept latency = 1623.929816 (+/- 225) us 
Batch average size = NaN (+/- 0) requests
LCMessage ByteCount = 2587:13
StandardSMMessage ByteCount = 10398:19
TOMMessage ByteCount = 339552515:723915
ConsensusMessage ByteCount = 2635764:12963
--- Measurements after 452000 ops (1000 samples) ---
Throughput = 4784.689 operations/sec (Maximum observed: 8928.571 ops/sec)
Total latency = 5.1305646753974E7 (+/- 0) us 
Consensus latency = 4307.339833999999 (+/- 258) us 
Pre-consensus latency = 0.0 (+/- 0) us 
Pos-consensus latency = 5.1303283695957E7 (+/- 0) us 
Propose latency = 2224.597518 (+/- 164) us 
Write latency = 602.980398 (+/- 234) us 
Accept latency = 1479.7619180000002 (+/- 179) us 
Batch average size = NaN (+/- 0) requests
LCMessage ByteCount = 2587:13
StandardSMMessage ByteCount = 10398:19
TOMMessage ByteCount = 339819642:724132
ConsensusMessage ByteCount = 2635764:12963
--- Measurements after 453000 ops (1000 samples) ---
Throughput = 4761.905 operations/sec (Maximum observed: 8928.571 ops/sec)
Total latency = 5.1458771900267E7 (+/- 0) us 
Consensus latency = 4630.626478 (+/- 1371) us 
Pre-consensus latency = 0.0 (+/- 0) us 
Pos-consensus latency = 5.1456309799988E7 (+/- 0) us 
Propose latency = 2445.350744 (+/- 158) us 
Write latency = 334.016257 (+/- 255) us 
Accept latency = 1851.259477 (+/- 1149) us 
Batch average size = NaN (+/- 0) requests
LCMessage ByteCount = 2587:13
StandardSMMessage ByteCount = 10398:19
TOMMessage ByteCount = 340088000:724350
ConsensusMessage ByteCount = 2635764:12963
--- Measurements after 454000 ops (1000 samples) ---
Throughput = 4784.689 operations/sec (Maximum observed: 8928.571 ops/sec)
Total latency = 5.1613349347546E7 (+/- 0) us 
Consensus latency = 4518.388724 (+/- 300) us 
Pre-consensus latency = 0.0 (+/- 0) us 
Pos-consensus latency = 5.1611037118600994E7 (+/- 0) us 
Propose latency = 2457.707477 (+/- 321) us 
Write latency = 512.051593 (+/- 199) us 
Accept latency = 1548.629654 (+/- 144) us 
Batch average size = NaN (+/- 0) requests
LCMessage ByteCount = 2587:13
StandardSMMessage ByteCount = 10398:19
TOMMessage ByteCount = 340459762:724652
ConsensusMessage ByteCount = 2635764:12963
--- Measurements after 455000 ops (1000 samples) ---
Throughput = 4784.689 operations/sec (Maximum observed: 8928.571 ops/sec)
Total latency = 5.1764174436831005E7 (+/- 0) us 
Consensus latency = 5708.142014999999 (+/- 897) us 
Pre-consensus latency = 0.0 (+/- 0) us 
Pos-consensus latency = 5.1761746566910006E7 (+/- 0) us 
Propose latency = 3628.887116 (+/- 1022) us 
Write latency = 623.606077 (+/- 218) us 
Accept latency = 1455.6488219999999 (+/- 107) us 
Batch average size = NaN (+/- 0) requests
LCMessage ByteCount = 2587:13
StandardSMMessage ByteCount = 10398:19
TOMMessage ByteCount = 340762588:724898
ConsensusMessage ByteCount = 2635764:12963
--- Measurements after 456000 ops (1000 samples) ---
Throughput = 4484.305 operations/sec (Maximum observed: 8928.571 ops/sec)
Total latency = 5.1953668591956005E7 (+/- 0) us 
Consensus latency = 4631.196194 (+/- 184) us 
Pre-consensus latency = 0.0 (+/- 0) us 
Pos-consensus latency = 5.1951067206690006E7 (+/- 0) us 
Propose latency = 2244.6748509999998 (+/- 165) us 
Write latency = 752.469607 (+/- 131) us 
Accept latency = 1634.0517360000001 (+/- 201) us 
Batch average size = NaN (+/- 0) requests
LCMessage ByteCount = 2587:13
StandardSMMessage ByteCount = 10398:19
TOMMessage ByteCount = 341102344:725174
ConsensusMessage ByteCount = 2635764:12963
--- Measurements after 457000 ops (1000 samples) ---
Throughput = 7407.407 operations/sec (Maximum observed: 8928.571 ops/sec)
Total latency = 5.2052956276995E7 (+/- 0) us 
Consensus latency = 4679.807809 (+/- 190) us 
Pre-consensus latency = 0.0 (+/- 0) us 
Pos-consensus latency = 5.2050353517322E7 (+/- 0) us 
Propose latency = 2300.9878870000002 (+/- 183) us 
Write latency = 845.71136 (+/- 204) us 
Accept latency = 1533.108562 (+/- 156) us 
Batch average size = NaN (+/- 0) requests
LCMessage ByteCount = 2587:13
StandardSMMessage ByteCount = 10398:19
TOMMessage ByteCount = 341349775:725375
ConsensusMessage ByteCount = 2635764:12963
--- Measurements after 458000 ops (1000 samples) ---
Throughput = 7142.857 operations/sec (Maximum observed: 8928.571 ops/sec)
Total latency = 5.213204087114701E7 (+/- 0) us 
Consensus latency = 5412.155878 (+/- 3053) us 
Pre-consensus latency = 0.0 (+/- 0) us 
Pos-consensus latency = 5.2128825400682E7 (+/- 0) us 
Propose latency = 3567.933805 (+/- 3179) us 
Write latency = 535.611982 (+/- 375) us 
Accept latency = 1308.610091 (+/- 258) us 
Batch average size = NaN (+/- 0) requests
LCMessage ByteCount = 2587:13
StandardSMMessage ByteCount = 10398:19
TOMMessage ByteCount = 341557814:725544
ConsensusMessage ByteCount = 2635764:12963
--- Measurements after 459000 ops (1000 samples) ---
Throughput = 7518.797 operations/sec (Maximum observed: 8928.571 ops/sec)
Total latency = 5.2215455812044E7 (+/- 0) us 
Consensus latency = 4666.880429999999 (+/- 371) us 
Pre-consensus latency = 0.0 (+/- 0) us 
Pos-consensus latency = 5.2212881273990996E7 (+/- 0) us 
Propose latency = 2361.514532 (+/- 187) us 
Write latency = 688.49098 (+/- 242) us 
Accept latency = 1616.874918 (+/- 198) us 
Batch average size = NaN (+/- 0) requests
LCMessage ByteCount = 2587:13
StandardSMMessage ByteCount = 10398:19
TOMMessage ByteCount = 341767084:725714
ConsensusMessage ByteCount = 2635764:12963
--- Measurements after 460000 ops (1000 samples) ---
Throughput = 8130.0815 operations/sec (Maximum observed: 8928.571 ops/sec)
Total latency = 5.2287983356355004E7 (+/- 0) us 
Consensus latency = 4527.14517 (+/- 168) us 
Pre-consensus latency = 0.0 (+/- 0) us 
Pos-consensus latency = 5.2285472292113E7 (+/- 0) us 
Propose latency = 2248.989229 (+/- 235) us 
Write latency = 853.95024 (+/- 173) us 
Accept latency = 1424.2057009999999 (+/- 193) us 
Batch average size = NaN (+/- 0) requests
LCMessage ByteCount = 2587:13
StandardSMMessage ByteCount = 10398:19
TOMMessage ByteCount = 341863102:725792
ConsensusMessage ByteCount = 2635764:12963
--- Measurements after 461000 ops (1000 samples) ---
Throughput = 4854.369 operations/sec (Maximum observed: 8928.571 ops/sec)
Total latency = 5.242170572026E7 (+/- 0) us 
Consensus latency = 4347.779213000001 (+/- 311) us 
Pre-consensus latency = 0.0 (+/- 0) us 
Pos-consensus latency = 5.2419319482030995E7 (+/- 0) us 
Propose latency = 2212.200963 (+/- 189) us 
Write latency = 713.011132 (+/- 365) us 
Accept latency = 1422.567118 (+/- 184) us 
Batch average size = NaN (+/- 0) requests
LCMessage ByteCount = 2587:13
StandardSMMessage ByteCount = 10398:19
TOMMessage ByteCount = 341879105:725805
ConsensusMessage ByteCount = 2635764:12963
--- Measurements after 462000 ops (1000 samples) ---
Throughput = 8264.463 operations/sec (Maximum observed: 8928.571 ops/sec)
Total latency = 5.250016283251E7 (+/- 0) us 
Consensus latency = 5716.927206 (+/- 1300) us 
Pre-consensus latency = 0.0 (+/- 0) us 
Pos-consensus latency = 5.249729309815E7 (+/- 0) us 
Propose latency = 3155.2750269999997 (+/- 1238) us 
Write latency = 926.8753320000001 (+/- 335) us 
Accept latency = 1634.776847 (+/- 186) us 
Batch average size = NaN (+/- 0) requests
LCMessage ByteCount = 2587:13
StandardSMMessage ByteCount = 10398:19
TOMMessage ByteCount = 341886491:725811
ConsensusMessage ByteCount = 2635764:12963
--- Measurements after 463000 ops (1000 samples) ---
Throughput = 7874.0156 operations/sec (Maximum observed: 8928.571 ops/sec)
Total latency = 5.2564878099529E7 (+/- 0) us 
Consensus latency = 6492.689118 (+/- 2821) us 
Pre-consensus latency = 0.0 (+/- 0) us 
Pos-consensus latency = 5.2562046113247E7 (+/- 0) us 
Propose latency = 4339.372385 (+/- 3139) us 
Write latency = 577.516655 (+/- 170) us 
Accept latency = 1575.800078 (+/- 236) us 
Batch average size = NaN (+/- 0) requests
LCMessage ByteCount = 2587:13
StandardSMMessage ByteCount = 10398:19
TOMMessage ByteCount = 342004667:725907
ConsensusMessage ByteCount = 2635764:12963
--- Measurements after 464000 ops (1000 samples) ---
Throughput = 7692.3076 operations/sec (Maximum observed: 8928.571 ops/sec)
Total latency = 5.2644645413833E7 (+/- 0) us 
Consensus latency = 4727.722289 (+/- 166) us 
Pre-consensus latency = 0.0 (+/- 0) us 
Pos-consensus latency = 5.2642085331716E7 (+/- 0) us 
Propose latency = 2406.91881 (+/- 124) us 
Write latency = 769.737215 (+/- 154) us 
Accept latency = 1551.066264 (+/- 105) us 
Batch average size = NaN (+/- 0) requests
LCMessage ByteCount = 2587:13
StandardSMMessage ByteCount = 10398:19
TOMMessage ByteCount = 342190548:726058
ConsensusMessage ByteCount = 2635764:12963
--- Measurements after 465000 ops (1000 samples) ---
Throughput = 5154.639 operations/sec (Maximum observed: 8928.571 ops/sec)
Total latency = 5.2731852170982E7 (+/- 0) us 
Consensus latency = 4559.426593 (+/- 235) us 
Pre-consensus latency = 0.0 (+/- 0) us 
Pos-consensus latency = 5.2729390102546E7 (+/- 0) us 
Propose latency = 2312.10195 (+/- 203) us 
Write latency = 637.82314 (+/- 212) us 
Accept latency = 1609.501503 (+/- 187) us 
Batch average size = NaN (+/- 0) requests
LCMessage ByteCount = 2587:13
StandardSMMessage ByteCount = 10398:19
TOMMessage ByteCount = 342542614:726344
ConsensusMessage ByteCount = 2635764:12963
--- Measurements after 466000 ops (1000 samples) ---
Throughput = 7142.857 operations/sec (Maximum observed: 8928.571 ops/sec)
Total latency = 5.2861875611653E7 (+/- 0) us 
Consensus latency = 4589.754818 (+/- 237) us 
Pre-consensus latency = 0.0 (+/- 0) us 
Pos-consensus latency = 5.2859326794200994E7 (+/- 0) us 
Propose latency = 2289.724911 (+/- 144) us 
Write latency = 757.591317 (+/- 278) us 
Accept latency = 1542.43859 (+/- 141) us 
Batch average size = NaN (+/- 0) requests
LCMessage ByteCount = 2587:13
StandardSMMessage ByteCount = 10398:19
TOMMessage ByteCount = 342748191:726511
ConsensusMessage ByteCount = 2635764:12963
--- Measurements after 467000 ops (1000 samples) ---
Throughput = 7092.1987 operations/sec (Maximum observed: 8928.571 ops/sec)
Total latency = 5.2947784053026E7 (+/- 0) us 
Consensus latency = 4654.515858 (+/- 217) us 
Pre-consensus latency = 0.0 (+/- 0) us 
Pos-consensus latency = 5.2945186775855005E7 (+/- 0) us 
Propose latency = 2287.783743 (+/- 133) us 
Write latency = 791.6670600000001 (+/- 248) us 
Accept latency = 1575.065055 (+/- 112) us 
Batch average size = NaN (+/- 0) requests
LCMessage ByteCount = 2587:13
StandardSMMessage ByteCount = 10398:19
TOMMessage ByteCount = 343001777:726717
ConsensusMessage ByteCount = 2635764:12963
--- Measurements after 468000 ops (1000 samples) ---
Throughput = 7042.2534 operations/sec (Maximum observed: 8928.571 ops/sec)
Total latency = 5.3032073095497005E7 (+/- 0) us 
Consensus latency = 5134.4846529999995 (+/- 2908) us 
Pre-consensus latency = 0.0 (+/- 0) us 
Pos-consensus latency = 5.3029631179287E7 (+/- 0) us 
Propose latency = 3247.295997 (+/- 2844) us 
Write latency = 419.313746 (+/- 407) us 
Accept latency = 1467.87491 (+/- 120) us 
Batch average size = NaN (+/- 0) requests
LCMessage ByteCount = 2587:13
StandardSMMessage ByteCount = 10398:19
TOMMessage ByteCount = 343180272:726862
ConsensusMessage ByteCount = 2635764:12963
--- Measurements after 469000 ops (1000 samples) ---
Throughput = 7692.3076 operations/sec (Maximum observed: 8928.571 ops/sec)
Total latency = 5.3115838359463E7 (+/- 0) us 
Consensus latency = 4644.83018 (+/- 909) us 
Pre-consensus latency = 0.0 (+/- 0) us 
Pos-consensus latency = 5.3113295837775E7 (+/- 0) us 
Propose latency = 2663.274291 (+/- 903) us 
Write latency = 396.552548 (+/- 225) us 
Accept latency = 1585.003341 (+/- 199) us 
Batch average size = NaN (+/- 0) requests
LCMessage ByteCount = 2587:13
StandardSMMessage ByteCount = 10398:19
TOMMessage ByteCount = 343227050:726900
ConsensusMessage ByteCount = 2635764:12963
--- Measurements after 470000 ops (1000 samples) ---
Throughput = 5586.5923 operations/sec (Maximum observed: 8928.571 ops/sec)
Total latency = 5.3208547865117E7 (+/- 0) us 
Consensus latency = 5323.726883 (+/- 1106) us 
Pre-consensus latency = 0.0 (+/- 0) us 
Pos-consensus latency = 5.3206102269179E7 (+/- 0) us 
Propose latency = 3212.693182 (+/- 1062) us 
Write latency = 530.903113 (+/- 181) us 
Accept latency = 1580.130588 (+/- 180) us 
Batch average size = NaN (+/- 0) requests
LCMessage ByteCount = 2587:13
StandardSMMessage ByteCount = 10398:19
TOMMessage ByteCount = 343238129:726909
ConsensusMessage ByteCount = 2635764:12963
--- Measurements after 471000 ops (1000 samples) ---
Throughput = 8695.652 operations/sec (Maximum observed: 8928.571 ops/sec)
Total latency = 5.3306151529961E7 (+/- 0) us 
Consensus latency = 5020.754997 (+/- 741) us 
Pre-consensus latency = 0.0 (+/- 0) us 
Pos-consensus latency = 5.3303600870819E7 (+/- 0) us 
Propose latency = 2753.26281 (+/- 722) us 
Write latency = 576.5060960000001 (+/- 175) us 
Accept latency = 1690.986091 (+/- 154) us 
Batch average size = NaN (+/- 0) requests
LCMessage ByteCount = 2587:13
StandardSMMessage ByteCount = 10398:19
TOMMessage ByteCount = 343246746:726916
ConsensusMessage ByteCount = 2635764:12963
--- Measurements after 472000 ops (1000 samples) ---
Throughput = 8474.576 operations/sec (Maximum observed: 8928.571 ops/sec)
Total latency = 5.3366152542036004E7 (+/- 0) us 
Consensus latency = 4644.656889999999 (+/- 235) us 
Pre-consensus latency = 0.0 (+/- 0) us 
Pos-consensus latency = 5.3363816808835E7 (+/- 0) us 
Propose latency = 2580.090941 (+/- 249) us 
Write latency = 577.15579 (+/- 159) us 
Accept latency = 1487.410159 (+/- 156) us 
Batch average size = NaN (+/- 0) requests
LCMessage ByteCount = 2587:13
StandardSMMessage ByteCount = 10398:19
TOMMessage ByteCount = 343254132:726922
ConsensusMessage ByteCount = 2635764:12963
--- Measurements after 473000 ops (1000 samples) ---
Throughput = 8547.009 operations/sec (Maximum observed: 8928.571 ops/sec)
Total latency = 5.3425061837436E7 (+/- 0) us 
Consensus latency = 5845.289667 (+/- 1799) us 
Pre-consensus latency = 0.0 (+/- 0) us 
Pos-consensus latency = 5.342177425452E7 (+/- 0) us 
Propose latency = 3142.8692859999996 (+/- 949) us 
Write latency = 1091.1728130000001 (+/- 1791) us 
Accept latency = 1611.247568 (+/- 182) us 
Batch average size = NaN (+/- 0) requests
LCMessage ByteCount = 2587:13
StandardSMMessage ByteCount = 10398:19
TOMMessage ByteCount = 343267673:726933
ConsensusMessage ByteCount = 2635764:12963
--- Measurements after 474000 ops (1000 samples) ---
Throughput = 8849.558 operations/sec (Maximum observed: 8928.571 ops/sec)
Total latency = 5.3488875089805E7 (+/- 0) us 
Consensus latency = 5001.56931 (+/- 473) us 
Pre-consensus latency = 0.0 (+/- 0) us 
Pos-consensus latency = 5.348632637301999E7 (+/- 0) us 
Propose latency = 2692.8653080000004 (+/- 424) us 
Write latency = 659.34103 (+/- 193) us 
Accept latency = 1649.3629720000001 (+/- 175) us 
Batch average size = NaN (+/- 0) requests
LCMessage ByteCount = 2587:13
StandardSMMessage ByteCount = 10398:19
TOMMessage ByteCount = 343272597:726937
ConsensusMessage ByteCount = 2635764:12963
--- Measurements after 475000 ops (1000 samples) ---
Throughput = 5405.4053 operations/sec (Maximum observed: 8928.571 ops/sec)
Total latency = 5.3590078831955E7 (+/- 0) us 
Consensus latency = 4531.43 (+/- 226) us 
Pre-consensus latency = 0.0 (+/- 0) us 
Pos-consensus latency = 5.3587753355594E7 (+/- 0) us 
Propose latency = 2507.1168399999997 (+/- 192) us 
Write latency = 546.0616239999999 (+/- 180) us 
Accept latency = 1478.251536 (+/- 130) us 
Batch average size = NaN (+/- 0) requests
LCMessage ByteCount = 2587:13
StandardSMMessage ByteCount = 10398:19
TOMMessage ByteCount = 343277521:726941
ConsensusMessage ByteCount = 2635764:12963
--- Measurements after 476000 ops (1000 samples) ---
Throughput = 8333.333 operations/sec (Maximum observed: 8928.571 ops/sec)
Total latency = 5.3679177244141E7 (+/- 0) us 
Consensus latency = 4493.057793999999 (+/- 190) us 
Pre-consensus latency = 0.0 (+/- 0) us 
Pos-consensus latency = 5.3676756486947E7 (+/- 0) us 
Propose latency = 2351.501472 (+/- 93) us 
Write latency = 603.882275 (+/- 244) us 
Accept latency = 1537.674047 (+/- 151) us 
Batch average size = NaN (+/- 0) requests
LCMessage ByteCount = 2587:13
StandardSMMessage ByteCount = 10398:19
TOMMessage ByteCount = 343277521:726941
ConsensusMessage ByteCount = 2635764:12963
--- Measurements after 477000 ops (1000 samples) ---
Throughput = 7812.5 operations/sec (Maximum observed: 8928.571 ops/sec)
Total latency = 5.3749930081992E7 (+/- 0) us 
Consensus latency = 4419.046849 (+/- 230) us 
Pre-consensus latency = 0.0 (+/- 0) us 
Pos-consensus latency = 5.3747668681827E7 (+/- 0) us 
Propose latency = 2455.054387 (+/- 126) us 
Write latency = 535.063064 (+/- 183) us 
Accept latency = 1428.929398 (+/- 210) us 
Batch average size = NaN (+/- 0) requests
LCMessage ByteCount = 2587:13
StandardSMMessage ByteCount = 10398:19
TOMMessage ByteCount = 343281214:726944
ConsensusMessage ByteCount = 2635764:12963
--- Measurements after 478000 ops (1000 samples) ---
Throughput = 8333.333 operations/sec (Maximum observed: 8928.571 ops/sec)
Total latency = 5.3815454264263004E7 (+/- 0) us 
Consensus latency = 5453.989633 (+/- 845) us 
Pre-consensus latency = 0.0 (+/- 0) us 
Pos-consensus latency = 5.38130450878E7 (+/- 0) us 
Propose latency = 3412.772162 (+/- 865) us 
Write latency = 512.770348 (+/- 193) us 
Accept latency = 1528.447123 (+/- 347) us 
Batch average size = NaN (+/- 0) requests
LCMessage ByteCount = 2587:13
StandardSMMessage ByteCount = 10398:19
TOMMessage ByteCount = 343282445:726945
ConsensusMessage ByteCount = 2635764:12963
--- Measurements after 479000 ops (1000 samples) ---
Throughput = 8849.558 operations/sec (Maximum observed: 8928.571 ops/sec)
Total latency = 5.3879061110681E7 (+/- 0) us 
Consensus latency = 4527.534774000001 (+/- 364) us 
Pre-consensus latency = 0.0 (+/- 0) us 
Pos-consensus latency = 5.3876612835896E7 (+/- 0) us 
Propose latency = 2364.1308169999998 (+/- 203) us 
Write latency = 592.093649 (+/- 214) us 
Accept latency = 1571.3103079999998 (+/- 303) us 
Batch average size = NaN (+/- 0) requests
LCMessage ByteCount = 2587:13
StandardSMMessage ByteCount = 10398:19
TOMMessage ByteCount = 343282445:726945
ConsensusMessage ByteCount = 2635764:12963
--- Measurements after 480000 ops (1000 samples) ---
Throughput = 3731.3433 operations/sec (Maximum observed: 8928.571 ops/sec)
Total latency = 5.4033707455777E7 (+/- 0) us 
Consensus latency = 4623.3380099999995 (+/- 261) us 
Pre-consensus latency = 0.0 (+/- 0) us 
Pos-consensus latency = 5.4031168541885E7 (+/- 0) us 
Propose latency = 2384.0215780000003 (+/- 185) us 
Write latency = 670.578673 (+/- 211) us 
Accept latency = 1568.737759 (+/- 146) us 
Batch average size = NaN (+/- 0) requests
LCMessage ByteCount = 2587:13
StandardSMMessage ByteCount = 10398:19
TOMMessage ByteCount = 343298448:726958
ConsensusMessage ByteCount = 2635764:12963
--- Measurements after 481000 ops (1000 samples) ---
Throughput = 8474.576 operations/sec (Maximum observed: 8928.571 ops/sec)
Total latency = 5.4150359531257E7 (+/- 0) us 
Consensus latency = 4674.229514000001 (+/- 164) us 
Pre-consensus latency = 0.0 (+/- 0) us 
Pos-consensus latency = 5.4147763113437E7 (+/- 0) us 
Propose latency = 2401.620932 (+/- 179) us 
Write latency = 747.3214869999999 (+/- 259) us 
Accept latency = 1525.287095 (+/- 203) us 
Batch average size = NaN (+/- 0) requests
LCMessage ByteCount = 2587:13
StandardSMMessage ByteCount = 10398:19
TOMMessage ByteCount = 343298448:726958
ConsensusMessage ByteCount = 2635764:12963
--- Measurements after 482000 ops (1000 samples) ---
Throughput = 8264.463 operations/sec (Maximum observed: 8928.571 ops/sec)
Total latency = 5.4212950829242E7 (+/- 0) us 
Consensus latency = 5373.005709 (+/- 1720) us 
Pre-consensus latency = 0.0 (+/- 0) us 
Pos-consensus latency = 5.4209681894668E7 (+/- 0) us 
Propose latency = 2424.8613459999997 (+/- 421) us 
Write latency = 1324.853079 (+/- 1557) us 
Accept latency = 1623.291284 (+/- 179) us 
Batch average size = NaN (+/- 0) requests
LCMessage ByteCount = 2587:13
StandardSMMessage ByteCount = 10398:19
TOMMessage ByteCount = 343300910:726960
ConsensusMessage ByteCount = 2635764:12963
--- Measurements after 483000 ops (1000 samples) ---
Throughput = 8474.576 operations/sec (Maximum observed: 8928.571 ops/sec)
Total latency = 5.4275777300142996E7 (+/- 0) us 
Consensus latency = 5598.357036 (+/- 1487) us 
Pre-consensus latency = 0.0 (+/- 0) us 
Pos-consensus latency = 5.4273360872304E7 (+/- 0) us 
Propose latency = 3788.32641 (+/- 1408) us 
Write latency = 274.828908 (+/- 137) us 
Accept latency = 1535.201718 (+/- 118) us 
Batch average size = NaN (+/- 0) requests
LCMessage ByteCount = 2587:13
StandardSMMessage ByteCount = 10398:19
TOMMessage ByteCount = 343304603:726963
ConsensusMessage ByteCount = 2635764:12963
--- Measurements after 484000 ops (1000 samples) ---
Throughput = 8264.463 operations/sec (Maximum observed: 8928.571 ops/sec)
Total latency = 5.4342350018639E7 (+/- 0) us 
Consensus latency = 4534.354497 (+/- 263) us 
Pre-consensus latency = 0.0 (+/- 0) us 
Pos-consensus latency = 5.4339889333516E7 (+/- 0) us 
Propose latency = 2374.485374 (+/- 219) us 
Write latency = 671.786248 (+/- 301) us 
Accept latency = 1488.082875 (+/- 176) us 
Batch average size = NaN (+/- 0) requests
LCMessage ByteCount = 2587:13
StandardSMMessage ByteCount = 10398:19
TOMMessage ByteCount = 343308296:726966
ConsensusMessage ByteCount = 2635764:12963
--- Measurements after 485000 ops (1000 samples) ---
Throughput = 5376.344 operations/sec (Maximum observed: 8928.571 ops/sec)
Total latency = 5.4457298300488E7 (+/- 0) us 
Consensus latency = 5183.982263 (+/- 840) us 
Pre-consensus latency = 0.0 (+/- 0) us 
Pos-consensus latency = 5.4454547853089E7 (+/- 0) us 
Propose latency = 2743.7642400000004 (+/- 726) us 
Write latency = 882.32875 (+/- 125) us 
Accept latency = 1557.889273 (+/- 140) us 
Batch average size = NaN (+/- 0) requests
LCMessage ByteCount = 2587:13
StandardSMMessage ByteCount = 10398:19
TOMMessage ByteCount = 343320606:726976
ConsensusMessage ByteCount = 2635764:12963
--- Measurements after 486000 ops (1000 samples) ---
Throughput = 3921.5686 operations/sec (Maximum observed: 8928.571 ops/sec)
Total latency = 5.458809958696E7 (+/- 0) us 
Consensus latency = 6165.623891 (+/- 1157) us 
Pre-consensus latency = 0.0 (+/- 0) us 
Pos-consensus latency = 5.4585456302961E7 (+/- 0) us 
Propose latency = 3935.183327 (+/- 972) us 
Write latency = 694.448203 (+/- 221) us 
Accept latency = 1535.992361 (+/- 150) us 
Batch average size = NaN (+/- 0) requests
LCMessage ByteCount = 2587:13
StandardSMMessage ByteCount = 10398:19
TOMMessage ByteCount = 343345226:726996
ConsensusMessage ByteCount = 2635764:12963
--- Measurements after 487000 ops (1000 samples) ---
Throughput = 4807.6924 operations/sec (Maximum observed: 8928.571 ops/sec)
Total latency = 5.4778523622706E7 (+/- 0) us 
Consensus latency = 5381.432003999999 (+/- 2413) us 
Pre-consensus latency = 0.0 (+/- 0) us 
Pos-consensus latency = 5.4775932361865E7 (+/- 0) us 
Propose latency = 3553.678657 (+/- 2475) us 
Write latency = 303.46135300000003 (+/- 276) us 
Accept latency = 1524.291994 (+/- 146) us 
Batch average size = NaN (+/- 0) requests
LCMessage ByteCount = 2587:13
StandardSMMessage ByteCount = 10398:19
TOMMessage ByteCount = 343359998:727008
ConsensusMessage ByteCount = 2635764:12963
--- Measurements after 488000 ops (1000 samples) ---
Throughput = 4739.3364 operations/sec (Maximum observed: 8928.571 ops/sec)
Total latency = 5.4935577451924E7 (+/- 0) us 
Consensus latency = 4462.86783 (+/- 237) us 
Pre-consensus latency = 0.0 (+/- 0) us 
Pos-consensus latency = 5.4933123949619E7 (+/- 0) us 
Propose latency = 2287.114648 (+/- 156) us 
Write latency = 590.868088 (+/- 255) us 
Accept latency = 1584.885094 (+/- 108) us 
Batch average size = NaN (+/- 0) requests
LCMessage ByteCount = 2587:13
StandardSMMessage ByteCount = 10398:19
TOMMessage ByteCount = 343361229:727009
ConsensusMessage ByteCount = 2635764:12963
--- Measurements after 489000 ops (1000 samples) ---
Throughput = 4784.689 operations/sec (Maximum observed: 8928.571 ops/sec)
Total latency = 5.5091523826527E7 (+/- 0) us 
Consensus latency = 4344.600662 (+/- 265) us 
Pre-consensus latency = 0.0 (+/- 0) us 
Pos-consensus latency = 5.5089237041307E7 (+/- 0) us 
Propose latency = 2366.424356 (+/- 149) us 
Write latency = 480.615076 (+/- 223) us 
Accept latency = 1497.56123 (+/- 233) us 
Batch average size = NaN (+/- 0) requests
LCMessage ByteCount = 2587:13
StandardSMMessage ByteCount = 10398:19
TOMMessage ByteCount = 343369846:727016
ConsensusMessage ByteCount = 2635764:12963
--- Measurements after 490000 ops (1000 samples) ---
Throughput = 3816.794 operations/sec (Maximum observed: 8928.571 ops/sec)
Total latency = 5.5289755226678E7 (+/- 0) us 
Consensus latency = 4762.435916 (+/- 307) us 
Pre-consensus latency = 0.0 (+/- 0) us 
Pos-consensus latency = 5.5287092149536006E7 (+/- 0) us 
Propose latency = 2369.74974 (+/- 248) us 
Write latency = 804.798127 (+/- 181) us 
Accept latency = 1587.8880490000001 (+/- 186) us 
Batch average size = NaN (+/- 0) requests
LCMessage ByteCount = 2587:13
StandardSMMessage ByteCount = 10398:19
TOMMessage ByteCount = 343382156:727026
ConsensusMessage ByteCount = 2635764:12963
--- Measurements after 491000 ops (1000 samples) ---
Throughput = 4739.3364 operations/sec (Maximum observed: 8928.571 ops/sec)
Total latency = 5.5452561209391E7 (+/- 0) us 
Consensus latency = 4535.62514 (+/- 205) us 
Pre-consensus latency = 0.0 (+/- 0) us 
Pos-consensus latency = 5.5450009258728E7 (+/- 0) us 
Propose latency = 2277.057391 (+/- 88) us 
Write latency = 686.76226 (+/- 173) us 
Accept latency = 1571.805489 (+/- 175) us 
Batch average size = NaN (+/- 0) requests
LCMessage ByteCount = 2587:13
StandardSMMessage ByteCount = 10398:19
TOMMessage ByteCount = 343404314:727044
ConsensusMessage ByteCount = 2635764:12963
--- Measurements after 492000 ops (1000 samples) ---
Throughput = 4716.981 operations/sec (Maximum observed: 8928.571 ops/sec)
Total latency = 5.5603795108067E7 (+/- 0) us 
Consensus latency = 5108.573613 (+/- 2876) us 
Pre-consensus latency = 0.0 (+/- 0) us 
Pos-consensus latency = 5.5601227285718E7 (+/- 0) us 
Propose latency = 3134.916158 (+/- 2954) us 
Write latency = 468.641549 (+/- 445) us 
Accept latency = 1505.0159059999999 (+/- 107) us 
Batch average size = NaN (+/- 0) requests
LCMessage ByteCount = 2587:13
StandardSMMessage ByteCount = 10398:19
TOMMessage ByteCount = 343416624:727054
ConsensusMessage ByteCount = 2635764:12963
--- Measurements after 493000 ops (1000 samples) ---
Throughput = 4761.905 operations/sec (Maximum observed: 8928.571 ops/sec)
Total latency = 5.5758190452563E7 (+/- 0) us 
Consensus latency = 5215.316615000001 (+/- 1397) us 
Pre-consensus latency = 0.0 (+/- 0) us 
Pos-consensus latency = 5.5755999648734E7 (+/- 0) us 
Propose latency = 3405.584421 (+/- 1444) us 
Write latency = 442.655166 (+/- 285) us 
Accept latency = 1367.077028 (+/- 462) us 
Batch average size = NaN (+/- 0) requests
LCMessage ByteCount = 2587:13
StandardSMMessage ByteCount = 10398:19
TOMMessage ByteCount = 343417855:727055
ConsensusMessage ByteCount = 2635764:12963
--- Measurements after 494000 ops (1000 samples) ---
Throughput = 4761.905 operations/sec (Maximum observed: 8928.571 ops/sec)
Total latency = 5.5912517313443E7 (+/- 0) us 
Consensus latency = 4390.057594999999 (+/- 273) us 
Pre-consensus latency = 0.0 (+/- 0) us 
Pos-consensus latency = 5.5909789100839995E7 (+/- 0) us 
Propose latency = 1939.512753 (+/- 328) us 
Write latency = 949.741196 (+/- 477) us 
Accept latency = 1500.8036459999998 (+/- 201) us 
Batch average size = NaN (+/- 0) requests
LCMessage ByteCount = 2587:13
StandardSMMessage ByteCount = 10398:19
TOMMessage ByteCount = 343424010:727060
ConsensusMessage ByteCount = 2635764:12963
--- Measurements after 495000 ops (1000 samples) ---
Throughput = 3610.1084 operations/sec (Maximum observed: 8928.571 ops/sec)
Total latency = 5.6112717837666E7 (+/- 0) us 
Consensus latency = 4386.423941 (+/- 426) us 
Pre-consensus latency = 0.0 (+/- 0) us 
Pos-consensus latency = 5.6110432736919E7 (+/- 0) us 
Propose latency = 2364.984329 (+/- 286) us 
Write latency = 758.886616 (+/- 258) us 
Accept latency = 1262.5529960000001 (+/- 447) us 
Batch average size = NaN (+/- 0) requests
LCMessage ByteCount = 2587:13
StandardSMMessage ByteCount = 10398:19
TOMMessage ByteCount = 343438782:727072
ConsensusMessage ByteCount = 2635764:12963
--- Measurements after 496000 ops (1000 samples) ---
Throughput = 4807.6924 operations/sec (Maximum observed: 8928.571 ops/sec)
Total latency = 5.6281751777238995E7 (+/- 0) us 
Consensus latency = 4762.604137 (+/- 1526) us 
Pre-consensus latency = 0.0 (+/- 0) us 
Pos-consensus latency = 5.6278937263877995E7 (+/- 0) us 
Propose latency = 2235.2182740000003 (+/- 813) us 
Write latency = 1390.683595 (+/- 1672) us 
Accept latency = 1136.702268 (+/- 326) us 
Batch average size = NaN (+/- 0) requests
LCMessage ByteCount = 2587:13
StandardSMMessage ByteCount = 10398:19
TOMMessage ByteCount = 343446168:727078
ConsensusMessage ByteCount = 2635764:12963
--- Measurements after 497000 ops (1000 samples) ---
Throughput = 4807.6924 operations/sec (Maximum observed: 8928.571 ops/sec)
Total latency = 5.6424729441119E7 (+/- 0) us 
Consensus latency = 4125.887833 (+/- 925) us 
Pre-consensus latency = 0.0 (+/- 0) us 
Pos-consensus latency = 5.6422309736912005E7 (+/- 0) us 
Propose latency = 2011.649783 (+/- 373) us 
Write latency = 610.868835 (+/- 915) us 
Accept latency = 1503.3692150000002 (+/- 155) us 
Batch average size = NaN (+/- 0) requests
LCMessage ByteCount = 2587:13
StandardSMMessage ByteCount = 10398:19
TOMMessage ByteCount = 343456016:727086
ConsensusMessage ByteCount = 2635764:12963
--- Measurements after 498000 ops (1000 samples) ---
Throughput = 4739.3364 operations/sec (Maximum observed: 8928.571 ops/sec)
Total latency = 5.6559850204199E7 (+/- 0) us 
Consensus latency = 3452.411375 (+/- 294) us 
Pre-consensus latency = 0.0 (+/- 0) us 
Pos-consensus latency = 5.6557575072501E7 (+/- 0) us 
Propose latency = 1342.5719159999999 (+/- 237) us 
Write latency = 604.98816 (+/- 240) us 
Accept latency = 1504.8512990000002 (+/- 283) us 
Batch average size = NaN (+/- 0) requests
LCMessage ByteCount = 2587:13
StandardSMMessage ByteCount = 10398:19
TOMMessage ByteCount = 343459709:727089
ConsensusMessage ByteCount = 2635764:12963
--- Measurements after 499000 ops (1000 samples) ---
Throughput = 4761.905 operations/sec (Maximum observed: 8928.571 ops/sec)
Total latency = 5.6668693178516E7 (+/- 0) us 
Consensus latency = 3059.894029 (+/- 509) us 
Pre-consensus latency = 0.0 (+/- 0) us 
Pos-consensus latency = 5.6666613527377E7 (+/- 0) us 
Propose latency = 1145.5250859999999 (+/- 395) us 
Write latency = 403.665169 (+/- 230) us 
Accept latency = 1510.703774 (+/- 156) us 
Batch average size = NaN (+/- 0) requests
LCMessage ByteCount = 2587:13
StandardSMMessage ByteCount = 10398:19
TOMMessage ByteCount = 343481867:727107
ConsensusMessage ByteCount = 2635764:12963
--- Measurements after 500000 ops (1000 samples) ---
Throughput = 3267.9739 operations/sec (Maximum observed: 8928.571 ops/sec)
Total latency = 5.6734162937915E7 (+/- 0) us 
Consensus latency = 2633.4766170000003 (+/- 237) us 
Pre-consensus latency = 0.0 (+/- 0) us 
Pos-consensus latency = 5.6731987936477E7 (+/- 0) us 
Propose latency = 582.635448 (+/- 135) us 
Write latency = 567.389527 (+/- 208) us 
Accept latency = 1483.451642 (+/- 160) us 
Batch average size = NaN (+/- 0) requests
LCMessage ByteCount = 2587:13
StandardSMMessage ByteCount = 10398:19
TOMMessage ByteCount = 343490484:727114
ConsensusMessage ByteCount = 2635764:12963
