-- Using view stored on disk
-- SSL/TLS handshake complete!, Id:0  ## CipherSuite: TLS_ECDHE_ECDSA_WITH_AES_128_GCM_SHA256.
-- SSL/TLS handshake complete!, Id:1  ## CipherSuite: TLS_ECDHE_ECDSA_WITH_AES_128_GCM_SHA256.
-- SSL/TLS handshake complete!, Id:2  ## CipherSuite: TLS_ECDHE_ECDSA_WITH_AES_128_GCM_SHA256.
-- ID = 3
-- N = 4
-- F = 1
-- Port (client <-> server) = 11030
-- Port (server <-> server) = 11031
-- requestTimeout = 2000
-- maxBatch = 1024
-- Binded replica to IP address 134.60.242.14
-- Optimizations:  Read-only Requests: disabled
-- SSL/TLS enabled, protocol version: TLSv1.2
-- In current view: ID:0; F:1; Processes:0(/134.60.242.11:11000),1(/134.60.242.12:11010),2(/134.60.242.13:11020),3(/134.60.242.14:11030),
-- Retrieving State
-- Replica state is up to date
-- 
		###################################
		    Ready to process operations    
		###################################
-- Session Created, active clients=0
-- Session Created, active clients=0
-- Session Created, active clients=0
-- Session Created, active clients=0
-- Session Created, active clients=0
-- Session Created, active clients=0
-- Session Created, active clients=0
-- Session Created, active clients=0
-- Session Created, active clients=0
-- Session Created, active clients=0
-- Session Created, active clients=0
-- Session Created, active clients=0
-- Session Created, active clients=0
-- Session Created, active clients=0
-- Session Created, active clients=0
-- Session Created, active clients=0
-- Session Created, active clients=0
-- Session Created, active clients=0
-- Session Created, active clients=0
-- Session Created, active clients=0
-- Session Created, active clients=0
-- Session Created, active clients=0
-- Session Created, active clients=0
-- Session Created, active clients=0
-- Session Created, active clients=0
-- Session Created, active clients=0
-- Session Created, active clients=0
-- Session Created, active clients=0
-- Session Created, active clients=0
-- Session Created, active clients=0
-- Session Created, active clients=0
-- Session Created, active clients=0
-- Session Created, active clients=0
-- Session Created, active clients=0
-- Session Created, active clients=0
-- Session Created, active clients=0
-- Session Created, active clients=0
-- Session Created, active clients=0
-- Session Created, active clients=0
-- Session Created, active clients=0
-- Session Created, active clients=0
-- Session Created, active clients=0
-- Session Created, active clients=0
-- Session Created, active clients=0
-- Session Created, active clients=0
-- Session Created, active clients=0
-- Session Created, active clients=0
-- Session Created, active clients=0
-- Session Created, active clients=0
-- Session Created, active clients=0
-- Session Created, active clients=0
-- Session Created, active clients=0
-- Session Created, active clients=0
-- Session Created, active clients=0
-- Session Created, active clients=0
-- Session Created, active clients=0
-- Session Created, active clients=0
-- Session Created, active clients=0
-- Session Created, active clients=0
-- Session Created, active clients=0
-- Session Created, active clients=0
-- Session Created, active clients=0
-- Session Created, active clients=0
-- Session Created, active clients=0
-- Session Created, active clients=0
-- Session Created, active clients=0
-- Session Created, active clients=0
-- Session Created, active clients=0
-- Session Created, active clients=0
-- Session Created, active clients=0
-- Session Created, active clients=0
-- Session Created, active clients=0
-- Session Created, active clients=0
-- Session Created, active clients=0
-- Session Created, active clients=0
-- Session Created, active clients=0
-- Session Created, active clients=0
-- Session Created, active clients=0
-- Session Created, active clients=0
-- Session Created, active clients=0
-- Session Created, active clients=0
-- Session Created, active clients=0
-- Session Created, active clients=0
-- Session Created, active clients=0
-- Session Created, active clients=0
-- Session Created, active clients=0
-- Session Created, active clients=0
-- Session Created, active clients=0
-- Session Created, active clients=0
-- Session Created, active clients=0
-- Session Created, active clients=0
-- Session Created, active clients=0
-- Session Created, active clients=0
-- Session Created, active clients=0
-- Session Created, active clients=0
-- Session Created, active clients=0
-- Session Created, active clients=0
-- Session Created, active clients=0
-- Session Created, active clients=0
-- Session Created, active clients=0
--- Measurements after 1000 ops (1000 samples) ---
Throughput = 21.725433 operations/sec (Maximum observed: 21.725433 ops/sec)
Total latency = 39536.371327 (+/- 28129) us 
Consensus latency = 9219.025527000002 (+/- 3897) us 
Pre-consensus latency = 0.0 (+/- 0) us 
Pos-consensus latency = 33666.96580300001 (+/- 26973) us 
Propose latency = 4179.510698 (+/- 2014) us 
Write latency = 1877.537027 (+/- 962) us 
Accept latency = 3161.9778020000003 (+/- 2072) us 
Batch average size = 50.0 (+/- 33) requests
TOMMessage ByteCount = 1397106:1848
StandardSMMessage ByteCount = 10398:19
ConsensusMessage ByteCount = 12196:60
--- Measurements after 2000 ops (1000 samples) ---
Throughput = 60.591373 operations/sec (Maximum observed: 60.591373 ops/sec)
Total latency = 27207.208802999998 (+/- 15232) us 
Consensus latency = 6083.01609 (+/- 731) us 
Pre-consensus latency = 0.0 (+/- 0) us 
Pos-consensus latency = 23283.840678 (+/- 15267) us 
Propose latency = 2582.8625869999996 (+/- 719) us 
Write latency = 1176.276806 (+/- 525) us 
Accept latency = 2323.876697 (+/- 371) us 
Batch average size = 50.0 (+/- 33) requests
TOMMessage ByteCount = 2894006:3828
StandardSMMessage ByteCount = 10398:19
ConsensusMessage ByteCount = 24396:120
--- Measurements after 3000 ops (1000 samples) ---
Throughput = 153.89351 operations/sec (Maximum observed: 153.89351 ops/sec)
Total latency = 23808.411201000003 (+/- 12843) us 
Consensus latency = 5262.433291 (+/- 728) us 
Pre-consensus latency = 0.0 (+/- 0) us 
Pos-consensus latency = 20320.352031 (+/- 12798) us 
Propose latency = 2158.185648 (+/- 568) us 
Write latency = 1135.2428810000001 (+/- 367) us 
Accept latency = 1969.004762 (+/- 288) us 
Batch average size = 50.0 (+/- 29) requests
TOMMessage ByteCount = 4431731:5862
StandardSMMessage ByteCount = 10398:19
ConsensusMessage ByteCount = 36599:180
--- Measurements after 4000 ops (1000 samples) ---
Throughput = 3267.9739 operations/sec (Maximum observed: 3267.9739 ops/sec)
Total latency = 107058.471462 (+/- 0) us 
Consensus latency = 9354.434891 (+/- 1249) us 
Pre-consensus latency = 0.0 (+/- 0) us 
Pos-consensus latency = 103130.050082 (+/- 0) us 
Propose latency = 6473.270893 (+/- 1077) us 
Write latency = 1580.440468 (+/- 408) us 
Accept latency = 1300.72353 (+/- 373) us 
Batch average size = 348.0 (+/- 452) requests
TOMMessage ByteCount = 4806718:6358
StandardSMMessage ByteCount = 10398:19
ConsensusMessage ByteCount = 43920:216
--- Measurements after 5000 ops (1000 samples) ---
Throughput = 3401.3606 operations/sec (Maximum observed: 3401.3606 ops/sec)
Total latency = 331764.957383 (+/- 0) us 
Consensus latency = 10786.351507 (+/- 236) us 
Pre-consensus latency = 0.0 (+/- 0) us 
Pos-consensus latency = 327598.755887 (+/- 0) us 
Propose latency = 7601.602385 (+/- 308) us 
Write latency = 1415.458451 (+/- 163) us 
Accept latency = 1769.2906710000002 (+/- 208) us 
Batch average size = 3386.0 (+/- 0) requests
TOMMessage ByteCount = 6114610:8088
StandardSMMessage ByteCount = 10398:19
ConsensusMessage ByteCount = 54286:267
--- Measurements after 6000 ops (1000 samples) ---
Throughput = 4424.779 operations/sec (Maximum observed: 4424.779 ops/sec)
Total latency = 506062.53553399997 (+/- 0) us 
Consensus latency = 13669.93433 (+/- 4830) us 
Pre-consensus latency = 0.0 (+/- 0) us 
Pos-consensus latency = 499955.284693 (+/- 0) us 
Propose latency = 8658.426252000001 (+/- 1211) us 
Write latency = 1342.681946 (+/- 507) us 
Accept latency = 3668.826132 (+/- 4152) us 
Batch average size = NaN (+/- 0) requests
TOMMessage ByteCount = 6114610:8088
StandardSMMessage ByteCount = 10398:19
ConsensusMessage ByteCount = 66486:327
--- Measurements after 7000 ops (1000 samples) ---
Throughput = 4587.156 operations/sec (Maximum observed: 4587.156 ops/sec)
Total latency = 669145.399429 (+/- 0) us 
Consensus latency = 19548.667797 (+/- 3465) us 
Pre-consensus latency = 0.0 (+/- 0) us 
Pos-consensus latency = 660084.2394630001 (+/- 0) us 
Propose latency = 13421.360663000001 (+/- 2020) us 
Write latency = 443.35514 (+/- 115) us 
Accept latency = 5683.951994 (+/- 4896) us 
Batch average size = NaN (+/- 0) requests
TOMMessage ByteCount = 6114610:8088
StandardSMMessage ByteCount = 10398:19
ConsensusMessage ByteCount = 81123:399
--- Measurements after 8000 ops (1000 samples) ---
Throughput = 3861.004 operations/sec (Maximum observed: 4587.156 ops/sec)
Total latency = 862516.2755219999 (+/- 0) us 
Consensus latency = 11156.810374 (+/- 1503) us 
Pre-consensus latency = 0.0 (+/- 0) us 
Pos-consensus latency = 858130.492464 (+/- 0) us 
Propose latency = 7624.674435 (+/- 2643) us 
Write latency = 1616.58367 (+/- 1316) us 
Accept latency = 1915.552269 (+/- 86) us 
Batch average size = 14826.0 (+/- 0) requests
TOMMessage ByteCount = 11234306:14860
StandardSMMessage ByteCount = 10398:19
ConsensusMessage ByteCount = 100373:494
--- Measurements after 9000 ops (1000 samples) ---
Throughput = 4545.4546 operations/sec (Maximum observed: 4587.156 ops/sec)
Total latency = 1041133.606766 (+/- 0) us 
Consensus latency = 9182.511982 (+/- 1352) us 
Pre-consensus latency = 0.0 (+/- 0) us 
Pos-consensus latency = 1036764.8141440001 (+/- 0) us 
Propose latency = 5875.539042 (+/- 1853) us 
Write latency = 1305.1880290000001 (+/- 1236) us 
Accept latency = 2001.7849110000002 (+/- 199) us 
Batch average size = NaN (+/- 0) requests
TOMMessage ByteCount = 11234306:14860
StandardSMMessage ByteCount = 10398:19
ConsensusMessage ByteCount = 115885:570
--- Measurements after 10000 ops (1000 samples) ---
Throughput = 3401.3606 operations/sec (Maximum observed: 4587.156 ops/sec)
Total latency = 1210983.5364660001 (+/- 0) us 
Consensus latency = 14969.722964999999 (+/- 5912) us 
Pre-consensus latency = 0.0 (+/- 0) us 
Pos-consensus latency = 1203438.851002 (+/- 0) us 
Propose latency = 10988.287998 (+/- 3643) us 
Write latency = 284.147725 (+/- 94) us 
Accept latency = 3697.287242 (+/- 2337) us 
Batch average size = NaN (+/- 0) requests
TOMMessage ByteCount = 11234306:14860
StandardSMMessage ByteCount = 10398:19
ConsensusMessage ByteCount = 134185:660
--- Measurements after 11000 ops (1000 samples) ---
Throughput = 4464.2856 operations/sec (Maximum observed: 4587.156 ops/sec)
Total latency = 1435170.105811 (+/- 0) us 
Consensus latency = 18978.672972 (+/- 3253) us 
Pre-consensus latency = 0.0 (+/- 0) us 
Pos-consensus latency = 1422791.0567249998 (+/- 0) us 
Propose latency = 11882.594101 (+/- 2198) us 
Write latency = 4825.894466 (+/- 3304) us 
Accept latency = 2270.184405 (+/- 2463) us 
Batch average size = NaN (+/- 0) requests
LCMessage ByteCount = 199:1
TOMMessage ByteCount = 11234306:14860
StandardSMMessage ByteCount = 10398:19
ConsensusMessage ByteCount = 152486:750
--- Measurements after 12000 ops (1000 samples) ---
Throughput = 4807.6924 operations/sec (Maximum observed: 4807.6924 ops/sec)
Total latency = 1604904.2551429998 (+/- 0) us 
Consensus latency = 10877.601946 (+/- 1831) us 
Pre-consensus latency = 0.0 (+/- 0) us 
Pos-consensus latency = 1599420.354213 (+/- 0) us 
Propose latency = 6278.61972 (+/- 3233) us 
Write latency = 2497.3410099999996 (+/- 2015) us 
Accept latency = 2101.641216 (+/- 338) us 
Batch average size = NaN (+/- 0) requests
LCMessage ByteCount = 199:1
TOMMessage ByteCount = 11234306:14860
StandardSMMessage ByteCount = 10398:19
ConsensusMessage ByteCount = 168953:831
--- Measurements after 13000 ops (1000 samples) ---
Throughput = 4329.0044 operations/sec (Maximum observed: 4807.6924 ops/sec)
Total latency = 1786265.04333 (+/- 0) us 
Consensus latency = 6340.794754 (+/- 591) us 
Pre-consensus latency = 0.0 (+/- 0) us 
Pos-consensus latency = 1782524.153829 (+/- 0) us 
Propose latency = 3024.547059 (+/- 254) us 
Write latency = 1225.628916 (+/- 363) us 
Accept latency = 2090.618779 (+/- 295) us 
Batch average size = NaN (+/- 0) requests
LCMessage ByteCount = 199:1
TOMMessage ByteCount = 11234306:14860
StandardSMMessage ByteCount = 10398:19
ConsensusMessage ByteCount = 187866:924
--- Measurements after 14000 ops (1000 samples) ---
Throughput = 3787.879 operations/sec (Maximum observed: 4807.6924 ops/sec)
Total latency = 1956038.394287 (+/- 0) us 
Consensus latency = 8119.496747 (+/- 2540) us 
Pre-consensus latency = 0.0 (+/- 0) us 
Pos-consensus latency = 1952771.481852 (+/- 0) us 
Propose latency = 5328.80729 (+/- 2943) us 
Write latency = 789.0492909999999 (+/- 453) us 
Accept latency = 2001.640166 (+/- 259) us 
Batch average size = NaN (+/- 0) requests
LCMessage ByteCount = 199:1
TOMMessage ByteCount = 11234306:14860
StandardSMMessage ByteCount = 10398:19
ConsensusMessage ByteCount = 210437:1035
--- Measurements after 15000 ops (1000 samples) ---
Throughput = 3906.25 operations/sec (Maximum observed: 4807.6924 ops/sec)
Total latency = 2166073.3629320003 (+/- 0) us 
Consensus latency = 14157.93458 (+/- 3699) us 
Pre-consensus latency = 0.0 (+/- 0) us 
Pos-consensus latency = 2159338.150037 (+/- 0) us 
Propose latency = 8014.389099999999 (+/- 2192) us 
Write latency = 3981.6325899999997 (+/- 5126) us 
Accept latency = 2161.91289 (+/- 2381) us 
Batch average size = NaN (+/- 0) requests
LCMessage ByteCount = 199:1
TOMMessage ByteCount = 11234306:14860
StandardSMMessage ByteCount = 10398:19
ConsensusMessage ByteCount = 232993:1146
--- Measurements after 16000 ops (1000 samples) ---
Throughput = 4587.156 operations/sec (Maximum observed: 4807.6924 ops/sec)
Total latency = 2348945.58478 (+/- 0) us 
Consensus latency = 9316.061372 (+/- 6166) us 
Pre-consensus latency = 0.0 (+/- 0) us 
Pos-consensus latency = 2343414.644713 (+/- 0) us 
Propose latency = 4263.439203 (+/- 1040) us 
Write latency = 259.485615 (+/- 27) us 
Accept latency = 4793.136554 (+/- 5418) us 
Batch average size = NaN (+/- 0) requests
LCMessage ByteCount = 199:1
TOMMessage ByteCount = 11234306:14860
StandardSMMessage ByteCount = 10398:19
ConsensusMessage ByteCount = 253122:1245
--- Measurements after 17000 ops (1000 samples) ---
Throughput = 4255.3193 operations/sec (Maximum observed: 4807.6924 ops/sec)
Total latency = 2530819.14431 (+/- 0) us 
Consensus latency = 5800.70799 (+/- 243) us 
Pre-consensus latency = 0.0 (+/- 0) us 
Pos-consensus latency = 2528240.3936739997 (+/- 0) us 
Propose latency = 3565.221925 (+/- 188) us 
Write latency = 283.733532 (+/- 40) us 
Accept latency = 1951.752533 (+/- 80) us 
Batch average size = NaN (+/- 0) requests
LCMessage ByteCount = 199:1
TOMMessage ByteCount = 11234306:14860
StandardSMMessage ByteCount = 10398:19
ConsensusMessage ByteCount = 273592:1346
--- Measurements after 18000 ops (1000 samples) ---
Throughput = 4672.897 operations/sec (Maximum observed: 4807.6924 ops/sec)
Total latency = 2695192.700625 (+/- 0) us 
Consensus latency = 5672.46453 (+/- 732) us 
Pre-consensus latency = 0.0 (+/- 0) us 
Pos-consensus latency = 2692510.0620440003 (+/- 0) us 
Propose latency = 3428.899997 (+/- 586) us 
Write latency = 307.32432 (+/- 104) us 
Accept latency = 1936.240213 (+/- 203) us 
Batch average size = NaN (+/- 0) requests
LCMessage ByteCount = 199:1
TOMMessage ByteCount = 11234306:14860
StandardSMMessage ByteCount = 10398:19
ConsensusMessage ByteCount = 293376:1443
--- Measurements after 19000 ops (1000 samples) ---
Throughput = 4651.1626 operations/sec (Maximum observed: 4807.6924 ops/sec)
Total latency = 2851386.182861 (+/- 0) us 
Consensus latency = 7068.430522 (+/- 1021) us 
Pre-consensus latency = 0.0 (+/- 0) us 
Pos-consensus latency = 2847881.48469 (+/- 0) us 
Propose latency = 4063.602623 (+/- 703) us 
Write latency = 923.391395 (+/- 533) us 
Accept latency = 2081.436504 (+/- 519) us 
Batch average size = NaN (+/- 0) requests
LCMessage ByteCount = 199:1
TOMMessage ByteCount = 11234306:14860
StandardSMMessage ByteCount = 10398:19
ConsensusMessage ByteCount = 312624:1538
--- Measurements after 20000 ops (1000 samples) ---
Throughput = 4807.6924 operations/sec (Maximum observed: 4807.6924 ops/sec)
Total latency = 3012255.737692 (+/- 0) us 
Consensus latency = 6768.621733 (+/- 1560) us 
Pre-consensus latency = 0.0 (+/- 0) us 
Pos-consensus latency = 3008405.8471680004 (+/- 0) us 
Propose latency = 4062.554054 (+/- 1844) us 
Write latency = 857.927996 (+/- 374) us 
Accept latency = 1848.1396829999999 (+/- 294) us 
Batch average size = NaN (+/- 0) requests
LCMessage ByteCount = 398:2
TOMMessage ByteCount = 11234306:14860
StandardSMMessage ByteCount = 10398:19
ConsensusMessage ByteCount = 330581:1626
--- Measurements after 21000 ops (1000 samples) ---
Throughput = 4694.8354 operations/sec (Maximum observed: 4807.6924 ops/sec)
Total latency = 3169822.634607 (+/- 0) us 
Consensus latency = 5826.199547 (+/- 658) us 
Pre-consensus latency = 0.0 (+/- 0) us 
Pos-consensus latency = 3166956.9893239997 (+/- 0) us 
Propose latency = 3267.3860290000002 (+/- 336) us 
Write latency = 664.484471 (+/- 548) us 
Accept latency = 1894.329047 (+/- 227) us 
Batch average size = NaN (+/- 0) requests
LCMessage ByteCount = 398:2
TOMMessage ByteCount = 11234306:14860
StandardSMMessage ByteCount = 10398:19
ConsensusMessage ByteCount = 351056:1727
--- Measurements after 22000 ops (1000 samples) ---
Throughput = 4651.1626 operations/sec (Maximum observed: 4807.6924 ops/sec)
Total latency = 3326127.535717 (+/- 0) us 
Consensus latency = 5445.664699 (+/- 568) us 
Pre-consensus latency = 0.0 (+/- 0) us 
Pos-consensus latency = 3323378.900834 (+/- 0) us 
Propose latency = 2980.675674 (+/- 176) us 
Write latency = 704.559895 (+/- 437) us 
Accept latency = 1760.42913 (+/- 292) us 
Batch average size = NaN (+/- 0) requests
LCMessage ByteCount = 398:2
TOMMessage ByteCount = 11234306:14860
StandardSMMessage ByteCount = 10398:19
ConsensusMessage ByteCount = 369968:1820
--- Measurements after 23000 ops (1000 samples) ---
Throughput = 2985.0747 operations/sec (Maximum observed: 4807.6924 ops/sec)
Total latency = 3567729.787935 (+/- 0) us 
Consensus latency = 6656.984079 (+/- 1505) us 
Pre-consensus latency = 0.0 (+/- 0) us 
Pos-consensus latency = 3563433.589668 (+/- 0) us 
Propose latency = 2961.398227 (+/- 854) us 
Write latency = 831.932146 (+/- 643) us 
Accept latency = 2863.6537059999996 (+/- 1193) us 
Batch average size = 62155.0 (+/- 0) requests
LCMessage ByteCount = 398:2
TOMMessage ByteCount = 33651549:44512
StandardSMMessage ByteCount = 10398:19
ConsensusMessage ByteCount = 400911:1972
--- Measurements after 24000 ops (1000 samples) ---
Throughput = 4444.4443 operations/sec (Maximum observed: 4807.6924 ops/sec)
Total latency = 3753171.347362 (+/- 0) us 
Consensus latency = 5955.521193 (+/- 410) us 
Pre-consensus latency = 0.0 (+/- 0) us 
Pos-consensus latency = 3748860.198769 (+/- 0) us 
Propose latency = 2193.387727 (+/- 204) us 
Write latency = 1534.567054 (+/- 380) us 
Accept latency = 2227.566412 (+/- 226) us 
Batch average size = NaN (+/- 0) requests
LCMessage ByteCount = 398:2
TOMMessage ByteCount = 33651549:44512
StandardSMMessage ByteCount = 10398:19
ConsensusMessage ByteCount = 420257:2067
--- Measurements after 25000 ops (1000 samples) ---
Throughput = 4672.897 operations/sec (Maximum observed: 4807.6924 ops/sec)
Total latency = 3909392.5851999996 (+/- 0) us 
Consensus latency = 6037.649257 (+/- 604) us 
Pre-consensus latency = 0.0 (+/- 0) us 
Pos-consensus latency = 3905507.28409 (+/- 0) us 
Propose latency = 2778.184377 (+/- 449) us 
Write latency = 1087.468337 (+/- 711) us 
Accept latency = 2171.996543 (+/- 244) us 
Batch average size = NaN (+/- 0) requests
LCMessage ByteCount = 398:2
TOMMessage ByteCount = 33651549:44512
StandardSMMessage ByteCount = 10398:19
ConsensusMessage ByteCount = 440118:2165
--- Measurements after 26000 ops (1000 samples) ---
Throughput = 4830.918 operations/sec (Maximum observed: 4830.918 ops/sec)
Total latency = 4061469.773722 (+/- 0) us 
Consensus latency = 6055.5622539999995 (+/- 259) us 
Pre-consensus latency = 0.0 (+/- 0) us 
Pos-consensus latency = 4058546.789145 (+/- 0) us 
Propose latency = 3683.27778 (+/- 297) us 
Write latency = 516.871946 (+/- 427) us 
Accept latency = 1855.4125279999998 (+/- 145) us 
Batch average size = NaN (+/- 0) requests
LCMessage ByteCount = 398:2
TOMMessage ByteCount = 33651549:44512
StandardSMMessage ByteCount = 10398:19
ConsensusMessage ByteCount = 457457:2250
--- Measurements after 27000 ops (1000 samples) ---
Throughput = 4694.8354 operations/sec (Maximum observed: 4830.918 ops/sec)
Total latency = 4212719.654105 (+/- 0) us 
Consensus latency = 6478.825098 (+/- 1604) us 
Pre-consensus latency = 0.0 (+/- 0) us 
Pos-consensus latency = 4209673.99552 (+/- 0) us 
Propose latency = 4230.58892 (+/- 1662) us 
Write latency = 409.37149200000005 (+/- 322) us 
Accept latency = 1838.864686 (+/- 559) us 
Batch average size = NaN (+/- 0) requests
LCMessage ByteCount = 398:2
TOMMessage ByteCount = 33651549:44512
StandardSMMessage ByteCount = 10398:19
ConsensusMessage ByteCount = 476978:2346
--- Measurements after 28000 ops (1000 samples) ---
Throughput = 4545.4546 operations/sec (Maximum observed: 4830.918 ops/sec)
Total latency = 4375804.468255 (+/- 0) us 
Consensus latency = 6246.020326000001 (+/- 360) us 
Pre-consensus latency = 0.0 (+/- 0) us 
Pos-consensus latency = 4372491.314722 (+/- 0) us 
Propose latency = 3262.311322 (+/- 186) us 
Write latency = 1135.272331 (+/- 198) us 
Accept latency = 1848.436673 (+/- 242) us 
Batch average size = NaN (+/- 0) requests
LCMessage ByteCount = 398:2
TOMMessage ByteCount = 33651549:44512
StandardSMMessage ByteCount = 10398:19
ConsensusMessage ByteCount = 495890:2439
--- Measurements after 29000 ops (1000 samples) ---
Throughput = 4219.409 operations/sec (Maximum observed: 4830.918 ops/sec)
Total latency = 4544310.60265 (+/- 0) us 
Consensus latency = 6661.162021 (+/- 840) us 
Pre-consensus latency = 0.0 (+/- 0) us 
Pos-consensus latency = 4541140.278024999 (+/- 0) us 
Propose latency = 3858.523789 (+/- 841) us 
Write latency = 784.805485 (+/- 341) us 
Accept latency = 2017.832747 (+/- 144) us 
Batch average size = NaN (+/- 0) requests
LCMessage ByteCount = 597:3
TOMMessage ByteCount = 33651549:44512
StandardSMMessage ByteCount = 10398:19
ConsensusMessage ByteCount = 517848:2547
--- Measurements after 30000 ops (1000 samples) ---
Throughput = 4524.8867 operations/sec (Maximum observed: 4830.918 ops/sec)
Total latency = 4725894.107603 (+/- 0) us 
Consensus latency = 5600.4259950000005 (+/- 491) us 
Pre-consensus latency = 0.0 (+/- 0) us 
Pos-consensus latency = 4722945.15929 (+/- 0) us 
Propose latency = 2971.8767230000003 (+/- 269) us 
Write latency = 721.150897 (+/- 310) us 
Accept latency = 1907.398375 (+/- 229) us 
Batch average size = NaN (+/- 0) requests
LCMessage ByteCount = 597:3
TOMMessage ByteCount = 33651549:44512
StandardSMMessage ByteCount = 10398:19
ConsensusMessage ByteCount = 538587:2649
--- Measurements after 31000 ops (1000 samples) ---
Throughput = 4424.779 operations/sec (Maximum observed: 4830.918 ops/sec)
Total latency = 4891077.717793999 (+/- 0) us 
Consensus latency = 9247.938107 (+/- 2697) us 
Pre-consensus latency = 0.0 (+/- 0) us 
Pos-consensus latency = 4886619.863586 (+/- 0) us 
Propose latency = 6452.607424 (+/- 2642) us 
Write latency = 514.1763109999999 (+/- 423) us 
Accept latency = 2281.154372 (+/- 436) us 
Batch average size = NaN (+/- 0) requests
LCMessage ByteCount = 597:3
TOMMessage ByteCount = 33651549:44512
StandardSMMessage ByteCount = 10398:19
ConsensusMessage ByteCount = 560546:2757
--- Measurements after 32000 ops (1000 samples) ---
Throughput = 4424.779 operations/sec (Maximum observed: 4830.918 ops/sec)
Total latency = 5058095.77724 (+/- 0) us 
Consensus latency = 8364.94145 (+/- 498) us 
Pre-consensus latency = 0.0 (+/- 0) us 
Pos-consensus latency = 5054876.325578 (+/- 0) us 
Propose latency = 5729.036366 (+/- 459) us 
Write latency = 231.634447 (+/- 48) us 
Accept latency = 2404.270637 (+/- 106) us 
Batch average size = NaN (+/- 0) requests
LCMessage ByteCount = 597:3
TOMMessage ByteCount = 33651549:44512
StandardSMMessage ByteCount = 10398:19
ConsensusMessage ByteCount = 581897:2862
--- Measurements after 33000 ops (1000 samples) ---
Throughput = 4366.812 operations/sec (Maximum observed: 4830.918 ops/sec)
Total latency = 5227127.132333 (+/- 0) us 
Consensus latency = 8119.572431 (+/- 218) us 
Pre-consensus latency = 0.0 (+/- 0) us 
Pos-consensus latency = 5224006.927846 (+/- 0) us 
Propose latency = 5582.972353 (+/- 218) us 
Write latency = 228.555422 (+/- 23) us 
Accept latency = 2308.044656 (+/- 40) us 
Batch average size = NaN (+/- 0) requests
LCMessage ByteCount = 597:3
TOMMessage ByteCount = 33651549:44512
StandardSMMessage ByteCount = 10398:19
ConsensusMessage ByteCount = 603249:2967
--- Measurements after 34000 ops (1000 samples) ---
Throughput = 4524.8867 operations/sec (Maximum observed: 4830.918 ops/sec)
Total latency = 5400028.9152770005 (+/- 0) us 
Consensus latency = 7537.650003 (+/- 1227) us 
Pre-consensus latency = 0.0 (+/- 0) us 
Pos-consensus latency = 5396923.070307001 (+/- 0) us 
Propose latency = 4940.750596 (+/- 1165) us 
Write latency = 219.68245800000003 (+/- 26) us 
Accept latency = 2377.216949 (+/- 144) us 
Batch average size = NaN (+/- 0) requests
LCMessage ByteCount = 597:3
TOMMessage ByteCount = 33651549:44512
StandardSMMessage ByteCount = 10398:19
ConsensusMessage ByteCount = 624599:3072
--- Measurements after 35000 ops (1000 samples) ---
Throughput = 4385.965 operations/sec (Maximum observed: 4830.918 ops/sec)
Total latency = 5573276.32073 (+/- 0) us 
Consensus latency = 6712.169156000001 (+/- 1832) us 
Pre-consensus latency = 0.0 (+/- 0) us 
Pos-consensus latency = 5570499.541566 (+/- 0) us 
Propose latency = 4394.831656 (+/- 1701) us 
Write latency = 388.65799499999997 (+/- 278) us 
Accept latency = 1928.6795049999998 (+/- 335) us 
Batch average size = NaN (+/- 0) requests
LCMessage ByteCount = 597:3
TOMMessage ByteCount = 33651549:44512
StandardSMMessage ByteCount = 10398:19
ConsensusMessage ByteCount = 645945:3177
--- Measurements after 36000 ops (1000 samples) ---
Throughput = 4424.779 operations/sec (Maximum observed: 4830.918 ops/sec)
Total latency = 5744781.612872 (+/- 0) us 
Consensus latency = 5175.021769999999 (+/- 303) us 
Pre-consensus latency = 0.0 (+/- 0) us 
Pos-consensus latency = 5742154.241605 (+/- 0) us 
Propose latency = 2872.2342310000004 (+/- 252) us 
Write latency = 599.665043 (+/- 298) us 
Accept latency = 1703.122496 (+/- 197) us 
Batch average size = NaN (+/- 0) requests
LCMessage ByteCount = 597:3
TOMMessage ByteCount = 33651549:44512
StandardSMMessage ByteCount = 10398:19
ConsensusMessage ByteCount = 666677:3279
--- Measurements after 37000 ops (1000 samples) ---
Throughput = 4716.981 operations/sec (Maximum observed: 4830.918 ops/sec)
Total latency = 5908270.949538 (+/- 0) us 
Consensus latency = 5134.654735 (+/- 323) us 
Pre-consensus latency = 0.0 (+/- 0) us 
Pos-consensus latency = 5905675.684076 (+/- 0) us 
Propose latency = 2852.1427030000004 (+/- 143) us 
Write latency = 685.041169 (+/- 379) us 
Accept latency = 1597.470863 (+/- 204) us 
Batch average size = NaN (+/- 0) requests
LCMessage ByteCount = 597:3
TOMMessage ByteCount = 33651549:44512
StandardSMMessage ByteCount = 10398:19
ConsensusMessage ByteCount = 686815:3378
--- Measurements after 38000 ops (1000 samples) ---
Throughput = 4545.4546 operations/sec (Maximum observed: 4830.918 ops/sec)
Total latency = 6068633.429198 (+/- 0) us 
Consensus latency = 6663.947542000001 (+/- 2381) us 
Pre-consensus latency = 0.0 (+/- 0) us 
Pos-consensus latency = 6065729.968079001 (+/- 0) us 
Propose latency = 4394.733730999999 (+/- 2465) us 
Write latency = 683.121608 (+/- 513) us 
Accept latency = 1586.092203 (+/- 167) us 
Batch average size = NaN (+/- 0) requests
LCMessage ByteCount = 796:4
TOMMessage ByteCount = 33651549:44512
StandardSMMessage ByteCount = 10398:19
ConsensusMessage ByteCount = 708168:3483
--- Measurements after 39000 ops (1000 samples) ---
Throughput = 4545.4546 operations/sec (Maximum observed: 4830.918 ops/sec)
Total latency = 6232600.167745 (+/- 0) us 
Consensus latency = 5853.861739 (+/- 983) us 
Pre-consensus latency = 0.0 (+/- 0) us 
Pos-consensus latency = 6229660.816106 (+/- 0) us 
Propose latency = 3259.299427 (+/- 688) us 
Write latency = 732.565489 (+/- 196) us 
Accept latency = 1861.9968230000002 (+/- 331) us 
Batch average size = NaN (+/- 0) requests
LCMessage ByteCount = 796:4
TOMMessage ByteCount = 33651549:44512
StandardSMMessage ByteCount = 10398:19
ConsensusMessage ByteCount = 728900:3585
--- Measurements after 40000 ops (1000 samples) ---
Throughput = 4545.4546 operations/sec (Maximum observed: 4830.918 ops/sec)
Total latency = 6394687.717867 (+/- 0) us 
Consensus latency = 7021.543517 (+/- 1492) us 
Pre-consensus latency = 0.0 (+/- 0) us 
Pos-consensus latency = 6391458.061502 (+/- 0) us 
Propose latency = 4313.616548999999 (+/- 1504) us 
Write latency = 1047.368779 (+/- 275) us 
Accept latency = 1660.558189 (+/- 108) us 
Batch average size = NaN (+/- 0) requests
LCMessage ByteCount = 796:4
TOMMessage ByteCount = 33651549:44512
StandardSMMessage ByteCount = 10398:19
ConsensusMessage ByteCount = 749027:3684
--- Measurements after 41000 ops (1000 samples) ---
Throughput = 4694.8354 operations/sec (Maximum observed: 4830.918 ops/sec)
Total latency = 6559175.373402 (+/- 0) us 
Consensus latency = 5373.082752 (+/- 390) us 
Pre-consensus latency = 0.0 (+/- 0) us 
Pos-consensus latency = 6556250.501899 (+/- 0) us 
Propose latency = 2691.731272 (+/- 103) us 
Write latency = 1030.426368 (+/- 369) us 
Accept latency = 1650.925112 (+/- 258) us 
Batch average size = NaN (+/- 0) requests
LCMessage ByteCount = 796:4
TOMMessage ByteCount = 33651549:44512
StandardSMMessage ByteCount = 10398:19
ConsensusMessage ByteCount = 768551:3780
--- Measurements after 42000 ops (1000 samples) ---
Throughput = 4545.4546 operations/sec (Maximum observed: 4830.918 ops/sec)
Total latency = 6722620.157186 (+/- 0) us 
Consensus latency = 5328.536522 (+/- 307) us 
Pre-consensus latency = 0.0 (+/- 0) us 
Pos-consensus latency = 6719895.283573 (+/- 0) us 
Propose latency = 2912.8243820000002 (+/- 297) us 
Write latency = 711.711095 (+/- 164) us 
Accept latency = 1704.001045 (+/- 201) us 
Batch average size = NaN (+/- 0) requests
LCMessage ByteCount = 796:4
TOMMessage ByteCount = 33651549:44512
StandardSMMessage ByteCount = 10398:19
ConsensusMessage ByteCount = 789895:3885
--- Measurements after 43000 ops (1000 samples) ---
Throughput = 4545.4546 operations/sec (Maximum observed: 4830.918 ops/sec)
Total latency = 6881488.870306 (+/- 0) us 
Consensus latency = 6314.174501 (+/- 2780) us 
Pre-consensus latency = 0.0 (+/- 0) us 
Pos-consensus latency = 6877622.291747 (+/- 0) us 
Propose latency = 2999.6176800000003 (+/- 787) us 
Write latency = 558.776048 (+/- 505) us 
Accept latency = 2755.780773 (+/- 2705) us 
Batch average size = NaN (+/- 0) requests
LCMessage ByteCount = 796:4
TOMMessage ByteCount = 33651549:44512
StandardSMMessage ByteCount = 10398:19
ConsensusMessage ByteCount = 808193:3975
--- Measurements after 44000 ops (1000 samples) ---
Throughput = 4587.156 operations/sec (Maximum observed: 4830.918 ops/sec)
Total latency = 7045868.503504 (+/- 0) us 
Consensus latency = 5263.785107 (+/- 255) us 
Pre-consensus latency = 0.0 (+/- 0) us 
Pos-consensus latency = 7043079.038114 (+/- 0) us 
Propose latency = 2795.898583 (+/- 290) us 
Write latency = 697.95212 (+/- 312) us 
Accept latency = 1769.934404 (+/- 182) us 
Batch average size = NaN (+/- 0) requests
LCMessage ByteCount = 796:4
TOMMessage ByteCount = 33651549:44512
StandardSMMessage ByteCount = 10398:19
ConsensusMessage ByteCount = 827712:4071
--- Measurements after 45000 ops (1000 samples) ---
Throughput = 4716.981 operations/sec (Maximum observed: 4830.918 ops/sec)
Total latency = 7204789.520352 (+/- 0) us 
Consensus latency = 6072.942223 (+/- 1100) us 
Pre-consensus latency = 0.0 (+/- 0) us 
Pos-consensus latency = 7202123.31855 (+/- 0) us 
Propose latency = 3871.409426 (+/- 1159) us 
Write latency = 655.7356920000001 (+/- 260) us 
Accept latency = 1545.7971049999999 (+/- 226) us 
Batch average size = NaN (+/- 0) requests
LCMessage ByteCount = 796:4
TOMMessage ByteCount = 33651549:44512
StandardSMMessage ByteCount = 10398:19
ConsensusMessage ByteCount = 847846:4170
--- Measurements after 46000 ops (1000 samples) ---
Throughput = 4608.295 operations/sec (Maximum observed: 4830.918 ops/sec)
Total latency = 7368776.657729999 (+/- 0) us 
Consensus latency = 4932.200019999999 (+/- 375) us 
Pre-consensus latency = 0.0 (+/- 0) us 
Pos-consensus latency = 7366267.845659001 (+/- 0) us 
Propose latency = 2675.297204 (+/- 283) us 
Write latency = 740.517458 (+/- 230) us 
Accept latency = 1516.385358 (+/- 146) us 
Batch average size = NaN (+/- 0) requests
LCMessage ByteCount = 796:4
TOMMessage ByteCount = 33651549:44512
StandardSMMessage ByteCount = 10398:19
ConsensusMessage ByteCount = 869198:4275
--- Measurements after 47000 ops (1000 samples) ---
Throughput = 4587.156 operations/sec (Maximum observed: 4830.918 ops/sec)
Total latency = 7529002.139894 (+/- 0) us 
Consensus latency = 4951.931842 (+/- 302) us 
Pre-consensus latency = 0.0 (+/- 0) us 
Pos-consensus latency = 7526520.164246 (+/- 0) us 
Propose latency = 2735.103925 (+/- 173) us 
Write latency = 525.8048630000001 (+/- 166) us 
Accept latency = 1691.023054 (+/- 186) us 
Batch average size = NaN (+/- 0) requests
LCMessage ByteCount = 995:5
TOMMessage ByteCount = 33651549:44512
StandardSMMessage ByteCount = 10398:19
ConsensusMessage ByteCount = 891163:4383
--- Measurements after 48000 ops (1000 samples) ---
Throughput = 4587.156 operations/sec (Maximum observed: 4830.918 ops/sec)
Total latency = 7689097.612209 (+/- 0) us 
Consensus latency = 5832.487129 (+/- 2120) us 
Pre-consensus latency = 0.0 (+/- 0) us 
Pos-consensus latency = 7686397.253124 (+/- 0) us 
Propose latency = 3596.921299 (+/- 2283) us 
Write latency = 582.141702 (+/- 240) us 
Accept latency = 1653.424128 (+/- 80) us 
Batch average size = NaN (+/- 0) requests
LCMessage ByteCount = 995:5
TOMMessage ByteCount = 33651549:44512
StandardSMMessage ByteCount = 10398:19
ConsensusMessage ByteCount = 911898:4485
--- Measurements after 49000 ops (1000 samples) ---
Throughput = 4739.3364 operations/sec (Maximum observed: 4830.918 ops/sec)
Total latency = 7850880.775303001 (+/- 0) us 
Consensus latency = 5082.947896 (+/- 286) us 
Pre-consensus latency = 0.0 (+/- 0) us 
Pos-consensus latency = 7848244.073895001 (+/- 0) us 
Propose latency = 2740.1499759999997 (+/- 146) us 
Write latency = 682.3944869999999 (+/- 310) us 
Accept latency = 1660.403433 (+/- 203) us 
Batch average size = NaN (+/- 0) requests
LCMessage ByteCount = 995:5
TOMMessage ByteCount = 33651549:44512
StandardSMMessage ByteCount = 10398:19
ConsensusMessage ByteCount = 932639:4587
--- Measurements after 50000 ops (1000 samples) ---
Throughput = 4566.21 operations/sec (Maximum observed: 4830.918 ops/sec)
Total latency = 8008631.94385 (+/- 0) us 
Consensus latency = 6233.2248660000005 (+/- 1175) us 
Pre-consensus latency = 0.0 (+/- 0) us 
Pos-consensus latency = 8005567.273264 (+/- 0) us 
Propose latency = 3669.521672 (+/- 1011) us 
Write latency = 967.276567 (+/- 629) us 
Accept latency = 1596.426627 (+/- 70) us 
Batch average size = NaN (+/- 0) requests
LCMessage ByteCount = 995:5
TOMMessage ByteCount = 33651549:44512
StandardSMMessage ByteCount = 10398:19
ConsensusMessage ByteCount = 952768:4686
--- Measurements after 51000 ops (1000 samples) ---
Throughput = 4566.21 operations/sec (Maximum observed: 4830.918 ops/sec)
Total latency = 8172002.699879 (+/- 0) us 
Consensus latency = 4964.18422 (+/- 368) us 
Pre-consensus latency = 0.0 (+/- 0) us 
Pos-consensus latency = 8169369.577521 (+/- 0) us 
Propose latency = 2618.3160099999996 (+/- 211) us 
Write latency = 689.323201 (+/- 248) us 
Accept latency = 1656.5450090000002 (+/- 161) us 
Batch average size = NaN (+/- 0) requests
LCMessage ByteCount = 995:5
TOMMessage ByteCount = 33651549:44512
StandardSMMessage ByteCount = 10398:19
ConsensusMessage ByteCount = 974291:4792
--- Measurements after 52000 ops (1000 samples) ---
Throughput = 4566.21 operations/sec (Maximum observed: 4830.918 ops/sec)
Total latency = 8332434.126243 (+/- 0) us 
Consensus latency = 5076.638217000001 (+/- 355) us 
Pre-consensus latency = 0.0 (+/- 0) us 
Pos-consensus latency = 8329716.409115 (+/- 0) us 
Propose latency = 2608.8521690000002 (+/- 160) us 
Write latency = 862.697012 (+/- 197) us 
Accept latency = 1605.089036 (+/- 180) us 
Batch average size = NaN (+/- 0) requests
LCMessage ByteCount = 995:5
TOMMessage ByteCount = 33651549:44512
StandardSMMessage ByteCount = 10398:19
ConsensusMessage ByteCount = 994859:4893
--- Measurements after 53000 ops (1000 samples) ---
Throughput = 4739.3364 operations/sec (Maximum observed: 4830.918 ops/sec)
Total latency = 8494588.643795 (+/- 0) us 
Consensus latency = 4785.206961 (+/- 196) us 
Pre-consensus latency = 0.0 (+/- 0) us 
Pos-consensus latency = 8492127.312498 (+/- 0) us 
Propose latency = 2546.665435 (+/- 130) us 
Write latency = 585.750112 (+/- 261) us 
Accept latency = 1652.791414 (+/- 190) us 
Batch average size = NaN (+/- 0) requests
LCMessage ByteCount = 995:5
TOMMessage ByteCount = 33651549:44512
StandardSMMessage ByteCount = 10398:19
ConsensusMessage ByteCount = 1014377:4989
--- Measurements after 54000 ops (1000 samples) ---
Throughput = 4629.6294 operations/sec (Maximum observed: 4830.918 ops/sec)
Total latency = 8653023.357817 (+/- 0) us 
Consensus latency = 4920.857232 (+/- 199) us 
Pre-consensus latency = 0.0 (+/- 0) us 
Pos-consensus latency = 8650373.109615998 (+/- 0) us 
Propose latency = 2543.9040959999998 (+/- 183) us 
Write latency = 755.313323 (+/- 249) us 
Accept latency = 1621.639813 (+/- 176) us 
Batch average size = NaN (+/- 0) requests
LCMessage ByteCount = 995:5
TOMMessage ByteCount = 33651549:44512
StandardSMMessage ByteCount = 10398:19
ConsensusMessage ByteCount = 1034682:5089
--- Measurements after 55000 ops (1000 samples) ---
Throughput = 4566.21 operations/sec (Maximum observed: 4830.918 ops/sec)
Total latency = 8806905.848308 (+/- 0) us 
Consensus latency = 5870.495726 (+/- 1207) us 
Pre-consensus latency = 0.0 (+/- 0) us 
Pos-consensus latency = 8804152.401618 (+/- 0) us 
Propose latency = 3710.6179079999997 (+/- 1394) us 
Write latency = 503.19167300000004 (+/- 292) us 
Accept latency = 1656.6861450000001 (+/- 68) us 
Batch average size = NaN (+/- 0) requests
LCMessage ByteCount = 995:5
TOMMessage ByteCount = 33651549:44512
StandardSMMessage ByteCount = 10398:19
ConsensusMessage ByteCount = 1055862:5193
--- Measurements after 56000 ops (1000 samples) ---
Throughput = 4587.156 operations/sec (Maximum observed: 4830.918 ops/sec)
Total latency = 8979637.346484 (+/- 0) us 
Consensus latency = 5578.706308 (+/- 617) us 
Pre-consensus latency = 0.0 (+/- 0) us 
Pos-consensus latency = 8976554.184453 (+/- 0) us 
Propose latency = 2722.9621159999997 (+/- 219) us 
Write latency = 711.079343 (+/- 366) us 
Accept latency = 2144.664849 (+/- 640) us 
Batch average size = NaN (+/- 0) requests
LCMessage ByteCount = 1194:6
TOMMessage ByteCount = 33651549:44512
StandardSMMessage ByteCount = 10398:19
ConsensusMessage ByteCount = 1077207:5298
--- Measurements after 57000 ops (1000 samples) ---
Throughput = 4629.6294 operations/sec (Maximum observed: 4830.918 ops/sec)
Total latency = 9139985.787201 (+/- 0) us 
Consensus latency = 4954.007963999999 (+/- 203) us 
Pre-consensus latency = 0.0 (+/- 0) us 
Pos-consensus latency = 9137325.709177999 (+/- 0) us 
Propose latency = 2577.4975040000004 (+/- 146) us 
Write latency = 620.892157 (+/- 177) us 
Accept latency = 1755.618303 (+/- 174) us 
Batch average size = NaN (+/- 0) requests
LCMessage ByteCount = 1194:6
TOMMessage ByteCount = 33651549:44512
StandardSMMessage ByteCount = 10398:19
ConsensusMessage ByteCount = 1097945:5400
--- Measurements after 58000 ops (1000 samples) ---
Throughput = 4608.295 operations/sec (Maximum observed: 4830.918 ops/sec)
Total latency = 9298936.794895 (+/- 0) us 
Consensus latency = 4896.221279 (+/- 359) us 
Pre-consensus latency = 0.0 (+/- 0) us 
Pos-consensus latency = 9296423.683406001 (+/- 0) us 
Propose latency = 2637.021666 (+/- 228) us 
Write latency = 801.446261 (+/- 291) us 
Accept latency = 1457.753352 (+/- 189) us 
Batch average size = NaN (+/- 0) requests
LCMessage ByteCount = 1194:6
TOMMessage ByteCount = 33651549:44512
StandardSMMessage ByteCount = 10398:19
ConsensusMessage ByteCount = 1118685:5502
--- Measurements after 59000 ops (1000 samples) ---
Throughput = 4629.6294 operations/sec (Maximum observed: 4830.918 ops/sec)
Total latency = 9456587.514353001 (+/- 0) us 
Consensus latency = 4757.296819 (+/- 323) us 
Pre-consensus latency = 0.0 (+/- 0) us 
Pos-consensus latency = 9454140.146034 (+/- 0) us 
Propose latency = 2590.7079989999997 (+/- 125) us 
Write latency = 638.944386 (+/- 364) us 
Accept latency = 1527.6444339999998 (+/- 204) us 
Batch average size = NaN (+/- 0) requests
LCMessage ByteCount = 1194:6
TOMMessage ByteCount = 33651549:44512
StandardSMMessage ByteCount = 10398:19
ConsensusMessage ByteCount = 1138813:5601
--- Measurements after 60000 ops (1000 samples) ---
Throughput = 4761.905 operations/sec (Maximum observed: 4830.918 ops/sec)
Total latency = 9608550.701826999 (+/- 0) us 
Consensus latency = 7476.468899 (+/- 2728) us 
Pre-consensus latency = 0.0 (+/- 0) us 
Pos-consensus latency = 9604578.895574 (+/- 0) us 
Propose latency = 4300.399372000001 (+/- 1410) us 
Write latency = 513.493406 (+/- 293) us 
Accept latency = 2662.5761209999996 (+/- 2400) us 
Batch average size = NaN (+/- 0) requests
LCMessage ByteCount = 1194:6
TOMMessage ByteCount = 33651549:44512
StandardSMMessage ByteCount = 10398:19
ConsensusMessage ByteCount = 1159552:5703
--- Measurements after 61000 ops (1000 samples) ---
Throughput = 4651.1626 operations/sec (Maximum observed: 4830.918 ops/sec)
Total latency = 9772315.597225001 (+/- 0) us 
Consensus latency = 4607.911062 (+/- 168) us 
Pre-consensus latency = 0.0 (+/- 0) us 
Pos-consensus latency = 9770034.048983999 (+/- 0) us 
Propose latency = 2649.631623 (+/- 196) us 
Write latency = 366.502693 (+/- 236) us 
Accept latency = 1591.776746 (+/- 195) us 
Batch average size = NaN (+/- 0) requests
LCMessage ByteCount = 1194:6
TOMMessage ByteCount = 33651549:44512
StandardSMMessage ByteCount = 10398:19
ConsensusMessage ByteCount = 1180466:5806
--- Measurements after 62000 ops (1000 samples) ---
Throughput = 4629.6294 operations/sec (Maximum observed: 4830.918 ops/sec)
Total latency = 9930343.279167999 (+/- 0) us 
Consensus latency = 4889.902578 (+/- 203) us 
Pre-consensus latency = 0.0 (+/- 0) us 
Pos-consensus latency = 9927699.663322 (+/- 0) us 
Propose latency = 2520.199731 (+/- 236) us 
Write latency = 676.664899 (+/- 192) us 
Accept latency = 1693.0379480000001 (+/- 220) us 
Batch average size = NaN (+/- 0) requests
LCMessage ByteCount = 1194:6
TOMMessage ByteCount = 33651549:44512
StandardSMMessage ByteCount = 10398:19
ConsensusMessage ByteCount = 1201636:5910
--- Measurements after 63000 ops (1000 samples) ---
Throughput = 4629.6294 operations/sec (Maximum observed: 4830.918 ops/sec)
Total latency = 1.0088391143412001E7 (+/- 0) us 
Consensus latency = 5043.187178 (+/- 320) us 
Pre-consensus latency = 0.0 (+/- 0) us 
Pos-consensus latency = 1.0085634892565E7 (+/- 0) us 
Propose latency = 2584.848243 (+/- 321) us 
Write latency = 853.7696060000001 (+/- 255) us 
Accept latency = 1604.569329 (+/- 161) us 
Batch average size = NaN (+/- 0) requests
LCMessage ByteCount = 1194:6
TOMMessage ByteCount = 33651549:44512
StandardSMMessage ByteCount = 10398:19
ConsensusMessage ByteCount = 1222115:6011
--- Measurements after 64000 ops (1000 samples) ---
Throughput = 4784.689 operations/sec (Maximum observed: 4830.918 ops/sec)
Total latency = 1.0247343529419001E7 (+/- 0) us 
Consensus latency = 4835.16803 (+/- 185) us 
Pre-consensus latency = 0.0 (+/- 0) us 
Pos-consensus latency = 1.0244786871398E7 (+/- 0) us 
Propose latency = 2535.755057 (+/- 227) us 
Write latency = 837.659523 (+/- 156) us 
Accept latency = 1461.75345 (+/- 239) us 
Batch average size = NaN (+/- 0) requests
LCMessage ByteCount = 1194:6
TOMMessage ByteCount = 33651549:44512
StandardSMMessage ByteCount = 10398:19
ConsensusMessage ByteCount = 1242511:6111
--- Measurements after 65000 ops (1000 samples) ---
Throughput = 4608.295 operations/sec (Maximum observed: 4830.918 ops/sec)
Total latency = 1.0407821231111E7 (+/- 0) us 
Consensus latency = 5479.582385 (+/- 901) us 
Pre-consensus latency = 0.0 (+/- 0) us 
Pos-consensus latency = 1.0405172944245001E7 (+/- 0) us 
Propose latency = 3211.643491 (+/- 768) us 
Write latency = 697.2034960000001 (+/- 188) us 
Accept latency = 1570.735398 (+/- 168) us 
Batch average size = NaN (+/- 0) requests
LCMessage ByteCount = 1393:7
TOMMessage ByteCount = 33651549:44512
StandardSMMessage ByteCount = 10398:19
ConsensusMessage ByteCount = 1263863:6216
--- Measurements after 66000 ops (1000 samples) ---
Throughput = 4347.826 operations/sec (Maximum observed: 4830.918 ops/sec)
Total latency = 1.0570143960113E7 (+/- 0) us 
Consensus latency = 5509.993399 (+/- 2466) us 
Pre-consensus latency = 0.0 (+/- 0) us 
Pos-consensus latency = 1.0566868999524001E7 (+/- 0) us 
Propose latency = 3605.329406 (+/- 2538) us 
Write latency = 314.455287 (+/- 254) us 
Accept latency = 1590.208706 (+/- 175) us 
Batch average size = NaN (+/- 0) requests
LCMessage ByteCount = 1393:7
TOMMessage ByteCount = 33651549:44512
StandardSMMessage ByteCount = 10398:19
ConsensusMessage ByteCount = 1286169:6326
--- Measurements after 67000 ops (1000 samples) ---
Throughput = 4219.409 operations/sec (Maximum observed: 4830.918 ops/sec)
Total latency = 1.0751614833546E7 (+/- 0) us 
Consensus latency = 4606.682911 (+/- 283) us 
Pre-consensus latency = 0.0 (+/- 0) us 
Pos-consensus latency = 1.0749166750766002E7 (+/- 0) us 
Propose latency = 2452.83655 (+/- 212) us 
Write latency = 591.9352809999999 (+/- 183) us 
Accept latency = 1561.91108 (+/- 180) us 
Batch average size = NaN (+/- 0) requests
LCMessage ByteCount = 1393:7
TOMMessage ByteCount = 33651549:44512
StandardSMMessage ByteCount = 10398:19
ConsensusMessage ByteCount = 1307784:6432
--- Measurements after 68000 ops (1000 samples) ---
Throughput = 4444.4443 operations/sec (Maximum observed: 4830.918 ops/sec)
Total latency = 1.0927526798456E7 (+/- 0) us 
Consensus latency = 4933.295007000001 (+/- 315) us 
Pre-consensus latency = 0.0 (+/- 0) us 
Pos-consensus latency = 1.0925037746001E7 (+/- 0) us 
Propose latency = 2739.930319 (+/- 127) us 
Write latency = 554.942916 (+/- 332) us 
Accept latency = 1638.4217720000001 (+/- 155) us 
Batch average size = NaN (+/- 0) requests
LCMessage ByteCount = 1393:7
TOMMessage ByteCount = 33651549:44512
StandardSMMessage ByteCount = 10398:19
ConsensusMessage ByteCount = 1327304:6528
--- Measurements after 69000 ops (1000 samples) ---
Throughput = 4629.6294 operations/sec (Maximum observed: 4830.918 ops/sec)
Total latency = 1.1094164663939E7 (+/- 0) us 
Consensus latency = 4930.444362 (+/- 197) us 
Pre-consensus latency = 0.0 (+/- 0) us 
Pos-consensus latency = 1.1091500899194E7 (+/- 0) us 
Propose latency = 2544.203877 (+/- 226) us 
Write latency = 795.603536 (+/- 329) us 
Accept latency = 1590.636949 (+/- 174) us 
Batch average size = NaN (+/- 0) requests
LCMessage ByteCount = 1393:7
TOMMessage ByteCount = 33651549:44512
StandardSMMessage ByteCount = 10398:19
ConsensusMessage ByteCount = 1349270:6636
--- Measurements after 70000 ops (1000 samples) ---
Throughput = 4484.305 operations/sec (Maximum observed: 4830.918 ops/sec)
Total latency = 1.1258227442455E7 (+/- 0) us 
Consensus latency = 5153.831684000001 (+/- 477) us 
Pre-consensus latency = 0.0 (+/- 0) us 
Pos-consensus latency = 1.1255554737222001E7 (+/- 0) us 
Propose latency = 2764.717498 (+/- 366) us 
Write latency = 842.741803 (+/- 298) us 
Accept latency = 1546.372383 (+/- 196) us 
Batch average size = NaN (+/- 0) requests
LCMessage ByteCount = 1393:7
TOMMessage ByteCount = 33651549:44512
StandardSMMessage ByteCount = 10398:19
ConsensusMessage ByteCount = 1369398:6735
--- Measurements after 71000 ops (1000 samples) ---
Throughput = 4484.305 operations/sec (Maximum observed: 4830.918 ops/sec)
Total latency = 1.142051833801E7 (+/- 0) us 
Consensus latency = 5475.1011610000005 (+/- 2041) us 
Pre-consensus latency = 0.0 (+/- 0) us 
Pos-consensus latency = 1.1417354668683E7 (+/- 0) us 
Propose latency = 2984.675668 (+/- 1184) us 
Write latency = 265.247232 (+/- 212) us 
Accept latency = 2225.178261 (+/- 1777) us 
Batch average size = NaN (+/- 0) requests
LCMessage ByteCount = 1393:7
TOMMessage ByteCount = 33651549:44512
StandardSMMessage ByteCount = 10398:19
ConsensusMessage ByteCount = 1389871:6836
--- Measurements after 72000 ops (1000 samples) ---
Throughput = 4524.8867 operations/sec (Maximum observed: 4830.918 ops/sec)
Total latency = 1.1589826747235E7 (+/- 0) us 
Consensus latency = 4602.634369 (+/- 277) us 
Pre-consensus latency = 0.0 (+/- 0) us 
Pos-consensus latency = 1.1587468046355E7 (+/- 0) us 
Propose latency = 2550.59283 (+/- 256) us 
Write latency = 553.3708220000001 (+/- 270) us 
Accept latency = 1498.670717 (+/- 198) us 
Batch average size = NaN (+/- 0) requests
LCMessage ByteCount = 1393:7
TOMMessage ByteCount = 33651549:44512
StandardSMMessage ByteCount = 10398:19
ConsensusMessage ByteCount = 1410880:6939
--- Measurements after 73000 ops (1000 samples) ---
Throughput = 4464.2856 operations/sec (Maximum observed: 4830.918 ops/sec)
Total latency = 1.1752778847393E7 (+/- 0) us 
Consensus latency = 5963.607108 (+/- 1752) us 
Pre-consensus latency = 0.0 (+/- 0) us 
Pos-consensus latency = 1.1749555633986E7 (+/- 0) us 
Propose latency = 3035.359523 (+/- 743) us 
Write latency = 663.156734 (+/- 274) us 
Accept latency = 2265.090851 (+/- 1705) us 
Batch average size = NaN (+/- 0) requests
LCMessage ByteCount = 1393:7
TOMMessage ByteCount = 33651549:44512
StandardSMMessage ByteCount = 10398:19
ConsensusMessage ByteCount = 1431968:7043
--- Measurements after 74000 ops (1000 samples) ---
Throughput = 4608.295 operations/sec (Maximum observed: 4830.918 ops/sec)
Total latency = 1.1920907215226E7 (+/- 0) us 
Consensus latency = 4897.698687 (+/- 224) us 
Pre-consensus latency = 0.0 (+/- 0) us 
Pos-consensus latency = 1.1918303086268999E7 (+/- 0) us 
Propose latency = 2566.714691 (+/- 94) us 
Write latency = 807.4005940000001 (+/- 193) us 
Accept latency = 1523.583402 (+/- 131) us 
Batch average size = NaN (+/- 0) requests
LCMessage ByteCount = 1592:8
TOMMessage ByteCount = 33651549:44512
StandardSMMessage ByteCount = 10398:19
ConsensusMessage ByteCount = 1453926:7151
--- Measurements after 75000 ops (1000 samples) ---
Throughput = 4504.5044 operations/sec (Maximum observed: 4830.918 ops/sec)
Total latency = 1.2083819675997E7 (+/- 0) us 
Consensus latency = 6050.855737 (+/- 1268) us 
Pre-consensus latency = 0.0 (+/- 0) us 
Pos-consensus latency = 1.2081000240405E7 (+/- 0) us 
Propose latency = 3678.577515 (+/- 1317) us 
Write latency = 824.976655 (+/- 232) us 
Accept latency = 1547.301567 (+/- 162) us 
Batch average size = NaN (+/- 0) requests
LCMessage ByteCount = 1592:8
TOMMessage ByteCount = 33651549:44512
StandardSMMessage ByteCount = 10398:19
ConsensusMessage ByteCount = 1474927:7254
--- Measurements after 76000 ops (1000 samples) ---
Throughput = 4484.305 operations/sec (Maximum observed: 4830.918 ops/sec)
Total latency = 1.2251051686792E7 (+/- 0) us 
Consensus latency = 5240.129077 (+/- 1753) us 
Pre-consensus latency = 0.0 (+/- 0) us 
Pos-consensus latency = 1.2248526016943E7 (+/- 0) us 
Propose latency = 3013.2830550000003 (+/- 1848) us 
Write latency = 652.6246639999999 (+/- 458) us 
Accept latency = 1574.221358 (+/- 114) us 
Batch average size = NaN (+/- 0) requests
LCMessage ByteCount = 1592:8
TOMMessage ByteCount = 33651549:44512
StandardSMMessage ByteCount = 10398:19
ConsensusMessage ByteCount = 1495402:7355
--- Measurements after 77000 ops (1000 samples) ---
Throughput = 4524.8867 operations/sec (Maximum observed: 4830.918 ops/sec)
Total latency = 1.2416990884421E7 (+/- 0) us 
Consensus latency = 4773.030882 (+/- 322) us 
Pre-consensus latency = 0.0 (+/- 0) us 
Pos-consensus latency = 1.2414518263748E7 (+/- 0) us 
Propose latency = 2547.568922 (+/- 169) us 
Write latency = 654.361098 (+/- 338) us 
Accept latency = 1571.100862 (+/- 280) us 
Batch average size = NaN (+/- 0) requests
LCMessage ByteCount = 1592:8
TOMMessage ByteCount = 33651549:44512
StandardSMMessage ByteCount = 10398:19
ConsensusMessage ByteCount = 1517015:7461
--- Measurements after 78000 ops (1000 samples) ---
Throughput = 4524.8867 operations/sec (Maximum observed: 4830.918 ops/sec)
Total latency = 1.258093715657E7 (+/- 0) us 
Consensus latency = 4770.467724 (+/- 330) us 
Pre-consensus latency = 0.0 (+/- 0) us 
Pos-consensus latency = 1.2578397353377001E7 (+/- 0) us 
Propose latency = 2520.2834550000002 (+/- 147) us 
Write latency = 715.345052 (+/- 243) us 
Accept latency = 1534.839217 (+/- 132) us 
Batch average size = NaN (+/- 0) requests
LCMessage ByteCount = 1592:8
TOMMessage ByteCount = 33651549:44512
StandardSMMessage ByteCount = 10398:19
ConsensusMessage ByteCount = 1537490:7562
--- Measurements after 79000 ops (1000 samples) ---
Throughput = 4587.156 operations/sec (Maximum observed: 4830.918 ops/sec)
Total latency = 1.2742777850826E7 (+/- 0) us 
Consensus latency = 4827.7711229999995 (+/- 247) us 
Pre-consensus latency = 0.0 (+/- 0) us 
Pos-consensus latency = 1.2740214438332E7 (+/- 0) us 
Propose latency = 2560.6159759999996 (+/- 136) us 
Write latency = 683.10159 (+/- 166) us 
Accept latency = 1584.053557 (+/- 191) us 
Batch average size = NaN (+/- 0) requests
LCMessage ByteCount = 1592:8
TOMMessage ByteCount = 33651549:44512
StandardSMMessage ByteCount = 10398:19
ConsensusMessage ByteCount = 1558499:7665
--- Measurements after 80000 ops (1000 samples) ---
Throughput = 4545.4546 operations/sec (Maximum observed: 4830.918 ops/sec)
Total latency = 1.290426686806E7 (+/- 0) us 
Consensus latency = 5515.538175 (+/- 566) us 
Pre-consensus latency = 0.0 (+/- 0) us 
Pos-consensus latency = 1.2901645546418E7 (+/- 0) us 
Propose latency = 3234.7063900000003 (+/- 597) us 
Write latency = 561.758326 (+/- 115) us 
Accept latency = 1719.073459 (+/- 43) us 
Batch average size = NaN (+/- 0) requests
LCMessage ByteCount = 1592:8
TOMMessage ByteCount = 33651549:44512
StandardSMMessage ByteCount = 10398:19
ConsensusMessage ByteCount = 1578620:7764
--- Measurements after 81000 ops (1000 samples) ---
Throughput = 4566.21 operations/sec (Maximum observed: 4830.918 ops/sec)
Total latency = 1.3074555165412001E7 (+/- 0) us 
Consensus latency = 5988.031233 (+/- 1840) us 
Pre-consensus latency = 0.0 (+/- 0) us 
Pos-consensus latency = 1.3071034948520001E7 (+/- 0) us 
Propose latency = 3093.579989 (+/- 1153) us 
Write latency = 622.603736 (+/- 365) us 
Accept latency = 2271.847508 (+/- 1939) us 
Batch average size = NaN (+/- 0) requests
LCMessage ByteCount = 1592:8
TOMMessage ByteCount = 33651549:44512
StandardSMMessage ByteCount = 10398:19
ConsensusMessage ByteCount = 1597535:7857
--- Measurements after 82000 ops (1000 samples) ---
Throughput = 4587.156 operations/sec (Maximum observed: 4830.918 ops/sec)
Total latency = 1.3236151853955E7 (+/- 0) us 
Consensus latency = 4552.682272 (+/- 495) us 
Pre-consensus latency = 0.0 (+/- 0) us 
Pos-consensus latency = 1.3234032242587E7 (+/- 0) us 
Propose latency = 2730.4839150000003 (+/- 501) us 
Write latency = 236.634729 (+/- 166) us 
Accept latency = 1585.563628 (+/- 244) us 
Batch average size = NaN (+/- 0) requests
LCMessage ByteCount = 1592:8
TOMMessage ByteCount = 33651549:44512
StandardSMMessage ByteCount = 10398:19
ConsensusMessage ByteCount = 1617049:7953
--- Measurements after 83000 ops (1000 samples) ---
Throughput = 4587.156 operations/sec (Maximum observed: 4830.918 ops/sec)
Total latency = 1.3399961383645E7 (+/- 0) us 
Consensus latency = 4622.622668999999 (+/- 353) us 
Pre-consensus latency = 0.0 (+/- 0) us 
Pos-consensus latency = 1.3397508602039E7 (+/- 0) us 
Propose latency = 2428.137987 (+/- 308) us 
Write latency = 602.1598290000001 (+/- 110) us 
Accept latency = 1592.3248529999998 (+/- 155) us 
Batch average size = NaN (+/- 0) requests
LCMessage ByteCount = 1791:9
TOMMessage ByteCount = 33651549:44512
StandardSMMessage ByteCount = 10398:19
ConsensusMessage ByteCount = 1635348:8043
--- Measurements after 84000 ops (1000 samples) ---
Throughput = 4608.295 operations/sec (Maximum observed: 4830.918 ops/sec)
Total latency = 1.3561090923795E7 (+/- 0) us 
Consensus latency = 4798.735885 (+/- 281) us 
Pre-consensus latency = 0.0 (+/- 0) us 
Pos-consensus latency = 1.3558459523365999E7 (+/- 0) us 
Propose latency = 2427.392693 (+/- 197) us 
Write latency = 864.0078560000001 (+/- 329) us 
Accept latency = 1507.3353359999999 (+/- 205) us 
Batch average size = NaN (+/- 0) requests
LCMessage ByteCount = 1791:9
TOMMessage ByteCount = 33651549:44512
StandardSMMessage ByteCount = 10398:19
ConsensusMessage ByteCount = 1653043:8130
-- Checkpoint is in position 47394
--- Measurements after 85000 ops (1000 samples) ---
Throughput = 1555.21 operations/sec (Maximum observed: 4830.918 ops/sec)
Total latency = 1.3967554126228001E7 (+/- 0) us 
Consensus latency = 6186.867891 (+/- 2069) us 
Pre-consensus latency = 0.0 (+/- 0) us 
Pos-consensus latency = 1.3963940113602E7 (+/- 0) us 
Propose latency = 2859.6831770000003 (+/- 1404) us 
Write latency = 975.903694 (+/- 987) us 
Accept latency = 2351.28102 (+/- 1856) us 
Batch average size = 47395.0 (+/- 0) requests
LCMessage ByteCount = 1791:9
TOMMessage ByteCount = 127631212:168822
StandardSMMessage ByteCount = 10398:19
ConsensusMessage ByteCount = 1710715:8414
--- Measurements after 86000 ops (1000 samples) ---
Throughput = 4329.0044 operations/sec (Maximum observed: 4830.918 ops/sec)
Total latency = 1.4307877235478E7 (+/- 0) us 
Consensus latency = 4893.576851 (+/- 228) us 
Pre-consensus latency = 0.0 (+/- 0) us 
Pos-consensus latency = 1.4304025406452E7 (+/- 0) us 
Propose latency = 1259.18716 (+/- 175) us 
Write latency = 1981.908181 (+/- 202) us 
Accept latency = 1652.48151 (+/- 214) us 
Batch average size = NaN (+/- 0) requests
LCMessage ByteCount = 1791:9
TOMMessage ByteCount = 127631212:168822
StandardSMMessage ByteCount = 10398:19
ConsensusMessage ByteCount = 1732338:8520
--- Measurements after 87000 ops (1000 samples) ---
Throughput = 2857.1428 operations/sec (Maximum observed: 4830.918 ops/sec)
Total latency = 1.4544522959779E7 (+/- 0) us 
Consensus latency = 4826.616576 (+/- 335) us 
Pre-consensus latency = 0.0 (+/- 0) us 
Pos-consensus latency = 1.454149980845E7 (+/- 0) us 
Propose latency = 2139.822955 (+/- 493) us 
Write latency = 1319.7582730000001 (+/- 466) us 
Accept latency = 1367.0353479999999 (+/- 247) us 
Batch average size = NaN (+/- 0) requests
LCMessage ByteCount = 1791:9
TOMMessage ByteCount = 127631212:168822
StandardSMMessage ByteCount = 10398:19
ConsensusMessage ByteCount = 1763441:8673
--- Measurements after 88000 ops (1000 samples) ---
Throughput = 2873.5632 operations/sec (Maximum observed: 4830.918 ops/sec)
Total latency = 1.4837838874121001E7 (+/- 0) us 
Consensus latency = 5079.212052 (+/- 258) us 
Pre-consensus latency = 0.0 (+/- 0) us 
Pos-consensus latency = 1.4834968720873E7 (+/- 0) us 
Propose latency = 2562.496129 (+/- 143) us 
Write latency = 855.067726 (+/- 248) us 
Accept latency = 1661.648197 (+/- 159) us 
Batch average size = NaN (+/- 0) requests
LCMessage ByteCount = 1791:9
TOMMessage ByteCount = 127631212:168822
StandardSMMessage ByteCount = 10398:19
ConsensusMessage ByteCount = 1793055:8819
--- Measurements after 89000 ops (1000 samples) ---
Throughput = 4291.8457 operations/sec (Maximum observed: 4830.918 ops/sec)
Total latency = 1.5071581748624E7 (+/- 0) us 
Consensus latency = 7345.79058 (+/- 4281) us 
Pre-consensus latency = 0.0 (+/- 0) us 
Pos-consensus latency = 1.5066935587867001E7 (+/- 0) us 
Propose latency = 3025.669073 (+/- 1467) us 
Write latency = 2315.1895839999997 (+/- 3001) us 
Accept latency = 2004.9319229999999 (+/- 1281) us 
Batch average size = NaN (+/- 0) requests
LCMessage ByteCount = 1990:10
TOMMessage ByteCount = 127631212:168822
StandardSMMessage ByteCount = 10398:19
ConsensusMessage ByteCount = 1812236:8913
--- Measurements after 90000 ops (1000 samples) ---
Throughput = 4739.3364 operations/sec (Maximum observed: 4830.918 ops/sec)
Total latency = 1.5220740507302E7 (+/- 0) us 
Consensus latency = 6966.897474 (+/- 3001) us 
Pre-consensus latency = 0.0 (+/- 0) us 
Pos-consensus latency = 1.5217537518517E7 (+/- 0) us 
Propose latency = 5118.2328 (+/- 2918) us 
Write latency = 222.005236 (+/- 289) us 
Accept latency = 1626.6594380000001 (+/- 41) us 
Batch average size = NaN (+/- 0) requests
LCMessage ByteCount = 1990:10
TOMMessage ByteCount = 127631212:168822
StandardSMMessage ByteCount = 10398:19
ConsensusMessage ByteCount = 1833594:9018
--- Measurements after 91000 ops (1000 samples) ---
Throughput = 4739.3364 operations/sec (Maximum observed: 4830.918 ops/sec)
Total latency = 1.5391063714229E7 (+/- 0) us 
Consensus latency = 4582.582321999999 (+/- 351) us 
Pre-consensus latency = 0.0 (+/- 0) us 
Pos-consensus latency = 1.5388683784368E7 (+/- 0) us 
Propose latency = 2471.364801 (+/- 184) us 
Write latency = 542.819191 (+/- 389) us 
Accept latency = 1568.39833 (+/- 131) us 
Batch average size = NaN (+/- 0) requests
LCMessage ByteCount = 1990:10
TOMMessage ByteCount = 127631212:168822
StandardSMMessage ByteCount = 10398:19
ConsensusMessage ByteCount = 1852509:9111
--- Measurements after 92000 ops (1000 samples) ---
Throughput = 4672.897 operations/sec (Maximum observed: 4830.918 ops/sec)
Total latency = 1.5550787144651E7 (+/- 0) us 
Consensus latency = 4297.88316 (+/- 463) us 
Pre-consensus latency = 0.0 (+/- 0) us 
Pos-consensus latency = 1.5548502825515E7 (+/- 0) us 
Propose latency = 2282.876331 (+/- 224) us 
Write latency = 378.811175 (+/- 321) us 
Accept latency = 1636.195654 (+/- 95) us 
Batch average size = NaN (+/- 0) requests
LCMessage ByteCount = 1990:10
TOMMessage ByteCount = 127631212:168822
StandardSMMessage ByteCount = 10398:19
ConsensusMessage ByteCount = 1870807:9201
--- Measurements after 93000 ops (1000 samples) ---
Throughput = 4830.918 operations/sec (Maximum observed: 4830.918 ops/sec)
Total latency = 1.5701349785562001E7 (+/- 0) us 
Consensus latency = 4244.983381 (+/- 402) us 
Pre-consensus latency = 0.0 (+/- 0) us 
Pos-consensus latency = 1.5699067772473E7 (+/- 0) us 
Propose latency = 2219.6588229999998 (+/- 193) us 
Write latency = 482.71889699999997 (+/- 437) us 
Accept latency = 1542.605661 (+/- 246) us 
Batch average size = NaN (+/- 0) requests
LCMessage ByteCount = 1990:10
TOMMessage ByteCount = 127631212:168822
StandardSMMessage ByteCount = 10398:19
ConsensusMessage ByteCount = 1890942:9300
--- Measurements after 94000 ops (1000 samples) ---
Throughput = 4854.369 operations/sec (Maximum observed: 4854.369 ops/sec)
Total latency = 1.5848037335827E7 (+/- 0) us 
Consensus latency = 5484.360334 (+/- 2084) us 
Pre-consensus latency = 0.0 (+/- 0) us 
Pos-consensus latency = 1.5844950281456E7 (+/- 0) us 
Propose latency = 2779.722253 (+/- 891) us 
Write latency = 548.56565 (+/- 350) us 
Accept latency = 2156.072431 (+/- 1919) us 
Batch average size = NaN (+/- 0) requests
LCMessage ByteCount = 1990:10
TOMMessage ByteCount = 127631212:168822
StandardSMMessage ByteCount = 10398:19
ConsensusMessage ByteCount = 1909854:9393
--- Measurements after 95000 ops (1000 samples) ---
Throughput = 4651.1626 operations/sec (Maximum observed: 4854.369 ops/sec)
Total latency = 1.6001649278646E7 (+/- 0) us 
Consensus latency = 5929.160645999999 (+/- 1986) us 
Pre-consensus latency = 0.0 (+/- 0) us 
Pos-consensus latency = 1.5999032757604E7 (+/- 0) us 
Propose latency = 3825.24198 (+/- 2115) us 
Write latency = 438.538306 (+/- 265) us 
Accept latency = 1665.38036 (+/- 215) us 
Batch average size = NaN (+/- 0) requests
LCMessage ByteCount = 1990:10
TOMMessage ByteCount = 127631212:168822
StandardSMMessage ByteCount = 10398:19
ConsensusMessage ByteCount = 1931553:9500
--- Measurements after 96000 ops (1000 samples) ---
Throughput = 4784.689 operations/sec (Maximum observed: 4854.369 ops/sec)
Total latency = 1.6160738047604E7 (+/- 0) us 
Consensus latency = 4747.950885 (+/- 323) us 
Pre-consensus latency = 0.0 (+/- 0) us 
Pos-consensus latency = 1.6158292450024E7 (+/- 0) us 
Propose latency = 2621.645606 (+/- 203) us 
Write latency = 598.751673 (+/- 284) us 
Accept latency = 1527.553606 (+/- 187) us 
Batch average size = NaN (+/- 0) requests
LCMessage ByteCount = 1990:10
TOMMessage ByteCount = 127631212:168822
StandardSMMessage ByteCount = 10398:19
ConsensusMessage ByteCount = 1951075:9596
--- Measurements after 97000 ops (1000 samples) ---
Throughput = 4807.6924 operations/sec (Maximum observed: 4854.369 ops/sec)
Total latency = 1.631487442234E7 (+/- 0) us 
Consensus latency = 4821.337024 (+/- 416) us 
Pre-consensus latency = 0.0 (+/- 0) us 
Pos-consensus latency = 1.6312250392458E7 (+/- 0) us 
Propose latency = 2509.827151 (+/- 278) us 
Write latency = 681.825074 (+/- 202) us 
Accept latency = 1629.684799 (+/- 170) us 
Batch average size = NaN (+/- 0) requests
LCMessage ByteCount = 1990:10
TOMMessage ByteCount = 127631212:168822
StandardSMMessage ByteCount = 10398:19
ConsensusMessage ByteCount = 1972080:9699
--- Measurements after 98000 ops (1000 samples) ---
Throughput = 3921.5686 operations/sec (Maximum observed: 4854.369 ops/sec)
Total latency = 1.6484115168234E7 (+/- 0) us 
Consensus latency = 4974.906227 (+/- 281) us 
Pre-consensus latency = 0.0 (+/- 0) us 
Pos-consensus latency = 1.6481382939037E7 (+/- 0) us 
Propose latency = 2513.8107760000003 (+/- 159) us 
Write latency = 941.858299 (+/- 196) us 
Accept latency = 1519.237152 (+/- 139) us 
Batch average size = NaN (+/- 0) requests
LCMessage ByteCount = 1990:10
TOMMessage ByteCount = 127631212:168822
StandardSMMessage ByteCount = 10398:19
ConsensusMessage ByteCount = 1995864:9816
--- Measurements after 99000 ops (1000 samples) ---
Throughput = 4830.918 operations/sec (Maximum observed: 4854.369 ops/sec)
Total latency = 1.6665584101364E7 (+/- 0) us 
Consensus latency = 7615.4432879999995 (+/- 1686) us 
Pre-consensus latency = 0.0 (+/- 0) us 
Pos-consensus latency = 1.6661270800587999E7 (+/- 0) us 
Propose latency = 3806.043129 (+/- 1079) us 
Write latency = 1416.075462 (+/- 590) us 
Accept latency = 2393.324697 (+/- 1826) us 
Batch average size = NaN (+/- 0) requests
LCMessage ByteCount = 2189:11
TOMMessage ByteCount = 127631212:168822
StandardSMMessage ByteCount = 10398:19
ConsensusMessage ByteCount = 2013550:9903
--- Measurements after 100000 ops (1000 samples) ---
Throughput = 4854.369 operations/sec (Maximum observed: 4854.369 ops/sec)
Total latency = 1.6818950151774E7 (+/- 0) us 
Consensus latency = 5726.601067 (+/- 886) us 
Pre-consensus latency = 0.0 (+/- 0) us 
Pos-consensus latency = 1.6815987621378E7 (+/- 0) us 
Propose latency = 3141.185757 (+/- 788) us 
Write latency = 964.283824 (+/- 347) us 
Accept latency = 1621.131486 (+/- 199) us 
Batch average size = NaN (+/- 0) requests
LCMessage ByteCount = 2189:11
TOMMessage ByteCount = 127631212:168822
StandardSMMessage ByteCount = 10398:19
ConsensusMessage ByteCount = 2023311:9951
--- Measurements after 101000 ops (1000 samples) ---
Throughput = 4672.897 operations/sec (Maximum observed: 4854.369 ops/sec)
Total latency = 1.6972043633506E7 (+/- 0) us 
Consensus latency = 5420.603042000001 (+/- 1640) us 
Pre-consensus latency = 0.0 (+/- 0) us 
Pos-consensus latency = 1.696885236529E7 (+/- 0) us 
Propose latency = 2885.2250750000003 (+/- 1117) us 
Write latency = 573.141685 (+/- 378) us 
Accept latency = 1962.2362819999998 (+/- 1462) us 
Batch average size = NaN (+/- 0) requests
LCMessage ByteCount = 2189:11
TOMMessage ByteCount = 127631212:168822
StandardSMMessage ByteCount = 10398:19
ConsensusMessage ByteCount = 2031242:9990
--- Measurements after 102000 ops (1000 samples) ---
Throughput = 4807.6924 operations/sec (Maximum observed: 4854.369 ops/sec)
Total latency = 1.7126089794955E7 (+/- 0) us 
Consensus latency = 5493.420812 (+/- 1351) us 
Pre-consensus latency = 0.0 (+/- 0) us 
Pos-consensus latency = 1.7123307835444E7 (+/- 0) us 
Propose latency = 3023.104394 (+/- 1218) us 
Write latency = 952.274877 (+/- 220) us 
Accept latency = 1518.041541 (+/- 143) us 
Batch average size = NaN (+/- 0) requests
LCMessage ByteCount = 2189:11
TOMMessage ByteCount = 127631212:168822
StandardSMMessage ByteCount = 10398:19
ConsensusMessage ByteCount = 2050759:10086
--- Measurements after 103000 ops (1000 samples) ---
Throughput = 4830.918 operations/sec (Maximum observed: 4854.369 ops/sec)
Total latency = 1.7279772691770002E7 (+/- 0) us 
Consensus latency = 5847.856226 (+/- 1581) us 
Pre-consensus latency = 0.0 (+/- 0) us 
Pos-consensus latency = 1.7276914349427E7 (+/- 0) us 
Propose latency = 3346.1537000000003 (+/- 1470) us 
Write latency = 868.1852739999999 (+/- 221) us 
Accept latency = 1633.517252 (+/- 103) us 
Batch average size = NaN (+/- 0) requests
LCMessage ByteCount = 2189:11
TOMMessage ByteCount = 127631212:168822
StandardSMMessage ByteCount = 10398:19
ConsensusMessage ByteCount = 2071842:10190
--- Measurements after 104000 ops (1000 samples) ---
Throughput = 4651.1626 operations/sec (Maximum observed: 4854.369 ops/sec)
Total latency = 1.7435813428796E7 (+/- 0) us 
Consensus latency = 4596.237517 (+/- 272) us 
Pre-consensus latency = 0.0 (+/- 0) us 
Pos-consensus latency = 1.7433098242454E7 (+/- 0) us 
Propose latency = 2156.752795 (+/- 137) us 
Write latency = 866.469524 (+/- 180) us 
Accept latency = 1573.015198 (+/- 195) us 
Batch average size = NaN (+/- 0) requests
LCMessage ByteCount = 2189:11
TOMMessage ByteCount = 127631212:168822
StandardSMMessage ByteCount = 10398:19
ConsensusMessage ByteCount = 2089798:10278
--- Measurements after 105000 ops (1000 samples) ---
Throughput = 4807.6924 operations/sec (Maximum observed: 4854.369 ops/sec)
Total latency = 1.7592004192118E7 (+/- 0) us 
Consensus latency = 4632.9258039999995 (+/- 280) us 
Pre-consensus latency = 0.0 (+/- 0) us 
Pos-consensus latency = 1.7589425392038E7 (+/- 0) us 
Propose latency = 2390.1386740000003 (+/- 173) us 
Write latency = 627.238269 (+/- 174) us 
Accept latency = 1615.548861 (+/- 156) us 
Batch average size = NaN (+/- 0) requests
LCMessage ByteCount = 2189:11
TOMMessage ByteCount = 127631212:168822
StandardSMMessage ByteCount = 10398:19
ConsensusMessage ByteCount = 2108093:10368
--- Measurements after 106000 ops (1000 samples) ---
Throughput = 4784.689 operations/sec (Maximum observed: 4854.369 ops/sec)
Total latency = 1.7743566253951002E7 (+/- 0) us 
Consensus latency = 5643.7455199999995 (+/- 1380) us 
Pre-consensus latency = 0.0 (+/- 0) us 
Pos-consensus latency = 1.7740488899696E7 (+/- 0) us 
Propose latency = 3061.9394049999996 (+/- 805) us 
Write latency = 1099.866912 (+/- 1648) us 
Accept latency = 1481.939203 (+/- 193) us 
Batch average size = NaN (+/- 0) requests
LCMessage ByteCount = 2189:11
TOMMessage ByteCount = 127631212:168822
StandardSMMessage ByteCount = 10398:19
ConsensusMessage ByteCount = 2130057:10476
--- Measurements after 107000 ops (1000 samples) ---
Throughput = 3846.1538 operations/sec (Maximum observed: 4854.369 ops/sec)
Total latency = 1.7907644562631E7 (+/- 0) us 
Consensus latency = 5918.033267 (+/- 1458) us 
Pre-consensus latency = 0.0 (+/- 0) us 
Pos-consensus latency = 1.7904902139898997E7 (+/- 0) us 
Propose latency = 3682.67877 (+/- 1599) us 
Write latency = 634.009227 (+/- 314) us 
Accept latency = 1601.34527 (+/- 146) us 
Batch average size = NaN (+/- 0) requests
LCMessage ByteCount = 2189:11
TOMMessage ByteCount = 127631212:168822
StandardSMMessage ByteCount = 10398:19
ConsensusMessage ByteCount = 2155062:10599
--- Measurements after 108000 ops (1000 samples) ---
Throughput = 4854.369 operations/sec (Maximum observed: 4854.369 ops/sec)
Total latency = 1.8097093328325E7 (+/- 0) us 
Consensus latency = 5135.263269 (+/- 923) us 
Pre-consensus latency = 0.0 (+/- 0) us 
Pos-consensus latency = 1.8094602550766997E7 (+/- 0) us 
Propose latency = 3017.322447 (+/- 881) us 
Write latency = 542.047079 (+/- 264) us 
Accept latency = 1575.893743 (+/- 127) us 
Batch average size = NaN (+/- 0) requests
LCMessage ByteCount = 2388:12
TOMMessage ByteCount = 127631212:168822
StandardSMMessage ByteCount = 10398:19
ConsensusMessage ByteCount = 2175800:10701
--- Measurements after 109000 ops (1000 samples) ---
Throughput = 4854.369 operations/sec (Maximum observed: 4854.369 ops/sec)
Total latency = 1.8249109754333E7 (+/- 0) us 
Consensus latency = 4527.696999 (+/- 307) us 
Pre-consensus latency = 0.0 (+/- 0) us 
Pos-consensus latency = 1.8246790030647E7 (+/- 0) us 
Propose latency = 2513.394892 (+/- 137) us 
Write latency = 513.313994 (+/- 210) us 
Accept latency = 1500.9881129999999 (+/- 202) us 
Batch average size = NaN (+/- 0) requests
LCMessage ByteCount = 2388:12
TOMMessage ByteCount = 127631212:168822
StandardSMMessage ByteCount = 10398:19
ConsensusMessage ByteCount = 2196539:10803
--- Measurements after 110000 ops (1000 samples) ---
Throughput = 4651.1626 operations/sec (Maximum observed: 4854.369 ops/sec)
Total latency = 1.8405494051791E7 (+/- 0) us 
Consensus latency = 4729.520062 (+/- 197) us 
Pre-consensus latency = 0.0 (+/- 0) us 
Pos-consensus latency = 1.8402882192717E7 (+/- 0) us 
Propose latency = 2394.185387 (+/- 111) us 
Write latency = 619.8420150000001 (+/- 253) us 
Accept latency = 1715.49266 (+/- 246) us 
Batch average size = NaN (+/- 0) requests
LCMessage ByteCount = 2388:12
TOMMessage ByteCount = 127631212:168822
StandardSMMessage ByteCount = 10398:19
ConsensusMessage ByteCount = 2216675:10902
--- Measurements after 111000 ops (1000 samples) ---
Throughput = 4807.6924 operations/sec (Maximum observed: 4854.369 ops/sec)
Total latency = 1.855769929048E7 (+/- 0) us 
Consensus latency = 6151.192573 (+/- 4885) us 
Pre-consensus latency = 0.0 (+/- 0) us 
Pos-consensus latency = 1.8553662033521E7 (+/- 0) us 
Propose latency = 2394.013591 (+/- 106) us 
Write latency = 2262.5164139999997 (+/- 4791) us 
Accept latency = 1494.662568 (+/- 184) us 
Batch average size = NaN (+/- 0) requests
LCMessage ByteCount = 2388:12
TOMMessage ByteCount = 127631212:168822
StandardSMMessage ByteCount = 10398:19
ConsensusMessage ByteCount = 2238632:11010
--- Measurements after 112000 ops (1000 samples) ---
Throughput = 4830.918 operations/sec (Maximum observed: 4854.369 ops/sec)
Total latency = 1.8705257203557E7 (+/- 0) us 
Consensus latency = 4663.33565 (+/- 498) us 
Pre-consensus latency = 0.0 (+/- 0) us 
Pos-consensus latency = 1.8703019906596E7 (+/- 0) us 
Propose latency = 2731.404051 (+/- 511) us 
Write latency = 285.970011 (+/- 323) us 
Accept latency = 1645.961588 (+/- 116) us 
Batch average size = NaN (+/- 0) requests
LCMessage ByteCount = 2388:12
TOMMessage ByteCount = 127631212:168822
StandardSMMessage ByteCount = 10398:19
ConsensusMessage ByteCount = 2259716:11114
--- Measurements after 113000 ops (1000 samples) ---
Throughput = 4608.295 operations/sec (Maximum observed: 4854.369 ops/sec)
Total latency = 1.8867077818958E7 (+/- 0) us 
Consensus latency = 5098.425556 (+/- 611) us 
Pre-consensus latency = 0.0 (+/- 0) us 
Pos-consensus latency = 1.8864508870405E7 (+/- 0) us 
Propose latency = 2887.600973 (+/- 486) us 
Write latency = 599.620083 (+/- 291) us 
Accept latency = 1611.2045 (+/- 154) us 
Batch average size = NaN (+/- 0) requests
LCMessage ByteCount = 2388:12
TOMMessage ByteCount = 127631212:168822
StandardSMMessage ByteCount = 10398:19
ConsensusMessage ByteCount = 2281944:11223
--- Measurements after 114000 ops (1000 samples) ---
Throughput = 4807.6924 operations/sec (Maximum observed: 4854.369 ops/sec)
Total latency = 1.9023243266678E7 (+/- 0) us 
Consensus latency = 4753.233947 (+/- 278) us 
Pre-consensus latency = 0.0 (+/- 0) us 
Pos-consensus latency = 1.9020611909767E7 (+/- 0) us 
Propose latency = 2348.475316 (+/- 249) us 
Write latency = 869.2718689999999 (+/- 194) us 
Accept latency = 1535.486762 (+/- 144) us 
Batch average size = NaN (+/- 0) requests
LCMessage ByteCount = 2388:12
TOMMessage ByteCount = 127631212:168822
StandardSMMessage ByteCount = 10398:19
ConsensusMessage ByteCount = 2301466:11319
--- Measurements after 115000 ops (1000 samples) ---
Throughput = 4807.6924 operations/sec (Maximum observed: 4854.369 ops/sec)
Total latency = 1.9175591953124E7 (+/- 0) us 
Consensus latency = 4744.829858 (+/- 221) us 
Pre-consensus latency = 0.0 (+/- 0) us 
Pos-consensus latency = 1.9173026713242E7 (+/- 0) us 
Propose latency = 2496.023748 (+/- 189) us 
Write latency = 672.5341139999999 (+/- 182) us 
Accept latency = 1576.271996 (+/- 101) us 
Batch average size = NaN (+/- 0) requests
LCMessage ByteCount = 2388:12
TOMMessage ByteCount = 127631212:168822
StandardSMMessage ByteCount = 10398:19
ConsensusMessage ByteCount = 2323431:11427
--- Measurements after 116000 ops (1000 samples) ---
Throughput = 3787.879 operations/sec (Maximum observed: 4854.369 ops/sec)
Total latency = 1.9365628664061002E7 (+/- 0) us 
Consensus latency = 4892.17787 (+/- 388) us 
Pre-consensus latency = 0.0 (+/- 0) us 
Pos-consensus latency = 1.9362977118574E7 (+/- 0) us 
Propose latency = 2536.363205 (+/- 221) us 
Write latency = 732.526896 (+/- 215) us 
Accept latency = 1623.287769 (+/- 209) us 
Batch average size = NaN (+/- 0) requests
LCMessage ByteCount = 2388:12
TOMMessage ByteCount = 127631212:168822
StandardSMMessage ByteCount = 10398:19
ConsensusMessage ByteCount = 2348788:11552
--- Measurements after 117000 ops (1000 samples) ---
Throughput = 4807.6924 operations/sec (Maximum observed: 4854.369 ops/sec)
Total latency = 1.9535804093219E7 (+/- 0) us 
Consensus latency = 4470.882919 (+/- 408) us 
Pre-consensus latency = 0.0 (+/- 0) us 
Pos-consensus latency = 1.9533426508229E7 (+/- 0) us 
Propose latency = 2485.070829 (+/- 348) us 
Write latency = 389.202882 (+/- 269) us 
Accept latency = 1596.609208 (+/- 136) us 
Batch average size = NaN (+/- 0) requests
LCMessage ByteCount = 2587:13
TOMMessage ByteCount = 127631212:168822
StandardSMMessage ByteCount = 10398:19
ConsensusMessage ByteCount = 2370747:11660
--- Measurements after 118000 ops (1000 samples) ---
Throughput = 4807.6924 operations/sec (Maximum observed: 4854.369 ops/sec)
Total latency = 1.9688273442667E7 (+/- 0) us 
Consensus latency = 5411.820341 (+/- 980) us 
Pre-consensus latency = 0.0 (+/- 0) us 
Pos-consensus latency = 1.9685352318971E7 (+/- 0) us 
Propose latency = 2803.462026 (+/- 459) us 
Write latency = 785.7088249999999 (+/- 254) us 
Accept latency = 1822.64949 (+/- 804) us 
Batch average size = NaN (+/- 0) requests
LCMessage ByteCount = 2587:13
TOMMessage ByteCount = 127631212:168822
StandardSMMessage ByteCount = 10398:19
ConsensusMessage ByteCount = 2390535:11757
--- Measurements after 119000 ops (1000 samples) ---
Throughput = 4629.6294 operations/sec (Maximum observed: 4854.369 ops/sec)
Total latency = 1.9849774223929E7 (+/- 0) us 
Consensus latency = 4686.187628 (+/- 246) us 
Pre-consensus latency = 0.0 (+/- 0) us 
Pos-consensus latency = 1.9847295462677E7 (+/- 0) us 
Propose latency = 2497.588004 (+/- 134) us 
Write latency = 751.192831 (+/- 131) us 
Accept latency = 1437.406793 (+/- 187) us 
Batch average size = NaN (+/- 0) requests
LCMessage ByteCount = 2587:13
TOMMessage ByteCount = 127631212:168822
StandardSMMessage ByteCount = 10398:19
ConsensusMessage ByteCount = 2411012:11858
--- Measurements after 120000 ops (1000 samples) ---
Throughput = 4784.689 operations/sec (Maximum observed: 4854.369 ops/sec)
Total latency = 2.0003994426986E7 (+/- 0) us 
Consensus latency = 4582.084986 (+/- 307) us 
Pre-consensus latency = 0.0 (+/- 0) us 
Pos-consensus latency = 2.0001561836935002E7 (+/- 0) us 
Propose latency = 2416.13496 (+/- 144) us 
Write latency = 629.001909 (+/- 174) us 
Accept latency = 1536.9481170000001 (+/- 207) us 
Batch average size = NaN (+/- 0) requests
LCMessage ByteCount = 2587:13
TOMMessage ByteCount = 127631212:168822
StandardSMMessage ByteCount = 10398:19
ConsensusMessage ByteCount = 2430539:11954
--- Measurements after 121000 ops (1000 samples) ---
Throughput = 4608.295 operations/sec (Maximum observed: 4854.369 ops/sec)
Total latency = 2.0156936431158002E7 (+/- 0) us 
Consensus latency = 4678.583982 (+/- 202) us 
Pre-consensus latency = 0.0 (+/- 0) us 
Pos-consensus latency = 2.0154382336702E7 (+/- 0) us 
Propose latency = 2422.907941 (+/- 143) us 
Write latency = 714.8849869999999 (+/- 206) us 
Accept latency = 1540.791054 (+/- 193) us 
Batch average size = NaN (+/- 0) requests
LCMessage ByteCount = 2587:13
TOMMessage ByteCount = 127631212:168822
StandardSMMessage ByteCount = 10398:19
ConsensusMessage ByteCount = 2451541:12057
--- Measurements after 122000 ops (1000 samples) ---
Throughput = 4807.6924 operations/sec (Maximum observed: 4854.369 ops/sec)
Total latency = 2.0318024739738E7 (+/- 0) us 
Consensus latency = 4679.752488 (+/- 252) us 
Pre-consensus latency = 0.0 (+/- 0) us 
Pos-consensus latency = 2.0315491535217997E7 (+/- 0) us 
Propose latency = 2420.914727 (+/- 112) us 
Write latency = 583.453251 (+/- 226) us 
Accept latency = 1675.38451 (+/- 138) us 
Batch average size = NaN (+/- 0) requests
LCMessage ByteCount = 2587:13
TOMMessage ByteCount = 127631212:168822
StandardSMMessage ByteCount = 10398:19
ConsensusMessage ByteCount = 2469579:12146
--- Measurements after 123000 ops (1000 samples) ---
Throughput = 4854.369 operations/sec (Maximum observed: 4854.369 ops/sec)
Total latency = 2.0466578041216E7 (+/- 0) us 
Consensus latency = 5408.143628 (+/- 1238) us 
Pre-consensus latency = 0.0 (+/- 0) us 
Pos-consensus latency = 2.0463912041915E7 (+/- 0) us 
Propose latency = 3405.945551 (+/- 1018) us 
Write latency = 403.535315 (+/- 398) us 
Accept latency = 1598.6627620000002 (+/- 133) us 
Batch average size = NaN (+/- 0) requests
LCMessage ByteCount = 2587:13
TOMMessage ByteCount = 127631212:168822
StandardSMMessage ByteCount = 10398:19
ConsensusMessage ByteCount = 2490589:12249
--- Measurements after 124000 ops (1000 samples) ---
Throughput = 4651.1626 operations/sec (Maximum observed: 4854.369 ops/sec)
Total latency = 2.0621221918632E7 (+/- 0) us 
Consensus latency = 4955.398198 (+/- 293) us 
Pre-consensus latency = 0.0 (+/- 0) us 
Pos-consensus latency = 2.0618519186927E7 (+/- 0) us 
Propose latency = 2537.2322050000002 (+/- 248) us 
Write latency = 802.1470429999999 (+/- 203) us 
Accept latency = 1616.01895 (+/- 188) us 
Batch average size = NaN (+/- 0) requests
LCMessage ByteCount = 2587:13
TOMMessage ByteCount = 127631212:168822
StandardSMMessage ByteCount = 10398:19
ConsensusMessage ByteCount = 2511940:12354
--- Measurements after 125000 ops (1000 samples) ---
Throughput = 4672.897 operations/sec (Maximum observed: 4854.369 ops/sec)
Total latency = 2.07845559665E7 (+/- 0) us 
Consensus latency = 4697.1026679999995 (+/- 207) us 
Pre-consensus latency = 0.0 (+/- 0) us 
Pos-consensus latency = 2.0781903764221E7 (+/- 0) us 
Propose latency = 2317.6368270000003 (+/- 102) us 
Write latency = 823.814266 (+/- 207) us 
Accept latency = 1555.6515749999999 (+/- 170) us 
Batch average size = NaN (+/- 0) requests
LCMessage ByteCount = 2587:13
TOMMessage ByteCount = 127631212:168822
StandardSMMessage ByteCount = 10398:19
ConsensusMessage ByteCount = 2534241:12464
--- Measurements after 126000 ops (1000 samples) ---
Throughput = 4807.6924 operations/sec (Maximum observed: 4854.369 ops/sec)
Total latency = 2.0937421587847E7 (+/- 0) us 
Consensus latency = 4766.247793 (+/- 262) us 
Pre-consensus latency = 0.0 (+/- 0) us 
Pos-consensus latency = 2.0934736737983003E7 (+/- 0) us 
Propose latency = 2385.310855 (+/- 204) us 
Write latency = 821.780312 (+/- 186) us 
Accept latency = 1559.156626 (+/- 166) us 
Batch average size = NaN (+/- 0) requests
LCMessage ByteCount = 2587:13
TOMMessage ByteCount = 127631212:168822
StandardSMMessage ByteCount = 10398:19
ConsensusMessage ByteCount = 2562300:12602
--- Measurements after 127000 ops (1000 samples) ---
Throughput = 4694.8354 operations/sec (Maximum observed: 4854.369 ops/sec)
Total latency = 2.1089916662150003E7 (+/- 0) us 
Consensus latency = 4877.990893 (+/- 319) us 
Pre-consensus latency = 0.0 (+/- 0) us 
Pos-consensus latency = 2.1087290331386E7 (+/- 0) us 
Propose latency = 2563.832277 (+/- 112) us 
Write latency = 726.887826 (+/- 197) us 
Accept latency = 1587.27079 (+/- 178) us 
Batch average size = NaN (+/- 0) requests
LCMessage ByteCount = 2786:14
TOMMessage ByteCount = 127631212:168822
StandardSMMessage ByteCount = 10398:19
ConsensusMessage ByteCount = 2597337:12774
--- Measurements after 128000 ops (1000 samples) ---
Throughput = 4830.918 operations/sec (Maximum observed: 4854.369 ops/sec)
Total latency = 2.1244453129648E7 (+/- 0) us 
Consensus latency = 5163.949244 (+/- 792) us 
Pre-consensus latency = 0.0 (+/- 0) us 
Pos-consensus latency = 2.1241730357369E7 (+/- 0) us 
Propose latency = 3131.567799 (+/- 986) us 
Write latency = 474.25077899999997 (+/- 310) us 
Accept latency = 1558.130666 (+/- 108) us 
Batch average size = NaN (+/- 0) requests
LCMessage ByteCount = 2786:14
TOMMessage ByteCount = 127631212:168822
StandardSMMessage ByteCount = 10398:19
ConsensusMessage ByteCount = 2630883:12939
--- Measurements after 129000 ops (1000 samples) ---
Throughput = 4854.369 operations/sec (Maximum observed: 4854.369 ops/sec)
Total latency = 2.1396939013617E7 (+/- 0) us 
Consensus latency = 5117.346303 (+/- 268) us 
Pre-consensus latency = 0.0 (+/- 0) us 
Pos-consensus latency = 2.1394112664751E7 (+/- 0) us 
Propose latency = 2596.640174 (+/- 230) us 
Write latency = 780.113772 (+/- 200) us 
Accept latency = 1740.592357 (+/- 142) us 
Batch average size = NaN (+/- 0) requests
LCMessage ByteCount = 2786:14
TOMMessage ByteCount = 127631212:168822
StandardSMMessage ByteCount = 10398:19
ConsensusMessage ByteCount = 2635764:12963
--- Measurements after 130000 ops (1000 samples) ---
Throughput = 4854.369 operations/sec (Maximum observed: 4854.369 ops/sec)
Total latency = 2.1547465452903E7 (+/- 0) us 
Consensus latency = 4875.726937 (+/- 218) us 
Pre-consensus latency = 0.0 (+/- 0) us 
Pos-consensus latency = 2.1544741870741002E7 (+/- 0) us 
Propose latency = 2512.3417769999996 (+/- 197) us 
Write latency = 663.563691 (+/- 202) us 
Accept latency = 1699.821469 (+/- 156) us 
Batch average size = NaN (+/- 0) requests
LCMessage ByteCount = 2786:14
TOMMessage ByteCount = 127631212:168822
StandardSMMessage ByteCount = 10398:19
ConsensusMessage ByteCount = 2635764:12963
--- Measurements after 131000 ops (1000 samples) ---
Throughput = 4694.8354 operations/sec (Maximum observed: 4854.369 ops/sec)
Total latency = 2.1701639625103E7 (+/- 0) us 
Consensus latency = 4777.852313 (+/- 140) us 
Pre-consensus latency = 0.0 (+/- 0) us 
Pos-consensus latency = 2.1698992156151E7 (+/- 0) us 
Propose latency = 2416.053463 (+/- 130) us 
Write latency = 772.07827 (+/- 224) us 
Accept latency = 1589.7205800000002 (+/- 156) us 
Batch average size = NaN (+/- 0) requests
LCMessage ByteCount = 2786:14
TOMMessage ByteCount = 127631212:168822
StandardSMMessage ByteCount = 10398:19
ConsensusMessage ByteCount = 2635764:12963
-- Performing checkpoint for consensus 1023
--- Measurements after 132000 ops (1000 samples) ---
Throughput = 3067.4846 operations/sec (Maximum observed: 4854.369 ops/sec)
Total latency = 2.1878547768319998E7 (+/- 0) us 
Consensus latency = 4772.110603 (+/- 320) us 
Pre-consensus latency = 0.0 (+/- 0) us 
Pos-consensus latency = 2.1875979312998E7 (+/- 0) us 
Propose latency = 2495.1038360000002 (+/- 153) us 
Write latency = 735.8815559999999 (+/- 139) us 
Accept latency = 1541.1252109999998 (+/- 205) us 
Batch average size = 201714.0 (+/- 0) requests
LCMessage ByteCount = 2786:14
TOMMessage ByteCount = 127631212:168822
StandardSMMessage ByteCount = 10398:19
ConsensusMessage ByteCount = 2635764:12963
--- Measurements after 133000 ops (1000 samples) ---
Throughput = 4830.918 operations/sec (Maximum observed: 4854.369 ops/sec)
Total latency = 2.2126774091202E7 (+/- 0) us 
Consensus latency = 5073.113812 (+/- 421) us 
Pre-consensus latency = 0.0 (+/- 0) us 
Pos-consensus latency = 2.2124002873789E7 (+/- 0) us 
Propose latency = 2643.8050639999997 (+/- 587) us 
Write latency = 832.278829 (+/- 232) us 
Accept latency = 1597.029919 (+/- 152) us 
Batch average size = NaN (+/- 0) requests
LCMessage ByteCount = 2786:14
TOMMessage ByteCount = 127631212:168822
StandardSMMessage ByteCount = 10398:19
ConsensusMessage ByteCount = 2635764:12963
--- Measurements after 134000 ops (1000 samples) ---
Throughput = 4854.369 operations/sec (Maximum observed: 4854.369 ops/sec)
Total latency = 2.2273964525675997E7 (+/- 0) us 
Consensus latency = 5196.368818 (+/- 948) us 
Pre-consensus latency = 0.0 (+/- 0) us 
Pos-consensus latency = 2.2271546252846E7 (+/- 0) us 
Propose latency = 3291.996346 (+/- 1167) us 
Write latency = 339.33963400000005 (+/- 286) us 
Accept latency = 1565.032838 (+/- 161) us 
Batch average size = NaN (+/- 0) requests
LCMessage ByteCount = 2786:14
TOMMessage ByteCount = 127631212:168822
StandardSMMessage ByteCount = 10398:19
ConsensusMessage ByteCount = 2635764:12963
--- Measurements after 135000 ops (1000 samples) ---
Throughput = 4878.049 operations/sec (Maximum observed: 4878.049 ops/sec)
Total latency = 2.2427463723998003E7 (+/- 0) us 
Consensus latency = 4846.664714 (+/- 201) us 
Pre-consensus latency = 0.0 (+/- 0) us 
Pos-consensus latency = 2.2424737722624E7 (+/- 0) us 
Propose latency = 2416.941412 (+/- 124) us 
Write latency = 591.63279 (+/- 303) us 
Accept latency = 1838.0905120000002 (+/- 151) us 
Batch average size = NaN (+/- 0) requests
LCMessage ByteCount = 2786:14
TOMMessage ByteCount = 127631212:168822
StandardSMMessage ByteCount = 10398:19
ConsensusMessage ByteCount = 2635764:12963
--- Measurements after 136000 ops (1000 samples) ---
Throughput = 4716.981 operations/sec (Maximum observed: 4878.049 ops/sec)
Total latency = 2.2580001538296003E7 (+/- 0) us 
Consensus latency = 4480.962447 (+/- 263) us 
Pre-consensus latency = 0.0 (+/- 0) us 
Pos-consensus latency = 2.257753355178E7 (+/- 0) us 
Propose latency = 2299.251428 (+/- 182) us 
Write latency = 545.0538170000001 (+/- 269) us 
Accept latency = 1636.657202 (+/- 181) us 
Batch average size = NaN (+/- 0) requests
LCMessage ByteCount = 2786:14
TOMMessage ByteCount = 127631212:168822
StandardSMMessage ByteCount = 10398:19
ConsensusMessage ByteCount = 2635764:12963
--- Measurements after 137000 ops (1000 samples) ---
Throughput = 4854.369 operations/sec (Maximum observed: 4878.049 ops/sec)
Total latency = 2.273190764269E7 (+/- 0) us 
Consensus latency = 4731.037991 (+/- 134) us 
Pre-consensus latency = 0.0 (+/- 0) us 
Pos-consensus latency = 2.2729417426514998E7 (+/- 0) us 
Propose latency = 2581.0131549999996 (+/- 168) us 
Write latency = 536.459752 (+/- 169) us 
Accept latency = 1613.565084 (+/- 105) us 
Batch average size = NaN (+/- 0) requests
LCMessage ByteCount = 2786:14
TOMMessage ByteCount = 127631212:168822
StandardSMMessage ByteCount = 10398:19
ConsensusMessage ByteCount = 2635764:12963
--- Measurements after 138000 ops (1000 samples) ---
Throughput = 4854.369 operations/sec (Maximum observed: 4878.049 ops/sec)
Total latency = 2.2882893767615E7 (+/- 0) us 
Consensus latency = 4759.852114 (+/- 606) us 
Pre-consensus latency = 0.0 (+/- 0) us 
Pos-consensus latency = 2.2880320955946E7 (+/- 0) us 
Propose latency = 2467.85683 (+/- 158) us 
Write latency = 548.548556 (+/- 240) us 
Accept latency = 1743.446728 (+/- 608) us 
Batch average size = NaN (+/- 0) requests
LCMessage ByteCount = 2786:14
TOMMessage ByteCount = 127631212:168822
StandardSMMessage ByteCount = 10398:19
ConsensusMessage ByteCount = 2635764:12963
--- Measurements after 139000 ops (1000 samples) ---
Throughput = 4878.049 operations/sec (Maximum observed: 4878.049 ops/sec)
Total latency = 2.3024924918421E7 (+/- 0) us 
Consensus latency = 7103.627161 (+/- 3690) us 
Pre-consensus latency = 0.0 (+/- 0) us 
Pos-consensus latency = 2.3022013587835997E7 (+/- 0) us 
Propose latency = 5097.278457 (+/- 3746) us 
Write latency = 312.59864600000003 (+/- 242) us 
Accept latency = 1693.7500579999999 (+/- 323) us 
Batch average size = NaN (+/- 0) requests
LCMessage ByteCount = 2786:14
TOMMessage ByteCount = 127631212:168822
StandardSMMessage ByteCount = 10398:19
ConsensusMessage ByteCount = 2635764:12963
--- Measurements after 140000 ops (1000 samples) ---
Throughput = 4716.981 operations/sec (Maximum observed: 4878.049 ops/sec)
Total latency = 2.3188992949985E7 (+/- 0) us 
Consensus latency = 4507.303322 (+/- 512) us 
Pre-consensus latency = 0.0 (+/- 0) us 
Pos-consensus latency = 2.3186610578443002E7 (+/- 0) us 
Propose latency = 2400.006358 (+/- 181) us 
Write latency = 481.164641 (+/- 334) us 
Accept latency = 1626.132323 (+/- 164) us 
Batch average size = NaN (+/- 0) requests
LCMessage ByteCount = 2786:14
TOMMessage ByteCount = 127631212:168822
StandardSMMessage ByteCount = 10398:19
ConsensusMessage ByteCount = 2635764:12963
--- Measurements after 141000 ops (1000 samples) ---
Throughput = 4878.049 operations/sec (Maximum observed: 4878.049 ops/sec)
Total latency = 2.333949392039E7 (+/- 0) us 
Consensus latency = 4587.586044 (+/- 208) us 
Pre-consensus latency = 0.0 (+/- 0) us 
Pos-consensus latency = 2.3336882180327E7 (+/- 0) us 
Propose latency = 2261.571912 (+/- 95) us 
Write latency = 688.0815709999999 (+/- 153) us 
Accept latency = 1637.932561 (+/- 117) us 
Batch average size = NaN (+/- 0) requests
LCMessage ByteCount = 2786:14
TOMMessage ByteCount = 127631212:168822
StandardSMMessage ByteCount = 10398:19
ConsensusMessage ByteCount = 2635764:12963
--- Measurements after 142000 ops (1000 samples) ---
Throughput = 4878.049 operations/sec (Maximum observed: 4878.049 ops/sec)
Total latency = 2.3489621514943E7 (+/- 0) us 
Consensus latency = 4626.777836 (+/- 314) us 
Pre-consensus latency = 0.0 (+/- 0) us 
Pos-consensus latency = 2.3487125577514E7 (+/- 0) us 
Propose latency = 2398.666738 (+/- 203) us 
Write latency = 687.859526 (+/- 96) us 
Accept latency = 1540.251572 (+/- 159) us 
Batch average size = NaN (+/- 0) requests
LCMessage ByteCount = 2786:14
TOMMessage ByteCount = 127631212:168822
StandardSMMessage ByteCount = 10398:19
ConsensusMessage ByteCount = 2635764:12963
--- Measurements after 143000 ops (1000 samples) ---
Throughput = 4629.6294 operations/sec (Maximum observed: 4878.049 ops/sec)
Total latency = 2.3643013605478E7 (+/- 0) us 
Consensus latency = 4442.193985 (+/- 353) us 
Pre-consensus latency = 0.0 (+/- 0) us 
Pos-consensus latency = 2.3640602862915E7 (+/- 0) us 
Propose latency = 2294.4365 (+/- 132) us 
Write latency = 529.854825 (+/- 291) us 
Accept latency = 1617.90266 (+/- 149) us 
Batch average size = NaN (+/- 0) requests
LCMessage ByteCount = 2786:14
TOMMessage ByteCount = 127631212:168822
StandardSMMessage ByteCount = 10398:19
ConsensusMessage ByteCount = 2635764:12963
--- Measurements after 144000 ops (1000 samples) ---
Throughput = 5952.381 operations/sec (Maximum observed: 5952.381 ops/sec)
Total latency = 2.3789638776379E7 (+/- 0) us 
Consensus latency = 8180.448308 (+/- 3088) us 
Pre-consensus latency = 0.0 (+/- 0) us 
Pos-consensus latency = 2.378483933076E7 (+/- 0) us 
Propose latency = 3984.619076 (+/- 1482) us 
Write latency = 2482.284176 (+/- 3707) us 
Accept latency = 1713.5450560000002 (+/- 209) us 
Batch average size = NaN (+/- 0) requests
LCMessage ByteCount = 2786:14
TOMMessage ByteCount = 127631212:168822
StandardSMMessage ByteCount = 10398:19
ConsensusMessage ByteCount = 2635764:12963
--- Measurements after 145000 ops (1000 samples) ---
Throughput = 8928.571 operations/sec (Maximum observed: 8928.571 ops/sec)
Total latency = 2.3863156384261E7 (+/- 0) us 
Consensus latency = 4353.171461 (+/- 514) us 
Pre-consensus latency = 0.0 (+/- 0) us 
Pos-consensus latency = 2.3860921111888E7 (+/- 0) us 
Propose latency = 2479.4109190000004 (+/- 487) us 
Write latency = 358.94347 (+/- 287) us 
Accept latency = 1514.8170719999998 (+/- 176) us 
Batch average size = NaN (+/- 0) requests
LCMessage ByteCount = 2786:14
TOMMessage ByteCount = 127631212:168822
StandardSMMessage ByteCount = 10398:19
ConsensusMessage ByteCount = 2635764:12963
--- Measurements after 146000 ops (1000 samples) ---
Throughput = 9009.009 operations/sec (Maximum observed: 9009.009 ops/sec)
Total latency = 2.3921127722773E7 (+/- 0) us 
Consensus latency = 4875.442144000001 (+/- 248) us 
Pre-consensus latency = 0.0 (+/- 0) us 
Pos-consensus latency = 2.3918351210219003E7 (+/- 0) us 
Propose latency = 2387.827335 (+/- 136) us 
Write latency = 766.987909 (+/- 252) us 
Accept latency = 1720.6269 (+/- 147) us 
Batch average size = NaN (+/- 0) requests
LCMessage ByteCount = 2786:14
TOMMessage ByteCount = 127631212:168822
StandardSMMessage ByteCount = 10398:19
ConsensusMessage ByteCount = 2635764:12963
--- Measurements after 147000 ops (1000 samples) ---
Throughput = 8130.0815 operations/sec (Maximum observed: 9009.009 ops/sec)
Total latency = 2.3982948671127997E7 (+/- 0) us 
Consensus latency = 4871.017949 (+/- 280) us 
Pre-consensus latency = 0.0 (+/- 0) us 
Pos-consensus latency = 2.398019828007E7 (+/- 0) us 
Propose latency = 2394.978328 (+/- 187) us 
Write latency = 841.144988 (+/- 274) us 
Accept latency = 1634.8946329999999 (+/- 193) us 
Batch average size = NaN (+/- 0) requests
LCMessage ByteCount = 2786:14
TOMMessage ByteCount = 127631212:168822
StandardSMMessage ByteCount = 10398:19
ConsensusMessage ByteCount = 2635764:12963
--- Measurements after 148000 ops (1000 samples) ---
Throughput = 8849.558 operations/sec (Maximum observed: 9009.009 ops/sec)
Total latency = 2.4044132592246E7 (+/- 0) us 
Consensus latency = 4607.062382 (+/- 245) us 
Pre-consensus latency = 0.0 (+/- 0) us 
Pos-consensus latency = 2.4041646469117E7 (+/- 0) us 
Propose latency = 2397.909915 (+/- 152) us 
Write latency = 572.349883 (+/- 218) us 
Accept latency = 1636.802584 (+/- 95) us 
Batch average size = NaN (+/- 0) requests
LCMessage ByteCount = 2786:14
TOMMessage ByteCount = 127631212:168822
StandardSMMessage ByteCount = 10398:19
ConsensusMessage ByteCount = 2635764:12963
--- Measurements after 149000 ops (1000 samples) ---
Throughput = 8928.571 operations/sec (Maximum observed: 9009.009 ops/sec)
Total latency = 2.4098747484644E7 (+/- 0) us 
Consensus latency = 5544.519824 (+/- 891) us 
Pre-consensus latency = 0.0 (+/- 0) us 
Pos-consensus latency = 2.4095970057682E7 (+/- 0) us 
Propose latency = 3118.845836 (+/- 777) us 
Write latency = 783.276692 (+/- 146) us 
Accept latency = 1642.397296 (+/- 113) us 
Batch average size = NaN (+/- 0) requests
LCMessage ByteCount = 2786:14
TOMMessage ByteCount = 127631212:168822
StandardSMMessage ByteCount = 10398:19
ConsensusMessage ByteCount = 2635764:12963
--- Measurements after 150000 ops (1000 samples) ---
Throughput = 8547.009 operations/sec (Maximum observed: 9009.009 ops/sec)
Total latency = 2.4153981950736E7 (+/- 0) us 
Consensus latency = 5648.8900029999995 (+/- 2553) us 
Pre-consensus latency = 0.0 (+/- 0) us 
Pos-consensus latency = 2.4150623884301E7 (+/- 0) us 
Propose latency = 2939.645486 (+/- 1136) us 
Write latency = 327.747706 (+/- 299) us 
Accept latency = 2381.4968110000004 (+/- 2180) us 
Batch average size = NaN (+/- 0) requests
LCMessage ByteCount = 2786:14
TOMMessage ByteCount = 127631212:168822
StandardSMMessage ByteCount = 10398:19
ConsensusMessage ByteCount = 2635764:12963
--- Measurements after 151000 ops (1000 samples) ---
Throughput = 8849.558 operations/sec (Maximum observed: 9009.009 ops/sec)
Total latency = 2.4220534048507E7 (+/- 0) us 
Consensus latency = 4444.915139000001 (+/- 318) us 
Pre-consensus latency = 0.0 (+/- 0) us 
Pos-consensus latency = 2.4218155415492002E7 (+/- 0) us 
Propose latency = 2353.5740419999997 (+/- 96) us 
Write latency = 670.916667 (+/- 179) us 
Accept latency = 1420.42443 (+/- 251) us 
Batch average size = NaN (+/- 0) requests
LCMessage ByteCount = 2786:14
TOMMessage ByteCount = 127631212:168822
StandardSMMessage ByteCount = 10398:19
ConsensusMessage ByteCount = 2635764:12963
--- Measurements after 152000 ops (1000 samples) ---
Throughput = 9009.009 operations/sec (Maximum observed: 9009.009 ops/sec)
Total latency = 2.427568227787E7 (+/- 0) us 
Consensus latency = 4740.675719 (+/- 252) us 
Pre-consensus latency = 0.0 (+/- 0) us 
Pos-consensus latency = 2.4273148096013002E7 (+/- 0) us 
Propose latency = 2496.953187 (+/- 100) us 
Write latency = 606.543275 (+/- 263) us 
Accept latency = 1637.179257 (+/- 115) us 
Batch average size = NaN (+/- 0) requests
LCMessage ByteCount = 2786:14
TOMMessage ByteCount = 127631212:168822
StandardSMMessage ByteCount = 10398:19
ConsensusMessage ByteCount = 2635764:12963
--- Measurements after 153000 ops (1000 samples) ---
Throughput = 9009.009 operations/sec (Maximum observed: 9009.009 ops/sec)
Total latency = 2.4330866295195E7 (+/- 0) us 
Consensus latency = 4499.396669 (+/- 286) us 
Pre-consensus latency = 0.0 (+/- 0) us 
Pos-consensus latency = 2.4328426404484E7 (+/- 0) us 
Propose latency = 2360.7326719999996 (+/- 155) us 
Write latency = 618.306615 (+/- 318) us 
Accept latency = 1520.357382 (+/- 148) us 
Batch average size = NaN (+/- 0) requests
LCMessage ByteCount = 2786:14
TOMMessage ByteCount = 127631212:168822
StandardSMMessage ByteCount = 10398:19
ConsensusMessage ByteCount = 2635764:12963
--- Measurements after 154000 ops (1000 samples) ---
Throughput = 7751.938 operations/sec (Maximum observed: 9009.009 ops/sec)
Total latency = 2.4388931755156E7 (+/- 0) us 
Consensus latency = 5141.930279 (+/- 602) us 
Pre-consensus latency = 0.0 (+/- 0) us 
Pos-consensus latency = 2.4386374651778E7 (+/- 0) us 
Propose latency = 2945.312122 (+/- 525) us 
Write latency = 687.3516 (+/- 221) us 
Accept latency = 1509.266557 (+/- 240) us 
Batch average size = NaN (+/- 0) requests
LCMessage ByteCount = 2786:14
TOMMessage ByteCount = 127631212:168822
StandardSMMessage ByteCount = 10398:19
ConsensusMessage ByteCount = 2635764:12963
--- Measurements after 155000 ops (1000 samples) ---
Throughput = 8333.333 operations/sec (Maximum observed: 9009.009 ops/sec)
Total latency = 2.4463486612318E7 (+/- 0) us 
Consensus latency = 5211.064942 (+/- 891) us 
Pre-consensus latency = 0.0 (+/- 0) us 
Pos-consensus latency = 2.4460784874606997E7 (+/- 0) us 
Propose latency = 3223.871601 (+/- 1066) us 
Write latency = 424.61595400000004 (+/- 305) us 
Accept latency = 1562.577387 (+/- 178) us 
Batch average size = NaN (+/- 0) requests
LCMessage ByteCount = 2786:14
TOMMessage ByteCount = 127631212:168822
StandardSMMessage ByteCount = 10398:19
ConsensusMessage ByteCount = 2635764:12963
--- Measurements after 156000 ops (1000 samples) ---
Throughput = 9090.909 operations/sec (Maximum observed: 9090.909 ops/sec)
Total latency = 2.4524064592919E7 (+/- 0) us 
Consensus latency = 4606.522286 (+/- 345) us 
Pre-consensus latency = 0.0 (+/- 0) us 
Pos-consensus latency = 2.452168262505E7 (+/- 0) us 
Propose latency = 2543.474983 (+/- 175) us 
Write latency = 436.25929599999995 (+/- 179) us 
Accept latency = 1626.7880069999999 (+/- 253) us 
Batch average size = NaN (+/- 0) requests
LCMessage ByteCount = 2786:14
TOMMessage ByteCount = 127631212:168822
StandardSMMessage ByteCount = 10398:19
ConsensusMessage ByteCount = 2635764:12963
--- Measurements after 157000 ops (1000 samples) ---
Throughput = 9090.909 operations/sec (Maximum observed: 9090.909 ops/sec)
Total latency = 2.4578738859457E7 (+/- 0) us 
Consensus latency = 4504.165398 (+/- 270) us 
Pre-consensus latency = 0.0 (+/- 0) us 
Pos-consensus latency = 2.4576311462382E7 (+/- 0) us 
Propose latency = 2367.013533 (+/- 122) us 
Write latency = 560.5412759999999 (+/- 179) us 
Accept latency = 1576.610589 (+/- 113) us 
Batch average size = NaN (+/- 0) requests
LCMessage ByteCount = 2786:14
TOMMessage ByteCount = 127631212:168822
StandardSMMessage ByteCount = 10398:19
ConsensusMessage ByteCount = 2635764:12963
--- Measurements after 158000 ops (1000 samples) ---
Throughput = 8403.361 operations/sec (Maximum observed: 9090.909 ops/sec)
Total latency = 2.4638677340629E7 (+/- 0) us 
Consensus latency = 4660.452274 (+/- 214) us 
Pre-consensus latency = 0.0 (+/- 0) us 
Pos-consensus latency = 2.4636159204315E7 (+/- 0) us 
Propose latency = 2486.778762 (+/- 117) us 
Write latency = 636.767465 (+/- 253) us 
Accept latency = 1536.906047 (+/- 164) us 
Batch average size = NaN (+/- 0) requests
LCMessage ByteCount = 2786:14
TOMMessage ByteCount = 127631212:168822
StandardSMMessage ByteCount = 10398:19
ConsensusMessage ByteCount = 2635764:12963
--- Measurements after 159000 ops (1000 samples) ---
Throughput = 8849.558 operations/sec (Maximum observed: 9090.909 ops/sec)
Total latency = 2.469578115111E7 (+/- 0) us 
Consensus latency = 5556.597035 (+/- 1161) us 
Pre-consensus latency = 0.0 (+/- 0) us 
Pos-consensus latency = 2.4693280791743E7 (+/- 0) us 
Propose latency = 3394.2106409999997 (+/- 1026) us 
Write latency = 540.152568 (+/- 265) us 
Accept latency = 1622.233826 (+/- 155) us 
Batch average size = NaN (+/- 0) requests
LCMessage ByteCount = 2786:14
TOMMessage ByteCount = 127631212:168822
StandardSMMessage ByteCount = 10398:19
ConsensusMessage ByteCount = 2635764:12963
--- Measurements after 160000 ops (1000 samples) ---
Throughput = 9009.009 operations/sec (Maximum observed: 9090.909 ops/sec)
Total latency = 2.4753997424548E7 (+/- 0) us 
Consensus latency = 5317.854627000001 (+/- 1614) us 
Pre-consensus latency = 0.0 (+/- 0) us 
Pos-consensus latency = 2.4751053860435E7 (+/- 0) us 
Propose latency = 2740.8825890000003 (+/- 681) us 
Write latency = 992.504113 (+/- 1768) us 
Accept latency = 1584.4679250000002 (+/- 204) us 
Batch average size = NaN (+/- 0) requests
LCMessage ByteCount = 2786:14
TOMMessage ByteCount = 127631212:168822
StandardSMMessage ByteCount = 10398:19
ConsensusMessage ByteCount = 2635764:12963
--- Measurements after 161000 ops (1000 samples) ---
Throughput = 8403.361 operations/sec (Maximum observed: 9090.909 ops/sec)
Total latency = 2.4809895804467E7 (+/- 0) us 
Consensus latency = 4980.916957 (+/- 756) us 
Pre-consensus latency = 0.0 (+/- 0) us 
Pos-consensus latency = 2.4807448737223998E7 (+/- 0) us 
Propose latency = 2958.5509500000003 (+/- 881) us 
Write latency = 484.39257799999996 (+/- 266) us 
Accept latency = 1537.973429 (+/- 184) us 
Batch average size = NaN (+/- 0) requests
LCMessage ByteCount = 2786:14
TOMMessage ByteCount = 127631212:168822
StandardSMMessage ByteCount = 10398:19
ConsensusMessage ByteCount = 2635764:12963
--- Measurements after 162000 ops (1000 samples) ---
Throughput = 9009.009 operations/sec (Maximum observed: 9090.909 ops/sec)
Total latency = 2.4874323785096E7 (+/- 0) us 
Consensus latency = 4459.65092 (+/- 239) us 
Pre-consensus latency = 0.0 (+/- 0) us 
Pos-consensus latency = 2.4871924364004E7 (+/- 0) us 
Propose latency = 2339.511278 (+/- 72) us 
Write latency = 507.201942 (+/- 236) us 
Accept latency = 1612.9377 (+/- 179) us 
Batch average size = NaN (+/- 0) requests
LCMessage ByteCount = 2786:14
TOMMessage ByteCount = 127631212:168822
StandardSMMessage ByteCount = 10398:19
ConsensusMessage ByteCount = 2635764:12963
--- Measurements after 163000 ops (1000 samples) ---
Throughput = 9009.009 operations/sec (Maximum observed: 9090.909 ops/sec)
Total latency = 2.492933739056E7 (+/- 0) us 
Consensus latency = 4315.415615 (+/- 203) us 
Pre-consensus latency = 0.0 (+/- 0) us 
Pos-consensus latency = 2.4927016481223E7 (+/- 0) us 
Propose latency = 2310.237502 (+/- 194) us 
Write latency = 514.901058 (+/- 192) us 
Accept latency = 1490.277055 (+/- 141) us 
Batch average size = NaN (+/- 0) requests
LCMessage ByteCount = 2786:14
TOMMessage ByteCount = 127631212:168822
StandardSMMessage ByteCount = 10398:19
ConsensusMessage ByteCount = 2635764:12963
--- Measurements after 164000 ops (1000 samples) ---
Throughput = 8928.571 operations/sec (Maximum observed: 9090.909 ops/sec)
Total latency = 2.4979922273153998E7 (+/- 0) us 
Consensus latency = 5544.650643 (+/- 1252) us 
Pre-consensus latency = 0.0 (+/- 0) us 
Pos-consensus latency = 2.4977193450108003E7 (+/- 0) us 
Propose latency = 3170.9639580000003 (+/- 1033) us 
Write latency = 797.087284 (+/- 335) us 
Accept latency = 1576.5994010000002 (+/- 173) us 
Batch average size = NaN (+/- 0) requests
LCMessage ByteCount = 2786:14
TOMMessage ByteCount = 127631212:168822
StandardSMMessage ByteCount = 10398:19
ConsensusMessage ByteCount = 2635764:12963
--- Measurements after 165000 ops (1000 samples) ---
Throughput = 7751.938 operations/sec (Maximum observed: 9090.909 ops/sec)
Total latency = 2.5042050608627997E7 (+/- 0) us 
Consensus latency = 4854.131422 (+/- 244) us 
Pre-consensus latency = 0.0 (+/- 0) us 
Pos-consensus latency = 2.5039487510693002E7 (+/- 0) us 
Propose latency = 2592.695358 (+/- 352) us 
Write latency = 665.541601 (+/- 233) us 
Accept latency = 1595.894463 (+/- 140) us 
Batch average size = NaN (+/- 0) requests
LCMessage ByteCount = 2786:14
TOMMessage ByteCount = 127631212:168822
StandardSMMessage ByteCount = 10398:19
ConsensusMessage ByteCount = 2635764:12963
--- Measurements after 166000 ops (1000 samples) ---
Throughput = 8196.722 operations/sec (Maximum observed: 9090.909 ops/sec)
Total latency = 2.511521990171E7 (+/- 0) us 
Consensus latency = 6524.535212000001 (+/- 1917) us 
Pre-consensus latency = 0.0 (+/- 0) us 
Pos-consensus latency = 2.511174996009E7 (+/- 0) us 
Propose latency = 3719.390577 (+/- 981) us 
Write latency = 495.96403000000004 (+/- 296) us 
Accept latency = 2309.180605 (+/- 2030) us 
Batch average size = NaN (+/- 0) requests
LCMessage ByteCount = 2786:14
TOMMessage ByteCount = 127631212:168822
StandardSMMessage ByteCount = 10398:19
ConsensusMessage ByteCount = 2635764:12963
--- Measurements after 167000 ops (1000 samples) ---
Throughput = 8849.558 operations/sec (Maximum observed: 9090.909 ops/sec)
Total latency = 2.5179413268952E7 (+/- 0) us 
Consensus latency = 4808.6897819999995 (+/- 149) us 
Pre-consensus latency = 0.0 (+/- 0) us 
Pos-consensus latency = 2.5176796845142E7 (+/- 0) us 
Propose latency = 2494.442855 (+/- 178) us 
Write latency = 707.340631 (+/- 163) us 
Accept latency = 1606.906296 (+/- 82) us 
Batch average size = NaN (+/- 0) requests
LCMessage ByteCount = 2786:14
TOMMessage ByteCount = 127631212:168822
StandardSMMessage ByteCount = 10398:19
ConsensusMessage ByteCount = 2635764:12963
--- Measurements after 168000 ops (1000 samples) ---
Throughput = 9009.009 operations/sec (Maximum observed: 9090.909 ops/sec)
Total latency = 2.5235252248861E7 (+/- 0) us 
Consensus latency = 4605.5691799999995 (+/- 252) us 
Pre-consensus latency = 0.0 (+/- 0) us 
Pos-consensus latency = 2.5232748036475E7 (+/- 0) us 
Propose latency = 2398.103451 (+/- 170) us 
Write latency = 707.8520080000001 (+/- 115) us 
Accept latency = 1499.613721 (+/- 129) us 
Batch average size = NaN (+/- 0) requests
LCMessage ByteCount = 2786:14
TOMMessage ByteCount = 127631212:168822
StandardSMMessage ByteCount = 10398:19
ConsensusMessage ByteCount = 2635764:12963
--- Measurements after 169000 ops (1000 samples) ---
Throughput = 8403.361 operations/sec (Maximum observed: 9090.909 ops/sec)
Total latency = 2.5294380531011E7 (+/- 0) us 
Consensus latency = 5744.887746 (+/- 1274) us 
Pre-consensus latency = 0.0 (+/- 0) us 
Pos-consensus latency = 2.5291164835286E7 (+/- 0) us 
Propose latency = 2876.327529 (+/- 641) us 
Write latency = 692.190384 (+/- 92) us 
Accept latency = 2176.369833 (+/- 1209) us 
Batch average size = NaN (+/- 0) requests
LCMessage ByteCount = 2786:14
TOMMessage ByteCount = 127631212:168822
StandardSMMessage ByteCount = 10398:19
ConsensusMessage ByteCount = 2635764:12963
--- Measurements after 170000 ops (1000 samples) ---
Throughput = 9009.009 operations/sec (Maximum observed: 9090.909 ops/sec)
Total latency = 2.535365236521E7 (+/- 0) us 
Consensus latency = 4878.807285 (+/- 214) us 
Pre-consensus latency = 0.0 (+/- 0) us 
Pos-consensus latency = 2.5351038959916E7 (+/- 0) us 
Propose latency = 2590.302601 (+/- 152) us 
Write latency = 737.696564 (+/- 145) us 
Accept latency = 1550.8081200000001 (+/- 157) us 
Batch average size = NaN (+/- 0) requests
LCMessage ByteCount = 2786:14
TOMMessage ByteCount = 127631212:168822
StandardSMMessage ByteCount = 10398:19
ConsensusMessage ByteCount = 2635764:12963
--- Measurements after 171000 ops (1000 samples) ---
Throughput = 9009.009 operations/sec (Maximum observed: 9090.909 ops/sec)
Total latency = 2.5407244709807E7 (+/- 0) us 
Consensus latency = 5522.665825 (+/- 1700) us 
Pre-consensus latency = 0.0 (+/- 0) us 
Pos-consensus latency = 2.5403872279430002E7 (+/- 0) us 
Propose latency = 2872.787264 (+/- 1197) us 
Write latency = 536.111421 (+/- 310) us 
Accept latency = 2113.76714 (+/- 1446) us 
Batch average size = NaN (+/- 0) requests
LCMessage ByteCount = 2786:14
TOMMessage ByteCount = 127631212:168822
StandardSMMessage ByteCount = 10398:19
ConsensusMessage ByteCount = 2635764:12963
--- Measurements after 172000 ops (1000 samples) ---
Throughput = 8771.93 operations/sec (Maximum observed: 9090.909 ops/sec)
Total latency = 2.5466019473336E7 (+/- 0) us 
Consensus latency = 5095.606161000001 (+/- 880) us 
Pre-consensus latency = 0.0 (+/- 0) us 
Pos-consensus latency = 2.5463689971282E7 (+/- 0) us 
Propose latency = 3191.186912 (+/- 780) us 
Write latency = 436.06732500000004 (+/- 280) us 
Accept latency = 1468.351924 (+/- 82) us 
Batch average size = NaN (+/- 0) requests
LCMessage ByteCount = 2786:14
TOMMessage ByteCount = 127631212:168822
StandardSMMessage ByteCount = 10398:19
ConsensusMessage ByteCount = 2635764:12963
--- Measurements after 173000 ops (1000 samples) ---
Throughput = 8196.722 operations/sec (Maximum observed: 9090.909 ops/sec)
Total latency = 2.5533643547077E7 (+/- 0) us 
Consensus latency = 4548.312543999999 (+/- 273) us 
Pre-consensus latency = 0.0 (+/- 0) us 
Pos-consensus latency = 2.5531155846595E7 (+/- 0) us 
Propose latency = 2340.0091519999996 (+/- 154) us 
Write latency = 672.690333 (+/- 174) us 
Accept latency = 1535.6130589999998 (+/- 179) us 
Batch average size = NaN (+/- 0) requests
LCMessage ByteCount = 2786:14
TOMMessage ByteCount = 127631212:168822
StandardSMMessage ByteCount = 10398:19
ConsensusMessage ByteCount = 2635764:12963
--- Measurements after 174000 ops (1000 samples) ---
Throughput = 8928.571 operations/sec (Maximum observed: 9090.909 ops/sec)
Total latency = 2.5588755550899E7 (+/- 0) us 
Consensus latency = 5127.537144 (+/- 1231) us 
Pre-consensus latency = 0.0 (+/- 0) us 
Pos-consensus latency = 2.5586180573382E7 (+/- 0) us 
Propose latency = 2881.4606179999996 (+/- 1009) us 
Write latency = 702.1575670000001 (+/- 267) us 
Accept latency = 1543.918959 (+/- 177) us 
Batch average size = NaN (+/- 0) requests
LCMessage ByteCount = 2786:14
TOMMessage ByteCount = 127631212:168822
StandardSMMessage ByteCount = 10398:19
ConsensusMessage ByteCount = 2635764:12963
--- Measurements after 175000 ops (1000 samples) ---
Throughput = 9009.009 operations/sec (Maximum observed: 9090.909 ops/sec)
Total latency = 2.5643572635454E7 (+/- 0) us 
Consensus latency = 4862.635121 (+/- 369) us 
Pre-consensus latency = 0.0 (+/- 0) us 
Pos-consensus latency = 2.5640965398762003E7 (+/- 0) us 
Propose latency = 2564.521858 (+/- 276) us 
Write latency = 750.089939 (+/- 235) us 
Accept latency = 1548.023324 (+/- 160) us 
Batch average size = NaN (+/- 0) requests
LCMessage ByteCount = 2786:14
TOMMessage ByteCount = 127631212:168822
StandardSMMessage ByteCount = 10398:19
ConsensusMessage ByteCount = 2635764:12963
--- Measurements after 176000 ops (1000 samples) ---
Throughput = 8264.463 operations/sec (Maximum observed: 9090.909 ops/sec)
Total latency = 2.5701323159955002E7 (+/- 0) us 
Consensus latency = 5155.2104150000005 (+/- 1502) us 
Pre-consensus latency = 0.0 (+/- 0) us 
Pos-consensus latency = 2.5698303133344002E7 (+/- 0) us 
Propose latency = 2429.091974 (+/- 153) us 
Write latency = 582.6961409999999 (+/- 310) us 
Accept latency = 2143.4222999999997 (+/- 1412) us 
Batch average size = NaN (+/- 0) requests
LCMessage ByteCount = 2786:14
TOMMessage ByteCount = 127631212:168822
StandardSMMessage ByteCount = 10398:19
ConsensusMessage ByteCount = 2635764:12963
--- Measurements after 177000 ops (1000 samples) ---
Throughput = 8000.0 operations/sec (Maximum observed: 9090.909 ops/sec)
Total latency = 2.5773513403460998E7 (+/- 0) us 
Consensus latency = 4398.71316 (+/- 357) us 
Pre-consensus latency = 0.0 (+/- 0) us 
Pos-consensus latency = 2.5771217362611998E7 (+/- 0) us 
Propose latency = 2385.6286320000004 (+/- 147) us 
Write latency = 448.713154 (+/- 298) us 
Accept latency = 1564.371374 (+/- 118) us 
Batch average size = NaN (+/- 0) requests
LCMessage ByteCount = 2786:14
TOMMessage ByteCount = 127631212:168822
StandardSMMessage ByteCount = 10398:19
ConsensusMessage ByteCount = 2635764:12963
--- Measurements after 178000 ops (1000 samples) ---
Throughput = 8849.558 operations/sec (Maximum observed: 9090.909 ops/sec)
Total latency = 2.5836419797966E7 (+/- 0) us 
Consensus latency = 4300.183957 (+/- 269) us 
Pre-consensus latency = 0.0 (+/- 0) us 
Pos-consensus latency = 2.5834099789775003E7 (+/- 0) us 
Propose latency = 2266.416968 (+/- 160) us 
Write latency = 596.864828 (+/- 121) us 
Accept latency = 1436.902161 (+/- 159) us 
Batch average size = NaN (+/- 0) requests
LCMessage ByteCount = 2786:14
TOMMessage ByteCount = 127631212:168822
StandardSMMessage ByteCount = 10398:19
ConsensusMessage ByteCount = 2635764:12963
--- Measurements after 179000 ops (1000 samples) ---
Throughput = 9009.009 operations/sec (Maximum observed: 9090.909 ops/sec)
Total latency = 2.5890942496251E7 (+/- 0) us 
Consensus latency = 4646.814622999999 (+/- 649) us 
Pre-consensus latency = 0.0 (+/- 0) us 
Pos-consensus latency = 2.5888678911578E7 (+/- 0) us 
Propose latency = 2702.438244 (+/- 632) us 
Write latency = 529.293151 (+/- 138) us 
Accept latency = 1415.083228 (+/- 130) us 
Batch average size = NaN (+/- 0) requests
LCMessage ByteCount = 2786:14
TOMMessage ByteCount = 127631212:168822
StandardSMMessage ByteCount = 10398:19
ConsensusMessage ByteCount = 2635764:12963
--- Measurements after 180000 ops (1000 samples) ---
Throughput = 8403.361 operations/sec (Maximum observed: 9090.909 ops/sec)
Total latency = 2.5950040997640997E7 (+/- 0) us 
Consensus latency = 4667.008677 (+/- 328) us 
Pre-consensus latency = 0.0 (+/- 0) us 
Pos-consensus latency = 2.594751298934E7 (+/- 0) us 
Propose latency = 2395.442318 (+/- 314) us 
Write latency = 922.4975949999999 (+/- 189) us 
Accept latency = 1349.0687639999999 (+/- 98) us 
Batch average size = NaN (+/- 0) requests
LCMessage ByteCount = 2786:14
TOMMessage ByteCount = 127631212:168822
StandardSMMessage ByteCount = 10398:19
ConsensusMessage ByteCount = 2635764:12963
--- Measurements after 181000 ops (1000 samples) ---
Throughput = 9009.009 operations/sec (Maximum observed: 9090.909 ops/sec)
Total latency = 2.6008601454182997E7 (+/- 0) us 
Consensus latency = 4495.723097 (+/- 134) us 
Pre-consensus latency = 0.0 (+/- 0) us 
Pos-consensus latency = 2.6006116822522E7 (+/- 0) us 
Propose latency = 2187.030647 (+/- 169) us 
Write latency = 753.0965259999999 (+/- 236) us 
Accept latency = 1555.5959240000002 (+/- 184) us 
Batch average size = NaN (+/- 0) requests
LCMessage ByteCount = 2786:14
TOMMessage ByteCount = 127631212:168822
StandardSMMessage ByteCount = 10398:19
ConsensusMessage ByteCount = 2635764:12963
--- Measurements after 182000 ops (1000 samples) ---
Throughput = 8620.689 operations/sec (Maximum observed: 9090.909 ops/sec)
Total latency = 2.6065701147777E7 (+/- 0) us 
Consensus latency = 5124.475968000001 (+/- 2055) us 
Pre-consensus latency = 0.0 (+/- 0) us 
Pos-consensus latency = 2.6063096452784E7 (+/- 0) us 
Propose latency = 3036.6370079999997 (+/- 2150) us 
Write latency = 558.034311 (+/- 413) us 
Accept latency = 1529.804649 (+/- 125) us 
Batch average size = NaN (+/- 0) requests
LCMessage ByteCount = 2786:14
TOMMessage ByteCount = 127631212:168822
StandardSMMessage ByteCount = 10398:19
ConsensusMessage ByteCount = 2635764:12963
--- Measurements after 183000 ops (1000 samples) ---
Throughput = 8771.93 operations/sec (Maximum observed: 9090.909 ops/sec)
Total latency = 2.6124789944536E7 (+/- 0) us 
Consensus latency = 4661.341968999999 (+/- 175) us 
Pre-consensus latency = 0.0 (+/- 0) us 
Pos-consensus latency = 2.6122272864334E7 (+/- 0) us 
Propose latency = 2480.927482 (+/- 228) us 
Write latency = 673.540297 (+/- 168) us 
Accept latency = 1506.87419 (+/- 133) us 
Batch average size = NaN (+/- 0) requests
LCMessage ByteCount = 2786:14
TOMMessage ByteCount = 127631212:168822
StandardSMMessage ByteCount = 10398:19
ConsensusMessage ByteCount = 2635764:12963
--- Measurements after 184000 ops (1000 samples) ---
Throughput = 8474.576 operations/sec (Maximum observed: 9090.909 ops/sec)
Total latency = 2.6183997963136002E7 (+/- 0) us 
Consensus latency = 5036.314149 (+/- 544) us 
Pre-consensus latency = 0.0 (+/- 0) us 
Pos-consensus latency = 2.6181346023144E7 (+/- 0) us 
Propose latency = 2700.580628 (+/- 612) us 
Write latency = 742.743428 (+/- 154) us 
Accept latency = 1592.9900930000001 (+/- 105) us 
Batch average size = NaN (+/- 0) requests
LCMessage ByteCount = 2786:14
TOMMessage ByteCount = 127631212:168822
StandardSMMessage ByteCount = 10398:19
ConsensusMessage ByteCount = 2635764:12963
--- Measurements after 185000 ops (1000 samples) ---
Throughput = 8928.571 operations/sec (Maximum observed: 9090.909 ops/sec)
Total latency = 2.6244133416739E7 (+/- 0) us 
Consensus latency = 4787.02378 (+/- 315) us 
Pre-consensus latency = 0.0 (+/- 0) us 
Pos-consensus latency = 2.624156689593E7 (+/- 0) us 
Propose latency = 2504.965946 (+/- 272) us 
Write latency = 671.2701539999999 (+/- 59) us 
Accept latency = 1610.78768 (+/- 83) us 
Batch average size = NaN (+/- 0) requests
LCMessage ByteCount = 2786:14
TOMMessage ByteCount = 127631212:168822
StandardSMMessage ByteCount = 10398:19
ConsensusMessage ByteCount = 2635764:12963
--- Measurements after 186000 ops (1000 samples) ---
Throughput = 8928.571 operations/sec (Maximum observed: 9090.909 ops/sec)
Total latency = 2.630100484536E7 (+/- 0) us 
Consensus latency = 4733.814676 (+/- 241) us 
Pre-consensus latency = 0.0 (+/- 0) us 
Pos-consensus latency = 2.6298397713823E7 (+/- 0) us 
Propose latency = 2434.4111690000004 (+/- 96) us 
Write latency = 752.1383390000001 (+/- 96) us 
Accept latency = 1547.2651680000001 (+/- 132) us 
Batch average size = NaN (+/- 0) requests
LCMessage ByteCount = 2786:14
TOMMessage ByteCount = 127631212:168822
StandardSMMessage ByteCount = 10398:19
ConsensusMessage ByteCount = 2635764:12963
--- Measurements after 187000 ops (1000 samples) ---
Throughput = 8849.558 operations/sec (Maximum observed: 9090.909 ops/sec)
Total latency = 2.6356652611743E7 (+/- 0) us 
Consensus latency = 4631.4217690000005 (+/- 544) us 
Pre-consensus latency = 0.0 (+/- 0) us 
Pos-consensus latency = 2.635410723708E7 (+/- 0) us 
Propose latency = 2604.756704 (+/- 601) us 
Write latency = 507.750286 (+/- 344) us 
Accept latency = 1518.9147790000002 (+/- 116) us 
Batch average size = NaN (+/- 0) requests
LCMessage ByteCount = 2786:14
TOMMessage ByteCount = 127631212:168822
StandardSMMessage ByteCount = 10398:19
ConsensusMessage ByteCount = 2635764:12963
--- Measurements after 188000 ops (1000 samples) ---
Throughput = 7692.3076 operations/sec (Maximum observed: 9090.909 ops/sec)
Total latency = 2.6421848687627E7 (+/- 0) us 
Consensus latency = 4492.942666 (+/- 314) us 
Pre-consensus latency = 0.0 (+/- 0) us 
Pos-consensus latency = 2.6419428850514E7 (+/- 0) us 
Propose latency = 2377.764941 (+/- 140) us 
Write latency = 537.315341 (+/- 265) us 
Accept latency = 1577.862384 (+/- 158) us 
Batch average size = NaN (+/- 0) requests
LCMessage ByteCount = 2786:14
TOMMessage ByteCount = 127631212:168822
StandardSMMessage ByteCount = 10398:19
ConsensusMessage ByteCount = 2635764:12963
--- Measurements after 189000 ops (1000 samples) ---
Throughput = 8474.576 operations/sec (Maximum observed: 9090.909 ops/sec)
Total latency = 2.6492645157793E7 (+/- 0) us 
Consensus latency = 5056.56376 (+/- 884) us 
Pre-consensus latency = 0.0 (+/- 0) us 
Pos-consensus latency = 2.6490009807800997E7 (+/- 0) us 
Propose latency = 2767.285358 (+/- 613) us 
Write latency = 754.7085500000001 (+/- 322) us 
Accept latency = 1534.5698519999999 (+/- 184) us 
Batch average size = NaN (+/- 0) requests
LCMessage ByteCount = 2786:14
TOMMessage ByteCount = 127631212:168822
StandardSMMessage ByteCount = 10398:19
ConsensusMessage ByteCount = 2635764:12963
--- Measurements after 190000 ops (1000 samples) ---
Throughput = 9009.009 operations/sec (Maximum observed: 9090.909 ops/sec)
Total latency = 2.6550884701867E7 (+/- 0) us 
Consensus latency = 4614.721078 (+/- 441) us 
Pre-consensus latency = 0.0 (+/- 0) us 
Pos-consensus latency = 2.6548465042979E7 (+/- 0) us 
Propose latency = 2500.9861499999997 (+/- 344) us 
Write latency = 629.566147 (+/- 108) us 
Accept latency = 1484.1687809999999 (+/- 207) us 
Batch average size = NaN (+/- 0) requests
LCMessage ByteCount = 2786:14
TOMMessage ByteCount = 127631212:168822
StandardSMMessage ByteCount = 10398:19
ConsensusMessage ByteCount = 2635764:12963
--- Measurements after 191000 ops (1000 samples) ---
Throughput = 9090.909 operations/sec (Maximum observed: 9090.909 ops/sec)
Total latency = 2.6606536700717E7 (+/- 0) us 
Consensus latency = 4655.226111999999 (+/- 262) us 
Pre-consensus latency = 0.0 (+/- 0) us 
Pos-consensus latency = 2.6604041923265997E7 (+/- 0) us 
Propose latency = 2455.182003 (+/- 165) us 
Write latency = 706.698958 (+/- 211) us 
Accept latency = 1493.345151 (+/- 191) us 
Batch average size = NaN (+/- 0) requests
LCMessage ByteCount = 2786:14
TOMMessage ByteCount = 127631212:168822
StandardSMMessage ByteCount = 10398:19
ConsensusMessage ByteCount = 2635764:12963
--- Measurements after 192000 ops (1000 samples) ---
Throughput = 8620.689 operations/sec (Maximum observed: 9090.909 ops/sec)
Total latency = 2.6665515906785E7 (+/- 0) us 
Consensus latency = 5436.472127 (+/- 1861) us 
Pre-consensus latency = 0.0 (+/- 0) us 
Pos-consensus latency = 2.6662210580606E7 (+/- 0) us 
Propose latency = 2792.512627 (+/- 994) us 
Write latency = 591.797115 (+/- 357) us 
Accept latency = 2052.162385 (+/- 1691) us 
Batch average size = NaN (+/- 0) requests
LCMessage ByteCount = 2786:14
TOMMessage ByteCount = 127631212:168822
StandardSMMessage ByteCount = 10398:19
ConsensusMessage ByteCount = 2635764:12963
--- Measurements after 193000 ops (1000 samples) ---
Throughput = 9090.909 operations/sec (Maximum observed: 9090.909 ops/sec)
Total latency = 2.6723752040099E7 (+/- 0) us 
Consensus latency = 4545.321953 (+/- 151) us 
Pre-consensus latency = 0.0 (+/- 0) us 
Pos-consensus latency = 2.6721349621207003E7 (+/- 0) us 
Propose latency = 2471.166334 (+/- 301) us 
Write latency = 626.567321 (+/- 267) us 
Accept latency = 1447.588298 (+/- 91) us 
Batch average size = NaN (+/- 0) requests
LCMessage ByteCount = 2786:14
TOMMessage ByteCount = 127631212:168822
StandardSMMessage ByteCount = 10398:19
ConsensusMessage ByteCount = 2635764:12963
--- Measurements after 194000 ops (1000 samples) ---
Throughput = 8928.571 operations/sec (Maximum observed: 9090.909 ops/sec)
Total latency = 2.6778299569811E7 (+/- 0) us 
Consensus latency = 4931.17733 (+/- 928) us 
Pre-consensus latency = 0.0 (+/- 0) us 
Pos-consensus latency = 2.6775807700149E7 (+/- 0) us 
Propose latency = 2767.96088 (+/- 802) us 
Write latency = 661.556719 (+/- 171) us 
Accept latency = 1501.659731 (+/- 283) us 
Batch average size = NaN (+/- 0) requests
LCMessage ByteCount = 2786:14
TOMMessage ByteCount = 127631212:168822
StandardSMMessage ByteCount = 10398:19
ConsensusMessage ByteCount = 2635764:12963
--- Measurements after 195000 ops (1000 samples) ---
Throughput = 9009.009 operations/sec (Maximum observed: 9090.909 ops/sec)
Total latency = 2.6834276347987E7 (+/- 0) us 
Consensus latency = 4668.364826999999 (+/- 423) us 
Pre-consensus latency = 0.0 (+/- 0) us 
Pos-consensus latency = 2.6831901930119E7 (+/- 0) us 
Propose latency = 2598.9964870000003 (+/- 418) us 
Write latency = 532.0576130000001 (+/- 311) us 
Accept latency = 1537.310727 (+/- 289) us 
Batch average size = NaN (+/- 0) requests
LCMessage ByteCount = 2786:14
TOMMessage ByteCount = 127631212:168822
StandardSMMessage ByteCount = 10398:19
ConsensusMessage ByteCount = 2635764:12963
--- Measurements after 196000 ops (1000 samples) ---
Throughput = 8474.576 operations/sec (Maximum observed: 9090.909 ops/sec)
Total latency = 2.6895919021571998E7 (+/- 0) us 
Consensus latency = 4702.366777 (+/- 141) us 
Pre-consensus latency = 0.0 (+/- 0) us 
Pos-consensus latency = 2.6893356574912E7 (+/- 0) us 
Propose latency = 2440.5917790000003 (+/- 89) us 
Write latency = 698.4019860000001 (+/- 191) us 
Accept latency = 1563.373012 (+/- 193) us 
Batch average size = NaN (+/- 0) requests
LCMessage ByteCount = 2786:14
TOMMessage ByteCount = 127631212:168822
StandardSMMessage ByteCount = 10398:19
ConsensusMessage ByteCount = 2635764:12963
--- Measurements after 197000 ops (1000 samples) ---
Throughput = 9009.009 operations/sec (Maximum observed: 9090.909 ops/sec)
Total latency = 2.6952034423397E7 (+/- 0) us 
Consensus latency = 5132.437425 (+/- 1789) us 
Pre-consensus latency = 0.0 (+/- 0) us 
Pos-consensus latency = 2.6949022298346E7 (+/- 0) us 
Propose latency = 2443.4403930000003 (+/- 88) us 
Write latency = 546.1758860000001 (+/- 278) us 
Accept latency = 2142.821146 (+/- 1822) us 
Batch average size = NaN (+/- 0) requests
LCMessage ByteCount = 2786:14
TOMMessage ByteCount = 127631212:168822
StandardSMMessage ByteCount = 10398:19
ConsensusMessage ByteCount = 2635764:12963
--- Measurements after 198000 ops (1000 samples) ---
Throughput = 9009.009 operations/sec (Maximum observed: 9090.909 ops/sec)
Total latency = 2.7001531706834E7 (+/- 0) us 
Consensus latency = 4473.97567 (+/- 460) us 
Pre-consensus latency = 0.0 (+/- 0) us 
Pos-consensus latency = 2.6999286195032E7 (+/- 0) us 
Propose latency = 2538.728242 (+/- 478) us 
Write latency = 438.495573 (+/- 261) us 
Accept latency = 1496.751855 (+/- 99) us 
Batch average size = NaN (+/- 0) requests
LCMessage ByteCount = 2786:14
TOMMessage ByteCount = 127631212:168822
StandardSMMessage ByteCount = 10398:19
ConsensusMessage ByteCount = 2635764:12963
--- Measurements after 199000 ops (1000 samples) ---
Throughput = 8547.009 operations/sec (Maximum observed: 9090.909 ops/sec)
Total latency = 2.7056792037731E7 (+/- 0) us 
Consensus latency = 5181.382691 (+/- 782) us 
Pre-consensus latency = 0.0 (+/- 0) us 
Pos-consensus latency = 2.705402265064E7 (+/- 0) us 
Propose latency = 2755.091775 (+/- 657) us 
Write latency = 838.756864 (+/- 357) us 
Accept latency = 1587.534052 (+/- 178) us 
Batch average size = NaN (+/- 0) requests
LCMessage ByteCount = 2786:14
TOMMessage ByteCount = 127631212:168822
StandardSMMessage ByteCount = 10398:19
ConsensusMessage ByteCount = 2635764:12963
--- Measurements after 200000 ops (1000 samples) ---
Throughput = 7751.938 operations/sec (Maximum observed: 9090.909 ops/sec)
Total latency = 2.7129837204366002E7 (+/- 0) us 
Consensus latency = 4636.818516 (+/- 371) us 
Pre-consensus latency = 0.0 (+/- 0) us 
Pos-consensus latency = 2.7127376518097E7 (+/- 0) us 
Propose latency = 2497.707166 (+/- 208) us 
Write latency = 596.6912639999999 (+/- 219) us 
Accept latency = 1542.4200859999999 (+/- 213) us 
Batch average size = NaN (+/- 0) requests
LCMessage ByteCount = 2786:14
TOMMessage ByteCount = 127631212:168822
StandardSMMessage ByteCount = 10398:19
ConsensusMessage ByteCount = 2635764:12963
--- Measurements after 201000 ops (1000 samples) ---
Throughput = 9009.009 operations/sec (Maximum observed: 9090.909 ops/sec)
Total latency = 2.7192483635745E7 (+/- 0) us 
Consensus latency = 4527.955298999999 (+/- 288) us 
Pre-consensus latency = 0.0 (+/- 0) us 
Pos-consensus latency = 2.7190063731587E7 (+/- 0) us 
Propose latency = 2430.209464 (+/- 137) us 
Write latency = 637.075822 (+/- 172) us 
Accept latency = 1460.670013 (+/- 204) us 
Batch average size = NaN (+/- 0) requests
LCMessage ByteCount = 2786:14
TOMMessage ByteCount = 127631212:168822
StandardSMMessage ByteCount = 10398:19
ConsensusMessage ByteCount = 2635764:12963
--- Measurements after 202000 ops (1000 samples) ---
Throughput = 9090.909 operations/sec (Maximum observed: 9090.909 ops/sec)
Total latency = 2.7248188462175E7 (+/- 0) us 
Consensus latency = 4417.176413 (+/- 338) us 
Pre-consensus latency = 0.0 (+/- 0) us 
Pos-consensus latency = 2.7245765870841E7 (+/- 0) us 
Propose latency = 2288.2969470000003 (+/- 119) us 
Write latency = 578.8398440000001 (+/- 217) us 
Accept latency = 1550.039622 (+/- 188) us 
Batch average size = NaN (+/- 0) requests
LCMessage ByteCount = 2786:14
TOMMessage ByteCount = 127631212:168822
StandardSMMessage ByteCount = 10398:19
ConsensusMessage ByteCount = 2635764:12963
--- Measurements after 203000 ops (1000 samples) ---
Throughput = 8771.93 operations/sec (Maximum observed: 9090.909 ops/sec)
Total latency = 2.7299822458068002E7 (+/- 0) us 
Consensus latency = 6769.516583 (+/- 2701) us 
Pre-consensus latency = 0.0 (+/- 0) us 
Pos-consensus latency = 2.7296767744558997E7 (+/- 0) us 
Propose latency = 4591.989756 (+/- 2802) us 
Write latency = 609.4140649999999 (+/- 179) us 
Accept latency = 1568.1127620000002 (+/- 149) us 
Batch average size = NaN (+/- 0) requests
LCMessage ByteCount = 2786:14
TOMMessage ByteCount = 127631212:168822
StandardSMMessage ByteCount = 10398:19
ConsensusMessage ByteCount = 2635764:12963
--- Measurements after 204000 ops (1000 samples) ---
Throughput = 9009.009 operations/sec (Maximum observed: 9090.909 ops/sec)
Total latency = 2.7360713198335E7 (+/- 0) us 
Consensus latency = 5068.914038 (+/- 500) us 
Pre-consensus latency = 0.0 (+/- 0) us 
Pos-consensus latency = 2.7357984626062002E7 (+/- 0) us 
Propose latency = 2678.8533820000002 (+/- 383) us 
Write latency = 728.056593 (+/- 99) us 
Accept latency = 1662.004063 (+/- 266) us 
Batch average size = NaN (+/- 0) requests
LCMessage ByteCount = 2786:14
TOMMessage ByteCount = 127631212:168822
StandardSMMessage ByteCount = 10398:19
ConsensusMessage ByteCount = 2635764:12963
--- Measurements after 205000 ops (1000 samples) ---
Throughput = 9009.009 operations/sec (Maximum observed: 9090.909 ops/sec)
Total latency = 2.7415953942252997E7 (+/- 0) us 
Consensus latency = 5139.39138 (+/- 336) us 
Pre-consensus latency = 0.0 (+/- 0) us 
Pos-consensus latency = 2.7413140172238E7 (+/- 0) us 
Propose latency = 2625.541208 (+/- 374) us 
Write latency = 918.681402 (+/- 147) us 
Accept latency = 1595.16877 (+/- 187) us 
Batch average size = NaN (+/- 0) requests
LCMessage ByteCount = 2786:14
TOMMessage ByteCount = 127631212:168822
StandardSMMessage ByteCount = 10398:19
ConsensusMessage ByteCount = 2635764:12963
--- Measurements after 206000 ops (1000 samples) ---
Throughput = 9090.909 operations/sec (Maximum observed: 9090.909 ops/sec)
Total latency = 2.7472161234389E7 (+/- 0) us 
Consensus latency = 4688.697392 (+/- 148) us 
Pre-consensus latency = 0.0 (+/- 0) us 
Pos-consensus latency = 2.7469551783714E7 (+/- 0) us 
Propose latency = 2404.6653450000003 (+/- 159) us 
Write latency = 730.905816 (+/- 198) us 
Accept latency = 1553.126231 (+/- 83) us 
Batch average size = NaN (+/- 0) requests
LCMessage ByteCount = 2786:14
TOMMessage ByteCount = 127631212:168822
StandardSMMessage ByteCount = 10398:19
ConsensusMessage ByteCount = 2635764:12963
--- Measurements after 207000 ops (1000 samples) ---
Throughput = 8474.576 operations/sec (Maximum observed: 9090.909 ops/sec)
Total latency = 2.7529855932105E7 (+/- 0) us 
Consensus latency = 4672.379761 (+/- 347) us 
Pre-consensus latency = 0.0 (+/- 0) us 
Pos-consensus latency = 2.7527219682150003E7 (+/- 0) us 
Propose latency = 2354.004889 (+/- 163) us 
Write latency = 767.9444520000001 (+/- 266) us 
Accept latency = 1550.43042 (+/- 187) us 
Batch average size = NaN (+/- 0) requests
LCMessage ByteCount = 2786:14
TOMMessage ByteCount = 127631212:168822
StandardSMMessage ByteCount = 10398:19
ConsensusMessage ByteCount = 2635764:12963
--- Measurements after 208000 ops (1000 samples) ---
Throughput = 9009.009 operations/sec (Maximum observed: 9090.909 ops/sec)
Total latency = 2.7585877593466E7 (+/- 0) us 
Consensus latency = 5644.636727 (+/- 3376) us 
Pre-consensus latency = 0.0 (+/- 0) us 
Pos-consensus latency = 2.7583063545447E7 (+/- 0) us 
Propose latency = 3703.498011 (+/- 3375) us 
Write latency = 405.302325 (+/- 307) us 
Accept latency = 1535.836391 (+/- 126) us 
Batch average size = NaN (+/- 0) requests
LCMessage ByteCount = 2786:14
TOMMessage ByteCount = 127631212:168822
StandardSMMessage ByteCount = 10398:19
ConsensusMessage ByteCount = 2635764:12963
--- Measurements after 209000 ops (1000 samples) ---
Throughput = 8849.558 operations/sec (Maximum observed: 9090.909 ops/sec)
Total latency = 2.7645080510123E7 (+/- 0) us 
Consensus latency = 5100.44071 (+/- 628) us 
Pre-consensus latency = 0.0 (+/- 0) us 
Pos-consensus latency = 2.7642421841445E7 (+/- 0) us 
Propose latency = 2788.945086 (+/- 595) us 
Write latency = 784.084736 (+/- 164) us 
Accept latency = 1527.410888 (+/- 143) us 
Batch average size = NaN (+/- 0) requests
LCMessage ByteCount = 2786:14
TOMMessage ByteCount = 127631212:168822
StandardSMMessage ByteCount = 10398:19
ConsensusMessage ByteCount = 2635764:12963
--- Measurements after 210000 ops (1000 samples) ---
Throughput = 9009.009 operations/sec (Maximum observed: 9090.909 ops/sec)
Total latency = 2.7701442036994E7 (+/- 0) us 
Consensus latency = 4817.630480999999 (+/- 474) us 
Pre-consensus latency = 0.0 (+/- 0) us 
Pos-consensus latency = 2.769881622306E7 (+/- 0) us 
Propose latency = 2520.7655099999997 (+/- 394) us 
Write latency = 724.610249 (+/- 196) us 
Accept latency = 1572.2547220000001 (+/- 190) us 
Batch average size = NaN (+/- 0) requests
LCMessage ByteCount = 2786:14
TOMMessage ByteCount = 127631212:168822
StandardSMMessage ByteCount = 10398:19
ConsensusMessage ByteCount = 2635764:12963
--- Measurements after 211000 ops (1000 samples) ---
Throughput = 8000.0 operations/sec (Maximum observed: 9090.909 ops/sec)
Total latency = 2.7761130862081002E7 (+/- 0) us 
Consensus latency = 4721.874658 (+/- 289) us 
Pre-consensus latency = 0.0 (+/- 0) us 
Pos-consensus latency = 2.7758525848732E7 (+/- 0) us 
Propose latency = 2405.654391 (+/- 242) us 
Write latency = 878.11238 (+/- 199) us 
Accept latency = 1438.1078870000001 (+/- 121) us 
Batch average size = NaN (+/- 0) requests
LCMessage ByteCount = 2786:14
TOMMessage ByteCount = 127631212:168822
StandardSMMessage ByteCount = 10398:19
ConsensusMessage ByteCount = 2635764:12963
--- Measurements after 212000 ops (1000 samples) ---
Throughput = 8264.463 operations/sec (Maximum observed: 9090.909 ops/sec)
Total latency = 2.7833452768071998E7 (+/- 0) us 
Consensus latency = 4663.078815999999 (+/- 233) us 
Pre-consensus latency = 0.0 (+/- 0) us 
Pos-consensus latency = 2.7830887118265998E7 (+/- 0) us 
Propose latency = 2390.097206 (+/- 160) us 
Write latency = 761.6055670000001 (+/- 156) us 
Accept latency = 1511.376043 (+/- 179) us 
Batch average size = NaN (+/- 0) requests
LCMessage ByteCount = 2786:14
TOMMessage ByteCount = 127631212:168822
StandardSMMessage ByteCount = 10398:19
ConsensusMessage ByteCount = 2635764:12963
--- Measurements after 213000 ops (1000 samples) ---
Throughput = 9009.009 operations/sec (Maximum observed: 9090.909 ops/sec)
Total latency = 2.7889131467802E7 (+/- 0) us 
Consensus latency = 5211.693363 (+/- 1812) us 
Pre-consensus latency = 0.0 (+/- 0) us 
Pos-consensus latency = 2.7886084655138E7 (+/- 0) us 
Propose latency = 3310.118596 (+/- 1826) us 
Write latency = 429.119349 (+/- 347) us 
Accept latency = 1472.455418 (+/- 197) us 
Batch average size = NaN (+/- 0) requests
LCMessage ByteCount = 2786:14
TOMMessage ByteCount = 127631212:168822
StandardSMMessage ByteCount = 10398:19
ConsensusMessage ByteCount = 2635764:12963
--- Measurements after 214000 ops (1000 samples) ---
Throughput = 8928.571 operations/sec (Maximum observed: 9090.909 ops/sec)
Total latency = 2.7944213682263E7 (+/- 0) us 
Consensus latency = 5188.926312 (+/- 1015) us 
Pre-consensus latency = 0.0 (+/- 0) us 
Pos-consensus latency = 2.7941551973162E7 (+/- 0) us 
Propose latency = 2912.395408 (+/- 1006) us 
Write latency = 684.444024 (+/- 292) us 
Accept latency = 1592.0868799999998 (+/- 165) us 
Batch average size = NaN (+/- 0) requests
LCMessage ByteCount = 2786:14
TOMMessage ByteCount = 127631212:168822
StandardSMMessage ByteCount = 10398:19
ConsensusMessage ByteCount = 2635764:12963
--- Measurements after 215000 ops (1000 samples) ---
Throughput = 8620.689 operations/sec (Maximum observed: 9090.909 ops/sec)
Total latency = 2.8002649429155998E7 (+/- 0) us 
Consensus latency = 5273.4037180000005 (+/- 1025) us 
Pre-consensus latency = 0.0 (+/- 0) us 
Pos-consensus latency = 2.7999963963207E7 (+/- 0) us 
Propose latency = 2970.623782 (+/- 1120) us 
Write latency = 682.753733 (+/- 289) us 
Accept latency = 1620.026203 (+/- 181) us 
Batch average size = NaN (+/- 0) requests
LCMessage ByteCount = 2786:14
TOMMessage ByteCount = 127631212:168822
StandardSMMessage ByteCount = 10398:19
ConsensusMessage ByteCount = 2635764:12963
--- Measurements after 216000 ops (1000 samples) ---
Throughput = 9009.009 operations/sec (Maximum observed: 9090.909 ops/sec)
Total latency = 2.8060501299183E7 (+/- 0) us 
Consensus latency = 4688.775449 (+/- 355) us 
Pre-consensus latency = 0.0 (+/- 0) us 
Pos-consensus latency = 2.805773174451E7 (+/- 0) us 
Propose latency = 2169.164326 (+/- 152) us 
Write latency = 1051.136854 (+/- 206) us 
Accept latency = 1468.474269 (+/- 140) us 
Batch average size = NaN (+/- 0) requests
LCMessage ByteCount = 2786:14
TOMMessage ByteCount = 127631212:168822
StandardSMMessage ByteCount = 10398:19
ConsensusMessage ByteCount = 2635764:12963
--- Measurements after 217000 ops (1000 samples) ---
Throughput = 8695.652 operations/sec (Maximum observed: 9090.909 ops/sec)
Total latency = 2.8118106461247E7 (+/- 0) us 
Consensus latency = 4351.74624 (+/- 294) us 
Pre-consensus latency = 0.0 (+/- 0) us 
Pos-consensus latency = 2.8115679550958E7 (+/- 0) us 
Propose latency = 2142.775921 (+/- 178) us 
Write latency = 655.240082 (+/- 220) us 
Accept latency = 1553.730237 (+/- 156) us 
Batch average size = NaN (+/- 0) requests
LCMessage ByteCount = 2786:14
TOMMessage ByteCount = 127631212:168822
StandardSMMessage ByteCount = 10398:19
ConsensusMessage ByteCount = 2635764:12963
--- Measurements after 218000 ops (1000 samples) ---
Throughput = 8771.93 operations/sec (Maximum observed: 9090.909 ops/sec)
Total latency = 2.8174891856696997E7 (+/- 0) us 
Consensus latency = 4468.009690999999 (+/- 336) us 
Pre-consensus latency = 0.0 (+/- 0) us 
Pos-consensus latency = 2.8172383139356E7 (+/- 0) us 
Propose latency = 2261.1266570000003 (+/- 431) us 
Write latency = 609.1110679999999 (+/- 329) us 
Accept latency = 1597.771966 (+/- 155) us 
Batch average size = NaN (+/- 0) requests
LCMessage ByteCount = 2786:14
TOMMessage ByteCount = 127631212:168822
StandardSMMessage ByteCount = 10398:19
ConsensusMessage ByteCount = 2635764:12963
--- Measurements after 219000 ops (1000 samples) ---
Throughput = 8620.689 operations/sec (Maximum observed: 9090.909 ops/sec)
Total latency = 2.8234289983762E7 (+/- 0) us 
Consensus latency = 5301.96917 (+/- 1332) us 
Pre-consensus latency = 0.0 (+/- 0) us 
Pos-consensus latency = 2.8231673106768E7 (+/- 0) us 
Propose latency = 3182.098181 (+/- 1582) us 
Write latency = 706.4223440000001 (+/- 300) us 
Accept latency = 1413.448645 (+/- 195) us 
Batch average size = NaN (+/- 0) requests
LCMessage ByteCount = 2786:14
TOMMessage ByteCount = 127631212:168822
StandardSMMessage ByteCount = 10398:19
ConsensusMessage ByteCount = 2635764:12963
--- Measurements after 220000 ops (1000 samples) ---
Throughput = 9009.009 operations/sec (Maximum observed: 9090.909 ops/sec)
Total latency = 2.8292972836221002E7 (+/- 0) us 
Consensus latency = 4819.81183 (+/- 535) us 
Pre-consensus latency = 0.0 (+/- 0) us 
Pos-consensus latency = 2.8290535439851E7 (+/- 0) us 
Propose latency = 2664.390039 (+/- 361) us 
Write latency = 700.1493710000001 (+/- 211) us 
Accept latency = 1455.27242 (+/- 167) us 
Batch average size = NaN (+/- 0) requests
LCMessage ByteCount = 2786:14
TOMMessage ByteCount = 127631212:168822
StandardSMMessage ByteCount = 10398:19
ConsensusMessage ByteCount = 2635764:12963
--- Measurements after 221000 ops (1000 samples) ---
Throughput = 9009.009 operations/sec (Maximum observed: 9090.909 ops/sec)
Total latency = 2.8348990690248E7 (+/- 0) us 
Consensus latency = 4532.768573 (+/- 254) us 
Pre-consensus latency = 0.0 (+/- 0) us 
Pos-consensus latency = 2.8346491441499002E7 (+/- 0) us 
Propose latency = 2276.229539 (+/- 127) us 
Write latency = 730.659271 (+/- 239) us 
Accept latency = 1525.8797630000001 (+/- 149) us 
Batch average size = NaN (+/- 0) requests
LCMessage ByteCount = 2786:14
TOMMessage ByteCount = 127631212:168822
StandardSMMessage ByteCount = 10398:19
ConsensusMessage ByteCount = 2635764:12963
--- Measurements after 222000 ops (1000 samples) ---
Throughput = 9090.909 operations/sec (Maximum observed: 9090.909 ops/sec)
Total latency = 2.8405660723048E7 (+/- 0) us 
Consensus latency = 4579.349509 (+/- 135) us 
Pre-consensus latency = 0.0 (+/- 0) us 
Pos-consensus latency = 2.8403259473906E7 (+/- 0) us 
Propose latency = 2422.584511 (+/- 220) us 
Write latency = 647.9649109999999 (+/- 199) us 
Accept latency = 1508.800087 (+/- 172) us 
Batch average size = NaN (+/- 0) requests
LCMessage ByteCount = 2786:14
TOMMessage ByteCount = 127631212:168822
StandardSMMessage ByteCount = 10398:19
ConsensusMessage ByteCount = 2635764:12963
--- Measurements after 223000 ops (1000 samples) ---
Throughput = 7633.588 operations/sec (Maximum observed: 9090.909 ops/sec)
Total latency = 2.8474327381049998E7 (+/- 0) us 
Consensus latency = 4489.646056 (+/- 287) us 
Pre-consensus latency = 0.0 (+/- 0) us 
Pos-consensus latency = 2.8471941224866003E7 (+/- 0) us 
Propose latency = 2383.5188470000003 (+/- 165) us 
Write latency = 589.3437070000001 (+/- 215) us 
Accept latency = 1516.783502 (+/- 220) us 
Batch average size = NaN (+/- 0) requests
LCMessage ByteCount = 2786:14
TOMMessage ByteCount = 127631212:168822
StandardSMMessage ByteCount = 10398:19
ConsensusMessage ByteCount = 2635764:12963
--- Measurements after 224000 ops (1000 samples) ---
Throughput = 9009.009 operations/sec (Maximum observed: 9090.909 ops/sec)
Total latency = 2.8534773859479E7 (+/- 0) us 
Consensus latency = 5750.8246469999995 (+/- 1969) us 
Pre-consensus latency = 0.0 (+/- 0) us 
Pos-consensus latency = 2.8531416466842E7 (+/- 0) us 
Propose latency = 3144.700226 (+/- 1135) us 
Write latency = 401.442388 (+/- 300) us 
Accept latency = 2204.682033 (+/- 1815) us 
Batch average size = NaN (+/- 0) requests
LCMessage ByteCount = 2786:14
TOMMessage ByteCount = 127631212:168822
StandardSMMessage ByteCount = 10398:19
ConsensusMessage ByteCount = 2635764:12963
--- Measurements after 225000 ops (1000 samples) ---
Throughput = 9009.009 operations/sec (Maximum observed: 9090.909 ops/sec)
Total latency = 2.8594742710478E7 (+/- 0) us 
Consensus latency = 4890.853264 (+/- 662) us 
Pre-consensus latency = 0.0 (+/- 0) us 
Pos-consensus latency = 2.85922710067E7 (+/- 0) us 
Propose latency = 2749.890944 (+/- 549) us 
Write latency = 552.941415 (+/- 214) us 
Accept latency = 1588.020905 (+/- 125) us 
Batch average size = NaN (+/- 0) requests
LCMessage ByteCount = 2786:14
TOMMessage ByteCount = 127631212:168822
StandardSMMessage ByteCount = 10398:19
ConsensusMessage ByteCount = 2635764:12963
--- Measurements after 226000 ops (1000 samples) ---
Throughput = 8771.93 operations/sec (Maximum observed: 9090.909 ops/sec)
Total latency = 2.8650380659279E7 (+/- 0) us 
Consensus latency = 4391.69008 (+/- 250) us 
Pre-consensus latency = 0.0 (+/- 0) us 
Pos-consensus latency = 2.864814337745E7 (+/- 0) us 
Propose latency = 2507.957972 (+/- 125) us 
Write latency = 454.67174200000005 (+/- 287) us 
Accept latency = 1429.060366 (+/- 216) us 
Batch average size = NaN (+/- 0) requests
LCMessage ByteCount = 2786:14
TOMMessage ByteCount = 127631212:168822
StandardSMMessage ByteCount = 10398:19
ConsensusMessage ByteCount = 2635764:12963
--- Measurements after 227000 ops (1000 samples) ---
Throughput = 8928.571 operations/sec (Maximum observed: 9090.909 ops/sec)
Total latency = 2.8709211674177E7 (+/- 0) us 
Consensus latency = 4488.9134859999995 (+/- 288) us 
Pre-consensus latency = 0.0 (+/- 0) us 
Pos-consensus latency = 2.8706769285251997E7 (+/- 0) us 
Propose latency = 2340.7709569999997 (+/- 152) us 
Write latency = 710.424571 (+/- 128) us 
Accept latency = 1437.7179580000002 (+/- 228) us 
Batch average size = NaN (+/- 0) requests
LCMessage ByteCount = 2786:14
TOMMessage ByteCount = 127631212:168822
StandardSMMessage ByteCount = 10398:19
ConsensusMessage ByteCount = 2635764:12963
--- Measurements after 228000 ops (1000 samples) ---
Throughput = 9009.009 operations/sec (Maximum observed: 9090.909 ops/sec)
Total latency = 2.8763740012883E7 (+/- 0) us 
Consensus latency = 4459.32309 (+/- 265) us 
Pre-consensus latency = 0.0 (+/- 0) us 
Pos-consensus latency = 2.8761352323338002E7 (+/- 0) us 
Propose latency = 2337.195668 (+/- 126) us 
Write latency = 701.8225130000001 (+/- 170) us 
Accept latency = 1420.304909 (+/- 206) us 
Batch average size = NaN (+/- 0) requests
LCMessage ByteCount = 2786:14
TOMMessage ByteCount = 127631212:168822
StandardSMMessage ByteCount = 10398:19
ConsensusMessage ByteCount = 2635764:12963
--- Measurements after 229000 ops (1000 samples) ---
Throughput = 9009.009 operations/sec (Maximum observed: 9090.909 ops/sec)
Total latency = 2.8814936157448E7 (+/- 0) us 
Consensus latency = 6078.83078 (+/- 2045) us 
Pre-consensus latency = 0.0 (+/- 0) us 
Pos-consensus latency = 2.8811628304143E7 (+/- 0) us 
Propose latency = 3498.984732 (+/- 1450) us 
Write latency = 1162.8441559999999 (+/- 2184) us 
Accept latency = 1417.001892 (+/- 351) us 
Batch average size = NaN (+/- 0) requests
LCMessage ByteCount = 2786:14
TOMMessage ByteCount = 127631212:168822
StandardSMMessage ByteCount = 10398:19
ConsensusMessage ByteCount = 2635764:12963
--- Measurements after 230000 ops (1000 samples) ---
Throughput = 8620.689 operations/sec (Maximum observed: 9090.909 ops/sec)
Total latency = 2.8873989921065E7 (+/- 0) us 
Consensus latency = 4759.289691999999 (+/- 328) us 
Pre-consensus latency = 0.0 (+/- 0) us 
Pos-consensus latency = 2.8871610631676E7 (+/- 0) us 
Propose latency = 2708.199521 (+/- 385) us 
Write latency = 538.373443 (+/- 249) us 
Accept latency = 1512.7167279999999 (+/- 200) us 
Batch average size = NaN (+/- 0) requests
LCMessage ByteCount = 2786:14
TOMMessage ByteCount = 127631212:168822
StandardSMMessage ByteCount = 10398:19
ConsensusMessage ByteCount = 2635764:12963
--- Measurements after 231000 ops (1000 samples) ---
Throughput = 9009.009 operations/sec (Maximum observed: 9090.909 ops/sec)
Total latency = 2.8935016196291E7 (+/- 0) us 
Consensus latency = 4855.879819 (+/- 214) us 
Pre-consensus latency = 0.0 (+/- 0) us 
Pos-consensus latency = 2.8932429949017E7 (+/- 0) us 
Propose latency = 2591.5561460000004 (+/- 156) us 
Write latency = 618.721807 (+/- 183) us 
Accept latency = 1645.601866 (+/- 200) us 
Batch average size = NaN (+/- 0) requests
LCMessage ByteCount = 2786:14
TOMMessage ByteCount = 127631212:168822
StandardSMMessage ByteCount = 10398:19
ConsensusMessage ByteCount = 2635764:12963
--- Measurements after 232000 ops (1000 samples) ---
Throughput = 9090.909 operations/sec (Maximum observed: 9090.909 ops/sec)
Total latency = 2.8989546855985E7 (+/- 0) us 
Consensus latency = 4673.499916 (+/- 121) us 
Pre-consensus latency = 0.0 (+/- 0) us 
Pos-consensus latency = 2.8987020103217997E7 (+/- 0) us 
Propose latency = 2514.5348110000004 (+/- 240) us 
Write latency = 658.474905 (+/- 228) us 
Accept latency = 1500.4902 (+/- 156) us 
Batch average size = NaN (+/- 0) requests
LCMessage ByteCount = 2786:14
TOMMessage ByteCount = 127631212:168822
StandardSMMessage ByteCount = 10398:19
ConsensusMessage ByteCount = 2635764:12963
--- Measurements after 233000 ops (1000 samples) ---
Throughput = 9009.009 operations/sec (Maximum observed: 9090.909 ops/sec)
Total latency = 2.9043036833512E7 (+/- 0) us 
Consensus latency = 4469.962144 (+/- 242) us 
Pre-consensus latency = 0.0 (+/- 0) us 
Pos-consensus latency = 2.9040507971113E7 (+/- 0) us 
Propose latency = 2220.122568 (+/- 172) us 
Write latency = 699.1197659999999 (+/- 269) us 
Accept latency = 1550.71981 (+/- 268) us 
Batch average size = NaN (+/- 0) requests
LCMessage ByteCount = 2786:14
TOMMessage ByteCount = 127631212:168822
StandardSMMessage ByteCount = 10398:19
ConsensusMessage ByteCount = 2635764:12963
--- Measurements after 234000 ops (1000 samples) ---
Throughput = 8064.516 operations/sec (Maximum observed: 9090.909 ops/sec)
Total latency = 2.9097425798168E7 (+/- 0) us 
Consensus latency = 5370.577641 (+/- 2082) us 
Pre-consensus latency = 0.0 (+/- 0) us 
Pos-consensus latency = 2.9094902029838E7 (+/- 0) us 
Propose latency = 3351.8411260000003 (+/- 2138) us 
Write latency = 439.897783 (+/- 181) us 
Accept latency = 1578.8387320000002 (+/- 199) us 
Batch average size = NaN (+/- 0) requests
LCMessage ByteCount = 2786:14
TOMMessage ByteCount = 127631212:168822
StandardSMMessage ByteCount = 10398:19
ConsensusMessage ByteCount = 2635764:12963
--- Measurements after 235000 ops (1000 samples) ---
Throughput = 8264.463 operations/sec (Maximum observed: 9090.909 ops/sec)
Total latency = 2.9171442582166E7 (+/- 0) us 
Consensus latency = 4729.611989 (+/- 415) us 
Pre-consensus latency = 0.0 (+/- 0) us 
Pos-consensus latency = 2.9168973798796E7 (+/- 0) us 
Propose latency = 2586.44131 (+/- 413) us 
Write latency = 668.216009 (+/- 117) us 
Accept latency = 1474.9546699999999 (+/- 236) us 
Batch average size = NaN (+/- 0) requests
LCMessage ByteCount = 2786:14
TOMMessage ByteCount = 127631212:168822
StandardSMMessage ByteCount = 10398:19
ConsensusMessage ByteCount = 2635764:12963
--- Measurements after 236000 ops (1000 samples) ---
Throughput = 8928.571 operations/sec (Maximum observed: 9090.909 ops/sec)
Total latency = 2.9232404005795E7 (+/- 0) us 
Consensus latency = 4448.748905 (+/- 305) us 
Pre-consensus latency = 0.0 (+/- 0) us 
Pos-consensus latency = 2.923005692248E7 (+/- 0) us 
Propose latency = 2409.443365 (+/- 171) us 
Write latency = 463.614126 (+/- 283) us 
Accept latency = 1575.6914140000001 (+/- 148) us 
Batch average size = NaN (+/- 0) requests
LCMessage ByteCount = 2786:14
TOMMessage ByteCount = 127631212:168822
StandardSMMessage ByteCount = 10398:19
ConsensusMessage ByteCount = 2635764:12963
--- Measurements after 237000 ops (1000 samples) ---
Throughput = 9009.009 operations/sec (Maximum observed: 9090.909 ops/sec)
Total latency = 2.9288122336872E7 (+/- 0) us 
Consensus latency = 4730.982408 (+/- 295) us 
Pre-consensus latency = 0.0 (+/- 0) us 
Pos-consensus latency = 2.9285559807544E7 (+/- 0) us 
Propose latency = 2539.133401 (+/- 284) us 
Write latency = 658.873569 (+/- 231) us 
Accept latency = 1532.9754380000002 (+/- 178) us 
Batch average size = NaN (+/- 0) requests
LCMessage ByteCount = 2786:14
TOMMessage ByteCount = 127631212:168822
StandardSMMessage ByteCount = 10398:19
ConsensusMessage ByteCount = 2635764:12963
--- Measurements after 238000 ops (1000 samples) ---
Throughput = 8620.689 operations/sec (Maximum observed: 9090.909 ops/sec)
Total latency = 2.9346668359304E7 (+/- 0) us 
Consensus latency = 4684.44889 (+/- 239) us 
Pre-consensus latency = 0.0 (+/- 0) us 
Pos-consensus latency = 2.9344231451949E7 (+/- 0) us 
Propose latency = 2552.632948 (+/- 126) us 
Write latency = 625.181551 (+/- 216) us 
Accept latency = 1506.634391 (+/- 237) us 
Batch average size = NaN (+/- 0) requests
LCMessage ByteCount = 2786:14
TOMMessage ByteCount = 127631212:168822
StandardSMMessage ByteCount = 10398:19
ConsensusMessage ByteCount = 2635764:12963
--- Measurements after 239000 ops (1000 samples) ---
Throughput = 9009.009 operations/sec (Maximum observed: 9090.909 ops/sec)
Total latency = 2.9403094597732E7 (+/- 0) us 
Consensus latency = 4947.959306 (+/- 944) us 
Pre-consensus latency = 0.0 (+/- 0) us 
Pos-consensus latency = 2.9400651465276E7 (+/- 0) us 
Propose latency = 3116.593216 (+/- 985) us 
Write latency = 386.966135 (+/- 228) us 
Accept latency = 1444.399955 (+/- 158) us 
Batch average size = NaN (+/- 0) requests
LCMessage ByteCount = 2786:14
TOMMessage ByteCount = 127631212:168822
StandardSMMessage ByteCount = 10398:19
ConsensusMessage ByteCount = 2635764:12963
--- Measurements after 240000 ops (1000 samples) ---
Throughput = 9009.009 operations/sec (Maximum observed: 9090.909 ops/sec)
Total latency = 2.9460560610415E7 (+/- 0) us 
Consensus latency = 4348.011219999999 (+/- 282) us 
Pre-consensus latency = 0.0 (+/- 0) us 
Pos-consensus latency = 2.9458315471131E7 (+/- 0) us 
Propose latency = 2398.9350729999996 (+/- 175) us 
Write latency = 587.94684 (+/- 313) us 
Accept latency = 1361.129307 (+/- 119) us 
Batch average size = NaN (+/- 0) requests
LCMessage ByteCount = 2786:14
TOMMessage ByteCount = 127631212:168822
StandardSMMessage ByteCount = 10398:19
ConsensusMessage ByteCount = 2635764:12963
--- Measurements after 241000 ops (1000 samples) ---
Throughput = 9090.909 operations/sec (Maximum observed: 9090.909 ops/sec)
Total latency = 2.9516457838962004E7 (+/- 0) us 
Consensus latency = 4283.703302 (+/- 229) us 
Pre-consensus latency = 0.0 (+/- 0) us 
Pos-consensus latency = 2.9514217923538E7 (+/- 0) us 
Propose latency = 2319.018853 (+/- 114) us 
Write latency = 589.351983 (+/- 241) us 
Accept latency = 1375.332466 (+/- 162) us 
Batch average size = NaN (+/- 0) requests
LCMessage ByteCount = 2786:14
TOMMessage ByteCount = 127631212:168822
StandardSMMessage ByteCount = 10398:19
ConsensusMessage ByteCount = 2635764:12963
--- Measurements after 242000 ops (1000 samples) ---
Throughput = 8547.009 operations/sec (Maximum observed: 9090.909 ops/sec)
Total latency = 2.9574255724901002E7 (+/- 0) us 
Consensus latency = 4574.462485 (+/- 238) us 
Pre-consensus latency = 0.0 (+/- 0) us 
Pos-consensus latency = 2.9571841807689E7 (+/- 0) us 
Propose latency = 2460.894612 (+/- 188) us 
Write latency = 751.6109620000001 (+/- 196) us 
Accept latency = 1361.956911 (+/- 185) us 
Batch average size = NaN (+/- 0) requests
LCMessage ByteCount = 2786:14
TOMMessage ByteCount = 127631212:168822
StandardSMMessage ByteCount = 10398:19
ConsensusMessage ByteCount = 2635764:12963
--- Measurements after 243000 ops (1000 samples) ---
Throughput = 9009.009 operations/sec (Maximum observed: 9090.909 ops/sec)
Total latency = 2.9632706871877E7 (+/- 0) us 
Consensus latency = 4620.291389999999 (+/- 211) us 
Pre-consensus latency = 0.0 (+/- 0) us 
Pos-consensus latency = 2.9630274996453E7 (+/- 0) us 
Propose latency = 2510.595276 (+/- 113) us 
Write latency = 736.267929 (+/- 175) us 
Accept latency = 1373.428185 (+/- 161) us 
Batch average size = NaN (+/- 0) requests
LCMessage ByteCount = 2786:14
TOMMessage ByteCount = 127631212:168822
StandardSMMessage ByteCount = 10398:19
ConsensusMessage ByteCount = 2635764:12963
--- Measurements after 244000 ops (1000 samples) ---
Throughput = 9009.009 operations/sec (Maximum observed: 9090.909 ops/sec)
Total latency = 2.9685131912024E7 (+/- 0) us 
Consensus latency = 6058.8405060000005 (+/- 2101) us 
Pre-consensus latency = 0.0 (+/- 0) us 
Pos-consensus latency = 2.9681768608073004E7 (+/- 0) us 
Propose latency = 3215.272246 (+/- 1377) us 
Write latency = 598.578294 (+/- 327) us 
Accept latency = 2244.989966 (+/- 1685) us 
Batch average size = NaN (+/- 0) requests
LCMessage ByteCount = 2786:14
TOMMessage ByteCount = 127631212:168822
StandardSMMessage ByteCount = 10398:19
ConsensusMessage ByteCount = 2635764:12963
--- Measurements after 245000 ops (1000 samples) ---
Throughput = 9009.009 operations/sec (Maximum observed: 9090.909 ops/sec)
Total latency = 2.9741315427751E7 (+/- 0) us 
Consensus latency = 4423.820941999999 (+/- 293) us 
Pre-consensus latency = 0.0 (+/- 0) us 
Pos-consensus latency = 2.9739168528385E7 (+/- 0) us 
Propose latency = 2530.438825 (+/- 281) us 
Write latency = 454.675859 (+/- 309) us 
Accept latency = 1438.706258 (+/- 209) us 
Batch average size = NaN (+/- 0) requests
LCMessage ByteCount = 2786:14
TOMMessage ByteCount = 127631212:168822
StandardSMMessage ByteCount = 10398:19
ConsensusMessage ByteCount = 2635764:12963
--- Measurements after 246000 ops (1000 samples) ---
Throughput = 7751.938 operations/sec (Maximum observed: 9090.909 ops/sec)
Total latency = 2.980705117102E7 (+/- 0) us 
Consensus latency = 4581.805351 (+/- 244) us 
Pre-consensus latency = 0.0 (+/- 0) us 
Pos-consensus latency = 2.980452460127E7 (+/- 0) us 
Propose latency = 2350.846056 (+/- 86) us 
Write latency = 821.177504 (+/- 144) us 
Accept latency = 1409.7817909999999 (+/- 201) us 
Batch average size = NaN (+/- 0) requests
LCMessage ByteCount = 2786:14
TOMMessage ByteCount = 127631212:168822
StandardSMMessage ByteCount = 10398:19
ConsensusMessage ByteCount = 2635764:12963
--- Measurements after 247000 ops (1000 samples) ---
Throughput = 8771.93 operations/sec (Maximum observed: 9090.909 ops/sec)
Total latency = 2.9874494071813E7 (+/- 0) us 
Consensus latency = 4690.0914060000005 (+/- 287) us 
Pre-consensus latency = 0.0 (+/- 0) us 
Pos-consensus latency = 2.9871969153412E7 (+/- 0) us 
Propose latency = 2476.23985 (+/- 163) us 
Write latency = 724.1688270000001 (+/- 133) us 
Accept latency = 1489.682729 (+/- 132) us 
Batch average size = NaN (+/- 0) requests
LCMessage ByteCount = 2786:14
TOMMessage ByteCount = 127631212:168822
StandardSMMessage ByteCount = 10398:19
ConsensusMessage ByteCount = 2635764:12963
--- Measurements after 248000 ops (1000 samples) ---
Throughput = 9009.009 operations/sec (Maximum observed: 9090.909 ops/sec)
Total latency = 2.9930134343617E7 (+/- 0) us 
Consensus latency = 4652.508529 (+/- 257) us 
Pre-consensus latency = 0.0 (+/- 0) us 
Pos-consensus latency = 2.9927543956748E7 (+/- 0) us 
Propose latency = 2318.2683930000003 (+/- 124) us 
Write latency = 790.13752 (+/- 249) us 
Accept latency = 1544.102616 (+/- 172) us 
Batch average size = NaN (+/- 0) requests
LCMessage ByteCount = 2786:14
TOMMessage ByteCount = 127631212:168822
StandardSMMessage ByteCount = 10398:19
ConsensusMessage ByteCount = 2635764:12963
--- Measurements after 249000 ops (1000 samples) ---
Throughput = 8928.571 operations/sec (Maximum observed: 9090.909 ops/sec)
Total latency = 2.9983526342777E7 (+/- 0) us 
Consensus latency = 5829.396837 (+/- 2203) us 
Pre-consensus latency = 0.0 (+/- 0) us 
Pos-consensus latency = 2.9980695968199E7 (+/- 0) us 
Propose latency = 3390.8871919999997 (+/- 2408) us 
Write latency = 872.863076 (+/- 276) us 
Accept latency = 1565.646569 (+/- 136) us 
Batch average size = NaN (+/- 0) requests
LCMessage ByteCount = 2786:14
TOMMessage ByteCount = 127631212:168822
StandardSMMessage ByteCount = 10398:19
ConsensusMessage ByteCount = 2635764:12963
--- Measurements after 250000 ops (1000 samples) ---
Throughput = 8620.689 operations/sec (Maximum observed: 9090.909 ops/sec)
Total latency = 3.0042594237698004E7 (+/- 0) us 
Consensus latency = 4988.241699 (+/- 2403) us 
Pre-consensus latency = 0.0 (+/- 0) us 
Pos-consensus latency = 3.0040176309986E7 (+/- 0) us 
Propose latency = 3047.9616809999998 (+/- 2460) us 
Write latency = 407.664265 (+/- 361) us 
Accept latency = 1532.615753 (+/- 51) us 
Batch average size = NaN (+/- 0) requests
LCMessage ByteCount = 2786:14
TOMMessage ByteCount = 127631212:168822
StandardSMMessage ByteCount = 10398:19
ConsensusMessage ByteCount = 2635764:12963
--- Measurements after 251000 ops (1000 samples) ---
Throughput = 9009.009 operations/sec (Maximum observed: 9090.909 ops/sec)
Total latency = 3.0101011921028E7 (+/- 0) us 
Consensus latency = 4426.073269 (+/- 285) us 
Pre-consensus latency = 0.0 (+/- 0) us 
Pos-consensus latency = 3.0098607053023998E7 (+/- 0) us 
Propose latency = 2308.97364 (+/- 119) us 
Write latency = 661.382463 (+/- 96) us 
Accept latency = 1455.717166 (+/- 187) us 
Batch average size = NaN (+/- 0) requests
LCMessage ByteCount = 2786:14
TOMMessage ByteCount = 127631212:168822
StandardSMMessage ByteCount = 10398:19
ConsensusMessage ByteCount = 2635764:12963
--- Measurements after 252000 ops (1000 samples) ---
Throughput = 8620.689 operations/sec (Maximum observed: 9090.909 ops/sec)
Total latency = 3.0158475678287E7 (+/- 0) us 
Consensus latency = 4671.971928 (+/- 259) us 
Pre-consensus latency = 0.0 (+/- 0) us 
Pos-consensus latency = 3.0155927406285997E7 (+/- 0) us 
Propose latency = 2403.155766 (+/- 89) us 
Write latency = 730.520183 (+/- 191) us 
Accept latency = 1538.295979 (+/- 127) us 
Batch average size = NaN (+/- 0) requests
LCMessage ByteCount = 2786:14
TOMMessage ByteCount = 127631212:168822
StandardSMMessage ByteCount = 10398:19
ConsensusMessage ByteCount = 2635764:12963
--- Measurements after 253000 ops (1000 samples) ---
Throughput = 8547.009 operations/sec (Maximum observed: 9090.909 ops/sec)
Total latency = 3.0216597517663E7 (+/- 0) us 
Consensus latency = 4640.601643 (+/- 232) us 
Pre-consensus latency = 0.0 (+/- 0) us 
Pos-consensus latency = 3.0214105242741E7 (+/- 0) us 
Propose latency = 2456.930193 (+/- 172) us 
Write latency = 720.407113 (+/- 255) us 
Accept latency = 1463.264337 (+/- 113) us 
Batch average size = NaN (+/- 0) requests
LCMessage ByteCount = 2786:14
TOMMessage ByteCount = 127631212:168822
StandardSMMessage ByteCount = 10398:19
ConsensusMessage ByteCount = 2635764:12963
--- Measurements after 254000 ops (1000 samples) ---
Throughput = 8771.93 operations/sec (Maximum observed: 9090.909 ops/sec)
Total latency = 3.0277011475077998E7 (+/- 0) us 
Consensus latency = 5140.636063 (+/- 820) us 
Pre-consensus latency = 0.0 (+/- 0) us 
Pos-consensus latency = 3.0274471873879E7 (+/- 0) us 
Propose latency = 2951.060698 (+/- 798) us 
Write latency = 611.649931 (+/- 108) us 
Accept latency = 1577.925434 (+/- 128) us 
Batch average size = NaN (+/- 0) requests
LCMessage ByteCount = 2786:14
TOMMessage ByteCount = 127631212:168822
StandardSMMessage ByteCount = 10398:19
ConsensusMessage ByteCount = 2635764:12963
--- Measurements after 255000 ops (1000 samples) ---
Throughput = 9009.009 operations/sec (Maximum observed: 9090.909 ops/sec)
Total latency = 3.0334192744425997E7 (+/- 0) us 
Consensus latency = 4345.522466 (+/- 786) us 
Pre-consensus latency = 0.0 (+/- 0) us 
Pos-consensus latency = 3.0331191751991E7 (+/- 0) us 
Propose latency = 1818.228601 (+/- 829) us 
Write latency = 1005.0648669999999 (+/- 677) us 
Accept latency = 1522.2289979999998 (+/- 116) us 
Batch average size = NaN (+/- 0) requests
LCMessage ByteCount = 2786:14
TOMMessage ByteCount = 127631212:168822
StandardSMMessage ByteCount = 10398:19
ConsensusMessage ByteCount = 2635764:12963
--- Measurements after 256000 ops (1000 samples) ---
Throughput = 9009.009 operations/sec (Maximum observed: 9090.909 ops/sec)
Total latency = 3.0390288196895E7 (+/- 0) us 
Consensus latency = 4612.8486459999995 (+/- 254) us 
Pre-consensus latency = 0.0 (+/- 0) us 
Pos-consensus latency = 3.0387024680418998E7 (+/- 0) us 
Propose latency = 1535.850407 (+/- 81) us 
Write latency = 1533.753486 (+/- 145) us 
Accept latency = 1543.244753 (+/- 147) us 
Batch average size = NaN (+/- 0) requests
LCMessage ByteCount = 2786:14
TOMMessage ByteCount = 127631212:168822
StandardSMMessage ByteCount = 10398:19
ConsensusMessage ByteCount = 2635764:12963
--- Measurements after 257000 ops (1000 samples) ---
Throughput = 8547.009 operations/sec (Maximum observed: 9090.909 ops/sec)
Total latency = 3.0447053834905E7 (+/- 0) us 
Consensus latency = 4361.643716 (+/- 96) us 
Pre-consensus latency = 0.0 (+/- 0) us 
Pos-consensus latency = 3.0443984790945E7 (+/- 0) us 
Propose latency = 1476.2260789999998 (+/- 106) us 
Write latency = 1483.4770290000001 (+/- 122) us 
Accept latency = 1401.940608 (+/- 133) us 
Batch average size = NaN (+/- 0) requests
LCMessage ByteCount = 2786:14
TOMMessage ByteCount = 127631212:168822
StandardSMMessage ByteCount = 10398:19
ConsensusMessage ByteCount = 2635764:12963
--- Measurements after 258000 ops (1000 samples) ---
Throughput = 8000.0 operations/sec (Maximum observed: 9090.909 ops/sec)
Total latency = 3.051650909705E7 (+/- 0) us 
Consensus latency = 4896.350514000001 (+/- 946) us 
Pre-consensus latency = 0.0 (+/- 0) us 
Pos-consensus latency = 3.0513184964592E7 (+/- 0) us 
Propose latency = 1789.5292960000002 (+/- 596) us 
Write latency = 1671.460869 (+/- 403) us 
Accept latency = 1435.360349 (+/- 114) us 
Batch average size = NaN (+/- 0) requests
LCMessage ByteCount = 2786:14
TOMMessage ByteCount = 127631212:168822
StandardSMMessage ByteCount = 10398:19
ConsensusMessage ByteCount = 2635764:12963
--- Measurements after 259000 ops (1000 samples) ---
Throughput = 9090.909 operations/sec (Maximum observed: 9090.909 ops/sec)
Total latency = 3.0577015678137E7 (+/- 0) us 
Consensus latency = 5806.777488 (+/- 1467) us 
Pre-consensus latency = 0.0 (+/- 0) us 
Pos-consensus latency = 3.057280727549E7 (+/- 0) us 
Propose latency = 1842.472261 (+/- 352) us 
Write latency = 2406.868503 (+/- 1458) us 
Accept latency = 1557.436724 (+/- 145) us 
Batch average size = NaN (+/- 0) requests
LCMessage ByteCount = 2786:14
TOMMessage ByteCount = 127631212:168822
StandardSMMessage ByteCount = 10398:19
ConsensusMessage ByteCount = 2635764:12963
--- Measurements after 260000 ops (1000 samples) ---
Throughput = 9090.909 operations/sec (Maximum observed: 9090.909 ops/sec)
Total latency = 3.0630539273941003E7 (+/- 0) us 
Consensus latency = 5481.423258000001 (+/- 1621) us 
Pre-consensus latency = 0.0 (+/- 0) us 
Pos-consensus latency = 3.0626748846872002E7 (+/- 0) us 
Propose latency = 2315.4385780000002 (+/- 1294) us 
Write latency = 1796.3682350000001 (+/- 1994) us 
Accept latency = 1369.616445 (+/- 491) us 
Batch average size = NaN (+/- 0) requests
LCMessage ByteCount = 2786:14
TOMMessage ByteCount = 127631212:168822
StandardSMMessage ByteCount = 10398:19
ConsensusMessage ByteCount = 2635764:12963
--- Measurements after 261000 ops (1000 samples) ---
Throughput = 8771.93 operations/sec (Maximum observed: 9090.909 ops/sec)
Total latency = 3.0689329140255E7 (+/- 0) us 
Consensus latency = 4585.593366 (+/- 274) us 
Pre-consensus latency = 0.0 (+/- 0) us 
Pos-consensus latency = 3.0686106327479E7 (+/- 0) us 
Propose latency = 1641.81087 (+/- 270) us 
Write latency = 1433.151916 (+/- 187) us 
Accept latency = 1510.63058 (+/- 148) us 
Batch average size = NaN (+/- 0) requests
LCMessage ByteCount = 2786:14
TOMMessage ByteCount = 127631212:168822
StandardSMMessage ByteCount = 10398:19
ConsensusMessage ByteCount = 2635764:12963
--- Measurements after 262000 ops (1000 samples) ---
Throughput = 9009.009 operations/sec (Maximum observed: 9090.909 ops/sec)
Total latency = 3.0746645181125E7 (+/- 0) us 
Consensus latency = 4423.986297 (+/- 213) us 
Pre-consensus latency = 0.0 (+/- 0) us 
Pos-consensus latency = 3.0743624564413E7 (+/- 0) us 
Propose latency = 1638.96228 (+/- 297) us 
Write latency = 1322.258665 (+/- 342) us 
Accept latency = 1462.765352 (+/- 151) us 
Batch average size = NaN (+/- 0) requests
LCMessage ByteCount = 2786:14
TOMMessage ByteCount = 127631212:168822
StandardSMMessage ByteCount = 10398:19
ConsensusMessage ByteCount = 2635764:12963
--- Measurements after 263000 ops (1000 samples) ---
Throughput = 9009.009 operations/sec (Maximum observed: 9090.909 ops/sec)
Total latency = 3.0797551113794E7 (+/- 0) us 
Consensus latency = 5651.313674999999 (+/- 1061) us 
Pre-consensus latency = 0.0 (+/- 0) us 
Pos-consensus latency = 3.0794864517176997E7 (+/- 0) us 
Propose latency = 3344.296322 (+/- 1203) us 
Write latency = 654.838862 (+/- 134) us 
Accept latency = 1652.178491 (+/- 167) us 
Batch average size = NaN (+/- 0) requests
LCMessage ByteCount = 2786:14
TOMMessage ByteCount = 127631212:168822
StandardSMMessage ByteCount = 10398:19
ConsensusMessage ByteCount = 2635764:12963
--- Measurements after 264000 ops (1000 samples) ---
Throughput = 9009.009 operations/sec (Maximum observed: 9090.909 ops/sec)
Total latency = 3.0854842377923E7 (+/- 0) us 
Consensus latency = 4578.994857 (+/- 165) us 
Pre-consensus latency = 0.0 (+/- 0) us 
Pos-consensus latency = 3.0852306462557E7 (+/- 0) us 
Propose latency = 2331.1887429999997 (+/- 108) us 
Write latency = 682.1627070000001 (+/- 187) us 
Accept latency = 1565.6434069999998 (+/- 177) us 
Batch average size = NaN (+/- 0) requests
LCMessage ByteCount = 2786:14
TOMMessage ByteCount = 127631212:168822
StandardSMMessage ByteCount = 10398:19
ConsensusMessage ByteCount = 2635764:12963
--- Measurements after 265000 ops (1000 samples) ---
Throughput = 8547.009 operations/sec (Maximum observed: 9090.909 ops/sec)
Total latency = 3.0908469427568E7 (+/- 0) us 
Consensus latency = 7132.021315 (+/- 2950) us 
Pre-consensus latency = 0.0 (+/- 0) us 
Pos-consensus latency = 3.0904926244122002E7 (+/- 0) us 
Propose latency = 4290.882338 (+/- 2771) us 
Write latency = 644.4898989999999 (+/- 474) us 
Accept latency = 2196.6490780000004 (+/- 1966) us 
Batch average size = NaN (+/- 0) requests
LCMessage ByteCount = 2786:14
TOMMessage ByteCount = 127631212:168822
StandardSMMessage ByteCount = 10398:19
ConsensusMessage ByteCount = 2635764:12963
--- Measurements after 266000 ops (1000 samples) ---
Throughput = 9009.009 operations/sec (Maximum observed: 9090.909 ops/sec)
Total latency = 3.0971499831768002E7 (+/- 0) us 
Consensus latency = 4671.701794 (+/- 259) us 
Pre-consensus latency = 0.0 (+/- 0) us 
Pos-consensus latency = 3.0968881364244E7 (+/- 0) us 
Propose latency = 2334.035365 (+/- 171) us 
Write latency = 827.971074 (+/- 297) us 
Accept latency = 1509.695355 (+/- 138) us 
Batch average size = NaN (+/- 0) requests
LCMessage ByteCount = 2786:14
TOMMessage ByteCount = 127631212:168822
StandardSMMessage ByteCount = 10398:19
ConsensusMessage ByteCount = 2635764:12963
--- Measurements after 267000 ops (1000 samples) ---
Throughput = 8849.558 operations/sec (Maximum observed: 9090.909 ops/sec)
Total latency = 3.1025158758773E7 (+/- 0) us 
Consensus latency = 4888.816874 (+/- 468) us 
Pre-consensus latency = 0.0 (+/- 0) us 
Pos-consensus latency = 3.1022602912032E7 (+/- 0) us 
Propose latency = 2648.108791 (+/- 582) us 
Write latency = 748.5714300000001 (+/- 90) us 
Accept latency = 1492.136653 (+/- 145) us 
Batch average size = NaN (+/- 0) requests
LCMessage ByteCount = 2786:14
TOMMessage ByteCount = 127631212:168822
StandardSMMessage ByteCount = 10398:19
ConsensusMessage ByteCount = 2635764:12963
--- Measurements after 268000 ops (1000 samples) ---
Throughput = 9009.009 operations/sec (Maximum observed: 9090.909 ops/sec)
Total latency = 3.1081712293975E7 (+/- 0) us 
Consensus latency = 4791.6068669999995 (+/- 236) us 
Pre-consensus latency = 0.0 (+/- 0) us 
Pos-consensus latency = 3.1079183321671E7 (+/- 0) us 
Propose latency = 2588.604381 (+/- 176) us 
Write latency = 622.23633 (+/- 201) us 
Accept latency = 1580.766156 (+/- 143) us 
Batch average size = NaN (+/- 0) requests
LCMessage ByteCount = 2786:14
TOMMessage ByteCount = 127631212:168822
StandardSMMessage ByteCount = 10398:19
ConsensusMessage ByteCount = 2635764:12963
--- Measurements after 269000 ops (1000 samples) ---
Throughput = 7936.508 operations/sec (Maximum observed: 9090.909 ops/sec)
Total latency = 3.1143950486388E7 (+/- 0) us 
Consensus latency = 4627.004661999999 (+/- 271) us 
Pre-consensus latency = 0.0 (+/- 0) us 
Pos-consensus latency = 3.1141436998525E7 (+/- 0) us 
Propose latency = 2412.841612 (+/- 150) us 
Write latency = 712.536841 (+/- 127) us 
Accept latency = 1501.626209 (+/- 193) us 
Batch average size = NaN (+/- 0) requests
LCMessage ByteCount = 2786:14
TOMMessage ByteCount = 127631212:168822
StandardSMMessage ByteCount = 10398:19
ConsensusMessage ByteCount = 2635764:12963
--- Measurements after 270000 ops (1000 samples) ---
Throughput = 8547.009 operations/sec (Maximum observed: 9090.909 ops/sec)
Total latency = 3.1211905518682998E7 (+/- 0) us 
Consensus latency = 6045.055958 (+/- 2834) us 
Pre-consensus latency = 0.0 (+/- 0) us 
Pos-consensus latency = 3.1209077438091E7 (+/- 0) us 
Propose latency = 3951.0200090000003 (+/- 3036) us 
Write latency = 542.1833590000001 (+/- 367) us 
Accept latency = 1551.8525900000002 (+/- 121) us 
Batch average size = NaN (+/- 0) requests
LCMessage ByteCount = 2786:14
TOMMessage ByteCount = 127631212:168822
StandardSMMessage ByteCount = 10398:19
ConsensusMessage ByteCount = 2635764:12963
--- Measurements after 271000 ops (1000 samples) ---
Throughput = 9009.009 operations/sec (Maximum observed: 9090.909 ops/sec)
Total latency = 3.1270427537102003E7 (+/- 0) us 
Consensus latency = 5032.350095 (+/- 645) us 
Pre-consensus latency = 0.0 (+/- 0) us 
Pos-consensus latency = 3.1267807938628E7 (+/- 0) us 
Propose latency = 2741.827849 (+/- 606) us 
Write latency = 732.834699 (+/- 183) us 
Accept latency = 1557.687547 (+/- 158) us 
Batch average size = NaN (+/- 0) requests
LCMessage ByteCount = 2786:14
TOMMessage ByteCount = 127631212:168822
StandardSMMessage ByteCount = 10398:19
ConsensusMessage ByteCount = 2635764:12963
--- Measurements after 272000 ops (1000 samples) ---
Throughput = 9009.009 operations/sec (Maximum observed: 9090.909 ops/sec)
Total latency = 3.1323316925549E7 (+/- 0) us 
Consensus latency = 5499.202676 (+/- 772) us 
Pre-consensus latency = 0.0 (+/- 0) us 
Pos-consensus latency = 3.1320533267130002E7 (+/- 0) us 
Propose latency = 3050.8401830000003 (+/- 740) us 
Write latency = 830.289609 (+/- 129) us 
Accept latency = 1618.0728840000002 (+/- 125) us 
Batch average size = NaN (+/- 0) requests
LCMessage ByteCount = 2786:14
TOMMessage ByteCount = 127631212:168822
StandardSMMessage ByteCount = 10398:19
ConsensusMessage ByteCount = 2635764:12963
--- Measurements after 273000 ops (1000 samples) ---
Throughput = 8620.689 operations/sec (Maximum observed: 9090.909 ops/sec)
Total latency = 3.1383343661376E7 (+/- 0) us 
Consensus latency = 4735.191298000001 (+/- 172) us 
Pre-consensus latency = 0.0 (+/- 0) us 
Pos-consensus latency = 3.13807149038E7 (+/- 0) us 
Propose latency = 2400.920415 (+/- 191) us 
Write latency = 812.5085 (+/- 228) us 
Accept latency = 1521.762383 (+/- 160) us 
Batch average size = NaN (+/- 0) requests
LCMessage ByteCount = 2786:14
TOMMessage ByteCount = 127631212:168822
StandardSMMessage ByteCount = 10398:19
ConsensusMessage ByteCount = 2635764:12963
--- Measurements after 274000 ops (1000 samples) ---
Throughput = 8928.571 operations/sec (Maximum observed: 9090.909 ops/sec)
Total latency = 3.1441580915963E7 (+/- 0) us 
Consensus latency = 4706.002657999999 (+/- 324) us 
Pre-consensus latency = 0.0 (+/- 0) us 
Pos-consensus latency = 3.1438969401582E7 (+/- 0) us 
Propose latency = 2386.257545 (+/- 158) us 
Write latency = 725.4273059999999 (+/- 276) us 
Accept latency = 1594.3178070000001 (+/- 203) us 
Batch average size = NaN (+/- 0) requests
LCMessage ByteCount = 2786:14
TOMMessage ByteCount = 127631212:168822
StandardSMMessage ByteCount = 10398:19
ConsensusMessage ByteCount = 2635764:12963
--- Measurements after 275000 ops (1000 samples) ---
Throughput = 9009.009 operations/sec (Maximum observed: 9090.909 ops/sec)
Total latency = 3.1494703766021E7 (+/- 0) us 
Consensus latency = 5552.119417999999 (+/- 2576) us 
Pre-consensus latency = 0.0 (+/- 0) us 
Pos-consensus latency = 3.149207560573E7 (+/- 0) us 
Propose latency = 3540.072904 (+/- 2717) us 
Write latency = 530.275486 (+/- 415) us 
Accept latency = 1481.771028 (+/- 80) us 
Batch average size = NaN (+/- 0) requests
LCMessage ByteCount = 2786:14
TOMMessage ByteCount = 127631212:168822
StandardSMMessage ByteCount = 10398:19
ConsensusMessage ByteCount = 2635764:12963
--- Measurements after 276000 ops (1000 samples) ---
Throughput = 9009.009 operations/sec (Maximum observed: 9090.909 ops/sec)
Total latency = 3.1549295374355E7 (+/- 0) us 
Consensus latency = 6259.686518 (+/- 1921) us 
Pre-consensus latency = 0.0 (+/- 0) us 
Pos-consensus latency = 3.1546002187735E7 (+/- 0) us 
Propose latency = 3404.017866 (+/- 1225) us 
Write latency = 1387.150572 (+/- 1904) us 
Accept latency = 1468.51808 (+/- 280) us 
Batch average size = NaN (+/- 0) requests
LCMessage ByteCount = 2786:14
TOMMessage ByteCount = 127631212:168822
StandardSMMessage ByteCount = 10398:19
ConsensusMessage ByteCount = 2635764:12963
--- Measurements after 277000 ops (1000 samples) ---
Throughput = 8547.009 operations/sec (Maximum observed: 9090.909 ops/sec)
Total latency = 3.1613624590879E7 (+/- 0) us 
Consensus latency = 4751.470456 (+/- 252) us 
Pre-consensus latency = 0.0 (+/- 0) us 
Pos-consensus latency = 3.1611090678000998E7 (+/- 0) us 
Propose latency = 2509.302146 (+/- 227) us 
Write latency = 708.9487909999999 (+/- 161) us 
Accept latency = 1533.219519 (+/- 110) us 
Batch average size = NaN (+/- 0) requests
LCMessage ByteCount = 2786:14
TOMMessage ByteCount = 127631212:168822
StandardSMMessage ByteCount = 10398:19
ConsensusMessage ByteCount = 2635764:12963
--- Measurements after 278000 ops (1000 samples) ---
Throughput = 9009.009 operations/sec (Maximum observed: 9090.909 ops/sec)
Total latency = 3.1670053814406E7 (+/- 0) us 
Consensus latency = 4560.370078 (+/- 232) us 
Pre-consensus latency = 0.0 (+/- 0) us 
Pos-consensus latency = 3.1667582288634E7 (+/- 0) us 
Propose latency = 2398.348109 (+/- 150) us 
Write latency = 708.828155 (+/- 216) us 
Accept latency = 1453.193814 (+/- 112) us 
Batch average size = NaN (+/- 0) requests
LCMessage ByteCount = 2786:14
TOMMessage ByteCount = 127631212:168822
StandardSMMessage ByteCount = 10398:19
ConsensusMessage ByteCount = 2635764:12963
--- Measurements after 279000 ops (1000 samples) ---
Throughput = 9009.009 operations/sec (Maximum observed: 9090.909 ops/sec)
Total latency = 3.1725524141584E7 (+/- 0) us 
Consensus latency = 4372.597812 (+/- 227) us 
Pre-consensus latency = 0.0 (+/- 0) us 
Pos-consensus latency = 3.1723240139397E7 (+/- 0) us 
Propose latency = 2357.813001 (+/- 145) us 
Write latency = 510.72407 (+/- 223) us 
Accept latency = 1504.060741 (+/- 103) us 
Batch average size = NaN (+/- 0) requests
LCMessage ByteCount = 2786:14
TOMMessage ByteCount = 127631212:168822
StandardSMMessage ByteCount = 10398:19
ConsensusMessage ByteCount = 2635764:12963
--- Measurements after 280000 ops (1000 samples) ---
Throughput = 9009.009 operations/sec (Maximum observed: 9090.909 ops/sec)
Total latency = 3.1776119001085E7 (+/- 0) us 
Consensus latency = 5595.024916 (+/- 1710) us 
Pre-consensus latency = 0.0 (+/- 0) us 
Pos-consensus latency = 3.1772756359616E7 (+/- 0) us 
Propose latency = 2859.2574449999997 (+/- 1016) us 
Write latency = 615.4303719999999 (+/- 408) us 
Accept latency = 2120.337099 (+/- 1572) us 
Batch average size = NaN (+/- 0) requests
LCMessage ByteCount = 2786:14
TOMMessage ByteCount = 127631212:168822
StandardSMMessage ByteCount = 10398:19
ConsensusMessage ByteCount = 2635764:12963
--- Measurements after 281000 ops (1000 samples) ---
Throughput = 7518.797 operations/sec (Maximum observed: 9090.909 ops/sec)
Total latency = 3.1846412734021E7 (+/- 0) us 
Consensus latency = 4953.41557 (+/- 613) us 
Pre-consensus latency = 0.0 (+/- 0) us 
Pos-consensus latency = 3.1843837531544E7 (+/- 0) us 
Propose latency = 2704.6339780000003 (+/- 604) us 
Write latency = 757.396476 (+/- 112) us 
Accept latency = 1491.385116 (+/- 161) us 
Batch average size = NaN (+/- 0) requests
LCMessage ByteCount = 2786:14
TOMMessage ByteCount = 127631212:168822
StandardSMMessage ByteCount = 10398:19
ConsensusMessage ByteCount = 2635764:12963
--- Measurements after 282000 ops (1000 samples) ---
Throughput = 9009.009 operations/sec (Maximum observed: 9090.909 ops/sec)
Total latency = 3.1910695935904E7 (+/- 0) us 
Consensus latency = 4929.975981 (+/- 213) us 
Pre-consensus latency = 0.0 (+/- 0) us 
Pos-consensus latency = 3.1907894196388E7 (+/- 0) us 
Propose latency = 2435.095418 (+/- 121) us 
Write latency = 993.584817 (+/- 170) us 
Accept latency = 1501.295746 (+/- 112) us 
Batch average size = NaN (+/- 0) requests
LCMessage ByteCount = 2786:14
TOMMessage ByteCount = 127631212:168822
StandardSMMessage ByteCount = 10398:19
ConsensusMessage ByteCount = 2635764:12963
--- Measurements after 283000 ops (1000 samples) ---
Throughput = 9009.009 operations/sec (Maximum observed: 9090.909 ops/sec)
Total latency = 3.1967070155615002E7 (+/- 0) us 
Consensus latency = 4758.596372999999 (+/- 236) us 
Pre-consensus latency = 0.0 (+/- 0) us 
Pos-consensus latency = 3.1964424232391E7 (+/- 0) us 
Propose latency = 2412.2139530000004 (+/- 123) us 
Write latency = 791.8840180000001 (+/- 195) us 
Accept latency = 1554.498402 (+/- 85) us 
Batch average size = NaN (+/- 0) requests
LCMessage ByteCount = 2786:14
TOMMessage ByteCount = 127631212:168822
StandardSMMessage ByteCount = 10398:19
ConsensusMessage ByteCount = 2635764:12963
--- Measurements after 284000 ops (1000 samples) ---
Throughput = 8620.689 operations/sec (Maximum observed: 9090.909 ops/sec)
Total latency = 3.202230139198E7 (+/- 0) us 
Consensus latency = 4483.38629 (+/- 264) us 
Pre-consensus latency = 0.0 (+/- 0) us 
Pos-consensus latency = 3.201984137413E7 (+/- 0) us 
Propose latency = 2323.391983 (+/- 126) us 
Write latency = 662.574939 (+/- 262) us 
Accept latency = 1497.419368 (+/- 138) us 
Batch average size = NaN (+/- 0) requests
LCMessage ByteCount = 2786:14
TOMMessage ByteCount = 127631212:168822
StandardSMMessage ByteCount = 10398:19
ConsensusMessage ByteCount = 2635764:12963
--- Measurements after 285000 ops (1000 samples) ---
Throughput = 8928.571 operations/sec (Maximum observed: 9090.909 ops/sec)
Total latency = 3.2078692104661E7 (+/- 0) us 
Consensus latency = 5689.568656 (+/- 2286) us 
Pre-consensus latency = 0.0 (+/- 0) us 
Pos-consensus latency = 3.2075336726339E7 (+/- 0) us 
Propose latency = 2963.957684 (+/- 966) us 
Write latency = 1215.109413 (+/- 2183) us 
Accept latency = 1510.5015589999998 (+/- 219) us 
Batch average size = NaN (+/- 0) requests
LCMessage ByteCount = 2786:14
TOMMessage ByteCount = 127631212:168822
StandardSMMessage ByteCount = 10398:19
ConsensusMessage ByteCount = 2635764:12963
--- Measurements after 286000 ops (1000 samples) ---
Throughput = 8928.571 operations/sec (Maximum observed: 9090.909 ops/sec)
Total latency = 3.2137481782841E7 (+/- 0) us 
Consensus latency = 4774.921812 (+/- 363) us 
Pre-consensus latency = 0.0 (+/- 0) us 
Pos-consensus latency = 3.2134817010383997E7 (+/- 0) us 
Propose latency = 2398.408683 (+/- 91) us 
Write latency = 819.1465139999999 (+/- 248) us 
Accept latency = 1557.366615 (+/- 96) us 
Batch average size = NaN (+/- 0) requests
LCMessage ByteCount = 2786:14
TOMMessage ByteCount = 127631212:168822
StandardSMMessage ByteCount = 10398:19
ConsensusMessage ByteCount = 2635764:12963
--- Measurements after 287000 ops (1000 samples) ---
Throughput = 8403.361 operations/sec (Maximum observed: 9090.909 ops/sec)
Total latency = 3.2197515987888E7 (+/- 0) us 
Consensus latency = 4814.583086000001 (+/- 232) us 
Pre-consensus latency = 0.0 (+/- 0) us 
Pos-consensus latency = 3.2194759894577E7 (+/- 0) us 
Propose latency = 2347.7966290000004 (+/- 156) us 
Write latency = 953.255321 (+/- 122) us 
Accept latency = 1513.5311359999998 (+/- 121) us 
Batch average size = NaN (+/- 0) requests
LCMessage ByteCount = 2786:14
TOMMessage ByteCount = 127631212:168822
StandardSMMessage ByteCount = 10398:19
ConsensusMessage ByteCount = 2635764:12963
--- Measurements after 288000 ops (1000 samples) ---
Throughput = 8196.722 operations/sec (Maximum observed: 9090.909 ops/sec)
Total latency = 3.2258812550027E7 (+/- 0) us 
Consensus latency = 4535.441964 (+/- 276) us 
Pre-consensus latency = 0.0 (+/- 0) us 
Pos-consensus latency = 3.2256283854903E7 (+/- 0) us 
Propose latency = 2292.982129 (+/- 147) us 
Write latency = 687.277069 (+/- 240) us 
Accept latency = 1555.1827660000001 (+/- 129) us 
Batch average size = NaN (+/- 0) requests
LCMessage ByteCount = 2786:14
TOMMessage ByteCount = 127631212:168822
StandardSMMessage ByteCount = 10398:19
ConsensusMessage ByteCount = 2635764:12963
--- Measurements after 289000 ops (1000 samples) ---
Throughput = 9009.009 operations/sec (Maximum observed: 9090.909 ops/sec)
Total latency = 3.2313791281361E7 (+/- 0) us 
Consensus latency = 7215.2523949999995 (+/- 2023) us 
Pre-consensus latency = 0.0 (+/- 0) us 
Pos-consensus latency = 3.2310512476648998E7 (+/- 0) us 
Propose latency = 4849.938034 (+/- 2178) us 
Write latency = 929.688637 (+/- 554) us 
Accept latency = 1435.625724 (+/- 81) us 
Batch average size = NaN (+/- 0) requests
LCMessage ByteCount = 2786:14
TOMMessage ByteCount = 127631212:168822
StandardSMMessage ByteCount = 10398:19
ConsensusMessage ByteCount = 2635764:12963
--- Measurements after 290000 ops (1000 samples) ---
Throughput = 9009.009 operations/sec (Maximum observed: 9090.909 ops/sec)
Total latency = 3.2372718699575E7 (+/- 0) us 
Consensus latency = 5879.610658 (+/- 3200) us 
Pre-consensus latency = 0.0 (+/- 0) us 
Pos-consensus latency = 3.2369889695768002E7 (+/- 0) us 
Propose latency = 3855.429981 (+/- 3369) us 
Write latency = 552.945432 (+/- 468) us 
Accept latency = 1471.235245 (+/- 115) us 
Batch average size = NaN (+/- 0) requests
LCMessage ByteCount = 2786:14
TOMMessage ByteCount = 127631212:168822
StandardSMMessage ByteCount = 10398:19
ConsensusMessage ByteCount = 2635764:12963
--- Measurements after 291000 ops (1000 samples) ---
Throughput = 9009.009 operations/sec (Maximum observed: 9090.909 ops/sec)
Total latency = 3.2431267862491E7 (+/- 0) us 
Consensus latency = 4864.283845 (+/- 280) us 
Pre-consensus latency = 0.0 (+/- 0) us 
Pos-consensus latency = 3.2428371184174E7 (+/- 0) us 
Propose latency = 2240.7007510000003 (+/- 196) us 
Write latency = 1134.008535 (+/- 215) us 
Accept latency = 1489.574559 (+/- 174) us 
Batch average size = NaN (+/- 0) requests
LCMessage ByteCount = 2786:14
TOMMessage ByteCount = 127631212:168822
StandardSMMessage ByteCount = 10398:19
ConsensusMessage ByteCount = 2635764:12963
--- Measurements after 292000 ops (1000 samples) ---
Throughput = 8000.0 operations/sec (Maximum observed: 9090.909 ops/sec)
Total latency = 3.2488581349794E7 (+/- 0) us 
Consensus latency = 4766.235586 (+/- 203) us 
Pre-consensus latency = 0.0 (+/- 0) us 
Pos-consensus latency = 3.2485840276862E7 (+/- 0) us 
Propose latency = 2329.1127349999997 (+/- 157) us 
Write latency = 936.4361339999999 (+/- 167) us 
Accept latency = 1500.686717 (+/- 98) us 
Batch average size = NaN (+/- 0) requests
LCMessage ByteCount = 2786:14
TOMMessage ByteCount = 127631212:168822
StandardSMMessage ByteCount = 10398:19
ConsensusMessage ByteCount = 2635764:12963
--- Measurements after 293000 ops (1000 samples) ---
Throughput = 8196.722 operations/sec (Maximum observed: 9090.909 ops/sec)
Total latency = 3.2558027288641E7 (+/- 0) us 
Consensus latency = 5670.00334 (+/- 1302) us 
Pre-consensus latency = 0.0 (+/- 0) us 
Pos-consensus latency = 3.2555076828972E7 (+/- 0) us 
Propose latency = 3107.5542450000003 (+/- 1112) us 
Write latency = 944.833787 (+/- 238) us 
Accept latency = 1617.615308 (+/- 260) us 
Batch average size = NaN (+/- 0) requests
LCMessage ByteCount = 2786:14
TOMMessage ByteCount = 127631212:168822
StandardSMMessage ByteCount = 10398:19
ConsensusMessage ByteCount = 2635764:12963
--- Measurements after 294000 ops (1000 samples) ---
Throughput = 8928.571 operations/sec (Maximum observed: 9090.909 ops/sec)
Total latency = 3.2616937279439E7 (+/- 0) us 
Consensus latency = 5660.458642 (+/- 2308) us 
Pre-consensus latency = 0.0 (+/- 0) us 
Pos-consensus latency = 3.2614124842269E7 (+/- 0) us 
Propose latency = 3388.2621860000004 (+/- 2498) us 
Write latency = 762.027774 (+/- 404) us 
Accept latency = 1510.168682 (+/- 164) us 
Batch average size = NaN (+/- 0) requests
LCMessage ByteCount = 2786:14
TOMMessage ByteCount = 127631212:168822
StandardSMMessage ByteCount = 10398:19
ConsensusMessage ByteCount = 2635764:12963
--- Measurements after 295000 ops (1000 samples) ---
Throughput = 9009.009 operations/sec (Maximum observed: 9090.909 ops/sec)
Total latency = 3.2672973164053E7 (+/- 0) us 
Consensus latency = 4602.488599 (+/- 323) us 
Pre-consensus latency = 0.0 (+/- 0) us 
Pos-consensus latency = 3.2670599943412997E7 (+/- 0) us 
Propose latency = 2534.093799 (+/- 115) us 
Write latency = 504.294937 (+/- 222) us 
Accept latency = 1564.099863 (+/- 169) us 
Batch average size = NaN (+/- 0) requests
LCMessage ByteCount = 2786:14
TOMMessage ByteCount = 127631212:168822
StandardSMMessage ByteCount = 10398:19
ConsensusMessage ByteCount = 2635764:12963
--- Measurements after 296000 ops (1000 samples) ---
Throughput = 8547.009 operations/sec (Maximum observed: 9090.909 ops/sec)
Total latency = 3.2732647876364E7 (+/- 0) us 
Consensus latency = 4592.723891 (+/- 187) us 
Pre-consensus latency = 0.0 (+/- 0) us 
Pos-consensus latency = 3.2730298500422E7 (+/- 0) us 
Propose latency = 2553.78465 (+/- 141) us 
Write latency = 467.62902 (+/- 201) us 
Accept latency = 1571.310221 (+/- 93) us 
Batch average size = NaN (+/- 0) requests
LCMessage ByteCount = 2786:14
TOMMessage ByteCount = 127631212:168822
StandardSMMessage ByteCount = 10398:19
ConsensusMessage ByteCount = 2635764:12963
--- Measurements after 297000 ops (1000 samples) ---
Throughput = 9009.009 operations/sec (Maximum observed: 9090.909 ops/sec)
Total latency = 3.2791281098805E7 (+/- 0) us 
Consensus latency = 4413.693061 (+/- 317) us 
Pre-consensus latency = 0.0 (+/- 0) us 
Pos-consensus latency = 3.2788904372604E7 (+/- 0) us 
Propose latency = 2311.205366 (+/- 237) us 
Write latency = 584.410069 (+/- 227) us 
Accept latency = 1518.077626 (+/- 158) us 
Batch average size = NaN (+/- 0) requests
LCMessage ByteCount = 2786:14
TOMMessage ByteCount = 127631212:168822
StandardSMMessage ByteCount = 10398:19
ConsensusMessage ByteCount = 2635764:12963
--- Measurements after 298000 ops (1000 samples) ---
Throughput = 8928.571 operations/sec (Maximum observed: 9090.909 ops/sec)
Total latency = 3.2844168492488E7 (+/- 0) us 
Consensus latency = 5310.316181 (+/- 584) us 
Pre-consensus latency = 0.0 (+/- 0) us 
Pos-consensus latency = 3.2841398944578998E7 (+/- 0) us 
Propose latency = 2851.851358 (+/- 422) us 
Write latency = 862.922254 (+/- 272) us 
Accept latency = 1595.542569 (+/- 167) us 
Batch average size = NaN (+/- 0) requests
LCMessage ByteCount = 2786:14
TOMMessage ByteCount = 127631212:168822
StandardSMMessage ByteCount = 10398:19
ConsensusMessage ByteCount = 2635764:12963
--- Measurements after 299000 ops (1000 samples) ---
Throughput = 9009.009 operations/sec (Maximum observed: 9090.909 ops/sec)
Total latency = 3.2897238230642E7 (+/- 0) us 
Consensus latency = 5229.832789 (+/- 3113) us 
Pre-consensus latency = 0.0 (+/- 0) us 
Pos-consensus latency = 3.2894016487865E7 (+/- 0) us 
Propose latency = 3342.2050329999997 (+/- 3163) us 
Write latency = 392.122332 (+/- 375) us 
Accept latency = 1495.5054240000002 (+/- 113) us 
Batch average size = NaN (+/- 0) requests
LCMessage ByteCount = 2786:14
TOMMessage ByteCount = 127631212:168822
StandardSMMessage ByteCount = 10398:19
ConsensusMessage ByteCount = 2635764:12963
--- Measurements after 300000 ops (1000 samples) ---
Throughput = 5649.7173 operations/sec (Maximum observed: 9090.909 ops/sec)
Total latency = 3.2976938135870997E7 (+/- 0) us 
Consensus latency = 4470.172599 (+/- 208) us 
Pre-consensus latency = 0.0 (+/- 0) us 
Pos-consensus latency = 3.297451587534E7 (+/- 0) us 
Propose latency = 2320.837925 (+/- 172) us 
Write latency = 639.553341 (+/- 210) us 
Accept latency = 1509.7813330000001 (+/- 135) us 
Batch average size = NaN (+/- 0) requests
LCMessage ByteCount = 2786:14
TOMMessage ByteCount = 127631212:168822
StandardSMMessage ByteCount = 10398:19
ConsensusMessage ByteCount = 2635764:12963
--- Measurements after 301000 ops (1000 samples) ---
Throughput = 4854.369 operations/sec (Maximum observed: 9090.909 ops/sec)
Total latency = 3.3122066764578E7 (+/- 0) us 
Consensus latency = 4435.287904 (+/- 276) us 
Pre-consensus latency = 0.0 (+/- 0) us 
Pos-consensus latency = 3.3119804115966E7 (+/- 0) us 
Propose latency = 2478.770358 (+/- 241) us 
Write latency = 521.794676 (+/- 251) us 
Accept latency = 1434.72287 (+/- 171) us 
Batch average size = NaN (+/- 0) requests
LCMessage ByteCount = 2786:14
TOMMessage ByteCount = 127631212:168822
StandardSMMessage ByteCount = 10398:19
ConsensusMessage ByteCount = 2635764:12963
--- Measurements after 302000 ops (1000 samples) ---
Throughput = 5434.7827 operations/sec (Maximum observed: 9090.909 ops/sec)
Total latency = 3.3268433496232E7 (+/- 0) us 
Consensus latency = 5279.147622 (+/- 875) us 
Pre-consensus latency = 0.0 (+/- 0) us 
Pos-consensus latency = 3.3265976684786998E7 (+/- 0) us 
Propose latency = 3144.094184 (+/- 831) us 
Write latency = 709.1441659999999 (+/- 214) us 
Accept latency = 1425.909272 (+/- 79) us 
Batch average size = NaN (+/- 0) requests
LCMessage ByteCount = 2786:14
TOMMessage ByteCount = 127631212:168822
StandardSMMessage ByteCount = 10398:19
ConsensusMessage ByteCount = 2635764:12963
--- Measurements after 303000 ops (1000 samples) ---
Throughput = 8849.558 operations/sec (Maximum observed: 9090.909 ops/sec)
Total latency = 3.3355048564056E7 (+/- 0) us 
Consensus latency = 5297.74266 (+/- 2243) us 
Pre-consensus latency = 0.0 (+/- 0) us 
Pos-consensus latency = 3.3352351094101E7 (+/- 0) us 
Propose latency = 3256.1367099999998 (+/- 2372) us 
Write latency = 621.879342 (+/- 250) us 
Accept latency = 1419.726608 (+/- 177) us 
Batch average size = NaN (+/- 0) requests
LCMessage ByteCount = 2786:14
TOMMessage ByteCount = 127631212:168822
StandardSMMessage ByteCount = 10398:19
ConsensusMessage ByteCount = 2635764:12963
--- Measurements after 304000 ops (1000 samples) ---
Throughput = 7518.797 operations/sec (Maximum observed: 9090.909 ops/sec)
Total latency = 3.3422485813231997E7 (+/- 0) us 
Consensus latency = 4427.970018 (+/- 292) us 
Pre-consensus latency = 0.0 (+/- 0) us 
Pos-consensus latency = 3.3420204245243E7 (+/- 0) us 
Propose latency = 2451.225788 (+/- 229) us 
Write latency = 540.465674 (+/- 313) us 
Accept latency = 1436.2785560000002 (+/- 107) us 
Batch average size = NaN (+/- 0) requests
LCMessage ByteCount = 2786:14
TOMMessage ByteCount = 127631212:168822
StandardSMMessage ByteCount = 10398:19
ConsensusMessage ByteCount = 2635764:12963
--- Measurements after 305000 ops (1000 samples) ---
Throughput = 8928.571 operations/sec (Maximum observed: 9090.909 ops/sec)
Total latency = 3.3490332010443002E7 (+/- 0) us 
Consensus latency = 4662.949947 (+/- 188) us 
Pre-consensus latency = 0.0 (+/- 0) us 
Pos-consensus latency = 3.3487723190155998E7 (+/- 0) us 
Propose latency = 2355.364398 (+/- 189) us 
Write latency = 786.9175339999999 (+/- 128) us 
Accept latency = 1520.668015 (+/- 98) us 
Batch average size = NaN (+/- 0) requests
LCMessage ByteCount = 2786:14
TOMMessage ByteCount = 127631212:168822
StandardSMMessage ByteCount = 10398:19
ConsensusMessage ByteCount = 2635764:12963
--- Measurements after 306000 ops (1000 samples) ---
Throughput = 8928.571 operations/sec (Maximum observed: 9090.909 ops/sec)
Total latency = 3.3544663058259998E7 (+/- 0) us 
Consensus latency = 5209.296374 (+/- 885) us 
Pre-consensus latency = 0.0 (+/- 0) us 
Pos-consensus latency = 3.3541928865863997E7 (+/- 0) us 
Propose latency = 2820.444235 (+/- 918) us 
Write latency = 793.554999 (+/- 117) us 
Accept latency = 1595.29714 (+/- 125) us 
Batch average size = NaN (+/- 0) requests
LCMessage ByteCount = 2786:14
TOMMessage ByteCount = 127631212:168822
StandardSMMessage ByteCount = 10398:19
ConsensusMessage ByteCount = 2635764:12963
--- Measurements after 307000 ops (1000 samples) ---
Throughput = 9009.009 operations/sec (Maximum observed: 9090.909 ops/sec)
Total latency = 3.3601339293821E7 (+/- 0) us 
Consensus latency = 4704.573728 (+/- 292) us 
Pre-consensus latency = 0.0 (+/- 0) us 
Pos-consensus latency = 3.3598787438198E7 (+/- 0) us 
Propose latency = 2474.9987349999997 (+/- 260) us 
Write latency = 727.359617 (+/- 179) us 
Accept latency = 1502.2153759999999 (+/- 185) us 
Batch average size = NaN (+/- 0) requests
LCMessage ByteCount = 2786:14
TOMMessage ByteCount = 127631212:168822
StandardSMMessage ByteCount = 10398:19
ConsensusMessage ByteCount = 2635764:12963
--- Measurements after 308000 ops (1000 samples) ---
Throughput = 8264.463 operations/sec (Maximum observed: 9090.909 ops/sec)
Total latency = 3.3661694046169996E7 (+/- 0) us 
Consensus latency = 4723.832251 (+/- 956) us 
Pre-consensus latency = 0.0 (+/- 0) us 
Pos-consensus latency = 3.3659011176514E7 (+/- 0) us 
Propose latency = 2665.004853 (+/- 1026) us 
Write latency = 533.567851 (+/- 416) us 
Accept latency = 1525.259547 (+/- 121) us 
Batch average size = NaN (+/- 0) requests
LCMessage ByteCount = 2786:14
TOMMessage ByteCount = 127631212:168822
StandardSMMessage ByteCount = 10398:19
ConsensusMessage ByteCount = 2635764:12963
--- Measurements after 309000 ops (1000 samples) ---
Throughput = 8849.558 operations/sec (Maximum observed: 9090.909 ops/sec)
Total latency = 3.3723437076662E7 (+/- 0) us 
Consensus latency = 4796.178972 (+/- 177) us 
Pre-consensus latency = 0.0 (+/- 0) us 
Pos-consensus latency = 3.3720798622734E7 (+/- 0) us 
Propose latency = 2523.129212 (+/- 247) us 
Write latency = 747.453513 (+/- 312) us 
Accept latency = 1525.596247 (+/- 87) us 
Batch average size = NaN (+/- 0) requests
LCMessage ByteCount = 2786:14
TOMMessage ByteCount = 127631212:168822
StandardSMMessage ByteCount = 10398:19
ConsensusMessage ByteCount = 2635764:12963
--- Measurements after 310000 ops (1000 samples) ---
Throughput = 8928.571 operations/sec (Maximum observed: 9090.909 ops/sec)
Total latency = 3.3779132713381E7 (+/- 0) us 
Consensus latency = 5386.102081 (+/- 1466) us 
Pre-consensus latency = 0.0 (+/- 0) us 
Pos-consensus latency = 3.3775917665279E7 (+/- 0) us 
Propose latency = 2531.164296 (+/- 368) us 
Write latency = 986.054042 (+/- 641) us 
Accept latency = 1868.883743 (+/- 1417) us 
Batch average size = NaN (+/- 0) requests
LCMessage ByteCount = 2786:14
TOMMessage ByteCount = 127631212:168822
StandardSMMessage ByteCount = 10398:19
ConsensusMessage ByteCount = 2635764:12963
--- Measurements after 311000 ops (1000 samples) ---
Throughput = 8695.652 operations/sec (Maximum observed: 9090.909 ops/sec)
Total latency = 3.3833038544410996E7 (+/- 0) us 
Consensus latency = 5386.963088 (+/- 594) us 
Pre-consensus latency = 0.0 (+/- 0) us 
Pos-consensus latency = 3.3830477216911E7 (+/- 0) us 
Propose latency = 3220.828455 (+/- 584) us 
Write latency = 670.216598 (+/- 595) us 
Accept latency = 1495.918035 (+/- 162) us 
Batch average size = NaN (+/- 0) requests
LCMessage ByteCount = 2786:14
TOMMessage ByteCount = 127631212:168822
StandardSMMessage ByteCount = 10398:19
ConsensusMessage ByteCount = 2635764:12963
--- Measurements after 312000 ops (1000 samples) ---
Throughput = 9009.009 operations/sec (Maximum observed: 9090.909 ops/sec)
Total latency = 3.3893196177475E7 (+/- 0) us 
Consensus latency = 5037.941512 (+/- 1767) us 
Pre-consensus latency = 0.0 (+/- 0) us 
Pos-consensus latency = 3.3890242522823E7 (+/- 0) us 
Propose latency = 2375.561817 (+/- 246) us 
Write latency = 536.07785 (+/- 322) us 
Accept latency = 2126.3018450000004 (+/- 1631) us 
Batch average size = NaN (+/- 0) requests
LCMessage ByteCount = 2786:14
TOMMessage ByteCount = 127631212:168822
StandardSMMessage ByteCount = 10398:19
ConsensusMessage ByteCount = 2635764:12963
--- Measurements after 313000 ops (1000 samples) ---
Throughput = 8928.571 operations/sec (Maximum observed: 9090.909 ops/sec)
Total latency = 3.3937855006723E7 (+/- 0) us 
Consensus latency = 5946.818548 (+/- 1092) us 
Pre-consensus latency = 0.0 (+/- 0) us 
Pos-consensus latency = 3.3934962211138E7 (+/- 0) us 
Propose latency = 3596.6566869999997 (+/- 1090) us 
Write latency = 766.087865 (+/- 260) us 
Accept latency = 1584.073996 (+/- 189) us 
Batch average size = NaN (+/- 0) requests
LCMessage ByteCount = 2786:14
TOMMessage ByteCount = 127631212:168822
StandardSMMessage ByteCount = 10398:19
ConsensusMessage ByteCount = 2635764:12963
--- Measurements after 314000 ops (1000 samples) ---
Throughput = 9009.009 operations/sec (Maximum observed: 9090.909 ops/sec)
Total latency = 3.399401500581E7 (+/- 0) us 
Consensus latency = 5294.642054999999 (+/- 1544) us 
Pre-consensus latency = 0.0 (+/- 0) us 
Pos-consensus latency = 3.3990996614578E7 (+/- 0) us 
Propose latency = 2554.937417 (+/- 299) us 
Write latency = 1212.5413330000001 (+/- 1681) us 
Accept latency = 1527.163305 (+/- 124) us 
Batch average size = NaN (+/- 0) requests
LCMessage ByteCount = 2786:14
TOMMessage ByteCount = 127631212:168822
StandardSMMessage ByteCount = 10398:19
ConsensusMessage ByteCount = 2635764:12963
--- Measurements after 315000 ops (1000 samples) ---
Throughput = 8333.333 operations/sec (Maximum observed: 9090.909 ops/sec)
Total latency = 3.4046215860948004E7 (+/- 0) us 
Consensus latency = 6191.027991999999 (+/- 1737) us 
Pre-consensus latency = 0.0 (+/- 0) us 
Pos-consensus latency = 3.4042785638433E7 (+/- 0) us 
Propose latency = 3437.355657 (+/- 826) us 
Write latency = 569.656273 (+/- 705) us 
Accept latency = 2184.0160619999997 (+/- 1684) us 
Batch average size = NaN (+/- 0) requests
LCMessage ByteCount = 2786:14
TOMMessage ByteCount = 127631212:168822
StandardSMMessage ByteCount = 10398:19
ConsensusMessage ByteCount = 2635764:12963
--- Measurements after 316000 ops (1000 samples) ---
Throughput = 8130.0815 operations/sec (Maximum observed: 9090.909 ops/sec)
Total latency = 3.4119324166985E7 (+/- 0) us 
Consensus latency = 4151.862978 (+/- 192) us 
Pre-consensus latency = 0.0 (+/- 0) us 
Pos-consensus latency = 3.4117308071988E7 (+/- 0) us 
Propose latency = 2394.4144459999998 (+/- 127) us 
Write latency = 240.26958 (+/- 224) us 
Accept latency = 1517.178952 (+/- 145) us 
Batch average size = NaN (+/- 0) requests
LCMessage ByteCount = 2786:14
TOMMessage ByteCount = 127631212:168822
StandardSMMessage ByteCount = 10398:19
ConsensusMessage ByteCount = 2635764:12963
--- Measurements after 317000 ops (1000 samples) ---
Throughput = 8620.689 operations/sec (Maximum observed: 9090.909 ops/sec)
Total latency = 3.4179318038936004E7 (+/- 0) us 
Consensus latency = 5466.4623329999995 (+/- 2461) us 
Pre-consensus latency = 0.0 (+/- 0) us 
Pos-consensus latency = 3.4176765103746E7 (+/- 0) us 
Propose latency = 3561.452404 (+/- 2488) us 
Write latency = 400.054581 (+/- 272) us 
Accept latency = 1504.955348 (+/- 140) us 
Batch average size = NaN (+/- 0) requests
LCMessage ByteCount = 2786:14
TOMMessage ByteCount = 127631212:168822
StandardSMMessage ByteCount = 10398:19
ConsensusMessage ByteCount = 2635764:12963
--- Measurements after 318000 ops (1000 samples) ---
Throughput = 8771.93 operations/sec (Maximum observed: 9090.909 ops/sec)
Total latency = 3.4239460243099E7 (+/- 0) us 
Consensus latency = 4584.7622120000005 (+/- 186) us 
Pre-consensus latency = 0.0 (+/- 0) us 
Pos-consensus latency = 3.4236932620833E7 (+/- 0) us 
Propose latency = 2351.534224 (+/- 146) us 
Write latency = 691.748907 (+/- 267) us 
Accept latency = 1541.479081 (+/- 169) us 
Batch average size = NaN (+/- 0) requests
LCMessage ByteCount = 2786:14
TOMMessage ByteCount = 127631212:168822
StandardSMMessage ByteCount = 10398:19
ConsensusMessage ByteCount = 2635764:12963
--- Measurements after 319000 ops (1000 samples) ---
Throughput = 8333.333 operations/sec (Maximum observed: 9090.909 ops/sec)
Total latency = 3.4298094783267E7 (+/- 0) us 
Consensus latency = 5151.790599999999 (+/- 722) us 
Pre-consensus latency = 0.0 (+/- 0) us 
Pos-consensus latency = 3.4295553494805E7 (+/- 0) us 
Propose latency = 2968.840502 (+/- 596) us 
Write latency = 779.082088 (+/- 393) us 
Accept latency = 1403.86801 (+/- 134) us 
Batch average size = NaN (+/- 0) requests
LCMessage ByteCount = 2786:14
TOMMessage ByteCount = 127631212:168822
StandardSMMessage ByteCount = 10398:19
ConsensusMessage ByteCount = 2635764:12963
--- Measurements after 320000 ops (1000 samples) ---
Throughput = 8333.333 operations/sec (Maximum observed: 9090.909 ops/sec)
Total latency = 3.4365245420493E7 (+/- 0) us 
Consensus latency = 5815.8161900000005 (+/- 984) us 
Pre-consensus latency = 0.0 (+/- 0) us 
Pos-consensus latency = 3.4361988992142E7 (+/- 0) us 
Propose latency = 2885.726247 (+/- 399) us 
Write latency = 1108.0356629999999 (+/- 712) us 
Accept latency = 1822.05428 (+/- 522) us 
Batch average size = NaN (+/- 0) requests
LCMessage ByteCount = 2786:14
TOMMessage ByteCount = 127631212:168822
StandardSMMessage ByteCount = 10398:19
ConsensusMessage ByteCount = 2635764:12963
--- Measurements after 321000 ops (1000 samples) ---
Throughput = 8403.361 operations/sec (Maximum observed: 9090.909 ops/sec)
Total latency = 3.4427804400462E7 (+/- 0) us 
Consensus latency = 5071.099719 (+/- 773) us 
Pre-consensus latency = 0.0 (+/- 0) us 
Pos-consensus latency = 3.4425093644192E7 (+/- 0) us 
Propose latency = 2938.517536 (+/- 915) us 
Write latency = 560.8180060000001 (+/- 387) us 
Accept latency = 1571.764177 (+/- 96) us 
Batch average size = NaN (+/- 0) requests
LCMessage ByteCount = 2786:14
TOMMessage ByteCount = 127631212:168822
StandardSMMessage ByteCount = 10398:19
ConsensusMessage ByteCount = 2635764:12963
--- Measurements after 322000 ops (1000 samples) ---
Throughput = 9009.009 operations/sec (Maximum observed: 9090.909 ops/sec)
Total latency = 3.4487356328131E7 (+/- 0) us 
Consensus latency = 4638.609888 (+/- 224) us 
Pre-consensus latency = 0.0 (+/- 0) us 
Pos-consensus latency = 3.4484838391562E7 (+/- 0) us 
Propose latency = 2409.471375 (+/- 87) us 
Write latency = 731.26945 (+/- 154) us 
Accept latency = 1497.869063 (+/- 163) us 
Batch average size = NaN (+/- 0) requests
LCMessage ByteCount = 2786:14
TOMMessage ByteCount = 127631212:168822
StandardSMMessage ByteCount = 10398:19
ConsensusMessage ByteCount = 2635764:12963
--- Measurements after 323000 ops (1000 samples) ---
Throughput = 8403.361 operations/sec (Maximum observed: 9090.909 ops/sec)
Total latency = 3.4540139003869005E7 (+/- 0) us 
Consensus latency = 6341.932471 (+/- 1271) us 
Pre-consensus latency = 0.0 (+/- 0) us 
Pos-consensus latency = 3.4537239608151E7 (+/- 0) us 
Propose latency = 3924.22254 (+/- 1268) us 
Write latency = 751.660535 (+/- 235) us 
Accept latency = 1666.049396 (+/- 635) us 
Batch average size = NaN (+/- 0) requests
LCMessage ByteCount = 2786:14
TOMMessage ByteCount = 127631212:168822
StandardSMMessage ByteCount = 10398:19
ConsensusMessage ByteCount = 2635764:12963
--- Measurements after 324000 ops (1000 samples) ---
Throughput = 9009.009 operations/sec (Maximum observed: 9090.909 ops/sec)
Total latency = 3.460578783094E7 (+/- 0) us 
Consensus latency = 4977.226321 (+/- 834) us 
Pre-consensus latency = 0.0 (+/- 0) us 
Pos-consensus latency = 3.4603343503711E7 (+/- 0) us 
Propose latency = 2865.1357390000003 (+/- 738) us 
Write latency = 526.743295 (+/- 253) us 
Accept latency = 1585.347287 (+/- 184) us 
Batch average size = NaN (+/- 0) requests
LCMessage ByteCount = 2786:14
TOMMessage ByteCount = 127631212:168822
StandardSMMessage ByteCount = 10398:19
ConsensusMessage ByteCount = 2635764:12963
--- Measurements after 325000 ops (1000 samples) ---
Throughput = 8928.571 operations/sec (Maximum observed: 9090.909 ops/sec)
Total latency = 3.4660853005819E7 (+/- 0) us 
Consensus latency = 6614.38119 (+/- 675) us 
Pre-consensus latency = 0.0 (+/- 0) us 
Pos-consensus latency = 3.4656916650622E7 (+/- 0) us 
Propose latency = 3030.0772420000003 (+/- 356) us 
Write latency = 1472.2152649999998 (+/- 798) us 
Accept latency = 2112.0886830000004 (+/- 529) us 
Batch average size = NaN (+/- 0) requests
LCMessage ByteCount = 2786:14
TOMMessage ByteCount = 127631212:168822
StandardSMMessage ByteCount = 10398:19
ConsensusMessage ByteCount = 2635764:12963
--- Measurements after 326000 ops (1000 samples) ---
Throughput = 8928.571 operations/sec (Maximum observed: 9090.909 ops/sec)
Total latency = 3.4716389322436996E7 (+/- 0) us 
Consensus latency = 5484.5788410000005 (+/- 607) us 
Pre-consensus latency = 0.0 (+/- 0) us 
Pos-consensus latency = 3.4713525619812E7 (+/- 0) us 
Propose latency = 3248.6945440000004 (+/- 882) us 
Write latency = 731.597886 (+/- 409) us 
Accept latency = 1504.286411 (+/- 91) us 
Batch average size = NaN (+/- 0) requests
LCMessage ByteCount = 2786:14
TOMMessage ByteCount = 127631212:168822
StandardSMMessage ByteCount = 10398:19
ConsensusMessage ByteCount = 2635764:12963
--- Measurements after 327000 ops (1000 samples) ---
Throughput = 7575.758 operations/sec (Maximum observed: 9090.909 ops/sec)
Total latency = 3.4780956078242995E7 (+/- 0) us 
Consensus latency = 5725.834525 (+/- 1173) us 
Pre-consensus latency = 0.0 (+/- 0) us 
Pos-consensus latency = 3.4778090377303004E7 (+/- 0) us 
Propose latency = 3205.372666 (+/- 1127) us 
Write latency = 964.123781 (+/- 289) us 
Accept latency = 1556.338078 (+/- 252) us 
Batch average size = NaN (+/- 0) requests
LCMessage ByteCount = 2786:14
TOMMessage ByteCount = 127631212:168822
StandardSMMessage ByteCount = 10398:19
ConsensusMessage ByteCount = 2635764:12963
--- Measurements after 328000 ops (1000 samples) ---
Throughput = 8620.689 operations/sec (Maximum observed: 9090.909 ops/sec)
Total latency = 3.4855026987456E7 (+/- 0) us 
Consensus latency = 4861.465116 (+/- 310) us 
Pre-consensus latency = 0.0 (+/- 0) us 
Pos-consensus latency = 3.4852402701194E7 (+/- 0) us 
Propose latency = 2556.913994 (+/- 252) us 
Write latency = 706.03122 (+/- 265) us 
Accept latency = 1598.519902 (+/- 146) us 
Batch average size = NaN (+/- 0) requests
LCMessage ByteCount = 2786:14
TOMMessage ByteCount = 127631212:168822
StandardSMMessage ByteCount = 10398:19
ConsensusMessage ByteCount = 2635764:12963
--- Measurements after 329000 ops (1000 samples) ---
Throughput = 9009.009 operations/sec (Maximum observed: 9090.909 ops/sec)
Total latency = 3.4911612605717E7 (+/- 0) us 
Consensus latency = 4745.418246 (+/- 148) us 
Pre-consensus latency = 0.0 (+/- 0) us 
Pos-consensus latency = 3.4908989858826E7 (+/- 0) us 
Propose latency = 2422.299293 (+/- 135) us 
Write latency = 811.739784 (+/- 146) us 
Accept latency = 1511.379169 (+/- 194) us 
Batch average size = NaN (+/- 0) requests
LCMessage ByteCount = 2786:14
TOMMessage ByteCount = 127631212:168822
StandardSMMessage ByteCount = 10398:19
ConsensusMessage ByteCount = 2635764:12963
--- Measurements after 330000 ops (1000 samples) ---
Throughput = 9009.009 operations/sec (Maximum observed: 9090.909 ops/sec)
Total latency = 3.4964147698612E7 (+/- 0) us 
Consensus latency = 5987.08968 (+/- 2498) us 
Pre-consensus latency = 0.0 (+/- 0) us 
Pos-consensus latency = 3.4960801401888E7 (+/- 0) us 
Propose latency = 3960.4964019999998 (+/- 2390) us 
Write latency = 430.29805 (+/- 370) us 
Accept latency = 1596.295228 (+/- 232) us 
Batch average size = NaN (+/- 0) requests
LCMessage ByteCount = 2786:14
TOMMessage ByteCount = 127631212:168822
StandardSMMessage ByteCount = 10398:19
ConsensusMessage ByteCount = 2635764:12963
--- Measurements after 331000 ops (1000 samples) ---
Throughput = 8547.009 operations/sec (Maximum observed: 9090.909 ops/sec)
Total latency = 3.5024473782011E7 (+/- 0) us 
Consensus latency = 5237.452451 (+/- 974) us 
Pre-consensus latency = 0.0 (+/- 0) us 
Pos-consensus latency = 3.5021934970634006E7 (+/- 0) us 
Propose latency = 3018.2646839999998 (+/- 882) us 
Write latency = 671.504918 (+/- 441) us 
Accept latency = 1547.682849 (+/- 397) us 
Batch average size = NaN (+/- 0) requests
LCMessage ByteCount = 2786:14
TOMMessage ByteCount = 127631212:168822
StandardSMMessage ByteCount = 10398:19
ConsensusMessage ByteCount = 2635764:12963
--- Measurements after 332000 ops (1000 samples) ---
Throughput = 9009.009 operations/sec (Maximum observed: 9090.909 ops/sec)
Total latency = 3.5084265109014E7 (+/- 0) us 
Consensus latency = 4451.496848000001 (+/- 345) us 
Pre-consensus latency = 0.0 (+/- 0) us 
Pos-consensus latency = 3.5081883757402E7 (+/- 0) us 
Propose latency = 2416.7760550000003 (+/- 246) us 
Write latency = 519.785932 (+/- 214) us 
Accept latency = 1514.934861 (+/- 155) us 
Batch average size = NaN (+/- 0) requests
LCMessage ByteCount = 2786:14
TOMMessage ByteCount = 127631212:168822
StandardSMMessage ByteCount = 10398:19
ConsensusMessage ByteCount = 2635764:12963
--- Measurements after 333000 ops (1000 samples) ---
Throughput = 9009.009 operations/sec (Maximum observed: 9090.909 ops/sec)
Total latency = 3.5125447896532E7 (+/- 0) us 
Consensus latency = 8462.043267000001 (+/- 9940) us 
Pre-consensus latency = 0.0 (+/- 0) us 
Pos-consensus latency = 3.5122347888234004E7 (+/- 0) us 
Propose latency = 6158.142604000001 (+/- 9412) us 
Write latency = 382.474714 (+/- 296) us 
Accept latency = 1921.425949 (+/- 732) us 
Batch average size = NaN (+/- 0) requests
LCMessage ByteCount = 2786:14
TOMMessage ByteCount = 127631212:168822
StandardSMMessage ByteCount = 10398:19
ConsensusMessage ByteCount = 2635764:12963
-- Checkpoint is in position 37529
--- Measurements after 334000 ops (1000 samples) ---
Throughput = 827.1299 operations/sec (Maximum observed: 9090.909 ops/sec)
Total latency = 3.569268981518E7 (+/- 0) us 
Consensus latency = 4470.008877 (+/- 2036) us 
Pre-consensus latency = 0.0 (+/- 0) us 
Pos-consensus latency = 3.5690356593752995E7 (+/- 0) us 
Propose latency = 3334.004731 (+/- 1909) us 
Write latency = 444.87714500000004 (+/- 458) us 
Accept latency = 691.1270010000001 (+/- 396) us 
Batch average size = 37530.0 (+/- 0) requests
LCMessage ByteCount = 2786:14
TOMMessage ByteCount = 259089094:623518
StandardSMMessage ByteCount = 10398:19
ConsensusMessage ByteCount = 2635764:12963
--- Measurements after 335000 ops (1000 samples) ---
Throughput = 6493.5063 operations/sec (Maximum observed: 9090.909 ops/sec)
Total latency = 3.6327437225618E7 (+/- 0) us 
Consensus latency = 13112.978737 (+/- 18516) us 
Pre-consensus latency = 0.0 (+/- 0) us 
Pos-consensus latency = 3.6316982147836E7 (+/- 0) us 
Propose latency = 10665.329854 (+/- 18419) us 
Write latency = 281.247656 (+/- 262) us 
Accept latency = 2166.401227 (+/- 2369) us 
Batch average size = NaN (+/- 0) requests
LCMessage ByteCount = 2786:14
TOMMessage ByteCount = 260999606:625070
StandardSMMessage ByteCount = 10398:19
ConsensusMessage ByteCount = 2635764:12963
--- Measurements after 336000 ops (1000 samples) ---
Throughput = 6493.5063 operations/sec (Maximum observed: 9090.909 ops/sec)
Total latency = 3.6419287820612E7 (+/- 0) us 
Consensus latency = 3244.365421 (+/- 1205) us 
Pre-consensus latency = 0.0 (+/- 0) us 
Pos-consensus latency = 3.6417691046595E7 (+/- 0) us 
Propose latency = 2106.155592 (+/- 785) us 
Write latency = 108.54562399999999 (+/- 53) us 
Accept latency = 1029.664205 (+/- 1113) us 
Batch average size = NaN (+/- 0) requests
LCMessage ByteCount = 2786:14
TOMMessage ByteCount = 262743933:626487
StandardSMMessage ByteCount = 10398:19
ConsensusMessage ByteCount = 2635764:12963
--- Measurements after 337000 ops (1000 samples) ---
Throughput = 6024.096 operations/sec (Maximum observed: 9090.909 ops/sec)
Total latency = 3.6557621377045E7 (+/- 0) us 
Consensus latency = 2572.412935 (+/- 895) us 
Pre-consensus latency = 0.0 (+/- 0) us 
Pos-consensus latency = 3.6556284821440004E7 (+/- 0) us 
Propose latency = 1478.8479180000002 (+/- 240) us 
Write latency = 311.774492 (+/- 514) us 
Accept latency = 781.790525 (+/- 373) us 
Batch average size = NaN (+/- 0) requests
LCMessage ByteCount = 2786:14
TOMMessage ByteCount = 264350388:627792
StandardSMMessage ByteCount = 10398:19
ConsensusMessage ByteCount = 2635764:12963
--- Measurements after 338000 ops (1000 samples) ---
Throughput = 6493.5063 operations/sec (Maximum observed: 9090.909 ops/sec)
Total latency = 3.667085487693E7 (+/- 0) us 
Consensus latency = 4573.864295 (+/- 247) us 
Pre-consensus latency = 0.0 (+/- 0) us 
Pos-consensus latency = 3.66672965184E7 (+/- 0) us 
Propose latency = 1269.675627 (+/- 219) us 
Write latency = 1653.729818 (+/- 226) us 
Accept latency = 1650.45885 (+/- 152) us 
Batch average size = NaN (+/- 0) requests
LCMessage ByteCount = 2786:14
TOMMessage ByteCount = 265884214:629038
StandardSMMessage ByteCount = 10398:19
ConsensusMessage ByteCount = 2635764:12963
--- Measurements after 339000 ops (1000 samples) ---
Throughput = 5882.353 operations/sec (Maximum observed: 9090.909 ops/sec)
Total latency = 3.6774939418249E7 (+/- 0) us 
Consensus latency = 7949.868298 (+/- 6309) us 
Pre-consensus latency = 0.0 (+/- 0) us 
Pos-consensus latency = 3.6769337772377E7 (+/- 0) us 
Propose latency = 5558.594014 (+/- 6700) us 
Write latency = 820.030409 (+/- 465) us 
Accept latency = 1571.243875 (+/- 117) us 
Batch average size = NaN (+/- 0) requests
LCMessage ByteCount = 2786:14
TOMMessage ByteCount = 267265396:630160
StandardSMMessage ByteCount = 10398:19
ConsensusMessage ByteCount = 2635764:12963
--- Measurements after 340000 ops (1000 samples) ---
Throughput = 6666.6665 operations/sec (Maximum observed: 9090.909 ops/sec)
Total latency = 3.6874558295702E7 (+/- 0) us 
Consensus latency = 4538.110235 (+/- 2963) us 
Pre-consensus latency = 0.0 (+/- 0) us 
Pos-consensus latency = 3.6872185056994006E7 (+/- 0) us 
Propose latency = 2957.328196 (+/- 2920) us 
Write latency = 179.988889 (+/- 162) us 
Accept latency = 1400.79315 (+/- 325) us 
Batch average size = NaN (+/- 0) requests
LCMessage ByteCount = 2786:14
TOMMessage ByteCount = 268560408:631212
StandardSMMessage ByteCount = 10398:19
ConsensusMessage ByteCount = 2635764:12963
--- Measurements after 341000 ops (1000 samples) ---
Throughput = 6756.757 operations/sec (Maximum observed: 9090.909 ops/sec)
Total latency = 3.6972869310816005E7 (+/- 0) us 
Consensus latency = 4547.417569 (+/- 162) us 
Pre-consensus latency = 0.0 (+/- 0) us 
Pos-consensus latency = 3.6970361625702E7 (+/- 0) us 
Propose latency = 2281.0704589999996 (+/- 157) us 
Write latency = 685.761526 (+/- 256) us 
Accept latency = 1580.585584 (+/- 244) us 
Batch average size = NaN (+/- 0) requests
LCMessage ByteCount = 2786:14
TOMMessage ByteCount = 269788946:632210
StandardSMMessage ByteCount = 10398:19
ConsensusMessage ByteCount = 2635764:12963
--- Measurements after 342000 ops (1000 samples) ---
Throughput = 5952.381 operations/sec (Maximum observed: 9090.909 ops/sec)
Total latency = 3.7073019248592004E7 (+/- 0) us 
Consensus latency = 4540.215194 (+/- 369) us 
Pre-consensus latency = 0.0 (+/- 0) us 
Pos-consensus latency = 3.7070558836236E7 (+/- 0) us 
Propose latency = 2311.49602 (+/- 249) us 
Write latency = 755.689792 (+/- 331) us 
Accept latency = 1473.029382 (+/- 170) us 
Batch average size = NaN (+/- 0) requests
LCMessage ByteCount = 2786:14
TOMMessage ByteCount = 271029794:633218
StandardSMMessage ByteCount = 10398:19
ConsensusMessage ByteCount = 2635764:12963
--- Measurements after 343000 ops (1000 samples) ---
Throughput = 6097.561 operations/sec (Maximum observed: 9090.909 ops/sec)
Total latency = 3.717744125776E7 (+/- 0) us 
Consensus latency = 6848.62537 (+/- 2443) us 
Pre-consensus latency = 0.0 (+/- 0) us 
Pos-consensus latency = 3.7174066563872E7 (+/- 0) us 
Propose latency = 4664.569729000001 (+/- 2466) us 
Write latency = 416.529789 (+/- 314) us 
Accept latency = 1767.525852 (+/- 259) us 
Batch average size = NaN (+/- 0) requests
LCMessage ByteCount = 2786:14
TOMMessage ByteCount = 272292800:634244
StandardSMMessage ByteCount = 10398:19
ConsensusMessage ByteCount = 2635764:12963
--- Measurements after 344000 ops (1000 samples) ---
Throughput = 6097.561 operations/sec (Maximum observed: 9090.909 ops/sec)
Total latency = 3.7288494958495006E7 (+/- 0) us 
Consensus latency = 5963.494528 (+/- 499) us 
Pre-consensus latency = 0.0 (+/- 0) us 
Pos-consensus latency = 3.728615877110399E7 (+/- 0) us 
Propose latency = 3841.860438 (+/- 480) us 
Write latency = 180.922287 (+/- 173) us 
Accept latency = 1940.7118030000001 (+/- 304) us 
Batch average size = NaN (+/- 0) requests
LCMessage ByteCount = 2786:14
TOMMessage ByteCount = 273504104:635228
StandardSMMessage ByteCount = 10398:19
ConsensusMessage ByteCount = 2635764:12963
--- Measurements after 345000 ops (1000 samples) ---
Throughput = 5649.7173 operations/sec (Maximum observed: 9090.909 ops/sec)
Total latency = 3.7402530289139E7 (+/- 0) us 
Consensus latency = 5698.478583 (+/- 229) us 
Pre-consensus latency = 0.0 (+/- 0) us 
Pos-consensus latency = 3.7399832573460996E7 (+/- 0) us 
Propose latency = 3249.429955 (+/- 263) us 
Write latency = 134.499182 (+/- 23) us 
Accept latency = 2314.549446 (+/- 101) us 
Batch average size = NaN (+/- 0) requests
LCMessage ByteCount = 2786:14
TOMMessage ByteCount = 274620621:636135
StandardSMMessage ByteCount = 10398:19
ConsensusMessage ByteCount = 2635764:12963
--- Measurements after 346000 ops (1000 samples) ---
Throughput = 6711.409 operations/sec (Maximum observed: 9090.909 ops/sec)
Total latency = 3.7513588770696E7 (+/- 0) us 
Consensus latency = 5710.268034 (+/- 280) us 
Pre-consensus latency = 0.0 (+/- 0) us 
Pos-consensus latency = 3.7510797088944E7 (+/- 0) us 
Propose latency = 3267.045956 (+/- 281) us 
Write latency = 133.72915799999998 (+/- 38) us 
Accept latency = 2309.49292 (+/- 104) us 
Batch average size = NaN (+/- 0) requests
LCMessage ByteCount = 2786:14
TOMMessage ByteCount = 275621424:636948
StandardSMMessage ByteCount = 10398:19
ConsensusMessage ByteCount = 2635764:12963
--- Measurements after 347000 ops (1000 samples) ---
Throughput = 6756.757 operations/sec (Maximum observed: 9090.909 ops/sec)
Total latency = 3.7604579347765E7 (+/- 0) us 
Consensus latency = 6181.175399000001 (+/- 1008) us 
Pre-consensus latency = 0.0 (+/- 0) us 
Pos-consensus latency = 3.7601854781783E7 (+/- 0) us 
Propose latency = 3818.576383 (+/- 1060) us 
Write latency = 191.044056 (+/- 108) us 
Accept latency = 2171.55496 (+/- 167) us 
Batch average size = NaN (+/- 0) requests
LCMessage ByteCount = 2786:14
TOMMessage ByteCount = 276600069:637743
StandardSMMessage ByteCount = 10398:19
ConsensusMessage ByteCount = 2635764:12963
--- Measurements after 348000 ops (1000 samples) ---
Throughput = 5405.4053 operations/sec (Maximum observed: 9090.909 ops/sec)
Total latency = 3.7702318019373E7 (+/- 0) us 
Consensus latency = 6308.448381 (+/- 728) us 
Pre-consensus latency = 0.0 (+/- 0) us 
Pos-consensus latency = 3.7699624189881E7 (+/- 0) us 
Propose latency = 3987.880302 (+/- 763) us 
Write latency = 140.557156 (+/- 15) us 
Accept latency = 2180.010923 (+/- 126) us 
Batch average size = NaN (+/- 0) requests
LCMessage ByteCount = 2786:14
TOMMessage ByteCount = 278732161:639475
StandardSMMessage ByteCount = 10398:19
ConsensusMessage ByteCount = 2635764:12963
--- Measurements after 349000 ops (1000 samples) ---
Throughput = 5464.481 operations/sec (Maximum observed: 9090.909 ops/sec)
Total latency = 3.7849607756785005E7 (+/- 0) us 
Consensus latency = 5740.397207999999 (+/- 414) us 
Pre-consensus latency = 0.0 (+/- 0) us 
Pos-consensus latency = 3.7846920325341E7 (+/- 0) us 
Propose latency = 3381.412765 (+/- 404) us 
Write latency = 154.01468400000002 (+/- 10) us 
Accept latency = 2204.969759 (+/- 94) us 
Batch average size = NaN (+/- 0) requests
LCMessage ByteCount = 2786:14
TOMMessage ByteCount = 281034131:641345
StandardSMMessage ByteCount = 10398:19
ConsensusMessage ByteCount = 2635764:12963
--- Measurements after 350000 ops (1000 samples) ---
Throughput = 4878.049 operations/sec (Maximum observed: 9090.909 ops/sec)
Total latency = 3.7975367600123E7 (+/- 0) us 
Consensus latency = 5455.891927000001 (+/- 286) us 
Pre-consensus latency = 0.0 (+/- 0) us 
Pos-consensus latency = 3.7972671172681E7 (+/- 0) us 
Propose latency = 3058.267528 (+/- 188) us 
Write latency = 153.564242 (+/- 9) us 
Accept latency = 2244.0601570000003 (+/- 133) us 
Batch average size = NaN (+/- 0) requests
LCMessage ByteCount = 2786:14
TOMMessage ByteCount = 283634003:643457
StandardSMMessage ByteCount = 10398:19
ConsensusMessage ByteCount = 2635764:12963
--- Measurements after 351000 ops (1000 samples) ---
Throughput = 4464.2856 operations/sec (Maximum observed: 9090.909 ops/sec)
Total latency = 3.8136938367941E7 (+/- 0) us 
Consensus latency = 5859.748713999999 (+/- 558) us 
Pre-consensus latency = 0.0 (+/- 0) us 
Pos-consensus latency = 3.8134153404046E7 (+/- 0) us 
Propose latency = 3451.962117 (+/- 601) us 
Write latency = 243.516994 (+/- 177) us 
Accept latency = 2164.269603 (+/- 250) us 
Batch average size = NaN (+/- 0) requests
LCMessage ByteCount = 2786:14
TOMMessage ByteCount = 285983982:645366
StandardSMMessage ByteCount = 10398:19
ConsensusMessage ByteCount = 2635764:12963
--- Measurements after 352000 ops (1000 samples) ---
Throughput = 4716.981 operations/sec (Maximum observed: 9090.909 ops/sec)
Total latency = 3.8297215948816E7 (+/- 0) us 
Consensus latency = 6151.457404 (+/- 476) us 
Pre-consensus latency = 0.0 (+/- 0) us 
Pos-consensus latency = 3.8294441170874E7 (+/- 0) us 
Propose latency = 3703.4653369999996 (+/- 532) us 
Write latency = 154.75611999999998 (+/- 16) us 
Accept latency = 2293.235947 (+/- 100) us 
Batch average size = NaN (+/- 0) requests
LCMessage ByteCount = 2786:14
TOMMessage ByteCount = 288172700:647144
StandardSMMessage ByteCount = 10398:19
ConsensusMessage ByteCount = 2635764:12963
--- Measurements after 353000 ops (1000 samples) ---
Throughput = 5405.4053 operations/sec (Maximum observed: 9090.909 ops/sec)
Total latency = 3.8441469789024E7 (+/- 0) us 
Consensus latency = 6536.602594999999 (+/- 421) us 
Pre-consensus latency = 0.0 (+/- 0) us 
Pos-consensus latency = 3.8438676857625E7 (+/- 0) us 
Propose latency = 4058.270214 (+/- 420) us 
Write latency = 147.25313500000001 (+/- 12) us 
Accept latency = 2331.079246 (+/- 153) us 
Batch average size = NaN (+/- 0) requests
LCMessage ByteCount = 2786:14
TOMMessage ByteCount = 289717605:648399
StandardSMMessage ByteCount = 10398:19
ConsensusMessage ByteCount = 2635764:12963
--- Measurements after 354000 ops (1000 samples) ---
Throughput = 5050.505 operations/sec (Maximum observed: 9090.909 ops/sec)
Total latency = 3.8580426098344E7 (+/- 0) us 
Consensus latency = 6498.488869 (+/- 532) us 
Pre-consensus latency = 0.0 (+/- 0) us 
Pos-consensus latency = 3.8577575637587994E7 (+/- 0) us 
Propose latency = 4024.70897 (+/- 530) us 
Write latency = 135.428449 (+/- 21) us 
Accept latency = 2338.35145 (+/- 49) us 
Batch average size = NaN (+/- 0) requests
LCMessage ByteCount = 2786:14
TOMMessage ByteCount = 291437312:649796
StandardSMMessage ByteCount = 10398:19
ConsensusMessage ByteCount = 2635764:12963
--- Measurements after 355000 ops (1000 samples) ---
Throughput = 3846.1538 operations/sec (Maximum observed: 9090.909 ops/sec)
Total latency = 3.8753323696511E7 (+/- 0) us 
Consensus latency = 6140.063265 (+/- 946) us 
Pre-consensus latency = 0.0 (+/- 0) us 
Pos-consensus latency = 3.8750636426751E7 (+/- 0) us 
Propose latency = 3755.361184 (+/- 971) us 
Write latency = 132.593366 (+/- 18) us 
Accept latency = 2252.108715 (+/- 96) us 
Batch average size = NaN (+/- 0) requests
LCMessage ByteCount = 2786:14
TOMMessage ByteCount = 293454921:651435
StandardSMMessage ByteCount = 10398:19
ConsensusMessage ByteCount = 2635764:12963
--- Measurements after 356000 ops (1000 samples) ---
Throughput = 5128.205 operations/sec (Maximum observed: 9090.909 ops/sec)
Total latency = 3.8922194314388E7 (+/- 0) us 
Consensus latency = 5560.806965 (+/- 351) us 
Pre-consensus latency = 0.0 (+/- 0) us 
Pos-consensus latency = 3.8919523502311E7 (+/- 0) us 
Propose latency = 3202.3252 (+/- 467) us 
Write latency = 318.400261 (+/- 336) us 
Accept latency = 2040.081504 (+/- 403) us 
Batch average size = NaN (+/- 0) requests
LCMessage ByteCount = 2786:14
TOMMessage ByteCount = 294966589:652663
StandardSMMessage ByteCount = 10398:19
ConsensusMessage ByteCount = 2635764:12963
--- Measurements after 357000 ops (1000 samples) ---
Throughput = 5649.7173 operations/sec (Maximum observed: 9090.909 ops/sec)
Total latency = 3.9054481195407994E7 (+/- 0) us 
Consensus latency = 4996.007208999999 (+/- 2107) us 
Pre-consensus latency = 0.0 (+/- 0) us 
Pos-consensus latency = 3.9051768202683E7 (+/- 0) us 
Propose latency = 2685.985049 (+/- 2067) us 
Write latency = 764.7844150000001 (+/- 110) us 
Accept latency = 1545.2377450000001 (+/- 309) us 
Batch average size = NaN (+/- 0) requests
LCMessage ByteCount = 2786:14
TOMMessage ByteCount = 296273911:653725
StandardSMMessage ByteCount = 10398:19
ConsensusMessage ByteCount = 2635764:12963
--- Measurements after 358000 ops (1000 samples) ---
Throughput = 4784.689 operations/sec (Maximum observed: 9090.909 ops/sec)
Total latency = 3.9178070464398004E7 (+/- 0) us 
Consensus latency = 9959.230579 (+/- 3682) us 
Pre-consensus latency = 0.0 (+/- 0) us 
Pos-consensus latency = 3.917266160352E7 (+/- 0) us 
Propose latency = 5262.292335 (+/- 1617) us 
Write latency = 952.671425 (+/- 984) us 
Accept latency = 3744.266819 (+/- 4215) us 
Batch average size = NaN (+/- 0) requests
LCMessage ByteCount = 2786:14
TOMMessage ByteCount = 297610777:654811
StandardSMMessage ByteCount = 10398:19
ConsensusMessage ByteCount = 2635764:12963
--- Measurements after 359000 ops (1000 samples) ---
Throughput = 5347.5938 operations/sec (Maximum observed: 9090.909 ops/sec)
Total latency = 3.9322935658391E7 (+/- 0) us 
Consensus latency = 6366.541957 (+/- 1799) us 
Pre-consensus latency = 0.0 (+/- 0) us 
Pos-consensus latency = 3.9319248332564004E7 (+/- 0) us 
Propose latency = 3078.471156 (+/- 560) us 
Write latency = 1645.515933 (+/- 1785) us 
Accept latency = 1642.554868 (+/- 327) us 
Batch average size = NaN (+/- 0) requests
LCMessage ByteCount = 2786:14
TOMMessage ByteCount = 298871321:655835
StandardSMMessage ByteCount = 10398:19
ConsensusMessage ByteCount = 2635764:12963
--- Measurements after 360000 ops (1000 samples) ---
Throughput = 5494.5054 operations/sec (Maximum observed: 9090.909 ops/sec)
Total latency = 3.9446791101087E7 (+/- 0) us 
Consensus latency = 4379.628484 (+/- 335) us 
Pre-consensus latency = 0.0 (+/- 0) us 
Pos-consensus latency = 3.9444218050318E7 (+/- 0) us 
Propose latency = 2064.865209 (+/- 387) us 
Write latency = 786.263984 (+/- 334) us 
Accept latency = 1528.4992909999999 (+/- 248) us 
Batch average size = NaN (+/- 0) requests
LCMessage ByteCount = 2786:14
TOMMessage ByteCount = 299847504:656628
StandardSMMessage ByteCount = 10398:19
ConsensusMessage ByteCount = 2635764:12963
--- Measurements after 361000 ops (1000 samples) ---
Throughput = 6666.6665 operations/sec (Maximum observed: 9090.909 ops/sec)
Total latency = 3.9550272253424E7 (+/- 0) us 
Consensus latency = 4161.2504739999995 (+/- 439) us 
Pre-consensus latency = 0.0 (+/- 0) us 
Pos-consensus latency = 3.9548099746015E7 (+/- 0) us 
Propose latency = 2261.181151 (+/- 176) us 
Write latency = 376.64446100000004 (+/- 410) us 
Accept latency = 1523.424862 (+/- 116) us 
Batch average size = NaN (+/- 0) requests
LCMessage ByteCount = 2786:14
TOMMessage ByteCount = 299864738:656642
StandardSMMessage ByteCount = 10398:19
ConsensusMessage ByteCount = 2635764:12963
--- Measurements after 362000 ops (1000 samples) ---
Throughput = 6622.5166 operations/sec (Maximum observed: 9090.909 ops/sec)
Total latency = 3.9644439289916E7 (+/- 0) us 
Consensus latency = 4365.463974 (+/- 462) us 
Pre-consensus latency = 0.0 (+/- 0) us 
Pos-consensus latency = 3.9642103188659E7 (+/- 0) us 
Propose latency = 2316.277916 (+/- 197) us 
Write latency = 428.742506 (+/- 325) us 
Accept latency = 1620.443552 (+/- 167) us 
Batch average size = NaN (+/- 0) requests
LCMessage ByteCount = 2786:14
TOMMessage ByteCount = 299865969:656643
StandardSMMessage ByteCount = 10398:19
ConsensusMessage ByteCount = 2635764:12963
--- Measurements after 363000 ops (1000 samples) ---
Throughput = 5319.149 operations/sec (Maximum observed: 9090.909 ops/sec)
Total latency = 3.9759637257299006E7 (+/- 0) us 
Consensus latency = 4888.274209 (+/- 593) us 
Pre-consensus latency = 0.0 (+/- 0) us 
Pos-consensus latency = 3.9757254162125E7 (+/- 0) us 
Propose latency = 2872.066332 (+/- 563) us 
Write latency = 591.217684 (+/- 365) us 
Accept latency = 1424.9901929999999 (+/- 248) us 
Batch average size = NaN (+/- 0) requests
LCMessage ByteCount = 2786:14
TOMMessage ByteCount = 299873355:656649
StandardSMMessage ByteCount = 10398:19
ConsensusMessage ByteCount = 2635764:12963
--- Measurements after 364000 ops (1000 samples) ---
Throughput = 5617.9775 operations/sec (Maximum observed: 9090.909 ops/sec)
Total latency = 3.9880004931571E7 (+/- 0) us 
Consensus latency = 4618.0636859999995 (+/- 167) us 
Pre-consensus latency = 0.0 (+/- 0) us 
Pos-consensus latency = 3.9877442983902E7 (+/- 0) us 
Propose latency = 2343.653127 (+/- 107) us 
Write latency = 575.191195 (+/- 172) us 
Accept latency = 1699.219364 (+/- 138) us 
Batch average size = NaN (+/- 0) requests
LCMessage ByteCount = 2786:14
TOMMessage ByteCount = 299878279:656653
StandardSMMessage ByteCount = 10398:19
ConsensusMessage ByteCount = 2635764:12963
--- Measurements after 365000 ops (1000 samples) ---
Throughput = 6535.9478 operations/sec (Maximum observed: 9090.909 ops/sec)
Total latency = 3.9994546921366E7 (+/- 0) us 
Consensus latency = 4883.222722 (+/- 689) us 
Pre-consensus latency = 0.0 (+/- 0) us 
Pos-consensus latency = 3.9991758769254E7 (+/- 0) us 
Propose latency = 2378.824834 (+/- 221) us 
Write latency = 991.377166 (+/- 647) us 
Accept latency = 1513.020722 (+/- 250) us 
Batch average size = NaN (+/- 0) requests
LCMessage ByteCount = 2786:14
TOMMessage ByteCount = 299886896:656660
StandardSMMessage ByteCount = 10398:19
ConsensusMessage ByteCount = 2635764:12963
--- Measurements after 366000 ops (1000 samples) ---
Throughput = 6578.9473 operations/sec (Maximum observed: 9090.909 ops/sec)
Total latency = 4.0089753746506E7 (+/- 0) us 
Consensus latency = 4710.684626 (+/- 342) us 
Pre-consensus latency = 0.0 (+/- 0) us 
Pos-consensus latency = 4.0087250154371E7 (+/- 0) us 
Propose latency = 2522.9547570000004 (+/- 290) us 
Write latency = 737.3306269999999 (+/- 216) us 
Accept latency = 1450.3992420000002 (+/- 119) us 
Batch average size = NaN (+/- 0) requests
LCMessage ByteCount = 2786:14
TOMMessage ByteCount = 299886896:656660
StandardSMMessage ByteCount = 10398:19
ConsensusMessage ByteCount = 2635764:12963
--- Measurements after 367000 ops (1000 samples) ---
Throughput = 6711.409 operations/sec (Maximum observed: 9090.909 ops/sec)
Total latency = 4.0180599795108005E7 (+/- 0) us 
Consensus latency = 6434.63326 (+/- 1118) us 
Pre-consensus latency = 0.0 (+/- 0) us 
Pos-consensus latency = 4.0177779110861E7 (+/- 0) us 
Propose latency = 4016.582173 (+/- 963) us 
Write latency = 940.3037240000001 (+/- 257) us 
Accept latency = 1477.747363 (+/- 101) us 
Batch average size = NaN (+/- 0) requests
LCMessage ByteCount = 2786:14
TOMMessage ByteCount = 299886896:656660
StandardSMMessage ByteCount = 10398:19
ConsensusMessage ByteCount = 2635764:12963
--- Measurements after 368000 ops (1000 samples) ---
Throughput = 5917.1597 operations/sec (Maximum observed: 9090.909 ops/sec)
Total latency = 4.0293530489913E7 (+/- 0) us 
Consensus latency = 5055.645824 (+/- 114) us 
Pre-consensus latency = 0.0 (+/- 0) us 
Pos-consensus latency = 4.0290714754206E7 (+/- 0) us 
Propose latency = 2554.124967 (+/- 127) us 
Write latency = 710.84364 (+/- 129) us 
Accept latency = 1790.677217 (+/- 85) us 
Batch average size = NaN (+/- 0) requests
LCMessage ByteCount = 2786:14
TOMMessage ByteCount = 299886896:656660
StandardSMMessage ByteCount = 10398:19
ConsensusMessage ByteCount = 2635764:12963
--- Measurements after 369000 ops (1000 samples) ---
Throughput = 6666.6665 operations/sec (Maximum observed: 9090.909 ops/sec)
Total latency = 4.0388187329467006E7 (+/- 0) us 
Consensus latency = 5941.260329 (+/- 1919) us 
Pre-consensus latency = 0.0 (+/- 0) us 
Pos-consensus latency = 4.0384701766634E7 (+/- 0) us 
Propose latency = 2823.454913 (+/- 451) us 
Write latency = 594.749491 (+/- 331) us 
Accept latency = 2523.0559249999997 (+/- 1849) us 
Batch average size = NaN (+/- 0) requests
LCMessage ByteCount = 2786:14
TOMMessage ByteCount = 299886896:656660
StandardSMMessage ByteCount = 10398:19
ConsensusMessage ByteCount = 2635764:12963
--- Measurements after 370000 ops (1000 samples) ---
Throughput = 6711.409 operations/sec (Maximum observed: 9090.909 ops/sec)
Total latency = 4.048344081583E7 (+/- 0) us 
Consensus latency = 5920.447901 (+/- 157) us 
Pre-consensus latency = 0.0 (+/- 0) us 
Pos-consensus latency = 4.0480030146699995E7 (+/- 0) us 
Propose latency = 2831.0369530000003 (+/- 188) us 
Write latency = 994.060476 (+/- 252) us 
Accept latency = 2095.350472 (+/- 272) us 
Batch average size = NaN (+/- 0) requests
LCMessage ByteCount = 2786:14
TOMMessage ByteCount = 299886896:656660
StandardSMMessage ByteCount = 10398:19
ConsensusMessage ByteCount = 2635764:12963
--- Measurements after 371000 ops (1000 samples) ---
Throughput = 6711.409 operations/sec (Maximum observed: 9090.909 ops/sec)
Total latency = 4.0577819884596E7 (+/- 0) us 
Consensus latency = 5253.804119 (+/- 275) us 
Pre-consensus latency = 0.0 (+/- 0) us 
Pos-consensus latency = 4.0575106873941004E7 (+/- 0) us 
Propose latency = 2899.383817 (+/- 136) us 
Write latency = 732.238631 (+/- 243) us 
Accept latency = 1622.181671 (+/- 214) us 
Batch average size = NaN (+/- 0) requests
LCMessage ByteCount = 2786:14
TOMMessage ByteCount = 299886896:656660
StandardSMMessage ByteCount = 10398:19
ConsensusMessage ByteCount = 2635764:12963
-- Performing checkpoint for consensus 3071
--- Measurements after 372000 ops (1000 samples) ---
Throughput = 4716.981 operations/sec (Maximum observed: 9090.909 ops/sec)
Total latency = 4.0740820047796994E7 (+/- 0) us 
Consensus latency = 4588.024774 (+/- 299) us 
Pre-consensus latency = 0.0 (+/- 0) us 
Pos-consensus latency = 4.0738314231694E7 (+/- 0) us 
Propose latency = 2364.825229 (+/- 290) us 
Write latency = 741.841287 (+/- 127) us 
Accept latency = 1481.358258 (+/- 174) us 
Batch average size = 128950.0 (+/- 0) requests
LCMessage ByteCount = 2786:14
TOMMessage ByteCount = 299886896:656660
StandardSMMessage ByteCount = 10398:19
ConsensusMessage ByteCount = 2635764:12963
--- Measurements after 373000 ops (1000 samples) ---
Throughput = 8130.0815 operations/sec (Maximum observed: 9090.909 ops/sec)
Total latency = 4.0815590104208E7 (+/- 0) us 
Consensus latency = 4593.862389999999 (+/- 293) us 
Pre-consensus latency = 0.0 (+/- 0) us 
Pos-consensus latency = 4.0813112099103995E7 (+/- 0) us 
Propose latency = 2430.871842 (+/- 113) us 
Write latency = 650.978429 (+/- 146) us 
Accept latency = 1512.012119 (+/- 222) us 
Batch average size = NaN (+/- 0) requests
LCMessage ByteCount = 2786:14
TOMMessage ByteCount = 299886896:656660
StandardSMMessage ByteCount = 10398:19
ConsensusMessage ByteCount = 2635764:12963
--- Measurements after 374000 ops (1000 samples) ---
Throughput = 8064.516 operations/sec (Maximum observed: 9090.909 ops/sec)
Total latency = 4.0884453130241E7 (+/- 0) us 
Consensus latency = 4654.119865000001 (+/- 236) us 
Pre-consensus latency = 0.0 (+/- 0) us 
Pos-consensus latency = 4.0881949083621E7 (+/- 0) us 
Propose latency = 2472.512071 (+/- 172) us 
Write latency = 636.881655 (+/- 233) us 
Accept latency = 1544.7261389999999 (+/- 130) us 
Batch average size = NaN (+/- 0) requests
LCMessage ByteCount = 2786:14
TOMMessage ByteCount = 299886896:656660
StandardSMMessage ByteCount = 10398:19
ConsensusMessage ByteCount = 2635764:12963
--- Measurements after 375000 ops (1000 samples) ---
Throughput = 8000.0 operations/sec (Maximum observed: 9090.909 ops/sec)
Total latency = 4.0948869717431E7 (+/- 0) us 
Consensus latency = 5069.439633 (+/- 1080) us 
Pre-consensus latency = 0.0 (+/- 0) us 
Pos-consensus latency = 4.0946292043988995E7 (+/- 0) us 
Propose latency = 2822.544116 (+/- 982) us 
Write latency = 695.316146 (+/- 195) us 
Accept latency = 1551.579371 (+/- 171) us 
Batch average size = NaN (+/- 0) requests
LCMessage ByteCount = 2786:14
TOMMessage ByteCount = 299886896:656660
StandardSMMessage ByteCount = 10398:19
ConsensusMessage ByteCount = 2635764:12963
--- Measurements after 376000 ops (1000 samples) ---
Throughput = 8333.333 operations/sec (Maximum observed: 9090.909 ops/sec)
Total latency = 4.1015025634463E7 (+/- 0) us 
Consensus latency = 6231.855082 (+/- 1618) us 
Pre-consensus latency = 0.0 (+/- 0) us 
Pos-consensus latency = 4.1012123331002E7 (+/- 0) us 
Propose latency = 3761.769589 (+/- 1276) us 
Write latency = 997.916206 (+/- 1111) us 
Accept latency = 1472.169287 (+/- 85) us 
Batch average size = NaN (+/- 0) requests
LCMessage ByteCount = 2786:14
TOMMessage ByteCount = 299886896:656660
StandardSMMessage ByteCount = 10398:19
ConsensusMessage ByteCount = 2635764:12963
--- Measurements after 377000 ops (1000 samples) ---
Throughput = 5076.142 operations/sec (Maximum observed: 9090.909 ops/sec)
Total latency = 4.1137920250999E7 (+/- 0) us 
Consensus latency = 4586.987602 (+/- 245) us 
Pre-consensus latency = 0.0 (+/- 0) us 
Pos-consensus latency = 4.1135318510776E7 (+/- 0) us 
Propose latency = 2276.458945 (+/- 103) us 
Write latency = 766.042586 (+/- 234) us 
Accept latency = 1544.486071 (+/- 282) us 
Batch average size = NaN (+/- 0) requests
LCMessage ByteCount = 2786:14
TOMMessage ByteCount = 300168795:656889
StandardSMMessage ByteCount = 10398:19
ConsensusMessage ByteCount = 2635764:12963
--- Measurements after 378000 ops (1000 samples) ---
Throughput = 6578.9473 operations/sec (Maximum observed: 9090.909 ops/sec)
Total latency = 4.1237905751257E7 (+/- 0) us 
Consensus latency = 4421.297335 (+/- 274) us 
Pre-consensus latency = 0.0 (+/- 0) us 
Pos-consensus latency = 4.1235477803377E7 (+/- 0) us 
Propose latency = 2299.321315 (+/- 162) us 
Write latency = 591.428497 (+/- 213) us 
Accept latency = 1530.547523 (+/- 166) us 
Batch average size = NaN (+/- 0) requests
LCMessage ByteCount = 2786:14
TOMMessage ByteCount = 300326363:657017
StandardSMMessage ByteCount = 10398:19
ConsensusMessage ByteCount = 2635764:12963
--- Measurements after 379000 ops (1000 samples) ---
Throughput = 6493.5063 operations/sec (Maximum observed: 9090.909 ops/sec)
Total latency = 4.1334573960578E7 (+/- 0) us 
Consensus latency = 4541.8877489999995 (+/- 250) us 
Pre-consensus latency = 0.0 (+/- 0) us 
Pos-consensus latency = 4.1332028087875E7 (+/- 0) us 
Propose latency = 2300.153923 (+/- 132) us 
Write latency = 708.901474 (+/- 217) us 
Accept latency = 1532.832352 (+/- 166) us 
Batch average size = NaN (+/- 0) requests
LCMessage ByteCount = 2786:14
TOMMessage ByteCount = 300755982:657366
StandardSMMessage ByteCount = 10398:19
ConsensusMessage ByteCount = 2635764:12963
--- Measurements after 380000 ops (1000 samples) ---
Throughput = 6535.9478 operations/sec (Maximum observed: 9090.909 ops/sec)
Total latency = 4.1429634374606006E7 (+/- 0) us 
Consensus latency = 4800.55111 (+/- 699) us 
Pre-consensus latency = 0.0 (+/- 0) us 
Pos-consensus latency = 4.1426861650316E7 (+/- 0) us 
Propose latency = 2599.8502790000002 (+/- 801) us 
Write latency = 598.1302410000001 (+/- 326) us 
Accept latency = 1602.57059 (+/- 91) us 
Batch average size = NaN (+/- 0) requests
LCMessage ByteCount = 2786:14
TOMMessage ByteCount = 301455190:657934
StandardSMMessage ByteCount = 10398:19
ConsensusMessage ByteCount = 2635764:12963
--- Measurements after 381000 ops (1000 samples) ---
Throughput = 5681.8184 operations/sec (Maximum observed: 9090.909 ops/sec)
Total latency = 4.1535190679501995E7 (+/- 0) us 
Consensus latency = 4666.232484 (+/- 433) us 
Pre-consensus latency = 0.0 (+/- 0) us 
Pos-consensus latency = 4.1532752987984E7 (+/- 0) us 
Propose latency = 2535.0062080000002 (+/- 244) us 
Write latency = 508.066508 (+/- 310) us 
Accept latency = 1623.159768 (+/- 288) us 
Batch average size = NaN (+/- 0) requests
LCMessage ByteCount = 2786:14
TOMMessage ByteCount = 301750630:658174
StandardSMMessage ByteCount = 10398:19
ConsensusMessage ByteCount = 2635764:12963
--- Measurements after 382000 ops (1000 samples) ---
Throughput = 6289.308 operations/sec (Maximum observed: 9090.909 ops/sec)
Total latency = 4.1652792920036E7 (+/- 0) us 
Consensus latency = 4711.303557 (+/- 161) us 
Pre-consensus latency = 0.0 (+/- 0) us 
Pos-consensus latency = 4.1650137535176E7 (+/- 0) us 
Propose latency = 2397.795575 (+/- 263) us 
Write latency = 774.194538 (+/- 304) us 
Accept latency = 1539.313444 (+/- 202) us 
Batch average size = NaN (+/- 0) requests
LCMessage ByteCount = 2786:14
TOMMessage ByteCount = 302016526:658390
StandardSMMessage ByteCount = 10398:19
ConsensusMessage ByteCount = 2635764:12963
--- Measurements after 383000 ops (1000 samples) ---
Throughput = 6410.2563 operations/sec (Maximum observed: 9090.909 ops/sec)
Total latency = 4.1750371208146006E7 (+/- 0) us 
Consensus latency = 5941.654947999999 (+/- 1046) us 
Pre-consensus latency = 0.0 (+/- 0) us 
Pos-consensus latency = 4.1747623849468E7 (+/- 0) us 
Propose latency = 3585.063865 (+/- 965) us 
Write latency = 909.3286879999999 (+/- 158) us 
Accept latency = 1447.262395 (+/- 65) us 
Batch average size = NaN (+/- 0) requests
LCMessage ByteCount = 2786:14
TOMMessage ByteCount = 302548318:658822
StandardSMMessage ByteCount = 10398:19
ConsensusMessage ByteCount = 2635764:12963
--- Measurements after 384000 ops (1000 samples) ---
Throughput = 6451.613 operations/sec (Maximum observed: 9090.909 ops/sec)
Total latency = 4.1855204965845E7 (+/- 0) us 
Consensus latency = 4646.553129 (+/- 133) us 
Pre-consensus latency = 0.0 (+/- 0) us 
Pos-consensus latency = 4.1852583324438006E7 (+/- 0) us 
Propose latency = 2353.5195750000003 (+/- 187) us 
Write latency = 691.725865 (+/- 225) us 
Accept latency = 1601.307689 (+/- 152) us 
Batch average size = NaN (+/- 0) requests
LCMessage ByteCount = 2786:14
TOMMessage ByteCount = 302991478:659182
StandardSMMessage ByteCount = 10398:19
ConsensusMessage ByteCount = 2635764:12963
--- Measurements after 385000 ops (1000 samples) ---
Throughput = 6622.5166 operations/sec (Maximum observed: 9090.909 ops/sec)
Total latency = 4.1952246445608005E7 (+/- 0) us 
Consensus latency = 4686.778585 (+/- 210) us 
Pre-consensus latency = 0.0 (+/- 0) us 
Pos-consensus latency = 4.1949693402633004E7 (+/- 0) us 
Propose latency = 2417.379423 (+/- 133) us 
Write latency = 707.7999840000001 (+/- 136) us 
Accept latency = 1561.5991780000002 (+/- 116) us 
Batch average size = NaN (+/- 0) requests
LCMessage ByteCount = 2786:14
TOMMessage ByteCount = 303354623:659477
StandardSMMessage ByteCount = 10398:19
ConsensusMessage ByteCount = 2635764:12963
--- Measurements after 386000 ops (1000 samples) ---
Throughput = 5076.142 operations/sec (Maximum observed: 9090.909 ops/sec)
Total latency = 4.2053177932939E7 (+/- 0) us 
Consensus latency = 4759.305321999999 (+/- 246) us 
Pre-consensus latency = 0.0 (+/- 0) us 
Pos-consensus latency = 4.2050469185517E7 (+/- 0) us 
Propose latency = 2338.4969690000003 (+/- 82) us 
Write latency = 787.343387 (+/- 172) us 
Accept latency = 1633.464966 (+/- 147) us 
Batch average size = NaN (+/- 0) requests
LCMessage ByteCount = 2786:14
TOMMessage ByteCount = 303411249:659523
StandardSMMessage ByteCount = 10398:19
ConsensusMessage ByteCount = 2635764:12963
--- Measurements after 387000 ops (1000 samples) ---
Throughput = 7812.5 operations/sec (Maximum observed: 9090.909 ops/sec)
Total latency = 4.2177325370176E7 (+/- 0) us 
Consensus latency = 4874.953286 (+/- 266) us 
Pre-consensus latency = 0.0 (+/- 0) us 
Pos-consensus latency = 4.2174620755787E7 (+/- 0) us 
Propose latency = 2509.51284 (+/- 130) us 
Write latency = 838.690957 (+/- 196) us 
Accept latency = 1526.749489 (+/- 158) us 
Batch average size = NaN (+/- 0) requests
LCMessage ByteCount = 2786:14
TOMMessage ByteCount = 303465413:659567
StandardSMMessage ByteCount = 10398:19
ConsensusMessage ByteCount = 2635764:12963
--- Measurements after 388000 ops (1000 samples) ---
Throughput = 7352.9414 operations/sec (Maximum observed: 9090.909 ops/sec)
Total latency = 4.2251694402617E7 (+/- 0) us 
Consensus latency = 4482.602723 (+/- 335) us 
Pre-consensus latency = 0.0 (+/- 0) us 
Pos-consensus latency = 4.2249327187698E7 (+/- 0) us 
Propose latency = 2403.691654 (+/- 157) us 
Write latency = 662.096769 (+/- 305) us 
Accept latency = 1416.8143 (+/- 187) us 
Batch average size = NaN (+/- 0) requests
LCMessage ByteCount = 2786:14
TOMMessage ByteCount = 303641446:659710
StandardSMMessage ByteCount = 10398:19
ConsensusMessage ByteCount = 2635764:12963
--- Measurements after 389000 ops (1000 samples) ---
Throughput = 6849.315 operations/sec (Maximum observed: 9090.909 ops/sec)
Total latency = 4.2338103287556E7 (+/- 0) us 
Consensus latency = 4321.5995 (+/- 319) us 
Pre-consensus latency = 0.0 (+/- 0) us 
Pos-consensus latency = 4.2335746543561995E7 (+/- 0) us 
Propose latency = 2281.099011 (+/- 184) us 
Write latency = 574.095442 (+/- 217) us 
Accept latency = 1466.405047 (+/- 210) us 
Batch average size = NaN (+/- 0) requests
LCMessage ByteCount = 2786:14
TOMMessage ByteCount = 303971354:659978
StandardSMMessage ByteCount = 10398:19
ConsensusMessage ByteCount = 2635764:12963
--- Measurements after 390000 ops (1000 samples) ---
Throughput = 6622.5166 operations/sec (Maximum observed: 9090.909 ops/sec)
Total latency = 4.2429508942255996E7 (+/- 0) us 
Consensus latency = 5358.843082 (+/- 834) us 
Pre-consensus latency = 0.0 (+/- 0) us 
Pos-consensus latency = 4.2427077184682E7 (+/- 0) us 
Propose latency = 3292.82717 (+/- 689) us 
Write latency = 547.582027 (+/- 271) us 
Accept latency = 1518.433885 (+/- 124) us 
Batch average size = NaN (+/- 0) requests
LCMessage ByteCount = 2786:14
TOMMessage ByteCount = 304333268:660272
StandardSMMessage ByteCount = 10398:19
ConsensusMessage ByteCount = 2635764:12963
--- Measurements after 391000 ops (1000 samples) ---
Throughput = 5494.5054 operations/sec (Maximum observed: 9090.909 ops/sec)
Total latency = 4.2535588275899E7 (+/- 0) us 
Consensus latency = 4529.341576999999 (+/- 248) us 
Pre-consensus latency = 0.0 (+/- 0) us 
Pos-consensus latency = 4.2533111808569E7 (+/- 0) us 
Propose latency = 2367.5955400000003 (+/- 135) us 
Write latency = 536.158976 (+/- 197) us 
Accept latency = 1625.587061 (+/- 171) us 
Batch average size = NaN (+/- 0) requests
LCMessage ByteCount = 2786:14
TOMMessage ByteCount = 304557310:660454
StandardSMMessage ByteCount = 10398:19
ConsensusMessage ByteCount = 2635764:12963
--- Measurements after 392000 ops (1000 samples) ---
Throughput = 6535.9478 operations/sec (Maximum observed: 9090.909 ops/sec)
Total latency = 4.2649960785745E7 (+/- 0) us 
Consensus latency = 5943.89286 (+/- 3479) us 
Pre-consensus latency = 0.0 (+/- 0) us 
Pos-consensus latency = 4.2647240709722E7 (+/- 0) us 
Propose latency = 4020.669954 (+/- 3284) us 
Write latency = 317.43197 (+/- 231) us 
Accept latency = 1605.7909359999999 (+/- 176) us 
Batch average size = NaN (+/- 0) requests
LCMessage ByteCount = 2786:14
TOMMessage ByteCount = 304613936:660500
StandardSMMessage ByteCount = 10398:19
ConsensusMessage ByteCount = 2635764:12963
--- Measurements after 393000 ops (1000 samples) ---
Throughput = 6711.409 operations/sec (Maximum observed: 9090.909 ops/sec)
Total latency = 4.2746949473698996E7 (+/- 0) us 
Consensus latency = 4532.092019999999 (+/- 310) us 
Pre-consensus latency = 0.0 (+/- 0) us 
Pos-consensus latency = 4.2744582667231E7 (+/- 0) us 
Propose latency = 2459.514718 (+/- 137) us 
Write latency = 531.5129000000001 (+/- 310) us 
Accept latency = 1541.064402 (+/- 84) us 
Batch average size = NaN (+/- 0) requests
LCMessage ByteCount = 2786:14
TOMMessage ByteCount = 304820744:660668
StandardSMMessage ByteCount = 10398:19
ConsensusMessage ByteCount = 2635764:12963
--- Measurements after 394000 ops (1000 samples) ---
Throughput = 6756.757 operations/sec (Maximum observed: 9090.909 ops/sec)
Total latency = 4.2841328243921995E7 (+/- 0) us 
Consensus latency = 5118.287584 (+/- 1451) us 
Pre-consensus latency = 0.0 (+/- 0) us 
Pos-consensus latency = 4.2838713323073E7 (+/- 0) us 
Propose latency = 2860.180858 (+/- 1158) us 
Write latency = 687.602375 (+/- 341) us 
Accept latency = 1570.504351 (+/- 198) us 
Batch average size = NaN (+/- 0) requests
LCMessage ByteCount = 2786:14
TOMMessage ByteCount = 305444861:661175
StandardSMMessage ByteCount = 10398:19
ConsensusMessage ByteCount = 2635764:12963
--- Measurements after 395000 ops (1000 samples) ---
Throughput = 6756.757 operations/sec (Maximum observed: 9090.909 ops/sec)
Total latency = 4.2926986411515E7 (+/- 0) us 
Consensus latency = 8178.016377 (+/- 1976) us 
Pre-consensus latency = 0.0 (+/- 0) us 
Pos-consensus latency = 4.2923741205375E7 (+/- 0) us 
Propose latency = 5652.08394 (+/- 1588) us 
Write latency = 938.09464 (+/- 660) us 
Accept latency = 1587.837797 (+/- 100) us 
Batch average size = NaN (+/- 0) requests
LCMessage ByteCount = 2786:14
TOMMessage ByteCount = 305954495:661589
StandardSMMessage ByteCount = 10398:19
ConsensusMessage ByteCount = 2635764:12963
--- Measurements after 396000 ops (1000 samples) ---
Throughput = 5714.2856 operations/sec (Maximum observed: 9090.909 ops/sec)
Total latency = 4.3036414041968E7 (+/- 0) us 
Consensus latency = 4574.353754 (+/- 275) us 
Pre-consensus latency = 0.0 (+/- 0) us 
Pos-consensus latency = 4.3033995829973996E7 (+/- 0) us 
Propose latency = 2451.5040529999997 (+/- 173) us 
Write latency = 534.732474 (+/- 213) us 
Accept latency = 1588.117227 (+/- 126) us 
Batch average size = NaN (+/- 0) requests
LCMessage ByteCount = 2786:14
TOMMessage ByteCount = 306662320:662164
StandardSMMessage ByteCount = 10398:19
ConsensusMessage ByteCount = 2635764:12963
--- Measurements after 397000 ops (1000 samples) ---
Throughput = 6250.0 operations/sec (Maximum observed: 9090.909 ops/sec)
Total latency = 4.3159675130262E7 (+/- 0) us 
Consensus latency = 4295.20524 (+/- 358) us 
Pre-consensus latency = 0.0 (+/- 0) us 
Pos-consensus latency = 4.3157333892464995E7 (+/- 0) us 
Propose latency = 2250.072005 (+/- 71) us 
Write latency = 534.137521 (+/- 295) us 
Accept latency = 1510.995714 (+/- 137) us 
Batch average size = NaN (+/- 0) requests
LCMessage ByteCount = 2786:14
TOMMessage ByteCount = 307168261:662575
StandardSMMessage ByteCount = 10398:19
ConsensusMessage ByteCount = 2635764:12963
--- Measurements after 398000 ops (1000 samples) ---
Throughput = 4694.8354 operations/sec (Maximum observed: 9090.909 ops/sec)
Total latency = 4.3276393500438005E7 (+/- 0) us 
Consensus latency = 4811.1385 (+/- 297) us 
Pre-consensus latency = 0.0 (+/- 0) us 
Pos-consensus latency = 4.327366370053399E7 (+/- 0) us 
Propose latency = 2371.353209 (+/- 149) us 
Write latency = 821.850607 (+/- 238) us 
Accept latency = 1617.9346839999998 (+/- 112) us 
Batch average size = NaN (+/- 0) requests
LCMessage ByteCount = 2786:14
TOMMessage ByteCount = 307954870:663214
StandardSMMessage ByteCount = 10398:19
ConsensusMessage ByteCount = 2635764:12963
--- Measurements after 399000 ops (1000 samples) ---
Throughput = 4255.3193 operations/sec (Maximum observed: 9090.909 ops/sec)
Total latency = 4.3433967576357E7 (+/- 0) us 
Consensus latency = 7256.198193 (+/- 2761) us 
Pre-consensus latency = 0.0 (+/- 0) us 
Pos-consensus latency = 4.3430760886697E7 (+/- 0) us 
Propose latency = 4898.866545 (+/- 3398) us 
Write latency = 650.634398 (+/- 592) us 
Accept latency = 1706.69725 (+/- 350) us 
Batch average size = NaN (+/- 0) requests
LCMessage ByteCount = 2786:14
TOMMessage ByteCount = 308559291:663705
StandardSMMessage ByteCount = 10398:19
ConsensusMessage ByteCount = 2635764:12963
--- Measurements after 400000 ops (1000 samples) ---
Throughput = 5076.142 operations/sec (Maximum observed: 9090.909 ops/sec)
Total latency = 4.3561824062989E7 (+/- 0) us 
Consensus latency = 25708.494813 (+/- 7894) us 
Pre-consensus latency = 0.0 (+/- 0) us 
Pos-consensus latency = 4.3550881311516E7 (+/- 0) us 
Propose latency = 19761.387321 (+/- 1733) us 
Write latency = 4434.6930729999995 (+/- 8211) us 
Accept latency = 1512.414419 (+/- 36) us 
Batch average size = NaN (+/- 0) requests
LCMessage ByteCount = 2786:14
TOMMessage ByteCount = 309073849:664123
StandardSMMessage ByteCount = 10398:19
ConsensusMessage ByteCount = 2635764:12963
--- Measurements after 401000 ops (1000 samples) ---
Throughput = 6711.409 operations/sec (Maximum observed: 9090.909 ops/sec)
Total latency = 4.3667820862216E7 (+/- 0) us 
Consensus latency = 44027.237281 (+/- 7890) us 
Pre-consensus latency = 0.0 (+/- 0) us 
Pos-consensus latency = 4.3640190985747E7 (+/- 0) us 
Propose latency = 17914.279658 (+/- 618) us 
Write latency = 24480.23518 (+/- 7322) us 
Accept latency = 1632.7224429999999 (+/- 50) us 
Batch average size = NaN (+/- 0) requests
LCMessage ByteCount = 2786:14
TOMMessage ByteCount = 309428377:664411
StandardSMMessage ByteCount = 10398:19
ConsensusMessage ByteCount = 2635764:12963
--- Measurements after 402000 ops (1000 samples) ---
Throughput = 5780.3467 operations/sec (Maximum observed: 9090.909 ops/sec)
Total latency = 4.3751386380945995E7 (+/- 0) us 
Consensus latency = 25217.029 (+/- 1417) us 
Pre-consensus latency = 0.0 (+/- 0) us 
Pos-consensus latency = 4.3743451638196E7 (+/- 0) us 
Propose latency = 18765.0045 (+/- 4141) us 
Write latency = 4731.492 (+/- 2656) us 
Accept latency = 1720.5325 (+/- 66) us 
Batch average size = NaN (+/- 0) requests
LCMessage ByteCount = 2786:14
TOMMessage ByteCount = 309790291:664705
StandardSMMessage ByteCount = 10398:19
ConsensusMessage ByteCount = 2635764:12963
--- Measurements after 403000 ops (1000 samples) ---
Throughput = 5524.862 operations/sec (Maximum observed: 9090.909 ops/sec)
Total latency = 4.3902898739579E7 (+/- 0) us 
Consensus latency = 24119.92213 (+/- 5614) us 
Pre-consensus latency = 0.0 (+/- 0) us 
Pos-consensus latency = 4.3899306538525E7 (+/- 0) us 
Propose latency = 22405.660264 (+/- 5578) us 
Write latency = 128.972212 (+/- 5) us 
Accept latency = 1585.2896540000002 (+/- 31) us 
Batch average size = NaN (+/- 0) requests
LCMessage ByteCount = 2786:14
TOMMessage ByteCount = 309899850:664794
StandardSMMessage ByteCount = 10398:19
ConsensusMessage ByteCount = 2635764:12963
--- Measurements after 404000 ops (1000 samples) ---
Throughput = 6896.552 operations/sec (Maximum observed: 9090.909 ops/sec)
Total latency = 4.4047744354344E7 (+/- 0) us 
Consensus latency = 11326.712892000001 (+/- 3681) us 
Pre-consensus latency = 0.0 (+/- 0) us 
Pos-consensus latency = 4.4044879542925E7 (+/- 0) us 
Propose latency = 9120.989099 (+/- 4121) us 
Write latency = 706.093039 (+/- 563) us 
Accept latency = 1499.630754 (+/- 59) us 
Batch average size = NaN (+/- 0) requests
LCMessage ByteCount = 2786:14
TOMMessage ByteCount = 309908467:664801
StandardSMMessage ByteCount = 10398:19
ConsensusMessage ByteCount = 2635764:12963
--- Measurements after 405000 ops (1000 samples) ---
Throughput = 8196.722 operations/sec (Maximum observed: 9090.909 ops/sec)
Total latency = 4.4134036569023006E7 (+/- 0) us 
Consensus latency = 4797.848626 (+/- 184) us 
Pre-consensus latency = 0.0 (+/- 0) us 
Pos-consensus latency = 4.4131379995665E7 (+/- 0) us 
Propose latency = 2425.853244 (+/- 167) us 
Write latency = 847.651206 (+/- 120) us 
Accept latency = 1524.344176 (+/- 137) us 
Batch average size = NaN (+/- 0) requests
LCMessage ByteCount = 2786:14
TOMMessage ByteCount = 309919546:664810
StandardSMMessage ByteCount = 10398:19
ConsensusMessage ByteCount = 2635764:12963
--- Measurements after 406000 ops (1000 samples) ---
Throughput = 8196.722 operations/sec (Maximum observed: 9090.909 ops/sec)
Total latency = 4.4202582904807E7 (+/- 0) us 
Consensus latency = 4536.791488 (+/- 195) us 
Pre-consensus latency = 0.0 (+/- 0) us 
Pos-consensus latency = 4.4200062391986E7 (+/- 0) us 
Propose latency = 2297.115011 (+/- 109) us 
Write latency = 832.867922 (+/- 146) us 
Accept latency = 1406.8085549999998 (+/- 187) us 
Batch average size = NaN (+/- 0) requests
LCMessage ByteCount = 2786:14
TOMMessage ByteCount = 309931856:664820
StandardSMMessage ByteCount = 10398:19
ConsensusMessage ByteCount = 2635764:12963
--- Measurements after 407000 ops (1000 samples) ---
Throughput = 8333.333 operations/sec (Maximum observed: 9090.909 ops/sec)
Total latency = 4.4267029108328E7 (+/- 0) us 
Consensus latency = 4603.205264 (+/- 274) us 
Pre-consensus latency = 0.0 (+/- 0) us 
Pos-consensus latency = 4.426440822998001E7 (+/- 0) us 
Propose latency = 2264.194784 (+/- 139) us 
Write latency = 694.039398 (+/- 161) us 
Accept latency = 1644.971082 (+/- 216) us 
Batch average size = NaN (+/- 0) requests
LCMessage ByteCount = 2786:14
TOMMessage ByteCount = 309942935:664829
StandardSMMessage ByteCount = 10398:19
ConsensusMessage ByteCount = 2635764:12963
--- Measurements after 408000 ops (1000 samples) ---
Throughput = 5319.149 operations/sec (Maximum observed: 9090.909 ops/sec)
Total latency = 4.4382273212078005E7 (+/- 0) us 
Consensus latency = 5886.701542000001 (+/- 1498) us 
Pre-consensus latency = 0.0 (+/- 0) us 
Pos-consensus latency = 4.4379551297488E7 (+/- 0) us 
Propose latency = 3551.098438 (+/- 1350) us 
Write latency = 817.816984 (+/- 238) us 
Accept latency = 1517.7861200000002 (+/- 92) us 
Batch average size = NaN (+/- 0) requests
LCMessage ByteCount = 2786:14
TOMMessage ByteCount = 310200214:665038
StandardSMMessage ByteCount = 10398:19
ConsensusMessage ByteCount = 2635764:12963
--- Measurements after 409000 ops (1000 samples) ---
Throughput = 6993.007 operations/sec (Maximum observed: 9090.909 ops/sec)
Total latency = 4.4474533554412E7 (+/- 0) us 
Consensus latency = 4808.381643 (+/- 418) us 
Pre-consensus latency = 0.0 (+/- 0) us 
Pos-consensus latency = 4.4471999572385006E7 (+/- 0) us 
Propose latency = 2566.282004 (+/- 306) us 
Write latency = 687.6668199999999 (+/- 154) us 
Accept latency = 1554.4328189999999 (+/- 209) us 
Batch average size = NaN (+/- 0) requests
LCMessage ByteCount = 2786:14
TOMMessage ByteCount = 310560897:665331
StandardSMMessage ByteCount = 10398:19
ConsensusMessage ByteCount = 2635764:12963
--- Measurements after 410000 ops (1000 samples) ---
Throughput = 7042.2534 operations/sec (Maximum observed: 9090.909 ops/sec)
Total latency = 4.4562451136254E7 (+/- 0) us 
Consensus latency = 4577.20525 (+/- 251) us 
Pre-consensus latency = 0.0 (+/- 0) us 
Pos-consensus latency = 4.4559916186421E7 (+/- 0) us 
Propose latency = 2335.760546 (+/- 114) us 
Write latency = 726.381343 (+/- 154) us 
Accept latency = 1515.063361 (+/- 73) us 
Batch average size = NaN (+/- 0) requests
LCMessage ByteCount = 2786:14
TOMMessage ByteCount = 310931428:665632
StandardSMMessage ByteCount = 10398:19
ConsensusMessage ByteCount = 2635764:12963
--- Measurements after 411000 ops (1000 samples) ---
Throughput = 6849.315 operations/sec (Maximum observed: 9090.909 ops/sec)
Total latency = 4.4652271604119E7 (+/- 0) us 
Consensus latency = 4641.89703 (+/- 219) us 
Pre-consensus latency = 0.0 (+/- 0) us 
Pos-consensus latency = 4.4649808451668E7 (+/- 0) us 
Propose latency = 2461.428854 (+/- 150) us 
Write latency = 703.914297 (+/- 175) us 
Accept latency = 1476.553879 (+/- 132) us 
Batch average size = NaN (+/- 0) requests
LCMessage ByteCount = 2786:14
TOMMessage ByteCount = 311358585:665979
StandardSMMessage ByteCount = 10398:19
ConsensusMessage ByteCount = 2635764:12963
--- Measurements after 412000 ops (1000 samples) ---
Throughput = 5208.3335 operations/sec (Maximum observed: 9090.909 ops/sec)
Total latency = 4.4763135951023005E7 (+/- 0) us 
Consensus latency = 4530.719606 (+/- 309) us 
Pre-consensus latency = 0.0 (+/- 0) us 
Pos-consensus latency = 4.4760713938993E7 (+/- 0) us 
Propose latency = 2384.0719010000003 (+/- 107) us 
Write latency = 649.597441 (+/- 266) us 
Accept latency = 1497.050264 (+/- 139) us 
Batch average size = NaN (+/- 0) requests
LCMessage ByteCount = 2786:14
TOMMessage ByteCount = 311966699:666473
StandardSMMessage ByteCount = 10398:19
ConsensusMessage ByteCount = 2635764:12963
--- Measurements after 413000 ops (1000 samples) ---
Throughput = 6993.007 operations/sec (Maximum observed: 9090.909 ops/sec)
Total latency = 4.4877939230042E7 (+/- 0) us 
Consensus latency = 4591.444381 (+/- 318) us 
Pre-consensus latency = 0.0 (+/- 0) us 
Pos-consensus latency = 4.4875472267218E7 (+/- 0) us 
Propose latency = 2430.121302 (+/- 122) us 
Write latency = 713.496044 (+/- 259) us 
Accept latency = 1447.827035 (+/- 175) us 
Batch average size = NaN (+/- 0) requests
LCMessage ByteCount = 2786:14
TOMMessage ByteCount = 312464023:666877
StandardSMMessage ByteCount = 10398:19
ConsensusMessage ByteCount = 2635764:12963
--- Measurements after 414000 ops (1000 samples) ---
Throughput = 7042.2534 operations/sec (Maximum observed: 9090.909 ops/sec)
Total latency = 4.4959042404303E7 (+/- 0) us 
Consensus latency = 6559.852566 (+/- 1625) us 
Pre-consensus latency = 0.0 (+/- 0) us 
Pos-consensus latency = 4.4956266382942E7 (+/- 0) us 
Propose latency = 4214.073462 (+/- 1573) us 
Write latency = 875.599907 (+/- 364) us 
Accept latency = 1470.179197 (+/- 194) us 
Batch average size = NaN (+/- 0) requests
LCMessage ByteCount = 2786:14
TOMMessage ByteCount = 312898566:667230
StandardSMMessage ByteCount = 10398:19
ConsensusMessage ByteCount = 2635764:12963
--- Measurements after 415000 ops (1000 samples) ---
Throughput = 6849.315 operations/sec (Maximum observed: 9090.909 ops/sec)
Total latency = 4.5048970381533995E7 (+/- 0) us 
Consensus latency = 5627.151699 (+/- 1129) us 
Pre-consensus latency = 0.0 (+/- 0) us 
Pos-consensus latency = 4.5046212093134E7 (+/- 0) us 
Propose latency = 3556.3807039999997 (+/- 1107) us 
Write latency = 488.083568 (+/- 241) us 
Accept latency = 1582.6874269999998 (+/- 198) us 
Batch average size = NaN (+/- 0) requests
LCMessage ByteCount = 2786:14
TOMMessage ByteCount = 313249401:667515
StandardSMMessage ByteCount = 10398:19
ConsensusMessage ByteCount = 2635764:12963
--- Measurements after 416000 ops (1000 samples) ---
Throughput = 6896.552 operations/sec (Maximum observed: 9090.909 ops/sec)
Total latency = 4.514200243395E7 (+/- 0) us 
Consensus latency = 4413.029036 (+/- 239) us 
Pre-consensus latency = 0.0 (+/- 0) us 
Pos-consensus latency = 4.5139818530875996E7 (+/- 0) us 
Propose latency = 2518.6752650000003 (+/- 165) us 
Write latency = 481.290198 (+/- 249) us 
Accept latency = 1413.0635730000001 (+/- 107) us 
Batch average size = NaN (+/- 0) requests
LCMessage ByteCount = 2786:14
TOMMessage ByteCount = 313663017:667851
StandardSMMessage ByteCount = 10398:19
ConsensusMessage ByteCount = 2635764:12963
--- Measurements after 417000 ops (1000 samples) ---
Throughput = 4366.812 operations/sec (Maximum observed: 9090.909 ops/sec)
Total latency = 4.5274594262064E7 (+/- 0) us 
Consensus latency = 4371.113520999999 (+/- 239) us 
Pre-consensus latency = 0.0 (+/- 0) us 
Pos-consensus latency = 4.527231249583E7 (+/- 0) us 
Propose latency = 2376.264429 (+/- 172) us 
Write latency = 541.187979 (+/- 222) us 
Accept latency = 1453.661113 (+/- 206) us 
Batch average size = NaN (+/- 0) requests
LCMessage ByteCount = 2786:14
TOMMessage ByteCount = 314098791:668205
StandardSMMessage ByteCount = 10398:19
ConsensusMessage ByteCount = 2635764:12963
--- Measurements after 418000 ops (1000 samples) ---
Throughput = 8474.576 operations/sec (Maximum observed: 9090.909 ops/sec)
Total latency = 4.5392519473335996E7 (+/- 0) us 
Consensus latency = 4437.504037 (+/- 362) us 
Pre-consensus latency = 0.0 (+/- 0) us 
Pos-consensus latency = 4.5390274265774004E7 (+/- 0) us 
Propose latency = 2488.031569 (+/- 207) us 
Write latency = 577.893683 (+/- 97) us 
Accept latency = 1371.578785 (+/- 153) us 
Batch average size = NaN (+/- 0) requests
LCMessage ByteCount = 2786:14
TOMMessage ByteCount = 314129566:668230
StandardSMMessage ByteCount = 10398:19
ConsensusMessage ByteCount = 2635764:12963
--- Measurements after 419000 ops (1000 samples) ---
Throughput = 8333.333 operations/sec (Maximum observed: 9090.909 ops/sec)
Total latency = 4.5455809637744E7 (+/- 0) us 
Consensus latency = 5046.828141 (+/- 1697) us 
Pre-consensus latency = 0.0 (+/- 0) us 
Pos-consensus latency = 4.5452854898583E7 (+/- 0) us 
Propose latency = 2383.898225 (+/- 133) us 
Write latency = 656.679546 (+/- 216) us 
Accept latency = 2006.2503700000002 (+/- 1577) us 
Batch average size = NaN (+/- 0) requests
LCMessage ByteCount = 2786:14
TOMMessage ByteCount = 314140645:668239
StandardSMMessage ByteCount = 10398:19
ConsensusMessage ByteCount = 2635764:12963
--- Measurements after 420000 ops (1000 samples) ---
Throughput = 8547.009 operations/sec (Maximum observed: 9090.909 ops/sec)
Total latency = 4.5514164727965E7 (+/- 0) us 
Consensus latency = 5781.1234699999995 (+/- 867) us 
Pre-consensus latency = 0.0 (+/- 0) us 
Pos-consensus latency = 4.5511748537935995E7 (+/- 0) us 
Propose latency = 3738.7421860000004 (+/- 771) us 
Write latency = 578.2843959999999 (+/- 360) us 
Accept latency = 1464.096888 (+/- 672) us 
Batch average size = NaN (+/- 0) requests
LCMessage ByteCount = 2786:14
TOMMessage ByteCount = 314155417:668251
StandardSMMessage ByteCount = 10398:19
ConsensusMessage ByteCount = 2635764:12963
--- Measurements after 421000 ops (1000 samples) ---
Throughput = 8403.361 operations/sec (Maximum observed: 9090.909 ops/sec)
Total latency = 4.5581576061545E7 (+/- 0) us 
Consensus latency = 4886.509984 (+/- 569) us 
Pre-consensus latency = 0.0 (+/- 0) us 
Pos-consensus latency = 4.5578986916418E7 (+/- 0) us 
Propose latency = 2597.682026 (+/- 688) us 
Write latency = 838.564519 (+/- 202) us 
Accept latency = 1450.263439 (+/- 105) us 
Batch average size = NaN (+/- 0) requests
LCMessage ByteCount = 2786:14
TOMMessage ByteCount = 314194809:668283
StandardSMMessage ByteCount = 10398:19
ConsensusMessage ByteCount = 2635764:12963
--- Measurements after 422000 ops (1000 samples) ---
Throughput = 4444.4443 operations/sec (Maximum observed: 9090.909 ops/sec)
Total latency = 4.5690608649676E7 (+/- 0) us 
Consensus latency = 4612.376971 (+/- 320) us 
Pre-consensus latency = 0.0 (+/- 0) us 
Pos-consensus latency = 4.5687901556257E7 (+/- 0) us 
Propose latency = 2200.45761 (+/- 137) us 
Write latency = 889.575408 (+/- 139) us 
Accept latency = 1522.343953 (+/- 118) us 
Batch average size = NaN (+/- 0) requests
LCMessage ByteCount = 2786:14
TOMMessage ByteCount = 314261283:668337
StandardSMMessage ByteCount = 10398:19
ConsensusMessage ByteCount = 2635764:12963
--- Measurements after 423000 ops (1000 samples) ---
Throughput = 4716.981 operations/sec (Maximum observed: 9090.909 ops/sec)
Total latency = 4.5859268394034E7 (+/- 0) us 
Consensus latency = 4645.308409 (+/- 226) us 
Pre-consensus latency = 0.0 (+/- 0) us 
Pos-consensus latency = 4.5856621608689E7 (+/- 0) us 
Propose latency = 2295.311226 (+/- 136) us 
Write latency = 875.128521 (+/- 99) us 
Accept latency = 1474.868662 (+/- 107) us 
Batch average size = NaN (+/- 0) requests
LCMessage ByteCount = 2786:14
TOMMessage ByteCount = 314653972:668656
StandardSMMessage ByteCount = 10398:19
ConsensusMessage ByteCount = 2635764:12963
--- Measurements after 424000 ops (1000 samples) ---
Throughput = 4854.369 operations/sec (Maximum observed: 9090.909 ops/sec)
Total latency = 4.6013493874901004E7 (+/- 0) us 
Consensus latency = 4572.424623 (+/- 171) us 
Pre-consensus latency = 0.0 (+/- 0) us 
Pos-consensus latency = 4.6010945421523005E7 (+/- 0) us 
Propose latency = 2334.898275 (+/- 155) us 
Write latency = 672.7660330000001 (+/- 229) us 
Accept latency = 1564.760315 (+/- 105) us 
Batch average size = NaN (+/- 0) requests
LCMessage ByteCount = 2786:14
TOMMessage ByteCount = 315150065:669059
StandardSMMessage ByteCount = 10398:19
ConsensusMessage ByteCount = 2635764:12963
--- Measurements after 425000 ops (1000 samples) ---
Throughput = 4830.918 operations/sec (Maximum observed: 9090.909 ops/sec)
Total latency = 4.6164084346861E7 (+/- 0) us 
Consensus latency = 4619.8203140000005 (+/- 542) us 
Pre-consensus latency = 0.0 (+/- 0) us 
Pos-consensus latency = 4.6161592324877E7 (+/- 0) us 
Propose latency = 2408.7216439999997 (+/- 112) us 
Write latency = 721.017441 (+/- 112) us 
Accept latency = 1490.0812290000001 (+/- 532) us 
Batch average size = NaN (+/- 0) requests
LCMessage ByteCount = 2786:14
TOMMessage ByteCount = 315572298:669402
StandardSMMessage ByteCount = 10398:19
ConsensusMessage ByteCount = 2635764:12963
--- Measurements after 426000 ops (1000 samples) ---
Throughput = 4629.6294 operations/sec (Maximum observed: 9090.909 ops/sec)
Total latency = 4.6312752508926004E7 (+/- 0) us 
Consensus latency = 8585.894257 (+/- 5089) us 
Pre-consensus latency = 0.0 (+/- 0) us 
Pos-consensus latency = 4.6308628559392E7 (+/- 0) us 
Propose latency = 6176.546221 (+/- 5038) us 
Write latency = 277.987704 (+/- 208) us 
Accept latency = 2131.3603319999997 (+/- 1433) us 
Batch average size = NaN (+/- 0) requests
LCMessage ByteCount = 2786:14
TOMMessage ByteCount = 315952677:669711
StandardSMMessage ByteCount = 10398:19
ConsensusMessage ByteCount = 2635764:12963
--- Measurements after 427000 ops (1000 samples) ---
Throughput = 4566.21 operations/sec (Maximum observed: 9090.909 ops/sec)
Total latency = 4.6496116146542E7 (+/- 0) us 
Consensus latency = 4098.184835 (+/- 223) us 
Pre-consensus latency = 0.0 (+/- 0) us 
Pos-consensus latency = 4.6494082872606E7 (+/- 0) us 
Propose latency = 2355.9695410000004 (+/- 155) us 
Write latency = 337.79826 (+/- 259) us 
Accept latency = 1404.417034 (+/- 243) us 
Batch average size = NaN (+/- 0) requests
LCMessage ByteCount = 2786:14
TOMMessage ByteCount = 316413071:670085
StandardSMMessage ByteCount = 10398:19
ConsensusMessage ByteCount = 2635764:12963
--- Measurements after 428000 ops (1000 samples) ---
Throughput = 6802.721 operations/sec (Maximum observed: 9090.909 ops/sec)
Total latency = 4.6610328480731E7 (+/- 0) us 
Consensus latency = 4016.9636889999997 (+/- 247) us 
Pre-consensus latency = 0.0 (+/- 0) us 
Pos-consensus latency = 4.6608342920335E7 (+/- 0) us 
Propose latency = 2301.012669 (+/- 320) us 
Write latency = 468.49277500000005 (+/- 256) us 
Accept latency = 1247.458245 (+/- 259) us 
Batch average size = NaN (+/- 0) requests
LCMessage ByteCount = 2786:14
TOMMessage ByteCount = 316835304:670428
StandardSMMessage ByteCount = 10398:19
ConsensusMessage ByteCount = 2635764:12963
--- Measurements after 429000 ops (1000 samples) ---
Throughput = 6849.315 operations/sec (Maximum observed: 9090.909 ops/sec)
Total latency = 4.6700938081859E7 (+/- 0) us 
Consensus latency = 3886.258147 (+/- 150) us 
Pre-consensus latency = 0.0 (+/- 0) us 
Pos-consensus latency = 4.6698940026158996E7 (+/- 0) us 
Propose latency = 2067.130327 (+/- 244) us 
Write latency = 737.654994 (+/- 173) us 
Accept latency = 1081.472826 (+/- 196) us 
Batch average size = NaN (+/- 0) requests
LCMessage ByteCount = 2786:14
TOMMessage ByteCount = 317243996:670760
StandardSMMessage ByteCount = 10398:19
ConsensusMessage ByteCount = 2635764:12963
--- Measurements after 430000 ops (1000 samples) ---
Throughput = 7142.857 operations/sec (Maximum observed: 9090.909 ops/sec)
Total latency = 4.6786514026228994E7 (+/- 0) us 
Consensus latency = 3803.722477 (+/- 202) us 
Pre-consensus latency = 0.0 (+/- 0) us 
Pos-consensus latency = 4.6784598091203004E7 (+/- 0) us 
Propose latency = 2111.2194440000003 (+/- 132) us 
Write latency = 592.960247 (+/- 193) us 
Accept latency = 1099.542786 (+/- 214) us 
Batch average size = NaN (+/- 0) requests
LCMessage ByteCount = 2786:14
TOMMessage ByteCount = 317476655:670949
StandardSMMessage ByteCount = 10398:19
ConsensusMessage ByteCount = 2635764:12963
--- Measurements after 431000 ops (1000 samples) ---
Throughput = 7092.1987 operations/sec (Maximum observed: 9090.909 ops/sec)
Total latency = 4.6871107349598E7 (+/- 0) us 
Consensus latency = 4352.5801710000005 (+/- 629) us 
Pre-consensus latency = 0.0 (+/- 0) us 
Pos-consensus latency = 4.6868857710156E7 (+/- 0) us 
Propose latency = 2345.613612 (+/- 337) us 
Write latency = 449.808745 (+/- 762) us 
Accept latency = 1557.157814 (+/- 298) us 
Batch average size = NaN (+/- 0) requests
LCMessage ByteCount = 2786:14
TOMMessage ByteCount = 317823797:671231
StandardSMMessage ByteCount = 10398:19
ConsensusMessage ByteCount = 2635764:12963
--- Measurements after 432000 ops (1000 samples) ---
Throughput = 4291.8457 operations/sec (Maximum observed: 9090.909 ops/sec)
Total latency = 4.7002981010448E7 (+/- 0) us 
Consensus latency = 5105.065955 (+/- 1135) us 
Pre-consensus latency = 0.0 (+/- 0) us 
Pos-consensus latency = 4.7000828101273E7 (+/- 0) us 
Propose latency = 3257.96941 (+/- 1081) us 
Write latency = 680.581716 (+/- 309) us 
Accept latency = 1166.514829 (+/- 309) us 
Batch average size = NaN (+/- 0) requests
LCMessage ByteCount = 2786:14
TOMMessage ByteCount = 318263264:671588
StandardSMMessage ByteCount = 10398:19
ConsensusMessage ByteCount = 2635764:12963
--- Measurements after 433000 ops (1000 samples) ---
Throughput = 4854.369 operations/sec (Maximum observed: 9090.909 ops/sec)
Total latency = 4.7168754402442E7 (+/- 0) us 
Consensus latency = 4251.985074 (+/- 174) us 
Pre-consensus latency = 0.0 (+/- 0) us 
Pos-consensus latency = 4.7166649665375E7 (+/- 0) us 
Propose latency = 2438.85659 (+/- 106) us 
Write latency = 558.199665 (+/- 273) us 
Accept latency = 1254.928819 (+/- 297) us 
Batch average size = NaN (+/- 0) requests
LCMessage ByteCount = 2786:14
TOMMessage ByteCount = 318591941:671855
StandardSMMessage ByteCount = 10398:19
ConsensusMessage ByteCount = 2635764:12963
--- Measurements after 434000 ops (1000 samples) ---
Throughput = 4830.918 operations/sec (Maximum observed: 9090.909 ops/sec)
Total latency = 4.732017444121E7 (+/- 0) us 
Consensus latency = 4201.818092 (+/- 198) us 
Pre-consensus latency = 0.0 (+/- 0) us 
Pos-consensus latency = 4.7318097395995006E7 (+/- 0) us 
Propose latency = 2423.989307 (+/- 167) us 
Write latency = 651.472189 (+/- 162) us 
Accept latency = 1126.3565959999999 (+/- 192) us 
Batch average size = NaN (+/- 0) requests
LCMessage ByteCount = 2786:14
TOMMessage ByteCount = 318830755:672049
StandardSMMessage ByteCount = 10398:19
ConsensusMessage ByteCount = 2635764:12963
--- Measurements after 435000 ops (1000 samples) ---
Throughput = 4854.369 operations/sec (Maximum observed: 9090.909 ops/sec)
Total latency = 4.7472087871619E7 (+/- 0) us 
Consensus latency = 3898.839235 (+/- 139) us 
Pre-consensus latency = 0.0 (+/- 0) us 
Pos-consensus latency = 4.7470134847578004E7 (+/- 0) us 
Propose latency = 2131.9865839999998 (+/- 137) us 
Write latency = 656.337714 (+/- 154) us 
Accept latency = 1110.514937 (+/- 128) us 
Batch average size = NaN (+/- 0) requests
LCMessage ByteCount = 2786:14
TOMMessage ByteCount = 318830755:672049
StandardSMMessage ByteCount = 10398:19
ConsensusMessage ByteCount = 2635764:12963
--- Measurements after 436000 ops (1000 samples) ---
Throughput = 4830.918 operations/sec (Maximum observed: 9090.909 ops/sec)
Total latency = 4.7622919353347E7 (+/- 0) us 
Consensus latency = 4046.038599 (+/- 358) us 
Pre-consensus latency = 0.0 (+/- 0) us 
Pos-consensus latency = 4.7620856562934995E7 (+/- 0) us 
Propose latency = 2180.645844 (+/- 218) us 
Write latency = 641.910734 (+/- 229) us 
Accept latency = 1223.482021 (+/- 248) us 
Batch average size = NaN (+/- 0) requests
LCMessage ByteCount = 2786:14
TOMMessage ByteCount = 318834448:672052
StandardSMMessage ByteCount = 10398:19
ConsensusMessage ByteCount = 2635764:12963
--- Measurements after 437000 ops (1000 samples) ---
Throughput = 3333.3333 operations/sec (Maximum observed: 9090.909 ops/sec)
Total latency = 4.7844495759167E7 (+/- 0) us 
Consensus latency = 5211.376944000001 (+/- 2208) us 
Pre-consensus latency = 0.0 (+/- 0) us 
Pos-consensus latency = 4.7841421799815E7 (+/- 0) us 
Propose latency = 2368.398448 (+/- 143) us 
Write latency = 679.481514 (+/- 244) us 
Accept latency = 2163.4969819999997 (+/- 2202) us 
Batch average size = NaN (+/- 0) requests
LCMessage ByteCount = 2786:14
TOMMessage ByteCount = 318850451:672065
StandardSMMessage ByteCount = 10398:19
ConsensusMessage ByteCount = 2635764:12963
--- Measurements after 438000 ops (1000 samples) ---
Throughput = 8695.652 operations/sec (Maximum observed: 9090.909 ops/sec)
Total latency = 4.7972838994768E7 (+/- 0) us 
Consensus latency = 4363.888386 (+/- 232) us 
Pre-consensus latency = 0.0 (+/- 0) us 
Pos-consensus latency = 4.7970623697994E7 (+/- 0) us 
Propose latency = 2445.3008769999997 (+/- 175) us 
Write latency = 357.58955 (+/- 215) us 
Accept latency = 1560.997959 (+/- 193) us 
Batch average size = NaN (+/- 0) requests
LCMessage ByteCount = 2786:14
TOMMessage ByteCount = 318856606:672070
StandardSMMessage ByteCount = 10398:19
ConsensusMessage ByteCount = 2635764:12963
--- Measurements after 439000 ops (1000 samples) ---
Throughput = 8620.689 operations/sec (Maximum observed: 9090.909 ops/sec)
Total latency = 4.803129785838E7 (+/- 0) us 
Consensus latency = 5024.58201 (+/- 1402) us 
Pre-consensus latency = 0.0 (+/- 0) us 
Pos-consensus latency = 4.8028997091284E7 (+/- 0) us 
Propose latency = 3215.603863 (+/- 1430) us 
Write latency = 399.12104 (+/- 286) us 
Accept latency = 1409.857107 (+/- 228) us 
Batch average size = NaN (+/- 0) requests
LCMessage ByteCount = 2786:14
TOMMessage ByteCount = 318870147:672081
StandardSMMessage ByteCount = 10398:19
ConsensusMessage ByteCount = 2635764:12963
--- Measurements after 440000 ops (1000 samples) ---
Throughput = 8620.689 operations/sec (Maximum observed: 9090.909 ops/sec)
Total latency = 4.8092904579696E7 (+/- 0) us 
Consensus latency = 4490.26158 (+/- 458) us 
Pre-consensus latency = 0.0 (+/- 0) us 
Pos-consensus latency = 4.8090874610278E7 (+/- 0) us 
Propose latency = 2734.798541 (+/- 456) us 
Write latency = 547.916679 (+/- 166) us 
Accept latency = 1207.54636 (+/- 200) us 
Batch average size = NaN (+/- 0) requests
LCMessage ByteCount = 2786:14
TOMMessage ByteCount = 318883688:672092
StandardSMMessage ByteCount = 10398:19
ConsensusMessage ByteCount = 2635764:12963
--- Measurements after 441000 ops (1000 samples) ---
Throughput = 8771.93 operations/sec (Maximum observed: 9090.909 ops/sec)
Total latency = 4.8154151625232E7 (+/- 0) us 
Consensus latency = 3990.741775 (+/- 261) us 
Pre-consensus latency = 0.0 (+/- 0) us 
Pos-consensus latency = 4.8152104904539004E7 (+/- 0) us 
Propose latency = 2232.692723 (+/- 202) us 
Write latency = 513.627938 (+/- 232) us 
Accept latency = 1244.421114 (+/- 269) us 
Batch average size = NaN (+/- 0) requests
LCMessage ByteCount = 2786:14
TOMMessage ByteCount = 318887381:672095
StandardSMMessage ByteCount = 10398:19
ConsensusMessage ByteCount = 2635764:12963
--- Measurements after 442000 ops (1000 samples) ---
Throughput = 5681.8184 operations/sec (Maximum observed: 9090.909 ops/sec)
Total latency = 4.8248985512068E7 (+/- 0) us 
Consensus latency = 4314.282686 (+/- 347) us 
Pre-consensus latency = 0.0 (+/- 0) us 
Pos-consensus latency = 4.8246715427748E7 (+/- 0) us 
Propose latency = 2349.3097059999996 (+/- 117) us 
Write latency = 680.093846 (+/- 170) us 
Accept latency = 1284.879134 (+/- 299) us 
Batch average size = NaN (+/- 0) requests
LCMessage ByteCount = 2786:14
TOMMessage ByteCount = 318893536:672100
StandardSMMessage ByteCount = 10398:19
ConsensusMessage ByteCount = 2635764:12963
--- Measurements after 443000 ops (1000 samples) ---
Throughput = 8771.93 operations/sec (Maximum observed: 9090.909 ops/sec)
Total latency = 4.8333517102294E7 (+/- 0) us 
Consensus latency = 4063.95898 (+/- 166) us 
Pre-consensus latency = 0.0 (+/- 0) us 
Pos-consensus latency = 4.8331403738225E7 (+/- 0) us 
Propose latency = 2243.217037 (+/- 87) us 
Write latency = 608.5278959999999 (+/- 204) us 
Accept latency = 1212.214047 (+/- 223) us 
Batch average size = NaN (+/- 0) requests
LCMessage ByteCount = 2786:14
TOMMessage ByteCount = 318895998:672102
StandardSMMessage ByteCount = 10398:19
ConsensusMessage ByteCount = 2635764:12963
--- Measurements after 444000 ops (1000 samples) ---
Throughput = 8695.652 operations/sec (Maximum observed: 9090.909 ops/sec)
Total latency = 4.8393088569007E7 (+/- 0) us 
Consensus latency = 4032.811241 (+/- 207) us 
Pre-consensus latency = 0.0 (+/- 0) us 
Pos-consensus latency = 4.8391046250383005E7 (+/- 0) us 
Propose latency = 2282.551622 (+/- 183) us 
Write latency = 514.515435 (+/- 223) us 
Accept latency = 1235.744184 (+/- 185) us 
Batch average size = NaN (+/- 0) requests
LCMessage ByteCount = 2786:14
TOMMessage ByteCount = 318905846:672110
StandardSMMessage ByteCount = 10398:19
ConsensusMessage ByteCount = 2635764:12963
--- Measurements after 445000 ops (1000 samples) ---
Throughput = 8547.009 operations/sec (Maximum observed: 9090.909 ops/sec)
Total latency = 4.8453268237564005E7 (+/- 0) us 
Consensus latency = 4005.810722 (+/- 130) us 
Pre-consensus latency = 0.0 (+/- 0) us 
Pos-consensus latency = 4.8451283817206E7 (+/- 0) us 
Propose latency = 2296.34141 (+/- 98) us 
Write latency = 556.490407 (+/- 190) us 
Accept latency = 1152.978905 (+/- 150) us 
Batch average size = NaN (+/- 0) requests
LCMessage ByteCount = 2786:14
TOMMessage ByteCount = 318913232:672116
StandardSMMessage ByteCount = 10398:19
ConsensusMessage ByteCount = 2635764:12963
--- Measurements after 446000 ops (1000 samples) ---
Throughput = 8333.333 operations/sec (Maximum observed: 9090.909 ops/sec)
Total latency = 4.8513995392234E7 (+/- 0) us 
Consensus latency = 4026.686816 (+/- 141) us 
Pre-consensus latency = 0.0 (+/- 0) us 
Pos-consensus latency = 4.8511989014713E7 (+/- 0) us 
Propose latency = 2302.419337 (+/- 162) us 
Write latency = 473.76858000000004 (+/- 207) us 
Accept latency = 1250.498899 (+/- 193) us 
Batch average size = NaN (+/- 0) requests
LCMessage ByteCount = 2786:14
TOMMessage ByteCount = 318916925:672119
StandardSMMessage ByteCount = 10398:19
ConsensusMessage ByteCount = 2635764:12963
--- Measurements after 447000 ops (1000 samples) ---
Throughput = 6024.096 operations/sec (Maximum observed: 9090.909 ops/sec)
Total latency = 4.860135671556E7 (+/- 0) us 
Consensus latency = 5082.103989 (+/- 1892) us 
Pre-consensus latency = 0.0 (+/- 0) us 
Pos-consensus latency = 4.8598538266112E7 (+/- 0) us 
Propose latency = 2523.204136 (+/- 560) us 
Write latency = 1182.563965 (+/- 1745) us 
Accept latency = 1376.335888 (+/- 258) us 
Batch average size = NaN (+/- 0) requests
LCMessage ByteCount = 2786:14
TOMMessage ByteCount = 318923080:672124
StandardSMMessage ByteCount = 10398:19
ConsensusMessage ByteCount = 2635764:12963
--- Measurements after 448000 ops (1000 samples) ---
Throughput = 7407.407 operations/sec (Maximum observed: 9090.909 ops/sec)
Total latency = 4.8697247520585E7 (+/- 0) us 
Consensus latency = 5432.458017 (+/- 3764) us 
Pre-consensus latency = 0.0 (+/- 0) us 
Pos-consensus latency = 4.8694750991023004E7 (+/- 0) us 
Propose latency = 3693.096653 (+/- 3790) us 
Write latency = 492.49436599999996 (+/- 227) us 
Accept latency = 1246.866998 (+/- 214) us 
Batch average size = NaN (+/- 0) requests
LCMessage ByteCount = 2786:14
TOMMessage ByteCount = 318924311:672125
StandardSMMessage ByteCount = 10398:19
ConsensusMessage ByteCount = 2635764:12963
--- Measurements after 449000 ops (1000 samples) ---
Throughput = 7874.0156 operations/sec (Maximum observed: 9090.909 ops/sec)
Total latency = 4.8764919013431E7 (+/- 0) us 
Consensus latency = 4101.804442 (+/- 326) us 
Pre-consensus latency = 0.0 (+/- 0) us 
Pos-consensus latency = 4.876292560977E7 (+/- 0) us 
Propose latency = 2347.3525290000002 (+/- 283) us 
Write latency = 272.81271000000004 (+/- 282) us 
Accept latency = 1481.639203 (+/- 152) us 
Batch average size = NaN (+/- 0) requests
LCMessage ByteCount = 2786:14
TOMMessage ByteCount = 318926773:672127
StandardSMMessage ByteCount = 10398:19
ConsensusMessage ByteCount = 2635764:12963
--- Measurements after 450000 ops (1000 samples) ---
Throughput = 7936.508 operations/sec (Maximum observed: 9090.909 ops/sec)
Total latency = 4.8841230776604E7 (+/- 0) us 
Consensus latency = 3961.8909980000003 (+/- 222) us 
Pre-consensus latency = 0.0 (+/- 0) us 
Pos-consensus latency = 4.883921409520201E7 (+/- 0) us 
Propose latency = 2149.135617 (+/- 89) us 
Write latency = 574.8181800000001 (+/- 118) us 
Accept latency = 1237.937201 (+/- 184) us 
Batch average size = NaN (+/- 0) requests
LCMessage ByteCount = 2786:14
TOMMessage ByteCount = 318930466:672130
StandardSMMessage ByteCount = 10398:19
ConsensusMessage ByteCount = 2635764:12963
--- Measurements after 451000 ops (1000 samples) ---
Throughput = 8264.463 operations/sec (Maximum observed: 9090.909 ops/sec)
Total latency = 4.8912399698979E7 (+/- 0) us 
Consensus latency = 4068.6620380000004 (+/- 277) us 
Pre-consensus latency = 0.0 (+/- 0) us 
Pos-consensus latency = 4.8910395100067005E7 (+/- 0) us 
Propose latency = 2235.273321 (+/- 195) us 
Write latency = 667.422039 (+/- 192) us 
Accept latency = 1165.966678 (+/- 118) us 
Batch average size = NaN (+/- 0) requests
LCMessage ByteCount = 2786:14
TOMMessage ByteCount = 318935390:672134
StandardSMMessage ByteCount = 10398:19
ConsensusMessage ByteCount = 2635764:12963
--- Measurements after 452000 ops (1000 samples) ---
Throughput = 6250.0 operations/sec (Maximum observed: 9090.909 ops/sec)
Total latency = 4.8995521389135E7 (+/- 0) us 
Consensus latency = 3998.126349 (+/- 399) us 
Pre-consensus latency = 0.0 (+/- 0) us 
Pos-consensus latency = 4.8993402564892E7 (+/- 0) us 
Propose latency = 2070.130289 (+/- 119) us 
Write latency = 816.033936 (+/- 174) us 
Accept latency = 1111.9621240000001 (+/- 248) us 
Batch average size = NaN (+/- 0) requests
LCMessage ByteCount = 2786:14
TOMMessage ByteCount = 318935390:672134
StandardSMMessage ByteCount = 10398:19
ConsensusMessage ByteCount = 2635764:12963
--- Measurements after 453000 ops (1000 samples) ---
Throughput = 7812.5 operations/sec (Maximum observed: 9090.909 ops/sec)
Total latency = 4.9083898747431E7 (+/- 0) us 
Consensus latency = 4396.854493 (+/- 272) us 
Pre-consensus latency = 0.0 (+/- 0) us 
Pos-consensus latency = 4.9081591433262E7 (+/- 0) us 
Propose latency = 2339.062191 (+/- 200) us 
Write latency = 798.68627 (+/- 142) us 
Accept latency = 1259.106032 (+/- 197) us 
Batch average size = NaN (+/- 0) requests
LCMessage ByteCount = 2786:14
TOMMessage ByteCount = 318935390:672134
StandardSMMessage ByteCount = 10398:19
ConsensusMessage ByteCount = 2635764:12963
--- Measurements after 454000 ops (1000 samples) ---
Throughput = 8264.463 operations/sec (Maximum observed: 9090.909 ops/sec)
Total latency = 4.915317395047E7 (+/- 0) us 
Consensus latency = 4271.347424 (+/- 354) us 
Pre-consensus latency = 0.0 (+/- 0) us 
Pos-consensus latency = 4.9150930934013E7 (+/- 0) us 
Propose latency = 2204.2351320000002 (+/- 307) us 
Write latency = 773.724959 (+/- 165) us 
Accept latency = 1293.3873330000001 (+/- 216) us 
Batch average size = NaN (+/- 0) requests
LCMessage ByteCount = 2786:14
TOMMessage ByteCount = 318935390:672134
StandardSMMessage ByteCount = 10398:19
ConsensusMessage ByteCount = 2635764:12963
--- Measurements after 455000 ops (1000 samples) ---
Throughput = 8196.722 operations/sec (Maximum observed: 9090.909 ops/sec)
Total latency = 4.9217061091933E7 (+/- 0) us 
Consensus latency = 5269.245451000001 (+/- 1130) us 
Pre-consensus latency = 0.0 (+/- 0) us 
Pos-consensus latency = 4.9214839587328E7 (+/- 0) us 
Propose latency = 3415.12538 (+/- 928) us 
Write latency = 686.014723 (+/- 291) us 
Accept latency = 1168.105348 (+/- 172) us 
Batch average size = NaN (+/- 0) requests
LCMessage ByteCount = 2786:14
TOMMessage ByteCount = 318945238:672142
StandardSMMessage ByteCount = 10398:19
ConsensusMessage ByteCount = 2635764:12963
--- Measurements after 456000 ops (1000 samples) ---
Throughput = 8620.689 operations/sec (Maximum observed: 9090.909 ops/sec)
Total latency = 4.9284058445953004E7 (+/- 0) us 
Consensus latency = 3989.459992 (+/- 143) us 
Pre-consensus latency = 0.0 (+/- 0) us 
Pos-consensus latency = 4.928199514938E7 (+/- 0) us 
Propose latency = 2203.438329 (+/- 116) us 
Write latency = 638.364 (+/- 156) us 
Accept latency = 1147.657663 (+/- 193) us 
Batch average size = NaN (+/- 0) requests
LCMessage ByteCount = 2786:14
TOMMessage ByteCount = 318953855:672149
StandardSMMessage ByteCount = 10398:19
ConsensusMessage ByteCount = 2635764:12963
--- Measurements after 457000 ops (1000 samples) ---
Throughput = 6329.114 operations/sec (Maximum observed: 9090.909 ops/sec)
Total latency = 4.9362226310113E7 (+/- 0) us 
Consensus latency = 4020.197253 (+/- 189) us 
Pre-consensus latency = 0.0 (+/- 0) us 
Pos-consensus latency = 4.9360189546014E7 (+/- 0) us 
Propose latency = 2264.082321 (+/- 121) us 
Write latency = 638.4620130000001 (+/- 273) us 
Accept latency = 1117.6529189999999 (+/- 209) us 
Batch average size = NaN (+/- 0) requests
LCMessage ByteCount = 2786:14
TOMMessage ByteCount = 318964934:672158
StandardSMMessage ByteCount = 10398:19
ConsensusMessage ByteCount = 2635764:12963
--- Measurements after 458000 ops (1000 samples) ---
Throughput = 8130.0815 operations/sec (Maximum observed: 9090.909 ops/sec)
Total latency = 4.94492542319E7 (+/- 0) us 
Consensus latency = 4524.85386 (+/- 394) us 
Pre-consensus latency = 0.0 (+/- 0) us 
Pos-consensus latency = 4.9446849514575E7 (+/- 0) us 
Propose latency = 2401.586483 (+/- 133) us 
Write latency = 651.048251 (+/- 264) us 
Accept latency = 1472.219126 (+/- 294) us 
Batch average size = NaN (+/- 0) requests
LCMessage ByteCount = 2786:14
TOMMessage ByteCount = 318974782:672166
StandardSMMessage ByteCount = 10398:19
ConsensusMessage ByteCount = 2635764:12963
--- Measurements after 459000 ops (1000 samples) ---
Throughput = 8064.516 operations/sec (Maximum observed: 9090.909 ops/sec)
Total latency = 4.9522198676309995E7 (+/- 0) us 
Consensus latency = 4133.796564 (+/- 382) us 
Pre-consensus latency = 0.0 (+/- 0) us 
Pos-consensus latency = 4.9520117399327E7 (+/- 0) us 
Propose latency = 2348.70592 (+/- 355) us 
Write latency = 481.872292 (+/- 236) us 
Accept latency = 1303.2183519999999 (+/- 125) us 
Batch average size = NaN (+/- 0) requests
LCMessage ByteCount = 2786:14
TOMMessage ByteCount = 318980937:672171
StandardSMMessage ByteCount = 10398:19
ConsensusMessage ByteCount = 2635764:12963
--- Measurements after 460000 ops (1000 samples) ---
Throughput = 8695.652 operations/sec (Maximum observed: 9090.909 ops/sec)
Total latency = 4.9578044825361E7 (+/- 0) us 
Consensus latency = 5274.575601 (+/- 2276) us 
Pre-consensus latency = 0.0 (+/- 0) us 
Pos-consensus latency = 4.9574752588973E7 (+/- 0) us 
Propose latency = 3142.500236 (+/- 1913) us 
Write latency = 134.93914900000001 (+/- 64) us 
Accept latency = 1997.136216 (+/- 1226) us 
Batch average size = NaN (+/- 0) requests
LCMessage ByteCount = 2786:14
TOMMessage ByteCount = 318992016:672180
StandardSMMessage ByteCount = 10398:19
ConsensusMessage ByteCount = 2635764:12963
--- Measurements after 461000 ops (1000 samples) ---
Throughput = 8064.516 operations/sec (Maximum observed: 9090.909 ops/sec)
Total latency = 4.9646361339759E7 (+/- 0) us 
Consensus latency = 3875.9164309999996 (+/- 212) us 
Pre-consensus latency = 0.0 (+/- 0) us 
Pos-consensus latency = 4.9644383425834E7 (+/- 0) us 
Propose latency = 2144.6811719999996 (+/- 118) us 
Write latency = 389.845253 (+/- 281) us 
Accept latency = 1341.390006 (+/- 217) us 
Batch average size = NaN (+/- 0) requests
LCMessage ByteCount = 2786:14
TOMMessage ByteCount = 318995709:672183
StandardSMMessage ByteCount = 10398:19
ConsensusMessage ByteCount = 2635764:12963
--- Measurements after 462000 ops (1000 samples) ---
Throughput = 6097.561 operations/sec (Maximum observed: 9090.909 ops/sec)
Total latency = 4.97220750838E7 (+/- 0) us 
Consensus latency = 5081.587686 (+/- 1246) us 
Pre-consensus latency = 0.0 (+/- 0) us 
Pos-consensus latency = 4.9719912207242996E7 (+/- 0) us 
Propose latency = 3277.828105 (+/- 1292) us 
Write latency = 302.485714 (+/- 216) us 
Accept latency = 1501.273867 (+/- 267) us 
Batch average size = NaN (+/- 0) requests
LCMessage ByteCount = 2786:14
TOMMessage ByteCount = 319003095:672189
StandardSMMessage ByteCount = 10398:19
ConsensusMessage ByteCount = 2635764:12963
--- Measurements after 463000 ops (1000 samples) ---
Throughput = 6711.409 operations/sec (Maximum observed: 9090.909 ops/sec)
Total latency = 4.9843369526359E7 (+/- 0) us 
Consensus latency = 5968.090662 (+/- 2592) us 
Pre-consensus latency = 0.0 (+/- 0) us 
Pos-consensus latency = 4.984008258391E7 (+/- 0) us 
Propose latency = 3022.215032 (+/- 587) us 
Write latency = 1338.353122 (+/- 1801) us 
Accept latency = 1607.522508 (+/- 959) us 
Batch average size = NaN (+/- 0) requests
LCMessage ByteCount = 2786:14
TOMMessage ByteCount = 319016636:672200
StandardSMMessage ByteCount = 10398:19
ConsensusMessage ByteCount = 2635764:12963
--- Measurements after 464000 ops (1000 samples) ---
Throughput = 8620.689 operations/sec (Maximum observed: 9090.909 ops/sec)
Total latency = 4.9911496998987E7 (+/- 0) us 
Consensus latency = 4199.040043 (+/- 177) us 
Pre-consensus latency = 0.0 (+/- 0) us 
Pos-consensus latency = 4.990939771213201E7 (+/- 0) us 
Propose latency = 2420.357979 (+/- 172) us 
Write latency = 678.074977 (+/- 197) us 
Accept latency = 1100.607087 (+/- 165) us 
Batch average size = NaN (+/- 0) requests
LCMessage ByteCount = 2786:14
TOMMessage ByteCount = 319019098:672202
StandardSMMessage ByteCount = 10398:19
ConsensusMessage ByteCount = 2635764:12963
--- Measurements after 465000 ops (1000 samples) ---
Throughput = 8620.689 operations/sec (Maximum observed: 9090.909 ops/sec)
Total latency = 4.9972269159801E7 (+/- 0) us 
Consensus latency = 4122.161531 (+/- 278) us 
Pre-consensus latency = 0.0 (+/- 0) us 
Pos-consensus latency = 4.9970116003042996E7 (+/- 0) us 
Propose latency = 2266.7861430000003 (+/- 136) us 
Write latency = 623.674386 (+/- 213) us 
Accept latency = 1231.701002 (+/- 190) us 
Batch average size = NaN (+/- 0) requests
LCMessage ByteCount = 2786:14
TOMMessage ByteCount = 319027715:672209
StandardSMMessage ByteCount = 10398:19
ConsensusMessage ByteCount = 2635764:12963
--- Measurements after 466000 ops (1000 samples) ---
Throughput = 8620.689 operations/sec (Maximum observed: 9090.909 ops/sec)
Total latency = 5.0032371121633E7 (+/- 0) us 
Consensus latency = 4127.305778 (+/- 325) us 
Pre-consensus latency = 0.0 (+/- 0) us 
Pos-consensus latency = 5.0030203311595E7 (+/- 0) us 
Propose latency = 2297.945324 (+/- 240) us 
Write latency = 544.958346 (+/- 287) us 
Accept latency = 1284.402108 (+/- 262) us 
Batch average size = NaN (+/- 0) requests
LCMessage ByteCount = 2786:14
TOMMessage ByteCount = 319032639:672213
StandardSMMessage ByteCount = 10398:19
ConsensusMessage ByteCount = 2635764:12963
--- Measurements after 467000 ops (1000 samples) ---
Throughput = 5102.041 operations/sec (Maximum observed: 9090.909 ops/sec)
Total latency = 5.0112246560874E7 (+/- 0) us 
Consensus latency = 4055.998836 (+/- 152) us 
Pre-consensus latency = 0.0 (+/- 0) us 
Pos-consensus latency = 5.0110193101358004E7 (+/- 0) us 
Propose latency = 2286.244051 (+/- 96) us 
Write latency = 643.849373 (+/- 165) us 
Accept latency = 1125.905412 (+/- 188) us 
Batch average size = NaN (+/- 0) requests
LCMessage ByteCount = 2786:14
TOMMessage ByteCount = 319042487:672221
StandardSMMessage ByteCount = 10398:19
ConsensusMessage ByteCount = 2635764:12963
--- Measurements after 468000 ops (1000 samples) ---
Throughput = 5347.5938 operations/sec (Maximum observed: 9090.909 ops/sec)
Total latency = 5.0267710019258E7 (+/- 0) us 
Consensus latency = 4375.950307 (+/- 291) us 
Pre-consensus latency = 0.0 (+/- 0) us 
Pos-consensus latency = 5.0265353960811E7 (+/- 0) us 
Propose latency = 2312.422638 (+/- 131) us 
Write latency = 711.349273 (+/- 144) us 
Accept latency = 1352.178396 (+/- 292) us 
Batch average size = NaN (+/- 0) requests
LCMessage ByteCount = 2786:14
TOMMessage ByteCount = 319053566:672230
StandardSMMessage ByteCount = 10398:19
ConsensusMessage ByteCount = 2635764:12963
--- Measurements after 469000 ops (1000 samples) ---
Throughput = 5235.602 operations/sec (Maximum observed: 9090.909 ops/sec)
Total latency = 5.0401469394728E7 (+/- 0) us 
Consensus latency = 4479.145275000001 (+/- 488) us 
Pre-consensus latency = 0.0 (+/- 0) us 
Pos-consensus latency = 5.0399000019218005E7 (+/- 0) us 
Propose latency = 2305.4714870000003 (+/- 229) us 
Write latency = 736.722106 (+/- 250) us 
Accept latency = 1436.9516820000001 (+/- 214) us 
Batch average size = NaN (+/- 0) requests
LCMessage ByteCount = 2786:14
TOMMessage ByteCount = 319058490:672234
StandardSMMessage ByteCount = 10398:19
ConsensusMessage ByteCount = 2635764:12963
--- Measurements after 470000 ops (1000 samples) ---
Throughput = 6896.552 operations/sec (Maximum observed: 9090.909 ops/sec)
Total latency = 5.051981906359E7 (+/- 0) us 
Consensus latency = 5352.129227 (+/- 1111) us 
Pre-consensus latency = 0.0 (+/- 0) us 
Pos-consensus latency = 5.051714946819E7 (+/- 0) us 
Propose latency = 3150.520845 (+/- 1168) us 
Write latency = 756.880795 (+/- 142) us 
Accept latency = 1444.727587 (+/- 110) us 
Batch average size = NaN (+/- 0) requests
LCMessage ByteCount = 2786:14
TOMMessage ByteCount = 319062183:672237
StandardSMMessage ByteCount = 10398:19
ConsensusMessage ByteCount = 2635764:12963
--- Measurements after 471000 ops (1000 samples) ---
Throughput = 8771.93 operations/sec (Maximum observed: 9090.909 ops/sec)
Total latency = 5.0588370170717E7 (+/- 0) us 
Consensus latency = 5601.583379 (+/- 2575) us 
Pre-consensus latency = 0.0 (+/- 0) us 
Pos-consensus latency = 5.0585896850859E7 (+/- 0) us 
Propose latency = 3661.648506 (+/- 2622) us 
Write latency = 552.178306 (+/- 248) us 
Accept latency = 1387.7565670000001 (+/- 232) us 
Batch average size = NaN (+/- 0) requests
LCMessage ByteCount = 2786:14
TOMMessage ByteCount = 319062183:672237
StandardSMMessage ByteCount = 10398:19
ConsensusMessage ByteCount = 2635764:12963
--- Measurements after 472000 ops (1000 samples) ---
Throughput = 5464.481 operations/sec (Maximum observed: 9090.909 ops/sec)
Total latency = 5.0672376874759E7 (+/- 0) us 
Consensus latency = 4576.601884 (+/- 309) us 
Pre-consensus latency = 0.0 (+/- 0) us 
Pos-consensus latency = 5.0669996055402E7 (+/- 0) us 
Propose latency = 2512.940602 (+/- 219) us 
Write latency = 527.478178 (+/- 341) us 
Accept latency = 1536.183104 (+/- 210) us 
Batch average size = NaN (+/- 0) requests
LCMessage ByteCount = 2786:14
TOMMessage ByteCount = 319062183:672237
StandardSMMessage ByteCount = 10398:19
ConsensusMessage ByteCount = 2635764:12963
--- Measurements after 473000 ops (1000 samples) ---
Throughput = 4761.905 operations/sec (Maximum observed: 9090.909 ops/sec)
Total latency = 5.082303323579E7 (+/- 0) us 
Consensus latency = 5689.599566 (+/- 2127) us 
Pre-consensus latency = 0.0 (+/- 0) us 
Pos-consensus latency = 5.0819820846713E7 (+/- 0) us 
Propose latency = 2794.669198 (+/- 789) us 
Write latency = 690.986122 (+/- 163) us 
Accept latency = 2203.944246 (+/- 2022) us 
Batch average size = NaN (+/- 0) requests
LCMessage ByteCount = 2786:14
TOMMessage ByteCount = 319068338:672242
StandardSMMessage ByteCount = 10398:19
ConsensusMessage ByteCount = 2635764:12963
--- Measurements after 474000 ops (1000 samples) ---
Throughput = 5076.142 operations/sec (Maximum observed: 9090.909 ops/sec)
Total latency = 5.099444347292E7 (+/- 0) us 
Consensus latency = 4889.815415 (+/- 576) us 
Pre-consensus latency = 0.0 (+/- 0) us 
Pos-consensus latency = 5.0991908142055E7 (+/- 0) us 
Propose latency = 2658.6789019999997 (+/- 466) us 
Write latency = 779.013461 (+/- 200) us 
Accept latency = 1452.123052 (+/- 178) us 
Batch average size = NaN (+/- 0) requests
LCMessage ByteCount = 2786:14
TOMMessage ByteCount = 319075724:672248
StandardSMMessage ByteCount = 10398:19
ConsensusMessage ByteCount = 2635764:12963
--- Measurements after 475000 ops (1000 samples) ---
Throughput = 8333.333 operations/sec (Maximum observed: 9090.909 ops/sec)
Total latency = 5.1075558265667E7 (+/- 0) us 
Consensus latency = 4745.697065 (+/- 309) us 
Pre-consensus latency = 0.0 (+/- 0) us 
Pos-consensus latency = 5.1072892048234E7 (+/- 0) us 
Propose latency = 2367.701531 (+/- 119) us 
Write latency = 801.409549 (+/- 165) us 
Accept latency = 1576.5859850000002 (+/- 119) us 
Batch average size = NaN (+/- 0) requests
LCMessage ByteCount = 2786:14
TOMMessage ByteCount = 319080648:672252
StandardSMMessage ByteCount = 10398:19
ConsensusMessage ByteCount = 2635764:12963
--- Measurements after 476000 ops (1000 samples) ---
Throughput = 8064.516 operations/sec (Maximum observed: 9090.909 ops/sec)
Total latency = 5.1140169515879E7 (+/- 0) us 
Consensus latency = 4521.160548999999 (+/- 169) us 
Pre-consensus latency = 0.0 (+/- 0) us 
Pos-consensus latency = 5.1137644903969005E7 (+/- 0) us 
Propose latency = 2236.282201 (+/- 116) us 
Write latency = 819.7107950000001 (+/- 163) us 
Accept latency = 1465.167553 (+/- 103) us 
Batch average size = NaN (+/- 0) requests
LCMessage ByteCount = 2786:14
TOMMessage ByteCount = 319080648:672252
StandardSMMessage ByteCount = 10398:19
ConsensusMessage ByteCount = 2635764:12963
--- Measurements after 477000 ops (1000 samples) ---
Throughput = 8333.333 operations/sec (Maximum observed: 9090.909 ops/sec)
Total latency = 5.1207477430343E7 (+/- 0) us 
Consensus latency = 4612.8418169999995 (+/- 225) us 
Pre-consensus latency = 0.0 (+/- 0) us 
Pos-consensus latency = 5.1204932443236E7 (+/- 0) us 
Propose latency = 2237.565792 (+/- 142) us 
Write latency = 854.8386999999999 (+/- 133) us 
Accept latency = 1520.4373249999999 (+/- 128) us 
Batch average size = NaN (+/- 0) requests
LCMessage ByteCount = 2786:14
TOMMessage ByteCount = 319081879:672253
StandardSMMessage ByteCount = 10398:19
ConsensusMessage ByteCount = 2635764:12963
--- Measurements after 478000 ops (1000 samples) ---
Throughput = 8264.463 operations/sec (Maximum observed: 9090.909 ops/sec)
Total latency = 5.1270183364939004E7 (+/- 0) us 
Consensus latency = 5821.126531000001 (+/- 1122) us 
Pre-consensus latency = 0.0 (+/- 0) us 
Pos-consensus latency = 5.1267371951986E7 (+/- 0) us 
Propose latency = 3380.263313 (+/- 910) us 
Write latency = 830.1697730000001 (+/- 297) us 
Accept latency = 1610.693445 (+/- 174) us 
Batch average size = NaN (+/- 0) requests
LCMessage ByteCount = 2786:14
TOMMessage ByteCount = 319083110:672254
StandardSMMessage ByteCount = 10398:19
ConsensusMessage ByteCount = 2635764:12963
--- Measurements after 479000 ops (1000 samples) ---
Throughput = 8547.009 operations/sec (Maximum observed: 9090.909 ops/sec)
Total latency = 5.1339218069236E7 (+/- 0) us 
Consensus latency = 4580.733577 (+/- 176) us 
Pre-consensus latency = 0.0 (+/- 0) us 
Pos-consensus latency = 5.1336664651406996E7 (+/- 0) us 
Propose latency = 2312.568452 (+/- 167) us 
Write latency = 678.146816 (+/- 139) us 
Accept latency = 1590.0183089999998 (+/- 99) us 
Batch average size = NaN (+/- 0) requests
LCMessage ByteCount = 2786:14
TOMMessage ByteCount = 319084341:672255
StandardSMMessage ByteCount = 10398:19
ConsensusMessage ByteCount = 2635764:12963
--- Measurements after 480000 ops (1000 samples) ---
Throughput = 5555.5557 operations/sec (Maximum observed: 9090.909 ops/sec)
Total latency = 5.141164204382E7 (+/- 0) us 
Consensus latency = 4689.580659 (+/- 162) us 
Pre-consensus latency = 0.0 (+/- 0) us 
Pos-consensus latency = 5.1409011811398E7 (+/- 0) us 
Propose latency = 2344.937622 (+/- 156) us 
Write latency = 782.305808 (+/- 208) us 
Accept latency = 1562.337229 (+/- 128) us 
Batch average size = NaN (+/- 0) requests
LCMessage ByteCount = 2786:14
TOMMessage ByteCount = 319091727:672261
StandardSMMessage ByteCount = 10398:19
ConsensusMessage ByteCount = 2635764:12963
--- Measurements after 481000 ops (1000 samples) ---
Throughput = 4761.905 operations/sec (Maximum observed: 9090.909 ops/sec)
Total latency = 5.157010644807E7 (+/- 0) us 
Consensus latency = 4532.663144 (+/- 243) us 
Pre-consensus latency = 0.0 (+/- 0) us 
Pos-consensus latency = 5.1567672893148005E7 (+/- 0) us 
Propose latency = 2400.455829 (+/- 110) us 
Write latency = 615.494336 (+/- 184) us 
Accept latency = 1516.7129790000001 (+/- 237) us 
Batch average size = NaN (+/- 0) requests
LCMessage ByteCount = 2786:14
TOMMessage ByteCount = 319095420:672264
StandardSMMessage ByteCount = 10398:19
ConsensusMessage ByteCount = 2635764:12963
--- Measurements after 482000 ops (1000 samples) ---
Throughput = 4784.689 operations/sec (Maximum observed: 9090.909 ops/sec)
Total latency = 5.1723176039134E7 (+/- 0) us 
Consensus latency = 5573.687373 (+/- 2464) us 
Pre-consensus latency = 0.0 (+/- 0) us 
Pos-consensus latency = 5.1719752919632E7 (+/- 0) us 
Propose latency = 2452.81716 (+/- 329) us 
Write latency = 584.774853 (+/- 146) us 
Accept latency = 2536.09536 (+/- 2514) us 
Batch average size = NaN (+/- 0) requests
LCMessage ByteCount = 2786:14
TOMMessage ByteCount = 319101575:672269
StandardSMMessage ByteCount = 10398:19
ConsensusMessage ByteCount = 2635764:12963
--- Measurements after 483000 ops (1000 samples) ---
Throughput = 4694.8354 operations/sec (Maximum observed: 9090.909 ops/sec)
Total latency = 5.1875849006999E7 (+/- 0) us 
Consensus latency = 5125.047449 (+/- 539) us 
Pre-consensus latency = 0.0 (+/- 0) us 
Pos-consensus latency = 5.1873511539404996E7 (+/- 0) us 
Propose latency = 3119.280522 (+/- 828) us 
Write latency = 500.446984 (+/- 302) us 
Accept latency = 1505.319943 (+/- 114) us 
Batch average size = NaN (+/- 0) requests
LCMessage ByteCount = 2786:14
TOMMessage ByteCount = 319105268:672272
StandardSMMessage ByteCount = 10398:19
ConsensusMessage ByteCount = 2635764:12963
--- Measurements after 484000 ops (1000 samples) ---
Throughput = 4739.3364 operations/sec (Maximum observed: 9090.909 ops/sec)
Total latency = 5.2034863798726E7 (+/- 0) us 
Consensus latency = 4631.419321 (+/- 377) us 
Pre-consensus latency = 0.0 (+/- 0) us 
Pos-consensus latency = 5.2032278553876996E7 (+/- 0) us 
Propose latency = 2319.439981 (+/- 180) us 
Write latency = 723.789448 (+/- 210) us 
Accept latency = 1588.189892 (+/- 133) us 
Batch average size = NaN (+/- 0) requests
LCMessage ByteCount = 2786:14
TOMMessage ByteCount = 319106499:672273
StandardSMMessage ByteCount = 10398:19
ConsensusMessage ByteCount = 2635764:12963
--- Measurements after 485000 ops (1000 samples) ---
Throughput = 4739.3364 operations/sec (Maximum observed: 9090.909 ops/sec)
Total latency = 5.2188380555619E7 (+/- 0) us 
Consensus latency = 4973.712184999999 (+/- 826) us 
Pre-consensus latency = 0.0 (+/- 0) us 
Pos-consensus latency = 5.21858562186E7 (+/- 0) us 
Propose latency = 2800.715072 (+/- 793) us 
Write latency = 743.902451 (+/- 219) us 
Accept latency = 1429.094662 (+/- 169) us 
Batch average size = NaN (+/- 0) requests
LCMessage ByteCount = 2786:14
TOMMessage ByteCount = 319108961:672275
StandardSMMessage ByteCount = 10398:19
ConsensusMessage ByteCount = 2635764:12963
--- Measurements after 486000 ops (1000 samples) ---
Throughput = 4629.6294 operations/sec (Maximum observed: 9090.909 ops/sec)
Total latency = 5.2345528883989E7 (+/- 0) us 
Consensus latency = 6281.8488959999995 (+/- 927) us 
Pre-consensus latency = 0.0 (+/- 0) us 
Pos-consensus latency = 5.2342733374257006E7 (+/- 0) us 
Propose latency = 4024.220443 (+/- 1098) us 
Write latency = 763.901964 (+/- 261) us 
Accept latency = 1493.7264890000001 (+/- 145) us 
Batch average size = NaN (+/- 0) requests
LCMessage ByteCount = 2786:14
TOMMessage ByteCount = 319115116:672280
StandardSMMessage ByteCount = 10398:19
ConsensusMessage ByteCount = 2635764:12963
--- Measurements after 487000 ops (1000 samples) ---
Throughput = 2762.431 operations/sec (Maximum observed: 9090.909 ops/sec)
Total latency = 5.2606717098464E7 (+/- 0) us 
Consensus latency = 4926.676441 (+/- 283) us 
Pre-consensus latency = 0.0 (+/- 0) us 
Pos-consensus latency = 5.2604024499938E7 (+/- 0) us 
Propose latency = 2589.717528 (+/- 262) us 
Write latency = 915.043125 (+/- 322) us 
Accept latency = 1421.915788 (+/- 143) us 
Batch average size = NaN (+/- 0) requests
LCMessage ByteCount = 2786:14
TOMMessage ByteCount = 319121271:672285
StandardSMMessage ByteCount = 10398:19
ConsensusMessage ByteCount = 2635764:12963
--- Measurements after 488000 ops (1000 samples) ---
Throughput = 4608.295 operations/sec (Maximum observed: 9090.909 ops/sec)
Total latency = 5.2817646207894996E7 (+/- 0) us 
Consensus latency = 4445.003439 (+/- 272) us 
Pre-consensus latency = 0.0 (+/- 0) us 
Pos-consensus latency = 5.2815200480477996E7 (+/- 0) us 
Propose latency = 2285.433011 (+/- 205) us 
Write latency = 726.633944 (+/- 180) us 
Accept latency = 1432.9364839999998 (+/- 153) us 
Batch average size = NaN (+/- 0) requests
LCMessage ByteCount = 2786:14
TOMMessage ByteCount = 319128657:672291
StandardSMMessage ByteCount = 10398:19
ConsensusMessage ByteCount = 2635764:12963
--- Measurements after 489000 ops (1000 samples) ---
Throughput = 4761.905 operations/sec (Maximum observed: 9090.909 ops/sec)
Total latency = 5.2977522219543E7 (+/- 0) us 
Consensus latency = 4756.362077 (+/- 185) us 
Pre-consensus latency = 0.0 (+/- 0) us 
Pos-consensus latency = 5.2974805324074E7 (+/- 0) us 
Propose latency = 2339.9807 (+/- 136) us 
Write latency = 931.298233 (+/- 150) us 
Accept latency = 1485.0831440000002 (+/- 112) us 
Batch average size = NaN (+/- 0) requests
LCMessage ByteCount = 2786:14
TOMMessage ByteCount = 319134812:672296
StandardSMMessage ByteCount = 10398:19
ConsensusMessage ByteCount = 2635764:12963
--- Measurements after 490000 ops (1000 samples) ---
Throughput = 4291.8457 operations/sec (Maximum observed: 9090.909 ops/sec)
Total latency = 5.3139600576005995E7 (+/- 0) us 
Consensus latency = 4521.867803 (+/- 255) us 
Pre-consensus latency = 0.0 (+/- 0) us 
Pos-consensus latency = 5.3137212560864E7 (+/- 0) us 
Propose latency = 2412.385809 (+/- 209) us 
Write latency = 574.8726700000001 (+/- 184) us 
Accept latency = 1534.609324 (+/- 118) us 
Batch average size = NaN (+/- 0) requests
LCMessage ByteCount = 2786:14
TOMMessage ByteCount = 319143429:672303
StandardSMMessage ByteCount = 10398:19
ConsensusMessage ByteCount = 2635764:12963
--- Measurements after 491000 ops (1000 samples) ---
Throughput = 4273.5044 operations/sec (Maximum observed: 9090.909 ops/sec)
Total latency = 5.3321068293675005E7 (+/- 0) us 
Consensus latency = 4546.065891 (+/- 201) us 
Pre-consensus latency = 0.0 (+/- 0) us 
Pos-consensus latency = 5.3318490011406995E7 (+/- 0) us 
Propose latency = 2225.398256 (+/- 90) us 
Write latency = 754.92956 (+/- 136) us 
Accept latency = 1565.738075 (+/- 124) us 
Batch average size = NaN (+/- 0) requests
LCMessage ByteCount = 2786:14
TOMMessage ByteCount = 319149584:672308
StandardSMMessage ByteCount = 10398:19
ConsensusMessage ByteCount = 2635764:12963
--- Measurements after 492000 ops (1000 samples) ---
Throughput = 3952.569 operations/sec (Maximum observed: 9090.909 ops/sec)
Total latency = 5.3516052729544E7 (+/- 0) us 
Consensus latency = 4410.434353000001 (+/- 250) us 
Pre-consensus latency = 0.0 (+/- 0) us 
Pos-consensus latency = 5.3513530211031996E7 (+/- 0) us 
Propose latency = 2075.483807 (+/- 131) us 
Write latency = 788.515189 (+/- 306) us 
Accept latency = 1546.435357 (+/- 124) us 
Batch average size = NaN (+/- 0) requests
LCMessage ByteCount = 2786:14
TOMMessage ByteCount = 319154508:672312
StandardSMMessage ByteCount = 10398:19
ConsensusMessage ByteCount = 2635764:12963
--- Measurements after 493000 ops (1000 samples) ---
Throughput = 4716.981 operations/sec (Maximum observed: 9090.909 ops/sec)
Total latency = 5.3681315363374E7 (+/- 0) us 
Consensus latency = 5048.264246000001 (+/- 1124) us 
Pre-consensus latency = 0.0 (+/- 0) us 
Pos-consensus latency = 5.3678989046346E7 (+/- 0) us 
Propose latency = 3041.1830959999998 (+/- 1205) us 
Write latency = 731.54192 (+/- 153) us 
Accept latency = 1275.53923 (+/- 242) us 
Batch average size = NaN (+/- 0) requests
LCMessage ByteCount = 2786:14
TOMMessage ByteCount = 319171742:672326
StandardSMMessage ByteCount = 10398:19
ConsensusMessage ByteCount = 2635764:12963
--- Measurements after 494000 ops (1000 samples) ---
Throughput = 5235.602 operations/sec (Maximum observed: 9090.909 ops/sec)
Total latency = 5.3831902886157E7 (+/- 0) us 
Consensus latency = 3747.872163 (+/- 422) us 
Pre-consensus latency = 0.0 (+/- 0) us 
Pos-consensus latency = 5.382973790807E7 (+/- 0) us 
Propose latency = 1995.0482120000001 (+/- 243) us 
Write latency = 236.233666 (+/- 231) us 
Accept latency = 1516.590285 (+/- 257) us 
Batch average size = NaN (+/- 0) requests
LCMessage ByteCount = 2786:14
TOMMessage ByteCount = 319179128:672332
StandardSMMessage ByteCount = 10398:19
ConsensusMessage ByteCount = 2635764:12963
--- Measurements after 495000 ops (1000 samples) ---
Throughput = 7518.797 operations/sec (Maximum observed: 9090.909 ops/sec)
Total latency = 5.3933156428353E7 (+/- 0) us 
Consensus latency = 4605.308964 (+/- 386) us 
Pre-consensus latency = 0.0 (+/- 0) us 
Pos-consensus latency = 5.3930643486174E7 (+/- 0) us 
Propose latency = 2391.932804 (+/- 283) us 
Write latency = 530.2238120000001 (+/- 370) us 
Accept latency = 1683.152348 (+/- 226) us 
Batch average size = NaN (+/- 0) requests
LCMessage ByteCount = 2786:14
TOMMessage ByteCount = 319184052:672336
StandardSMMessage ByteCount = 10398:19
ConsensusMessage ByteCount = 2635764:12963
--- Measurements after 496000 ops (1000 samples) ---
Throughput = 7352.9414 operations/sec (Maximum observed: 9090.909 ops/sec)
Total latency = 5.4004875820678E7 (+/- 0) us 
Consensus latency = 4817.223984 (+/- 1458) us 
Pre-consensus latency = 0.0 (+/- 0) us 
Pos-consensus latency = 5.4002304957245E7 (+/- 0) us 
Propose latency = 2498.664155 (+/- 608) us 
Write latency = 276.383972 (+/- 159) us 
Accept latency = 2042.1758570000002 (+/- 1415) us 
Batch average size = NaN (+/- 0) requests
LCMessage ByteCount = 2786:14
TOMMessage ByteCount = 319184052:672336
StandardSMMessage ByteCount = 10398:19
ConsensusMessage ByteCount = 2635764:12963
--- Measurements after 497000 ops (1000 samples) ---
Throughput = 5681.8184 operations/sec (Maximum observed: 9090.909 ops/sec)
Total latency = 5.410145974743699E7 (+/- 0) us 
Consensus latency = 3871.306787 (+/- 301) us 
Pre-consensus latency = 0.0 (+/- 0) us 
Pos-consensus latency = 5.4099240044858E7 (+/- 0) us 
Propose latency = 1875.615894 (+/- 194) us 
Write latency = 445.11564899999996 (+/- 224) us 
Accept latency = 1550.5752439999999 (+/- 182) us 
Batch average size = NaN (+/- 0) requests
LCMessage ByteCount = 2786:14
TOMMessage ByteCount = 319184052:672336
StandardSMMessage ByteCount = 10398:19
ConsensusMessage ByteCount = 2635764:12963
--- Measurements after 498000 ops (1000 samples) ---
Throughput = 6993.007 operations/sec (Maximum observed: 9090.909 ops/sec)
Total latency = 5.4179264846634E7 (+/- 0) us 
Consensus latency = 3383.440857 (+/- 338) us 
Pre-consensus latency = 0.0 (+/- 0) us 
Pos-consensus latency = 5.41771132296E7 (+/- 0) us 
Propose latency = 1407.3605830000001 (+/- 292) us 
Write latency = 507.452087 (+/- 267) us 
Accept latency = 1468.628187 (+/- 141) us 
Batch average size = NaN (+/- 0) requests
LCMessage ByteCount = 2786:14
TOMMessage ByteCount = 319184052:672336
StandardSMMessage ByteCount = 10398:19
ConsensusMessage ByteCount = 2635764:12963
--- Measurements after 499000 ops (1000 samples) ---
Throughput = 6622.5166 operations/sec (Maximum observed: 9090.909 ops/sec)
Total latency = 5.4228006404905E7 (+/- 0) us 
Consensus latency = 3234.579815 (+/- 379) us 
Pre-consensus latency = 0.0 (+/- 0) us 
Pos-consensus latency = 5.4225744921774E7 (+/- 0) us 
Propose latency = 1125.832418 (+/- 400) us 
Write latency = 559.4118510000001 (+/- 195) us 
Accept latency = 1549.335546 (+/- 200) us 
Batch average size = NaN (+/- 0) requests
LCMessage ByteCount = 2786:14
TOMMessage ByteCount = 319185283:672337
StandardSMMessage ByteCount = 10398:19
ConsensusMessage ByteCount = 2635764:12963
--- Measurements after 500000 ops (1000 samples) ---
Throughput = 6802.721 operations/sec (Maximum observed: 9090.909 ops/sec)
Total latency = 5.4190777707551E7 (+/- 0) us 
Consensus latency = 2681.792445 (+/- 528) us 
Pre-consensus latency = 0.0 (+/- 0) us 
Pos-consensus latency = 5.4188616416062E7 (+/- 0) us 
Propose latency = 648.9120790000001 (+/- 506) us 
Write latency = 591.3487389999999 (+/- 284) us 
Accept latency = 1441.531627 (+/- 171) us 
Batch average size = NaN (+/- 0) requests
LCMessage ByteCount = 2786:14
TOMMessage ByteCount = 319185283:672337
StandardSMMessage ByteCount = 10398:19
ConsensusMessage ByteCount = 2635764:12963
