-- Using view stored on disk
-- SSL/TLS handshake complete!, Id:0  ## CipherSuite: TLS_ECDHE_ECDSA_WITH_AES_128_GCM_SHA256.
-- SSL/TLS handshake complete!, Id:1  ## CipherSuite: TLS_ECDHE_ECDSA_WITH_AES_128_GCM_SHA256.
-- ID = 2
-- N = 4
-- F = 1
-- Port (client <-> server) = 11020
-- Port (server <-> server) = 11021
-- requestTimeout = 2000
-- maxBatch = 1024
-- Binded replica to IP address 134.60.242.13
-- Optimizations:  Read-only Requests: disabled
-- SSL/TLS enabled, protocol version: TLSv1.2
-- In current view: ID:0; F:1; Processes:0(/134.60.242.11:11000),1(/134.60.242.12:11010),2(/134.60.242.13:11020),3(/134.60.242.14:11030),
-- Retrieving State
-- Replica state is up to date
-- 
		###################################
		    Ready to process operations    
		###################################
-- Session Created, active clients=0
-- Session Created, active clients=0
-- Session Created, active clients=0
-- Session Created, active clients=0
-- Session Created, active clients=0
-- Session Created, active clients=0
-- Session Created, active clients=0
-- Session Created, active clients=0
-- Session Created, active clients=0
-- Session Created, active clients=0
-- Session Created, active clients=0
-- Session Created, active clients=0
-- Session Created, active clients=0
-- Session Created, active clients=0
-- Session Created, active clients=0
-- Session Created, active clients=0
-- Session Created, active clients=0
-- Session Created, active clients=0
-- Session Created, active clients=0
-- Session Created, active clients=0
-- Session Created, active clients=0
-- Session Created, active clients=0
-- Session Created, active clients=0
-- Session Created, active clients=0
-- Session Created, active clients=0
-- Session Created, active clients=0
-- Session Created, active clients=0
-- Session Created, active clients=0
-- Session Created, active clients=0
-- Session Created, active clients=0
-- Session Created, active clients=0
-- Session Created, active clients=0
-- Session Created, active clients=0
-- Session Created, active clients=0
-- Session Created, active clients=0
-- Session Created, active clients=0
-- Session Created, active clients=0
-- Session Created, active clients=0
-- Session Created, active clients=0
-- Session Created, active clients=0
-- Session Created, active clients=0
-- Session Created, active clients=0
-- Session Created, active clients=0
-- Session Created, active clients=0
-- Session Created, active clients=0
-- Session Created, active clients=0
-- Session Created, active clients=0
-- Session Created, active clients=0
-- Session Created, active clients=0
-- Session Created, active clients=0
-- Session Created, active clients=0
-- Session Created, active clients=0
-- Session Created, active clients=0
-- Session Created, active clients=0
-- Session Created, active clients=0
-- Session Created, active clients=0
-- Session Created, active clients=0
-- Session Created, active clients=0
-- Session Created, active clients=0
-- Session Created, active clients=0
-- Session Created, active clients=0
-- Session Created, active clients=0
-- Session Created, active clients=0
-- Session Created, active clients=0
-- Session Created, active clients=0
-- Session Created, active clients=0
-- Session Created, active clients=0
-- Session Created, active clients=0
-- Session Created, active clients=0
-- Session Created, active clients=0
-- Session Created, active clients=0
-- Session Created, active clients=0
-- Session Created, active clients=0
-- Session Created, active clients=0
-- Session Created, active clients=0
-- Session Created, active clients=0
-- Session Created, active clients=0
-- Session Created, active clients=0
-- Session Created, active clients=0
-- Session Created, active clients=0
-- Session Created, active clients=0
-- Session Created, active clients=0
-- Session Created, active clients=0
-- Session Created, active clients=0
-- Session Created, active clients=0
-- Session Created, active clients=0
-- Session Created, active clients=0
-- Session Created, active clients=0
-- Session Created, active clients=0
-- Session Created, active clients=0
-- Session Created, active clients=0
-- Session Created, active clients=0
-- Session Created, active clients=0
-- Session Created, active clients=0
-- Session Created, active clients=0
-- Session Created, active clients=0
-- Session Created, active clients=0
-- Session Created, active clients=0
-- Session Created, active clients=0
-- Session Created, active clients=0
-- Session Created, active clients=0
-- Session Created, active clients=0
-- Session Created, active clients=0
-- Session Created, active clients=0
-- Session Created, active clients=0
-- Session Created, active clients=0
-- Session Created, active clients=0
-- Session Created, active clients=0
-- Session Created, active clients=0
-- Session Created, active clients=0
-- Session Created, active clients=0
-- Session Created, active clients=0
-- Session Created, active clients=0
-- Session Created, active clients=0
-- Session Created, active clients=0
-- Session Created, active clients=0
-- Session Created, active clients=0
-- Session Created, active clients=0
-- Session Created, active clients=0
-- Session Created, active clients=0
-- Session Created, active clients=0
-- Session Created, active clients=0
-- Session Created, active clients=0
-- Session Created, active clients=0
-- Session Created, active clients=0
-- Session Created, active clients=0
-- Session Created, active clients=0
-- Session Created, active clients=0
-- Session Created, active clients=0
-- Session Created, active clients=0
-- Session Created, active clients=0
-- Session Created, active clients=0
-- Session Created, active clients=0
-- Session Created, active clients=0
-- Session Created, active clients=0
-- Session Created, active clients=0
-- Session Created, active clients=0
-- Session Created, active clients=0
-- Session Created, active clients=0
-- Session Created, active clients=0
-- Session Created, active clients=0
-- Session Created, active clients=0
-- Session Created, active clients=0
-- Session Created, active clients=0
-- Session Created, active clients=0
-- Session Created, active clients=0
-- Session Created, active clients=0
-- Session Created, active clients=0
-- Session Created, active clients=0
-- Session Created, active clients=0
-- Session Created, active clients=0
-- Session Created, active clients=0
-- Session Created, active clients=0
-- Session Created, active clients=0
-- Session Created, active clients=0
-- Session Created, active clients=0
-- Session Created, active clients=0
-- Session Created, active clients=0
-- Session Created, active clients=0
-- Session Created, active clients=0
-- Session Created, active clients=0
-- Session Created, active clients=0
-- Session Created, active clients=0
-- Session Created, active clients=0
-- Session Created, active clients=0
-- Session Created, active clients=0
-- Session Created, active clients=0
-- Session Created, active clients=0
-- Session Created, active clients=0
-- Session Created, active clients=0
-- Session Created, active clients=0
-- Session Created, active clients=0
-- Session Created, active clients=0
-- Session Created, active clients=0
-- Session Created, active clients=0
-- Session Created, active clients=0
-- Session Created, active clients=0
-- Session Created, active clients=0
-- Session Created, active clients=0
-- Session Created, active clients=0
-- Session Created, active clients=0
-- Session Created, active clients=0
-- Session Created, active clients=0
-- Session Created, active clients=0
-- Session Created, active clients=0
-- Session Created, active clients=0
-- Session Created, active clients=0
-- Session Created, active clients=0
-- Session Created, active clients=0
-- Session Created, active clients=0
-- Session Created, active clients=0
-- Session Created, active clients=0
-- Session Created, active clients=0
-- Session Created, active clients=0
-- Session Created, active clients=0
-- Session Created, active clients=0
-- Session Created, active clients=0
-- Session Created, active clients=0
-- Session Created, active clients=0
-- Session Created, active clients=0
--- Measurements after 1000 ops (1000 samples) ---
Throughput = 21.261215 operations/sec (Maximum observed: 21.261215 ops/sec)
Total latency = 58094.899681 (+/- 39214) us 
Consensus latency = 16480.412234 (+/- 12299) us 
Pre-consensus latency = 0.0 (+/- 0) us 
Pos-consensus latency = 48323.774641 (+/- 35139) us 
Propose latency = 8119.867035 (+/- 5064) us 
Write latency = 2858.81189 (+/- 1670) us 
Accept latency = 5501.733309 (+/- 7307) us 
Batch average size = 100.0 (+/- 70) requests
StandardSMMessage ByteCount = 13481
TOMMessage ByteCount = 1251858
ConsensusMessage ByteCount = 6101
--- Measurements after 2000 ops (1000 samples) ---
Throughput = 83.31251 operations/sec (Maximum observed: 83.31251 ops/sec)
Total latency = 38993.511646 (+/- 21634) us 
Consensus latency = 7957.756349 (+/- 1578) us 
Pre-consensus latency = 0.0 (+/- 0) us 
Pos-consensus latency = 34318.992034 (+/- 21470) us 
Propose latency = 4164.1852659999995 (+/- 1462) us 
Write latency = 1375.531457 (+/- 562) us 
Accept latency = 2418.039626 (+/- 329) us 
Batch average size = 71.42857142857143 (+/- 59) requests
StandardSMMessage ByteCount = 13481
TOMMessage ByteCount = 2824241
ConsensusMessage ByteCount = 14639
--- Measurements after 3000 ops (1000 samples) ---
Throughput = 105.252075 operations/sec (Maximum observed: 105.252075 ops/sec)
Total latency = 33347.647188 (+/- 18339) us 
Consensus latency = 6615.689221 (+/- 1406) us 
Pre-consensus latency = 0.0 (+/- 0) us 
Pos-consensus latency = 29388.010513 (+/- 18207) us 
Propose latency = 3319.957498 (+/- 1252) us 
Write latency = 1156.567139 (+/- 432) us 
Accept latency = 2139.1645839999996 (+/- 171) us 
Batch average size = 66.66666666666667 (+/- 54) requests
StandardSMMessage ByteCount = 13481
TOMMessage ByteCount = 4534203
ConsensusMessage ByteCount = 23790
--- Measurements after 4000 ops (1000 samples) ---
Throughput = 143.04105 operations/sec (Maximum observed: 143.04105 ops/sec)
Total latency = 31353.036277 (+/- 16767) us 
Consensus latency = 5904.115339 (+/- 1081) us 
Pre-consensus latency = 0.0 (+/- 0) us 
Pos-consensus latency = 27996.376416000003 (+/- 16674) us 
Propose latency = 2993.161919 (+/- 949) us 
Write latency = 883.388396 (+/- 447) us 
Accept latency = 2027.565024 (+/- 182) us 
Batch average size = 83.33333333333333 (+/- 55) requests
StandardSMMessage ByteCount = 13481
TOMMessage ByteCount = 5802690
ConsensusMessage ByteCount = 31111
--- Measurements after 5000 ops (1000 samples) ---
Throughput = 221.04332 operations/sec (Maximum observed: 221.04332 ops/sec)
Total latency = 43207.478666 (+/- 22605) us 
Consensus latency = 6634.292934 (+/- 964) us 
Pre-consensus latency = 0.0 (+/- 0) us 
Pos-consensus latency = 39883.351446 (+/- 22629) us 
Propose latency = 4185.633357 (+/- 1205) us 
Write latency = 535.692815 (+/- 232) us 
Accept latency = 1912.966762 (+/- 162) us 
Batch average size = 71.42857142857143 (+/- 83) requests
StandardSMMessage ByteCount = 13481
TOMMessage ByteCount = 7282849
ConsensusMessage ByteCount = 39649
--- Measurements after 6000 ops (1000 samples) ---
Throughput = 503.27127 operations/sec (Maximum observed: 503.27127 ops/sec)
Total latency = 41374.37111 (+/- 21139) us 
Consensus latency = 6779.4411900000005 (+/- 910) us 
Pre-consensus latency = 0.0 (+/- 0) us 
Pos-consensus latency = 37940.36615 (+/- 21162) us 
Propose latency = 3975.918232 (+/- 1011) us 
Write latency = 804.2077340000001 (+/- 186) us 
Accept latency = 1999.315224 (+/- 128) us 
Batch average size = 76.92307692307692 (+/- 86) requests
StandardSMMessage ByteCount = 13481
TOMMessage ByteCount = 8797778
ConsensusMessage ByteCount = 47575
--- Measurements after 7000 ops (1000 samples) ---
Throughput = 3636.3635 operations/sec (Maximum observed: 3636.3635 ops/sec)
Total latency = 90675.37376199999 (+/- 0) us 
Consensus latency = 19381.218355999998 (+/- 5174) us 
Pre-consensus latency = 0.0 (+/- 0) us 
Pos-consensus latency = 84037.262565 (+/- 0) us 
Propose latency = 16422.903514 (+/- 5619) us 
Write latency = 1793.5601920000001 (+/- 629) us 
Accept latency = 1164.7546499999999 (+/- 366) us 
Batch average size = 988.5 (+/- 1421) requests
StandardSMMessage ByteCount = 13481
TOMMessage ByteCount = 10404940
ConsensusMessage ByteCount = 51844
--- Measurements after 8000 ops (1000 samples) ---
Throughput = 4504.5044 operations/sec (Maximum observed: 4504.5044 ops/sec)
Total latency = 267485.134463 (+/- 0) us 
Consensus latency = 25868.927954 (+/- 994) us 
Pre-consensus latency = 0.0 (+/- 0) us 
Pos-consensus latency = 260858.211567 (+/- 0) us 
Propose latency = 24661.477518 (+/- 1122) us 
Write latency = 205.546942 (+/- 9) us 
Accept latency = 1001.9034939999999 (+/- 117) us 
Batch average size = NaN (+/- 0) requests
StandardSMMessage ByteCount = 13481
TOMMessage ByteCount = 10404940
ConsensusMessage ByteCount = 54893
--- Measurements after 9000 ops (1000 samples) ---
Throughput = 4587.156 operations/sec (Maximum observed: 4587.156 ops/sec)
Total latency = 454962.11670899997 (+/- 0) us 
Consensus latency = 23166.622890000002 (+/- 1404) us 
Pre-consensus latency = 0.0 (+/- 0) us 
Pos-consensus latency = 448016.749699 (+/- 0) us 
Propose latency = 21313.714649999998 (+/- 497) us 
Write latency = 509.02628999999996 (+/- 994) us 
Accept latency = 1343.88195 (+/- 88) us 
Batch average size = NaN (+/- 0) requests
StandardSMMessage ByteCount = 13481
TOMMessage ByteCount = 10404940
ConsensusMessage ByteCount = 58553
--- Measurements after 10000 ops (1000 samples) ---
Throughput = 3215.434 operations/sec (Maximum observed: 4587.156 ops/sec)
Total latency = 647879.399003 (+/- 0) us 
Consensus latency = 28680.879458 (+/- 1808) us 
Pre-consensus latency = 0.0 (+/- 0) us 
Pos-consensus latency = 638149.256525 (+/- 0) us 
Propose latency = 23429.722914 (+/- 1376) us 
Write latency = 4167.345704 (+/- 156) us 
Accept latency = 1083.81084 (+/- 276) us 
Batch average size = 18432.0 (+/- 0) requests
StandardSMMessage ByteCount = 13481
TOMMessage ByteCount = 15049517
ConsensusMessage ByteCount = 62826
--- Measurements after 11000 ops (1000 samples) ---
Throughput = 4347.826 operations/sec (Maximum observed: 4587.156 ops/sec)
Total latency = 902221.476125 (+/- 0) us 
Consensus latency = 36633.921228 (+/- 1870) us 
Pre-consensus latency = 0.0 (+/- 0) us 
Pos-consensus latency = 889999.2184509999 (+/- 0) us 
Propose latency = 29360.715377999997 (+/- 2222) us 
Write latency = 4926.262954 (+/- 311) us 
Accept latency = 2346.942896 (+/- 41) us 
Batch average size = NaN (+/- 0) requests
StandardSMMessage ByteCount = 13481
TOMMessage ByteCount = 15049517
ConsensusMessage ByteCount = 66487
--- Measurements after 12000 ops (1000 samples) ---
Throughput = 4273.5044 operations/sec (Maximum observed: 4587.156 ops/sec)
Total latency = 1100068.301812 (+/- 0) us 
Consensus latency = 24169.677 (+/- 0) us 
Pre-consensus latency = 0.0 (+/- 0) us 
Pos-consensus latency = 1087528.519812 (+/- 0) us 
Propose latency = 14547.633 (+/- 0) us 
Write latency = 6999.532 (+/- 0) us 
Accept latency = 2622.512 (+/- 0) us 
Batch average size = NaN (+/- 0) requests
StandardSMMessage ByteCount = 13481
TOMMessage ByteCount = 15049517
ConsensusMessage ByteCount = 70146
--- Measurements after 13000 ops (1000 samples) ---
Throughput = 4405.286 operations/sec (Maximum observed: 4587.156 ops/sec)
Total latency = 1296116.858673 (+/- 0) us 
Consensus latency = 27626.386726 (+/- 154) us 
Pre-consensus latency = 0.0 (+/- 0) us 
Pos-consensus latency = 1281234.756701 (+/- 0) us 
Propose latency = 18354.705596 (+/- 170) us 
Write latency = 7026.1855860000005 (+/- 1) us 
Accept latency = 2245.4955440000003 (+/- 16) us 
Batch average size = NaN (+/- 0) requests
StandardSMMessage ByteCount = 13481
TOMMessage ByteCount = 15049517
ConsensusMessage ByteCount = 73807
--- Measurements after 14000 ops (1000 samples) ---
Throughput = 4424.779 operations/sec (Maximum observed: 4587.156 ops/sec)
Total latency = 1491263.255185 (+/- 0) us 
Consensus latency = 26846.926853999998 (+/- 128) us 
Pre-consensus latency = 0.0 (+/- 0) us 
Pos-consensus latency = 1473941.157245 (+/- 0) us 
Propose latency = 14929.265512 (+/- 561) us 
Write latency = 10259.403754 (+/- 528) us 
Accept latency = 1658.257588 (+/- 95) us 
Batch average size = NaN (+/- 0) requests
StandardSMMessage ByteCount = 13481
TOMMessage ByteCount = 15049517
ConsensusMessage ByteCount = 78076
--- Measurements after 15000 ops (1000 samples) ---
Throughput = 4273.5044 operations/sec (Maximum observed: 4587.156 ops/sec)
Total latency = 1685948.32904 (+/- 0) us 
Consensus latency = 28306.788350000003 (+/- 339) us 
Pre-consensus latency = 0.0 (+/- 0) us 
Pos-consensus latency = 1671452.7931400002 (+/- 0) us 
Propose latency = 19500.89275 (+/- 1070) us 
Write latency = 6925.5048 (+/- 785) us 
Accept latency = 1880.3908000000001 (+/- 54) us 
Batch average size = NaN (+/- 0) requests
StandardSMMessage ByteCount = 13481
LCMessage ByteCount = 199
TOMMessage ByteCount = 15049517
ConsensusMessage ByteCount = 81737
--- Measurements after 16000 ops (1000 samples) ---
Throughput = 3436.426 operations/sec (Maximum observed: 4587.156 ops/sec)
Total latency = 1884572.104181 (+/- 0) us 
Consensus latency = 39857.427224 (+/- 3244) us 
Pre-consensus latency = 0.0 (+/- 0) us 
Pos-consensus latency = 1874599.511369 (+/- 0) us 
Propose latency = 37079.712708 (+/- 4902) us 
Write latency = 790.8204420000001 (+/- 1684) us 
Accept latency = 1986.894074 (+/- 26) us 
Batch average size = NaN (+/- 0) requests
StandardSMMessage ByteCount = 13481
LCMessage ByteCount = 199
TOMMessage ByteCount = 15049517
ConsensusMessage ByteCount = 86355
--- Measurements after 17000 ops (1000 samples) ---
Throughput = 4255.3193 operations/sec (Maximum observed: 4587.156 ops/sec)
Total latency = 2102083.882661 (+/- 0) us 
Consensus latency = 32191.197035999998 (+/- 2830) us 
Pre-consensus latency = 0.0 (+/- 0) us 
Pos-consensus latency = 2088951.973061 (+/- 0) us 
Propose latency = 24270.38711 (+/- 4681) us 
Write latency = 5800.066296 (+/- 1808) us 
Accept latency = 2120.74363 (+/- 41) us 
Batch average size = NaN (+/- 0) requests
StandardSMMessage ByteCount = 13481
LCMessage ByteCount = 199
TOMMessage ByteCount = 15049517
ConsensusMessage ByteCount = 90279
--- Measurements after 18000 ops (1000 samples) ---
Throughput = 4273.5044 operations/sec (Maximum observed: 4587.156 ops/sec)
Total latency = 2293705.591171 (+/- 0) us 
Consensus latency = 29377.00186 (+/- 701) us 
Pre-consensus latency = 0.0 (+/- 0) us 
Pos-consensus latency = 2283188.046839 (+/- 0) us 
Propose latency = 22393.076838 (+/- 124) us 
Write latency = 4743.6402180000005 (+/- 616) us 
Accept latency = 2240.284804 (+/- 39) us 
Batch average size = NaN (+/- 0) requests
StandardSMMessage ByteCount = 13481
LCMessage ByteCount = 199
TOMMessage ByteCount = 15049517
ConsensusMessage ByteCount = 93942
--- Measurements after 19000 ops (1000 samples) ---
Throughput = 4405.286 operations/sec (Maximum observed: 4587.156 ops/sec)
Total latency = 2489888.694053 (+/- 0) us 
Consensus latency = 25164.175086 (+/- 1634) us 
Pre-consensus latency = 0.0 (+/- 0) us 
Pos-consensus latency = 2483386.706277 (+/- 0) us 
Propose latency = 21491.790370000002 (+/- 353) us 
Write latency = 1965.4196180000001 (+/- 1054) us 
Accept latency = 1706.965098 (+/- 226) us 
Batch average size = NaN (+/- 0) requests
StandardSMMessage ByteCount = 13481
LCMessage ByteCount = 199
TOMMessage ByteCount = 15049517
ConsensusMessage ByteCount = 98213
--- Measurements after 20000 ops (1000 samples) ---
Throughput = 4219.409 operations/sec (Maximum observed: 4587.156 ops/sec)
Total latency = 2690803.657163 (+/- 0) us 
Consensus latency = 23114.60143 (+/- 622) us 
Pre-consensus latency = 0.0 (+/- 0) us 
Pos-consensus latency = 2686182.0951630003 (+/- 0) us 
Propose latency = 20662.693199999998 (+/- 309) us 
Write latency = 438.16155 (+/- 494) us 
Accept latency = 2013.74668 (+/- 181) us 
Batch average size = NaN (+/- 0) requests
StandardSMMessage ByteCount = 13481
LCMessage ByteCount = 199
TOMMessage ByteCount = 15049517
ConsensusMessage ByteCount = 101874
--- Measurements after 21000 ops (1000 samples) ---
Throughput = 4310.3447 operations/sec (Maximum observed: 4587.156 ops/sec)
Total latency = 2879235.210253 (+/- 0) us 
Consensus latency = 37127.95076 (+/- 7016) us 
Pre-consensus latency = 0.0 (+/- 0) us 
Pos-consensus latency = 2865776.0149310003 (+/- 0) us 
Propose latency = 34807.080744000006 (+/- 7011) us 
Write latency = 287.19970400000005 (+/- 35) us 
Accept latency = 2033.670312 (+/- 30) us 
Batch average size = NaN (+/- 0) requests
StandardSMMessage ByteCount = 13481
LCMessage ByteCount = 199
TOMMessage ByteCount = 15049517
ConsensusMessage ByteCount = 105534
--- Measurements after 22000 ops (1000 samples) ---
Throughput = 4405.286 operations/sec (Maximum observed: 4587.156 ops/sec)
Total latency = 3070987.778967 (+/- 0) us 
Consensus latency = 28335.730492 (+/- 6462) us 
Pre-consensus latency = 0.0 (+/- 0) us 
Pos-consensus latency = 3063046.250633 (+/- 0) us 
Propose latency = 26041.74564 (+/- 6446) us 
Write latency = 263.004784 (+/- 22) us 
Accept latency = 2030.980068 (+/- 6) us 
Batch average size = NaN (+/- 0) requests
StandardSMMessage ByteCount = 13481
LCMessage ByteCount = 199
TOMMessage ByteCount = 15049517
ConsensusMessage ByteCount = 109192
--- Measurements after 23000 ops (1000 samples) ---
Throughput = 4273.5044 operations/sec (Maximum observed: 4587.156 ops/sec)
Total latency = 3269878.524562 (+/- 0) us 
Consensus latency = 27400.098252 (+/- 1398) us 
Pre-consensus latency = 0.0 (+/- 0) us 
Pos-consensus latency = 3261431.90144 (+/- 0) us 
Propose latency = 21685.298624000003 (+/- 539) us 
Write latency = 3396.07228 (+/- 1777) us 
Accept latency = 2318.7273480000003 (+/- 160) us 
Batch average size = NaN (+/- 0) requests
StandardSMMessage ByteCount = 13481
LCMessage ByteCount = 398
TOMMessage ByteCount = 15049517
ConsensusMessage ByteCount = 112244
--- Measurements after 24000 ops (1000 samples) ---
Throughput = 4310.3447 operations/sec (Maximum observed: 4587.156 ops/sec)
Total latency = 3463668.3644239996 (+/- 0) us 
Consensus latency = 25463.006581999998 (+/- 1642) us 
Pre-consensus latency = 0.0 (+/- 0) us 
Pos-consensus latency = 3457036.88281 (+/- 0) us 
Propose latency = 21439.451672 (+/- 35) us 
Write latency = 1780.60018 (+/- 1577) us 
Accept latency = 2242.95473 (+/- 100) us 
Batch average size = NaN (+/- 0) requests
StandardSMMessage ByteCount = 13481
LCMessage ByteCount = 398
TOMMessage ByteCount = 15049517
ConsensusMessage ByteCount = 115296
--- Measurements after 25000 ops (1000 samples) ---
Throughput = 4504.5044 operations/sec (Maximum observed: 4587.156 ops/sec)
Total latency = 3657858.519434 (+/- 0) us 
Consensus latency = 25847.64917 (+/- 877) us 
Pre-consensus latency = 0.0 (+/- 0) us 
Pos-consensus latency = 3650566.0157140004 (+/- 0) us 
Propose latency = 21505.31465 (+/- 28) us 
Write latency = 2772.4225 (+/- 1241) us 
Accept latency = 1569.91202 (+/- 391) us 
Batch average size = NaN (+/- 0) requests
StandardSMMessage ByteCount = 13481
LCMessage ByteCount = 398
TOMMessage ByteCount = 15049517
ConsensusMessage ByteCount = 118344
--- Measurements after 26000 ops (1000 samples) ---
Throughput = 4310.3447 operations/sec (Maximum observed: 4587.156 ops/sec)
Total latency = 3856454.0905819996 (+/- 0) us 
Consensus latency = 28577.282798 (+/- 1468) us 
Pre-consensus latency = 0.0 (+/- 0) us 
Pos-consensus latency = 3846127.504864 (+/- 0) us 
Propose latency = 20675.190284 (+/- 574) us 
Write latency = 6473.57186 (+/- 1968) us 
Accept latency = 1428.5206540000001 (+/- 73) us 
Batch average size = NaN (+/- 0) requests
StandardSMMessage ByteCount = 13481
LCMessage ByteCount = 398
TOMMessage ByteCount = 15049517
ConsensusMessage ByteCount = 121739
--- Measurements after 27000 ops (1000 samples) ---
Throughput = 4291.8457 operations/sec (Maximum observed: 4587.156 ops/sec)
Total latency = 4033969.0810040003 (+/- 0) us 
Consensus latency = 34842.564368 (+/- 3769) us 
Pre-consensus latency = 0.0 (+/- 0) us 
Pos-consensus latency = 4022267.4585700002 (+/- 0) us 
Propose latency = 29615.562342 (+/- 6669) us 
Write latency = 2879.136548 (+/- 3521) us 
Accept latency = 2347.865478 (+/- 621) us 
Batch average size = NaN (+/- 0) requests
StandardSMMessage ByteCount = 13481
LCMessage ByteCount = 398
TOMMessage ByteCount = 15049517
ConsensusMessage ByteCount = 125054
--- Measurements after 28000 ops (1000 samples) ---
Throughput = 4273.5044 operations/sec (Maximum observed: 4587.156 ops/sec)
Total latency = 4212185.993326 (+/- 0) us 
Consensus latency = 35560.063768 (+/- 1488) us 
Pre-consensus latency = 0.0 (+/- 0) us 
Pos-consensus latency = 4201980.70642 (+/- 0) us 
Propose latency = 32478.026234 (+/- 1432) us 
Write latency = 652.762396 (+/- 217) us 
Accept latency = 2429.275138 (+/- 273) us 
Batch average size = NaN (+/- 0) requests
StandardSMMessage ByteCount = 13481
LCMessage ByteCount = 398
TOMMessage ByteCount = 15049517
ConsensusMessage ByteCount = 128105
--- Measurements after 29000 ops (1000 samples) ---
Throughput = 2673.7969 operations/sec (Maximum observed: 4587.156 ops/sec)
Total latency = 4491108.969277 (+/- 0) us 
Consensus latency = 33672.72955 (+/- 608) us 
Pre-consensus latency = 0.0 (+/- 0) us 
Pos-consensus latency = 4483174.304211 (+/- 0) us 
Propose latency = 30089.16147 (+/- 1039) us 
Write latency = 787.166552 (+/- 23) us 
Accept latency = 2796.401528 (+/- 454) us 
Batch average size = 115712.0 (+/- 0) requests
StandardSMMessage ByteCount = 13481
LCMessage ByteCount = 398
TOMMessage ByteCount = 37781241
ConsensusMessage ByteCount = 136378
--- Measurements after 30000 ops (1000 samples) ---
Throughput = 4545.4546 operations/sec (Maximum observed: 4587.156 ops/sec)
Total latency = 4730831.957509 (+/- 0) us 
Consensus latency = 31343.49223 (+/- 1540) us 
Pre-consensus latency = 0.0 (+/- 0) us 
Pos-consensus latency = 4719661.561979 (+/- 0) us 
Propose latency = 24683.707260000003 (+/- 3821) us 
Write latency = 3823.13483 (+/- 2547) us 
Accept latency = 2836.65014 (+/- 266) us 
Batch average size = NaN (+/- 0) requests
StandardSMMessage ByteCount = 13481
LCMessage ByteCount = 398
TOMMessage ByteCount = 39984731
ConsensusMessage ByteCount = 141868
--- Measurements after 31000 ops (1000 samples) ---
Throughput = 4629.6294 operations/sec (Maximum observed: 4629.6294 ops/sec)
Total latency = 4906489.265487 (+/- 0) us 
Consensus latency = 29036.31419 (+/- 896) us 
Pre-consensus latency = 0.0 (+/- 0) us 
Pos-consensus latency = 4895252.105765 (+/- 0) us 
Propose latency = 23926.75418 (+/- 2126) us 
Write latency = 2766.4977519999998 (+/- 2785) us 
Accept latency = 2343.062258 (+/- 237) us 
Batch average size = NaN (+/- 0) requests
StandardSMMessage ByteCount = 13481
LCMessage ByteCount = 597
TOMMessage ByteCount = 42014650
ConsensusMessage ByteCount = 147015
--- Measurements after 32000 ops (1000 samples) ---
Throughput = 4830.918 operations/sec (Maximum observed: 4830.918 ops/sec)
Total latency = 5082373.68411 (+/- 0) us 
Consensus latency = 28484.194664000002 (+/- 214) us 
Pre-consensus latency = 0.0 (+/- 0) us 
Pos-consensus latency = 5072948.539948 (+/- 0) us 
Propose latency = 25940.183572 (+/- 140) us 
Write latency = 305.06018 (+/- 21) us 
Accept latency = 2238.950912 (+/- 95) us 
Batch average size = NaN (+/- 0) requests
StandardSMMessage ByteCount = 13481
LCMessage ByteCount = 597
TOMMessage ByteCount = 42916973
ConsensusMessage ByteCount = 151895
--- Measurements after 33000 ops (1000 samples) ---
Throughput = 4366.812 operations/sec (Maximum observed: 4830.918 ops/sec)
Total latency = 5268915.992686 (+/- 0) us 
Consensus latency = 26662.192285999998 (+/- 1948) us 
Pre-consensus latency = 0.0 (+/- 0) us 
Pos-consensus latency = 5259078.419008001 (+/- 0) us 
Propose latency = 23428.590518 (+/- 2548) us 
Write latency = 1035.851438 (+/- 724) us 
Accept latency = 2197.75033 (+/- 124) us 
Batch average size = NaN (+/- 0) requests
StandardSMMessage ByteCount = 13481
LCMessage ByteCount = 597
TOMMessage ByteCount = 42916973
ConsensusMessage ByteCount = 156168
--- Measurements after 34000 ops (1000 samples) ---
Throughput = 4504.5044 operations/sec (Maximum observed: 4830.918 ops/sec)
Total latency = 5452319.832727 (+/- 0) us 
Consensus latency = 25573.900878 (+/- 800) us 
Pre-consensus latency = 0.0 (+/- 0) us 
Pos-consensus latency = 5442799.665439 (+/- 0) us 
Propose latency = 22420.541472 (+/- 1467) us 
Write latency = 1028.260588 (+/- 715) us 
Accept latency = 2125.098818 (+/- 47) us 
Batch average size = NaN (+/- 0) requests
StandardSMMessage ByteCount = 13481
LCMessage ByteCount = 597
TOMMessage ByteCount = 42916973
ConsensusMessage ByteCount = 160783
--- Measurements after 35000 ops (1000 samples) ---
Throughput = 4854.369 operations/sec (Maximum observed: 4854.369 ops/sec)
Total latency = 5631027.266504 (+/- 0) us 
Consensus latency = 27574.61524 (+/- 1265) us 
Pre-consensus latency = 0.0 (+/- 0) us 
Pos-consensus latency = 5620727.891024 (+/- 0) us 
Propose latency = 23129.50548 (+/- 823) us 
Write latency = 2274.3052599999996 (+/- 2092) us 
Accept latency = 2170.8045 (+/- 3) us 
Batch average size = NaN (+/- 0) requests
StandardSMMessage ByteCount = 13481
LCMessage ByteCount = 597
TOMMessage ByteCount = 42916973
ConsensusMessage ByteCount = 164705
--- Measurements after 36000 ops (1000 samples) ---
Throughput = 4524.8867 operations/sec (Maximum observed: 4854.369 ops/sec)
Total latency = 5811898.332145001 (+/- 0) us 
Consensus latency = 30648.267772 (+/- 1929) us 
Pre-consensus latency = 0.0 (+/- 0) us 
Pos-consensus latency = 5798500.444657 (+/- 0) us 
Propose latency = 22997.730094000002 (+/- 827) us 
Write latency = 5762.635198 (+/- 1413) us 
Accept latency = 1887.90248 (+/- 311) us 
Batch average size = NaN (+/- 0) requests
StandardSMMessage ByteCount = 13481
LCMessage ByteCount = 597
TOMMessage ByteCount = 42916973
ConsensusMessage ByteCount = 164705
--- Measurements after 37000 ops (1000 samples) ---
Throughput = 4444.4443 operations/sec (Maximum observed: 4854.369 ops/sec)
Total latency = 5987555.231102999 (+/- 0) us 
Consensus latency = 30737.072482 (+/- 2412) us 
Pre-consensus latency = 0.0 (+/- 0) us 
Pos-consensus latency = 5974304.771515001 (+/- 0) us 
Propose latency = 24074.293808 (+/- 180) us 
Write latency = 4935.2538159999995 (+/- 2812) us 
Accept latency = 1727.524858 (+/- 219) us 
Batch average size = NaN (+/- 0) requests
StandardSMMessage ByteCount = 13481
LCMessage ByteCount = 597
TOMMessage ByteCount = 42916973
ConsensusMessage ByteCount = 164705
--- Measurements after 38000 ops (1000 samples) ---
Throughput = 3636.3635 operations/sec (Maximum observed: 4854.369 ops/sec)
Total latency = 6218718.53481 (+/- 0) us 
Consensus latency = 27445.0432 (+/- 578) us 
Pre-consensus latency = 0.0 (+/- 0) us 
Pos-consensus latency = 6209053.782748 (+/- 0) us 
Propose latency = 24280.590882 (+/- 6) us 
Write latency = 1085.492724 (+/- 689) us 
Accept latency = 2078.959594 (+/- 117) us 
Batch average size = NaN (+/- 0) requests
StandardSMMessage ByteCount = 13481
LCMessage ByteCount = 597
TOMMessage ByteCount = 42916973
ConsensusMessage ByteCount = 164705
--- Measurements after 39000 ops (1000 samples) ---
Throughput = 4878.049 operations/sec (Maximum observed: 4878.049 ops/sec)
Total latency = 6409445.222132 (+/- 0) us 
Consensus latency = 26835.165934 (+/- 130) us 
Pre-consensus latency = 0.0 (+/- 0) us 
Pos-consensus latency = 6400299.5265500005 (+/- 0) us 
Propose latency = 23990.096072 (+/- 365) us 
Write latency = 876.786498 (+/- 826) us 
Accept latency = 1968.2833640000001 (+/- 329) us 
Batch average size = NaN (+/- 0) requests
StandardSMMessage ByteCount = 13481
LCMessage ByteCount = 597
TOMMessage ByteCount = 42916973
ConsensusMessage ByteCount = 164705
--- Measurements after 40000 ops (1000 samples) ---
Throughput = 4566.21 operations/sec (Maximum observed: 4878.049 ops/sec)
Total latency = 6589688.628052 (+/- 0) us 
Consensus latency = 26851.68105 (+/- 208) us 
Pre-consensus latency = 0.0 (+/- 0) us 
Pos-consensus latency = 6580279.543902 (+/- 0) us 
Propose latency = 23643.83775 (+/- 172) us 
Write latency = 1615.0074 (+/- 450) us 
Accept latency = 1592.8358999999998 (+/- 69) us 
Batch average size = NaN (+/- 0) requests
StandardSMMessage ByteCount = 13481
LCMessage ByteCount = 597
TOMMessage ByteCount = 44179979
ConsensusMessage ByteCount = 164705
--- Measurements after 41000 ops (1000 samples) ---
Throughput = 4545.4546 operations/sec (Maximum observed: 4878.049 ops/sec)
Total latency = 6767712.860796 (+/- 0) us 
Consensus latency = 27654.596562 (+/- 1563) us 
Pre-consensus latency = 0.0 (+/- 0) us 
Pos-consensus latency = 6757610.123020001 (+/- 0) us 
Propose latency = 25023.036046 (+/- 1645) us 
Write latency = 805.6505 (+/- 281) us 
Accept latency = 1825.910016 (+/- 199) us 
Batch average size = NaN (+/- 0) requests
StandardSMMessage ByteCount = 13481
LCMessage ByteCount = 597
TOMMessage ByteCount = 46228363
ConsensusMessage ByteCount = 164705
--- Measurements after 42000 ops (1000 samples) ---
Throughput = 4784.689 operations/sec (Maximum observed: 4878.049 ops/sec)
Total latency = 6943347.165206 (+/- 0) us 
Consensus latency = 29820.346434 (+/- 123) us 
Pre-consensus latency = 0.0 (+/- 0) us 
Pos-consensus latency = 6931224.623864001 (+/- 0) us 
Propose latency = 26423.783228 (+/- 1466) us 
Write latency = 1344.3808119999999 (+/- 1434) us 
Accept latency = 2052.182394 (+/- 91) us 
Batch average size = NaN (+/- 0) requests
StandardSMMessage ByteCount = 13481
LCMessage ByteCount = 597
TOMMessage ByteCount = 48325987
ConsensusMessage ByteCount = 164705
--- Measurements after 43000 ops (1000 samples) ---
Throughput = 4566.21 operations/sec (Maximum observed: 4878.049 ops/sec)
Total latency = 7126414.842134 (+/- 0) us 
Consensus latency = 28922.117374 (+/- 1146) us 
Pre-consensus latency = 0.0 (+/- 0) us 
Pos-consensus latency = 7115032.4356619995 (+/- 0) us 
Propose latency = 24324.159792 (+/- 207) us 
Write latency = 2659.7394520000003 (+/- 1394) us 
Accept latency = 1938.21813 (+/- 40) us 
Batch average size = NaN (+/- 0) requests
StandardSMMessage ByteCount = 13481
LCMessage ByteCount = 597
TOMMessage ByteCount = 49697321
ConsensusMessage ByteCount = 164705
--- Measurements after 44000 ops (1000 samples) ---
Throughput = 4566.21 operations/sec (Maximum observed: 4878.049 ops/sec)
Total latency = 7300269.187494 (+/- 0) us 
Consensus latency = 27248.187 (+/- 297) us 
Pre-consensus latency = 0.0 (+/- 0) us 
Pos-consensus latency = 7290651.836494001 (+/- 0) us 
Propose latency = 24433.198572 (+/- 386) us 
Write latency = 758.3734059999999 (+/- 591) us 
Accept latency = 2056.615022 (+/- 92) us 
Batch average size = NaN (+/- 0) requests
StandardSMMessage ByteCount = 13481
LCMessage ByteCount = 597
TOMMessage ByteCount = 49697321
ConsensusMessage ByteCount = 164705
--- Measurements after 45000 ops (1000 samples) ---
Throughput = 4830.918 operations/sec (Maximum observed: 4878.049 ops/sec)
Total latency = 7482910.870307 (+/- 0) us 
Consensus latency = 29264.85527 (+/- 2759) us 
Pre-consensus latency = 0.0 (+/- 0) us 
Pos-consensus latency = 7473225.225577 (+/- 0) us 
Propose latency = 25725.40324 (+/- 3576) us 
Write latency = 1411.57717 (+/- 657) us 
Accept latency = 2127.87486 (+/- 159) us 
Batch average size = NaN (+/- 0) requests
StandardSMMessage ByteCount = 13481
LCMessage ByteCount = 597
TOMMessage ByteCount = 49697321
ConsensusMessage ByteCount = 164705
--- Measurements after 46000 ops (1000 samples) ---
Throughput = 4830.918 operations/sec (Maximum observed: 4878.049 ops/sec)
Total latency = 7649305.375384 (+/- 0) us 
Consensus latency = 32030.559454 (+/- 4480) us 
Pre-consensus latency = 0.0 (+/- 0) us 
Pos-consensus latency = 7640826.893147999 (+/- 0) us 
Propose latency = 30002.851524 (+/- 4446) us 
Write latency = 194.680056 (+/- 27) us 
Accept latency = 1833.027874 (+/- 6) us 
Batch average size = NaN (+/- 0) requests
StandardSMMessage ByteCount = 13481
LCMessage ByteCount = 597
TOMMessage ByteCount = 49697321
ConsensusMessage ByteCount = 164705
--- Measurements after 47000 ops (1000 samples) ---
Throughput = 4444.4443 operations/sec (Maximum observed: 4878.049 ops/sec)
Total latency = 7839620.108906 (+/- 0) us 
Consensus latency = 23913.21374 (+/- 1432) us 
Pre-consensus latency = 0.0 (+/- 0) us 
Pos-consensus latency = 7829589.513232 (+/- 0) us 
Propose latency = 20836.41443 (+/- 934) us 
Write latency = 1209.38325 (+/- 2265) us 
Accept latency = 1867.41606 (+/- 101) us 
Batch average size = NaN (+/- 0) requests
StandardSMMessage ByteCount = 13481
LCMessage ByteCount = 597
TOMMessage ByteCount = 49697321
ConsensusMessage ByteCount = 164705
--- Measurements after 48000 ops (1000 samples) ---
Throughput = 4739.3364 operations/sec (Maximum observed: 4878.049 ops/sec)
Total latency = 8022889.257088 (+/- 0) us 
Consensus latency = 29283.156796 (+/- 5392) us 
Pre-consensus latency = 0.0 (+/- 0) us 
Pos-consensus latency = 8006228.413236 (+/- 0) us 
Propose latency = 21459.449588 (+/- 6014) us 
Write latency = 5781.003916000001 (+/- 531) us 
Accept latency = 2042.703292 (+/- 90) us 
Batch average size = NaN (+/- 0) requests
StandardSMMessage ByteCount = 13481
LCMessage ByteCount = 597
TOMMessage ByteCount = 49697321
ConsensusMessage ByteCount = 164705
--- Measurements after 49000 ops (1000 samples) ---
Throughput = 4545.4546 operations/sec (Maximum observed: 4878.049 ops/sec)
Total latency = 8193313.797406999 (+/- 0) us 
Consensus latency = 40106.535562 (+/- 4116) us 
Pre-consensus latency = 0.0 (+/- 0) us 
Pos-consensus latency = 8174330.554021 (+/- 0) us 
Propose latency = 33980.605632 (+/- 3447) us 
Write latency = 4295.434564 (+/- 661) us 
Accept latency = 1830.4953659999999 (+/- 7) us 
Batch average size = NaN (+/- 0) requests
StandardSMMessage ByteCount = 13481
LCMessage ByteCount = 597
TOMMessage ByteCount = 49697321
ConsensusMessage ByteCount = 164705
--- Measurements after 50000 ops (1000 samples) ---
Throughput = 4878.049 operations/sec (Maximum observed: 4878.049 ops/sec)
Total latency = 8358952.895343 (+/- 0) us 
Consensus latency = 29488.5201 (+/- 450) us 
Pre-consensus latency = 0.0 (+/- 0) us 
Pos-consensus latency = 8346867.408903 (+/- 0) us 
Propose latency = 25077.38896 (+/- 407) us 
Write latency = 2600.4234500000002 (+/- 38) us 
Accept latency = 1810.70769 (+/- 5) us 
Batch average size = NaN (+/- 0) requests
StandardSMMessage ByteCount = 13481
LCMessage ByteCount = 597
TOMMessage ByteCount = 49697321
ConsensusMessage ByteCount = 164705
--- Measurements after 51000 ops (1000 samples) ---
Throughput = 4566.21 operations/sec (Maximum observed: 4878.049 ops/sec)
Total latency = 8533480.897204 (+/- 0) us 
Consensus latency = 28258.50048 (+/- 164) us 
Pre-consensus latency = 0.0 (+/- 0) us 
Pos-consensus latency = 8522492.053004 (+/- 0) us 
Propose latency = 23978.562908 (+/- 191) us 
Write latency = 2444.4867480000003 (+/- 155) us 
Accept latency = 1835.450824 (+/- 128) us 
Batch average size = NaN (+/- 0) requests
StandardSMMessage ByteCount = 13481
LCMessage ByteCount = 597
TOMMessage ByteCount = 49697321
ConsensusMessage ByteCount = 164705
--- Measurements after 52000 ops (1000 samples) ---
Throughput = 4878.049 operations/sec (Maximum observed: 4878.049 ops/sec)
Total latency = 8712426.228656 (+/- 0) us 
Consensus latency = 28664.963416000002 (+/- 499) us 
Pre-consensus latency = 0.0 (+/- 0) us 
Pos-consensus latency = 8701413.457434 (+/- 0) us 
Propose latency = 24537.463536 (+/- 251) us 
Write latency = 1928.255938 (+/- 32) us 
Accept latency = 2199.2439419999996 (+/- 215) us 
Batch average size = NaN (+/- 0) requests
StandardSMMessage ByteCount = 13481
LCMessage ByteCount = 597
TOMMessage ByteCount = 49697321
ConsensusMessage ByteCount = 164705
--- Measurements after 53000 ops (1000 samples) ---
Throughput = 4566.21 operations/sec (Maximum observed: 4878.049 ops/sec)
Total latency = 8887360.429903999 (+/- 0) us 
Consensus latency = 26758.419396 (+/- 180) us 
Pre-consensus latency = 0.0 (+/- 0) us 
Pos-consensus latency = 8877983.110818 (+/- 0) us 
Propose latency = 23562.207788 (+/- 18) us 
Write latency = 1823.320812 (+/- 99) us 
Accept latency = 1372.8907960000001 (+/- 62) us 
Batch average size = NaN (+/- 0) requests
StandardSMMessage ByteCount = 13481
LCMessage ByteCount = 597
TOMMessage ByteCount = 49697321
ConsensusMessage ByteCount = 164705
--- Measurements after 54000 ops (1000 samples) ---
Throughput = 4878.049 operations/sec (Maximum observed: 4878.049 ops/sec)
Total latency = 9074300.100826 (+/- 0) us 
Consensus latency = 27658.769032 (+/- 70) us 
Pre-consensus latency = 0.0 (+/- 0) us 
Pos-consensus latency = 9062884.851618 (+/- 0) us 
Propose latency = 23617.205586 (+/- 306) us 
Write latency = 2341.31437 (+/- 136) us 
Accept latency = 1700.2490759999998 (+/- 99) us 
Batch average size = NaN (+/- 0) requests
StandardSMMessage ByteCount = 13481
LCMessage ByteCount = 597
TOMMessage ByteCount = 49697321
ConsensusMessage ByteCount = 164705
--- Measurements after 55000 ops (1000 samples) ---
Throughput = 4878.049 operations/sec (Maximum observed: 4878.049 ops/sec)
Total latency = 9247587.802275 (+/- 0) us 
Consensus latency = 27067.453 (+/- 0) us 
Pre-consensus latency = 0.0 (+/- 0) us 
Pos-consensus latency = 9234408.725274999 (+/- 0) us 
Propose latency = 21045.618 (+/- 0) us 
Write latency = 3485.03 (+/- 0) us 
Accept latency = 2536.805 (+/- 0) us 
Batch average size = NaN (+/- 0) requests
StandardSMMessage ByteCount = 13481
LCMessage ByteCount = 597
TOMMessage ByteCount = 49697321
ConsensusMessage ByteCount = 164705
--- Measurements after 56000 ops (1000 samples) ---
Throughput = 4545.4546 operations/sec (Maximum observed: 4878.049 ops/sec)
Total latency = 9421020.596894 (+/- 0) us 
Consensus latency = 40057.187560000006 (+/- 1306) us 
Pre-consensus latency = 0.0 (+/- 0) us 
Pos-consensus latency = 9406539.363984 (+/- 0) us 
Propose latency = 33521.25744 (+/- 1254) us 
Write latency = 4771.14593 (+/- 129) us 
Accept latency = 1764.7841899999999 (+/- 77) us 
Batch average size = NaN (+/- 0) requests
StandardSMMessage ByteCount = 13481
LCMessage ByteCount = 597
TOMMessage ByteCount = 49697321
ConsensusMessage ByteCount = 164705
--- Measurements after 57000 ops (1000 samples) ---
Throughput = 4878.049 operations/sec (Maximum observed: 4878.049 ops/sec)
Total latency = 9588175.633620001 (+/- 0) us 
Consensus latency = 38019.148365999994 (+/- 407) us 
Pre-consensus latency = 0.0 (+/- 0) us 
Pos-consensus latency = 9567714.16419 (+/- 0) us 
Propose latency = 24526.343537999997 (+/- 1712) us 
Write latency = 11836.315672 (+/- 1323) us 
Accept latency = 1656.4891559999999 (+/- 18) us 
Batch average size = NaN (+/- 0) requests
StandardSMMessage ByteCount = 13481
LCMessage ByteCount = 597
TOMMessage ByteCount = 49697321
ConsensusMessage ByteCount = 164705
--- Measurements after 58000 ops (1000 samples) ---
Throughput = 4545.4546 operations/sec (Maximum observed: 4878.049 ops/sec)
Total latency = 9757791.273345 (+/- 0) us 
Consensus latency = 31253.257534 (+/- 1660) us 
Pre-consensus latency = 0.0 (+/- 0) us 
Pos-consensus latency = 9743041.388396999 (+/- 0) us 
Propose latency = 27889.820946 (+/- 914) us 
Write latency = 1434.424894 (+/- 2643) us 
Accept latency = 1929.0116939999998 (+/- 68) us 
Batch average size = NaN (+/- 0) requests
StandardSMMessage ByteCount = 13481
LCMessage ByteCount = 597
TOMMessage ByteCount = 49697321
ConsensusMessage ByteCount = 164705
--- Measurements after 59000 ops (1000 samples) ---
Throughput = 4878.049 operations/sec (Maximum observed: 4878.049 ops/sec)
Total latency = 9929706.38669 (+/- 0) us 
Consensus latency = 27573.847636 (+/- 977) us 
Pre-consensus latency = 0.0 (+/- 0) us 
Pos-consensus latency = 9918801.252542 (+/- 0) us 
Propose latency = 25451.04209 (+/- 797) us 
Write latency = 256.567992 (+/- 156) us 
Accept latency = 1866.237554 (+/- 23) us 
Batch average size = NaN (+/- 0) requests
StandardSMMessage ByteCount = 13481
LCMessage ByteCount = 597
TOMMessage ByteCount = 49697321
ConsensusMessage ByteCount = 164705
--- Measurements after 60000 ops (1000 samples) ---
Throughput = 4545.4546 operations/sec (Maximum observed: 4878.049 ops/sec)
Total latency = 1.0107856007224001E7 (+/- 0) us 
Consensus latency = 26310.171285999997 (+/- 334) us 
Pre-consensus latency = 0.0 (+/- 0) us 
Pos-consensus latency = 1.0098738199574E7 (+/- 0) us 
Propose latency = 22683.725857999998 (+/- 871) us 
Write latency = 1932.73505 (+/- 593) us 
Accept latency = 1693.710378 (+/- 56) us 
Batch average size = NaN (+/- 0) requests
StandardSMMessage ByteCount = 13481
LCMessage ByteCount = 597
TOMMessage ByteCount = 49697321
ConsensusMessage ByteCount = 164705
--- Measurements after 61000 ops (1000 samples) ---
Throughput = 4854.369 operations/sec (Maximum observed: 4878.049 ops/sec)
Total latency = 1.0290824447391002E7 (+/- 0) us 
Consensus latency = 29535.88694 (+/- 1292) us 
Pre-consensus latency = 0.0 (+/- 0) us 
Pos-consensus latency = 1.0278145382861E7 (+/- 0) us 
Propose latency = 23381.77463 (+/- 385) us 
Write latency = 4135.7638799999995 (+/- 773) us 
Accept latency = 2018.34843 (+/- 133) us 
Batch average size = NaN (+/- 0) requests
StandardSMMessage ByteCount = 13481
LCMessage ByteCount = 597
TOMMessage ByteCount = 49697321
ConsensusMessage ByteCount = 164705
--- Measurements after 62000 ops (1000 samples) ---
Throughput = 4545.4546 operations/sec (Maximum observed: 4878.049 ops/sec)
Total latency = 1.0466066072659E7 (+/- 0) us 
Consensus latency = 30419.532092 (+/- 164) us 
Pre-consensus latency = 0.0 (+/- 0) us 
Pos-consensus latency = 1.0452762921007E7 (+/- 0) us 
Propose latency = 25110.164038 (+/- 674) us 
Write latency = 2823.405582 (+/- 687) us 
Accept latency = 2485.962472 (+/- 177) us 
Batch average size = NaN (+/- 0) requests
StandardSMMessage ByteCount = 13481
LCMessage ByteCount = 597
TOMMessage ByteCount = 49697321
ConsensusMessage ByteCount = 164705
--- Measurements after 63000 ops (1000 samples) ---
Throughput = 4854.369 operations/sec (Maximum observed: 4878.049 ops/sec)
Total latency = 1.0640175600697E7 (+/- 0) us 
Consensus latency = 39801.231216 (+/- 4335) us 
Pre-consensus latency = 0.0 (+/- 0) us 
Pos-consensus latency = 1.0625272456007E7 (+/- 0) us 
Propose latency = 34921.894137999996 (+/- 4434) us 
Write latency = 2844.0201239999997 (+/- 146) us 
Accept latency = 2035.316954 (+/- 245) us 
Batch average size = NaN (+/- 0) requests
StandardSMMessage ByteCount = 13481
LCMessage ByteCount = 597
TOMMessage ByteCount = 50038308
ConsensusMessage ByteCount = 164705
--- Measurements after 64000 ops (1000 samples) ---
Throughput = 4629.6294 operations/sec (Maximum observed: 4878.049 ops/sec)
Total latency = 1.0808101803082E7 (+/- 0) us 
Consensus latency = 34090.428439999996 (+/- 3889) us 
Pre-consensus latency = 0.0 (+/- 0) us 
Pos-consensus latency = 1.0797025502546E7 (+/- 0) us 
Propose latency = 30894.839264 (+/- 3065) us 
Write latency = 780.9816679999999 (+/- 1072) us 
Accept latency = 2414.607508 (+/- 248) us 
Batch average size = NaN (+/- 0) requests
StandardSMMessage ByteCount = 13481
LCMessage ByteCount = 597
TOMMessage ByteCount = 51254536
ConsensusMessage ByteCount = 164705
--- Measurements after 65000 ops (1000 samples) ---
Throughput = 4807.6924 operations/sec (Maximum observed: 4878.049 ops/sec)
Total latency = 1.0979727846392E7 (+/- 0) us 
Consensus latency = 31727.912426 (+/- 219) us 
Pre-consensus latency = 0.0 (+/- 0) us 
Pos-consensus latency = 1.096972938003E7 (+/- 0) us 
Propose latency = 28841.415542 (+/- 276) us 
Write latency = 245.645364 (+/- 2) us 
Accept latency = 2640.85152 (+/- 54) us 
Batch average size = NaN (+/- 0) requests
StandardSMMessage ByteCount = 13481
LCMessage ByteCount = 597
TOMMessage ByteCount = 52284883
ConsensusMessage ByteCount = 164705
--- Measurements after 66000 ops (1000 samples) ---
Throughput = 5050.505 operations/sec (Maximum observed: 5050.505 ops/sec)
Total latency = 1.1153770416203E7 (+/- 0) us 
Consensus latency = 30178.01525 (+/- 826) us 
Pre-consensus latency = 0.0 (+/- 0) us 
Pos-consensus latency = 1.1144622565452999E7 (+/- 0) us 
Propose latency = 27465.94325 (+/- 708) us 
Write latency = 245.82225 (+/- 0) us 
Accept latency = 2466.24975 (+/- 117) us 
Batch average size = NaN (+/- 0) requests
StandardSMMessage ByteCount = 13481
LCMessage ByteCount = 597
TOMMessage ByteCount = 53225367
ConsensusMessage ByteCount = 164705
--- Measurements after 67000 ops (1000 samples) ---
Throughput = 6711.409 operations/sec (Maximum observed: 6711.409 ops/sec)
Total latency = 1.1284704210594E7 (+/- 0) us 
Consensus latency = 26832.03195 (+/- 1763) us 
Pre-consensus latency = 0.0 (+/- 0) us 
Pos-consensus latency = 1.127596503527E7 (+/- 0) us 
Propose latency = 24493.030671999997 (+/- 1576) us 
Write latency = 226.11767600000002 (+/- 11) us 
Accept latency = 2112.883602 (+/- 175) us 
Batch average size = NaN (+/- 0) requests
StandardSMMessage ByteCount = 13481
LCMessage ByteCount = 597
TOMMessage ByteCount = 53950426
ConsensusMessage ByteCount = 164705
--- Measurements after 68000 ops (1000 samples) ---
Throughput = 6493.5063 operations/sec (Maximum observed: 6711.409 ops/sec)
Total latency = 1.1407476014685E7 (+/- 0) us 
Consensus latency = 26548.471920000004 (+/- 520) us 
Pre-consensus latency = 0.0 (+/- 0) us 
Pos-consensus latency = 1.1397246784751E7 (+/- 0) us 
Propose latency = 22560.949190000003 (+/- 628) us 
Write latency = 2521.210348 (+/- 1500) us 
Accept latency = 1466.312382 (+/- 351) us 
Batch average size = NaN (+/- 0) requests
StandardSMMessage ByteCount = 13481
LCMessage ByteCount = 597
TOMMessage ByteCount = 54641017
ConsensusMessage ByteCount = 164705
--- Measurements after 69000 ops (1000 samples) ---
Throughput = 6666.6665 operations/sec (Maximum observed: 6711.409 ops/sec)
Total latency = 1.1526282987900998E7 (+/- 0) us 
Consensus latency = 26438.189846 (+/- 309) us 
Pre-consensus latency = 0.0 (+/- 0) us 
Pos-consensus latency = 1.1515835730542999E7 (+/- 0) us 
Propose latency = 20296.716752 (+/- 1278) us 
Write latency = 4354.2990039999995 (+/- 590) us 
Accept latency = 1787.17409 (+/- 378) us 
Batch average size = NaN (+/- 0) requests
StandardSMMessage ByteCount = 13481
LCMessage ByteCount = 597
TOMMessage ByteCount = 55229435
ConsensusMessage ByteCount = 164705
--- Measurements after 70000 ops (1000 samples) ---
Throughput = 6493.5063 operations/sec (Maximum observed: 6711.409 ops/sec)
Total latency = 1.1647817383143999E7 (+/- 0) us 
Consensus latency = 26016.129399999998 (+/- 151) us 
Pre-consensus latency = 0.0 (+/- 0) us 
Pos-consensus latency = 1.1637954756354E7 (+/- 0) us 
Propose latency = 20753.019762 (+/- 973) us 
Write latency = 3174.539104 (+/- 1154) us 
Accept latency = 2088.570534 (+/- 29) us 
Batch average size = NaN (+/- 0) requests
StandardSMMessage ByteCount = 13481
LCMessage ByteCount = 597
TOMMessage ByteCount = 55821546
ConsensusMessage ByteCount = 164705
--- Measurements after 71000 ops (1000 samples) ---
Throughput = 6756.757 operations/sec (Maximum observed: 6756.757 ops/sec)
Total latency = 1.1760634278434E7 (+/- 0) us 
Consensus latency = 27463.08511 (+/- 1194) us 
Pre-consensus latency = 0.0 (+/- 0) us 
Pos-consensus latency = 1.1749936567384E7 (+/- 0) us 
Propose latency = 21845.40062 (+/- 295) us 
Write latency = 3560.0478599999997 (+/- 939) us 
Accept latency = 2057.63663 (+/- 40) us 
Batch average size = NaN (+/- 0) requests
StandardSMMessage ByteCount = 13481
LCMessage ByteCount = 597
TOMMessage ByteCount = 56258551
ConsensusMessage ByteCount = 164705
--- Measurements after 72000 ops (1000 samples) ---
Throughput = 6944.4443 operations/sec (Maximum observed: 6944.4443 ops/sec)
Total latency = 1.1868414305509001E7 (+/- 0) us 
Consensus latency = 28482.877086 (+/- 84) us 
Pre-consensus latency = 0.0 (+/- 0) us 
Pos-consensus latency = 1.1857337892827E7 (+/- 0) us 
Propose latency = 24022.407098 (+/- 1573) us 
Write latency = 2511.005544 (+/- 1426) us 
Accept latency = 1949.464444 (+/- 62) us 
Batch average size = NaN (+/- 0) requests
StandardSMMessage ByteCount = 13481
LCMessage ByteCount = 597
TOMMessage ByteCount = 56320101
ConsensusMessage ByteCount = 164705
--- Measurements after 73000 ops (1000 samples) ---
Throughput = 6993.007 operations/sec (Maximum observed: 6993.007 ops/sec)
Total latency = 1.1973909623722E7 (+/- 0) us 
Consensus latency = 33959.538501999996 (+/- 4585) us 
Pre-consensus latency = 0.0 (+/- 0) us 
Pos-consensus latency = 1.1961945348612E7 (+/- 0) us 
Propose latency = 31320.323842 (+/- 5112) us 
Write latency = 719.7878919999999 (+/- 543) us 
Accept latency = 1919.4267679999998 (+/- 17) us 
Batch average size = NaN (+/- 0) requests
StandardSMMessage ByteCount = 13481
LCMessage ByteCount = 597
TOMMessage ByteCount = 56411195
ConsensusMessage ByteCount = 164705
--- Measurements after 74000 ops (1000 samples) ---
Throughput = 6896.552 operations/sec (Maximum observed: 6993.007 ops/sec)
Total latency = 1.2081116749701E7 (+/- 0) us 
Consensus latency = 32210.038357999998 (+/- 5016) us 
Pre-consensus latency = 0.0 (+/- 0) us 
Pos-consensus latency = 1.2069534833863001E7 (+/- 0) us 
Propose latency = 29016.254882 (+/- 5907) us 
Write latency = 1345.253004 (+/- 967) us 
Accept latency = 1848.5304720000001 (+/- 76) us 
Batch average size = NaN (+/- 0) requests
StandardSMMessage ByteCount = 13481
LCMessage ByteCount = 597
TOMMessage ByteCount = 56477669
ConsensusMessage ByteCount = 164705
--- Measurements after 75000 ops (1000 samples) ---
Throughput = 8695.652 operations/sec (Maximum observed: 8695.652 ops/sec)
Total latency = 1.2176599636054002E7 (+/- 0) us 
Consensus latency = 27042.48325 (+/- 658) us 
Pre-consensus latency = 0.0 (+/- 0) us 
Pos-consensus latency = 1.2166508223555999E7 (+/- 0) us 
Propose latency = 23834.279142 (+/- 68) us 
Write latency = 1162.307896 (+/- 975) us 
Accept latency = 2045.896212 (+/- 247) us 
Batch average size = NaN (+/- 0) requests
StandardSMMessage ByteCount = 13481
LCMessage ByteCount = 597
TOMMessage ByteCount = 56477669
ConsensusMessage ByteCount = 164705
--- Measurements after 76000 ops (1000 samples) ---
Throughput = 8196.722 operations/sec (Maximum observed: 8695.652 ops/sec)
Total latency = 1.2259167860562999E7 (+/- 0) us 
Consensus latency = 25853.3408 (+/- 562) us 
Pre-consensus latency = 0.0 (+/- 0) us 
Pos-consensus latency = 1.2250259915493E7 (+/- 0) us 
Propose latency = 23447.552460000003 (+/- 442) us 
Write latency = 455.03427 (+/- 199) us 
Accept latency = 1950.75407 (+/- 320) us 
Batch average size = NaN (+/- 0) requests
StandardSMMessage ByteCount = 13481
LCMessage ByteCount = 597
TOMMessage ByteCount = 56477669
ConsensusMessage ByteCount = 164705
--- Measurements after 77000 ops (1000 samples) ---
Throughput = 8695.652 operations/sec (Maximum observed: 8695.652 ops/sec)
Total latency = 1.2350893688328E7 (+/- 0) us 
Consensus latency = 27835.489994 (+/- 2606) us 
Pre-consensus latency = 0.0 (+/- 0) us 
Pos-consensus latency = 1.2339774874346001E7 (+/- 0) us 
Propose latency = 22671.918964 (+/- 352) us 
Write latency = 3357.957296 (+/- 2785) us 
Accept latency = 1805.613734 (+/- 173) us 
Batch average size = NaN (+/- 0) requests
StandardSMMessage ByteCount = 13481
LCMessage ByteCount = 597
TOMMessage ByteCount = 56477669
ConsensusMessage ByteCount = 164705
--- Measurements after 78000 ops (1000 samples) ---
Throughput = 8771.93 operations/sec (Maximum observed: 8771.93 ops/sec)
Total latency = 1.2432058787921E7 (+/- 0) us 
Consensus latency = 31533.601212 (+/- 1099) us 
Pre-consensus latency = 0.0 (+/- 0) us 
Pos-consensus latency = 1.2417089631345E7 (+/- 0) us 
Propose latency = 22672.35402 (+/- 391) us 
Write latency = 6896.664212000001 (+/- 728) us 
Accept latency = 1964.58298 (+/- 20) us 
Batch average size = NaN (+/- 0) requests
StandardSMMessage ByteCount = 13481
LCMessage ByteCount = 597
TOMMessage ByteCount = 56477669
ConsensusMessage ByteCount = 164705
--- Measurements after 79000 ops (1000 samples) ---
Throughput = 8130.0815 operations/sec (Maximum observed: 8771.93 ops/sec)
Total latency = 1.2513209122625E7 (+/- 0) us 
Consensus latency = 31096.617489999997 (+/- 1839) us 
Pre-consensus latency = 0.0 (+/- 0) us 
Pos-consensus latency = 1.2499209684995001E7 (+/- 0) us 
Propose latency = 23545.759172 (+/- 511) us 
Write latency = 5617.286978 (+/- 2340) us 
Accept latency = 1933.5713400000002 (+/- 9) us 
Batch average size = NaN (+/- 0) requests
StandardSMMessage ByteCount = 13481
LCMessage ByteCount = 597
TOMMessage ByteCount = 56477669
ConsensusMessage ByteCount = 164705
--- Measurements after 80000 ops (1000 samples) ---
Throughput = 8928.571 operations/sec (Maximum observed: 8928.571 ops/sec)
Total latency = 1.2583503493036E7 (+/- 0) us 
Consensus latency = 28473.674398 (+/- 643) us 
Pre-consensus latency = 0.0 (+/- 0) us 
Pos-consensus latency = 1.2572446707962E7 (+/- 0) us 
Propose latency = 24288.073352000003 (+/- 194) us 
Write latency = 2085.412524 (+/- 1049) us 
Accept latency = 2100.188522 (+/- 211) us 
Batch average size = NaN (+/- 0) requests
StandardSMMessage ByteCount = 13481
LCMessage ByteCount = 597
TOMMessage ByteCount = 56477669
ConsensusMessage ByteCount = 164705
--- Measurements after 81000 ops (1000 samples) ---
Throughput = 8000.0 operations/sec (Maximum observed: 8928.571 ops/sec)
Total latency = 1.2671153089089E7 (+/- 0) us 
Consensus latency = 27224.23285 (+/- 606) us 
Pre-consensus latency = 0.0 (+/- 0) us 
Pos-consensus latency = 1.2661121621039E7 (+/- 0) us 
Propose latency = 24480.69114 (+/- 48) us 
Write latency = 600.67332 (+/- 296) us 
Accept latency = 2142.86839 (+/- 261) us 
Batch average size = NaN (+/- 0) requests
StandardSMMessage ByteCount = 13481
LCMessage ByteCount = 597
TOMMessage ByteCount = 56477669
ConsensusMessage ByteCount = 164705
--- Measurements after 82000 ops (1000 samples) ---
Throughput = 8849.558 operations/sec (Maximum observed: 8928.571 ops/sec)
Total latency = 1.2754637314449E7 (+/- 0) us 
Consensus latency = 29441.293832 (+/- 3917) us 
Pre-consensus latency = 0.0 (+/- 0) us 
Pos-consensus latency = 1.2744676310793E7 (+/- 0) us 
Propose latency = 27371.637788 (+/- 3887) us 
Write latency = 234.08467000000002 (+/- 4) us 
Accept latency = 1835.571374 (+/- 25) us 
Batch average size = NaN (+/- 0) requests
StandardSMMessage ByteCount = 13481
LCMessage ByteCount = 597
TOMMessage ByteCount = 56477669
ConsensusMessage ByteCount = 164705
--- Measurements after 83000 ops (1000 samples) ---
Throughput = 8064.516 operations/sec (Maximum observed: 8928.571 ops/sec)
Total latency = 1.2837576257997999E7 (+/- 0) us 
Consensus latency = 32021.25067 (+/- 3571) us 
Pre-consensus latency = 0.0 (+/- 0) us 
Pos-consensus latency = 1.2826861894396E7 (+/- 0) us 
Propose latency = 29605.258414 (+/- 3996) us 
Write latency = 649.903726 (+/- 568) us 
Accept latency = 1766.08853 (+/- 142) us 
Batch average size = NaN (+/- 0) requests
StandardSMMessage ByteCount = 13481
LCMessage ByteCount = 597
TOMMessage ByteCount = 56477669
ConsensusMessage ByteCount = 164705
--- Measurements after 84000 ops (1000 samples) ---
Throughput = 8849.558 operations/sec (Maximum observed: 8928.571 ops/sec)
Total latency = 1.2924136409967E7 (+/- 0) us 
Consensus latency = 27668.419972 (+/- 876) us 
Pre-consensus latency = 0.0 (+/- 0) us 
Pos-consensus latency = 1.2913416171173E7 (+/- 0) us 
Propose latency = 24146.02408 (+/- 120) us 
Write latency = 1771.3466740000001 (+/- 489) us 
Accept latency = 1751.049218 (+/- 267) us 
Batch average size = NaN (+/- 0) requests
StandardSMMessage ByteCount = 13481
LCMessage ByteCount = 597
TOMMessage ByteCount = 56477669
ConsensusMessage ByteCount = 164705
--- Measurements after 85000 ops (1000 samples) ---
Throughput = 8064.516 operations/sec (Maximum observed: 8928.571 ops/sec)
Total latency = 1.3008869560201E7 (+/- 0) us 
Consensus latency = 31674.661912 (+/- 4221) us 
Pre-consensus latency = 0.0 (+/- 0) us 
Pos-consensus latency = 1.2994318747141E7 (+/- 0) us 
Propose latency = 23794.961654 (+/- 816) us 
Write latency = 5892.133592 (+/- 5278) us 
Accept latency = 1987.566666 (+/- 240) us 
Batch average size = NaN (+/- 0) requests
StandardSMMessage ByteCount = 13481
LCMessage ByteCount = 597
TOMMessage ByteCount = 56477669
ConsensusMessage ByteCount = 164705
--- Measurements after 86000 ops (1000 samples) ---
Throughput = 8771.93 operations/sec (Maximum observed: 8928.571 ops/sec)
Total latency = 1.3095170881538E7 (+/- 0) us 
Consensus latency = 35246.021270000005 (+/- 4881) us 
Pre-consensus latency = 0.0 (+/- 0) us 
Pos-consensus latency = 1.3076769120728001E7 (+/- 0) us 
Propose latency = 23124.80113 (+/- 978) us 
Write latency = 10411.59482 (+/- 6015) us 
Accept latency = 1709.62532 (+/- 155) us 
Batch average size = NaN (+/- 0) requests
StandardSMMessage ByteCount = 13481
LCMessage ByteCount = 597
TOMMessage ByteCount = 56477669
ConsensusMessage ByteCount = 164705
--- Measurements after 87000 ops (1000 samples) ---
Throughput = 8064.516 operations/sec (Maximum observed: 8928.571 ops/sec)
Total latency = 1.3168827844345E7 (+/- 0) us 
Consensus latency = 27433.884534 (+/- 369) us 
Pre-consensus latency = 0.0 (+/- 0) us 
Pos-consensus latency = 1.3158958834809E7 (+/- 0) us 
Propose latency = 24533.490945999998 (+/- 348) us 
Write latency = 940.3658800000001 (+/- 725) us 
Accept latency = 1960.027708 (+/- 7) us 
Batch average size = NaN (+/- 0) requests
StandardSMMessage ByteCount = 13481
LCMessage ByteCount = 597
TOMMessage ByteCount = 56477669
ConsensusMessage ByteCount = 164705
--- Measurements after 88000 ops (1000 samples) ---
Throughput = 8695.652 operations/sec (Maximum observed: 8928.571 ops/sec)
Total latency = 1.3261039814964E7 (+/- 0) us 
Consensus latency = 27780.489752 (+/- 561) us 
Pre-consensus latency = 0.0 (+/- 0) us 
Pos-consensus latency = 1.3250106238552E7 (+/- 0) us 
Propose latency = 24061.540856 (+/- 259) us 
Write latency = 1917.18824 (+/- 549) us 
Accept latency = 1801.760656 (+/- 271) us 
Batch average size = NaN (+/- 0) requests
StandardSMMessage ByteCount = 13481
LCMessage ByteCount = 597
TOMMessage ByteCount = 56477669
ConsensusMessage ByteCount = 164705
--- Measurements after 89000 ops (1000 samples) ---
Throughput = 8849.558 operations/sec (Maximum observed: 8928.571 ops/sec)
Total latency = 1.3343631199031001E7 (+/- 0) us 
Consensus latency = 27396.267396000003 (+/- 1342) us 
Pre-consensus latency = 0.0 (+/- 0) us 
Pos-consensus latency = 1.3333459704671E7 (+/- 0) us 
Propose latency = 24282.760054000002 (+/- 531) us 
Write latency = 1767.0274960000002 (+/- 1768) us 
Accept latency = 1346.479846 (+/- 105) us 
Batch average size = NaN (+/- 0) requests
StandardSMMessage ByteCount = 13481
LCMessage ByteCount = 597
TOMMessage ByteCount = 56477669
ConsensusMessage ByteCount = 164705
--- Measurements after 90000 ops (1000 samples) ---
Throughput = 8000.0 operations/sec (Maximum observed: 8928.571 ops/sec)
Total latency = 1.3436295946268E7 (+/- 0) us 
Consensus latency = 29605.491932 (+/- 1071) us 
Pre-consensus latency = 0.0 (+/- 0) us 
Pos-consensus latency = 1.3423702617756E7 (+/- 0) us 
Propose latency = 23442.28111 (+/- 498) us 
Write latency = 4554.44819 (+/- 1679) us 
Accept latency = 1608.762632 (+/- 109) us 
Batch average size = NaN (+/- 0) requests
StandardSMMessage ByteCount = 13481
LCMessage ByteCount = 597
TOMMessage ByteCount = 56477669
ConsensusMessage ByteCount = 164705
--- Measurements after 91000 ops (1000 samples) ---
Throughput = 8771.93 operations/sec (Maximum observed: 8928.571 ops/sec)
Total latency = 1.3516072413261998E7 (+/- 0) us 
Consensus latency = 30548.5847 (+/- 7803) us 
Pre-consensus latency = 0.0 (+/- 0) us 
Pos-consensus latency = 1.3503757310712E7 (+/- 0) us 
Propose latency = 27880.79665 (+/- 7984) us 
Write latency = 802.6796999999999 (+/- 222) us 
Accept latency = 1865.1083500000002 (+/- 41) us 
Batch average size = NaN (+/- 0) requests
StandardSMMessage ByteCount = 13481
LCMessage ByteCount = 597
TOMMessage ByteCount = 56477669
ConsensusMessage ByteCount = 164705
--- Measurements after 92000 ops (1000 samples) ---
Throughput = 7936.508 operations/sec (Maximum observed: 8928.571 ops/sec)
Total latency = 1.3599045983143998E7 (+/- 0) us 
Consensus latency = 46415.404874 (+/- 7112) us 
Pre-consensus latency = 0.0 (+/- 0) us 
Pos-consensus latency = 1.3577799653604E7 (+/- 0) us 
Propose latency = 43897.858847999996 (+/- 7853) us 
Write latency = 541.112624 (+/- 707) us 
Accept latency = 1976.4334020000001 (+/- 33) us 
Batch average size = NaN (+/- 0) requests
StandardSMMessage ByteCount = 13481
LCMessage ByteCount = 597
TOMMessage ByteCount = 56477669
ConsensusMessage ByteCount = 164705
--- Measurements after 93000 ops (1000 samples) ---
Throughput = 8771.93 operations/sec (Maximum observed: 8928.571 ops/sec)
Total latency = 1.3668538317305999E7 (+/- 0) us 
Consensus latency = 27776.163131999998 (+/- 249) us 
Pre-consensus latency = 0.0 (+/- 0) us 
Pos-consensus latency = 1.3658276968282E7 (+/- 0) us 
Propose latency = 23252.924434 (+/- 88) us 
Write latency = 2466.458528 (+/- 183) us 
Accept latency = 2056.78017 (+/- 22) us 
Batch average size = NaN (+/- 0) requests
StandardSMMessage ByteCount = 13481
LCMessage ByteCount = 597
TOMMessage ByteCount = 56477669
ConsensusMessage ByteCount = 164705
--- Measurements after 94000 ops (1000 samples) ---
Throughput = 7812.5 operations/sec (Maximum observed: 8928.571 ops/sec)
Total latency = 1.3747806639989E7 (+/- 0) us 
Consensus latency = 28668.555056 (+/- 525) us 
Pre-consensus latency = 0.0 (+/- 0) us 
Pos-consensus latency = 1.3736564180777E7 (+/- 0) us 
Propose latency = 23574.47004 (+/- 207) us 
Write latency = 3114.4696940000003 (+/- 355) us 
Accept latency = 1979.6153219999999 (+/- 37) us 
Batch average size = NaN (+/- 0) requests
StandardSMMessage ByteCount = 13481
LCMessage ByteCount = 597
TOMMessage ByteCount = 56477669
ConsensusMessage ByteCount = 164705
--- Measurements after 95000 ops (1000 samples) ---
Throughput = 8620.689 operations/sec (Maximum observed: 8928.571 ops/sec)
Total latency = 1.3834197742457E7 (+/- 0) us 
Consensus latency = 30332.879704 (+/- 586) us 
Pre-consensus latency = 0.0 (+/- 0) us 
Pos-consensus latency = 1.3821080870299E7 (+/- 0) us 
Propose latency = 24218.00125 (+/- 292) us 
Write latency = 4281.4572419999995 (+/- 227) us 
Accept latency = 1833.421212 (+/- 67) us 
Batch average size = NaN (+/- 0) requests
StandardSMMessage ByteCount = 13481
LCMessage ByteCount = 597
TOMMessage ByteCount = 56477669
ConsensusMessage ByteCount = 164705
--- Measurements after 96000 ops (1000 samples) ---
Throughput = 7874.0156 operations/sec (Maximum observed: 8928.571 ops/sec)
Total latency = 1.3917994323201E7 (+/- 0) us 
Consensus latency = 27965.90318 (+/- 494) us 
Pre-consensus latency = 0.0 (+/- 0) us 
Pos-consensus latency = 1.3907670699491E7 (+/- 0) us 
Propose latency = 23161.59541 (+/- 946) us 
Write latency = 3237.37289 (+/- 531) us 
Accept latency = 1566.9348799999998 (+/- 79) us 
Batch average size = NaN (+/- 0) requests
StandardSMMessage ByteCount = 13481
LCMessage ByteCount = 597
TOMMessage ByteCount = 56477669
ConsensusMessage ByteCount = 164705
--- Measurements after 97000 ops (1000 samples) ---
Throughput = 8771.93 operations/sec (Maximum observed: 8928.571 ops/sec)
Total latency = 1.4006753308603E7 (+/- 0) us 
Consensus latency = 30785.286354 (+/- 94) us 
Pre-consensus latency = 0.0 (+/- 0) us 
Pos-consensus latency = 1.3993220109003E7 (+/- 0) us 
Propose latency = 28506.304802000002 (+/- 465) us 
Write latency = 262.313062 (+/- 567) us 
Accept latency = 2016.66849 (+/- 8) us 
Batch average size = NaN (+/- 0) requests
StandardSMMessage ByteCount = 13481
LCMessage ByteCount = 597
TOMMessage ByteCount = 56477669
ConsensusMessage ByteCount = 164705
--- Measurements after 98000 ops (1000 samples) ---
Throughput = 8196.722 operations/sec (Maximum observed: 8928.571 ops/sec)
Total latency = 1.4084142085865999E7 (+/- 0) us 
Consensus latency = 32002.498 (+/- 0) us 
Pre-consensus latency = 0.0 (+/- 0) us 
Pos-consensus latency = 1.4069582978866E7 (+/- 0) us 
Propose latency = 22522.392 (+/- 0) us 
Write latency = 7568.389 (+/- 0) us 
Accept latency = 1911.717 (+/- 0) us 
Batch average size = NaN (+/- 0) requests
StandardSMMessage ByteCount = 13481
LCMessage ByteCount = 597
TOMMessage ByteCount = 56477669
ConsensusMessage ByteCount = 164705
--- Measurements after 99000 ops (1000 samples) ---
Throughput = 8771.93 operations/sec (Maximum observed: 8928.571 ops/sec)
Total latency = 1.4169233198867E7 (+/- 0) us 
Consensus latency = 28508.110902 (+/- 473) us 
Pre-consensus latency = 0.0 (+/- 0) us 
Pos-consensus latency = 1.4158429104711E7 (+/- 0) us 
Propose latency = 23583.606993999998 (+/- 143) us 
Write latency = 2771.2973960000004 (+/- 649) us 
Accept latency = 2153.206512 (+/- 32) us 
Batch average size = NaN (+/- 0) requests
StandardSMMessage ByteCount = 13481
LCMessage ByteCount = 597
TOMMessage ByteCount = 56477669
ConsensusMessage ByteCount = 164705
--- Measurements after 100000 ops (1000 samples) ---
Throughput = 8849.558 operations/sec (Maximum observed: 8928.571 ops/sec)
Total latency = 1.4250894764775999E7 (+/- 0) us 
Consensus latency = 28742.635986 (+/- 62) us 
Pre-consensus latency = 0.0 (+/- 0) us 
Pos-consensus latency = 1.4239021054728001E7 (+/- 0) us 
Propose latency = 26672.191146 (+/- 642) us 
Write latency = 310.833058 (+/- 497) us 
Accept latency = 1759.611782 (+/- 83) us 
Batch average size = NaN (+/- 0) requests
StandardSMMessage ByteCount = 13481
LCMessage ByteCount = 597
TOMMessage ByteCount = 56477669
ConsensusMessage ByteCount = 164705
--- Measurements after 101000 ops (1000 samples) ---
Throughput = 8064.516 operations/sec (Maximum observed: 8928.571 ops/sec)
Total latency = 1.4332030070504999E7 (+/- 0) us 
Consensus latency = 28601.215314 (+/- 41) us 
Pre-consensus latency = 0.0 (+/- 0) us 
Pos-consensus latency = 1.4320770395547E7 (+/- 0) us 
Propose latency = 26549.881056000002 (+/- 68) us 
Write latency = 250.84395800000001 (+/- 11) us 
Accept latency = 1800.4903 (+/- 15) us 
Batch average size = NaN (+/- 0) requests
StandardSMMessage ByteCount = 13481
LCMessage ByteCount = 597
TOMMessage ByteCount = 56477669
ConsensusMessage ByteCount = 164705
--- Measurements after 102000 ops (1000 samples) ---
Throughput = 8849.558 operations/sec (Maximum observed: 8928.571 ops/sec)
Total latency = 1.4411790906252E7 (+/- 0) us 
Consensus latency = 29574.47929 (+/- 309) us 
Pre-consensus latency = 0.0 (+/- 0) us 
Pos-consensus latency = 1.4399360333472E7 (+/- 0) us 
Propose latency = 24296.81914 (+/- 703) us 
Write latency = 3643.17629 (+/- 1066) us 
Accept latency = 1634.48386 (+/- 53) us 
Batch average size = NaN (+/- 0) requests
StandardSMMessage ByteCount = 13481
LCMessage ByteCount = 597
TOMMessage ByteCount = 56477669
ConsensusMessage ByteCount = 164705
--- Measurements after 103000 ops (1000 samples) ---
Throughput = 8000.0 operations/sec (Maximum observed: 8928.571 ops/sec)
Total latency = 1.4499175455586001E7 (+/- 0) us 
Consensus latency = 27703.988736000003 (+/- 706) us 
Pre-consensus latency = 0.0 (+/- 0) us 
Pos-consensus latency = 1.4488846964384E7 (+/- 0) us 
Propose latency = 23519.686100000003 (+/- 199) us 
Write latency = 2787.354324 (+/- 427) us 
Accept latency = 1396.948312 (+/- 79) us 
Batch average size = NaN (+/- 0) requests
StandardSMMessage ByteCount = 13481
LCMessage ByteCount = 597
TOMMessage ByteCount = 56477669
ConsensusMessage ByteCount = 164705
--- Measurements after 104000 ops (1000 samples) ---
Throughput = 8695.652 operations/sec (Maximum observed: 8928.571 ops/sec)
Total latency = 1.4584930954059E7 (+/- 0) us 
Consensus latency = 28569.08184 (+/- 447) us 
Pre-consensus latency = 0.0 (+/- 0) us 
Pos-consensus latency = 1.4573666926201E7 (+/- 0) us 
Propose latency = 23379.017978 (+/- 27) us 
Write latency = 3246.536588 (+/- 245) us 
Accept latency = 1943.527274 (+/- 230) us 
Batch average size = NaN (+/- 0) requests
StandardSMMessage ByteCount = 13481
LCMessage ByteCount = 597
TOMMessage ByteCount = 56477669
ConsensusMessage ByteCount = 164705
--- Measurements after 105000 ops (1000 samples) ---
Throughput = 8130.0815 operations/sec (Maximum observed: 8928.571 ops/sec)
Total latency = 1.4671635142816E7 (+/- 0) us 
Consensus latency = 28752.053114 (+/- 1) us 
Pre-consensus latency = 0.0 (+/- 0) us 
Pos-consensus latency = 1.465951900709E7 (+/- 0) us 
Propose latency = 23783.445132 (+/- 182) us 
Write latency = 3089.273568 (+/- 112) us 
Accept latency = 1879.3344140000002 (+/- 68) us 
Batch average size = NaN (+/- 0) requests
StandardSMMessage ByteCount = 13481
LCMessage ByteCount = 597
TOMMessage ByteCount = 56477669
ConsensusMessage ByteCount = 164705
--- Measurements after 106000 ops (1000 samples) ---
Throughput = 9009.009 operations/sec (Maximum observed: 9009.009 ops/sec)
Total latency = 1.4752741054377E7 (+/- 0) us 
Consensus latency = 32483.939474 (+/- 1784) us 
Pre-consensus latency = 0.0 (+/- 0) us 
Pos-consensus latency = 1.4737210190769E7 (+/- 0) us 
Propose latency = 23649.730583999997 (+/- 102) us 
Write latency = 6991.412624 (+/- 1889) us 
Accept latency = 1842.796266 (+/- 3) us 
Batch average size = NaN (+/- 0) requests
StandardSMMessage ByteCount = 13481
LCMessage ByteCount = 597
TOMMessage ByteCount = 56477669
ConsensusMessage ByteCount = 164705
--- Measurements after 107000 ops (1000 samples) ---
Throughput = 8130.0815 operations/sec (Maximum observed: 9009.009 ops/sec)
Total latency = 1.4827592225521E7 (+/- 0) us 
Consensus latency = 33000.75679 (+/- 173) us 
Pre-consensus latency = 0.0 (+/- 0) us 
Pos-consensus latency = 1.4812002089490999E7 (+/- 0) us 
Propose latency = 24571.41068 (+/- 500) us 
Write latency = 6519.48199 (+/- 709) us 
Accept latency = 1909.8641200000002 (+/- 35) us 
Batch average size = NaN (+/- 0) requests
StandardSMMessage ByteCount = 13481
LCMessage ByteCount = 597
TOMMessage ByteCount = 56477669
ConsensusMessage ByteCount = 164705
--- Measurements after 108000 ops (1000 samples) ---
Throughput = 8928.571 operations/sec (Maximum observed: 9009.009 ops/sec)
Total latency = 1.4906978552989E7 (+/- 0) us 
Consensus latency = 38873.115714 (+/- 3296) us 
Pre-consensus latency = 0.0 (+/- 0) us 
Pos-consensus latency = 1.4885504300659E7 (+/- 0) us 
Propose latency = 22936.619808 (+/- 1046) us 
Write latency = 13990.37501 (+/- 4333) us 
Accept latency = 1946.120896 (+/- 9) us 
Batch average size = NaN (+/- 0) requests
StandardSMMessage ByteCount = 13481
LCMessage ByteCount = 597
TOMMessage ByteCount = 56477669
ConsensusMessage ByteCount = 164705
--- Measurements after 109000 ops (1000 samples) ---
Throughput = 8130.0815 operations/sec (Maximum observed: 9009.009 ops/sec)
Total latency = 1.4960064648276E7 (+/- 0) us 
Consensus latency = 37325.55406 (+/- 1987) us 
Pre-consensus latency = 0.0 (+/- 0) us 
Pos-consensus latency = 1.494041274542E7 (+/- 0) us 
Propose latency = 30707.901206 (+/- 4925) us 
Write latency = 4540.307246 (+/- 6987) us 
Accept latency = 2077.345608 (+/- 74) us 
Batch average size = NaN (+/- 0) requests
StandardSMMessage ByteCount = 13481
LCMessage ByteCount = 597
TOMMessage ByteCount = 56477669
ConsensusMessage ByteCount = 164705
--- Measurements after 110000 ops (1000 samples) ---
Throughput = 8695.652 operations/sec (Maximum observed: 9009.009 ops/sec)
Total latency = 1.5031453504542E7 (+/- 0) us 
Consensus latency = 33660.240128 (+/- 1563) us 
Pre-consensus latency = 0.0 (+/- 0) us 
Pos-consensus latency = 1.5015825813261999E7 (+/- 0) us 
Propose latency = 27162.008511999997 (+/- 4043) us 
Write latency = 4658.034676 (+/- 2656) us 
Accept latency = 1840.19694 (+/- 176) us 
Batch average size = NaN (+/- 0) requests
StandardSMMessage ByteCount = 13481
LCMessage ByteCount = 597
TOMMessage ByteCount = 56477669
ConsensusMessage ByteCount = 164705
--- Measurements after 111000 ops (1000 samples) ---
Throughput = 8264.463 operations/sec (Maximum observed: 9009.009 ops/sec)
Total latency = 1.5104801126868E7 (+/- 0) us 
Consensus latency = 29987.751876 (+/- 1789) us 
Pre-consensus latency = 0.0 (+/- 0) us 
Pos-consensus latency = 1.509280059661E7 (+/- 0) us 
Propose latency = 25547.194807999997 (+/- 609) us 
Write latency = 2663.44198 (+/- 2430) us 
Accept latency = 1777.115088 (+/- 31) us 
Batch average size = NaN (+/- 0) requests
StandardSMMessage ByteCount = 13481
LCMessage ByteCount = 597
TOMMessage ByteCount = 56477669
ConsensusMessage ByteCount = 164705
--- Measurements after 112000 ops (1000 samples) ---
Throughput = 8620.689 operations/sec (Maximum observed: 9009.009 ops/sec)
Total latency = 1.5181354136643998E7 (+/- 0) us 
Consensus latency = 36437.361 (+/- 5362) us 
Pre-consensus latency = 0.0 (+/- 0) us 
Pos-consensus latency = 1.5161547049913999E7 (+/- 0) us 
Propose latency = 26295.650309999997 (+/- 241) us 
Write latency = 8233.37579 (+/- 5043) us 
Accept latency = 1908.3348999999998 (+/- 77) us 
Batch average size = NaN (+/- 0) requests
StandardSMMessage ByteCount = 13481
LCMessage ByteCount = 597
TOMMessage ByteCount = 56477669
ConsensusMessage ByteCount = 164705
--- Measurements after 113000 ops (1000 samples) ---
Throughput = 9009.009 operations/sec (Maximum observed: 9009.009 ops/sec)
Total latency = 1.5243588200301E7 (+/- 0) us 
Consensus latency = 38446.535444 (+/- 1297) us 
Pre-consensus latency = 0.0 (+/- 0) us 
Pos-consensus latency = 1.5222355304085E7 (+/- 0) us 
Propose latency = 26210.523766 (+/- 188) us 
Write latency = 10623.034803999999 (+/- 850) us 
Accept latency = 1612.9768740000002 (+/- 259) us 
Batch average size = NaN (+/- 0) requests
StandardSMMessage ByteCount = 13481
LCMessage ByteCount = 597
TOMMessage ByteCount = 56477669
ConsensusMessage ByteCount = 164705
--- Measurements after 114000 ops (1000 samples) ---
Throughput = 8064.516 operations/sec (Maximum observed: 9009.009 ops/sec)
Total latency = 1.5317876134482E7 (+/- 0) us 
Consensus latency = 39639.726726 (+/- 1679) us 
Pre-consensus latency = 0.0 (+/- 0) us 
Pos-consensus latency = 1.5296248583142E7 (+/- 0) us 
Propose latency = 25085.272171999997 (+/- 768) us 
Write latency = 13094.242224 (+/- 2418) us 
Accept latency = 1460.21233 (+/- 30) us 
Batch average size = NaN (+/- 0) requests
StandardSMMessage ByteCount = 13481
LCMessage ByteCount = 597
TOMMessage ByteCount = 56477669
ConsensusMessage ByteCount = 164705
--- Measurements after 115000 ops (1000 samples) ---
Throughput = 8849.558 operations/sec (Maximum observed: 9009.009 ops/sec)
Total latency = 1.5385895421077E7 (+/- 0) us 
Consensus latency = 42721.250378 (+/- 1454) us 
Pre-consensus latency = 0.0 (+/- 0) us 
Pos-consensus latency = 1.5361160117415002E7 (+/- 0) us 
Propose latency = 25877.486308 (+/- 1141) us 
Write latency = 15893.738926000002 (+/- 750) us 
Accept latency = 950.025144 (+/- 437) us 
Batch average size = NaN (+/- 0) requests
StandardSMMessage ByteCount = 13481
LCMessage ByteCount = 597
TOMMessage ByteCount = 56477669
ConsensusMessage ByteCount = 164705
--- Measurements after 116000 ops (1000 samples) ---
Throughput = 8064.516 operations/sec (Maximum observed: 9009.009 ops/sec)
Total latency = 1.5456239623646E7 (+/- 0) us 
Consensus latency = 40635.38068 (+/- 2825) us 
Pre-consensus latency = 0.0 (+/- 0) us 
Pos-consensus latency = 1.5433626863782E7 (+/- 0) us 
Propose latency = 27333.076192 (+/- 448) us 
Write latency = 11875.888294 (+/- 3993) us 
Accept latency = 1426.416194 (+/- 719) us 
Batch average size = NaN (+/- 0) requests
StandardSMMessage ByteCount = 13481
LCMessage ByteCount = 597
TOMMessage ByteCount = 56477669
ConsensusMessage ByteCount = 164705
--- Measurements after 117000 ops (1000 samples) ---
Throughput = 8928.571 operations/sec (Maximum observed: 9009.009 ops/sec)
Total latency = 1.5526129220222E7 (+/- 0) us 
Consensus latency = 35377.9219 (+/- 2556) us 
Pre-consensus latency = 0.0 (+/- 0) us 
Pos-consensus latency = 1.5508676635472E7 (+/- 0) us 
Propose latency = 25674.99515 (+/- 1849) us 
Write latency = 7825.758 (+/- 553) us 
Accept latency = 1877.16875 (+/- 153) us 
Batch average size = NaN (+/- 0) requests
StandardSMMessage ByteCount = 13481
LCMessage ByteCount = 597
TOMMessage ByteCount = 56477669
ConsensusMessage ByteCount = 164705
--- Measurements after 118000 ops (1000 samples) ---
Throughput = 8196.722 operations/sec (Maximum observed: 9009.009 ops/sec)
Total latency = 1.5602105783954E7 (+/- 0) us 
Consensus latency = 34623.020232 (+/- 1478) us 
Pre-consensus latency = 0.0 (+/- 0) us 
Pos-consensus latency = 1.5585215600326E7 (+/- 0) us 
Propose latency = 24185.824704 (+/- 174) us 
Write latency = 8637.595038000001 (+/- 1246) us 
Accept latency = 1799.60049 (+/- 57) us 
Batch average size = NaN (+/- 0) requests
StandardSMMessage ByteCount = 13481
LCMessage ByteCount = 597
TOMMessage ByteCount = 56477669
ConsensusMessage ByteCount = 164705
--- Measurements after 119000 ops (1000 samples) ---
Throughput = 8849.558 operations/sec (Maximum observed: 9009.009 ops/sec)
Total latency = 1.5682038076469E7 (+/- 0) us 
Consensus latency = 35208.417476 (+/- 814) us 
Pre-consensus latency = 0.0 (+/- 0) us 
Pos-consensus latency = 1.5664621156570999E7 (+/- 0) us 
Propose latency = 24650.77457 (+/- 298) us 
Write latency = 8892.68667 (+/- 924) us 
Accept latency = 1664.956236 (+/- 188) us 
Batch average size = NaN (+/- 0) requests
StandardSMMessage ByteCount = 13481
LCMessage ByteCount = 597
TOMMessage ByteCount = 56477669
ConsensusMessage ByteCount = 164705
--- Measurements after 120000 ops (1000 samples) ---
Throughput = 8196.722 operations/sec (Maximum observed: 9009.009 ops/sec)
Total latency = 1.5756462496255E7 (+/- 0) us 
Consensus latency = 38286.767018 (+/- 4066) us 
Pre-consensus latency = 0.0 (+/- 0) us 
Pos-consensus latency = 1.5735897731559E7 (+/- 0) us 
Propose latency = 25267.281544 (+/- 333) us 
Write latency = 11380.940192 (+/- 3563) us 
Accept latency = 1638.5452819999998 (+/- 168) us 
Batch average size = NaN (+/- 0) requests
StandardSMMessage ByteCount = 13481
LCMessage ByteCount = 597
TOMMessage ByteCount = 56477669
ConsensusMessage ByteCount = 164705
--- Measurements after 121000 ops (1000 samples) ---
Throughput = 8849.558 operations/sec (Maximum observed: 9009.009 ops/sec)
Total latency = 1.5834296859113E7 (+/- 0) us 
Consensus latency = 38023.708792000005 (+/- 4948) us 
Pre-consensus latency = 0.0 (+/- 0) us 
Pos-consensus latency = 1.5813839364518998E7 (+/- 0) us 
Propose latency = 26716.129528 (+/- 1207) us 
Write latency = 9523.610782 (+/- 6121) us 
Accept latency = 1783.968482 (+/- 33) us 
Batch average size = NaN (+/- 0) requests
StandardSMMessage ByteCount = 13481
LCMessage ByteCount = 597
TOMMessage ByteCount = 56477669
ConsensusMessage ByteCount = 164705
--- Measurements after 122000 ops (1000 samples) ---
Throughput = 8264.463 operations/sec (Maximum observed: 9009.009 ops/sec)
Total latency = 1.5903349518411E7 (+/- 0) us 
Consensus latency = 33153.85481 (+/- 638) us 
Pre-consensus latency = 0.0 (+/- 0) us 
Pos-consensus latency = 1.5887693570791E7 (+/- 0) us 
Propose latency = 26918.89002 (+/- 1290) us 
Write latency = 4419.91837 (+/- 1850) us 
Accept latency = 1815.04642 (+/- 78) us 
Batch average size = NaN (+/- 0) requests
StandardSMMessage ByteCount = 13481
LCMessage ByteCount = 597
TOMMessage ByteCount = 56477669
ConsensusMessage ByteCount = 164705
--- Measurements after 123000 ops (1000 samples) ---
Throughput = 8771.93 operations/sec (Maximum observed: 9009.009 ops/sec)
Total latency = 1.5984187779138E7 (+/- 0) us 
Consensus latency = 39571.317722 (+/- 6877) us 
Pre-consensus latency = 0.0 (+/- 0) us 
Pos-consensus latency = 1.5965528179706E7 (+/- 0) us 
Propose latency = 33732.464232 (+/- 10043) us 
Write latency = 3982.9911660000002 (+/- 3105) us 
Accept latency = 1855.862324 (+/- 60) us 
Batch average size = NaN (+/- 0) requests
StandardSMMessage ByteCount = 13481
LCMessage ByteCount = 597
TOMMessage ByteCount = 56477669
ConsensusMessage ByteCount = 164705
--- Measurements after 124000 ops (1000 samples) ---
Throughput = 8928.571 operations/sec (Maximum observed: 9009.009 ops/sec)
Total latency = 1.6048424164014999E7 (+/- 0) us 
Consensus latency = 42183.535280000004 (+/- 7256) us 
Pre-consensus latency = 0.0 (+/- 0) us 
Pos-consensus latency = 1.6029260773587E7 (+/- 0) us 
Propose latency = 37542.0564 (+/- 10603) us 
Write latency = 2885.965978 (+/- 3381) us 
Accept latency = 1755.512902 (+/- 35) us 
Batch average size = NaN (+/- 0) requests
StandardSMMessage ByteCount = 13481
LCMessage ByteCount = 597
TOMMessage ByteCount = 56477669
ConsensusMessage ByteCount = 164705
--- Measurements after 125000 ops (1000 samples) ---
Throughput = 8264.463 operations/sec (Maximum observed: 9009.009 ops/sec)
Total latency = 1.6124035596472E7 (+/- 0) us 
Consensus latency = 31556.237594000002 (+/- 1878) us 
Pre-consensus latency = 0.0 (+/- 0) us 
Pos-consensus latency = 1.6110460648802E7 (+/- 0) us 
Propose latency = 24696.578542 (+/- 849) us 
Write latency = 5143.808416 (+/- 2734) us 
Accept latency = 1715.850636 (+/- 6) us 
Batch average size = NaN (+/- 0) requests
StandardSMMessage ByteCount = 13481
LCMessage ByteCount = 597
TOMMessage ByteCount = 56477669
ConsensusMessage ByteCount = 164705
--- Measurements after 126000 ops (1000 samples) ---
Throughput = 8928.571 operations/sec (Maximum observed: 9009.009 ops/sec)
Total latency = 1.6199769414819E7 (+/- 0) us 
Consensus latency = 29972.921176 (+/- 1315) us 
Pre-consensus latency = 0.0 (+/- 0) us 
Pos-consensus latency = 1.6187495353509001E7 (+/- 0) us 
Propose latency = 25676.425320000002 (+/- 222) us 
Write latency = 2604.582244 (+/- 1584) us 
Accept latency = 1691.913612 (+/- 46) us 
Batch average size = NaN (+/- 0) requests
StandardSMMessage ByteCount = 13481
LCMessage ByteCount = 597
TOMMessage ByteCount = 56477669
ConsensusMessage ByteCount = 164705
--- Measurements after 127000 ops (1000 samples) ---
Throughput = 7874.0156 operations/sec (Maximum observed: 9009.009 ops/sec)
Total latency = 1.6282860011728E7 (+/- 0) us 
Consensus latency = 32243.39441 (+/- 617) us 
Pre-consensus latency = 0.0 (+/- 0) us 
Pos-consensus latency = 1.6268081865968E7 (+/- 0) us 
Propose latency = 25136.29109 (+/- 337) us 
Write latency = 5440.96314 (+/- 896) us 
Accept latency = 1666.1401799999999 (+/- 59) us 
Batch average size = NaN (+/- 0) requests
StandardSMMessage ByteCount = 13481
LCMessage ByteCount = 597
TOMMessage ByteCount = 56477669
ConsensusMessage ByteCount = 164705
--- Measurements after 128000 ops (1000 samples) ---
Throughput = 9009.009 operations/sec (Maximum observed: 9009.009 ops/sec)
Total latency = 1.6363304859013E7 (+/- 0) us 
Consensus latency = 34242.537406 (+/- 1704) us 
Pre-consensus latency = 0.0 (+/- 0) us 
Pos-consensus latency = 1.6347018522971E7 (+/- 0) us 
Propose latency = 25107.608674 (+/- 750) us 
Write latency = 7413.474128 (+/- 1005) us 
Accept latency = 1721.454604 (+/- 51) us 
Batch average size = NaN (+/- 0) requests
StandardSMMessage ByteCount = 13481
LCMessage ByteCount = 597
TOMMessage ByteCount = 56477669
ConsensusMessage ByteCount = 164705
--- Measurements after 129000 ops (1000 samples) ---
Throughput = 8196.722 operations/sec (Maximum observed: 9009.009 ops/sec)
Total latency = 1.6438847886665002E7 (+/- 0) us 
Consensus latency = 35897.965956 (+/- 1739) us 
Pre-consensus latency = 0.0 (+/- 0) us 
Pos-consensus latency = 1.6420961303147E7 (+/- 0) us 
Propose latency = 25523.216902 (+/- 1291) us 
Write latency = 8643.993366 (+/- 600) us 
Accept latency = 1730.7556880000002 (+/- 152) us 
Batch average size = NaN (+/- 0) requests
StandardSMMessage ByteCount = 13481
LCMessage ByteCount = 597
TOMMessage ByteCount = 56477669
ConsensusMessage ByteCount = 164705
--- Measurements after 130000 ops (1000 samples) ---
Throughput = 9009.009 operations/sec (Maximum observed: 9009.009 ops/sec)
Total latency = 1.6513630288503E7 (+/- 0) us 
Consensus latency = 32563.556002 (+/- 745) us 
Pre-consensus latency = 0.0 (+/- 0) us 
Pos-consensus latency = 1.6498638514243E7 (+/- 0) us 
Propose latency = 23474.900856 (+/- 211) us 
Write latency = 7184.159651999999 (+/- 809) us 
Accept latency = 1904.495494 (+/- 147) us 
Batch average size = NaN (+/- 0) requests
StandardSMMessage ByteCount = 13481
LCMessage ByteCount = 597
TOMMessage ByteCount = 56477669
ConsensusMessage ByteCount = 164705
--- Measurements after 131000 ops (1000 samples) ---
Throughput = 8130.0815 operations/sec (Maximum observed: 9009.009 ops/sec)
Total latency = 1.6586612466478001E7 (+/- 0) us 
Consensus latency = 32957.991426 (+/- 3312) us 
Pre-consensus latency = 0.0 (+/- 0) us 
Pos-consensus latency = 1.6571261160365999E7 (+/- 0) us 
Propose latency = 24734.575116 (+/- 1689) us 
Write latency = 6527.566519999999 (+/- 1516) us 
Accept latency = 1695.84979 (+/- 106) us 
Batch average size = NaN (+/- 0) requests
StandardSMMessage ByteCount = 13481
LCMessage ByteCount = 597
TOMMessage ByteCount = 56477669
ConsensusMessage ByteCount = 164705
--- Measurements after 132000 ops (1000 samples) ---
Throughput = 8771.93 operations/sec (Maximum observed: 9009.009 ops/sec)
Total latency = 1.6661672762823E7 (+/- 0) us 
Consensus latency = 37688.047 (+/- 3336) us 
Pre-consensus latency = 0.0 (+/- 0) us 
Pos-consensus latency = 1.6641700193382999E7 (+/- 0) us 
Propose latency = 27170.02464 (+/- 1653) us 
Write latency = 8635.17467 (+/- 1648) us 
Accept latency = 1882.84769 (+/- 35) us 
Batch average size = NaN (+/- 0) requests
StandardSMMessage ByteCount = 13481
LCMessage ByteCount = 597
TOMMessage ByteCount = 56477669
ConsensusMessage ByteCount = 164705
--- Measurements after 133000 ops (1000 samples) ---
Throughput = 8264.463 operations/sec (Maximum observed: 9009.009 ops/sec)
Total latency = 1.6730723350574E7 (+/- 0) us 
Consensus latency = 30457.850056000003 (+/- 772) us 
Pre-consensus latency = 0.0 (+/- 0) us 
Pos-consensus latency = 1.671798954793E7 (+/- 0) us 
Propose latency = 23750.94255 (+/- 17) us 
Write latency = 4961.584360000001 (+/- 609) us 
Accept latency = 1745.323146 (+/- 146) us 
Batch average size = NaN (+/- 0) requests
StandardSMMessage ByteCount = 13481
LCMessage ByteCount = 597
TOMMessage ByteCount = 56477669
ConsensusMessage ByteCount = 164705
--- Measurements after 134000 ops (1000 samples) ---
Throughput = 8620.689 operations/sec (Maximum observed: 9009.009 ops/sec)
Total latency = 1.681897976139E7 (+/- 0) us 
Consensus latency = 29322.409476 (+/- 1465) us 
Pre-consensus latency = 0.0 (+/- 0) us 
Pos-consensus latency = 1.680736056892E7 (+/- 0) us 
Propose latency = 23775.14984 (+/- 155) us 
Write latency = 4123.337874 (+/- 1295) us 
Accept latency = 1423.9217620000002 (+/- 15) us 
Batch average size = NaN (+/- 0) requests
StandardSMMessage ByteCount = 13481
LCMessage ByteCount = 597
TOMMessage ByteCount = 56477669
ConsensusMessage ByteCount = 164705
--- Measurements after 135000 ops (1000 samples) ---
Throughput = 9009.009 operations/sec (Maximum observed: 9009.009 ops/sec)
Total latency = 1.6897875393804003E7 (+/- 0) us 
Consensus latency = 33156.09624 (+/- 635) us 
Pre-consensus latency = 0.0 (+/- 0) us 
Pos-consensus latency = 1.6882293227842E7 (+/- 0) us 
Propose latency = 24079.756834 (+/- 208) us 
Write latency = 7574.225546 (+/- 735) us 
Accept latency = 1502.1138600000002 (+/- 109) us 
Batch average size = NaN (+/- 0) requests
StandardSMMessage ByteCount = 13481
LCMessage ByteCount = 597
TOMMessage ByteCount = 56477669
ConsensusMessage ByteCount = 164705
--- Measurements after 136000 ops (1000 samples) ---
Throughput = 8064.516 operations/sec (Maximum observed: 9009.009 ops/sec)
Total latency = 1.6980898182846002E7 (+/- 0) us 
Consensus latency = 34631.337836000006 (+/- 813) us 
Pre-consensus latency = 0.0 (+/- 0) us 
Pos-consensus latency = 1.6963665691236E7 (+/- 0) us 
Propose latency = 23556.77395 (+/- 148) us 
Write latency = 9237.756143999999 (+/- 1075) us 
Accept latency = 1836.8077420000002 (+/- 112) us 
Batch average size = NaN (+/- 0) requests
StandardSMMessage ByteCount = 13481
LCMessage ByteCount = 597
TOMMessage ByteCount = 56477669
ConsensusMessage ByteCount = 164705
--- Measurements after 137000 ops (1000 samples) ---
Throughput = 9009.009 operations/sec (Maximum observed: 9009.009 ops/sec)
Total latency = 1.7052483930211E7 (+/- 0) us 
Consensus latency = 32573.92754 (+/- 1706) us 
Pre-consensus latency = 0.0 (+/- 0) us 
Pos-consensus latency = 1.7037349503080998E7 (+/- 0) us 
Propose latency = 24091.296690000003 (+/- 269) us 
Write latency = 6311.36192 (+/- 1494) us 
Accept latency = 2171.26893 (+/- 57) us 
Batch average size = NaN (+/- 0) requests
StandardSMMessage ByteCount = 13481
LCMessage ByteCount = 597
TOMMessage ByteCount = 56477669
ConsensusMessage ByteCount = 164705
--- Measurements after 138000 ops (1000 samples) ---
Throughput = 8130.0815 operations/sec (Maximum observed: 9009.009 ops/sec)
Total latency = 1.7132978445338E7 (+/- 0) us 
Consensus latency = 38791.597884 (+/- 1) us 
Pre-consensus latency = 0.0 (+/- 0) us 
Pos-consensus latency = 1.711146522634E7 (+/- 0) us 
Propose latency = 25038.258719999998 (+/- 158) us 
Write latency = 11875.784958 (+/- 541) us 
Accept latency = 1877.554206 (+/- 382) us 
Batch average size = NaN (+/- 0) requests
StandardSMMessage ByteCount = 13481
LCMessage ByteCount = 597
TOMMessage ByteCount = 56477669
ConsensusMessage ByteCount = 164705
--- Measurements after 139000 ops (1000 samples) ---
Throughput = 9009.009 operations/sec (Maximum observed: 9009.009 ops/sec)
Total latency = 1.7202388368562E7 (+/- 0) us 
Consensus latency = 38695.026562 (+/- 675) us 
Pre-consensus latency = 0.0 (+/- 0) us 
Pos-consensus latency = 1.7181370525516E7 (+/- 0) us 
Propose latency = 24426.074706 (+/- 718) us 
Write latency = 14093.378983999999 (+/- 1649) us 
Accept latency = 175.572872 (+/- 254) us 
Batch average size = NaN (+/- 0) requests
StandardSMMessage ByteCount = 13481
LCMessage ByteCount = 597
TOMMessage ByteCount = 56477669
ConsensusMessage ByteCount = 164705
--- Measurements after 140000 ops (1000 samples) ---
Throughput = 8196.722 operations/sec (Maximum observed: 9009.009 ops/sec)
Total latency = 1.7263837395568002E7 (+/- 0) us 
Consensus latency = 34191.895 (+/- 0) us 
Pre-consensus latency = 0.0 (+/- 0) us 
Pos-consensus latency = 1.7248170588568002E7 (+/- 0) us 
Propose latency = 29217.417 (+/- 0) us 
Write latency = 3102.881 (+/- 0) us 
Accept latency = 1871.597 (+/- 0) us 
Batch average size = NaN (+/- 0) requests
StandardSMMessage ByteCount = 13481
LCMessage ByteCount = 597
TOMMessage ByteCount = 56477669
ConsensusMessage ByteCount = 164705
--- Measurements after 141000 ops (1000 samples) ---
Throughput = 8849.558 operations/sec (Maximum observed: 9009.009 ops/sec)
Total latency = 1.7339860670194E7 (+/- 0) us 
Consensus latency = 31981.403842 (+/- 99) us 
Pre-consensus latency = 0.0 (+/- 0) us 
Pos-consensus latency = 1.7326076213948E7 (+/- 0) us 
Propose latency = 24917.766534000002 (+/- 192) us 
Write latency = 5233.103018 (+/- 95) us 
Accept latency = 1830.53429 (+/- 1) us 
Batch average size = NaN (+/- 0) requests
StandardSMMessage ByteCount = 13481
LCMessage ByteCount = 597
TOMMessage ByteCount = 56477669
ConsensusMessage ByteCount = 164705
--- Measurements after 142000 ops (1000 samples) ---
Throughput = 8130.0815 operations/sec (Maximum observed: 9009.009 ops/sec)
Total latency = 1.741827985249E7 (+/- 0) us 
Consensus latency = 28076.021210000003 (+/- 637) us 
Pre-consensus latency = 0.0 (+/- 0) us 
Pos-consensus latency = 1.7408496140148E7 (+/- 0) us 
Propose latency = 24533.646702 (+/- 61) us 
Write latency = 1928.46998 (+/- 540) us 
Accept latency = 1613.904528 (+/- 35) us 
Batch average size = NaN (+/- 0) requests
StandardSMMessage ByteCount = 13481
LCMessage ByteCount = 597
TOMMessage ByteCount = 56477669
ConsensusMessage ByteCount = 164705
--- Measurements after 143000 ops (1000 samples) ---
Throughput = 8264.463 operations/sec (Maximum observed: 9009.009 ops/sec)
Total latency = 1.7507576192747E7 (+/- 0) us 
Consensus latency = 26632.08785 (+/- 307) us 
Pre-consensus latency = 0.0 (+/- 0) us 
Pos-consensus latency = 1.7498441092797E7 (+/- 0) us 
Propose latency = 21382.087 (+/- 721) us 
Write latency = 3344.1877000000004 (+/- 345) us 
Accept latency = 1905.81315 (+/- 68) us 
Batch average size = NaN (+/- 0) requests
StandardSMMessage ByteCount = 13481
LCMessage ByteCount = 597
TOMMessage ByteCount = 56583535
ConsensusMessage ByteCount = 164705
--- Measurements after 144000 ops (1000 samples) ---
Throughput = 6493.5063 operations/sec (Maximum observed: 9009.009 ops/sec)
Total latency = 1.7620873626815E7 (+/- 0) us 
Consensus latency = 25270.899309999997 (+/- 365) us 
Pre-consensus latency = 0.0 (+/- 0) us 
Pos-consensus latency = 1.7610629940261003E7 (+/- 0) us 
Propose latency = 18028.314798 (+/- 901) us 
Write latency = 5400.369111999999 (+/- 559) us 
Accept latency = 1842.2153999999998 (+/- 22) us 
Batch average size = NaN (+/- 0) requests
StandardSMMessage ByteCount = 13481
LCMessage ByteCount = 597
TOMMessage ByteCount = 57219962
ConsensusMessage ByteCount = 164705
--- Measurements after 145000 ops (1000 samples) ---
Throughput = 1992.0319 operations/sec (Maximum observed: 9009.009 ops/sec)
Total latency = 1.8041629302481E7 (+/- 0) us 
Consensus latency = 25119.426035999997 (+/- 15) us 
Pre-consensus latency = 0.0 (+/- 0) us 
Pos-consensus latency = 1.8027548186555002E7 (+/- 0) us 
Propose latency = 13065.895016 (+/- 1552) us 
Write latency = 11577.023551999999 (+/- 1984) us 
Accept latency = 476.507468 (+/- 448) us 
Batch average size = 55902.0 (+/- 0) requests
StandardSMMessage ByteCount = 13481
LCMessage ByteCount = 597
TOMMessage ByteCount = 92447158
ConsensusMessage ByteCount = 164705
--- Measurements after 146000 ops (1000 samples) ---
Throughput = 5154.639 operations/sec (Maximum observed: 9009.009 ops/sec)
Total latency = 1.8258705535171002E7 (+/- 0) us 
Consensus latency = 23969.392066 (+/- 426) us 
Pre-consensus latency = 0.0 (+/- 0) us 
Pos-consensus latency = 1.8242750408039E7 (+/- 0) us 
Propose latency = 9551.893157999999 (+/- 1119) us 
Write latency = 12858.437332 (+/- 234) us 
Accept latency = 1559.0615759999998 (+/- 458) us 
Batch average size = NaN (+/- 0) requests
StandardSMMessage ByteCount = 13481
LCMessage ByteCount = 597
TOMMessage ByteCount = 93589526
ConsensusMessage ByteCount = 164705
--- Measurements after 147000 ops (1000 samples) ---
Throughput = 6622.5166 operations/sec (Maximum observed: 9009.009 ops/sec)
Total latency = 1.8392791124412E7 (+/- 0) us 
Consensus latency = 21146.233986000003 (+/- 1102) us 
Pre-consensus latency = 0.0 (+/- 0) us 
Pos-consensus latency = 1.8378664125312E7 (+/- 0) us 
Propose latency = 8589.727958000001 (+/- 225) us 
Write latency = 11090.253512 (+/- 767) us 
Accept latency = 1466.252516 (+/- 109) us 
Batch average size = NaN (+/- 0) requests
StandardSMMessage ByteCount = 13481
LCMessage ByteCount = 597
TOMMessage ByteCount = 94475846
ConsensusMessage ByteCount = 164705
--- Measurements after 148000 ops (1000 samples) ---
Throughput = 6211.18 operations/sec (Maximum observed: 9009.009 ops/sec)
Total latency = 1.8528270473593E7 (+/- 0) us 
Consensus latency = 21580.5078 (+/- 402) us 
Pre-consensus latency = 0.0 (+/- 0) us 
Pos-consensus latency = 1.8513572926903E7 (+/- 0) us 
Propose latency = 8329.97021 (+/- 75) us 
Write latency = 11830.12359 (+/- 478) us 
Accept latency = 1420.414 (+/- 0) us 
Batch average size = NaN (+/- 0) requests
StandardSMMessage ByteCount = 13481
LCMessage ByteCount = 597
TOMMessage ByteCount = 95354780
ConsensusMessage ByteCount = 164705
--- Measurements after 149000 ops (1000 samples) ---
Throughput = 6578.9473 operations/sec (Maximum observed: 9009.009 ops/sec)
Total latency = 1.8655259211013E7 (+/- 0) us 
Consensus latency = 18929.780766 (+/- 1390) us 
Pre-consensus latency = 0.0 (+/- 0) us 
Pos-consensus latency = 1.8643246612803E7 (+/- 0) us 
Propose latency = 8297.407804 (+/- 0) us 
Write latency = 9442.692442 (+/- 1278) us 
Accept latency = 1189.6805200000001 (+/- 113) us 
Batch average size = NaN (+/- 0) requests
StandardSMMessage ByteCount = 13481
LCMessage ByteCount = 597
TOMMessage ByteCount = 96168471
ConsensusMessage ByteCount = 164705
--- Measurements after 150000 ops (1000 samples) ---
Throughput = 4651.1626 operations/sec (Maximum observed: 9009.009 ops/sec)
Total latency = 1.8816705933743E7 (+/- 0) us 
Consensus latency = 19197.239834 (+/- 501) us 
Pre-consensus latency = 0.0 (+/- 0) us 
Pos-consensus latency = 1.8804397587856997E7 (+/- 0) us 
Propose latency = 8245.125466 (+/- 27) us 
Write latency = 9443.937958 (+/- 331) us 
Accept latency = 1508.1764099999998 (+/- 197) us 
Batch average size = NaN (+/- 0) requests
StandardSMMessage ByteCount = 13481
LCMessage ByteCount = 597
TOMMessage ByteCount = 97341614
ConsensusMessage ByteCount = 164705
--- Measurements after 151000 ops (1000 samples) ---
Throughput = 4807.6924 operations/sec (Maximum observed: 9009.009 ops/sec)
Total latency = 1.9003246328911997E7 (+/- 0) us 
Consensus latency = 20569.490728 (+/- 626) us 
Pre-consensus latency = 0.0 (+/- 0) us 
Pos-consensus latency = 1.8989674614646E7 (+/- 0) us 
Propose latency = 8467.621926000002 (+/- 134) us 
Write latency = 10372.452178 (+/- 425) us 
Accept latency = 1729.416624 (+/- 66) us 
Batch average size = NaN (+/- 0) requests
StandardSMMessage ByteCount = 13481
LCMessage ByteCount = 597
TOMMessage ByteCount = 99093327
ConsensusMessage ByteCount = 164705
--- Measurements after 152000 ops (1000 samples) ---
Throughput = 6172.8394 operations/sec (Maximum observed: 9009.009 ops/sec)
Total latency = 1.9162752060551E7 (+/- 0) us 
Consensus latency = 20028.449282 (+/- 538) us 
Pre-consensus latency = 0.0 (+/- 0) us 
Pos-consensus latency = 1.9149717435975E7 (+/- 0) us 
Propose latency = 8373.298688 (+/- 102) us 
Write latency = 10080.788546 (+/- 320) us 
Accept latency = 1574.362048 (+/- 115) us 
Batch average size = NaN (+/- 0) requests
StandardSMMessage ByteCount = 13481
LCMessage ByteCount = 597
TOMMessage ByteCount = 100378491
ConsensusMessage ByteCount = 164705
--- Measurements after 153000 ops (1000 samples) ---
Throughput = 6493.5063 operations/sec (Maximum observed: 9009.009 ops/sec)
Total latency = 1.9295300558754E7 (+/- 0) us 
Consensus latency = 20128.45371 (+/- 271) us 
Pre-consensus latency = 0.0 (+/- 0) us 
Pos-consensus latency = 1.9282113999153998E7 (+/- 0) us 
Propose latency = 8387.31627 (+/- 48) us 
Write latency = 10092.7165 (+/- 130) us 
Accept latency = 1648.42094 (+/- 91) us 
Batch average size = NaN (+/- 0) requests
StandardSMMessage ByteCount = 13481
LCMessage ByteCount = 597
TOMMessage ByteCount = 101677196
ConsensusMessage ByteCount = 164705
--- Measurements after 154000 ops (1000 samples) ---
Throughput = 5988.024 operations/sec (Maximum observed: 9009.009 ops/sec)
Total latency = 1.943395683986E7 (+/- 0) us 
Consensus latency = 19294.220694 (+/- 681) us 
Pre-consensus latency = 0.0 (+/- 0) us 
Pos-consensus latency = 1.942137118797E7 (+/- 0) us 
Propose latency = 8208.486708 (+/- 141) us 
Write latency = 9349.185456000001 (+/- 559) us 
Accept latency = 1736.54853 (+/- 19) us 
Batch average size = NaN (+/- 0) requests
StandardSMMessage ByteCount = 13481
LCMessage ByteCount = 597
TOMMessage ByteCount = 102913120
ConsensusMessage ByteCount = 164705
--- Measurements after 155000 ops (1000 samples) ---
Throughput = 6329.114 operations/sec (Maximum observed: 9009.009 ops/sec)
Total latency = 1.9572840892702E7 (+/- 0) us 
Consensus latency = 19055.008063999998 (+/- 158) us 
Pre-consensus latency = 0.0 (+/- 0) us 
Pos-consensus latency = 1.956043729736E7 (+/- 0) us 
Propose latency = 8126.068281999999 (+/- 9) us 
Write latency = 9279.280742 (+/- 220) us 
Accept latency = 1649.65904 (+/- 71) us 
Batch average size = NaN (+/- 0) requests
StandardSMMessage ByteCount = 13481
LCMessage ByteCount = 597
TOMMessage ByteCount = 104121962
ConsensusMessage ByteCount = 164705
--- Measurements after 156000 ops (1000 samples) ---
Throughput = 6024.096 operations/sec (Maximum observed: 9009.009 ops/sec)
Total latency = 1.971386458092E7 (+/- 0) us 
Consensus latency = 19027.353692 (+/- 106) us 
Pre-consensus latency = 0.0 (+/- 0) us 
Pos-consensus latency = 1.9701502231422E7 (+/- 0) us 
Propose latency = 8357.099776 (+/- 168) us 
Write latency = 9084.416656 (+/- 265) us 
Accept latency = 1585.83726 (+/- 9) us 
Batch average size = NaN (+/- 0) requests
StandardSMMessage ByteCount = 13481
LCMessage ByteCount = 597
TOMMessage ByteCount = 105245865
ConsensusMessage ByteCount = 164705
--- Measurements after 157000 ops (1000 samples) ---
Throughput = 6493.5063 operations/sec (Maximum observed: 9009.009 ops/sec)
Total latency = 1.9850788783683997E7 (+/- 0) us 
Consensus latency = 22444.851061999998 (+/- 2774) us 
Pre-consensus latency = 0.0 (+/- 0) us 
Pos-consensus latency = 1.9834983172546003E7 (+/- 0) us 
Propose latency = 8203.02258 (+/- 223) us 
Write latency = 13545.517794 (+/- 3697) us 
Accept latency = 696.3106879999999 (+/- 699) us 
Batch average size = NaN (+/- 0) requests
StandardSMMessage ByteCount = 13481
LCMessage ByteCount = 597
TOMMessage ByteCount = 106319297
ConsensusMessage ByteCount = 164705
--- Measurements after 158000 ops (1000 samples) ---
Throughput = 6097.561 operations/sec (Maximum observed: 9009.009 ops/sec)
Total latency = 1.9982756650798E7 (+/- 0) us 
Consensus latency = 22243.5183 (+/- 2001) us 
Pre-consensus latency = 0.0 (+/- 0) us 
Pos-consensus latency = 1.9967519556218E7 (+/- 0) us 
Propose latency = 8624.33786 (+/- 498) us 
Write latency = 12617.44601 (+/- 3217) us 
Accept latency = 1001.7344300000001 (+/- 717) us 
Batch average size = NaN (+/- 0) requests
StandardSMMessage ByteCount = 13481
LCMessage ByteCount = 597
TOMMessage ByteCount = 107336103
ConsensusMessage ByteCount = 164705
--- Measurements after 159000 ops (1000 samples) ---
Throughput = 6535.9478 operations/sec (Maximum observed: 9009.009 ops/sec)
Total latency = 2.0116718369603E7 (+/- 0) us 
Consensus latency = 20672.570728 (+/- 84) us 
Pre-consensus latency = 0.0 (+/- 0) us 
Pos-consensus latency = 2.0103258585101E7 (+/- 0) us 
Propose latency = 8768.833002000001 (+/- 237) us 
Write latency = 10252.204556 (+/- 276) us 
Accept latency = 1651.53317 (+/- 45) us 
Batch average size = NaN (+/- 0) requests
StandardSMMessage ByteCount = 13481
LCMessage ByteCount = 597
TOMMessage ByteCount = 108180569
ConsensusMessage ByteCount = 164705
--- Measurements after 160000 ops (1000 samples) ---
Throughput = 6134.969 operations/sec (Maximum observed: 9009.009 ops/sec)
Total latency = 2.0251897421715E7 (+/- 0) us 
Consensus latency = 20511.96136 (+/- 216) us 
Pre-consensus latency = 0.0 (+/- 0) us 
Pos-consensus latency = 2.0238461860499002E7 (+/- 0) us 
Propose latency = 8459.739646 (+/- 93) us 
Write latency = 10376.203210000001 (+/- 108) us 
Accept latency = 1676.018504 (+/- 14) us 
Batch average size = NaN (+/- 0) requests
StandardSMMessage ByteCount = 13481
LCMessage ByteCount = 597
TOMMessage ByteCount = 108634808
ConsensusMessage ByteCount = 164705
--- Measurements after 161000 ops (1000 samples) ---
Throughput = 6535.9478 operations/sec (Maximum observed: 9009.009 ops/sec)
Total latency = 2.0384936652659E7 (+/- 0) us 
Consensus latency = 20250.386427999998 (+/- 60) us 
Pre-consensus latency = 0.0 (+/- 0) us 
Pos-consensus latency = 2.0371713874961E7 (+/- 0) us 
Propose latency = 8445.029470000001 (+/- 68) us 
Write latency = 10150.364711999999 (+/- 121) us 
Accept latency = 1654.992246 (+/- 7) us 
Batch average size = NaN (+/- 0) requests
StandardSMMessage ByteCount = 13481
LCMessage ByteCount = 597
TOMMessage ByteCount = 109331554
ConsensusMessage ByteCount = 164705
--- Measurements after 162000 ops (1000 samples) ---
Throughput = 6097.561 operations/sec (Maximum observed: 9009.009 ops/sec)
Total latency = 2.0522006485915E7 (+/- 0) us 
Consensus latency = 20226.134282000003 (+/- 34) us 
Pre-consensus latency = 0.0 (+/- 0) us 
Pos-consensus latency = 2.0508823186981E7 (+/- 0) us 
Propose latency = 8605.760868000001 (+/- 96) us 
Write latency = 9946.180789999999 (+/- 88) us 
Accept latency = 1674.192624 (+/- 26) us 
Batch average size = NaN (+/- 0) requests
StandardSMMessage ByteCount = 13481
LCMessage ByteCount = 597
TOMMessage ByteCount = 110112008
ConsensusMessage ByteCount = 164705
--- Measurements after 163000 ops (1000 samples) ---
Throughput = 6535.9478 operations/sec (Maximum observed: 9009.009 ops/sec)
Total latency = 2.0656188920112E7 (+/- 0) us 
Consensus latency = 20687.231050000002 (+/- 452) us 
Pre-consensus latency = 0.0 (+/- 0) us 
Pos-consensus latency = 2.0642550019911997E7 (+/- 0) us 
Propose latency = 8624.855119999998 (+/- 82) us 
Write latency = 10406.106189999999 (+/- 583) us 
Accept latency = 1656.26974 (+/- 48) us 
Batch average size = NaN (+/- 0) requests
StandardSMMessage ByteCount = 13481
LCMessage ByteCount = 597
TOMMessage ByteCount = 110930623
ConsensusMessage ByteCount = 164705
--- Measurements after 164000 ops (1000 samples) ---
Throughput = 6024.096 operations/sec (Maximum observed: 9009.009 ops/sec)
Total latency = 2.0791056401926998E7 (+/- 0) us 
Consensus latency = 21013.33046 (+/- 171) us 
Pre-consensus latency = 0.0 (+/- 0) us 
Pos-consensus latency = 2.0777154941247E7 (+/- 0) us 
Propose latency = 8653.08105 (+/- 129) us 
Write latency = 10719.184022 (+/- 341) us 
Accept latency = 1641.065388 (+/- 39) us 
Batch average size = NaN (+/- 0) requests
StandardSMMessage ByteCount = 13481
LCMessage ByteCount = 597
TOMMessage ByteCount = 111716001
ConsensusMessage ByteCount = 164705
--- Measurements after 165000 ops (1000 samples) ---
Throughput = 6410.2563 operations/sec (Maximum observed: 9009.009 ops/sec)
Total latency = 2.0924756473588E7 (+/- 0) us 
Consensus latency = 20794.758952 (+/- 31) us 
Pre-consensus latency = 0.0 (+/- 0) us 
Pos-consensus latency = 2.0911110890706003E7 (+/- 0) us 
Propose latency = 8706.312194 (+/- 106) us 
Write latency = 10377.151128000001 (+/- 44) us 
Accept latency = 1711.2956299999998 (+/- 30) us 
Batch average size = NaN (+/- 0) requests
StandardSMMessage ByteCount = 13481
LCMessage ByteCount = 597
TOMMessage ByteCount = 112629403
ConsensusMessage ByteCount = 164705
--- Measurements after 166000 ops (1000 samples) ---
Throughput = 6060.606 operations/sec (Maximum observed: 9009.009 ops/sec)
Total latency = 2.1063722320309E7 (+/- 0) us 
Consensus latency = 20431.750558 (+/- 400) us 
Pre-consensus latency = 0.0 (+/- 0) us 
Pos-consensus latency = 2.1050451761025E7 (+/- 0) us 
Propose latency = 8644.26222 (+/- 77) us 
Write latency = 10041.632153999999 (+/- 477) us 
Accept latency = 1745.856184 (+/- 0) us 
Batch average size = NaN (+/- 0) requests
StandardSMMessage ByteCount = 13481
LCMessage ByteCount = 597
TOMMessage ByteCount = 114024126
ConsensusMessage ByteCount = 164705
--- Measurements after 167000 ops (1000 samples) ---
Throughput = 6622.5166 operations/sec (Maximum observed: 9009.009 ops/sec)
Total latency = 2.1197289472667E7 (+/- 0) us 
Consensus latency = 20041.59908 (+/- 132) us 
Pre-consensus latency = 0.0 (+/- 0) us 
Pos-consensus latency = 2.1184473690169E7 (+/- 0) us 
Propose latency = 8892.316148 (+/- 198) us 
Write latency = 9420.869126 (+/- 44) us 
Accept latency = 1728.413806 (+/- 21) us 
Batch average size = NaN (+/- 0) requests
StandardSMMessage ByteCount = 13481
LCMessage ByteCount = 597
TOMMessage ByteCount = 115102482
ConsensusMessage ByteCount = 164705
--- Measurements after 168000 ops (1000 samples) ---
Throughput = 6172.8394 operations/sec (Maximum observed: 9009.009 ops/sec)
Total latency = 2.1336496801983003E7 (+/- 0) us 
Consensus latency = 20437.36535 (+/- 305) us 
Pre-consensus latency = 0.0 (+/- 0) us 
Pos-consensus latency = 2.1323322693882998E7 (+/- 0) us 
Propose latency = 9094.83985 (+/- 73) us 
Write latency = 9627.212 (+/- 359) us 
Accept latency = 1715.3135 (+/- 19) us 
Batch average size = NaN (+/- 0) requests
StandardSMMessage ByteCount = 13481
LCMessage ByteCount = 597
TOMMessage ByteCount = 116492281
ConsensusMessage ByteCount = 164705
--- Measurements after 169000 ops (1000 samples) ---
Throughput = 6134.969 operations/sec (Maximum observed: 9009.009 ops/sec)
Total latency = 2.146947024325E7 (+/- 0) us 
Consensus latency = 21742.816044 (+/- 1279) us 
Pre-consensus latency = 0.0 (+/- 0) us 
Pos-consensus latency = 2.145500970612E7 (+/- 0) us 
Propose latency = 8881.491782 (+/- 163) us 
Write latency = 11667.391342 (+/- 2231) us 
Accept latency = 1193.93292 (+/- 787) us 
Batch average size = NaN (+/- 0) requests
StandardSMMessage ByteCount = 13481
LCMessage ByteCount = 597
TOMMessage ByteCount = 117761442
ConsensusMessage ByteCount = 164705
--- Measurements after 170000 ops (1000 samples) ---
Throughput = 6622.5166 operations/sec (Maximum observed: 9009.009 ops/sec)
Total latency = 2.1602596729057997E7 (+/- 0) us 
Consensus latency = 22923.089842 (+/- 1001) us 
Pre-consensus latency = 0.0 (+/- 0) us 
Pos-consensus latency = 2.1586940388240002E7 (+/- 0) us 
Propose latency = 8680.333096 (+/- 52) us 
Write latency = 13696.066488 (+/- 1791) us 
Accept latency = 546.6902580000001 (+/- 737) us 
Batch average size = NaN (+/- 0) requests
StandardSMMessage ByteCount = 13481
LCMessage ByteCount = 597
TOMMessage ByteCount = 118938278
ConsensusMessage ByteCount = 164705
--- Measurements after 171000 ops (1000 samples) ---
Throughput = 6060.606 operations/sec (Maximum observed: 9009.009 ops/sec)
Total latency = 2.1736895235206E7 (+/- 0) us 
Consensus latency = 20829.499936 (+/- 920) us 
Pre-consensus latency = 0.0 (+/- 0) us 
Pos-consensus latency = 2.1723437264363997E7 (+/- 0) us 
Propose latency = 8856.604328 (+/- 156) us 
Write latency = 10324.35745 (+/- 1047) us 
Accept latency = 1648.538158 (+/- 30) us 
Batch average size = NaN (+/- 0) requests
StandardSMMessage ByteCount = 13481
LCMessage ByteCount = 597
TOMMessage ByteCount = 120186512
ConsensusMessage ByteCount = 164705
--- Measurements after 172000 ops (1000 samples) ---
Throughput = 6097.561 operations/sec (Maximum observed: 9009.009 ops/sec)
Total latency = 2.1865737152533002E7 (+/- 0) us 
Consensus latency = 19521.009264 (+/- 299) us 
Pre-consensus latency = 0.0 (+/- 0) us 
Pos-consensus latency = 2.1853749221811E7 (+/- 0) us 
Propose latency = 9087.535136 (+/- 36) us 
Write latency = 8800.945762 (+/- 280) us 
Accept latency = 1632.528366 (+/- 55) us 
Batch average size = NaN (+/- 0) requests
StandardSMMessage ByteCount = 13481
LCMessage ByteCount = 597
TOMMessage ByteCount = 121283333
ConsensusMessage ByteCount = 164705
--- Measurements after 173000 ops (1000 samples) ---
Throughput = 5494.5054 operations/sec (Maximum observed: 9009.009 ops/sec)
Total latency = 2.2004736847714E7 (+/- 0) us 
Consensus latency = 19994.67224 (+/- 72) us 
Pre-consensus latency = 0.0 (+/- 0) us 
Pos-consensus latency = 2.1992323772544E7 (+/- 0) us 
Propose latency = 9058.663289999999 (+/- 62) us 
Write latency = 9199.87075 (+/- 149) us 
Accept latency = 1736.1381999999999 (+/- 15) us 
Batch average size = NaN (+/- 0) requests
StandardSMMessage ByteCount = 13481
LCMessage ByteCount = 597
TOMMessage ByteCount = 122529105
ConsensusMessage ByteCount = 164705
--- Measurements after 174000 ops (1000 samples) ---
Throughput = 6211.18 operations/sec (Maximum observed: 9009.009 ops/sec)
Total latency = 2.2166886597789E7 (+/- 0) us 
Consensus latency = 19961.618192 (+/- 194) us 
Pre-consensus latency = 0.0 (+/- 0) us 
Pos-consensus latency = 2.2154542536733E7 (+/- 0) us 
Propose latency = 9094.956721999999 (+/- 151) us 
Write latency = 9117.44476 (+/- 376) us 
Accept latency = 1749.21671 (+/- 30) us 
Batch average size = NaN (+/- 0) requests
StandardSMMessage ByteCount = 13481
LCMessage ByteCount = 597
TOMMessage ByteCount = 123467127
ConsensusMessage ByteCount = 164705
--- Measurements after 175000 ops (1000 samples) ---
Throughput = 5464.481 operations/sec (Maximum observed: 9009.009 ops/sec)
Total latency = 2.2309257702626E7 (+/- 0) us 
Consensus latency = 20414.873926 (+/- 151) us 
Pre-consensus latency = 0.0 (+/- 0) us 
Pos-consensus latency = 2.229611248329E7 (+/- 0) us 
Propose latency = 8879.790624 (+/- 176) us 
Write latency = 9798.097198000001 (+/- 123) us 
Accept latency = 1736.986104 (+/- 99) us 
Batch average size = NaN (+/- 0) requests
StandardSMMessage ByteCount = 13481
LCMessage ByteCount = 597
TOMMessage ByteCount = 123675166
ConsensusMessage ByteCount = 164705
--- Measurements after 176000 ops (1000 samples) ---
Throughput = 6666.6665 operations/sec (Maximum observed: 9009.009 ops/sec)
Total latency = 2.2454414734796003E7 (+/- 0) us 
Consensus latency = 20884.540406 (+/- 341) us 
Pre-consensus latency = 0.0 (+/- 0) us 
Pos-consensus latency = 2.244085322108E7 (+/- 0) us 
Propose latency = 10246.067608 (+/- 2293) us 
Write latency = 8744.128576 (+/- 1830) us 
Accept latency = 1894.3442220000002 (+/- 121) us 
Batch average size = NaN (+/- 0) requests
StandardSMMessage ByteCount = 13481
LCMessage ByteCount = 597
TOMMessage ByteCount = 124053083
ConsensusMessage ByteCount = 164705
--- Measurements after 177000 ops (1000 samples) ---
Throughput = 6060.606 operations/sec (Maximum observed: 9009.009 ops/sec)
Total latency = 2.2581557473969E7 (+/- 0) us 
Consensus latency = 21642.235058 (+/- 74) us 
Pre-consensus latency = 0.0 (+/- 0) us 
Pos-consensus latency = 2.2571430837657E7 (+/- 0) us 
Propose latency = 16058.634801999999 (+/- 1325) us 
Write latency = 3933.560564 (+/- 1491) us 
Accept latency = 1650.039692 (+/- 90) us 
Batch average size = NaN (+/- 0) requests
StandardSMMessage ByteCount = 13481
LCMessage ByteCount = 597
TOMMessage ByteCount = 124706744
ConsensusMessage ByteCount = 164705
--- Measurements after 178000 ops (1000 samples) ---
Throughput = 6711.409 operations/sec (Maximum observed: 9009.009 ops/sec)
Total latency = 2.2705699155835997E7 (+/- 0) us 
Consensus latency = 21487.31009 (+/- 100) us 
Pre-consensus latency = 0.0 (+/- 0) us 
Pos-consensus latency = 2.2697721456386E7 (+/- 0) us 
Propose latency = 19487.15425 (+/- 171) us 
Write latency = 148.37175 (+/- 9) us 
Accept latency = 1851.78409 (+/- 80) us 
Batch average size = NaN (+/- 0) requests
StandardSMMessage ByteCount = 13481
LCMessage ByteCount = 597
TOMMessage ByteCount = 125415800
ConsensusMessage ByteCount = 164705
--- Measurements after 179000 ops (1000 samples) ---
Throughput = 6134.969 operations/sec (Maximum observed: 9009.009 ops/sec)
Total latency = 2.2839509825655997E7 (+/- 0) us 
Consensus latency = 21793.742631999998 (+/- 64) us 
Pre-consensus latency = 0.0 (+/- 0) us 
Pos-consensus latency = 2.2830812224006E7 (+/- 0) us 
Propose latency = 19988.639574 (+/- 49) us 
Write latency = 177.689188 (+/- 4) us 
Accept latency = 1627.41387 (+/- 10) us 
Batch average size = NaN (+/- 0) requests
StandardSMMessage ByteCount = 13481
LCMessage ByteCount = 597
TOMMessage ByteCount = 126095312
ConsensusMessage ByteCount = 164705
--- Measurements after 180000 ops (1000 samples) ---
Throughput = 6134.969 operations/sec (Maximum observed: 9009.009 ops/sec)
Total latency = 2.2966840481911E7 (+/- 0) us 
Consensus latency = 21991.986162 (+/- 45) us 
Pre-consensus latency = 0.0 (+/- 0) us 
Pos-consensus latency = 2.2958367323021E7 (+/- 0) us 
Propose latency = 20136.131188 (+/- 47) us 
Write latency = 193.44817999999998 (+/- 1) us 
Accept latency = 1662.406794 (+/- 4) us 
Batch average size = NaN (+/- 0) requests
StandardSMMessage ByteCount = 13481
LCMessage ByteCount = 597
TOMMessage ByteCount = 126844991
ConsensusMessage ByteCount = 164705
--- Measurements after 181000 ops (1000 samples) ---
Throughput = 6711.409 operations/sec (Maximum observed: 9009.009 ops/sec)
Total latency = 2.3101447841724E7 (+/- 0) us 
Consensus latency = 21680.09791 (+/- 684) us 
Pre-consensus latency = 0.0 (+/- 0) us 
Pos-consensus latency = 2.309305674538E7 (+/- 0) us 
Propose latency = 19819.505958 (+/- 658) us 
Write latency = 184.90092199999998 (+/- 7) us 
Accept latency = 1675.69103 (+/- 19) us 
Batch average size = NaN (+/- 0) requests
StandardSMMessage ByteCount = 13481
LCMessage ByteCount = 597
TOMMessage ByteCount = 127087498
ConsensusMessage ByteCount = 164705
--- Measurements after 182000 ops (1000 samples) ---
Throughput = 6756.757 operations/sec (Maximum observed: 9009.009 ops/sec)
Total latency = 2.3211867326395E7 (+/- 0) us 
Consensus latency = 18315.44152 (+/- 670) us 
Pre-consensus latency = 0.0 (+/- 0) us 
Pos-consensus latency = 2.3203332060073003E7 (+/- 0) us 
Propose latency = 16578.854322 (+/- 589) us 
Write latency = 155.577104 (+/- 53) us 
Accept latency = 1581.010094 (+/- 27) us 
Batch average size = NaN (+/- 0) requests
StandardSMMessage ByteCount = 13481
LCMessage ByteCount = 597
TOMMessage ByteCount = 127104732
ConsensusMessage ByteCount = 164705
--- Measurements after 183000 ops (1000 samples) ---
Throughput = 4807.6924 operations/sec (Maximum observed: 9009.009 ops/sec)
Total latency = 2.337452019054E7 (+/- 0) us 
Consensus latency = 23938.284 (+/- 0) us 
Pre-consensus latency = 0.0 (+/- 0) us 
Pos-consensus latency = 2.336572903454E7 (+/- 0) us 
Propose latency = 21524.653 (+/- 0) us 
Write latency = 602.665 (+/- 0) us 
Accept latency = 1810.966 (+/- 0) us 
Batch average size = NaN (+/- 0) requests
StandardSMMessage ByteCount = 13481
LCMessage ByteCount = 597
TOMMessage ByteCount = 127119504
ConsensusMessage ByteCount = 164705
--- Measurements after 184000 ops (1000 samples) ---
Throughput = 6711.409 operations/sec (Maximum observed: 9009.009 ops/sec)
Total latency = 2.3511577729466E7 (+/- 0) us 
Consensus latency = 23612.156219999997 (+/- 32) us 
Pre-consensus latency = 0.0 (+/- 0) us 
Pos-consensus latency = 2.3502843557866E7 (+/- 0) us 
Propose latency = 21567.92095 (+/- 4) us 
Write latency = 299.57946999999996 (+/- 30) us 
Accept latency = 1744.6558 (+/- 6) us 
Batch average size = NaN (+/- 0) requests
StandardSMMessage ByteCount = 13481
LCMessage ByteCount = 597
TOMMessage ByteCount = 127123197
ConsensusMessage ByteCount = 164705
--- Measurements after 185000 ops (1000 samples) ---
Throughput = 6711.409 operations/sec (Maximum observed: 9009.009 ops/sec)
Total latency = 2.3633157901861E7 (+/- 0) us 
Consensus latency = 22972.352042 (+/- 119) us 
Pre-consensus latency = 0.0 (+/- 0) us 
Pos-consensus latency = 2.3624108418065E7 (+/- 0) us 
Propose latency = 20404.726958 (+/- 218) us 
Write latency = 958.09276 (+/- 124) us 
Accept latency = 1609.532324 (+/- 25) us 
Batch average size = NaN (+/- 0) requests
StandardSMMessage ByteCount = 13481
LCMessage ByteCount = 597
TOMMessage ByteCount = 127130583
ConsensusMessage ByteCount = 164705
--- Measurements after 186000 ops (1000 samples) ---
Throughput = 6060.606 operations/sec (Maximum observed: 9009.009 ops/sec)
Total latency = 2.3769678767911E7 (+/- 0) us 
Consensus latency = 23389.91952 (+/- 109) us 
Pre-consensus latency = 0.0 (+/- 0) us 
Pos-consensus latency = 2.3761151290811002E7 (+/- 0) us 
Propose latency = 21117.151513999997 (+/- 187) us 
Write latency = 271.302168 (+/- 176) us 
Accept latency = 2001.465838 (+/- 98) us 
Batch average size = NaN (+/- 0) requests
StandardSMMessage ByteCount = 13481
LCMessage ByteCount = 597
TOMMessage ByteCount = 127135507
ConsensusMessage ByteCount = 164705
--- Measurements after 187000 ops (1000 samples) ---
Throughput = 6756.757 operations/sec (Maximum observed: 9009.009 ops/sec)
Total latency = 2.3891523243577E7 (+/- 0) us 
Consensus latency = 23008.565096000002 (+/- 122) us 
Pre-consensus latency = 0.0 (+/- 0) us 
Pos-consensus latency = 2.3882401794947E7 (+/- 0) us 
Propose latency = 20675.554904 (+/- 145) us 
Write latency = 362.06532799999997 (+/- 40) us 
Accept latency = 1970.944864 (+/- 16) us 
Batch average size = NaN (+/- 0) requests
StandardSMMessage ByteCount = 13481
LCMessage ByteCount = 597
TOMMessage ByteCount = 127140431
ConsensusMessage ByteCount = 164705
--- Measurements after 188000 ops (1000 samples) ---
Throughput = 6097.561 operations/sec (Maximum observed: 9009.009 ops/sec)
Total latency = 2.4011694293424E7 (+/- 0) us 
Consensus latency = 23521.321522 (+/- 189) us 
Pre-consensus latency = 0.0 (+/- 0) us 
Pos-consensus latency = 2.4002792916472E7 (+/- 0) us 
Propose latency = 21629.775491999997 (+/- 343) us 
Write latency = 184.364048 (+/- 65) us 
Accept latency = 1707.181982 (+/- 89) us 
Batch average size = NaN (+/- 0) requests
StandardSMMessage ByteCount = 13481
LCMessage ByteCount = 597
TOMMessage ByteCount = 127141662
ConsensusMessage ByteCount = 164705
--- Measurements after 189000 ops (1000 samples) ---
Throughput = 6711.409 operations/sec (Maximum observed: 9009.009 ops/sec)
Total latency = 2.4142720382775E7 (+/- 0) us 
Consensus latency = 23472.55056 (+/- 44) us 
Pre-consensus latency = 0.0 (+/- 0) us 
Pos-consensus latency = 2.4134274793544997E7 (+/- 0) us 
Propose latency = 21663.43039 (+/- 32) us 
Write latency = 161.52635 (+/- 0) us 
Accept latency = 1647.59382 (+/- 11) us 
Batch average size = NaN (+/- 0) requests
StandardSMMessage ByteCount = 13481
LCMessage ByteCount = 597
TOMMessage ByteCount = 127145355
ConsensusMessage ByteCount = 164705
--- Measurements after 190000 ops (1000 samples) ---
Throughput = 6711.409 operations/sec (Maximum observed: 9009.009 ops/sec)
Total latency = 2.4262896635842998E7 (+/- 0) us 
Consensus latency = 23233.273418 (+/- 94) us 
Pre-consensus latency = 0.0 (+/- 0) us 
Pos-consensus latency = 2.4254473133553002E7 (+/- 0) us 
Propose latency = 21368.16201 (+/- 120) us 
Write latency = 161.519838 (+/- 0) us 
Accept latency = 1703.59157 (+/- 25) us 
Batch average size = NaN (+/- 0) requests
StandardSMMessage ByteCount = 13481
LCMessage ByteCount = 597
TOMMessage ByteCount = 127274610
ConsensusMessage ByteCount = 164705
--- Measurements after 191000 ops (1000 samples) ---
Throughput = 6097.561 operations/sec (Maximum observed: 9009.009 ops/sec)
Total latency = 2.439073048821E7 (+/- 0) us 
Consensus latency = 23262.022468 (+/- 32) us 
Pre-consensus latency = 0.0 (+/- 0) us 
Pos-consensus latency = 2.4382160762872003E7 (+/- 0) us 
Propose latency = 21367.23612 (+/- 23) us 
Write latency = 162.77826199999998 (+/- 0) us 
Accept latency = 1732.0080859999998 (+/- 8) us 
Batch average size = NaN (+/- 0) requests
StandardSMMessage ByteCount = 13481
LCMessage ByteCount = 597
TOMMessage ByteCount = 127652527
ConsensusMessage ByteCount = 164705
--- Measurements after 192000 ops (1000 samples) ---
Throughput = 6622.5166 operations/sec (Maximum observed: 9009.009 ops/sec)
Total latency = 2.4521918791293E7 (+/- 0) us 
Consensus latency = 34688.248602 (+/- 5744) us 
Pre-consensus latency = 0.0 (+/- 0) us 
Pos-consensus latency = 2.4502032839867E7 (+/- 0) us 
Propose latency = 21330.920834 (+/- 23) us 
Write latency = 180.02884400000002 (+/- 8) us 
Accept latency = 13177.298924 (+/- 5759) us 
Batch average size = NaN (+/- 0) requests
StandardSMMessage ByteCount = 13481
LCMessage ByteCount = 597
TOMMessage ByteCount = 127831022
ConsensusMessage ByteCount = 164705
--- Measurements after 193000 ops (1000 samples) ---
Throughput = 6711.409 operations/sec (Maximum observed: 9009.009 ops/sec)
Total latency = 2.4636917021059E7 (+/- 0) us 
Consensus latency = 25769.249918 (+/- 6383) us 
Pre-consensus latency = 0.0 (+/- 0) us 
Pos-consensus latency = 2.4625112502017E7 (+/- 0) us 
Propose latency = 20697.126625999997 (+/- 336) us 
Write latency = 189.49267600000002 (+/- 2) us 
Accept latency = 4882.630616 (+/- 6050) us 
Batch average size = NaN (+/- 0) requests
StandardSMMessage ByteCount = 13481
LCMessage ByteCount = 597
TOMMessage ByteCount = 127950429
ConsensusMessage ByteCount = 164705
--- Measurements after 194000 ops (1000 samples) ---
Throughput = 6060.606 operations/sec (Maximum observed: 9009.009 ops/sec)
Total latency = 2.4766027616795E7 (+/- 0) us 
Consensus latency = 23894.69675 (+/- 908) us 
Pre-consensus latency = 0.0 (+/- 0) us 
Pos-consensus latency = 2.4757735756545E7 (+/- 0) us 
Propose latency = 22123.8475 (+/- 929) us 
Write latency = 168.61725 (+/- 12) us 
Accept latency = 1602.232 (+/- 7) us 
Batch average size = NaN (+/- 0) requests
StandardSMMessage ByteCount = 13481
LCMessage ByteCount = 597
TOMMessage ByteCount = 128048909
ConsensusMessage ByteCount = 164705
--- Measurements after 195000 ops (1000 samples) ---
Throughput = 6666.6665 operations/sec (Maximum observed: 9009.009 ops/sec)
Total latency = 2.4891645200502E7 (+/- 0) us 
Consensus latency = 23668.196884 (+/- 461) us 
Pre-consensus latency = 0.0 (+/- 0) us 
Pos-consensus latency = 2.4883429737669997E7 (+/- 0) us 
Propose latency = 21894.01763 (+/- 470) us 
Write latency = 175.992536 (+/- 9) us 
Accept latency = 1598.1867180000002 (+/- 0) us 
Batch average size = NaN (+/- 0) requests
StandardSMMessage ByteCount = 13481
LCMessage ByteCount = 597
TOMMessage ByteCount = 128133848
ConsensusMessage ByteCount = 164705
--- Measurements after 196000 ops (1000 samples) ---
Throughput = 6711.409 operations/sec (Maximum observed: 9009.009 ops/sec)
Total latency = 2.5014698443487E7 (+/- 0) us 
Consensus latency = 23202.47052 (+/- 118) us 
Pre-consensus latency = 0.0 (+/- 0) us 
Pos-consensus latency = 2.5006336176049E7 (+/- 0) us 
Propose latency = 21283.670978000002 (+/- 209) us 
Write latency = 166.678712 (+/- 9) us 
Accept latency = 1752.12083 (+/- 100) us 
Batch average size = NaN (+/- 0) requests
StandardSMMessage ByteCount = 13481
LCMessage ByteCount = 597
TOMMessage ByteCount = 128218787
ConsensusMessage ByteCount = 164705
--- Measurements after 197000 ops (1000 samples) ---
Throughput = 5988.024 operations/sec (Maximum observed: 9009.009 ops/sec)
Total latency = 2.5152152629501E7 (+/- 0) us 
Consensus latency = 23046.872226 (+/- 53) us 
Pre-consensus latency = 0.0 (+/- 0) us 
Pos-consensus latency = 2.5143915722069E7 (+/- 0) us 
Propose latency = 21121.890798 (+/- 17) us 
Write latency = 162.827446 (+/- 1) us 
Accept latency = 1762.153982 (+/- 38) us 
Batch average size = NaN (+/- 0) requests
StandardSMMessage ByteCount = 13481
LCMessage ByteCount = 597
TOMMessage ByteCount = 128626248
ConsensusMessage ByteCount = 164705
--- Measurements after 198000 ops (1000 samples) ---
Throughput = 6711.409 operations/sec (Maximum observed: 9009.009 ops/sec)
Total latency = 2.5275985677087E7 (+/- 0) us 
Consensus latency = 22380.203756000003 (+/- 458) us 
Pre-consensus latency = 0.0 (+/- 0) us 
Pos-consensus latency = 2.5267705373907E7 (+/- 0) us 
Propose latency = 20551.228634 (+/- 406) us 
Write latency = 162.393544 (+/- 1) us 
Accept latency = 1666.581578 (+/- 50) us 
Batch average size = NaN (+/- 0) requests
StandardSMMessage ByteCount = 13481
LCMessage ByteCount = 597
TOMMessage ByteCount = 129153116
ConsensusMessage ByteCount = 164705
--- Measurements after 199000 ops (1000 samples) ---
Throughput = 5102.041 operations/sec (Maximum observed: 9009.009 ops/sec)
Total latency = 2.5414122043309E7 (+/- 0) us 
Consensus latency = 22051.46261 (+/- 3) us 
Pre-consensus latency = 0.0 (+/- 0) us 
Pos-consensus latency = 2.5405734823188998E7 (+/- 0) us 
Propose latency = 20094.78288 (+/- 123) us 
Write latency = 284.32359 (+/- 94) us 
Accept latency = 1672.3561399999999 (+/- 32) us 
Batch average size = NaN (+/- 0) requests
StandardSMMessage ByteCount = 13481
LCMessage ByteCount = 597
TOMMessage ByteCount = 129740303
ConsensusMessage ByteCount = 164705
--- Measurements after 200000 ops (1000 samples) ---
Throughput = 4784.689 operations/sec (Maximum observed: 9009.009 ops/sec)
Total latency = 2.5601207938828E7 (+/- 0) us 
Consensus latency = 17181.884471999998 (+/- 3930) us 
Pre-consensus latency = 0.0 (+/- 0) us 
Pos-consensus latency = 2.5594925751526E7 (+/- 0) us 
Propose latency = 14920.315562000002 (+/- 4098) us 
Write latency = 468.673684 (+/- 90) us 
Accept latency = 1792.895226 (+/- 77) us 
Batch average size = NaN (+/- 0) requests
StandardSMMessage ByteCount = 13481
LCMessage ByteCount = 597
TOMMessage ByteCount = 130377961
ConsensusMessage ByteCount = 164705
