-- Using view stored on disk
-- SSL/TLS handshake complete!, Id:0  ## CipherSuite: TLS_ECDHE_ECDSA_WITH_AES_128_GCM_SHA256.
-- ID = 1
-- N = 4
-- F = 1
-- Port (client <-> server) = 11010
-- Port (server <-> server) = 11011
-- requestTimeout = 2000
-- maxBatch = 1024
-- Binded replica to IP address 134.60.242.12
-- Optimizations:  Read-only Requests: disabled
-- SSL/TLS enabled, protocol version: TLSv1.2
-- In current view: ID:0; F:1; Processes:0(/134.60.242.11:11000),1(/134.60.242.12:11010),2(/134.60.242.13:11020),3(/134.60.242.14:11030),
-- Retrieving State
-- Replica state is up to date
-- 
		###################################
		    Ready to process operations    
		###################################
-- Session Created, active clients=0
-- Session Created, active clients=0
-- Session Created, active clients=0
-- Session Created, active clients=0
-- Session Created, active clients=0
-- Session Created, active clients=0
-- Session Created, active clients=0
-- Session Created, active clients=0
-- Session Created, active clients=0
-- Session Created, active clients=0
-- Session Created, active clients=0
-- Session Created, active clients=0
-- Session Created, active clients=0
-- Session Created, active clients=0
-- Session Created, active clients=0
-- Session Created, active clients=0
-- Session Created, active clients=0
-- Session Created, active clients=0
-- Session Created, active clients=0
-- Session Created, active clients=0
-- Session Created, active clients=0
-- Session Created, active clients=0
-- Session Created, active clients=0
-- Session Created, active clients=0
-- Session Created, active clients=0
-- Session Created, active clients=0
-- Session Created, active clients=0
-- Session Created, active clients=0
-- Session Created, active clients=0
-- Session Created, active clients=0
-- Session Created, active clients=0
-- Session Created, active clients=0
-- Session Created, active clients=0
-- Session Created, active clients=0
-- Session Created, active clients=0
-- Session Created, active clients=0
-- Session Created, active clients=0
-- Session Created, active clients=0
-- Session Created, active clients=0
-- Session Created, active clients=0
-- Session Created, active clients=0
-- Session Created, active clients=0
-- Session Created, active clients=0
-- Session Created, active clients=0
-- Session Created, active clients=0
-- Session Created, active clients=0
-- Session Created, active clients=0
-- Session Created, active clients=0
-- Session Created, active clients=0
-- Session Created, active clients=0
-- Session Created, active clients=0
-- Session Created, active clients=0
-- Session Created, active clients=0
-- Session Created, active clients=0
-- Session Created, active clients=0
-- Session Created, active clients=0
-- Session Created, active clients=0
-- Session Created, active clients=0
-- Session Created, active clients=0
-- Session Created, active clients=0
-- Session Created, active clients=0
-- Session Created, active clients=0
-- Session Created, active clients=0
-- Session Created, active clients=0
-- Session Created, active clients=0
-- Session Created, active clients=0
-- Session Created, active clients=0
-- Session Created, active clients=0
-- Session Created, active clients=0
-- Session Created, active clients=0
-- Session Created, active clients=0
-- Session Created, active clients=0
-- Session Created, active clients=0
-- Session Created, active clients=0
-- Session Created, active clients=0
-- Session Created, active clients=0
-- Session Created, active clients=0
-- Session Created, active clients=0
-- Session Created, active clients=0
-- Session Created, active clients=0
-- Session Created, active clients=0
-- Session Created, active clients=0
-- Session Created, active clients=0
-- Session Created, active clients=0
-- Session Created, active clients=0
-- Session Created, active clients=0
-- Session Created, active clients=0
-- Session Created, active clients=0
-- Session Created, active clients=0
-- Session Created, active clients=0
-- Session Created, active clients=0
-- Session Created, active clients=0
-- Session Created, active clients=0
-- Session Created, active clients=0
-- Session Created, active clients=0
-- Session Created, active clients=0
-- Session Created, active clients=0
-- Session Created, active clients=0
-- Session Created, active clients=0
-- Session Created, active clients=0
-- Session Created, active clients=0
-- Session Created, active clients=0
-- Session Created, active clients=0
-- Session Created, active clients=0
-- Session Created, active clients=0
-- Session Created, active clients=0
-- Session Created, active clients=0
-- Session Created, active clients=0
-- Session Created, active clients=0
-- Session Created, active clients=0
-- Session Created, active clients=0
-- Session Created, active clients=0
-- Session Created, active clients=0
-- Session Created, active clients=0
-- Session Created, active clients=0
-- Session Created, active clients=0
-- Session Created, active clients=0
-- Session Created, active clients=0
-- Session Created, active clients=0
-- Session Created, active clients=0
-- Session Created, active clients=0
-- Session Created, active clients=0
-- Session Created, active clients=0
-- Session Created, active clients=0
-- Session Created, active clients=0
-- Session Created, active clients=0
-- Session Created, active clients=0
-- Session Created, active clients=0
-- Session Created, active clients=0
-- Session Created, active clients=0
-- Session Created, active clients=0
-- Session Created, active clients=0
-- Session Created, active clients=0
-- Session Created, active clients=0
-- Session Created, active clients=0
-- Session Created, active clients=0
-- Session Created, active clients=0
-- Session Created, active clients=0
-- Session Created, active clients=0
-- Session Created, active clients=0
-- Session Created, active clients=0
-- Session Created, active clients=0
-- Session Created, active clients=0
-- Session Created, active clients=0
-- Session Created, active clients=0
-- Session Created, active clients=0
-- Session Created, active clients=0
-- Session Created, active clients=0
-- Session Created, active clients=0
-- Session Created, active clients=0
-- Session Created, active clients=0
-- Session Created, active clients=0
-- Session Created, active clients=0
-- Session Created, active clients=0
-- Session Created, active clients=0
-- Session Created, active clients=0
-- Session Created, active clients=0
-- Session Created, active clients=0
-- Session Created, active clients=0
-- Session Created, active clients=0
-- Session Created, active clients=0
-- Session Created, active clients=0
-- Session Created, active clients=0
-- Session Created, active clients=0
-- Session Created, active clients=0
-- Session Created, active clients=0
-- Session Created, active clients=0
-- Session Created, active clients=0
-- Session Created, active clients=0
-- Session Created, active clients=0
-- Session Created, active clients=0
-- Session Created, active clients=0
-- Session Created, active clients=0
-- Session Created, active clients=0
-- Session Created, active clients=0
-- Session Created, active clients=0
-- Session Created, active clients=0
-- Session Created, active clients=0
-- Session Created, active clients=0
-- Session Created, active clients=0
-- Session Created, active clients=0
-- Session Created, active clients=0
-- Session Created, active clients=0
-- Session Created, active clients=0
-- Session Created, active clients=0
-- Session Created, active clients=0
-- Session Created, active clients=0
-- Session Created, active clients=0
-- Session Created, active clients=0
-- Session Created, active clients=0
-- Session Created, active clients=0
-- Session Created, active clients=0
-- Session Created, active clients=0
-- Session Created, active clients=0
-- Session Created, active clients=0
-- Session Created, active clients=0
-- Session Created, active clients=0
-- Session Created, active clients=0
-- Session Created, active clients=0
-- Session Created, active clients=0
--- Measurements after 1000 ops (1000 samples) ---
Throughput = 21.266642 operations/sec (Maximum observed: 21.266642 ops/sec)
Total latency = 63765.392816 (+/- 39158) us 
Consensus latency = 16455.876993 (+/- 12106) us 
Pre-consensus latency = 0.0 (+/- 0) us 
Pos-consensus latency = 53897.30063400001 (+/- 34481) us 
Propose latency = 8239.062203 (+/- 3631) us 
Write latency = 2178.133293 (+/- 1672) us 
Accept latency = 6038.6814970000005 (+/- 8291) us 
Batch average size = 100.0 (+/- 70) requests
ConsensusMessage ByteCount = 6099
TOMMessage ByteCount = 1251858
StandardSMMessage ByteCount = 9726
--- Measurements after 2000 ops (1000 samples) ---
Throughput = 83.36807 operations/sec (Maximum observed: 83.36807 ops/sec)
Total latency = 40289.079823 (+/- 21730) us 
Consensus latency = 7706.856366 (+/- 1577) us 
Pre-consensus latency = 0.0 (+/- 0) us 
Pos-consensus latency = 35941.62291 (+/- 21696) us 
Propose latency = 4227.800424 (+/- 1656) us 
Write latency = 1017.944661 (+/- 346) us 
Accept latency = 2461.111281 (+/- 461) us 
Batch average size = 71.42857142857143 (+/- 59) requests
ConsensusMessage ByteCount = 14633
TOMMessage ByteCount = 2824241
StandardSMMessage ByteCount = 9726
--- Measurements after 3000 ops (1000 samples) ---
Throughput = 105.351875 operations/sec (Maximum observed: 105.351875 ops/sec)
Total latency = 31522.714000999997 (+/- 17646) us 
Consensus latency = 6634.980733 (+/- 1337) us 
Pre-consensus latency = 0.0 (+/- 0) us 
Pos-consensus latency = 27626.962423 (+/- 17489) us 
Propose latency = 3365.650511 (+/- 1301) us 
Write latency = 1414.653506 (+/- 405) us 
Accept latency = 1854.676716 (+/- 275) us 
Batch average size = 66.66666666666667 (+/- 54) requests
ConsensusMessage ByteCount = 23783
TOMMessage ByteCount = 4534203
StandardSMMessage ByteCount = 9726
--- Measurements after 4000 ops (1000 samples) ---
Throughput = 142.85715 operations/sec (Maximum observed: 142.85715 ops/sec)
Total latency = 34046.507718 (+/- 17756) us 
Consensus latency = 7202.131304 (+/- 3287) us 
Pre-consensus latency = 0.0 (+/- 0) us 
Pos-consensus latency = 29472.241132 (+/- 17490) us 
Propose latency = 3088.787621 (+/- 956) us 
Write latency = 2047.178554 (+/- 2865) us 
Accept latency = 2066.165129 (+/- 215) us 
Batch average size = 83.33333333333333 (+/- 55) requests
ConsensusMessage ByteCount = 31104
TOMMessage ByteCount = 5802690
StandardSMMessage ByteCount = 9726
--- Measurements after 5000 ops (1000 samples) ---
Throughput = 221.19 operations/sec (Maximum observed: 221.19 ops/sec)
Total latency = 42701.375021 (+/- 22552) us 
Consensus latency = 6614.962877999999 (+/- 975) us 
Pre-consensus latency = 0.0 (+/- 0) us 
Pos-consensus latency = 39344.02675 (+/- 22510) us 
Propose latency = 3767.5327340000003 (+/- 1035) us 
Write latency = 865.187552 (+/- 315) us 
Accept latency = 1982.242592 (+/- 134) us 
Batch average size = 71.42857142857143 (+/- 83) requests
ConsensusMessage ByteCount = 39644
TOMMessage ByteCount = 7282849
StandardSMMessage ByteCount = 9726
--- Measurements after 6000 ops (1000 samples) ---
Throughput = 501.50452 operations/sec (Maximum observed: 501.50452 ops/sec)
Total latency = 42120.634434 (+/- 21495) us 
Consensus latency = 6971.736235 (+/- 980) us 
Pre-consensus latency = 0.0 (+/- 0) us 
Pos-consensus latency = 38420.708465 (+/- 21490) us 
Propose latency = 3841.316773 (+/- 999) us 
Write latency = 1087.701873 (+/- 124) us 
Accept latency = 2042.7175889999999 (+/- 70) us 
Batch average size = 76.92307692307692 (+/- 86) requests
ConsensusMessage ByteCount = 47572
TOMMessage ByteCount = 8797778
StandardSMMessage ByteCount = 9726
--- Measurements after 7000 ops (1000 samples) ---
Throughput = 3225.8064 operations/sec (Maximum observed: 3225.8064 ops/sec)
Total latency = 99203.158037 (+/- 0) us 
Consensus latency = 21077.358636999998 (+/- 5945) us 
Pre-consensus latency = 0.0 (+/- 0) us 
Pos-consensus latency = 92111.048507 (+/- 0) us 
Propose latency = 18722.771574000002 (+/- 6178) us 
Write latency = 357.234336 (+/- 111) us 
Accept latency = 1997.352727 (+/- 453) us 
Batch average size = 1244.5 (+/- 1924) requests
ConsensusMessage ByteCount = 52452
TOMMessage ByteCount = 10404940
StandardSMMessage ByteCount = 9726
--- Measurements after 8000 ops (1000 samples) ---
Throughput = 4000.0 operations/sec (Maximum observed: 4000.0 ops/sec)
Total latency = 327764.89402899996 (+/- 0) us 
Consensus latency = 27726.37984 (+/- 1982) us 
Pre-consensus latency = 0.0 (+/- 0) us 
Pos-consensus latency = 319744.21239099995 (+/- 0) us 
Propose latency = 25997.348704 (+/- 4432) us 
Write latency = 948.0230280000001 (+/- 2386) us 
Accept latency = 781.008108 (+/- 63) us 
Batch average size = NaN (+/- 0) requests
ConsensusMessage ByteCount = 56113
TOMMessage ByteCount = 10404940
StandardSMMessage ByteCount = 9726
--- Measurements after 9000 ops (1000 samples) ---
Throughput = 4444.4443 operations/sec (Maximum observed: 4444.4443 ops/sec)
Total latency = 530542.725511 (+/- 0) us 
Consensus latency = 21501.36225 (+/- 271) us 
Pre-consensus latency = 0.0 (+/- 0) us 
Pos-consensus latency = 517419.47597100004 (+/- 0) us 
Propose latency = 12664.54724 (+/- 1534) us 
Write latency = 7785.09649 (+/- 2076) us 
Accept latency = 1051.7185200000001 (+/- 269) us 
Batch average size = NaN (+/- 0) requests
ConsensusMessage ByteCount = 59774
TOMMessage ByteCount = 10404940
StandardSMMessage ByteCount = 9726
--- Measurements after 10000 ops (1000 samples) ---
Throughput = 3610.1084 operations/sec (Maximum observed: 4444.4443 ops/sec)
Total latency = 724024.280625 (+/- 0) us 
Consensus latency = 20978.178594 (+/- 2126) us 
Pre-consensus latency = 0.0 (+/- 0) us 
Pos-consensus latency = 715853.5017649999 (+/- 0) us 
Propose latency = 18705.505492 (+/- 2045) us 
Write latency = 225.714302 (+/- 22) us 
Accept latency = 2046.9588 (+/- 58) us 
Batch average size = NaN (+/- 0) requests
ConsensusMessage ByteCount = 63434
TOMMessage ByteCount = 10404940
StandardSMMessage ByteCount = 9726
--- Measurements after 11000 ops (1000 samples) ---
Throughput = 3649.635 operations/sec (Maximum observed: 4444.4443 ops/sec)
Total latency = 944669.1691749999 (+/- 0) us 
Consensus latency = 30626.69219 (+/- 207) us 
Pre-consensus latency = 0.0 (+/- 0) us 
Pos-consensus latency = 926399.4616929999 (+/- 0) us 
Propose latency = 27957.487719999997 (+/- 402) us 
Write latency = 333.91040000000004 (+/- 49) us 
Accept latency = 2335.29407 (+/- 145) us 
Batch average size = 25600.0 (+/- 0) requests
ConsensusMessage ByteCount = 67705
TOMMessage ByteCount = 16597709
StandardSMMessage ByteCount = 9726
--- Measurements after 12000 ops (1000 samples) ---
Throughput = 4405.286 operations/sec (Maximum observed: 4444.4443 ops/sec)
Total latency = 1161721.0343580001 (+/- 0) us 
Consensus latency = 29244.431 (+/- 0) us 
Pre-consensus latency = 0.0 (+/- 0) us 
Pos-consensus latency = 1152401.072358 (+/- 0) us 
Propose latency = 25272.643 (+/- 0) us 
Write latency = 663.692 (+/- 0) us 
Accept latency = 3308.096 (+/- 0) us 
Batch average size = NaN (+/- 0) requests
ConsensusMessage ByteCount = 71708
TOMMessage ByteCount = 16597709
StandardSMMessage ByteCount = 9726
--- Measurements after 13000 ops (1000 samples) ---
Throughput = 4329.0044 operations/sec (Maximum observed: 4444.4443 ops/sec)
Total latency = 1356088.870875 (+/- 0) us 
Consensus latency = 24052.571528 (+/- 232) us 
Pre-consensus latency = 0.0 (+/- 0) us 
Pos-consensus latency = 1350892.611941 (+/- 0) us 
Propose latency = 21479.784918 (+/- 169) us 
Write latency = 298.232384 (+/- 16) us 
Accept latency = 2274.5542259999997 (+/- 46) us 
Batch average size = NaN (+/- 0) requests
ConsensusMessage ByteCount = 75023
TOMMessage ByteCount = 16597709
StandardSMMessage ByteCount = 9726
--- Measurements after 14000 ops (1000 samples) ---
Throughput = 4366.812 operations/sec (Maximum observed: 4444.4443 ops/sec)
Total latency = 1548058.51926 (+/- 0) us 
Consensus latency = 22878.774648 (+/- 190) us 
Pre-consensus latency = 0.0 (+/- 0) us 
Pos-consensus latency = 1544669.908418 (+/- 0) us 
Propose latency = 21167.96484 (+/- 49) us 
Write latency = 260.938962 (+/- 5) us 
Accept latency = 1449.8708459999998 (+/- 134) us 
Batch average size = NaN (+/- 0) requests
ConsensusMessage ByteCount = 79027
TOMMessage ByteCount = 16597709
StandardSMMessage ByteCount = 9726
LCMessage ByteCount = 199
--- Measurements after 15000 ops (1000 samples) ---
Throughput = 4237.288 operations/sec (Maximum observed: 4444.4443 ops/sec)
Total latency = 1740929.010062 (+/- 0) us 
Consensus latency = 21784.78205 (+/- 243) us 
Pre-consensus latency = 0.0 (+/- 0) us 
Pos-consensus latency = 1737306.252612 (+/- 0) us 
Propose latency = 20035.98355 (+/- 257) us 
Write latency = 264.1221 (+/- 0) us 
Accept latency = 1484.6763999999998 (+/- 13) us 
Batch average size = NaN (+/- 0) requests
ConsensusMessage ByteCount = 82685
TOMMessage ByteCount = 16597709
StandardSMMessage ByteCount = 9726
LCMessage ByteCount = 199
--- Measurements after 16000 ops (1000 samples) ---
Throughput = 3717.4722 operations/sec (Maximum observed: 4444.4443 ops/sec)
Total latency = 1966214.073932 (+/- 0) us 
Consensus latency = 27559.310881999998 (+/- 1649) us 
Pre-consensus latency = 0.0 (+/- 0) us 
Pos-consensus latency = 1955628.1655940001 (+/- 0) us 
Propose latency = 19430.134638 (+/- 154) us 
Write latency = 6202.073388000001 (+/- 1679) us 
Accept latency = 1927.102856 (+/- 124) us 
Batch average size = NaN (+/- 0) requests
ConsensusMessage ByteCount = 87222
TOMMessage ByteCount = 16597709
StandardSMMessage ByteCount = 9726
LCMessage ByteCount = 199
--- Measurements after 17000 ops (1000 samples) ---
Throughput = 4504.5044 operations/sec (Maximum observed: 4504.5044 ops/sec)
Total latency = 2136362.441658 (+/- 0) us 
Consensus latency = 28473.499312 (+/- 147) us 
Pre-consensus latency = 0.0 (+/- 0) us 
Pos-consensus latency = 2126833.90224 (+/- 0) us 
Propose latency = 25312.267594 (+/- 1954) us 
Write latency = 1045.5283 (+/- 1857) us 
Accept latency = 2115.703418 (+/- 50) us 
Batch average size = NaN (+/- 0) requests
ConsensusMessage ByteCount = 90884
TOMMessage ByteCount = 16597709
StandardSMMessage ByteCount = 9726
LCMessage ByteCount = 199
--- Measurements after 18000 ops (1000 samples) ---
Throughput = 4587.156 operations/sec (Maximum observed: 4587.156 ops/sec)
Total latency = 2320395.633058 (+/- 0) us 
Consensus latency = 21939.225668000003 (+/- 2455) us 
Pre-consensus latency = 0.0 (+/- 0) us 
Pos-consensus latency = 2316511.346498 (+/- 0) us 
Propose latency = 20191.727114 (+/- 2149) us 
Write latency = 251.74418400000002 (+/- 67) us 
Accept latency = 1495.75437 (+/- 237) us 
Batch average size = NaN (+/- 0) requests
ConsensusMessage ByteCount = 93932
TOMMessage ByteCount = 16597709
StandardSMMessage ByteCount = 9726
LCMessage ByteCount = 199
--- Measurements after 19000 ops (1000 samples) ---
Throughput = 4739.3364 operations/sec (Maximum observed: 4739.3364 ops/sec)
Total latency = 2510787.122644 (+/- 0) us 
Consensus latency = 20696.762296 (+/- 135) us 
Pre-consensus latency = 0.0 (+/- 0) us 
Pos-consensus latency = 2507018.464512 (+/- 0) us 
Propose latency = 18823.894712 (+/- 234) us 
Write latency = 253.468166 (+/- 11) us 
Accept latency = 1619.399418 (+/- 87) us 
Batch average size = NaN (+/- 0) requests
ConsensusMessage ByteCount = 98204
TOMMessage ByteCount = 16597709
StandardSMMessage ByteCount = 9726
LCMessage ByteCount = 199
--- Measurements after 20000 ops (1000 samples) ---
Throughput = 4405.286 operations/sec (Maximum observed: 4739.3364 ops/sec)
Total latency = 2705200.89879 (+/- 0) us 
Consensus latency = 23039.35713 (+/- 1086) us 
Pre-consensus latency = 0.0 (+/- 0) us 
Pos-consensus latency = 2698223.8035399998 (+/- 0) us 
Propose latency = 19139.23919 (+/- 186) us 
Write latency = 1692.06787 (+/- 649) us 
Accept latency = 2208.05007 (+/- 250) us 
Batch average size = NaN (+/- 0) requests
ConsensusMessage ByteCount = 101863
TOMMessage ByteCount = 16597709
StandardSMMessage ByteCount = 9726
LCMessage ByteCount = 199
--- Measurements after 21000 ops (1000 samples) ---
Throughput = 4405.286 operations/sec (Maximum observed: 4739.3364 ops/sec)
Total latency = 2892826.176377 (+/- 0) us 
Consensus latency = 27055.700732 (+/- 1730) us 
Pre-consensus latency = 0.0 (+/- 0) us 
Pos-consensus latency = 2882109.754585 (+/- 0) us 
Propose latency = 18222.366274 (+/- 491) us 
Write latency = 6835.679306 (+/- 2380) us 
Accept latency = 1997.655152 (+/- 158) us 
Batch average size = NaN (+/- 0) requests
ConsensusMessage ByteCount = 105519
TOMMessage ByteCount = 16597709
StandardSMMessage ByteCount = 9726
LCMessage ByteCount = 199
--- Measurements after 22000 ops (1000 samples) ---
Throughput = 4424.779 operations/sec (Maximum observed: 4739.3364 ops/sec)
Total latency = 3078002.660605 (+/- 0) us 
Consensus latency = 35655.294824000004 (+/- 4094) us 
Pre-consensus latency = 0.0 (+/- 0) us 
Pos-consensus latency = 3060058.1438470003 (+/- 0) us 
Propose latency = 20565.618105999998 (+/- 1365) us 
Write latency = 8654.650178 (+/- 344) us 
Accept latency = 6435.02654 (+/- 2385) us 
Batch average size = NaN (+/- 0) requests
ConsensusMessage ByteCount = 109181
TOMMessage ByteCount = 16597709
StandardSMMessage ByteCount = 9726
LCMessage ByteCount = 199
--- Measurements after 23000 ops (1000 samples) ---
Throughput = 4587.156 operations/sec (Maximum observed: 4739.3364 ops/sec)
Total latency = 3260140.84627 (+/- 0) us 
Consensus latency = 31890.070192000003 (+/- 3350) us 
Pre-consensus latency = 0.0 (+/- 0) us 
Pos-consensus latency = 3247052.9701799997 (+/- 0) us 
Propose latency = 26550.442992 (+/- 2976) us 
Write latency = 2368.699562 (+/- 3656) us 
Accept latency = 2970.9276379999997 (+/- 2669) us 
Batch average size = NaN (+/- 0) requests
ConsensusMessage ByteCount = 111619
TOMMessage ByteCount = 16597709
StandardSMMessage ByteCount = 9726
LCMessage ByteCount = 398
--- Measurements after 24000 ops (1000 samples) ---
Throughput = 4424.779 operations/sec (Maximum observed: 4739.3364 ops/sec)
Total latency = 3448449.821951 (+/- 0) us 
Consensus latency = 25722.307962000003 (+/- 2575) us 
Pre-consensus latency = 0.0 (+/- 0) us 
Pos-consensus latency = 3440910.8185469997 (+/- 0) us 
Propose latency = 21957.917496 (+/- 3778) us 
Write latency = 1734.277146 (+/- 861) us 
Accept latency = 2030.1133200000002 (+/- 341) us 
Batch average size = NaN (+/- 0) requests
ConsensusMessage ByteCount = 114668
TOMMessage ByteCount = 16597709
StandardSMMessage ByteCount = 9726
LCMessage ByteCount = 398
--- Measurements after 25000 ops (1000 samples) ---
Throughput = 4385.965 operations/sec (Maximum observed: 4739.3364 ops/sec)
Total latency = 3638399.2408829997 (+/- 0) us 
Consensus latency = 25476.039 (+/- 833) us 
Pre-consensus latency = 0.0 (+/- 0) us 
Pos-consensus latency = 3631051.443943 (+/- 0) us 
Propose latency = 23000.98516 (+/- 2120) us 
Write latency = 837.0777800000001 (+/- 905) us 
Accept latency = 1637.97606 (+/- 382) us 
Batch average size = NaN (+/- 0) requests
ConsensusMessage ByteCount = 117719
TOMMessage ByteCount = 16597709
StandardSMMessage ByteCount = 9726
LCMessage ByteCount = 398
--- Measurements after 26000 ops (1000 samples) ---
Throughput = 4273.5044 operations/sec (Maximum observed: 4739.3364 ops/sec)
Total latency = 3831166.116369 (+/- 0) us 
Consensus latency = 26359.664972 (+/- 237) us 
Pre-consensus latency = 0.0 (+/- 0) us 
Pos-consensus latency = 3822797.2180689997 (+/- 0) us 
Propose latency = 24495.253392000002 (+/- 94) us 
Write latency = 275.632434 (+/- 11) us 
Accept latency = 1588.7791459999999 (+/- 131) us 
Batch average size = NaN (+/- 0) requests
ConsensusMessage ByteCount = 121379
TOMMessage ByteCount = 16597709
StandardSMMessage ByteCount = 9726
LCMessage ByteCount = 398
--- Measurements after 27000 ops (1000 samples) ---
Throughput = 4524.8867 operations/sec (Maximum observed: 4739.3364 ops/sec)
Total latency = 4017647.0821950003 (+/- 0) us 
Consensus latency = 38687.639716 (+/- 8698) us 
Pre-consensus latency = 0.0 (+/- 0) us 
Pos-consensus latency = 3996873.838143 (+/- 0) us 
Propose latency = 24827.656382 (+/- 191) us 
Write latency = 7294.959059999999 (+/- 5012) us 
Accept latency = 6565.024274 (+/- 3493) us 
Batch average size = NaN (+/- 0) requests
ConsensusMessage ByteCount = 124427
TOMMessage ByteCount = 16597709
StandardSMMessage ByteCount = 9726
LCMessage ByteCount = 398
--- Measurements after 28000 ops (1000 samples) ---
Throughput = 4347.826 operations/sec (Maximum observed: 4739.3364 ops/sec)
Total latency = 4190757.473668 (+/- 0) us 
Consensus latency = 39039.250728 (+/- 4416) us 
Pre-consensus latency = 0.0 (+/- 0) us 
Pos-consensus latency = 4173297.347286 (+/- 0) us 
Propose latency = 30487.677423999998 (+/- 4162) us 
Write latency = 4162.4618199999995 (+/- 5058) us 
Accept latency = 4389.111484 (+/- 3520) us 
Batch average size = NaN (+/- 0) requests
ConsensusMessage ByteCount = 127477
TOMMessage ByteCount = 16597709
StandardSMMessage ByteCount = 9726
LCMessage ByteCount = 398
--- Measurements after 29000 ops (1000 samples) ---
Throughput = 4366.812 operations/sec (Maximum observed: 4739.3364 ops/sec)
Total latency = 4367904.834711 (+/- 0) us 
Consensus latency = 33804.97616 (+/- 1514) us 
Pre-consensus latency = 0.0 (+/- 0) us 
Pos-consensus latency = 4357667.982939 (+/- 0) us 
Propose latency = 31721.971316 (+/- 1506) us 
Write latency = 351.71275199999997 (+/- 1) us 
Accept latency = 1731.292092 (+/- 5) us 
Batch average size = NaN (+/- 0) requests
ConsensusMessage ByteCount = 131745
TOMMessage ByteCount = 16597709
StandardSMMessage ByteCount = 9726
LCMessage ByteCount = 398
--- Measurements after 30000 ops (1000 samples) ---
Throughput = 4694.8354 operations/sec (Maximum observed: 4739.3364 ops/sec)
Total latency = 4546667.718676 (+/- 0) us 
Consensus latency = 31583.29223 (+/- 852) us 
Pre-consensus latency = 0.0 (+/- 0) us 
Pos-consensus latency = 4538190.029755999 (+/- 0) us 
Propose latency = 29612.77266 (+/- 763) us 
Write latency = 340.34148 (+/- 8) us 
Accept latency = 1630.17809 (+/- 80) us 
Batch average size = NaN (+/- 0) requests
ConsensusMessage ByteCount = 137235
TOMMessage ByteCount = 16597709
StandardSMMessage ByteCount = 9726
LCMessage ByteCount = 398
--- Measurements after 31000 ops (1000 samples) ---
Throughput = 4587.156 operations/sec (Maximum observed: 4739.3364 ops/sec)
Total latency = 4726441.997767 (+/- 0) us 
Consensus latency = 29344.636602000002 (+/- 1339) us 
Pre-consensus latency = 0.0 (+/- 0) us 
Pos-consensus latency = 4716833.175521 (+/- 0) us 
Propose latency = 25134.622128 (+/- 3366) us 
Write latency = 2049.817826 (+/- 1503) us 
Accept latency = 2160.196648 (+/- 523) us 
Batch average size = NaN (+/- 0) requests
ConsensusMessage ByteCount = 142725
TOMMessage ByteCount = 16597709
StandardSMMessage ByteCount = 9726
LCMessage ByteCount = 398
--- Measurements after 32000 ops (1000 samples) ---
Throughput = 4608.295 operations/sec (Maximum observed: 4739.3364 ops/sec)
Total latency = 4906010.891149 (+/- 0) us 
Consensus latency = 28663.207252 (+/- 451) us 
Pre-consensus latency = 0.0 (+/- 0) us 
Pos-consensus latency = 4894534.591593 (+/- 0) us 
Propose latency = 24852.405176 (+/- 2450) us 
Write latency = 1685.0761559999999 (+/- 1545) us 
Accept latency = 2125.72592 (+/- 452) us 
Batch average size = NaN (+/- 0) requests
ConsensusMessage ByteCount = 147608
TOMMessage ByteCount = 16597709
StandardSMMessage ByteCount = 9726
LCMessage ByteCount = 597
--- Measurements after 33000 ops (1000 samples) ---
Throughput = 4761.905 operations/sec (Maximum observed: 4761.905 ops/sec)
Total latency = 5084214.137876 (+/- 0) us 
Consensus latency = 29120.010284000004 (+/- 40) us 
Pre-consensus latency = 0.0 (+/- 0) us 
Pos-consensus latency = 5072262.295064 (+/- 0) us 
Propose latency = 27357.134988 (+/- 244) us 
Write latency = 259.030886 (+/- 5) us 
Accept latency = 1503.84441 (+/- 198) us 
Batch average size = NaN (+/- 0) requests
ConsensusMessage ByteCount = 152486
TOMMessage ByteCount = 16597709
StandardSMMessage ByteCount = 9726
LCMessage ByteCount = 597
--- Measurements after 34000 ops (1000 samples) ---
Throughput = 4629.6294 operations/sec (Maximum observed: 4761.905 ops/sec)
Total latency = 5264753.261270001 (+/- 0) us 
Consensus latency = 31228.073579999997 (+/- 2094) us 
Pre-consensus latency = 0.0 (+/- 0) us 
Pos-consensus latency = 5250580.617699999 (+/- 0) us 
Propose latency = 27644.030566 (+/- 51) us 
Write latency = 1931.652314 (+/- 1698) us 
Accept latency = 1652.3907 (+/- 344) us 
Batch average size = NaN (+/- 0) requests
ConsensusMessage ByteCount = 156752
TOMMessage ByteCount = 16597709
StandardSMMessage ByteCount = 9726
LCMessage ByteCount = 597
--- Measurements after 35000 ops (1000 samples) ---
Throughput = 4629.6294 operations/sec (Maximum observed: 4761.905 ops/sec)
Total latency = 5436667.121967 (+/- 0) us 
Consensus latency = 36114.51475 (+/- 2940) us 
Pre-consensus latency = 0.0 (+/- 0) us 
Pos-consensus latency = 5420905.421237 (+/- 0) us 
Propose latency = 32316.48035 (+/- 4908) us 
Write latency = 2078.51172 (+/- 1669) us 
Accept latency = 1719.52268 (+/- 298) us 
Batch average size = NaN (+/- 0) requests
ConsensusMessage ByteCount = 161022
TOMMessage ByteCount = 16597709
StandardSMMessage ByteCount = 9726
LCMessage ByteCount = 597
--- Measurements after 36000 ops (1000 samples) ---
Throughput = 4807.6924 operations/sec (Maximum observed: 4807.6924 ops/sec)
Total latency = 5607366.09662 (+/- 0) us 
Consensus latency = 33414.424377999996 (+/- 6490) us 
Pre-consensus latency = 0.0 (+/- 0) us 
Pos-consensus latency = 5595211.516884 (+/- 0) us 
Propose latency = 31466.349156 (+/- 6757) us 
Write latency = 303.75915200000003 (+/- 2) us 
Accept latency = 1644.31607 (+/- 269) us 
Batch average size = NaN (+/- 0) requests
ConsensusMessage ByteCount = 164684
TOMMessage ByteCount = 16597709
StandardSMMessage ByteCount = 9726
LCMessage ByteCount = 597
--- Measurements after 37000 ops (1000 samples) ---
Throughput = 2493.7656 operations/sec (Maximum observed: 4807.6924 ops/sec)
Total latency = 5862461.711503 (+/- 0) us 
Consensus latency = 26995.80467 (+/- 950) us 
Pre-consensus latency = 0.0 (+/- 0) us 
Pos-consensus latency = 5852969.736755 (+/- 0) us 
Propose latency = 24526.945057999998 (+/- 688) us 
Write latency = 333.463822 (+/- 38) us 
Accept latency = 2135.39579 (+/- 223) us 
Batch average size = 163422.0 (+/- 0) requests
ConsensusMessage ByteCount = 164684
TOMMessage ByteCount = 25906229
StandardSMMessage ByteCount = 9726
LCMessage ByteCount = 597
--- Measurements after 38000 ops (1000 samples) ---
Throughput = 4566.21 operations/sec (Maximum observed: 4807.6924 ops/sec)
Total latency = 6158599.76214 (+/- 0) us 
Consensus latency = 27517.343754 (+/- 725) us 
Pre-consensus latency = 0.0 (+/- 0) us 
Pos-consensus latency = 6148456.734554 (+/- 0) us 
Propose latency = 24886.962158 (+/- 548) us 
Write latency = 336.160282 (+/- 51) us 
Accept latency = 2294.221314 (+/- 125) us 
Batch average size = NaN (+/- 0) requests
ConsensusMessage ByteCount = 164684
TOMMessage ByteCount = 28003853
StandardSMMessage ByteCount = 9726
LCMessage ByteCount = 597
--- Measurements after 39000 ops (1000 samples) ---
Throughput = 4545.4546 operations/sec (Maximum observed: 4807.6924 ops/sec)
Total latency = 6334583.757303 (+/- 0) us 
Consensus latency = 26466.289644 (+/- 205) us 
Pre-consensus latency = 0.0 (+/- 0) us 
Pos-consensus latency = 6325481.243689 (+/- 0) us 
Propose latency = 24139.843377999998 (+/- 94) us 
Write latency = 278.634378 (+/- 7) us 
Accept latency = 2047.811888 (+/- 119) us 
Batch average size = NaN (+/- 0) requests
ConsensusMessage ByteCount = 164684
TOMMessage ByteCount = 29951295
StandardSMMessage ByteCount = 9726
LCMessage ByteCount = 597
--- Measurements after 40000 ops (1000 samples) ---
Throughput = 4629.6294 operations/sec (Maximum observed: 4807.6924 ops/sec)
Total latency = 6520196.782514 (+/- 0) us 
Consensus latency = 26454.513199999998 (+/- 346) us 
Pre-consensus latency = 0.0 (+/- 0) us 
Pos-consensus latency = 6511365.828714 (+/- 0) us 
Propose latency = 24112.83515 (+/- 128) us 
Write latency = 271.8047 (+/- 22) us 
Accept latency = 2069.8733500000003 (+/- 239) us 
Batch average size = NaN (+/- 0) requests
ConsensusMessage ByteCount = 164684
TOMMessage ByteCount = 31719011
StandardSMMessage ByteCount = 9726
LCMessage ByteCount = 597
--- Measurements after 41000 ops (1000 samples) ---
Throughput = 4347.826 operations/sec (Maximum observed: 4807.6924 ops/sec)
Total latency = 6710268.255720001 (+/- 0) us 
Consensus latency = 29826.160252 (+/- 4172) us 
Pre-consensus latency = 0.0 (+/- 0) us 
Pos-consensus latency = 6697656.146396 (+/- 0) us 
Propose latency = 24743.50331 (+/- 654) us 
Write latency = 3395.062534 (+/- 4537) us 
Accept latency = 1687.5944080000002 (+/- 1020) us 
Batch average size = NaN (+/- 0) requests
ConsensusMessage ByteCount = 164684
TOMMessage ByteCount = 33414098
StandardSMMessage ByteCount = 9726
LCMessage ByteCount = 597
--- Measurements after 42000 ops (1000 samples) ---
Throughput = 4629.6294 operations/sec (Maximum observed: 4807.6924 ops/sec)
Total latency = 6893039.199946 (+/- 0) us 
Consensus latency = 33750.193748000005 (+/- 3151) us 
Pre-consensus latency = 0.0 (+/- 0) us 
Pos-consensus latency = 6876929.684862001 (+/- 0) us 
Propose latency = 25979.334164 (+/- 448) us 
Write latency = 7002.218734 (+/- 4432) us 
Accept latency = 768.64085 (+/- 832) us 
Batch average size = NaN (+/- 0) requests
ConsensusMessage ByteCount = 164684
TOMMessage ByteCount = 35026708
StandardSMMessage ByteCount = 9726
LCMessage ByteCount = 597
--- Measurements after 43000 ops (1000 samples) ---
Throughput = 4347.826 operations/sec (Maximum observed: 4807.6924 ops/sec)
Total latency = 7079686.928935001 (+/- 0) us 
Consensus latency = 28492.498284 (+/- 756) us 
Pre-consensus latency = 0.0 (+/- 0) us 
Pos-consensus latency = 7068912.019929 (+/- 0) us 
Propose latency = 25957.937952 (+/- 1134) us 
Write latency = 543.23602 (+/- 445) us 
Accept latency = 1991.324312 (+/- 67) us 
Batch average size = NaN (+/- 0) requests
ConsensusMessage ByteCount = 164684
TOMMessage ByteCount = 36480519
StandardSMMessage ByteCount = 9726
LCMessage ByteCount = 597
--- Measurements after 44000 ops (1000 samples) ---
Throughput = 4329.0044 operations/sec (Maximum observed: 4807.6924 ops/sec)
Total latency = 7264172.6661789995 (+/- 0) us 
Consensus latency = 27333.577948 (+/- 100) us 
Pre-consensus latency = 0.0 (+/- 0) us 
Pos-consensus latency = 7254508.544875 (+/- 0) us 
Propose latency = 24263.267974 (+/- 227) us 
Write latency = 1087.077364 (+/- 298) us 
Accept latency = 1983.23261 (+/- 172) us 
Batch average size = NaN (+/- 0) requests
ConsensusMessage ByteCount = 164684
TOMMessage ByteCount = 37826002
StandardSMMessage ByteCount = 9726
LCMessage ByteCount = 597
--- Measurements after 45000 ops (1000 samples) ---
Throughput = 4830.918 operations/sec (Maximum observed: 4830.918 ops/sec)
Total latency = 7454317.311022 (+/- 0) us 
Consensus latency = 28727.911170000003 (+/- 2235) us 
Pre-consensus latency = 0.0 (+/- 0) us 
Pos-consensus latency = 7442680.336292 (+/- 0) us 
Propose latency = 24953.39286 (+/- 550) us 
Write latency = 1620.36517 (+/- 1913) us 
Accept latency = 2154.1531400000003 (+/- 228) us 
Batch average size = NaN (+/- 0) requests
ConsensusMessage ByteCount = 164684
TOMMessage ByteCount = 39063157
StandardSMMessage ByteCount = 9726
LCMessage ByteCount = 597
--- Measurements after 46000 ops (1000 samples) ---
Throughput = 4366.812 operations/sec (Maximum observed: 4830.918 ops/sec)
Total latency = 7632751.274696 (+/- 0) us 
Consensus latency = 31395.021416 (+/- 2792) us 
Pre-consensus latency = 0.0 (+/- 0) us 
Pos-consensus latency = 7618809.428986 (+/- 0) us 
Propose latency = 25511.210138 (+/- 883) us 
Write latency = 4136.004478 (+/- 1930) us 
Accept latency = 1747.8068 (+/- 21) us 
Batch average size = NaN (+/- 0) requests
ConsensusMessage ByteCount = 164684
TOMMessage ByteCount = 40210449
StandardSMMessage ByteCount = 9726
LCMessage ByteCount = 597
--- Measurements after 47000 ops (1000 samples) ---
Throughput = 4629.6294 operations/sec (Maximum observed: 4830.918 ops/sec)
Total latency = 7818650.893762999 (+/- 0) us 
Consensus latency = 26485.937414 (+/- 1211) us 
Pre-consensus latency = 0.0 (+/- 0) us 
Pos-consensus latency = 7809920.077311 (+/- 0) us 
Propose latency = 24360.054989999997 (+/- 1234) us 
Write latency = 332.581526 (+/- 30) us 
Accept latency = 1793.300898 (+/- 6) us 
Batch average size = NaN (+/- 0) requests
ConsensusMessage ByteCount = 164684
TOMMessage ByteCount = 41351586
StandardSMMessage ByteCount = 9726
LCMessage ByteCount = 597
--- Measurements after 48000 ops (1000 samples) ---
Throughput = 3703.7036 operations/sec (Maximum observed: 4830.918 ops/sec)
Total latency = 8033740.932133 (+/- 0) us 
Consensus latency = 32507.242482 (+/- 7978) us 
Pre-consensus latency = 0.0 (+/- 0) us 
Pos-consensus latency = 8021797.524619 (+/- 0) us 
Propose latency = 30386.727618 (+/- 7875) us 
Write latency = 268.49256199999996 (+/- 0) us 
Accept latency = 1852.0223019999999 (+/- 102) us 
Batch average size = NaN (+/- 0) requests
ConsensusMessage ByteCount = 164684
TOMMessage ByteCount = 43665866
StandardSMMessage ByteCount = 9726
LCMessage ByteCount = 597
--- Measurements after 49000 ops (1000 samples) ---
Throughput = 4098.361 operations/sec (Maximum observed: 4830.918 ops/sec)
Total latency = 8237856.082498999 (+/- 0) us 
Consensus latency = 47948.023622 (+/- 7552) us 
Pre-consensus latency = 0.0 (+/- 0) us 
Pos-consensus latency = 8216055.281683 (+/- 0) us 
Propose latency = 45645.40719 (+/- 7409) us 
Write latency = 269.034286 (+/- 1) us 
Accept latency = 2033.582146 (+/- 140) us 
Batch average size = NaN (+/- 0) requests
ConsensusMessage ByteCount = 164684
TOMMessage ByteCount = 46022000
StandardSMMessage ByteCount = 9726
LCMessage ByteCount = 597
--- Measurements after 50000 ops (1000 samples) ---
Throughput = 4237.288 operations/sec (Maximum observed: 4830.918 ops/sec)
Total latency = 8433686.413789 (+/- 0) us 
Consensus latency = 28465.410620000002 (+/- 835) us 
Pre-consensus latency = 0.0 (+/- 0) us 
Pos-consensus latency = 8425069.141329 (+/- 0) us 
Propose latency = 26502.85157 (+/- 896) us 
Write latency = 258.10703 (+/- 20) us 
Accept latency = 1704.45202 (+/- 81) us 
Batch average size = NaN (+/- 0) requests
ConsensusMessage ByteCount = 164684
TOMMessage ByteCount = 48106083
StandardSMMessage ByteCount = 9726
LCMessage ByteCount = 597
--- Measurements after 51000 ops (1000 samples) ---
Throughput = 4273.5044 operations/sec (Maximum observed: 4830.918 ops/sec)
Total latency = 8636043.267235 (+/- 0) us 
Consensus latency = 26250.693618 (+/- 525) us 
Pre-consensus latency = 0.0 (+/- 0) us 
Pos-consensus latency = 8628862.349869 (+/- 0) us 
Propose latency = 24185.39334 (+/- 756) us 
Write latency = 205.3831 (+/- 16) us 
Accept latency = 1859.9171780000001 (+/- 247) us 
Batch average size = NaN (+/- 0) requests
ConsensusMessage ByteCount = 164684
TOMMessage ByteCount = 50004285
StandardSMMessage ByteCount = 9726
LCMessage ByteCount = 597
--- Measurements after 52000 ops (1000 samples) ---
Throughput = 3676.4707 operations/sec (Maximum observed: 4830.918 ops/sec)
Total latency = 8855209.359408 (+/- 0) us 
Consensus latency = 27854.39475 (+/- 422) us 
Pre-consensus latency = 0.0 (+/- 0) us 
Pos-consensus latency = 8846732.494059999 (+/- 0) us 
Propose latency = 26498.278228 (+/- 592) us 
Write latency = 261.388066 (+/- 8) us 
Accept latency = 1094.728456 (+/- 162) us 
Batch average size = NaN (+/- 0) requests
ConsensusMessage ByteCount = 164684
TOMMessage ByteCount = 51999736
StandardSMMessage ByteCount = 9726
LCMessage ByteCount = 597
--- Measurements after 53000 ops (1000 samples) ---
Throughput = 3875.969 operations/sec (Maximum observed: 4830.918 ops/sec)
Total latency = 9088419.419101 (+/- 0) us 
Consensus latency = 26230.261268 (+/- 84) us 
Pre-consensus latency = 0.0 (+/- 0) us 
Pos-consensus latency = 9080443.223743 (+/- 0) us 
Propose latency = 24212.01335 (+/- 93) us 
Write latency = 293.285332 (+/- 8) us 
Accept latency = 1724.9625859999999 (+/- 0) us 
Batch average size = NaN (+/- 0) requests
ConsensusMessage ByteCount = 164684
TOMMessage ByteCount = 53748987
StandardSMMessage ByteCount = 9726
LCMessage ByteCount = 597
--- Measurements after 54000 ops (1000 samples) ---
Throughput = 3968.254 operations/sec (Maximum observed: 4830.918 ops/sec)
Total latency = 9318943.308103 (+/- 0) us 
Consensus latency = 26659.80152 (+/- 39) us 
Pre-consensus latency = 0.0 (+/- 0) us 
Pos-consensus latency = 9309419.007839 (+/- 0) us 
Propose latency = 24664.077282000002 (+/- 156) us 
Write latency = 272.42453600000005 (+/- 171) us 
Accept latency = 1723.299702 (+/- 25) us 
Batch average size = NaN (+/- 0) requests
ConsensusMessage ByteCount = 164684
TOMMessage ByteCount = 55368983
StandardSMMessage ByteCount = 9726
LCMessage ByteCount = 597
--- Measurements after 55000 ops (1000 samples) ---
Throughput = 4048.583 operations/sec (Maximum observed: 4830.918 ops/sec)
Total latency = 9537744.699265 (+/- 0) us 
Consensus latency = 26993.247 (+/- 0) us 
Pre-consensus latency = 0.0 (+/- 0) us 
Pos-consensus latency = 9527365.659264999 (+/- 0) us 
Propose latency = 23349.407 (+/- 0) us 
Write latency = 1708.853 (+/- 0) us 
Accept latency = 1934.987 (+/- 0) us 
Batch average size = NaN (+/- 0) requests
ConsensusMessage ByteCount = 164684
TOMMessage ByteCount = 56768630
StandardSMMessage ByteCount = 9726
LCMessage ByteCount = 597
--- Measurements after 56000 ops (1000 samples) ---
Throughput = 3496.5034 operations/sec (Maximum observed: 4830.918 ops/sec)
Total latency = 9774391.334872 (+/- 0) us 
Consensus latency = 43221.57549 (+/- 1631) us 
Pre-consensus latency = 0.0 (+/- 0) us 
Pos-consensus latency = 9749550.897591999 (+/- 0) us 
Propose latency = 41179.75547 (+/- 1792) us 
Write latency = 341.23829 (+/- 137) us 
Accept latency = 1700.5817299999999 (+/- 23) us 
Batch average size = NaN (+/- 0) requests
ConsensusMessage ByteCount = 164684
TOMMessage ByteCount = 58251985
StandardSMMessage ByteCount = 9726
LCMessage ByteCount = 597
--- Measurements after 57000 ops (1000 samples) ---
Throughput = 3802.2812 operations/sec (Maximum observed: 4830.918 ops/sec)
Total latency = 9994708.235581 (+/- 0) us 
Consensus latency = 38141.24822 (+/- 984) us 
Pre-consensus latency = 0.0 (+/- 0) us 
Pos-consensus latency = 9975346.351317 (+/- 0) us 
Propose latency = 25933.109514 (+/- 2895) us 
Write latency = 10691.839893999999 (+/- 1945) us 
Accept latency = 1516.298812 (+/- 34) us 
Batch average size = NaN (+/- 0) requests
ConsensusMessage ByteCount = 164684
TOMMessage ByteCount = 59609778
StandardSMMessage ByteCount = 9726
LCMessage ByteCount = 597
--- Measurements after 58000 ops (1000 samples) ---
Throughput = 3558.7188 operations/sec (Maximum observed: 4830.918 ops/sec)
Total latency = 1.0204487973348E7 (+/- 0) us 
Consensus latency = 32314.144519999998 (+/- 1400) us 
Pre-consensus latency = 0.0 (+/- 0) us 
Pos-consensus latency = 1.0188692817966E7 (+/- 0) us 
Propose latency = 29699.494154 (+/- 1069) us 
Write latency = 850.374802 (+/- 2533) us 
Accept latency = 1764.275564 (+/- 63) us 
Batch average size = NaN (+/- 0) requests
ConsensusMessage ByteCount = 164684
TOMMessage ByteCount = 59686100
StandardSMMessage ByteCount = 9726
LCMessage ByteCount = 597
--- Measurements after 59000 ops (1000 samples) ---
Throughput = 3921.5686 operations/sec (Maximum observed: 4830.918 ops/sec)
Total latency = 1.0446084538825002E7 (+/- 0) us 
Consensus latency = 28513.668246 (+/- 1032) us 
Pre-consensus latency = 0.0 (+/- 0) us 
Pos-consensus latency = 1.0434713475093E7 (+/- 0) us 
Propose latency = 26519.157982 (+/- 1030) us 
Write latency = 211.722792 (+/- 3) us 
Accept latency = 1782.787472 (+/- 0) us 
Batch average size = NaN (+/- 0) requests
ConsensusMessage ByteCount = 164684
TOMMessage ByteCount = 59699641
StandardSMMessage ByteCount = 9726
LCMessage ByteCount = 597
--- Measurements after 60000 ops (1000 samples) ---
Throughput = 4587.156 operations/sec (Maximum observed: 4830.918 ops/sec)
Total latency = 1.064383177227E7 (+/- 0) us 
Consensus latency = 25175.068322 (+/- 1043) us 
Pre-consensus latency = 0.0 (+/- 0) us 
Pos-consensus latency = 1.0635394498972E7 (+/- 0) us 
Propose latency = 22998.083316 (+/- 1107) us 
Write latency = 208.780408 (+/- 0) us 
Accept latency = 1968.204598 (+/- 63) us 
Batch average size = NaN (+/- 0) requests
ConsensusMessage ByteCount = 164684
TOMMessage ByteCount = 59707027
StandardSMMessage ByteCount = 9726
LCMessage ByteCount = 597
--- Measurements after 61000 ops (1000 samples) ---
Throughput = 4201.6807 operations/sec (Maximum observed: 4830.918 ops/sec)
Total latency = 1.0829024725881001E7 (+/- 0) us 
Consensus latency = 30069.41089 (+/- 2031) us 
Pre-consensus latency = 0.0 (+/- 0) us 
Pos-consensus latency = 1.0815721899581E7 (+/- 0) us 
Propose latency = 28139.76896 (+/- 2135) us 
Write latency = 203.53923999999998 (+/- 1) us 
Accept latency = 1726.10269 (+/- 102) us 
Batch average size = NaN (+/- 0) requests
ConsensusMessage ByteCount = 164684
TOMMessage ByteCount = 59709489
StandardSMMessage ByteCount = 9726
LCMessage ByteCount = 597
--- Measurements after 62000 ops (1000 samples) ---
Throughput = 6097.561 operations/sec (Maximum observed: 6097.561 ops/sec)
Total latency = 1.1013401009564E7 (+/- 0) us 
Consensus latency = 29142.736736000003 (+/- 730) us 
Pre-consensus latency = 0.0 (+/- 0) us 
Pos-consensus latency = 1.1001107371205999E7 (+/- 0) us 
Propose latency = 27217.19484 (+/- 746) us 
Write latency = 230.683774 (+/- 11) us 
Accept latency = 1694.8581219999999 (+/- 3) us 
Batch average size = NaN (+/- 0) requests
ConsensusMessage ByteCount = 164684
TOMMessage ByteCount = 59711951
StandardSMMessage ByteCount = 9726
LCMessage ByteCount = 597
--- Measurements after 63000 ops (1000 samples) ---
Throughput = 6622.5166 operations/sec (Maximum observed: 6622.5166 ops/sec)
Total latency = 1.1123634584069E7 (+/- 0) us 
Consensus latency = 43336.081622 (+/- 6753) us 
Pre-consensus latency = 0.0 (+/- 0) us 
Pos-consensus latency = 1.1105093791195E7 (+/- 0) us 
Propose latency = 40558.07126 (+/- 6359) us 
Write latency = 279.26863799999995 (+/- 20) us 
Accept latency = 2498.741724 (+/- 373) us 
Batch average size = NaN (+/- 0) requests
ConsensusMessage ByteCount = 164684
TOMMessage ByteCount = 59713182
StandardSMMessage ByteCount = 9726
LCMessage ByteCount = 597
--- Measurements after 64000 ops (1000 samples) ---
Throughput = 6622.5166 operations/sec (Maximum observed: 6622.5166 ops/sec)
Total latency = 1.1225236654148001E7 (+/- 0) us 
Consensus latency = 39233.959514 (+/- 3645) us 
Pre-consensus latency = 0.0 (+/- 0) us 
Pos-consensus latency = 1.1211548196054E7 (+/- 0) us 
Propose latency = 36358.806096 (+/- 3602) us 
Write latency = 258.56151 (+/- 15) us 
Accept latency = 2616.591908 (+/- 28) us 
Batch average size = NaN (+/- 0) requests
ConsensusMessage ByteCount = 164684
TOMMessage ByteCount = 59718106
StandardSMMessage ByteCount = 9726
LCMessage ByteCount = 597
--- Measurements after 65000 ops (1000 samples) ---
Throughput = 6134.969 operations/sec (Maximum observed: 6622.5166 ops/sec)
Total latency = 1.1341127261199E7 (+/- 0) us 
Consensus latency = 36277.990664 (+/- 606) us 
Pre-consensus latency = 0.0 (+/- 0) us 
Pos-consensus latency = 1.1328807573208999E7 (+/- 0) us 
Propose latency = 33561.24424 (+/- 532) us 
Write latency = 263.50630800000005 (+/- 6) us 
Accept latency = 2453.240116 (+/- 80) us 
Batch average size = NaN (+/- 0) requests
ConsensusMessage ByteCount = 164684
TOMMessage ByteCount = 59719337
StandardSMMessage ByteCount = 9726
LCMessage ByteCount = 597
--- Measurements after 66000 ops (1000 samples) ---
Throughput = 6622.5166 operations/sec (Maximum observed: 6622.5166 ops/sec)
Total latency = 1.1460058030297E7 (+/- 0) us 
Consensus latency = 32377.3225 (+/- 2063) us 
Pre-consensus latency = 0.0 (+/- 0) us 
Pos-consensus latency = 1.1450241344297001E7 (+/- 0) us 
Propose latency = 30237.751 (+/- 1753) us 
Write latency = 282.45075 (+/- 8) us 
Accept latency = 1857.12075 (+/- 319) us 
Batch average size = NaN (+/- 0) requests
ConsensusMessage ByteCount = 164684
TOMMessage ByteCount = 59723030
StandardSMMessage ByteCount = 9726
LCMessage ByteCount = 597
--- Measurements after 67000 ops (1000 samples) ---
Throughput = 6622.5166 operations/sec (Maximum observed: 6622.5166 ops/sec)
Total latency = 1.1581526531143999E7 (+/- 0) us 
Consensus latency = 27007.824426 (+/- 2568) us 
Pre-consensus latency = 0.0 (+/- 0) us 
Pos-consensus latency = 1.1572247826162001E7 (+/- 0) us 
Propose latency = 22752.156232 (+/- 3979) us 
Write latency = 2286.676654 (+/- 1228) us 
Accept latency = 1968.99154 (+/- 181) us 
Batch average size = NaN (+/- 0) requests
ConsensusMessage ByteCount = 164684
TOMMessage ByteCount = 59725492
StandardSMMessage ByteCount = 9726
LCMessage ByteCount = 597
--- Measurements after 68000 ops (1000 samples) ---
Throughput = 6578.9473 operations/sec (Maximum observed: 6622.5166 ops/sec)
Total latency = 1.1704335863201E7 (+/- 0) us 
Consensus latency = 26608.704542 (+/- 767) us 
Pre-consensus latency = 0.0 (+/- 0) us 
Pos-consensus latency = 1.1693311790791001E7 (+/- 0) us 
Propose latency = 21990.595034 (+/- 1096) us 
Write latency = 2795.484338 (+/- 160) us 
Accept latency = 1822.62517 (+/- 168) us 
Batch average size = NaN (+/- 0) requests
ConsensusMessage ByteCount = 164684
TOMMessage ByteCount = 59727954
StandardSMMessage ByteCount = 9726
LCMessage ByteCount = 597
--- Measurements after 69000 ops (1000 samples) ---
Throughput = 6134.969 operations/sec (Maximum observed: 6622.5166 ops/sec)
Total latency = 1.183614750562E7 (+/- 0) us 
Consensus latency = 25350.794396 (+/- 1212) us 
Pre-consensus latency = 0.0 (+/- 0) us 
Pos-consensus latency = 1.1827007070872E7 (+/- 0) us 
Propose latency = 22721.733846 (+/- 11) us 
Write latency = 995.780488 (+/- 1168) us 
Accept latency = 1633.2800619999998 (+/- 55) us 
Batch average size = NaN (+/- 0) requests
ConsensusMessage ByteCount = 164684
TOMMessage ByteCount = 59731647
StandardSMMessage ByteCount = 9726
LCMessage ByteCount = 597
--- Measurements after 70000 ops (1000 samples) ---
Throughput = 6622.5166 operations/sec (Maximum observed: 6622.5166 ops/sec)
Total latency = 1.1956028300772E7 (+/- 0) us 
Consensus latency = 24800.351874 (+/- 206) us 
Pre-consensus latency = 0.0 (+/- 0) us 
Pos-consensus latency = 1.1947219340102E7 (+/- 0) us 
Propose latency = 22785.953294 (+/- 40) us 
Write latency = 212.087558 (+/- 15) us 
Accept latency = 1802.311022 (+/- 150) us 
Batch average size = NaN (+/- 0) requests
ConsensusMessage ByteCount = 164684
TOMMessage ByteCount = 59732878
StandardSMMessage ByteCount = 9726
LCMessage ByteCount = 597
--- Measurements after 71000 ops (1000 samples) ---
Throughput = 6622.5166 operations/sec (Maximum observed: 6622.5166 ops/sec)
Total latency = 1.2070359498224001E7 (+/- 0) us 
Consensus latency = 26843.02473 (+/- 1450) us 
Pre-consensus latency = 0.0 (+/- 0) us 
Pos-consensus latency = 1.2058937706604E7 (+/- 0) us 
Propose latency = 23668.09162 (+/- 653) us 
Write latency = 1285.13648 (+/- 814) us 
Accept latency = 1889.7966299999998 (+/- 16) us 
Batch average size = NaN (+/- 0) requests
ConsensusMessage ByteCount = 164684
TOMMessage ByteCount = 59769808
StandardSMMessage ByteCount = 9726
LCMessage ByteCount = 597
--- Measurements after 72000 ops (1000 samples) ---
Throughput = 6097.561 operations/sec (Maximum observed: 6622.5166 ops/sec)
Total latency = 1.2192457877830999E7 (+/- 0) us 
Consensus latency = 27683.517294 (+/- 218) us 
Pre-consensus latency = 0.0 (+/- 0) us 
Pos-consensus latency = 1.2181289061927E7 (+/- 0) us 
Propose latency = 24704.148214 (+/- 431) us 
Write latency = 1036.289276 (+/- 703) us 
Accept latency = 1943.079804 (+/- 53) us 
Batch average size = NaN (+/- 0) requests
ConsensusMessage ByteCount = 164684
TOMMessage ByteCount = 60136646
StandardSMMessage ByteCount = 9726
LCMessage ByteCount = 597
--- Measurements after 73000 ops (1000 samples) ---
Throughput = 6666.6665 operations/sec (Maximum observed: 6666.6665 ops/sec)
Total latency = 1.2307955971493E7 (+/- 0) us 
Consensus latency = 33249.998456 (+/- 4869) us 
Pre-consensus latency = 0.0 (+/- 0) us 
Pos-consensus latency = 1.2296265822783E7 (+/- 0) us 
Propose latency = 31032.801234000002 (+/- 5070) us 
Write latency = 335.236852 (+/- 113) us 
Accept latency = 1881.96037 (+/- 88) us 
Batch average size = NaN (+/- 0) requests
ConsensusMessage ByteCount = 164684
TOMMessage ByteCount = 60441934
StandardSMMessage ByteCount = 9726
LCMessage ByteCount = 597
--- Measurements after 74000 ops (1000 samples) ---
Throughput = 6097.561 operations/sec (Maximum observed: 6666.6665 ops/sec)
Total latency = 1.2423942927971E7 (+/- 0) us 
Consensus latency = 31304.078741999998 (+/- 5405) us 
Pre-consensus latency = 0.0 (+/- 0) us 
Pos-consensus latency = 1.2413246303354999E7 (+/- 0) us 
Propose latency = 29349.668149999998 (+/- 5323) us 
Write latency = 220.949862 (+/- 16) us 
Accept latency = 1733.46073 (+/- 65) us 
Batch average size = NaN (+/- 0) requests
ConsensusMessage ByteCount = 164684
TOMMessage ByteCount = 60880170
StandardSMMessage ByteCount = 9726
LCMessage ByteCount = 597
--- Measurements after 75000 ops (1000 samples) ---
Throughput = 6666.6665 operations/sec (Maximum observed: 6666.6665 ops/sec)
Total latency = 1.2550278201282E7 (+/- 0) us 
Consensus latency = 26437.37016 (+/- 54) us 
Pre-consensus latency = 0.0 (+/- 0) us 
Pos-consensus latency = 1.2541085993868E7 (+/- 0) us 
Propose latency = 23730.747988000003 (+/- 825) us 
Write latency = 821.207058 (+/- 574) us 
Accept latency = 1885.4151140000001 (+/- 196) us 
Batch average size = NaN (+/- 0) requests
ConsensusMessage ByteCount = 164684
TOMMessage ByteCount = 61237160
StandardSMMessage ByteCount = 9726
LCMessage ByteCount = 597
--- Measurements after 76000 ops (1000 samples) ---
Throughput = 6666.6665 operations/sec (Maximum observed: 6666.6665 ops/sec)
Total latency = 1.2668616805454E7 (+/- 0) us 
Consensus latency = 25864.23387 (+/- 512) us 
Pre-consensus latency = 0.0 (+/- 0) us 
Pos-consensus latency = 1.2659640944384001E7 (+/- 0) us 
Propose latency = 22443.77738 (+/- 506) us 
Write latency = 1355.2153899999998 (+/- 2) us 
Accept latency = 2065.2411 (+/- 3) us 
Batch average size = NaN (+/- 0) requests
ConsensusMessage ByteCount = 164684
TOMMessage ByteCount = 61574454
StandardSMMessage ByteCount = 9726
LCMessage ByteCount = 597
--- Measurements after 77000 ops (1000 samples) ---
Throughput = 6711.409 operations/sec (Maximum observed: 6711.409 ops/sec)
Total latency = 1.2787792396866E7 (+/- 0) us 
Consensus latency = 27458.004444 (+/- 2156) us 
Pre-consensus latency = 0.0 (+/- 0) us 
Pos-consensus latency = 1.2776914453344E7 (+/- 0) us 
Propose latency = 24652.376809999998 (+/- 2782) us 
Write latency = 801.153544 (+/- 567) us 
Accept latency = 2004.4740900000002 (+/- 58) us 
Batch average size = NaN (+/- 0) requests
ConsensusMessage ByteCount = 164684
TOMMessage ByteCount = 62010228
StandardSMMessage ByteCount = 9726
LCMessage ByteCount = 597
--- Measurements after 78000 ops (1000 samples) ---
Throughput = 5988.024 operations/sec (Maximum observed: 6711.409 ops/sec)
Total latency = 1.2915254569539E7 (+/- 0) us 
Consensus latency = 30732.067534 (+/- 1142) us 
Pre-consensus latency = 0.0 (+/- 0) us 
Pos-consensus latency = 1.2901296037117E7 (+/- 0) us 
Propose latency = 28605.772748 (+/- 1180) us 
Write latency = 212.60551199999998 (+/- 5) us 
Accept latency = 1913.689274 (+/- 32) us 
Batch average size = NaN (+/- 0) requests
ConsensusMessage ByteCount = 164684
TOMMessage ByteCount = 62474315
StandardSMMessage ByteCount = 9726
LCMessage ByteCount = 597
--- Measurements after 79000 ops (1000 samples) ---
Throughput = 6622.5166 operations/sec (Maximum observed: 6711.409 ops/sec)
Total latency = 1.3028508185056E7 (+/- 0) us 
Consensus latency = 30297.474622 (+/- 1888) us 
Pre-consensus latency = 0.0 (+/- 0) us 
Pos-consensus latency = 1.3015438539946E7 (+/- 0) us 
Propose latency = 28210.875954 (+/- 1890) us 
Write latency = 208.32520000000002 (+/- 1) us 
Accept latency = 1878.273468 (+/- 0) us 
Batch average size = NaN (+/- 0) requests
ConsensusMessage ByteCount = 164684
TOMMessage ByteCount = 62863311
StandardSMMessage ByteCount = 9726
LCMessage ByteCount = 597
--- Measurements after 80000 ops (1000 samples) ---
Throughput = 6578.9473 operations/sec (Maximum observed: 6711.409 ops/sec)
Total latency = 1.31382006253E7 (+/- 0) us 
Consensus latency = 32414.843412000002 (+/- 5065) us 
Pre-consensus latency = 0.0 (+/- 0) us 
Pos-consensus latency = 1.3123136710236E7 (+/- 0) us 
Propose latency = 30311.556732 (+/- 5047) us 
Write latency = 210.66821599999997 (+/- 0) us 
Accept latency = 1892.618464 (+/- 17) us 
Batch average size = NaN (+/- 0) requests
ConsensusMessage ByteCount = 164684
TOMMessage ByteCount = 63243690
StandardSMMessage ByteCount = 9726
LCMessage ByteCount = 597
--- Measurements after 81000 ops (1000 samples) ---
Throughput = 5988.024 operations/sec (Maximum observed: 6711.409 ops/sec)
Total latency = 1.3251638278233E7 (+/- 0) us 
Consensus latency = 36925.39614 (+/- 1893) us 
Pre-consensus latency = 0.0 (+/- 0) us 
Pos-consensus latency = 1.3232063994853001E7 (+/- 0) us 
Propose latency = 35128.33917 (+/- 1483) us 
Write latency = 231.37475 (+/- 25) us 
Accept latency = 1565.68222 (+/- 434) us 
Batch average size = NaN (+/- 0) requests
ConsensusMessage ByteCount = 164684
TOMMessage ByteCount = 63603142
StandardSMMessage ByteCount = 9726
LCMessage ByteCount = 597
--- Measurements after 82000 ops (1000 samples) ---
Throughput = 6622.5166 operations/sec (Maximum observed: 6711.409 ops/sec)
Total latency = 1.3369833191106E7 (+/- 0) us 
Consensus latency = 32838.09236 (+/- 2265) us 
Pre-consensus latency = 0.0 (+/- 0) us 
Pos-consensus latency = 1.3354347404788E7 (+/- 0) us 
Propose latency = 31261.336401999997 (+/- 2650) us 
Write latency = 254.138852 (+/- 11) us 
Accept latency = 1322.617106 (+/- 395) us 
Batch average size = NaN (+/- 0) requests
ConsensusMessage ByteCount = 164684
TOMMessage ByteCount = 63899813
StandardSMMessage ByteCount = 9726
LCMessage ByteCount = 597
--- Measurements after 83000 ops (1000 samples) ---
Throughput = 6622.5166 operations/sec (Maximum observed: 6711.409 ops/sec)
Total latency = 1.3484241162365E7 (+/- 0) us 
Consensus latency = 28814.6435 (+/- 1446) us 
Pre-consensus latency = 0.0 (+/- 0) us 
Pos-consensus latency = 1.3472765965259E7 (+/- 0) us 
Propose latency = 26754.294962 (+/- 1416) us 
Write latency = 237.289434 (+/- 2) us 
Accept latency = 1823.0591040000002 (+/- 27) us 
Batch average size = NaN (+/- 0) requests
ConsensusMessage ByteCount = 164684
TOMMessage ByteCount = 64270344
StandardSMMessage ByteCount = 9726
LCMessage ByteCount = 597
--- Measurements after 84000 ops (1000 samples) ---
Throughput = 6622.5166 operations/sec (Maximum observed: 6711.409 ops/sec)
Total latency = 1.3603481588118E7 (+/- 0) us 
Consensus latency = 26305.12589 (+/- 737) us 
Pre-consensus latency = 0.0 (+/- 0) us 
Pos-consensus latency = 1.3594144325466E7 (+/- 0) us 
Propose latency = 24298.192465999997 (+/- 720) us 
Write latency = 228.466932 (+/- 7) us 
Accept latency = 1778.466492 (+/- 8) us 
Batch average size = NaN (+/- 0) requests
ConsensusMessage ByteCount = 164684
TOMMessage ByteCount = 64539933
StandardSMMessage ByteCount = 9726
LCMessage ByteCount = 597
--- Measurements after 85000 ops (1000 samples) ---
Throughput = 5952.381 operations/sec (Maximum observed: 6711.409 ops/sec)
Total latency = 1.3735755073596E7 (+/- 0) us 
Consensus latency = 24976.161920000002 (+/- 386) us 
Pre-consensus latency = 0.0 (+/- 0) us 
Pos-consensus latency = 1.3727308446282E7 (+/- 0) us 
Propose latency = 22989.155078000003 (+/- 393) us 
Write latency = 218.241672 (+/- 1) us 
Accept latency = 1768.76517 (+/- 5) us 
Batch average size = NaN (+/- 0) requests
ConsensusMessage ByteCount = 164684
TOMMessage ByteCount = 64884613
StandardSMMessage ByteCount = 9726
LCMessage ByteCount = 597
--- Measurements after 86000 ops (1000 samples) ---
Throughput = 6622.5166 operations/sec (Maximum observed: 6711.409 ops/sec)
Total latency = 1.3866749298054E7 (+/- 0) us 
Consensus latency = 25187.602079999997 (+/- 1332) us 
Pre-consensus latency = 0.0 (+/- 0) us 
Pos-consensus latency = 1.3857234375764E7 (+/- 0) us 
Propose latency = 22792.94975 (+/- 679) us 
Write latency = 512.17688 (+/- 479) us 
Accept latency = 1882.47545 (+/- 173) us 
Batch average size = NaN (+/- 0) requests
ConsensusMessage ByteCount = 164684
TOMMessage ByteCount = 65170205
StandardSMMessage ByteCount = 9726
LCMessage ByteCount = 597
--- Measurements after 87000 ops (1000 samples) ---
Throughput = 6711.409 operations/sec (Maximum observed: 6711.409 ops/sec)
Total latency = 1.3987865357622E7 (+/- 0) us 
Consensus latency = 27278.35507 (+/- 173) us 
Pre-consensus latency = 0.0 (+/- 0) us 
Pos-consensus latency = 1.3975848234886E7 (+/- 0) us 
Propose latency = 24151.86687 (+/- 423) us 
Write latency = 1031.9923199999998 (+/- 468) us 
Accept latency = 2094.49588 (+/- 128) us 
Batch average size = NaN (+/- 0) requests
ConsensusMessage ByteCount = 164684
TOMMessage ByteCount = 65460721
StandardSMMessage ByteCount = 9726
LCMessage ByteCount = 597
--- Measurements after 88000 ops (1000 samples) ---
Throughput = 5649.7173 operations/sec (Maximum observed: 6711.409 ops/sec)
Total latency = 1.4104627840688E7 (+/- 0) us 
Consensus latency = 26890.40716 (+/- 156) us 
Pre-consensus latency = 0.0 (+/- 0) us 
Pos-consensus latency = 1.4093844718446E7 (+/- 0) us 
Propose latency = 24597.545682 (+/- 553) us 
Write latency = 479.681408 (+/- 502) us 
Accept latency = 1813.1800700000001 (+/- 105) us 
Batch average size = NaN (+/- 0) requests
ConsensusMessage ByteCount = 164684
TOMMessage ByteCount = 65697073
StandardSMMessage ByteCount = 9726
LCMessage ByteCount = 597
--- Measurements after 89000 ops (1000 samples) ---
Throughput = 4739.3364 operations/sec (Maximum observed: 6711.409 ops/sec)
Total latency = 1.4281598810214E7 (+/- 0) us 
Consensus latency = 30176.219164000002 (+/- 7207) us 
Pre-consensus latency = 0.0 (+/- 0) us 
Pos-consensus latency = 1.426764347341E7 (+/- 0) us 
Propose latency = 27304.012164 (+/- 7534) us 
Write latency = 1189.1840379999999 (+/- 463) us 
Accept latency = 1683.022962 (+/- 136) us 
Batch average size = NaN (+/- 0) requests
ConsensusMessage ByteCount = 164684
TOMMessage ByteCount = 66036829
StandardSMMessage ByteCount = 9726
LCMessage ByteCount = 597
--- Measurements after 90000 ops (1000 samples) ---
Throughput = 4784.689 operations/sec (Maximum observed: 6711.409 ops/sec)
Total latency = 1.4456428029281E7 (+/- 0) us 
Consensus latency = 42560.41949 (+/- 4607) us 
Pre-consensus latency = 0.0 (+/- 0) us 
Pos-consensus latency = 1.4430697873829E7 (+/- 0) us 
Propose latency = 40382.716825999996 (+/- 4527) us 
Write latency = 252.866424 (+/- 9) us 
Accept latency = 1924.83624 (+/- 70) us 
Batch average size = NaN (+/- 0) requests
ConsensusMessage ByteCount = 164684
TOMMessage ByteCount = 66406129
StandardSMMessage ByteCount = 9726
LCMessage ByteCount = 597
--- Measurements after 91000 ops (1000 samples) ---
Throughput = 4739.3364 operations/sec (Maximum observed: 6711.409 ops/sec)
Total latency = 1.4616607669235E7 (+/- 0) us 
Consensus latency = 31551.71245 (+/- 2321) us 
Pre-consensus latency = 0.0 (+/- 0) us 
Pos-consensus latency = 1.4604287191385001E7 (+/- 0) us 
Propose latency = 29557.29155 (+/- 2301) us 
Write latency = 231.46445 (+/- 0) us 
Accept latency = 1762.95645 (+/- 19) us 
Batch average size = NaN (+/- 0) requests
ConsensusMessage ByteCount = 164684
TOMMessage ByteCount = 66734806
StandardSMMessage ByteCount = 9726
LCMessage ByteCount = 597
--- Measurements after 92000 ops (1000 samples) ---
Throughput = 4132.2314 operations/sec (Maximum observed: 6711.409 ops/sec)
Total latency = 1.4807659459145E7 (+/- 0) us 
Consensus latency = 26250.383982 (+/- 582) us 
Pre-consensus latency = 0.0 (+/- 0) us 
Pos-consensus latency = 1.4798741227127E7 (+/- 0) us 
Propose latency = 23796.658607999998 (+/- 750) us 
Write latency = 704.4123179999999 (+/- 1249) us 
Accept latency = 1749.3130560000002 (+/- 84) us 
Batch average size = NaN (+/- 0) requests
ConsensusMessage ByteCount = 164684
TOMMessage ByteCount = 67062252
StandardSMMessage ByteCount = 9726
LCMessage ByteCount = 597
--- Measurements after 93000 ops (1000 samples) ---
Throughput = 4694.8354 operations/sec (Maximum observed: 6711.409 ops/sec)
Total latency = 1.5002749233473E7 (+/- 0) us 
Consensus latency = 28049.735228 (+/- 785) us 
Pre-consensus latency = 0.0 (+/- 0) us 
Pos-consensus latency = 1.4991946232021E7 (+/- 0) us 
Propose latency = 22485.056532000002 (+/- 1975) us 
Write latency = 3609.453558 (+/- 1142) us 
Accept latency = 1955.225138 (+/- 46) us 
Batch average size = NaN (+/- 0) requests
ConsensusMessage ByteCount = 164684
TOMMessage ByteCount = 67830396
StandardSMMessage ByteCount = 9726
LCMessage ByteCount = 597
--- Measurements after 94000 ops (1000 samples) ---
Throughput = 4716.981 operations/sec (Maximum observed: 6711.409 ops/sec)
Total latency = 1.516952233591E7 (+/- 0) us 
Consensus latency = 30281.72516 (+/- 339) us 
Pre-consensus latency = 0.0 (+/- 0) us 
Pos-consensus latency = 1.5156595843594E7 (+/- 0) us 
Propose latency = 28248.404644000002 (+/- 322) us 
Write latency = 219.819532 (+/- 4) us 
Accept latency = 1813.500984 (+/- 12) us 
Batch average size = NaN (+/- 0) requests
ConsensusMessage ByteCount = 164684
TOMMessage ByteCount = 68545607
StandardSMMessage ByteCount = 9726
LCMessage ByteCount = 597
--- Measurements after 95000 ops (1000 samples) ---
Throughput = 4784.689 operations/sec (Maximum observed: 6711.409 ops/sec)
Total latency = 1.5346543446938E7 (+/- 0) us 
Consensus latency = 29015.34716 (+/- 417) us 
Pre-consensus latency = 0.0 (+/- 0) us 
Pos-consensus latency = 1.5334793514524E7 (+/- 0) us 
Propose latency = 27044.785044 (+/- 395) us 
Write latency = 205.25024 (+/- 4) us 
Accept latency = 1765.311876 (+/- 26) us 
Batch average size = NaN (+/- 0) requests
ConsensusMessage ByteCount = 164684
TOMMessage ByteCount = 69220195
StandardSMMessage ByteCount = 9726
LCMessage ByteCount = 597
--- Measurements after 96000 ops (1000 samples) ---
Throughput = 4048.583 operations/sec (Maximum observed: 6711.409 ops/sec)
Total latency = 1.5558836936773E7 (+/- 0) us 
Consensus latency = 27382.32531 (+/- 655) us 
Pre-consensus latency = 0.0 (+/- 0) us 
Pos-consensus latency = 1.5548649184963E7 (+/- 0) us 
Propose latency = 25329.665530000002 (+/- 334) us 
Write latency = 387.89090999999996 (+/- 928) us 
Accept latency = 1664.76887 (+/- 61) us 
Batch average size = NaN (+/- 0) requests
ConsensusMessage ByteCount = 164684
TOMMessage ByteCount = 70107746
StandardSMMessage ByteCount = 9726
LCMessage ByteCount = 597
--- Measurements after 97000 ops (1000 samples) ---
Throughput = 4761.905 operations/sec (Maximum observed: 6711.409 ops/sec)
Total latency = 1.5734931537734E7 (+/- 0) us 
Consensus latency = 31175.710568 (+/- 904) us 
Pre-consensus latency = 0.0 (+/- 0) us 
Pos-consensus latency = 1.5720445415974E7 (+/- 0) us 
Propose latency = 23530.815634 (+/- 1338) us 
Write latency = 5631.9753820000005 (+/- 417) us 
Accept latency = 2012.9195519999998 (+/- 16) us 
Batch average size = NaN (+/- 0) requests
ConsensusMessage ByteCount = 164684
TOMMessage ByteCount = 70747866
StandardSMMessage ByteCount = 9726
LCMessage ByteCount = 597
--- Measurements after 98000 ops (1000 samples) ---
Throughput = 5263.1577 operations/sec (Maximum observed: 6711.409 ops/sec)
Total latency = 1.5902955407469E7 (+/- 0) us 
Consensus latency = 42814.882 (+/- 0) us 
Pre-consensus latency = 0.0 (+/- 0) us 
Pos-consensus latency = 1.5877207305469E7 (+/- 0) us 
Propose latency = 40751.805 (+/- 0) us 
Write latency = 260.794 (+/- 0) us 
Accept latency = 1802.283 (+/- 0) us 
Batch average size = NaN (+/- 0) requests
ConsensusMessage ByteCount = 164684
TOMMessage ByteCount = 71412606
StandardSMMessage ByteCount = 9726
LCMessage ByteCount = 597
--- Measurements after 99000 ops (1000 samples) ---
Throughput = 5882.353 operations/sec (Maximum observed: 6711.409 ops/sec)
Total latency = 1.6030945205958E7 (+/- 0) us 
Consensus latency = 34592.317112000004 (+/- 1113) us 
Pre-consensus latency = 0.0 (+/- 0) us 
Pos-consensus latency = 1.6013655184851998E7 (+/- 0) us 
Propose latency = 32363.425484 (+/- 1136) us 
Write latency = 248.487576 (+/- 1) us 
Accept latency = 1980.4040519999999 (+/- 24) us 
Batch average size = NaN (+/- 0) requests
ConsensusMessage ByteCount = 164684
TOMMessage ByteCount = 71960401
StandardSMMessage ByteCount = 9726
LCMessage ByteCount = 597
--- Measurements after 100000 ops (1000 samples) ---
Throughput = 6622.5166 operations/sec (Maximum observed: 6711.409 ops/sec)
Total latency = 1.6148661656759001E7 (+/- 0) us 
Consensus latency = 28150.845016 (+/- 1317) us 
Pre-consensus latency = 0.0 (+/- 0) us 
Pos-consensus latency = 1.6137902978933001E7 (+/- 0) us 
Propose latency = 26205.244888 (+/- 1257) us 
Write latency = 214.520282 (+/- 7) us 
Accept latency = 1731.0798459999999 (+/- 52) us 
Batch average size = NaN (+/- 0) requests
ConsensusMessage ByteCount = 164684
TOMMessage ByteCount = 72394944
StandardSMMessage ByteCount = 9726
LCMessage ByteCount = 597
--- Measurements after 101000 ops (1000 samples) ---
Throughput = 6578.9473 operations/sec (Maximum observed: 6711.409 ops/sec)
Total latency = 1.6269887823450001E7 (+/- 0) us 
Consensus latency = 24496.712224 (+/- 898) us 
Pre-consensus latency = 0.0 (+/- 0) us 
Pos-consensus latency = 1.6262223329404E7 (+/- 0) us 
Propose latency = 22551.748318 (+/- 901) us 
Write latency = 213.705074 (+/- 0) us 
Accept latency = 1731.258832 (+/- 2) us 
Batch average size = NaN (+/- 0) requests
ConsensusMessage ByteCount = 164684
TOMMessage ByteCount = 72891037
StandardSMMessage ByteCount = 9726
LCMessage ByteCount = 597
--- Measurements after 102000 ops (1000 samples) ---
Throughput = 6024.096 operations/sec (Maximum observed: 6711.409 ops/sec)
Total latency = 1.6399913867761E7 (+/- 0) us 
Consensus latency = 27796.78399 (+/- 1113) us 
Pre-consensus latency = 0.0 (+/- 0) us 
Pos-consensus latency = 1.6390567907371E7 (+/- 0) us 
Propose latency = 25874.34406 (+/- 1120) us 
Write latency = 231.41873999999999 (+/- 5) us 
Accept latency = 1691.02119 (+/- 12) us 
Batch average size = NaN (+/- 0) requests
ConsensusMessage ByteCount = 164684
TOMMessage ByteCount = 73331735
StandardSMMessage ByteCount = 9726
LCMessage ByteCount = 597
--- Measurements after 103000 ops (1000 samples) ---
Throughput = 6622.5166 operations/sec (Maximum observed: 6711.409 ops/sec)
Total latency = 1.6529073767337E7 (+/- 0) us 
Consensus latency = 26508.770982000002 (+/- 587) us 
Pre-consensus latency = 0.0 (+/- 0) us 
Pos-consensus latency = 1.6519257183257E7 (+/- 0) us 
Propose latency = 24475.738116 (+/- 628) us 
Write latency = 226.883374 (+/- 2) us 
Accept latency = 1806.149492 (+/- 42) us 
Batch average size = NaN (+/- 0) requests
ConsensusMessage ByteCount = 164684
TOMMessage ByteCount = 73774895
StandardSMMessage ByteCount = 9726
LCMessage ByteCount = 597
--- Measurements after 104000 ops (1000 samples) ---
Throughput = 6666.6665 operations/sec (Maximum observed: 6711.409 ops/sec)
Total latency = 1.6647038125424E7 (+/- 0) us 
Consensus latency = 27388.803178 (+/- 436) us 
Pre-consensus latency = 0.0 (+/- 0) us 
Pos-consensus latency = 1.6637206217168E7 (+/- 0) us 
Propose latency = 25125.628532000002 (+/- 350) us 
Write latency = 194.649066 (+/- 12) us 
Accept latency = 2068.52558 (+/- 98) us 
Batch average size = NaN (+/- 0) requests
ConsensusMessage ByteCount = 164684
TOMMessage ByteCount = 74210669
StandardSMMessage ByteCount = 9726
LCMessage ByteCount = 597
--- Measurements after 105000 ops (1000 samples) ---
Throughput = 6097.561 operations/sec (Maximum observed: 6711.409 ops/sec)
Total latency = 1.6764449026349E7 (+/- 0) us 
Consensus latency = 27766.162474 (+/- 89) us 
Pre-consensus latency = 0.0 (+/- 0) us 
Pos-consensus latency = 1.6753761311865E7 (+/- 0) us 
Propose latency = 25498.03998 (+/- 102) us 
Write latency = 220.4983 (+/- 13) us 
Accept latency = 2047.624194 (+/- 26) us 
Batch average size = NaN (+/- 0) requests
ConsensusMessage ByteCount = 164684
TOMMessage ByteCount = 74707993
StandardSMMessage ByteCount = 9726
LCMessage ByteCount = 597
--- Measurements after 106000 ops (1000 samples) ---
Throughput = 6578.9473 operations/sec (Maximum observed: 6711.409 ops/sec)
Total latency = 1.6893638877733E7 (+/- 0) us 
Consensus latency = 32004.451144000002 (+/- 2008) us 
Pre-consensus latency = 0.0 (+/- 0) us 
Pos-consensus latency = 1.6880385939997E7 (+/- 0) us 
Propose latency = 29975.160906 (+/- 2119) us 
Write latency = 247.111854 (+/- 9) us 
Accept latency = 1782.178384 (+/- 121) us 
Batch average size = NaN (+/- 0) requests
ConsensusMessage ByteCount = 164684
TOMMessage ByteCount = 75044056
StandardSMMessage ByteCount = 9726
LCMessage ByteCount = 597
--- Measurements after 107000 ops (1000 samples) ---
Throughput = 6622.5166 operations/sec (Maximum observed: 6711.409 ops/sec)
Total latency = 1.6997929195955E7 (+/- 0) us 
Consensus latency = 41564.19731 (+/- 4436) us 
Pre-consensus latency = 0.0 (+/- 0) us 
Pos-consensus latency = 1.6982109090085E7 (+/- 0) us 
Propose latency = 39479.135350000004 (+/- 4380) us 
Write latency = 280.56288 (+/- 14) us 
Accept latency = 1804.49908 (+/- 41) us 
Batch average size = NaN (+/- 0) requests
ConsensusMessage ByteCount = 164684
TOMMessage ByteCount = 75447824
StandardSMMessage ByteCount = 9726
LCMessage ByteCount = 597
--- Measurements after 108000 ops (1000 samples) ---
Throughput = 6622.5166 operations/sec (Maximum observed: 6711.409 ops/sec)
Total latency = 1.7107129893695E7 (+/- 0) us 
Consensus latency = 35070.797828 (+/- 4854) us 
Pre-consensus latency = 0.0 (+/- 0) us 
Pos-consensus latency = 1.7093176844697002E7 (+/- 0) us 
Propose latency = 33143.241954 (+/- 4751) us 
Write latency = 245.987506 (+/- 23) us 
Accept latency = 1681.568368 (+/- 79) us 
Batch average size = NaN (+/- 0) requests
ConsensusMessage ByteCount = 164684
TOMMessage ByteCount = 75881136
StandardSMMessage ByteCount = 9726
LCMessage ByteCount = 597
--- Measurements after 109000 ops (1000 samples) ---
Throughput = 6024.096 operations/sec (Maximum observed: 6711.409 ops/sec)
Total latency = 1.7211271951169997E7 (+/- 0) us 
Consensus latency = 35816.487518 (+/- 2022) us 
Pre-consensus latency = 0.0 (+/- 0) us 
Pos-consensus latency = 1.7195156297674E7 (+/- 0) us 
Propose latency = 29909.289442 (+/- 359) us 
Write latency = 3684.4953539999997 (+/- 2036) us 
Accept latency = 2222.702722 (+/- 345) us 
Batch average size = NaN (+/- 0) requests
ConsensusMessage ByteCount = 164684
TOMMessage ByteCount = 76286135
StandardSMMessage ByteCount = 9726
LCMessage ByteCount = 597
--- Measurements after 110000 ops (1000 samples) ---
Throughput = 6666.6665 operations/sec (Maximum observed: 6711.409 ops/sec)
Total latency = 1.7320226685224E7 (+/- 0) us 
Consensus latency = 33530.397902 (+/- 2180) us 
Pre-consensus latency = 0.0 (+/- 0) us 
Pos-consensus latency = 1.730639480618E7 (+/- 0) us 
Propose latency = 29995.105508 (+/- 186) us 
Write latency = 1541.5386899999999 (+/- 2096) us 
Accept latency = 1993.753704 (+/- 271) us 
Batch average size = NaN (+/- 0) requests
ConsensusMessage ByteCount = 164684
TOMMessage ByteCount = 76693596
StandardSMMessage ByteCount = 9726
LCMessage ByteCount = 597
--- Measurements after 111000 ops (1000 samples) ---
Throughput = 6622.5166 operations/sec (Maximum observed: 6711.409 ops/sec)
Total latency = 1.7429517273757E7 (+/- 0) us 
Consensus latency = 29407.60757 (+/- 1831) us 
Pre-consensus latency = 0.0 (+/- 0) us 
Pos-consensus latency = 1.7419522473766997E7 (+/- 0) us 
Propose latency = 26425.11729 (+/- 2449) us 
Write latency = 992.224786 (+/- 507) us 
Accept latency = 1990.265494 (+/- 110) us 
Batch average size = NaN (+/- 0) requests
ConsensusMessage ByteCount = 164684
TOMMessage ByteCount = 77029659
StandardSMMessage ByteCount = 9726
LCMessage ByteCount = 597
--- Measurements after 112000 ops (1000 samples) ---
Throughput = 6622.5166 operations/sec (Maximum observed: 6711.409 ops/sec)
Total latency = 1.7534788793962E7 (+/- 0) us 
Consensus latency = 35781.9372 (+/- 5329) us 
Pre-consensus latency = 0.0 (+/- 0) us 
Pos-consensus latency = 1.7515623649652E7 (+/- 0) us 
Propose latency = 32997.09571 (+/- 5756) us 
Write latency = 854.23388 (+/- 333) us 
Accept latency = 1930.60761 (+/- 93) us 
Batch average size = NaN (+/- 0) requests
ConsensusMessage ByteCount = 164684
TOMMessage ByteCount = 77220464
StandardSMMessage ByteCount = 9726
LCMessage ByteCount = 597
--- Measurements after 113000 ops (1000 samples) ---
Throughput = 4444.4443 operations/sec (Maximum observed: 6711.409 ops/sec)
Total latency = 1.7674747594362E7 (+/- 0) us 
Consensus latency = 48675.72637 (+/- 6780) us 
Pre-consensus latency = 0.0 (+/- 0) us 
Pos-consensus latency = 1.764919431407E7 (+/- 0) us 
Propose latency = 46507.435838 (+/- 7015) us 
Write latency = 368.95827 (+/- 186) us 
Accept latency = 1799.3322620000001 (+/- 48) us 
Batch average size = NaN (+/- 0) requests
ConsensusMessage ByteCount = 164684
TOMMessage ByteCount = 77437120
StandardSMMessage ByteCount = 9726
LCMessage ByteCount = 597
--- Measurements after 114000 ops (1000 samples) ---
Throughput = 4761.905 operations/sec (Maximum observed: 6711.409 ops/sec)
Total latency = 1.7830663861164E7 (+/- 0) us 
Consensus latency = 42109.609474 (+/- 9034) us 
Pre-consensus latency = 0.0 (+/- 0) us 
Pos-consensus latency = 1.7811105909636002E7 (+/- 0) us 
Propose latency = 40022.316864 (+/- 9106) us 
Write latency = 210.01089000000002 (+/- 16) us 
Accept latency = 1877.28172 (+/- 88) us 
Batch average size = NaN (+/- 0) requests
ConsensusMessage ByteCount = 164684
TOMMessage ByteCount = 77547910
StandardSMMessage ByteCount = 9726
LCMessage ByteCount = 597
--- Measurements after 115000 ops (1000 samples) ---
Throughput = 4739.3364 operations/sec (Maximum observed: 6711.409 ops/sec)
Total latency = 1.7998279564075E7 (+/- 0) us 
Consensus latency = 35992.165810000006 (+/- 756) us 
Pre-consensus latency = 0.0 (+/- 0) us 
Pos-consensus latency = 1.7981787786479E7 (+/- 0) us 
Propose latency = 31931.226744 (+/- 816) us 
Write latency = 204.298316 (+/- 5) us 
Accept latency = 3856.64075 (+/- 1566) us 
Batch average size = NaN (+/- 0) requests
ConsensusMessage ByteCount = 164684
TOMMessage ByteCount = 77554065
StandardSMMessage ByteCount = 9726
LCMessage ByteCount = 597
--- Measurements after 116000 ops (1000 samples) ---
Throughput = 4444.4443 operations/sec (Maximum observed: 6711.409 ops/sec)
Total latency = 1.8171320312361E7 (+/- 0) us 
Consensus latency = 37288.764446 (+/- 583) us 
Pre-consensus latency = 0.0 (+/- 0) us 
Pos-consensus latency = 1.8153509621291E7 (+/- 0) us 
Propose latency = 29938.691156 (+/- 1140) us 
Write latency = 4161.461526 (+/- 3406) us 
Accept latency = 3188.6117639999998 (+/- 1682) us 
Batch average size = NaN (+/- 0) requests
ConsensusMessage ByteCount = 164684
TOMMessage ByteCount = 77556527
StandardSMMessage ByteCount = 9726
LCMessage ByteCount = 597
--- Measurements after 117000 ops (1000 samples) ---
Throughput = 4694.8354 operations/sec (Maximum observed: 6711.409 ops/sec)
Total latency = 1.8347700771467E7 (+/- 0) us 
Consensus latency = 34586.7863 (+/- 2899) us 
Pre-consensus latency = 0.0 (+/- 0) us 
Pos-consensus latency = 1.8332624278867E7 (+/- 0) us 
Propose latency = 29564.65395 (+/- 550) us 
Write latency = 3296.45515 (+/- 3437) us 
Accept latency = 1725.6771999999999 (+/- 12) us 
Batch average size = NaN (+/- 0) requests
ConsensusMessage ByteCount = 164684
TOMMessage ByteCount = 77560220
StandardSMMessage ByteCount = 9726
LCMessage ByteCount = 597
--- Measurements after 118000 ops (1000 samples) ---
Throughput = 4784.689 operations/sec (Maximum observed: 6711.409 ops/sec)
Total latency = 1.8518302248273E7 (+/- 0) us 
Consensus latency = 33631.322696 (+/- 1582) us 
Pre-consensus latency = 0.0 (+/- 0) us 
Pos-consensus latency = 1.8504146109695E7 (+/- 0) us 
Propose latency = 31740.48234 (+/- 1593) us 
Write latency = 209.828878 (+/- 20) us 
Accept latency = 1681.011478 (+/- 31) us 
Batch average size = NaN (+/- 0) requests
ConsensusMessage ByteCount = 164684
TOMMessage ByteCount = 77568837
StandardSMMessage ByteCount = 9726
LCMessage ByteCount = 597
--- Measurements after 119000 ops (1000 samples) ---
Throughput = 4761.905 operations/sec (Maximum observed: 6711.409 ops/sec)
Total latency = 1.8688972325464E7 (+/- 0) us 
Consensus latency = 34313.936364 (+/- 816) us 
Pre-consensus latency = 0.0 (+/- 0) us 
Pos-consensus latency = 1.8674118405866E7 (+/- 0) us 
Propose latency = 32467.456052 (+/- 782) us 
Write latency = 218.91556400000002 (+/- 9) us 
Accept latency = 1627.564748 (+/- 23) us 
Batch average size = NaN (+/- 0) requests
ConsensusMessage ByteCount = 164684
TOMMessage ByteCount = 77573761
StandardSMMessage ByteCount = 9726
LCMessage ByteCount = 597
--- Measurements after 120000 ops (1000 samples) ---
Throughput = 4237.288 operations/sec (Maximum observed: 6711.409 ops/sec)
Total latency = 1.8876254687931E7 (+/- 0) us 
Consensus latency = 43509.724272 (+/- 10463) us 
Pre-consensus latency = 0.0 (+/- 0) us 
Pos-consensus latency = 1.8856992575367E7 (+/- 0) us 
Propose latency = 41601.111522 (+/- 10364) us 
Write latency = 220.86101399999998 (+/- 12) us 
Accept latency = 1687.751736 (+/- 87) us 
Batch average size = NaN (+/- 0) requests
ConsensusMessage ByteCount = 164684
TOMMessage ByteCount = 77581147
StandardSMMessage ByteCount = 9726
LCMessage ByteCount = 597
--- Measurements after 121000 ops (1000 samples) ---
Throughput = 4830.918 operations/sec (Maximum observed: 6711.409 ops/sec)
Total latency = 1.9040185024367E7 (+/- 0) us 
Consensus latency = 44778.410832 (+/- 10599) us 
Pre-consensus latency = 0.0 (+/- 0) us 
Pos-consensus latency = 1.9020481536195E7 (+/- 0) us 
Propose latency = 42754.035899999995 (+/- 10612) us 
Write latency = 241.481026 (+/- 8) us 
Accept latency = 1782.893906 (+/- 4) us 
Batch average size = NaN (+/- 0) requests
ConsensusMessage ByteCount = 164684
TOMMessage ByteCount = 77581147
StandardSMMessage ByteCount = 9726
LCMessage ByteCount = 597
--- Measurements after 122000 ops (1000 samples) ---
Throughput = 4830.918 operations/sec (Maximum observed: 6711.409 ops/sec)
Total latency = 1.9203003340967E7 (+/- 0) us 
Consensus latency = 31166.865670000003 (+/- 2295) us 
Pre-consensus latency = 0.0 (+/- 0) us 
Pos-consensus latency = 1.9191559229617E7 (+/- 0) us 
Propose latency = 29199.90273 (+/- 2213) us 
Write latency = 237.37673999999998 (+/- 15) us 
Accept latency = 1729.5862 (+/- 66) us 
Batch average size = NaN (+/- 0) requests
ConsensusMessage ByteCount = 164684
TOMMessage ByteCount = 77583609
StandardSMMessage ByteCount = 9726
LCMessage ByteCount = 597
--- Measurements after 123000 ops (1000 samples) ---
Throughput = 4444.4443 operations/sec (Maximum observed: 6711.409 ops/sec)
Total latency = 1.9378875387013E7 (+/- 0) us 
Consensus latency = 35105.965802 (+/- 7964) us 
Pre-consensus latency = 0.0 (+/- 0) us 
Pos-consensus latency = 1.9362924445031E7 (+/- 0) us 
Propose latency = 26231.632442000002 (+/- 509) us 
Write latency = 7302.64027 (+/- 8571) us 
Accept latency = 1571.69309 (+/- 98) us 
Batch average size = NaN (+/- 0) requests
ConsensusMessage ByteCount = 164684
TOMMessage ByteCount = 77584840
StandardSMMessage ByteCount = 9726
LCMessage ByteCount = 597
--- Measurements after 124000 ops (1000 samples) ---
Throughput = 4807.6924 operations/sec (Maximum observed: 6711.409 ops/sec)
Total latency = 1.9561639849729E7 (+/- 0) us 
Consensus latency = 40328.907348 (+/- 5606) us 
Pre-consensus latency = 0.0 (+/- 0) us 
Pos-consensus latency = 1.9540291416808996E7 (+/- 0) us 
Propose latency = 27398.676828000003 (+/- 2268) us 
Write latency = 11266.87135 (+/- 8142) us 
Accept latency = 1663.35917 (+/- 267) us 
Batch average size = NaN (+/- 0) requests
ConsensusMessage ByteCount = 164684
TOMMessage ByteCount = 77587302
StandardSMMessage ByteCount = 9726
LCMessage ByteCount = 597
--- Measurements after 125000 ops (1000 samples) ---
Throughput = 4830.918 operations/sec (Maximum observed: 6711.409 ops/sec)
Total latency = 1.972161520366E7 (+/- 0) us 
Consensus latency = 31610.318684 (+/- 2131) us 
Pre-consensus latency = 0.0 (+/- 0) us 
Pos-consensus latency = 1.97089682361E7 (+/- 0) us 
Propose latency = 28282.883147999997 (+/- 2679) us 
Write latency = 1585.370642 (+/- 898) us 
Accept latency = 1742.064894 (+/- 350) us 
Batch average size = NaN (+/- 0) requests
ConsensusMessage ByteCount = 164684
TOMMessage ByteCount = 77595919
StandardSMMessage ByteCount = 9726
LCMessage ByteCount = 597
--- Measurements after 126000 ops (1000 samples) ---
Throughput = 4807.6924 operations/sec (Maximum observed: 6711.409 ops/sec)
Total latency = 1.9891920258761E7 (+/- 0) us 
Consensus latency = 29494.728204 (+/- 1042) us 
Pre-consensus latency = 0.0 (+/- 0) us 
Pos-consensus latency = 1.9879906215277E7 (+/- 0) us 
Propose latency = 26138.798156 (+/- 2037) us 
Write latency = 1920.8621540000001 (+/- 1224) us 
Accept latency = 1435.067894 (+/- 229) us 
Batch average size = NaN (+/- 0) requests
ConsensusMessage ByteCount = 164684
TOMMessage ByteCount = 77603305
StandardSMMessage ByteCount = 9726
LCMessage ByteCount = 597
--- Measurements after 127000 ops (1000 samples) ---
Throughput = 4405.286 operations/sec (Maximum observed: 6711.409 ops/sec)
Total latency = 2.0075032098265E7 (+/- 0) us 
Consensus latency = 31477.670329999997 (+/- 763) us 
Pre-consensus latency = 0.0 (+/- 0) us 
Pos-consensus latency = 2.0061050301455002E7 (+/- 0) us 
Propose latency = 29548.75848 (+/- 797) us 
Write latency = 198.06374 (+/- 7) us 
Accept latency = 1730.8481100000001 (+/- 41) us 
Batch average size = NaN (+/- 0) requests
ConsensusMessage ByteCount = 164684
TOMMessage ByteCount = 77630387
StandardSMMessage ByteCount = 9726
LCMessage ByteCount = 597
--- Measurements after 128000 ops (1000 samples) ---
Throughput = 4807.6924 operations/sec (Maximum observed: 6711.409 ops/sec)
Total latency = 2.0251840923659E7 (+/- 0) us 
Consensus latency = 32475.03076 (+/- 223) us 
Pre-consensus latency = 0.0 (+/- 0) us 
Pos-consensus latency = 2.0236828658025E7 (+/- 0) us 
Propose latency = 30569.327236 (+/- 266) us 
Write latency = 215.303398 (+/- 8) us 
Accept latency = 1690.400126 (+/- 35) us 
Batch average size = NaN (+/- 0) requests
ConsensusMessage ByteCount = 164684
TOMMessage ByteCount = 77656238
StandardSMMessage ByteCount = 9726
LCMessage ByteCount = 597
--- Measurements after 129000 ops (1000 samples) ---
Throughput = 4807.6924 operations/sec (Maximum observed: 6711.409 ops/sec)
Total latency = 2.0417027007136002E7 (+/- 0) us 
Consensus latency = 32845.355644 (+/- 1213) us 
Pre-consensus latency = 0.0 (+/- 0) us 
Pos-consensus latency = 2.0401290643268E7 (+/- 0) us 
Propose latency = 30847.27864 (+/- 1174) us 
Write latency = 216.919946 (+/- 19) us 
Accept latency = 1781.157058 (+/- 59) us 
Batch average size = NaN (+/- 0) requests
ConsensusMessage ByteCount = 164684
TOMMessage ByteCount = 77682089
StandardSMMessage ByteCount = 9726
LCMessage ByteCount = 597
--- Measurements after 130000 ops (1000 samples) ---
Throughput = 4761.905 operations/sec (Maximum observed: 6711.409 ops/sec)
Total latency = 2.0588032894233003E7 (+/- 0) us 
Consensus latency = 33866.64004 (+/- 1817) us 
Pre-consensus latency = 0.0 (+/- 0) us 
Pos-consensus latency = 2.0571230084363E7 (+/- 0) us 
Propose latency = 31752.088248 (+/- 1906) us 
Write latency = 235.051552 (+/- 92) us 
Accept latency = 1879.50024 (+/- 2) us 
Batch average size = NaN (+/- 0) requests
ConsensusMessage ByteCount = 164684
TOMMessage ByteCount = 77703016
StandardSMMessage ByteCount = 9726
LCMessage ByteCount = 597
--- Measurements after 131000 ops (1000 samples) ---
Throughput = 4366.812 operations/sec (Maximum observed: 6711.409 ops/sec)
Total latency = 2.0775414913828E7 (+/- 0) us 
Consensus latency = 33784.777994000004 (+/- 6074) us 
Pre-consensus latency = 0.0 (+/- 0) us 
Pos-consensus latency = 2.0759074679888E7 (+/- 0) us 
Propose latency = 28525.582404 (+/- 351) us 
Write latency = 3442.192568 (+/- 5832) us 
Accept latency = 1817.003022 (+/- 110) us 
Batch average size = NaN (+/- 0) requests
ConsensusMessage ByteCount = 164684
TOMMessage ByteCount = 77738715
StandardSMMessage ByteCount = 9726
LCMessage ByteCount = 597
--- Measurements after 132000 ops (1000 samples) ---
Throughput = 4761.905 operations/sec (Maximum observed: 6711.409 ops/sec)
Total latency = 2.0943910030288E7 (+/- 0) us 
Consensus latency = 42496.07948 (+/- 6041) us 
Pre-consensus latency = 0.0 (+/- 0) us 
Pos-consensus latency = 2.0918944012338E7 (+/- 0) us 
Propose latency = 28981.95687 (+/- 449) us 
Write latency = 11874.55505 (+/- 5661) us 
Accept latency = 1639.56756 (+/- 69) us 
Batch average size = NaN (+/- 0) requests
ConsensusMessage ByteCount = 164684
TOMMessage ByteCount = 77747332
StandardSMMessage ByteCount = 9726
LCMessage ByteCount = 597
--- Measurements after 133000 ops (1000 samples) ---
Throughput = 4784.689 operations/sec (Maximum observed: 6711.409 ops/sec)
Total latency = 2.1104473830620997E7 (+/- 0) us 
Consensus latency = 29732.834284 (+/- 663) us 
Pre-consensus latency = 0.0 (+/- 0) us 
Pos-consensus latency = 2.1092279656513E7 (+/- 0) us 
Propose latency = 27789.66841 (+/- 592) us 
Write latency = 188.712166 (+/- 4) us 
Accept latency = 1754.453708 (+/- 66) us 
Batch average size = NaN (+/- 0) requests
ConsensusMessage ByteCount = 164684
TOMMessage ByteCount = 77767028
StandardSMMessage ByteCount = 9726
LCMessage ByteCount = 597
--- Measurements after 134000 ops (1000 samples) ---
Throughput = 4347.826 operations/sec (Maximum observed: 6711.409 ops/sec)
Total latency = 2.1283910261769E7 (+/- 0) us 
Consensus latency = 28801.320381999998 (+/- 1363) us 
Pre-consensus latency = 0.0 (+/- 0) us 
Pos-consensus latency = 2.1272651672777E7 (+/- 0) us 
Propose latency = 26996.821024 (+/- 1315) us 
Write latency = 182.36467800000003 (+/- 10) us 
Accept latency = 1622.13468 (+/- 38) us 
Batch average size = NaN (+/- 0) requests
ConsensusMessage ByteCount = 164684
TOMMessage ByteCount = 77784262
StandardSMMessage ByteCount = 9726
LCMessage ByteCount = 597
--- Measurements after 135000 ops (1000 samples) ---
Throughput = 4830.918 operations/sec (Maximum observed: 6711.409 ops/sec)
Total latency = 2.1473105998645E7 (+/- 0) us 
Consensus latency = 34567.331804 (+/- 6605) us 
Pre-consensus latency = 0.0 (+/- 0) us 
Pos-consensus latency = 2.1455737516373E7 (+/- 0) us 
Propose latency = 32633.401074 (+/- 6579) us 
Write latency = 207.712434 (+/- 1) us 
Accept latency = 1726.218296 (+/- 24) us 
Batch average size = NaN (+/- 0) requests
ConsensusMessage ByteCount = 164684
TOMMessage ByteCount = 77810113
StandardSMMessage ByteCount = 9726
LCMessage ByteCount = 597
--- Measurements after 136000 ops (1000 samples) ---
Throughput = 4830.918 operations/sec (Maximum observed: 6711.409 ops/sec)
Total latency = 2.1638981854863E7 (+/- 0) us 
Consensus latency = 50735.35512 (+/- 5846) us 
Pre-consensus latency = 0.0 (+/- 0) us 
Pos-consensus latency = 2.1605604867877E7 (+/- 0) us 
Propose latency = 48726.485166 (+/- 5858) us 
Write latency = 211.165054 (+/- 5) us 
Accept latency = 1797.7049 (+/- 17) us 
Batch average size = NaN (+/- 0) requests
ConsensusMessage ByteCount = 164684
TOMMessage ByteCount = 77822423
StandardSMMessage ByteCount = 9726
LCMessage ByteCount = 597
--- Measurements after 137000 ops (1000 samples) ---
Throughput = 4830.918 operations/sec (Maximum observed: 6711.409 ops/sec)
Total latency = 2.1790064816716E7 (+/- 0) us 
Consensus latency = 32847.89356 (+/- 930) us 
Pre-consensus latency = 0.0 (+/- 0) us 
Pos-consensus latency = 2.1774618358675998E7 (+/- 0) us 
Propose latency = 30807.963 (+/- 948) us 
Write latency = 193.52225 (+/- 2) us 
Accept latency = 1846.40831 (+/- 20) us 
Batch average size = NaN (+/- 0) requests
ConsensusMessage ByteCount = 164684
TOMMessage ByteCount = 77844581
StandardSMMessage ByteCount = 9726
LCMessage ByteCount = 597
--- Measurements after 138000 ops (1000 samples) ---
Throughput = 5235.602 operations/sec (Maximum observed: 6711.409 ops/sec)
Total latency = 2.1962419929008E7 (+/- 0) us 
Consensus latency = 36432.538318000006 (+/- 884) us 
Pre-consensus latency = 0.0 (+/- 0) us 
Pos-consensus latency = 2.1943374652042E7 (+/- 0) us 
Propose latency = 34465.59355 (+/- 920) us 
Write latency = 201.72834400000002 (+/- 0) us 
Accept latency = 1765.2164240000002 (+/- 35) us 
Batch average size = NaN (+/- 0) requests
ConsensusMessage ByteCount = 164684
TOMMessage ByteCount = 77854429
StandardSMMessage ByteCount = 9726
LCMessage ByteCount = 597
--- Measurements after 139000 ops (1000 samples) ---
Throughput = 6711.409 operations/sec (Maximum observed: 6711.409 ops/sec)
Total latency = 2.208155841816E7 (+/- 0) us 
Consensus latency = 40305.061175999996 (+/- 1012) us 
Pre-consensus latency = 0.0 (+/- 0) us 
Pos-consensus latency = 2.2058624562967997E7 (+/- 0) us 
Propose latency = 38493.569795999996 (+/- 1067) us 
Write latency = 200.36837599999998 (+/- 2) us 
Accept latency = 1611.123004 (+/- 57) us 
Batch average size = NaN (+/- 0) requests
ConsensusMessage ByteCount = 164684
TOMMessage ByteCount = 77859353
StandardSMMessage ByteCount = 9726
LCMessage ByteCount = 597
--- Measurements after 140000 ops (1000 samples) ---
Throughput = 6666.6665 operations/sec (Maximum observed: 6711.409 ops/sec)
Total latency = 2.2185796047805E7 (+/- 0) us 
Consensus latency = 33558.336 (+/- 0) us 
Pre-consensus latency = 0.0 (+/- 0) us 
Pos-consensus latency = 2.2169475686805E7 (+/- 0) us 
Propose latency = 31380.3 (+/- 0) us 
Write latency = 183.848 (+/- 0) us 
Accept latency = 1994.188 (+/- 0) us 
Batch average size = NaN (+/- 0) requests
ConsensusMessage ByteCount = 164684
TOMMessage ByteCount = 77872894
StandardSMMessage ByteCount = 9726
LCMessage ByteCount = 597
--- Measurements after 141000 ops (1000 samples) ---
Throughput = 5917.1597 operations/sec (Maximum observed: 6711.409 ops/sec)
Total latency = 2.2294429045869E7 (+/- 0) us 
Consensus latency = 31665.579100000003 (+/- 84) us 
Pre-consensus latency = 0.0 (+/- 0) us 
Pos-consensus latency = 2.2280204510817003E7 (+/- 0) us 
Propose latency = 29723.778682 (+/- 74) us 
Write latency = 209.465662 (+/- 1) us 
Accept latency = 1732.334756 (+/- 11) us 
Batch average size = NaN (+/- 0) requests
ConsensusMessage ByteCount = 164684
TOMMessage ByteCount = 77882742
StandardSMMessage ByteCount = 9726
LCMessage ByteCount = 597
--- Measurements after 142000 ops (1000 samples) ---
Throughput = 6578.9473 operations/sec (Maximum observed: 6711.409 ops/sec)
Total latency = 2.2423911023557E7 (+/- 0) us 
Consensus latency = 30731.656908 (+/- 152) us 
Pre-consensus latency = 0.0 (+/- 0) us 
Pos-consensus latency = 2.2412968500497002E7 (+/- 0) us 
Propose latency = 28976.841168000003 (+/- 121) us 
Write latency = 190.054532 (+/- 3) us 
Accept latency = 1564.7612080000001 (+/- 27) us 
Batch average size = NaN (+/- 0) requests
ConsensusMessage ByteCount = 164684
TOMMessage ByteCount = 77899976
StandardSMMessage ByteCount = 9726
LCMessage ByteCount = 597
--- Measurements after 143000 ops (1000 samples) ---
Throughput = 6666.6665 operations/sec (Maximum observed: 6711.409 ops/sec)
Total latency = 2.2541312034224E7 (+/- 0) us 
Consensus latency = 29382.98685 (+/- 303) us 
Pre-consensus latency = 0.0 (+/- 0) us 
Pos-consensus latency = 2.2531137303274E7 (+/- 0) us 
Propose latency = 27449.012300000002 (+/- 346) us 
Write latency = 191.4673 (+/- 0) us 
Accept latency = 1742.50725 (+/- 41) us 
Batch average size = NaN (+/- 0) requests
ConsensusMessage ByteCount = 164684
TOMMessage ByteCount = 77917210
StandardSMMessage ByteCount = 9726
LCMessage ByteCount = 597
--- Measurements after 144000 ops (1000 samples) ---
Throughput = 6711.409 operations/sec (Maximum observed: 6711.409 ops/sec)
Total latency = 2.2652809111181E7 (+/- 0) us 
Consensus latency = 34110.658645999996 (+/- 1356) us 
Pre-consensus latency = 0.0 (+/- 0) us 
Pos-consensus latency = 2.2645356245419E7 (+/- 0) us 
Propose latency = 32311.994986 (+/- 1397) us 
Write latency = 204.105188 (+/- 3) us 
Accept latency = 1594.5584720000002 (+/- 44) us 
Batch average size = NaN (+/- 0) requests
ConsensusMessage ByteCount = 164684
TOMMessage ByteCount = 77934444
StandardSMMessage ByteCount = 9726
LCMessage ByteCount = 597
--- Measurements after 145000 ops (1000 samples) ---
Throughput = 5917.1597 operations/sec (Maximum observed: 6711.409 ops/sec)
Total latency = 2.278293320214E7 (+/- 0) us 
Consensus latency = 26064.117693999997 (+/- 2780) us 
Pre-consensus latency = 0.0 (+/- 0) us 
Pos-consensus latency = 2.27744182803E7 (+/- 0) us 
Propose latency = 24309.923201999998 (+/- 2769) us 
Write latency = 188.90798199999998 (+/- 5) us 
Accept latency = 1565.28651 (+/- 5) us 
Batch average size = NaN (+/- 0) requests
ConsensusMessage ByteCount = 164684
TOMMessage ByteCount = 77954140
StandardSMMessage ByteCount = 9726
LCMessage ByteCount = 597
--- Measurements after 146000 ops (1000 samples) ---
Throughput = 6944.4443 operations/sec (Maximum observed: 6944.4443 ops/sec)
Total latency = 2.2919719448066004E7 (+/- 0) us 
Consensus latency = 21977.74027 (+/- 1182) us 
Pre-consensus latency = 0.0 (+/- 0) us 
Pos-consensus latency = 2.291231910124E7 (+/- 0) us 
Propose latency = 19926.932704 (+/- 1294) us 
Write latency = 287.70095000000003 (+/- 37) us 
Accept latency = 1763.106616 (+/- 74) us 
Batch average size = NaN (+/- 0) requests
ConsensusMessage ByteCount = 164684
TOMMessage ByteCount = 77984915
StandardSMMessage ByteCount = 9726
LCMessage ByteCount = 597
--- Measurements after 147000 ops (1000 samples) ---
Throughput = 6944.4443 operations/sec (Maximum observed: 6944.4443 ops/sec)
Total latency = 2.3041479571358003E7 (+/- 0) us 
Consensus latency = 20432.720923999997 (+/- 456) us 
Pre-consensus latency = 0.0 (+/- 0) us 
Pos-consensus latency = 2.30349482054E7 (+/- 0) us 
Propose latency = 18620.350646000003 (+/- 341) us 
Write latency = 311.93124800000004 (+/- 4) us 
Accept latency = 1500.43903 (+/- 120) us 
Batch average size = NaN (+/- 0) requests
ConsensusMessage ByteCount = 164684
TOMMessage ByteCount = 78013228
StandardSMMessage ByteCount = 9726
LCMessage ByteCount = 597
--- Measurements after 148000 ops (1000 samples) ---
Throughput = 6944.4443 operations/sec (Maximum observed: 6944.4443 ops/sec)
Total latency = 2.3161141204958E7 (+/- 0) us 
Consensus latency = 21057.58635 (+/- 368) us 
Pre-consensus latency = 0.0 (+/- 0) us 
Pos-consensus latency = 2.3153728105288E7 (+/- 0) us 
Propose latency = 19392.630670000002 (+/- 413) us 
Write latency = 200.82824 (+/- 51) us 
Accept latency = 1464.12744 (+/- 6) us 
Batch average size = NaN (+/- 0) requests
ConsensusMessage ByteCount = 164684
TOMMessage ByteCount = 78039079
StandardSMMessage ByteCount = 9726
LCMessage ByteCount = 597
--- Measurements after 149000 ops (1000 samples) ---
Throughput = 5847.953 operations/sec (Maximum observed: 6944.4443 ops/sec)
Total latency = 2.3300584497086E7 (+/- 0) us 
Consensus latency = 20160.354015999998 (+/- 522) us 
Pre-consensus latency = 0.0 (+/- 0) us 
Pos-consensus latency = 2.3293536717698E7 (+/- 0) us 
Propose latency = 18354.199166000002 (+/- 601) us 
Write latency = 218.170976 (+/- 19) us 
Accept latency = 1587.983874 (+/- 59) us 
Batch average size = NaN (+/- 0) requests
ConsensusMessage ByteCount = 164684
TOMMessage ByteCount = 78069854
StandardSMMessage ByteCount = 9726
LCMessage ByteCount = 597
--- Measurements after 150000 ops (1000 samples) ---
Throughput = 6896.552 operations/sec (Maximum observed: 6944.4443 ops/sec)
Total latency = 2.3429820294855E7 (+/- 0) us 
Consensus latency = 18845.435014 (+/- 559) us 
Pre-consensus latency = 0.0 (+/- 0) us 
Pos-consensus latency = 2.3423890889169E7 (+/- 0) us 
Propose latency = 16999.73348 (+/- 559) us 
Write latency = 190.83203400000002 (+/- 19) us 
Accept latency = 1654.8695 (+/- 19) us 
Batch average size = NaN (+/- 0) requests
ConsensusMessage ByteCount = 164684
TOMMessage ByteCount = 78092012
StandardSMMessage ByteCount = 9726
LCMessage ByteCount = 597
--- Measurements after 151000 ops (1000 samples) ---
Throughput = 6896.552 operations/sec (Maximum observed: 6944.4443 ops/sec)
Total latency = 2.3548395714787E7 (+/- 0) us 
Consensus latency = 19760.953034000002 (+/- 684) us 
Pre-consensus latency = 0.0 (+/- 0) us 
Pos-consensus latency = 2.3541194028387003E7 (+/- 0) us 
Propose latency = 18098.182126 (+/- 787) us 
Write latency = 178.09162400000002 (+/- 1) us 
Accept latency = 1484.679284 (+/- 102) us 
Batch average size = NaN (+/- 0) requests
ConsensusMessage ByteCount = 164684
TOMMessage ByteCount = 78119094
StandardSMMessage ByteCount = 9726
LCMessage ByteCount = 597
--- Measurements after 152000 ops (1000 samples) ---
Throughput = 5882.353 operations/sec (Maximum observed: 6944.4443 ops/sec)
Total latency = 2.3668300002636E7 (+/- 0) us 
Consensus latency = 20149.793100000003 (+/- 1) us 
Pre-consensus latency = 0.0 (+/- 0) us 
Pos-consensus latency = 2.3660697688931998E7 (+/- 0) us 
Propose latency = 18356.6983 (+/- 112) us 
Write latency = 157.98897200000002 (+/- 11) us 
Accept latency = 1635.105828 (+/- 125) us 
Batch average size = NaN (+/- 0) requests
ConsensusMessage ByteCount = 164684
TOMMessage ByteCount = 78140021
StandardSMMessage ByteCount = 9726
LCMessage ByteCount = 597
--- Measurements after 153000 ops (1000 samples) ---
Throughput = 6993.007 operations/sec (Maximum observed: 6993.007 ops/sec)
Total latency = 2.3813657739729E7 (+/- 0) us 
Consensus latency = 19910.054600000003 (+/- 153) us 
Pre-consensus latency = 0.0 (+/- 0) us 
Pos-consensus latency = 2.3805886222689E7 (+/- 0) us 
Propose latency = 18308.761019999998 (+/- 12) us 
Write latency = 150.07532999999998 (+/- 0) us 
Accept latency = 1451.21825 (+/- 165) us 
Batch average size = NaN (+/- 0) requests
ConsensusMessage ByteCount = 164684
TOMMessage ByteCount = 78217574
StandardSMMessage ByteCount = 9726
LCMessage ByteCount = 597
--- Measurements after 154000 ops (1000 samples) ---
Throughput = 6711.409 operations/sec (Maximum observed: 6993.007 ops/sec)
Total latency = 2.3938194589379E7 (+/- 0) us 
Consensus latency = 20113.539076 (+/- 204) us 
Pre-consensus latency = 0.0 (+/- 0) us 
Pos-consensus latency = 2.3930306448831E7 (+/- 0) us 
Propose latency = 17843.81344 (+/- 320) us 
Write latency = 152.80915 (+/- 2) us 
Accept latency = 2116.916486 (+/- 522) us 
Batch average size = NaN (+/- 0) requests
ConsensusMessage ByteCount = 164684
TOMMessage ByteCount = 78397300
StandardSMMessage ByteCount = 9726
LCMessage ByteCount = 597
--- Measurements after 155000 ops (1000 samples) ---
Throughput = 6622.5166 operations/sec (Maximum observed: 6993.007 ops/sec)
Total latency = 2.4066531406178E7 (+/- 0) us 
Consensus latency = 19991.106378 (+/- 186) us 
Pre-consensus latency = 0.0 (+/- 0) us 
Pos-consensus latency = 2.4058538451108E7 (+/- 0) us 
Propose latency = 17772.851122 (+/- 104) us 
Write latency = 148.896266 (+/- 3) us 
Accept latency = 2069.35899 (+/- 286) us 
Batch average size = NaN (+/- 0) requests
ConsensusMessage ByteCount = 164684
TOMMessage ByteCount = 78612725
StandardSMMessage ByteCount = 9726
LCMessage ByteCount = 597
--- Measurements after 156000 ops (1000 samples) ---
Throughput = 5050.505 operations/sec (Maximum observed: 6993.007 ops/sec)
Total latency = 2.4204067649621E7 (+/- 0) us 
Consensus latency = 24677.10373 (+/- 3631) us 
Pre-consensus latency = 0.0 (+/- 0) us 
Pos-consensus latency = 2.4195574636895E7 (+/- 0) us 
Propose latency = 22775.533015999998 (+/- 3714) us 
Write latency = 172.688918 (+/- 19) us 
Accept latency = 1728.8817960000001 (+/- 102) us 
Batch average size = NaN (+/- 0) requests
ConsensusMessage ByteCount = 164684
TOMMessage ByteCount = 78866311
StandardSMMessage ByteCount = 9726
LCMessage ByteCount = 597
--- Measurements after 157000 ops (1000 samples) ---
Throughput = 4807.6924 operations/sec (Maximum observed: 6993.007 ops/sec)
Total latency = 2.4393741707351003E7 (+/- 0) us 
Consensus latency = 23270.639822 (+/- 3284) us 
Pre-consensus latency = 0.0 (+/- 0) us 
Pos-consensus latency = 2.4384893767127E7 (+/- 0) us 
Propose latency = 21469.523592 (+/- 3254) us 
Write latency = 202.665252 (+/- 11) us 
Accept latency = 1598.4509779999998 (+/- 42) us 
Batch average size = NaN (+/- 0) requests
ConsensusMessage ByteCount = 164684
TOMMessage ByteCount = 79123590
StandardSMMessage ByteCount = 9726
LCMessage ByteCount = 597
--- Measurements after 158000 ops (1000 samples) ---
Throughput = 4830.918 operations/sec (Maximum observed: 6993.007 ops/sec)
Total latency = 2.4579207347239E7 (+/- 0) us 
Consensus latency = 20403.077859999998 (+/- 220) us 
Pre-consensus latency = 0.0 (+/- 0) us 
Pos-consensus latency = 2.4570833723719E7 (+/- 0) us 
Propose latency = 18561.859809999998 (+/- 274) us 
Write latency = 180.605 (+/- 26) us 
Accept latency = 1660.6130500000002 (+/- 79) us 
Batch average size = NaN (+/- 0) requests
ConsensusMessage ByteCount = 164684
TOMMessage ByteCount = 79459653
StandardSMMessage ByteCount = 9726
LCMessage ByteCount = 597
--- Measurements after 159000 ops (1000 samples) ---
Throughput = 4830.918 operations/sec (Maximum observed: 6993.007 ops/sec)
Total latency = 2.4762894240956E7 (+/- 0) us 
Consensus latency = 20270.764194 (+/- 45) us 
Pre-consensus latency = 0.0 (+/- 0) us 
Pos-consensus latency = 2.4754718169889998E7 (+/- 0) us 
Propose latency = 18427.883498 (+/- 82) us 
Write latency = 150.76857 (+/- 6) us 
Accept latency = 1692.112126 (+/- 30) us 
Batch average size = NaN (+/- 0) requests
ConsensusMessage ByteCount = 164684
TOMMessage ByteCount = 79827722
StandardSMMessage ByteCount = 9726
LCMessage ByteCount = 597
--- Measurements after 160000 ops (1000 samples) ---
Throughput = 4273.5044 operations/sec (Maximum observed: 6993.007 ops/sec)
Total latency = 2.4963534078649E7 (+/- 0) us 
Consensus latency = 20638.485316 (+/- 301) us 
Pre-consensus latency = 0.0 (+/- 0) us 
Pos-consensus latency = 2.4955025849229E7 (+/- 0) us 
Propose latency = 18765.912368 (+/- 244) us 
Write latency = 162.276092 (+/- 16) us 
Accept latency = 1710.296856 (+/- 41) us 
Batch average size = NaN (+/- 0) requests
ConsensusMessage ByteCount = 164684
TOMMessage ByteCount = 80294271
StandardSMMessage ByteCount = 9726
LCMessage ByteCount = 597
--- Measurements after 161000 ops (1000 samples) ---
Throughput = 4830.918 operations/sec (Maximum observed: 6993.007 ops/sec)
Total latency = 2.5156385398965E7 (+/- 0) us 
Consensus latency = 20682.718335999998 (+/- 225) us 
Pre-consensus latency = 0.0 (+/- 0) us 
Pos-consensus latency = 2.5148004561275E7 (+/- 0) us 
Propose latency = 18807.429133999998 (+/- 176) us 
Write latency = 176.469038 (+/- 0) us 
Accept latency = 1698.8201640000002 (+/- 47) us 
Batch average size = NaN (+/- 0) requests
ConsensusMessage ByteCount = 164684
TOMMessage ByteCount = 80638951
StandardSMMessage ByteCount = 9726
LCMessage ByteCount = 597
--- Measurements after 162000 ops (1000 samples) ---
Throughput = 4807.6924 operations/sec (Maximum observed: 6993.007 ops/sec)
Total latency = 2.534020401653E7 (+/- 0) us 
Consensus latency = 20764.984042 (+/- 303) us 
Pre-consensus latency = 0.0 (+/- 0) us 
Pos-consensus latency = 2.5331782728588E7 (+/- 0) us 
Propose latency = 18906.691736 (+/- 272) us 
Write latency = 165.009232 (+/- 10) us 
Accept latency = 1693.283074 (+/- 41) us 
Batch average size = NaN (+/- 0) requests
ConsensusMessage ByteCount = 164684
TOMMessage ByteCount = 80924543
StandardSMMessage ByteCount = 9726
LCMessage ByteCount = 597
--- Measurements after 163000 ops (1000 samples) ---
Throughput = 4310.3447 operations/sec (Maximum observed: 6993.007 ops/sec)
Total latency = 2.5526099546024E7 (+/- 0) us 
Consensus latency = 20795.89704 (+/- 292) us 
Pre-consensus latency = 0.0 (+/- 0) us 
Pos-consensus latency = 2.5517584052264E7 (+/- 0) us 
Propose latency = 18934.016760000002 (+/- 264) us 
Write latency = 149.50661 (+/- 4) us 
Accept latency = 1712.37367 (+/- 23) us 
Batch average size = NaN (+/- 0) requests
ConsensusMessage ByteCount = 164684
TOMMessage ByteCount = 81293843
StandardSMMessage ByteCount = 9726
LCMessage ByteCount = 597
--- Measurements after 164000 ops (1000 samples) ---
Throughput = 4784.689 operations/sec (Maximum observed: 6993.007 ops/sec)
Total latency = 2.5730604049677E7 (+/- 0) us 
Consensus latency = 21201.551423999997 (+/- 798) us 
Pre-consensus latency = 0.0 (+/- 0) us 
Pos-consensus latency = 2.5722206409688998E7 (+/- 0) us 
Propose latency = 19374.842068 (+/- 804) us 
Write latency = 159.034342 (+/- 16) us 
Accept latency = 1667.675014 (+/- 21) us 
Batch average size = NaN (+/- 0) requests
ConsensusMessage ByteCount = 164684
TOMMessage ByteCount = 81558508
StandardSMMessage ByteCount = 9726
LCMessage ByteCount = 597
--- Measurements after 165000 ops (1000 samples) ---
Throughput = 4830.918 operations/sec (Maximum observed: 6993.007 ops/sec)
Total latency = 2.5910713436964E7 (+/- 0) us 
Consensus latency = 22180.779768 (+/- 104) us 
Pre-consensus latency = 0.0 (+/- 0) us 
Pos-consensus latency = 2.5901998373146E7 (+/- 0) us 
Propose latency = 20342.984412 (+/- 84) us 
Write latency = 166.389786 (+/- 12) us 
Accept latency = 1671.4055700000001 (+/- 32) us 
Batch average size = NaN (+/- 0) requests
ConsensusMessage ByteCount = 164684
TOMMessage ByteCount = 81985665
StandardSMMessage ByteCount = 9726
LCMessage ByteCount = 597
--- Measurements after 166000 ops (1000 samples) ---
Throughput = 4830.918 operations/sec (Maximum observed: 6993.007 ops/sec)
Total latency = 2.609452366203E7 (+/- 0) us 
Consensus latency = 22045.806581999997 (+/- 316) us 
Pre-consensus latency = 0.0 (+/- 0) us 
Pos-consensus latency = 2.6085752691362E7 (+/- 0) us 
Propose latency = 20150.523348000002 (+/- 358) us 
Write latency = 156.02230600000001 (+/- 5) us 
Accept latency = 1739.2609280000001 (+/- 36) us 
Batch average size = NaN (+/- 0) requests
ConsensusMessage ByteCount = 164684
TOMMessage ByteCount = 82450983
StandardSMMessage ByteCount = 9726
LCMessage ByteCount = 597
--- Measurements after 167000 ops (1000 samples) ---
Throughput = 4310.3447 operations/sec (Maximum observed: 6993.007 ops/sec)
Total latency = 2.6287393807522E7 (+/- 0) us 
Consensus latency = 21622.633994 (+/- 43) us 
Pre-consensus latency = 0.0 (+/- 0) us 
Pos-consensus latency = 2.6278815131568E7 (+/- 0) us 
Propose latency = 19723.176684000002 (+/- 17) us 
Write latency = 158.444198 (+/- 5) us 
Accept latency = 1741.0131119999999 (+/- 55) us 
Batch average size = NaN (+/- 0) requests
ConsensusMessage ByteCount = 164684
TOMMessage ByteCount = 83114492
StandardSMMessage ByteCount = 9726
LCMessage ByteCount = 597
--- Measurements after 168000 ops (1000 samples) ---
Throughput = 4761.905 operations/sec (Maximum observed: 6993.007 ops/sec)
Total latency = 2.6489087044719003E7 (+/- 0) us 
Consensus latency = 21384.5193 (+/- 247) us 
Pre-consensus latency = 0.0 (+/- 0) us 
Pos-consensus latency = 2.6480479890969E7 (+/- 0) us 
Propose latency = 19542.826350000003 (+/- 276) us 
Write latency = 159.69975 (+/- 10) us 
Accept latency = 1681.9932 (+/- 18) us 
Batch average size = NaN (+/- 0) requests
ConsensusMessage ByteCount = 164684
TOMMessage ByteCount = 83797697
StandardSMMessage ByteCount = 9726
LCMessage ByteCount = 597
--- Measurements after 169000 ops (1000 samples) ---
Throughput = 4739.3364 operations/sec (Maximum observed: 6993.007 ops/sec)
Total latency = 2.6674337680042E7 (+/- 0) us 
Consensus latency = 23138.96416 (+/- 3008) us 
Pre-consensus latency = 0.0 (+/- 0) us 
Pos-consensus latency = 2.6665841001932E7 (+/- 0) us 
Propose latency = 21252.954388000002 (+/- 3001) us 
Write latency = 181.766114 (+/- 10) us 
Accept latency = 1704.243658 (+/- 3) us 
Batch average size = NaN (+/- 0) requests
ConsensusMessage ByteCount = 164684
TOMMessage ByteCount = 84277787
StandardSMMessage ByteCount = 9726
LCMessage ByteCount = 597
--- Measurements after 170000 ops (1000 samples) ---
Throughput = 4761.905 operations/sec (Maximum observed: 6993.007 ops/sec)
Total latency = 2.6856505569526E7 (+/- 0) us 
Consensus latency = 28215.304456 (+/- 1145) us 
Pre-consensus latency = 0.0 (+/- 0) us 
Pos-consensus latency = 2.6845483987834E7 (+/- 0) us 
Propose latency = 23546.003397999997 (+/- 3073) us 
Write latency = 180.818196 (+/- 23) us 
Accept latency = 4488.482862 (+/- 4242) us 
Batch average size = NaN (+/- 0) requests
ConsensusMessage ByteCount = 164684
TOMMessage ByteCount = 84279018
StandardSMMessage ByteCount = 9726
LCMessage ByteCount = 597
--- Measurements after 171000 ops (1000 samples) ---
Throughput = 4385.965 operations/sec (Maximum observed: 6993.007 ops/sec)
Total latency = 2.7055712632259E7 (+/- 0) us 
Consensus latency = 27187.261004 (+/- 4464) us 
Pre-consensus latency = 0.0 (+/- 0) us 
Pos-consensus latency = 2.7040739978659E7 (+/- 0) us 
Propose latency = 18671.192008 (+/- 330) us 
Write latency = 144.586108 (+/- 0) us 
Accept latency = 8371.482888 (+/- 4134) us 
Batch average size = NaN (+/- 0) requests
ConsensusMessage ByteCount = 164684
TOMMessage ByteCount = 84281480
StandardSMMessage ByteCount = 9726
LCMessage ByteCount = 597
--- Measurements after 172000 ops (1000 samples) ---
Throughput = 4761.905 operations/sec (Maximum observed: 6993.007 ops/sec)
Total latency = 2.7241463697933998E7 (+/- 0) us 
Consensus latency = 19841.514736 (+/- 265) us 
Pre-consensus latency = 0.0 (+/- 0) us 
Pos-consensus latency = 2.7232790895446E7 (+/- 0) us 
Propose latency = 17986.212322 (+/- 262) us 
Write latency = 145.324096 (+/- 0) us 
Accept latency = 1709.978318 (+/- 3) us 
Batch average size = NaN (+/- 0) requests
ConsensusMessage ByteCount = 164684
TOMMessage ByteCount = 84900673
StandardSMMessage ByteCount = 9726
LCMessage ByteCount = 597
--- Measurements after 173000 ops (1000 samples) ---
Throughput = 4784.689 operations/sec (Maximum observed: 6993.007 ops/sec)
Total latency = 2.7427728960188E7 (+/- 0) us 
Consensus latency = 19533.50852 (+/- 267) us 
Pre-consensus latency = 0.0 (+/- 0) us 
Pos-consensus latency = 2.7419499072308E7 (+/- 0) us 
Propose latency = 17681.93214 (+/- 266) us 
Write latency = 149.46066 (+/- 5) us 
Accept latency = 1702.11572 (+/- 4) us 
Batch average size = NaN (+/- 0) requests
ConsensusMessage ByteCount = 164684
TOMMessage ByteCount = 85587571
StandardSMMessage ByteCount = 9726
LCMessage ByteCount = 597
--- Measurements after 174000 ops (1000 samples) ---
Throughput = 4347.826 operations/sec (Maximum observed: 6993.007 ops/sec)
Total latency = 2.7618223145964E7 (+/- 0) us 
Consensus latency = 20184.054322 (+/- 316) us 
Pre-consensus latency = 0.0 (+/- 0) us 
Pos-consensus latency = 2.7609544325626E7 (+/- 0) us 
Propose latency = 18329.739125999997 (+/- 313) us 
Write latency = 156.49643 (+/- 5) us 
Accept latency = 1697.818766 (+/- 9) us 
Batch average size = NaN (+/- 0) requests
ConsensusMessage ByteCount = 164684
TOMMessage ByteCount = 86352022
StandardSMMessage ByteCount = 9726
LCMessage ByteCount = 597
--- Measurements after 175000 ops (1000 samples) ---
Throughput = 4784.689 operations/sec (Maximum observed: 6993.007 ops/sec)
Total latency = 2.781848105304E7 (+/- 0) us 
Consensus latency = 20699.838868 (+/- 223) us 
Pre-consensus latency = 0.0 (+/- 0) us 
Pos-consensus latency = 2.780990351857E7 (+/- 0) us 
Propose latency = 18843.748811999998 (+/- 214) us 
Write latency = 148.31376600000002 (+/- 7) us 
Accept latency = 1707.77629 (+/- 16) us 
Batch average size = NaN (+/- 0) requests
ConsensusMessage ByteCount = 164684
TOMMessage ByteCount = 86923206
StandardSMMessage ByteCount = 9726
LCMessage ByteCount = 597
--- Measurements after 176000 ops (1000 samples) ---
Throughput = 4761.905 operations/sec (Maximum observed: 6993.007 ops/sec)
Total latency = 2.8004026396467E7 (+/- 0) us 
Consensus latency = 20339.36878 (+/- 262) us 
Pre-consensus latency = 0.0 (+/- 0) us 
Pos-consensus latency = 2.7995921827647E7 (+/- 0) us 
Propose latency = 18506.086274 (+/- 270) us 
Write latency = 159.547128 (+/- 9) us 
Accept latency = 1673.735378 (+/- 1) us 
Batch average size = NaN (+/- 0) requests
ConsensusMessage ByteCount = 164684
TOMMessage ByteCount = 87555940
StandardSMMessage ByteCount = 9726
LCMessage ByteCount = 597
--- Measurements after 177000 ops (1000 samples) ---
Throughput = 4761.905 operations/sec (Maximum observed: 6993.007 ops/sec)
Total latency = 2.8189523402256E7 (+/- 0) us 
Consensus latency = 21056.156030000002 (+/- 281) us 
Pre-consensus latency = 0.0 (+/- 0) us 
Pos-consensus latency = 2.8180730657784E7 (+/- 0) us 
Propose latency = 19239.671059999997 (+/- 277) us 
Write latency = 141.2071 (+/- 8) us 
Accept latency = 1675.2778700000001 (+/- 4) us 
Batch average size = NaN (+/- 0) requests
ConsensusMessage ByteCount = 164684
TOMMessage ByteCount = 88114814
StandardSMMessage ByteCount = 9726
LCMessage ByteCount = 597
--- Measurements after 178000 ops (1000 samples) ---
Throughput = 4878.049 operations/sec (Maximum observed: 6993.007 ops/sec)
Total latency = 2.8380402051236E7 (+/- 0) us 
Consensus latency = 21803.18414 (+/- 91) us 
Pre-consensus latency = 0.0 (+/- 0) us 
Pos-consensus latency = 2.8372223481216E7 (+/- 0) us 
Propose latency = 19976.668739999997 (+/- 89) us 
Write latency = 162.92298000000002 (+/- 0) us 
Accept latency = 1663.59242 (+/- 1) us 
Batch average size = NaN (+/- 0) requests
ConsensusMessage ByteCount = 164684
TOMMessage ByteCount = 88541971
StandardSMMessage ByteCount = 9726
LCMessage ByteCount = 597
--- Measurements after 179000 ops (1000 samples) ---
Throughput = 6578.9473 operations/sec (Maximum observed: 6993.007 ops/sec)
Total latency = 2.8516465219037E7 (+/- 0) us 
Consensus latency = 22071.349899999997 (+/- 27) us 
Pre-consensus latency = 0.0 (+/- 0) us 
Pos-consensus latency = 2.8507805419397E7 (+/- 0) us 
Propose latency = 20241.123922 (+/- 29) us 
Write latency = 163.60091599999998 (+/- 3) us 
Accept latency = 1666.6250619999998 (+/- 6) us 
Batch average size = NaN (+/- 0) requests
ConsensusMessage ByteCount = 164684
TOMMessage ByteCount = 88770937
StandardSMMessage ByteCount = 9726
LCMessage ByteCount = 597
--- Measurements after 180000 ops (1000 samples) ---
Throughput = 6622.5166 operations/sec (Maximum observed: 6993.007 ops/sec)
Total latency = 2.8641871107626E7 (+/- 0) us 
Consensus latency = 22182.482482 (+/- 85) us 
Pre-consensus latency = 0.0 (+/- 0) us 
Pos-consensus latency = 2.8633057800228E7 (+/- 0) us 
Propose latency = 20357.955322 (+/- 78) us 
Write latency = 176.26729 (+/- 0) us 
Accept latency = 1648.25987 (+/- 6) us 
Batch average size = NaN (+/- 0) requests
ConsensusMessage ByteCount = 164684
TOMMessage ByteCount = 89081149
StandardSMMessage ByteCount = 9726
LCMessage ByteCount = 597
--- Measurements after 181000 ops (1000 samples) ---
Throughput = 5714.2856 operations/sec (Maximum observed: 6993.007 ops/sec)
Total latency = 2.8776993133333E7 (+/- 0) us 
Consensus latency = 22961.663035999998 (+/- 2255) us 
Pre-consensus latency = 0.0 (+/- 0) us 
Pos-consensus latency = 2.8767887014799E7 (+/- 0) us 
Propose latency = 20887.035094 (+/- 1118) us 
Write latency = 175.81158 (+/- 1) us 
Accept latency = 1898.816362 (+/- 1136) us 
Batch average size = NaN (+/- 0) requests
ConsensusMessage ByteCount = 164684
TOMMessage ByteCount = 89450449
StandardSMMessage ByteCount = 9726
LCMessage ByteCount = 597
--- Measurements after 182000 ops (1000 samples) ---
Throughput = 6666.6665 operations/sec (Maximum observed: 6993.007 ops/sec)
Total latency = 2.8909601537576E7 (+/- 0) us 
Consensus latency = 34171.701314000005 (+/- 1135) us 
Pre-consensus latency = 0.0 (+/- 0) us 
Pos-consensus latency = 2.8894988681958E7 (+/- 0) us 
Propose latency = 26457.080166 (+/- 449) us 
Write latency = 181.105614 (+/- 0) us 
Accept latency = 7533.515534 (+/- 686) us 
Batch average size = NaN (+/- 0) requests
ConsensusMessage ByteCount = 164684
TOMMessage ByteCount = 89668336
StandardSMMessage ByteCount = 9726
LCMessage ByteCount = 597
--- Measurements after 183000 ops (1000 samples) ---
Throughput = 6578.9473 operations/sec (Maximum observed: 6993.007 ops/sec)
Total latency = 2.9026284584747E7 (+/- 0) us 
Consensus latency = 24647.386 (+/- 0) us 
Pre-consensus latency = 0.0 (+/- 0) us 
Pos-consensus latency = 2.9017419431747E7 (+/- 0) us 
Propose latency = 22686.98 (+/- 0) us 
Write latency = 187.417 (+/- 0) us 
Accept latency = 1772.989 (+/- 0) us 
Batch average size = NaN (+/- 0) requests
ConsensusMessage ByteCount = 164684
TOMMessage ByteCount = 89888685
StandardSMMessage ByteCount = 9726
LCMessage ByteCount = 597
--- Measurements after 184000 ops (1000 samples) ---
Throughput = 6578.9473 operations/sec (Maximum observed: 6993.007 ops/sec)
Total latency = 2.9149645709389E7 (+/- 0) us 
Consensus latency = 23268.96544 (+/- 138) us 
Pre-consensus latency = 0.0 (+/- 0) us 
Pos-consensus latency = 2.9141103910189E7 (+/- 0) us 
Propose latency = 21281.29484 (+/- 141) us 
Write latency = 269.83549 (+/- 8) us 
Accept latency = 1717.8351100000002 (+/- 5) us 
Batch average size = NaN (+/- 0) requests
ConsensusMessage ByteCount = 164684
TOMMessage ByteCount = 90009323
StandardSMMessage ByteCount = 9726
LCMessage ByteCount = 597
--- Measurements after 185000 ops (1000 samples) ---
Throughput = 5780.3467 operations/sec (Maximum observed: 6993.007 ops/sec)
Total latency = 2.9293912631130002E7 (+/- 0) us 
Consensus latency = 23536.203062 (+/- 52) us 
Pre-consensus latency = 0.0 (+/- 0) us 
Pos-consensus latency = 2.9285094056661997E7 (+/- 0) us 
Propose latency = 20965.136958 (+/- 56) us 
Write latency = 882.478304 (+/- 114) us 
Accept latency = 1688.5878 (+/- 5) us 
Batch average size = NaN (+/- 0) requests
ConsensusMessage ByteCount = 164684
TOMMessage ByteCount = 90185356
StandardSMMessage ByteCount = 9726
LCMessage ByteCount = 597
--- Measurements after 186000 ops (1000 samples) ---
Throughput = 6622.5166 operations/sec (Maximum observed: 6993.007 ops/sec)
Total latency = 2.9418982278481998E7 (+/- 0) us 
Consensus latency = 23697.091238 (+/- 37) us 
Pre-consensus latency = 0.0 (+/- 0) us 
Pos-consensus latency = 2.9410777415686E7 (+/- 0) us 
Propose latency = 21562.928902 (+/- 151) us 
Write latency = 250.58239600000002 (+/- 162) us 
Accept latency = 1883.5799399999999 (+/- 48) us 
Batch average size = NaN (+/- 0) requests
ConsensusMessage ByteCount = 164684
TOMMessage ByteCount = 90399550
StandardSMMessage ByteCount = 9726
LCMessage ByteCount = 597
--- Measurements after 187000 ops (1000 samples) ---
Throughput = 6578.9473 operations/sec (Maximum observed: 6993.007 ops/sec)
Total latency = 2.9543316837139998E7 (+/- 0) us 
Consensus latency = 23821.007644 (+/- 34) us 
Pre-consensus latency = 0.0 (+/- 0) us 
Pos-consensus latency = 2.9534490619900003E7 (+/- 0) us 
Propose latency = 21651.496896 (+/- 15) us 
Write latency = 286.391612 (+/- 22) us 
Accept latency = 1883.119136 (+/- 3) us 
Batch average size = NaN (+/- 0) requests
ConsensusMessage ByteCount = 164684
TOMMessage ByteCount = 90626054
StandardSMMessage ByteCount = 9726
LCMessage ByteCount = 597
--- Measurements after 188000 ops (1000 samples) ---
Throughput = 4950.495 operations/sec (Maximum observed: 6993.007 ops/sec)
Total latency = 2.9686595611661E7 (+/- 0) us 
Consensus latency = 24456.965539999997 (+/- 215) us 
Pre-consensus latency = 0.0 (+/- 0) us 
Pos-consensus latency = 2.9676270736453E7 (+/- 0) us 
Propose latency = 20941.721134 (+/- 246) us 
Write latency = 1803.331482 (+/- 520) us 
Accept latency = 1711.9129240000002 (+/- 58) us 
Batch average size = NaN (+/- 0) requests
ConsensusMessage ByteCount = 164684
TOMMessage ByteCount = 90974427
StandardSMMessage ByteCount = 9726
LCMessage ByteCount = 597
--- Measurements after 189000 ops (1000 samples) ---
Throughput = 4807.6924 operations/sec (Maximum observed: 6993.007 ops/sec)
Total latency = 2.9864676235823E7 (+/- 0) us 
Consensus latency = 24484.57707 (+/- 18) us 
Pre-consensus latency = 0.0 (+/- 0) us 
Pos-consensus latency = 2.9855995717553E7 (+/- 0) us 
Propose latency = 22412.65782 (+/- 601) us 
Write latency = 399.30368 (+/- 612) us 
Accept latency = 1672.6155700000002 (+/- 7) us 
Batch average size = NaN (+/- 0) requests
ConsensusMessage ByteCount = 164684
TOMMessage ByteCount = 91269867
StandardSMMessage ByteCount = 9726
LCMessage ByteCount = 597
--- Measurements after 190000 ops (1000 samples) ---
Throughput = 4784.689 operations/sec (Maximum observed: 6993.007 ops/sec)
Total latency = 3.0045225842871E7 (+/- 0) us 
Consensus latency = 23236.561225999998 (+/- 529) us 
Pre-consensus latency = 0.0 (+/- 0) us 
Pos-consensus latency = 3.0037046771311E7 (+/- 0) us 
Propose latency = 21444.650228 (+/- 512) us 
Write latency = 150.73357000000001 (+/- 5) us 
Accept latency = 1641.177428 (+/- 12) us 
Batch average size = NaN (+/- 0) requests
ConsensusMessage ByteCount = 164684
TOMMessage ByteCount = 91599775
StandardSMMessage ByteCount = 9726
LCMessage ByteCount = 597
--- Measurements after 191000 ops (1000 samples) ---
Throughput = 4761.905 operations/sec (Maximum observed: 6993.007 ops/sec)
Total latency = 3.022912146785E7 (+/- 0) us 
Consensus latency = 23542.148268 (+/- 247) us 
Pre-consensus latency = 0.0 (+/- 0) us 
Pos-consensus latency = 3.0220550912104E7 (+/- 0) us 
Propose latency = 21684.002372000003 (+/- 213) us 
Write latency = 178.43885200000003 (+/- 13) us 
Accept latency = 1679.707044 (+/- 20) us 
Batch average size = NaN (+/- 0) requests
ConsensusMessage ByteCount = 164684
TOMMessage ByteCount = 91928452
StandardSMMessage ByteCount = 9726
LCMessage ByteCount = 597
--- Measurements after 192000 ops (1000 samples) ---
Throughput = 6711.409 operations/sec (Maximum observed: 6993.007 ops/sec)
Total latency = 3.0378871402186003E7 (+/- 0) us 
Consensus latency = 28483.794178 (+/- 2429) us 
Pre-consensus latency = 0.0 (+/- 0) us 
Pos-consensus latency = 3.0365309616922002E7 (+/- 0) us 
Propose latency = 22079.900471999998 (+/- 149) us 
Write latency = 183.021538 (+/- 0) us 
Accept latency = 6220.872168 (+/- 2281) us 
Batch average size = NaN (+/- 0) requests
ConsensusMessage ByteCount = 164684
TOMMessage ByteCount = 92159880
StandardSMMessage ByteCount = 9726
LCMessage ByteCount = 597
--- Measurements after 193000 ops (1000 samples) ---
Throughput = 6711.409 operations/sec (Maximum observed: 6993.007 ops/sec)
Total latency = 3.0490966565403E7 (+/- 0) us 
Consensus latency = 30210.250536 (+/- 272) us 
Pre-consensus latency = 0.0 (+/- 0) us 
Pos-consensus latency = 3.0481001329235002E7 (+/- 0) us 
Propose latency = 27049.39826 (+/- 2646) us 
Write latency = 184.865 (+/- 1) us 
Accept latency = 2975.9872760000003 (+/- 2374) us 
Batch average size = NaN (+/- 0) requests
ConsensusMessage ByteCount = 164684
TOMMessage ByteCount = 92407311
StandardSMMessage ByteCount = 9726
LCMessage ByteCount = 597
--- Measurements after 194000 ops (1000 samples) ---
Throughput = 5649.7173 operations/sec (Maximum observed: 6993.007 ops/sec)
Total latency = 3.061298968258E7 (+/- 0) us 
Consensus latency = 25511.15825 (+/- 2799) us 
Pre-consensus latency = 0.0 (+/- 0) us 
Pos-consensus latency = 3.060483796858E7 (+/- 0) us 
Propose latency = 23669.522 (+/- 2777) us 
Write latency = 169.397 (+/- 9) us 
Accept latency = 1672.23925 (+/- 12) us 
Batch average size = NaN (+/- 0) requests
ConsensusMessage ByteCount = 164684
TOMMessage ByteCount = 92758146
StandardSMMessage ByteCount = 9726
LCMessage ByteCount = 597
--- Measurements after 195000 ops (1000 samples) ---
Throughput = 6711.409 operations/sec (Maximum observed: 6993.007 ops/sec)
Total latency = 3.0761296537231E7 (+/- 0) us 
Consensus latency = 24066.304506 (+/- 104) us 
Pre-consensus latency = 0.0 (+/- 0) us 
Pos-consensus latency = 3.0752177617999002E7 (+/- 0) us 
Propose latency = 21462.336732 (+/- 371) us 
Write latency = 966.6021920000001 (+/- 493) us 
Accept latency = 1637.365582 (+/- 17) us 
Batch average size = NaN (+/- 0) requests
ConsensusMessage ByteCount = 164684
TOMMessage ByteCount = 92955106
StandardSMMessage ByteCount = 9726
LCMessage ByteCount = 597
--- Measurements after 196000 ops (1000 samples) ---
Throughput = 6666.6665 operations/sec (Maximum observed: 6993.007 ops/sec)
Total latency = 3.0883350014095E7 (+/- 0) us 
Consensus latency = 24250.100564 (+/- 77) us 
Pre-consensus latency = 0.0 (+/- 0) us 
Pos-consensus latency = 3.0874369313224997E7 (+/- 0) us 
Propose latency = 22137.938844 (+/- 589) us 
Write latency = 494.220306 (+/- 505) us 
Accept latency = 1617.9414140000001 (+/- 5) us 
Batch average size = NaN (+/- 0) requests
ConsensusMessage ByteCount = 164684
TOMMessage ByteCount = 93139756
StandardSMMessage ByteCount = 9726
LCMessage ByteCount = 597
--- Measurements after 197000 ops (1000 samples) ---
Throughput = 6578.9473 operations/sec (Maximum observed: 6993.007 ops/sec)
Total latency = 3.1007156457335997E7 (+/- 0) us 
Consensus latency = 23546.714078 (+/- 519) us 
Pre-consensus latency = 0.0 (+/- 0) us 
Pos-consensus latency = 3.0998524273076E7 (+/- 0) us 
Propose latency = 21647.928 (+/- 602) us 
Write latency = 163.70654000000002 (+/- 0) us 
Accept latency = 1735.079538 (+/- 83) us 
Batch average size = NaN (+/- 0) requests
ConsensusMessage ByteCount = 164684
TOMMessage ByteCount = 93256701
StandardSMMessage ByteCount = 9726
LCMessage ByteCount = 597
--- Measurements after 198000 ops (1000 samples) ---
Throughput = 6024.096 operations/sec (Maximum observed: 6993.007 ops/sec)
Total latency = 3.1141953668352E7 (+/- 0) us 
Consensus latency = 22735.296638 (+/- 329) us 
Pre-consensus latency = 0.0 (+/- 0) us 
Pos-consensus latency = 3.1133853943894003E7 (+/- 0) us 
Propose latency = 20894.782199999998 (+/- 246) us 
Write latency = 163.111286 (+/- 0) us 
Accept latency = 1677.403152 (+/- 83) us 
Batch average size = NaN (+/- 0) requests
ConsensusMessage ByteCount = 164684
TOMMessage ByteCount = 93373646
StandardSMMessage ByteCount = 9726
LCMessage ByteCount = 597
--- Measurements after 199000 ops (1000 samples) ---
Throughput = 6578.9473 operations/sec (Maximum observed: 6993.007 ops/sec)
Total latency = 3.1270153109832E7 (+/- 0) us 
Consensus latency = 22664.57752 (+/- 129) us 
Pre-consensus latency = 0.0 (+/- 0) us 
Pos-consensus latency = 3.1262078567972E7 (+/- 0) us 
Propose latency = 20829.31416 (+/- 87) us 
Write latency = 177.41913 (+/- 10) us 
Accept latency = 1657.84423 (+/- 31) us 
Batch average size = NaN (+/- 0) requests
ConsensusMessage ByteCount = 164684
TOMMessage ByteCount = 93388418
StandardSMMessage ByteCount = 9726
LCMessage ByteCount = 597
--- Measurements after 200000 ops (1000 samples) ---
Throughput = 6666.6665 operations/sec (Maximum observed: 6993.007 ops/sec)
Total latency = 3.1398405126924E7 (+/- 0) us 
Consensus latency = 17729.019022 (+/- 4061) us 
Pre-consensus latency = 0.0 (+/- 0) us 
Pos-consensus latency = 3.139189295943E7 (+/- 0) us 
Propose latency = 15225.219828 (+/- 4574) us 
Write latency = 779.39215 (+/- 478) us 
Accept latency = 1724.407044 (+/- 34) us 
Batch average size = NaN (+/- 0) requests
ConsensusMessage ByteCount = 164684
TOMMessage ByteCount = 93395804
StandardSMMessage ByteCount = 9726
LCMessage ByteCount = 597
