-- Using view stored on disk
-- ID = 0
-- N = 4
-- F = 1
-- Port (client <-> server) = 11000
-- Port (server <-> server) = 11001
-- requestTimeout = 2000
-- maxBatch = 1024
-- Binded replica to IP address 134.60.242.11
-- Optimizations:  Read-only Requests: disabled
-- SSL/TLS enabled, protocol version: TLSv1.2
-- In current view: ID:0; F:1; Processes:0(/134.60.242.11:11000),1(/134.60.242.12:11010),2(/134.60.242.13:11020),3(/134.60.242.14:11030),
-- Retrieving State
-- Replica state is up to date
-- 
		###################################
		    Ready to process operations    
		###################################
-- Session Created, active clients=0
-- Session Created, active clients=0
-- Session Created, active clients=0
-- Session Created, active clients=0
-- Session Created, active clients=0
-- Session Created, active clients=0
-- Session Created, active clients=0
-- Session Created, active clients=0
-- Session Created, active clients=0
-- Session Created, active clients=0
-- Session Created, active clients=0
-- Session Created, active clients=0
-- Session Created, active clients=0
-- Session Created, active clients=0
-- Session Created, active clients=0
-- Session Created, active clients=0
-- Session Created, active clients=0
-- Session Created, active clients=0
-- Session Created, active clients=0
-- Session Created, active clients=0
-- Session Created, active clients=0
-- Session Created, active clients=0
-- Session Created, active clients=0
-- Session Created, active clients=0
-- Session Created, active clients=0
-- Session Created, active clients=0
-- Session Created, active clients=0
-- Session Created, active clients=0
-- Session Created, active clients=0
-- Session Created, active clients=0
-- Session Created, active clients=0
-- Session Created, active clients=0
-- Session Created, active clients=0
-- Session Created, active clients=0
-- Session Created, active clients=0
-- Session Created, active clients=0
-- Session Created, active clients=0
-- Session Created, active clients=0
-- Session Created, active clients=0
-- Session Created, active clients=0
-- Session Created, active clients=0
-- Session Created, active clients=0
-- Session Created, active clients=0
-- Session Created, active clients=0
-- Session Created, active clients=0
-- Session Created, active clients=0
-- Session Created, active clients=0
-- Session Created, active clients=0
-- Session Created, active clients=0
-- Session Created, active clients=0
-- Session Created, active clients=0
-- Session Created, active clients=0
-- Session Created, active clients=0
-- Session Created, active clients=0
-- Session Created, active clients=0
-- Session Created, active clients=0
-- Session Created, active clients=0
-- Session Created, active clients=0
-- Session Created, active clients=0
-- Session Created, active clients=0
-- Session Created, active clients=0
-- Session Created, active clients=0
-- Session Created, active clients=0
-- Session Created, active clients=0
-- Session Created, active clients=0
-- Session Created, active clients=0
-- Session Created, active clients=0
-- Session Created, active clients=0
-- Session Created, active clients=0
-- Session Created, active clients=0
-- Session Created, active clients=0
-- Session Created, active clients=0
-- Session Created, active clients=0
-- Session Created, active clients=0
-- Session Created, active clients=0
-- Session Created, active clients=0
-- Session Created, active clients=0
-- Session Created, active clients=0
-- Session Created, active clients=0
-- Session Created, active clients=0
-- Session Created, active clients=0
-- Session Created, active clients=0
-- Session Created, active clients=0
-- Session Created, active clients=0
-- Session Created, active clients=0
-- Session Created, active clients=0
-- Session Created, active clients=0
-- Session Created, active clients=0
-- Session Created, active clients=0
-- Session Created, active clients=0
-- Session Created, active clients=0
-- Session Created, active clients=0
-- Session Created, active clients=0
-- Session Created, active clients=0
-- Session Created, active clients=0
-- Session Created, active clients=0
-- Session Created, active clients=0
-- Session Created, active clients=0
-- Session Created, active clients=0
-- Session Created, active clients=0
-- Session Created, active clients=0
-- Session Created, active clients=0
-- Session Created, active clients=0
-- Session Created, active clients=0
-- Session Created, active clients=0
-- Session Created, active clients=0
-- Session Created, active clients=0
-- Session Created, active clients=0
-- Session Created, active clients=0
-- Session Created, active clients=0
-- Session Created, active clients=0
-- Session Created, active clients=0
-- Session Created, active clients=0
-- Session Created, active clients=0
-- Session Created, active clients=0
-- Session Created, active clients=0
-- Session Created, active clients=0
-- Session Created, active clients=0
-- Session Created, active clients=0
-- Session Created, active clients=0
-- Session Created, active clients=0
-- Session Created, active clients=0
-- Session Created, active clients=0
-- Session Created, active clients=0
-- Session Created, active clients=0
-- Session Created, active clients=0
-- Session Created, active clients=0
-- Session Created, active clients=0
-- Session Created, active clients=0
-- Session Created, active clients=0
-- Session Created, active clients=0
-- Session Created, active clients=0
-- Session Created, active clients=0
-- Session Created, active clients=0
-- Session Created, active clients=0
-- Session Created, active clients=0
-- Session Created, active clients=0
-- Session Created, active clients=0
-- Session Created, active clients=0
-- Session Created, active clients=0
-- Session Created, active clients=0
-- Session Created, active clients=0
-- Session Created, active clients=0
-- Session Created, active clients=0
-- Session Created, active clients=0
-- Session Created, active clients=0
-- Session Created, active clients=0
-- Session Created, active clients=0
-- Session Created, active clients=0
-- Session Created, active clients=0
-- Session Created, active clients=0
-- Session Created, active clients=0
-- Session Created, active clients=0
-- Session Created, active clients=0
-- Session Created, active clients=0
-- Session Created, active clients=0
-- Session Created, active clients=0
-- Session Created, active clients=0
-- Session Created, active clients=0
-- Session Created, active clients=0
-- Session Created, active clients=0
-- Session Created, active clients=0
-- Session Created, active clients=0
-- Session Created, active clients=0
-- Session Created, active clients=0
-- Session Created, active clients=0
-- Session Created, active clients=0
-- Session Created, active clients=0
-- Session Created, active clients=0
-- Session Created, active clients=0
-- Session Created, active clients=0
-- Session Created, active clients=0
-- Session Created, active clients=0
-- Session Created, active clients=0
-- Session Created, active clients=0
-- Session Created, active clients=0
-- Session Created, active clients=0
-- Session Created, active clients=0
-- Session Created, active clients=0
-- Session Created, active clients=0
-- Session Created, active clients=0
-- Session Created, active clients=0
-- Session Created, active clients=0
-- Session Created, active clients=0
-- Session Created, active clients=0
-- Session Created, active clients=0
-- Session Created, active clients=0
-- Session Created, active clients=0
-- Session Created, active clients=0
-- Session Created, active clients=0
-- Session Created, active clients=0
-- Session Created, active clients=0
-- Session Created, active clients=0
-- Session Created, active clients=0
-- Session Created, active clients=0
-- Session Created, active clients=0
-- Session Created, active clients=0
-- Session Created, active clients=0
-- Session Created, active clients=0
-- Session Created, active clients=0
--- Measurements after 1000 ops (1000 samples) ---
Throughput = 21.25534 operations/sec (Maximum observed: 21.25534 ops/sec)
Total latency = 78300.354043 (+/- 0) us 
Consensus latency = 0.0 (+/- 0) us 
Pre-consensus latency = 0.0 (+/- 0) us 
Pos-consensus latency = -2.1073575851573362E12 (+/- 0) us 
Propose latency = 0.0 (+/- 0) us 
Write latency = 0.0 (+/- 0) us 
Accept latency = 0.0 (+/- 0) us 
Batch average size = 100.0 (+/- 70) requests
TOMMessage ByteCount = 1251858
StandardSMMessage ByteCount = 13086
ConsensusMessage ByteCount = 294073
--- Measurements after 2000 ops (1000 samples) ---
Throughput = 83.31945 operations/sec (Maximum observed: 83.31945 ops/sec)
Total latency = 44249.140484999996 (+/- 24376) us 
Consensus latency = 0.0 (+/- 0) us 
Pre-consensus latency = 0.0 (+/- 0) us 
Pos-consensus latency = -2.107344658545939E12 (+/- 0) us 
Propose latency = 0.0 (+/- 0) us 
Write latency = 0.0 (+/- 0) us 
Accept latency = 0.0 (+/- 0) us 
Batch average size = 71.42857142857143 (+/- 59) requests
TOMMessage ByteCount = 2824241
StandardSMMessage ByteCount = 13086
ConsensusMessage ByteCount = 591257
--- Measurements after 3000 ops (1000 samples) ---
Throughput = 105.31859 operations/sec (Maximum observed: 105.31859 ops/sec)
Total latency = 38727.308592 (+/- 19121) us 
Consensus latency = 0.0 (+/- 0) us 
Pre-consensus latency = 0.0 (+/- 0) us 
Pos-consensus latency = -2.1073341624365361E12 (+/- 0) us 
Propose latency = 0.0 (+/- 0) us 
Write latency = 0.0 (+/- 0) us 
Accept latency = 0.0 (+/- 0) us 
Batch average size = 66.66666666666667 (+/- 54) requests
TOMMessage ByteCount = 4534203
StandardSMMessage ByteCount = 13086
ConsensusMessage ByteCount = 889219
--- Measurements after 4000 ops (1000 samples) ---
Throughput = 142.85715 operations/sec (Maximum observed: 142.85715 ops/sec)
Total latency = 36513.913863 (+/- 18797) us 
Consensus latency = 0.0 (+/- 0) us 
Pre-consensus latency = 0.0 (+/- 0) us 
Pos-consensus latency = -2.1073261648756543E12 (+/- 0) us 
Propose latency = 0.0 (+/- 0) us 
Write latency = 0.0 (+/- 0) us 
Accept latency = 0.0 (+/- 0) us 
Batch average size = 83.33333333333333 (+/- 55) requests
TOMMessage ByteCount = 5802690
StandardSMMessage ByteCount = 13086
ConsensusMessage ByteCount = 1184850
--- Measurements after 5000 ops (1000 samples) ---
Throughput = 222.07417 operations/sec (Maximum observed: 222.07417 ops/sec)
Total latency = 46116.679137 (+/- 21809) us 
Consensus latency = 0.0 (+/- 0) us 
Pre-consensus latency = 0.0 (+/- 0) us 
Pos-consensus latency = -2.107320653187957E12 (+/- 0) us 
Propose latency = 0.0 (+/- 0) us 
Write latency = 0.0 (+/- 0) us 
Accept latency = 0.0 (+/- 0) us 
Batch average size = 71.42857142857143 (+/- 83) requests
TOMMessage ByteCount = 7282849
StandardSMMessage ByteCount = 13086
ConsensusMessage ByteCount = 1482029
--- Measurements after 6000 ops (1000 samples) ---
Throughput = 501.50452 operations/sec (Maximum observed: 501.50452 ops/sec)
Total latency = 43929.537538000004 (+/- 20603) us 
Consensus latency = 0.0 (+/- 0) us 
Pre-consensus latency = 0.0 (+/- 0) us 
Pos-consensus latency = -2.1073176531546401E12 (+/- 0) us 
Propose latency = 0.0 (+/- 0) us 
Write latency = 0.0 (+/- 0) us 
Accept latency = 0.0 (+/- 0) us 
Batch average size = 76.92307692307692 (+/- 86) requests
TOMMessage ByteCount = 8797778
StandardSMMessage ByteCount = 13086
ConsensusMessage ByteCount = 1778440
--- Measurements after 7000 ops (1000 samples) ---
Throughput = 3267.9739 operations/sec (Maximum observed: 3267.9739 ops/sec)
Total latency = 115938.13049600001 (+/- 0) us 
Consensus latency = 0.0 (+/- 0) us 
Pre-consensus latency = 0.0 (+/- 0) us 
Pos-consensus latency = -2.107316848164018E12 (+/- 0) us 
Propose latency = 0.0 (+/- 0) us 
Write latency = 0.0 (+/- 0) us 
Accept latency = 0.0 (+/- 0) us 
Batch average size = 1244.5 (+/- 1924) requests
TOMMessage ByteCount = 10404940
StandardSMMessage ByteCount = 13086
ConsensusMessage ByteCount = 3796358
--- Measurements after 8000 ops (1000 samples) ---
Throughput = 4347.826 operations/sec (Maximum observed: 4347.826 ops/sec)
Total latency = 312532.59923299996 (+/- 0) us 
Consensus latency = 0.0 (+/- 0) us 
Pre-consensus latency = 0.0 (+/- 0) us 
Pos-consensus latency = -2.1073166018430725E12 (+/- 0) us 
Propose latency = 0.0 (+/- 0) us 
Write latency = 0.0 (+/- 0) us 
Accept latency = 0.0 (+/- 0) us 
Batch average size = NaN (+/- 0) requests
TOMMessage ByteCount = 10404940
StandardSMMessage ByteCount = 13086
ConsensusMessage ByteCount = 5266083
--- Measurements after 9000 ops (1000 samples) ---
Throughput = 4484.305 operations/sec (Maximum observed: 4484.305 ops/sec)
Total latency = 501560.30369800003 (+/- 0) us 
Consensus latency = 0.0 (+/- 0) us 
Pre-consensus latency = 0.0 (+/- 0) us 
Pos-consensus latency = -2.1073163736779785E12 (+/- 0) us 
Propose latency = 0.0 (+/- 0) us 
Write latency = 0.0 (+/- 0) us 
Accept latency = 0.0 (+/- 0) us 
Batch average size = NaN (+/- 0) requests
TOMMessage ByteCount = 10404940
StandardSMMessage ByteCount = 13086
ConsensusMessage ByteCount = 7029751
--- Measurements after 10000 ops (1000 samples) ---
Throughput = 3184.7134 operations/sec (Maximum observed: 4484.305 ops/sec)
Total latency = 734295.97322 (+/- 0) us 
Consensus latency = 0.0 (+/- 0) us 
Pre-consensus latency = 0.0 (+/- 0) us 
Pos-consensus latency = -2.1073161052755847E12 (+/- 0) us 
Propose latency = 0.0 (+/- 0) us 
Write latency = 0.0 (+/- 0) us 
Accept latency = 0.0 (+/- 0) us 
Batch average size = NaN (+/- 0) requests
TOMMessage ByteCount = 10404940
StandardSMMessage ByteCount = 13086
ConsensusMessage ByteCount = 9087367
--- Measurements after 11000 ops (1000 samples) ---
Throughput = 3344.4817 operations/sec (Maximum observed: 4484.305 ops/sec)
Total latency = 962037.6266109999 (+/- 0) us 
Consensus latency = 0.0 (+/- 0) us 
Pre-consensus latency = 0.0 (+/- 0) us 
Pos-consensus latency = -2.1073158183902722E12 (+/- 0) us 
Propose latency = 0.0 (+/- 0) us 
Write latency = 0.0 (+/- 0) us 
Accept latency = 0.0 (+/- 0) us 
Batch average size = 26624.0 (+/- 0) requests
TOMMessage ByteCount = 16597709
StandardSMMessage ByteCount = 13086
ConsensusMessage ByteCount = 11438926
--- Measurements after 12000 ops (1000 samples) ---
Throughput = 4444.4443 operations/sec (Maximum observed: 4484.305 ops/sec)
Total latency = 1202994.830687 (+/- 0) us 
Consensus latency = 0.0 (+/- 0) us 
Pre-consensus latency = 0.0 (+/- 0) us 
Pos-consensus latency = -2.107315530789724E12 (+/- 0) us 
Propose latency = 0.0 (+/- 0) us 
Write latency = 0.0 (+/- 0) us 
Accept latency = 0.0 (+/- 0) us 
Batch average size = NaN (+/- 0) requests
TOMMessage ByteCount = 16597709
StandardSMMessage ByteCount = 13086
ConsensusMessage ByteCount = 13202598
--- Measurements after 13000 ops (1000 samples) ---
Throughput = 4424.779 operations/sec (Maximum observed: 4484.305 ops/sec)
Total latency = 1392895.343655 (+/- 0) us 
Consensus latency = 0.0 (+/- 0) us 
Pre-consensus latency = 0.0 (+/- 0) us 
Pos-consensus latency = -2.107315305424238E12 (+/- 0) us 
Propose latency = 0.0 (+/- 0) us 
Write latency = 0.0 (+/- 0) us 
Accept latency = 0.0 (+/- 0) us 
Batch average size = NaN (+/- 0) requests
TOMMessage ByteCount = 16597709
StandardSMMessage ByteCount = 13086
ConsensusMessage ByteCount = 14966268
--- Measurements after 14000 ops (1000 samples) ---
Throughput = 4464.2856 operations/sec (Maximum observed: 4484.305 ops/sec)
Total latency = 1579205.576837 (+/- 0) us 
Consensus latency = 0.0 (+/- 0) us 
Pre-consensus latency = 0.0 (+/- 0) us 
Pos-consensus latency = -2.107315081107989E12 (+/- 0) us 
Propose latency = 0.0 (+/- 0) us 
Write latency = 0.0 (+/- 0) us 
Accept latency = 0.0 (+/- 0) us 
Batch average size = NaN (+/- 0) requests
TOMMessage ByteCount = 16597709
StandardSMMessage ByteCount = 13086
LCMessage ByteCount = 199
ConsensusMessage ByteCount = 16436603
--- Measurements after 15000 ops (1000 samples) ---
Throughput = 4444.4443 operations/sec (Maximum observed: 4484.305 ops/sec)
Total latency = 1768019.879393 (+/- 0) us 
Consensus latency = 0.0 (+/- 0) us 
Pre-consensus latency = 0.0 (+/- 0) us 
Pos-consensus latency = -2.1073148576959368E12 (+/- 0) us 
Propose latency = 0.0 (+/- 0) us 
Write latency = 0.0 (+/- 0) us 
Accept latency = 0.0 (+/- 0) us 
Batch average size = NaN (+/- 0) requests
TOMMessage ByteCount = 16597709
StandardSMMessage ByteCount = 13086
LCMessage ByteCount = 199
ConsensusMessage ByteCount = 18200272
--- Measurements after 16000 ops (1000 samples) ---
Throughput = 4587.156 operations/sec (Maximum observed: 4587.156 ops/sec)
Total latency = 1940872.537377 (+/- 0) us 
Consensus latency = 0.0 (+/- 0) us 
Pre-consensus latency = 0.0 (+/- 0) us 
Pos-consensus latency = -2.107314632830846E12 (+/- 0) us 
Propose latency = 0.0 (+/- 0) us 
Write latency = 0.0 (+/- 0) us 
Accept latency = 0.0 (+/- 0) us 
Batch average size = NaN (+/- 0) requests
TOMMessage ByteCount = 16597709
StandardSMMessage ByteCount = 13086
LCMessage ByteCount = 199
ConsensusMessage ByteCount = 20257278
--- Measurements after 17000 ops (1000 samples) ---
Throughput = 4347.826 operations/sec (Maximum observed: 4587.156 ops/sec)
Total latency = 2117515.623213 (+/- 0) us 
Consensus latency = 0.0 (+/- 0) us 
Pre-consensus latency = 0.0 (+/- 0) us 
Pos-consensus latency = -2.107314405721768E12 (+/- 0) us 
Propose latency = 0.0 (+/- 0) us 
Write latency = 0.0 (+/- 0) us 
Accept latency = 0.0 (+/- 0) us 
Batch average size = NaN (+/- 0) requests
TOMMessage ByteCount = 16597709
StandardSMMessage ByteCount = 13086
LCMessage ByteCount = 199
ConsensusMessage ByteCount = 22020949
--- Measurements after 18000 ops (1000 samples) ---
Throughput = 4405.286 operations/sec (Maximum observed: 4587.156 ops/sec)
Total latency = 2305041.129604 (+/- 0) us 
Consensus latency = 0.0 (+/- 0) us 
Pre-consensus latency = 0.0 (+/- 0) us 
Pos-consensus latency = -2.1073141777797878E12 (+/- 0) us 
Propose latency = 0.0 (+/- 0) us 
Write latency = 0.0 (+/- 0) us 
Accept latency = 0.0 (+/- 0) us 
Batch average size = NaN (+/- 0) requests
TOMMessage ByteCount = 16597709
StandardSMMessage ByteCount = 13086
LCMessage ByteCount = 199
ConsensusMessage ByteCount = 23784620
--- Measurements after 19000 ops (1000 samples) ---
Throughput = 4347.826 operations/sec (Maximum observed: 4587.156 ops/sec)
Total latency = 2494906.794946 (+/- 0) us 
Consensus latency = 0.0 (+/- 0) us 
Pre-consensus latency = 0.0 (+/- 0) us 
Pos-consensus latency = -2.107313949859659E12 (+/- 0) us 
Propose latency = 0.0 (+/- 0) us 
Write latency = 0.0 (+/- 0) us 
Accept latency = 0.0 (+/- 0) us 
Batch average size = NaN (+/- 0) requests
TOMMessage ByteCount = 16597709
StandardSMMessage ByteCount = 13086
LCMessage ByteCount = 199
ConsensusMessage ByteCount = 25842234
--- Measurements after 20000 ops (1000 samples) ---
Throughput = 4366.812 operations/sec (Maximum observed: 4587.156 ops/sec)
Total latency = 2691327.35984 (+/- 0) us 
Consensus latency = 0.0 (+/- 0) us 
Pre-consensus latency = 0.0 (+/- 0) us 
Pos-consensus latency = -2.107313720387574E12 (+/- 0) us 
Propose latency = 0.0 (+/- 0) us 
Write latency = 0.0 (+/- 0) us 
Accept latency = 0.0 (+/- 0) us 
Batch average size = NaN (+/- 0) requests
TOMMessage ByteCount = 16597709
StandardSMMessage ByteCount = 13086
LCMessage ByteCount = 199
ConsensusMessage ByteCount = 27312572
--- Measurements after 21000 ops (1000 samples) ---
Throughput = 4366.812 operations/sec (Maximum observed: 4587.156 ops/sec)
Total latency = 2882425.2651859997 (+/- 0) us 
Consensus latency = 0.0 (+/- 0) us 
Pre-consensus latency = 0.0 (+/- 0) us 
Pos-consensus latency = -2.1073134921473706E12 (+/- 0) us 
Propose latency = 0.0 (+/- 0) us 
Write latency = 0.0 (+/- 0) us 
Accept latency = 0.0 (+/- 0) us 
Batch average size = NaN (+/- 0) requests
TOMMessage ByteCount = 16597709
StandardSMMessage ByteCount = 13086
LCMessage ByteCount = 199
ConsensusMessage ByteCount = 29369578
--- Measurements after 22000 ops (1000 samples) ---
Throughput = 4608.295 operations/sec (Maximum observed: 4608.295 ops/sec)
Total latency = 3070660.292248 (+/- 0) us 
Consensus latency = 0.0 (+/- 0) us 
Pre-consensus latency = 0.0 (+/- 0) us 
Pos-consensus latency = -2.10731326671331E12 (+/- 0) us 
Propose latency = 0.0 (+/- 0) us 
Write latency = 0.0 (+/- 0) us 
Accept latency = 0.0 (+/- 0) us 
Batch average size = NaN (+/- 0) requests
TOMMessage ByteCount = 16597709
StandardSMMessage ByteCount = 13086
LCMessage ByteCount = 199
ConsensusMessage ByteCount = 31133249
--- Measurements after 23000 ops (1000 samples) ---
Throughput = 3533.5688 operations/sec (Maximum observed: 4608.295 ops/sec)
Total latency = 3300656.453644 (+/- 0) us 
Consensus latency = 0.0 (+/- 0) us 
Pre-consensus latency = 0.0 (+/- 0) us 
Pos-consensus latency = -2.1073129953520942E12 (+/- 0) us 
Propose latency = 0.0 (+/- 0) us 
Write latency = 0.0 (+/- 0) us 
Accept latency = 0.0 (+/- 0) us 
Batch average size = NaN (+/- 0) requests
TOMMessage ByteCount = 16597709
StandardSMMessage ByteCount = 13086
LCMessage ByteCount = 398
ConsensusMessage ByteCount = 32602972
--- Measurements after 24000 ops (1000 samples) ---
Throughput = 4464.2856 operations/sec (Maximum observed: 4608.295 ops/sec)
Total latency = 3495376.663352 (+/- 0) us 
Consensus latency = 0.0 (+/- 0) us 
Pre-consensus latency = 0.0 (+/- 0) us 
Pos-consensus latency = -2.1073127620558293E12 (+/- 0) us 
Propose latency = 0.0 (+/- 0) us 
Write latency = 0.0 (+/- 0) us 
Accept latency = 0.0 (+/- 0) us 
Batch average size = NaN (+/- 0) requests
TOMMessage ByteCount = 16597709
StandardSMMessage ByteCount = 13086
LCMessage ByteCount = 398
ConsensusMessage ByteCount = 34072696
--- Measurements after 25000 ops (1000 samples) ---
Throughput = 4385.965 operations/sec (Maximum observed: 4608.295 ops/sec)
Total latency = 3685814.379245 (+/- 0) us 
Consensus latency = 0.0 (+/- 0) us 
Pre-consensus latency = 0.0 (+/- 0) us 
Pos-consensus latency = -2.1073125388088625E12 (+/- 0) us 
Propose latency = 0.0 (+/- 0) us 
Write latency = 0.0 (+/- 0) us 
Accept latency = 0.0 (+/- 0) us 
Batch average size = NaN (+/- 0) requests
TOMMessage ByteCount = 16597709
StandardSMMessage ByteCount = 13086
LCMessage ByteCount = 398
ConsensusMessage ByteCount = 35542421
--- Measurements after 26000 ops (1000 samples) ---
Throughput = 4608.295 operations/sec (Maximum observed: 4608.295 ops/sec)
Total latency = 3868382.252952 (+/- 0) us 
Consensus latency = 0.0 (+/- 0) us 
Pre-consensus latency = 0.0 (+/- 0) us 
Pos-consensus latency = -2.1073123130942434E12 (+/- 0) us 
Propose latency = 0.0 (+/- 0) us 
Write latency = 0.0 (+/- 0) us 
Accept latency = 0.0 (+/- 0) us 
Batch average size = NaN (+/- 0) requests
TOMMessage ByteCount = 16597709
StandardSMMessage ByteCount = 13086
LCMessage ByteCount = 398
ConsensusMessage ByteCount = 37306092
--- Measurements after 27000 ops (1000 samples) ---
Throughput = 4385.965 operations/sec (Maximum observed: 4608.295 ops/sec)
Total latency = 4048901.592892 (+/- 0) us 
Consensus latency = 0.0 (+/- 0) us 
Pre-consensus latency = 0.0 (+/- 0) us 
Pos-consensus latency = -2.1073120894595125E12 (+/- 0) us 
Propose latency = 0.0 (+/- 0) us 
Write latency = 0.0 (+/- 0) us 
Accept latency = 0.0 (+/- 0) us 
Batch average size = NaN (+/- 0) requests
TOMMessage ByteCount = 16597709
StandardSMMessage ByteCount = 13086
LCMessage ByteCount = 398
ConsensusMessage ByteCount = 38775816
--- Measurements after 28000 ops (1000 samples) ---
Throughput = 4405.286 operations/sec (Maximum observed: 4608.295 ops/sec)
Total latency = 4226009.99319 (+/- 0) us 
Consensus latency = 0.0 (+/- 0) us 
Pre-consensus latency = 0.0 (+/- 0) us 
Pos-consensus latency = -2.1073118650800037E12 (+/- 0) us 
Propose latency = 0.0 (+/- 0) us 
Write latency = 0.0 (+/- 0) us 
Accept latency = 0.0 (+/- 0) us 
Batch average size = NaN (+/- 0) requests
TOMMessage ByteCount = 16597709
StandardSMMessage ByteCount = 13086
LCMessage ByteCount = 398
ConsensusMessage ByteCount = 40245541
--- Measurements after 29000 ops (1000 samples) ---
Throughput = 4587.156 operations/sec (Maximum observed: 4608.295 ops/sec)
Total latency = 4404388.5393819995 (+/- 0) us 
Consensus latency = 0.0 (+/- 0) us 
Pre-consensus latency = 0.0 (+/- 0) us 
Pos-consensus latency = -2.1073116384590327E12 (+/- 0) us 
Propose latency = 0.0 (+/- 0) us 
Write latency = 0.0 (+/- 0) us 
Accept latency = 0.0 (+/- 0) us 
Batch average size = NaN (+/- 0) requests
TOMMessage ByteCount = 16597709
StandardSMMessage ByteCount = 13086
LCMessage ByteCount = 398
ConsensusMessage ByteCount = 42303156
--- Measurements after 30000 ops (1000 samples) ---
Throughput = 4587.156 operations/sec (Maximum observed: 4608.295 ops/sec)
Total latency = 4582335.236888 (+/- 0) us 
Consensus latency = 0.0 (+/- 0) us 
Pre-consensus latency = 0.0 (+/- 0) us 
Pos-consensus latency = -2.107311417368903E12 (+/- 0) us 
Propose latency = 0.0 (+/- 0) us 
Write latency = 0.0 (+/- 0) us 
Accept latency = 0.0 (+/- 0) us 
Batch average size = NaN (+/- 0) requests
TOMMessage ByteCount = 16597709
StandardSMMessage ByteCount = 13086
LCMessage ByteCount = 398
ConsensusMessage ByteCount = 44948659
--- Measurements after 31000 ops (1000 samples) ---
Throughput = 4629.6294 operations/sec (Maximum observed: 4629.6294 ops/sec)
Total latency = 4755441.8107320005 (+/- 0) us 
Consensus latency = 0.0 (+/- 0) us 
Pre-consensus latency = 0.0 (+/- 0) us 
Pos-consensus latency = -2.1073112042098225E12 (+/- 0) us 
Propose latency = 0.0 (+/- 0) us 
Write latency = 0.0 (+/- 0) us 
Accept latency = 0.0 (+/- 0) us 
Batch average size = NaN (+/- 0) requests
TOMMessage ByteCount = 16597709
StandardSMMessage ByteCount = 13086
LCMessage ByteCount = 398
ConsensusMessage ByteCount = 47594168
--- Measurements after 32000 ops (1000 samples) ---
Throughput = 4830.918 operations/sec (Maximum observed: 4830.918 ops/sec)
Total latency = 4933804.521441 (+/- 0) us 
Consensus latency = 0.0 (+/- 0) us 
Pre-consensus latency = 0.0 (+/- 0) us 
Pos-consensus latency = -2.1073109888955405E12 (+/- 0) us 
Propose latency = 0.0 (+/- 0) us 
Write latency = 0.0 (+/- 0) us 
Accept latency = 0.0 (+/- 0) us 
Batch average size = NaN (+/- 0) requests
TOMMessage ByteCount = 16597709
StandardSMMessage ByteCount = 13086
LCMessage ByteCount = 597
ConsensusMessage ByteCount = 49945705
--- Measurements after 33000 ops (1000 samples) ---
Throughput = 4651.1626 operations/sec (Maximum observed: 4830.918 ops/sec)
Total latency = 5111094.317021 (+/- 0) us 
Consensus latency = 0.0 (+/- 0) us 
Pre-consensus latency = 0.0 (+/- 0) us 
Pos-consensus latency = -2.1073107758960713E12 (+/- 0) us 
Propose latency = 0.0 (+/- 0) us 
Write latency = 0.0 (+/- 0) us 
Accept latency = 0.0 (+/- 0) us 
Batch average size = NaN (+/- 0) requests
TOMMessage ByteCount = 16597709
StandardSMMessage ByteCount = 13086
LCMessage ByteCount = 597
ConsensusMessage ByteCount = 52297187
--- Measurements after 34000 ops (1000 samples) ---
Throughput = 4651.1626 operations/sec (Maximum observed: 4830.918 ops/sec)
Total latency = 5284519.576705 (+/- 0) us 
Consensus latency = 0.0 (+/- 0) us 
Pre-consensus latency = 0.0 (+/- 0) us 
Pos-consensus latency = -2.1073105648443518E12 (+/- 0) us 
Propose latency = 0.0 (+/- 0) us 
Write latency = 0.0 (+/- 0) us 
Accept latency = 0.0 (+/- 0) us 
Batch average size = NaN (+/- 0) requests
TOMMessage ByteCount = 16597709
StandardSMMessage ByteCount = 13086
LCMessage ByteCount = 597
ConsensusMessage ByteCount = 54354732
--- Measurements after 35000 ops (1000 samples) ---
Throughput = 4807.6924 operations/sec (Maximum observed: 4830.918 ops/sec)
Total latency = 5461344.463849 (+/- 0) us 
Consensus latency = 0.0 (+/- 0) us 
Pre-consensus latency = 0.0 (+/- 0) us 
Pos-consensus latency = -2.107310350567798E12 (+/- 0) us 
Propose latency = 0.0 (+/- 0) us 
Write latency = 0.0 (+/- 0) us 
Accept latency = 0.0 (+/- 0) us 
Batch average size = NaN (+/- 0) requests
TOMMessage ByteCount = 16597709
StandardSMMessage ByteCount = 13086
LCMessage ByteCount = 597
ConsensusMessage ByteCount = 56412278
--- Measurements after 36000 ops (1000 samples) ---
Throughput = 4694.8354 operations/sec (Maximum observed: 4830.918 ops/sec)
Total latency = 5635636.5200539995 (+/- 0) us 
Consensus latency = 0.0 (+/- 0) us 
Pre-consensus latency = 0.0 (+/- 0) us 
Pos-consensus latency = -2.1073101401192593E12 (+/- 0) us 
Propose latency = 0.0 (+/- 0) us 
Write latency = 0.0 (+/- 0) us 
Accept latency = 0.0 (+/- 0) us 
Batch average size = NaN (+/- 0) requests
TOMMessage ByteCount = 16597709
StandardSMMessage ByteCount = 13086
LCMessage ByteCount = 597
ConsensusMessage ByteCount = 57468987
--- Measurements after 37000 ops (1000 samples) ---
Throughput = 4878.049 operations/sec (Maximum observed: 4878.049 ops/sec)
Total latency = 5807730.719699 (+/- 0) us 
Consensus latency = 0.0 (+/- 0) us 
Pre-consensus latency = 0.0 (+/- 0) us 
Pos-consensus latency = -2.1073099299876753E12 (+/- 0) us 
Propose latency = 0.0 (+/- 0) us 
Write latency = 0.0 (+/- 0) us 
Accept latency = 0.0 (+/- 0) us 
Batch average size = NaN (+/- 0) requests
TOMMessage ByteCount = 16597709
StandardSMMessage ByteCount = 13086
LCMessage ByteCount = 597
ConsensusMessage ByteCount = 57468987
--- Measurements after 38000 ops (1000 samples) ---
Throughput = 2427.1846 operations/sec (Maximum observed: 4878.049 ops/sec)
Total latency = 6056858.775366999 (+/- 0) us 
Consensus latency = 0.0 (+/- 0) us 
Pre-consensus latency = 0.0 (+/- 0) us 
Pos-consensus latency = -2.1073096413048103E12 (+/- 0) us 
Propose latency = 0.0 (+/- 0) us 
Write latency = 0.0 (+/- 0) us 
Accept latency = 0.0 (+/- 0) us 
Batch average size = 162398.0 (+/- 0) requests
TOMMessage ByteCount = 26350214
StandardSMMessage ByteCount = 13086
LCMessage ByteCount = 597
ConsensusMessage ByteCount = 57468987
--- Measurements after 39000 ops (1000 samples) ---
Throughput = 4545.4546 operations/sec (Maximum observed: 4878.049 ops/sec)
Total latency = 6360326.163004 (+/- 0) us 
Consensus latency = 0.0 (+/- 0) us 
Pre-consensus latency = 0.0 (+/- 0) us 
Pos-consensus latency = -2.1073093022976921E12 (+/- 0) us 
Propose latency = 0.0 (+/- 0) us 
Write latency = 0.0 (+/- 0) us 
Accept latency = 0.0 (+/- 0) us 
Batch average size = NaN (+/- 0) requests
TOMMessage ByteCount = 28472458
StandardSMMessage ByteCount = 13086
LCMessage ByteCount = 597
ConsensusMessage ByteCount = 57468987
--- Measurements after 40000 ops (1000 samples) ---
Throughput = 4830.918 operations/sec (Maximum observed: 4878.049 ops/sec)
Total latency = 6539206.652116 (+/- 0) us 
Consensus latency = 0.0 (+/- 0) us 
Pre-consensus latency = 0.0 (+/- 0) us 
Pos-consensus latency = -2.1073090910591772E12 (+/- 0) us 
Propose latency = 0.0 (+/- 0) us 
Write latency = 0.0 (+/- 0) us 
Accept latency = 0.0 (+/- 0) us 
Batch average size = NaN (+/- 0) requests
TOMMessage ByteCount = 30455599
StandardSMMessage ByteCount = 13086
LCMessage ByteCount = 597
ConsensusMessage ByteCount = 57468987
--- Measurements after 41000 ops (1000 samples) ---
Throughput = 4545.4546 operations/sec (Maximum observed: 4878.049 ops/sec)
Total latency = 6718916.419345 (+/- 0) us 
Consensus latency = 0.0 (+/- 0) us 
Pre-consensus latency = 0.0 (+/- 0) us 
Pos-consensus latency = -2.1073088729602437E12 (+/- 0) us 
Propose latency = 0.0 (+/- 0) us 
Write latency = 0.0 (+/- 0) us 
Accept latency = 0.0 (+/- 0) us 
Batch average size = NaN (+/- 0) requests
TOMMessage ByteCount = 32229470
StandardSMMessage ByteCount = 13086
LCMessage ByteCount = 597
ConsensusMessage ByteCount = 57468987
--- Measurements after 42000 ops (1000 samples) ---
Throughput = 4524.8867 operations/sec (Maximum observed: 4878.049 ops/sec)
Total latency = 6885564.516205 (+/- 0) us 
Consensus latency = 0.0 (+/- 0) us 
Pre-consensus latency = 0.0 (+/- 0) us 
Pos-consensus latency = -2.1073086640322249E12 (+/- 0) us 
Propose latency = 0.0 (+/- 0) us 
Write latency = 0.0 (+/- 0) us 
Accept latency = 0.0 (+/- 0) us 
Batch average size = NaN (+/- 0) requests
TOMMessage ByteCount = 33904861
StandardSMMessage ByteCount = 13086
LCMessage ByteCount = 597
ConsensusMessage ByteCount = 57468987
--- Measurements after 43000 ops (1000 samples) ---
Throughput = 4830.918 operations/sec (Maximum observed: 4878.049 ops/sec)
Total latency = 7070466.949701999 (+/- 0) us 
Consensus latency = 0.0 (+/- 0) us 
Pre-consensus latency = 0.0 (+/- 0) us 
Pos-consensus latency = -2.1073084430359941E12 (+/- 0) us 
Propose latency = 0.0 (+/- 0) us 
Write latency = 0.0 (+/- 0) us 
Accept latency = 0.0 (+/- 0) us 
Batch average size = NaN (+/- 0) requests
TOMMessage ByteCount = 35485465
StandardSMMessage ByteCount = 13086
LCMessage ByteCount = 597
ConsensusMessage ByteCount = 57468987
--- Measurements after 44000 ops (1000 samples) ---
Throughput = 4464.2856 operations/sec (Maximum observed: 4878.049 ops/sec)
Total latency = 7245643.2443470005 (+/- 0) us 
Consensus latency = 0.0 (+/- 0) us 
Pre-consensus latency = 0.0 (+/- 0) us 
Pos-consensus latency = -2.1073082336562869E12 (+/- 0) us 
Propose latency = 0.0 (+/- 0) us 
Write latency = 0.0 (+/- 0) us 
Accept latency = 0.0 (+/- 0) us 
Batch average size = NaN (+/- 0) requests
TOMMessage ByteCount = 36892498
StandardSMMessage ByteCount = 13086
LCMessage ByteCount = 597
ConsensusMessage ByteCount = 57468987
--- Measurements after 45000 ops (1000 samples) ---
Throughput = 4784.689 operations/sec (Maximum observed: 4878.049 ops/sec)
Total latency = 7435087.456042 (+/- 0) us 
Consensus latency = 0.0 (+/- 0) us 
Pre-consensus latency = 0.0 (+/- 0) us 
Pos-consensus latency = -2.1073080100180938E12 (+/- 0) us 
Propose latency = 0.0 (+/- 0) us 
Write latency = 0.0 (+/- 0) us 
Accept latency = 0.0 (+/- 0) us 
Batch average size = NaN (+/- 0) requests
TOMMessage ByteCount = 38260139
StandardSMMessage ByteCount = 13086
LCMessage ByteCount = 597
ConsensusMessage ByteCount = 57468987
--- Measurements after 46000 ops (1000 samples) ---
Throughput = 4444.4443 operations/sec (Maximum observed: 4878.049 ops/sec)
Total latency = 7609610.957769 (+/- 0) us 
Consensus latency = 0.0 (+/- 0) us 
Pre-consensus latency = 0.0 (+/- 0) us 
Pos-consensus latency = -2.1073077976442046E12 (+/- 0) us 
Propose latency = 0.0 (+/- 0) us 
Write latency = 0.0 (+/- 0) us 
Accept latency = 0.0 (+/- 0) us 
Batch average size = NaN (+/- 0) requests
TOMMessage ByteCount = 39493601
StandardSMMessage ByteCount = 13086
LCMessage ByteCount = 597
ConsensusMessage ByteCount = 57468987
--- Measurements after 47000 ops (1000 samples) ---
Throughput = 4830.918 operations/sec (Maximum observed: 4878.049 ops/sec)
Total latency = 7792696.61071 (+/- 0) us 
Consensus latency = 0.0 (+/- 0) us 
Pre-consensus latency = 0.0 (+/- 0) us 
Pos-consensus latency = -2.1073075761354316E12 (+/- 0) us 
Propose latency = 0.0 (+/- 0) us 
Write latency = 0.0 (+/- 0) us 
Accept latency = 0.0 (+/- 0) us 
Batch average size = NaN (+/- 0) requests
TOMMessage ByteCount = 40711060
StandardSMMessage ByteCount = 13086
LCMessage ByteCount = 597
ConsensusMessage ByteCount = 57468987
--- Measurements after 48000 ops (1000 samples) ---
Throughput = 4366.812 operations/sec (Maximum observed: 4878.049 ops/sec)
Total latency = 7972712.424178001 (+/- 0) us 
Consensus latency = 0.0 (+/- 0) us 
Pre-consensus latency = 0.0 (+/- 0) us 
Pos-consensus latency = -2.1073073607725325E12 (+/- 0) us 
Propose latency = 0.0 (+/- 0) us 
Write latency = 0.0 (+/- 0) us 
Accept latency = 0.0 (+/- 0) us 
Batch average size = NaN (+/- 0) requests
TOMMessage ByteCount = 41848504
StandardSMMessage ByteCount = 13086
LCMessage ByteCount = 597
ConsensusMessage ByteCount = 57468987
--- Measurements after 49000 ops (1000 samples) ---
Throughput = 4830.918 operations/sec (Maximum observed: 4878.049 ops/sec)
Total latency = 8151277.755368 (+/- 0) us 
Consensus latency = 0.0 (+/- 0) us 
Pre-consensus latency = 0.0 (+/- 0) us 
Pos-consensus latency = -2.1073071391295105E12 (+/- 0) us 
Propose latency = 0.0 (+/- 0) us 
Write latency = 0.0 (+/- 0) us 
Accept latency = 0.0 (+/- 0) us 
Batch average size = NaN (+/- 0) requests
TOMMessage ByteCount = 43415567
StandardSMMessage ByteCount = 13086
LCMessage ByteCount = 597
ConsensusMessage ByteCount = 57468987
--- Measurements after 50000 ops (1000 samples) ---
Throughput = 3745.3184 operations/sec (Maximum observed: 4878.049 ops/sec)
Total latency = 8341371.8778409995 (+/- 0) us 
Consensus latency = 0.0 (+/- 0) us 
Pre-consensus latency = 0.0 (+/- 0) us 
Pos-consensus latency = -2.1073069053661104E12 (+/- 0) us 
Propose latency = 0.0 (+/- 0) us 
Write latency = 0.0 (+/- 0) us 
Accept latency = 0.0 (+/- 0) us 
Batch average size = NaN (+/- 0) requests
TOMMessage ByteCount = 46160697
StandardSMMessage ByteCount = 13086
LCMessage ByteCount = 597
ConsensusMessage ByteCount = 57468987
--- Measurements after 51000 ops (1000 samples) ---
Throughput = 4000.0 operations/sec (Maximum observed: 4878.049 ops/sec)
Total latency = 8560124.26346 (+/- 0) us 
Consensus latency = 0.0 (+/- 0) us 
Pre-consensus latency = 0.0 (+/- 0) us 
Pos-consensus latency = -2.107306649372616E12 (+/- 0) us 
Propose latency = 0.0 (+/- 0) us 
Write latency = 0.0 (+/- 0) us 
Accept latency = 0.0 (+/- 0) us 
Batch average size = NaN (+/- 0) requests
TOMMessage ByteCount = 48615311
StandardSMMessage ByteCount = 13086
LCMessage ByteCount = 597
ConsensusMessage ByteCount = 57468987
--- Measurements after 52000 ops (1000 samples) ---
Throughput = 4081.6326 operations/sec (Maximum observed: 4878.049 ops/sec)
Total latency = 8767793.348795999 (+/- 0) us 
Consensus latency = 0.0 (+/- 0) us 
Pre-consensus latency = 0.0 (+/- 0) us 
Pos-consensus latency = -2.1073064038387166E12 (+/- 0) us 
Propose latency = 0.0 (+/- 0) us 
Write latency = 0.0 (+/- 0) us 
Accept latency = 0.0 (+/- 0) us 
Batch average size = NaN (+/- 0) requests
TOMMessage ByteCount = 50632920
StandardSMMessage ByteCount = 13086
LCMessage ByteCount = 597
ConsensusMessage ByteCount = 57468987
--- Measurements after 53000 ops (1000 samples) ---
Throughput = 4184.1006 operations/sec (Maximum observed: 4878.049 ops/sec)
Total latency = 8984086.657521 (+/- 0) us 
Consensus latency = 0.0 (+/- 0) us 
Pre-consensus latency = 0.0 (+/- 0) us 
Pos-consensus latency = -2.1073061558969705E12 (+/- 0) us 
Propose latency = 0.0 (+/- 0) us 
Write latency = 0.0 (+/- 0) us 
Accept latency = 0.0 (+/- 0) us 
Batch average size = NaN (+/- 0) requests
TOMMessage ByteCount = 52435104
StandardSMMessage ByteCount = 13086
LCMessage ByteCount = 597
ConsensusMessage ByteCount = 57468987
--- Measurements after 54000 ops (1000 samples) ---
Throughput = 3424.6575 operations/sec (Maximum observed: 4878.049 ops/sec)
Total latency = 9206394.375023 (+/- 0) us 
Consensus latency = 0.0 (+/- 0) us 
Pre-consensus latency = 0.0 (+/- 0) us 
Pos-consensus latency = -2.1073059043764006E12 (+/- 0) us 
Propose latency = 0.0 (+/- 0) us 
Write latency = 0.0 (+/- 0) us 
Accept latency = 0.0 (+/- 0) us 
Batch average size = NaN (+/- 0) requests
TOMMessage ByteCount = 54654597
StandardSMMessage ByteCount = 13086
LCMessage ByteCount = 597
ConsensusMessage ByteCount = 57468987
--- Measurements after 55000 ops (1000 samples) ---
Throughput = 3831.4177 operations/sec (Maximum observed: 4878.049 ops/sec)
Total latency = 9454516.876346001 (+/- 0) us 
Consensus latency = 0.0 (+/- 0) us 
Pre-consensus latency = 0.0 (+/- 0) us 
Pos-consensus latency = -2.1073056209845374E12 (+/- 0) us 
Propose latency = 0.0 (+/- 0) us 
Write latency = 0.0 (+/- 0) us 
Accept latency = 0.0 (+/- 0) us 
Batch average size = NaN (+/- 0) requests
TOMMessage ByteCount = 56251204
StandardSMMessage ByteCount = 13086
LCMessage ByteCount = 597
ConsensusMessage ByteCount = 57468987
--- Measurements after 56000 ops (1000 samples) ---
Throughput = 3703.7036 operations/sec (Maximum observed: 4878.049 ops/sec)
Total latency = 9691010.184035 (+/- 0) us 
Consensus latency = 0.0 (+/- 0) us 
Pre-consensus latency = 0.0 (+/- 0) us 
Pos-consensus latency = -2.107305351198196E12 (+/- 0) us 
Propose latency = 0.0 (+/- 0) us 
Write latency = 0.0 (+/- 0) us 
Accept latency = 0.0 (+/- 0) us 
Batch average size = NaN (+/- 0) requests
TOMMessage ByteCount = 57769027
StandardSMMessage ByteCount = 13086
LCMessage ByteCount = 597
ConsensusMessage ByteCount = 57468987
--- Measurements after 57000 ops (1000 samples) ---
Throughput = 3816.794 operations/sec (Maximum observed: 4878.049 ops/sec)
Total latency = 9914750.649371 (+/- 0) us 
Consensus latency = 0.0 (+/- 0) us 
Pre-consensus latency = 0.0 (+/- 0) us 
Pos-consensus latency = -2.1073050791155522E12 (+/- 0) us 
Propose latency = 0.0 (+/- 0) us 
Write latency = 0.0 (+/- 0) us 
Accept latency = 0.0 (+/- 0) us 
Batch average size = NaN (+/- 0) requests
TOMMessage ByteCount = 59315163
StandardSMMessage ByteCount = 13086
LCMessage ByteCount = 597
ConsensusMessage ByteCount = 57468987
--- Measurements after 58000 ops (1000 samples) ---
Throughput = 3496.5034 operations/sec (Maximum observed: 4878.049 ops/sec)
Total latency = 1.0146264041520001E7 (+/- 0) us 
Consensus latency = 0.0 (+/- 0) us 
Pre-consensus latency = 0.0 (+/- 0) us 
Pos-consensus latency = -2.1073048014276663E12 (+/- 0) us 
Propose latency = 0.0 (+/- 0) us 
Write latency = 0.0 (+/- 0) us 
Accept latency = 0.0 (+/- 0) us 
Batch average size = NaN (+/- 0) requests
TOMMessage ByteCount = 60725889
StandardSMMessage ByteCount = 13086
LCMessage ByteCount = 597
ConsensusMessage ByteCount = 57468987
--- Measurements after 59000 ops (1000 samples) ---
Throughput = 3610.1084 operations/sec (Maximum observed: 4878.049 ops/sec)
Total latency = 1.0369724973336E7 (+/- 0) us 
Consensus latency = 0.0 (+/- 0) us 
Pre-consensus latency = 0.0 (+/- 0) us 
Pos-consensus latency = -2.107304539832238E12 (+/- 0) us 
Propose latency = 0.0 (+/- 0) us 
Write latency = 0.0 (+/- 0) us 
Accept latency = 0.0 (+/- 0) us 
Batch average size = NaN (+/- 0) requests
TOMMessage ByteCount = 61002864
StandardSMMessage ByteCount = 13086
LCMessage ByteCount = 597
ConsensusMessage ByteCount = 57468987
--- Measurements after 60000 ops (1000 samples) ---
Throughput = 3448.276 operations/sec (Maximum observed: 4878.049 ops/sec)
Total latency = 1.0638827322407E7 (+/- 0) us 
Consensus latency = 0.0 (+/- 0) us 
Pre-consensus latency = 0.0 (+/- 0) us 
Pos-consensus latency = -2.1073042367851096E12 (+/- 0) us 
Propose latency = 0.0 (+/- 0) us 
Write latency = 0.0 (+/- 0) us 
Accept latency = 0.0 (+/- 0) us 
Batch average size = NaN (+/- 0) requests
TOMMessage ByteCount = 61017636
StandardSMMessage ByteCount = 13086
LCMessage ByteCount = 597
ConsensusMessage ByteCount = 57468987
--- Measurements after 61000 ops (1000 samples) ---
Throughput = 4149.3774 operations/sec (Maximum observed: 4878.049 ops/sec)
Total latency = 1.087253113338E7 (+/- 0) us 
Consensus latency = 0.0 (+/- 0) us 
Pre-consensus latency = 0.0 (+/- 0) us 
Pos-consensus latency = -2.107303972308249E12 (+/- 0) us 
Propose latency = 0.0 (+/- 0) us 
Write latency = 0.0 (+/- 0) us 
Accept latency = 0.0 (+/- 0) us 
Batch average size = NaN (+/- 0) requests
TOMMessage ByteCount = 61021329
StandardSMMessage ByteCount = 13086
LCMessage ByteCount = 597
ConsensusMessage ByteCount = 57468987
--- Measurements after 62000 ops (1000 samples) ---
Throughput = 4464.2856 operations/sec (Maximum observed: 4878.049 ops/sec)
Total latency = 1.1073834516141001E7 (+/- 0) us 
Consensus latency = 0.0 (+/- 0) us 
Pre-consensus latency = 0.0 (+/- 0) us 
Pos-consensus latency = -2.10730373731584E12 (+/- 0) us 
Propose latency = 0.0 (+/- 0) us 
Write latency = 0.0 (+/- 0) us 
Accept latency = 0.0 (+/- 0) us 
Batch average size = NaN (+/- 0) requests
TOMMessage ByteCount = 61027484
StandardSMMessage ByteCount = 13086
LCMessage ByteCount = 597
ConsensusMessage ByteCount = 57468987
--- Measurements after 63000 ops (1000 samples) ---
Throughput = 4184.1006 operations/sec (Maximum observed: 4878.049 ops/sec)
Total latency = 1.1264699206527E7 (+/- 0) us 
Consensus latency = 0.0 (+/- 0) us 
Pre-consensus latency = 0.0 (+/- 0) us 
Pos-consensus latency = -2.1073035117714211E12 (+/- 0) us 
Propose latency = 0.0 (+/- 0) us 
Write latency = 0.0 (+/- 0) us 
Accept latency = 0.0 (+/- 0) us 
Batch average size = NaN (+/- 0) requests
TOMMessage ByteCount = 61032408
StandardSMMessage ByteCount = 13086
LCMessage ByteCount = 597
ConsensusMessage ByteCount = 57468987
--- Measurements after 64000 ops (1000 samples) ---
Throughput = 4716.981 operations/sec (Maximum observed: 4878.049 ops/sec)
Total latency = 1.1447484472888E7 (+/- 0) us 
Consensus latency = 0.0 (+/- 0) us 
Pre-consensus latency = 0.0 (+/- 0) us 
Pos-consensus latency = -2.1073032826780764E12 (+/- 0) us 
Propose latency = 0.0 (+/- 0) us 
Write latency = 0.0 (+/- 0) us 
Accept latency = 0.0 (+/- 0) us 
Batch average size = NaN (+/- 0) requests
TOMMessage ByteCount = 61034870
StandardSMMessage ByteCount = 13086
LCMessage ByteCount = 597
ConsensusMessage ByteCount = 57468987
--- Measurements after 65000 ops (1000 samples) ---
Throughput = 4761.905 operations/sec (Maximum observed: 4878.049 ops/sec)
Total latency = 1.1618598505072001E7 (+/- 0) us 
Consensus latency = 0.0 (+/- 0) us 
Pre-consensus latency = 0.0 (+/- 0) us 
Pos-consensus latency = -2.1073030705648242E12 (+/- 0) us 
Propose latency = 0.0 (+/- 0) us 
Write latency = 0.0 (+/- 0) us 
Accept latency = 0.0 (+/- 0) us 
Batch average size = NaN (+/- 0) requests
TOMMessage ByteCount = 61036101
StandardSMMessage ByteCount = 13086
LCMessage ByteCount = 597
ConsensusMessage ByteCount = 57468987
--- Measurements after 66000 ops (1000 samples) ---
Throughput = 4694.8354 operations/sec (Maximum observed: 4878.049 ops/sec)
Total latency = 1.179087114168E7 (+/- 0) us 
Consensus latency = 0.0 (+/- 0) us 
Pre-consensus latency = 0.0 (+/- 0) us 
Pos-consensus latency = -2.1073028589971646E12 (+/- 0) us 
Propose latency = 0.0 (+/- 0) us 
Write latency = 0.0 (+/- 0) us 
Accept latency = 0.0 (+/- 0) us 
Batch average size = NaN (+/- 0) requests
TOMMessage ByteCount = 61037332
StandardSMMessage ByteCount = 13086
LCMessage ByteCount = 597
ConsensusMessage ByteCount = 57468987
--- Measurements after 67000 ops (1000 samples) ---
Throughput = 4201.6807 operations/sec (Maximum observed: 4878.049 ops/sec)
Total latency = 1.1979961082778E7 (+/- 0) us 
Consensus latency = 0.0 (+/- 0) us 
Pre-consensus latency = 0.0 (+/- 0) us 
Pos-consensus latency = -2.1073026337944944E12 (+/- 0) us 
Propose latency = 0.0 (+/- 0) us 
Write latency = 0.0 (+/- 0) us 
Accept latency = 0.0 (+/- 0) us 
Batch average size = NaN (+/- 0) requests
TOMMessage ByteCount = 61039794
StandardSMMessage ByteCount = 13086
LCMessage ByteCount = 597
ConsensusMessage ByteCount = 57468987
--- Measurements after 68000 ops (1000 samples) ---
Throughput = 4739.3364 operations/sec (Maximum observed: 4878.049 ops/sec)
Total latency = 1.217264276859E7 (+/- 0) us 
Consensus latency = 0.0 (+/- 0) us 
Pre-consensus latency = 0.0 (+/- 0) us 
Pos-consensus latency = -2.1073024077768135E12 (+/- 0) us 
Propose latency = 0.0 (+/- 0) us 
Write latency = 0.0 (+/- 0) us 
Accept latency = 0.0 (+/- 0) us 
Batch average size = NaN (+/- 0) requests
TOMMessage ByteCount = 61039794
StandardSMMessage ByteCount = 13086
LCMessage ByteCount = 597
ConsensusMessage ByteCount = 57468987
--- Measurements after 69000 ops (1000 samples) ---
Throughput = 4739.3364 operations/sec (Maximum observed: 4878.049 ops/sec)
Total latency = 1.2352374198508E7 (+/- 0) us 
Consensus latency = 0.0 (+/- 0) us 
Pre-consensus latency = 0.0 (+/- 0) us 
Pos-consensus latency = -2.1073021966396008E12 (+/- 0) us 
Propose latency = 0.0 (+/- 0) us 
Write latency = 0.0 (+/- 0) us 
Accept latency = 0.0 (+/- 0) us 
Batch average size = NaN (+/- 0) requests
TOMMessage ByteCount = 61082879
StandardSMMessage ByteCount = 13086
LCMessage ByteCount = 597
ConsensusMessage ByteCount = 57468987
--- Measurements after 70000 ops (1000 samples) ---
Throughput = 4694.8354 operations/sec (Maximum observed: 4878.049 ops/sec)
Total latency = 1.2534777603195999E7 (+/- 0) us 
Consensus latency = 0.0 (+/- 0) us 
Pre-consensus latency = 0.0 (+/- 0) us 
Pos-consensus latency = -2.107301983749935E12 (+/- 0) us 
Propose latency = 0.0 (+/- 0) us 
Write latency = 0.0 (+/- 0) us 
Accept latency = 0.0 (+/- 0) us 
Batch average size = NaN (+/- 0) requests
TOMMessage ByteCount = 61548197
StandardSMMessage ByteCount = 13086
LCMessage ByteCount = 597
ConsensusMessage ByteCount = 57468987
--- Measurements after 71000 ops (1000 samples) ---
Throughput = 4184.1006 operations/sec (Maximum observed: 4878.049 ops/sec)
Total latency = 1.2738389414949E7 (+/- 0) us 
Consensus latency = 0.0 (+/- 0) us 
Pre-consensus latency = 0.0 (+/- 0) us 
Pos-consensus latency = -2.1073017426573296E12 (+/- 0) us 
Propose latency = 0.0 (+/- 0) us 
Write latency = 0.0 (+/- 0) us 
Accept latency = 0.0 (+/- 0) us 
Batch average size = NaN (+/- 0) requests
TOMMessage ByteCount = 62145232
StandardSMMessage ByteCount = 13086
LCMessage ByteCount = 597
ConsensusMessage ByteCount = 57468987
--- Measurements after 72000 ops (1000 samples) ---
Throughput = 4807.6924 operations/sec (Maximum observed: 4878.049 ops/sec)
Total latency = 1.2910695624308001E7 (+/- 0) us 
Consensus latency = 0.0 (+/- 0) us 
Pre-consensus latency = 0.0 (+/- 0) us 
Pos-consensus latency = -2.107301533271342E12 (+/- 0) us 
Propose latency = 0.0 (+/- 0) us 
Write latency = 0.0 (+/- 0) us 
Accept latency = 0.0 (+/- 0) us 
Batch average size = NaN (+/- 0) requests
TOMMessage ByteCount = 62654866
StandardSMMessage ByteCount = 13086
LCMessage ByteCount = 597
ConsensusMessage ByteCount = 57468987
--- Measurements after 73000 ops (1000 samples) ---
Throughput = 4830.918 operations/sec (Maximum observed: 4878.049 ops/sec)
Total latency = 1.3084068098435E7 (+/- 0) us 
Consensus latency = 0.0 (+/- 0) us 
Pre-consensus latency = 0.0 (+/- 0) us 
Pos-consensus latency = -2.1073013257085508E12 (+/- 0) us 
Propose latency = 0.0 (+/- 0) us 
Write latency = 0.0 (+/- 0) us 
Accept latency = 0.0 (+/- 0) us 
Batch average size = NaN (+/- 0) requests
TOMMessage ByteCount = 63239591
StandardSMMessage ByteCount = 13086
LCMessage ByteCount = 597
ConsensusMessage ByteCount = 57468987
--- Measurements after 74000 ops (1000 samples) ---
Throughput = 4291.8457 operations/sec (Maximum observed: 4878.049 ops/sec)
Total latency = 1.3256061322431E7 (+/- 0) us 
Consensus latency = 0.0 (+/- 0) us 
Pre-consensus latency = 0.0 (+/- 0) us 
Pos-consensus latency = -2.1073011144422559E12 (+/- 0) us 
Propose latency = 0.0 (+/- 0) us 
Write latency = 0.0 (+/- 0) us 
Accept latency = 0.0 (+/- 0) us 
Batch average size = NaN (+/- 0) requests
TOMMessage ByteCount = 63798465
StandardSMMessage ByteCount = 13086
LCMessage ByteCount = 597
ConsensusMessage ByteCount = 57468987
--- Measurements after 75000 ops (1000 samples) ---
Throughput = 4830.918 operations/sec (Maximum observed: 4878.049 ops/sec)
Total latency = 1.3449244284889E7 (+/- 0) us 
Consensus latency = 0.0 (+/- 0) us 
Pre-consensus latency = 0.0 (+/- 0) us 
Pos-consensus latency = -2.107300884029347E12 (+/- 0) us 
Propose latency = 0.0 (+/- 0) us 
Write latency = 0.0 (+/- 0) us 
Accept latency = 0.0 (+/- 0) us 
Batch average size = NaN (+/- 0) requests
TOMMessage ByteCount = 64274862
StandardSMMessage ByteCount = 13086
LCMessage ByteCount = 597
ConsensusMessage ByteCount = 57468987
--- Measurements after 76000 ops (1000 samples) ---
Throughput = 4807.6924 operations/sec (Maximum observed: 4878.049 ops/sec)
Total latency = 1.3625370653833E7 (+/- 0) us 
Consensus latency = 0.0 (+/- 0) us 
Pre-consensus latency = 0.0 (+/- 0) us 
Pos-consensus latency = -2.1073006762558303E12 (+/- 0) us 
Propose latency = 0.0 (+/- 0) us 
Write latency = 0.0 (+/- 0) us 
Accept latency = 0.0 (+/- 0) us 
Batch average size = NaN (+/- 0) requests
TOMMessage ByteCount = 64714329
StandardSMMessage ByteCount = 13086
LCMessage ByteCount = 597
ConsensusMessage ByteCount = 57468987
--- Measurements after 77000 ops (1000 samples) ---
Throughput = 4807.6924 operations/sec (Maximum observed: 4878.049 ops/sec)
Total latency = 1.3802271572541E7 (+/- 0) us 
Consensus latency = 0.0 (+/- 0) us 
Pre-consensus latency = 0.0 (+/- 0) us 
Pos-consensus latency = -2.1073004681495823E12 (+/- 0) us 
Propose latency = 0.0 (+/- 0) us 
Write latency = 0.0 (+/- 0) us 
Accept latency = 0.0 (+/- 0) us 
Batch average size = NaN (+/- 0) requests
TOMMessage ByteCount = 65168568
StandardSMMessage ByteCount = 13086
LCMessage ByteCount = 597
ConsensusMessage ByteCount = 57468987
--- Measurements after 78000 ops (1000 samples) ---
Throughput = 4237.288 operations/sec (Maximum observed: 4878.049 ops/sec)
Total latency = 1.3980147939455E7 (+/- 0) us 
Consensus latency = 0.0 (+/- 0) us 
Pre-consensus latency = 0.0 (+/- 0) us 
Pos-consensus latency = -2.1073002532153582E12 (+/- 0) us 
Propose latency = 0.0 (+/- 0) us 
Write latency = 0.0 (+/- 0) us 
Accept latency = 0.0 (+/- 0) us 
Batch average size = NaN (+/- 0) requests
TOMMessage ByteCount = 65637579
StandardSMMessage ByteCount = 13086
LCMessage ByteCount = 597
ConsensusMessage ByteCount = 57468987
--- Measurements after 79000 ops (1000 samples) ---
Throughput = 4807.6924 operations/sec (Maximum observed: 4878.049 ops/sec)
Total latency = 1.4166207000523001E7 (+/- 0) us 
Consensus latency = 0.0 (+/- 0) us 
Pre-consensus latency = 0.0 (+/- 0) us 
Pos-consensus latency = -2.107300024427487E12 (+/- 0) us 
Propose latency = 0.0 (+/- 0) us 
Write latency = 0.0 (+/- 0) us 
Accept latency = 0.0 (+/- 0) us 
Batch average size = NaN (+/- 0) requests
TOMMessage ByteCount = 66004417
StandardSMMessage ByteCount = 13086
LCMessage ByteCount = 597
ConsensusMessage ByteCount = 57468987
--- Measurements after 80000 ops (1000 samples) ---
Throughput = 6578.9473 operations/sec (Maximum observed: 6578.9473 ops/sec)
Total latency = 1.4309157610645E7 (+/- 0) us 
Consensus latency = 0.0 (+/- 0) us 
Pre-consensus latency = 0.0 (+/- 0) us 
Pos-consensus latency = -2.1072998432357317E12 (+/- 0) us 
Propose latency = 0.0 (+/- 0) us 
Write latency = 0.0 (+/- 0) us 
Accept latency = 0.0 (+/- 0) us 
Batch average size = NaN (+/- 0) requests
TOMMessage ByteCount = 66251848
StandardSMMessage ByteCount = 13086
LCMessage ByteCount = 597
ConsensusMessage ByteCount = 57468987
--- Measurements after 81000 ops (1000 samples) ---
Throughput = 6711.409 operations/sec (Maximum observed: 6711.409 ops/sec)
Total latency = 1.4425744448518E7 (+/- 0) us 
Consensus latency = 0.0 (+/- 0) us 
Pre-consensus latency = 0.0 (+/- 0) us 
Pos-consensus latency = -2.1072996937349668E12 (+/- 0) us 
Propose latency = 0.0 (+/- 0) us 
Write latency = 0.0 (+/- 0) us 
Accept latency = 0.0 (+/- 0) us 
Batch average size = NaN (+/- 0) requests
TOMMessage ByteCount = 66568215
StandardSMMessage ByteCount = 13086
LCMessage ByteCount = 597
ConsensusMessage ByteCount = 57468987
--- Measurements after 82000 ops (1000 samples) ---
Throughput = 5434.7827 operations/sec (Maximum observed: 6711.409 ops/sec)
Total latency = 1.455135835115E7 (+/- 0) us 
Consensus latency = 0.0 (+/- 0) us 
Pre-consensus latency = 0.0 (+/- 0) us 
Pos-consensus latency = -2.1072995367117778E12 (+/- 0) us 
Propose latency = 0.0 (+/- 0) us 
Write latency = 0.0 (+/- 0) us 
Accept latency = 0.0 (+/- 0) us 
Batch average size = NaN (+/- 0) requests
TOMMessage ByteCount = 66839035
StandardSMMessage ByteCount = 13086
LCMessage ByteCount = 597
ConsensusMessage ByteCount = 57468987
--- Measurements after 83000 ops (1000 samples) ---
Throughput = 4807.6924 operations/sec (Maximum observed: 6711.409 ops/sec)
Total latency = 1.4723425613966E7 (+/- 0) us 
Consensus latency = 0.0 (+/- 0) us 
Pre-consensus latency = 0.0 (+/- 0) us 
Pos-consensus latency = -2.107299331302582E12 (+/- 0) us 
Propose latency = 0.0 (+/- 0) us 
Write latency = 0.0 (+/- 0) us 
Accept latency = 0.0 (+/- 0) us 
Batch average size = NaN (+/- 0) requests
TOMMessage ByteCount = 67166481
StandardSMMessage ByteCount = 13086
LCMessage ByteCount = 597
ConsensusMessage ByteCount = 57468987
--- Measurements after 84000 ops (1000 samples) ---
Throughput = 4807.6924 operations/sec (Maximum observed: 6711.409 ops/sec)
Total latency = 1.4894476673927E7 (+/- 0) us 
Consensus latency = 0.0 (+/- 0) us 
Pre-consensus latency = 0.0 (+/- 0) us 
Pos-consensus latency = -2.1072991233481558E12 (+/- 0) us 
Propose latency = 0.0 (+/- 0) us 
Write latency = 0.0 (+/- 0) us 
Accept latency = 0.0 (+/- 0) us 
Batch average size = NaN (+/- 0) requests
TOMMessage ByteCount = 67492696
StandardSMMessage ByteCount = 13086
LCMessage ByteCount = 597
ConsensusMessage ByteCount = 57468987
--- Measurements after 85000 ops (1000 samples) ---
Throughput = 4807.6924 operations/sec (Maximum observed: 6711.409 ops/sec)
Total latency = 1.5069147263676E7 (+/- 0) us 
Consensus latency = 0.0 (+/- 0) us 
Pre-consensus latency = 0.0 (+/- 0) us 
Pos-consensus latency = -2.1072989154938728E12 (+/- 0) us 
Propose latency = 0.0 (+/- 0) us 
Write latency = 0.0 (+/- 0) us 
Accept latency = 0.0 (+/- 0) us 
Batch average size = NaN (+/- 0) requests
TOMMessage ByteCount = 67828759
StandardSMMessage ByteCount = 13086
LCMessage ByteCount = 597
ConsensusMessage ByteCount = 57468987
--- Measurements after 86000 ops (1000 samples) ---
Throughput = 4504.5044 operations/sec (Maximum observed: 6711.409 ops/sec)
Total latency = 1.5243873152215E7 (+/- 0) us 
Consensus latency = 0.0 (+/- 0) us 
Pre-consensus latency = 0.0 (+/- 0) us 
Pos-consensus latency = -2.1072987022574717E12 (+/- 0) us 
Propose latency = 0.0 (+/- 0) us 
Write latency = 0.0 (+/- 0) us 
Accept latency = 0.0 (+/- 0) us 
Batch average size = NaN (+/- 0) requests
TOMMessage ByteCount = 68173439
StandardSMMessage ByteCount = 13086
LCMessage ByteCount = 597
ConsensusMessage ByteCount = 57468987
--- Measurements after 87000 ops (1000 samples) ---
Throughput = 4739.3364 operations/sec (Maximum observed: 6711.409 ops/sec)
Total latency = 1.5426387228518E7 (+/- 0) us 
Consensus latency = 0.0 (+/- 0) us 
Pre-consensus latency = 0.0 (+/- 0) us 
Pos-consensus latency = -2.1072984836656536E12 (+/- 0) us 
Propose latency = 0.0 (+/- 0) us 
Write latency = 0.0 (+/- 0) us 
Accept latency = 0.0 (+/- 0) us 
Batch average size = NaN (+/- 0) requests
TOMMessage ByteCount = 68468879
StandardSMMessage ByteCount = 13086
LCMessage ByteCount = 597
ConsensusMessage ByteCount = 57468987
--- Measurements after 88000 ops (1000 samples) ---
Throughput = 4784.689 operations/sec (Maximum observed: 6711.409 ops/sec)
Total latency = 1.5605225157095E7 (+/- 0) us 
Consensus latency = 0.0 (+/- 0) us 
Pre-consensus latency = 0.0 (+/- 0) us 
Pos-consensus latency = -2.1072982742649658E12 (+/- 0) us 
Propose latency = 0.0 (+/- 0) us 
Write latency = 0.0 (+/- 0) us 
Accept latency = 0.0 (+/- 0) us 
Batch average size = NaN (+/- 0) requests
TOMMessage ByteCount = 68782784
StandardSMMessage ByteCount = 13086
LCMessage ByteCount = 597
ConsensusMessage ByteCount = 57468987
--- Measurements after 89000 ops (1000 samples) ---
Throughput = 5076.142 operations/sec (Maximum observed: 6711.409 ops/sec)
Total latency = 1.5782309171641001E7 (+/- 0) us 
Consensus latency = 0.0 (+/- 0) us 
Pre-consensus latency = 0.0 (+/- 0) us 
Pos-consensus latency = -2.1072980658187112E12 (+/- 0) us 
Propose latency = 0.0 (+/- 0) us 
Write latency = 0.0 (+/- 0) us 
Accept latency = 0.0 (+/- 0) us 
Batch average size = NaN (+/- 0) requests
TOMMessage ByteCount = 69086841
StandardSMMessage ByteCount = 13086
LCMessage ByteCount = 597
ConsensusMessage ByteCount = 57468987
--- Measurements after 90000 ops (1000 samples) ---
Throughput = 5952.381 operations/sec (Maximum observed: 6711.409 ops/sec)
Total latency = 1.5926647578398E7 (+/- 0) us 
Consensus latency = 0.0 (+/- 0) us 
Pre-consensus latency = 0.0 (+/- 0) us 
Pos-consensus latency = -2.1072978886135562E12 (+/- 0) us 
Propose latency = 0.0 (+/- 0) us 
Write latency = 0.0 (+/- 0) us 
Accept latency = 0.0 (+/- 0) us 
Batch average size = NaN (+/- 0) requests
TOMMessage ByteCount = 69366278
StandardSMMessage ByteCount = 13086
LCMessage ByteCount = 597
ConsensusMessage ByteCount = 57468987
--- Measurements after 91000 ops (1000 samples) ---
Throughput = 6578.9473 operations/sec (Maximum observed: 6711.409 ops/sec)
Total latency = 1.6053732805847999E7 (+/- 0) us 
Consensus latency = 0.0 (+/- 0) us 
Pre-consensus latency = 0.0 (+/- 0) us 
Pos-consensus latency = -2.1072977285509375E12 (+/- 0) us 
Propose latency = 0.0 (+/- 0) us 
Write latency = 0.0 (+/- 0) us 
Accept latency = 0.0 (+/- 0) us 
Batch average size = NaN (+/- 0) requests
TOMMessage ByteCount = 69584165
StandardSMMessage ByteCount = 13086
LCMessage ByteCount = 597
ConsensusMessage ByteCount = 57468987
--- Measurements after 92000 ops (1000 samples) ---
Throughput = 6666.6665 operations/sec (Maximum observed: 6711.409 ops/sec)
Total latency = 1.617336388922E7 (+/- 0) us 
Consensus latency = 0.0 (+/- 0) us 
Pre-consensus latency = 0.0 (+/- 0) us 
Pos-consensus latency = -2.1072975774525862E12 (+/- 0) us 
Propose latency = 0.0 (+/- 0) us 
Write latency = 0.0 (+/- 0) us 
Accept latency = 0.0 (+/- 0) us 
Batch average size = NaN (+/- 0) requests
TOMMessage ByteCount = 69762660
StandardSMMessage ByteCount = 13086
LCMessage ByteCount = 597
ConsensusMessage ByteCount = 57468987
--- Measurements after 93000 ops (1000 samples) ---
Throughput = 6622.5166 operations/sec (Maximum observed: 6711.409 ops/sec)
Total latency = 1.6268459140137E7 (+/- 0) us 
Consensus latency = 0.0 (+/- 0) us 
Pre-consensus latency = 0.0 (+/- 0) us 
Pos-consensus latency = -2.1072974265564414E12 (+/- 0) us 
Propose latency = 0.0 (+/- 0) us 
Write latency = 0.0 (+/- 0) us 
Accept latency = 0.0 (+/- 0) us 
Batch average size = NaN (+/- 0) requests
TOMMessage ByteCount = 69983009
StandardSMMessage ByteCount = 13086
LCMessage ByteCount = 597
ConsensusMessage ByteCount = 57468987
--- Measurements after 94000 ops (1000 samples) ---
Throughput = 6024.096 operations/sec (Maximum observed: 6711.409 ops/sec)
Total latency = 1.6383289032847E7 (+/- 0) us 
Consensus latency = 0.0 (+/- 0) us 
Pre-consensus latency = 0.0 (+/- 0) us 
Pos-consensus latency = -2.1072972664737427E12 (+/- 0) us 
Propose latency = 0.0 (+/- 0) us 
Write latency = 0.0 (+/- 0) us 
Accept latency = 0.0 (+/- 0) us 
Batch average size = NaN (+/- 0) requests
TOMMessage ByteCount = 70243981
StandardSMMessage ByteCount = 13086
LCMessage ByteCount = 597
ConsensusMessage ByteCount = 57468987
--- Measurements after 95000 ops (1000 samples) ---
Throughput = 6535.9478 operations/sec (Maximum observed: 6711.409 ops/sec)
Total latency = 1.6508198420440001E7 (+/- 0) us 
Consensus latency = 0.0 (+/- 0) us 
Pre-consensus latency = 0.0 (+/- 0) us 
Pos-consensus latency = -2.1072971080248606E12 (+/- 0) us 
Propose latency = 0.0 (+/- 0) us 
Write latency = 0.0 (+/- 0) us 
Accept latency = 0.0 (+/- 0) us 
Batch average size = NaN (+/- 0) requests
TOMMessage ByteCount = 70504953
StandardSMMessage ByteCount = 13086
LCMessage ByteCount = 597
ConsensusMessage ByteCount = 57468987
--- Measurements after 96000 ops (1000 samples) ---
Throughput = 6535.9478 operations/sec (Maximum observed: 6711.409 ops/sec)
Total latency = 1.6627870225398E7 (+/- 0) us 
Consensus latency = 0.0 (+/- 0) us 
Pre-consensus latency = 0.0 (+/- 0) us 
Pos-consensus latency = -2.107296954980199E12 (+/- 0) us 
Propose latency = 0.0 (+/- 0) us 
Write latency = 0.0 (+/- 0) us 
Accept latency = 0.0 (+/- 0) us 
Batch average size = NaN (+/- 0) requests
TOMMessage ByteCount = 70736381
StandardSMMessage ByteCount = 13086
LCMessage ByteCount = 597
ConsensusMessage ByteCount = 57468987
--- Measurements after 97000 ops (1000 samples) ---
Throughput = 6578.9473 operations/sec (Maximum observed: 6711.409 ops/sec)
Total latency = 1.6746007988257E7 (+/- 0) us 
Consensus latency = 0.0 (+/- 0) us 
Pre-consensus latency = 0.0 (+/- 0) us 
Pos-consensus latency = -2.107296802390684E12 (+/- 0) us 
Propose latency = 0.0 (+/- 0) us 
Write latency = 0.0 (+/- 0) us 
Accept latency = 0.0 (+/- 0) us 
Batch average size = NaN (+/- 0) requests
TOMMessage ByteCount = 70923493
StandardSMMessage ByteCount = 13086
LCMessage ByteCount = 597
ConsensusMessage ByteCount = 57468987
--- Measurements after 98000 ops (1000 samples) ---
Throughput = 5952.381 operations/sec (Maximum observed: 6711.409 ops/sec)
Total latency = 1.6869382959721E7 (+/- 0) us 
Consensus latency = 0.0 (+/- 0) us 
Pre-consensus latency = 0.0 (+/- 0) us 
Pos-consensus latency = -2.1072966400049639E12 (+/- 0) us 
Propose latency = 0.0 (+/- 0) us 
Write latency = 0.0 (+/- 0) us 
Accept latency = 0.0 (+/- 0) us 
Batch average size = NaN (+/- 0) requests
TOMMessage ByteCount = 71159845
StandardSMMessage ByteCount = 13086
LCMessage ByteCount = 597
ConsensusMessage ByteCount = 57468987
--- Measurements after 99000 ops (1000 samples) ---
Throughput = 6451.613 operations/sec (Maximum observed: 6711.409 ops/sec)
Total latency = 1.6991905169108998E7 (+/- 0) us 
Consensus latency = 0.0 (+/- 0) us 
Pre-consensus latency = 0.0 (+/- 0) us 
Pos-consensus latency = -2.1072964811056877E12 (+/- 0) us 
Propose latency = 0.0 (+/- 0) us 
Write latency = 0.0 (+/- 0) us 
Accept latency = 0.0 (+/- 0) us 
Batch average size = NaN (+/- 0) requests
TOMMessage ByteCount = 71370346
StandardSMMessage ByteCount = 13086
LCMessage ByteCount = 597
ConsensusMessage ByteCount = 57468987
--- Measurements after 100000 ops (1000 samples) ---
Throughput = 6622.5166 operations/sec (Maximum observed: 6711.409 ops/sec)
Total latency = 1.7114382296625998E7 (+/- 0) us 
Consensus latency = 0.0 (+/- 0) us 
Pre-consensus latency = 0.0 (+/- 0) us 
Pos-consensus latency = -2.1072963279581738E12 (+/- 0) us 
Propose latency = 0.0 (+/- 0) us 
Write latency = 0.0 (+/- 0) us 
Accept latency = 0.0 (+/- 0) us 
Batch average size = NaN (+/- 0) requests
TOMMessage ByteCount = 71584540
StandardSMMessage ByteCount = 13086
LCMessage ByteCount = 597
ConsensusMessage ByteCount = 57468987
--- Measurements after 101000 ops (1000 samples) ---
Throughput = 6578.9473 operations/sec (Maximum observed: 6711.409 ops/sec)
Total latency = 1.722256183597E7 (+/- 0) us 
Consensus latency = 0.0 (+/- 0) us 
Pre-consensus latency = 0.0 (+/- 0) us 
Pos-consensus latency = -2.1072961759601956E12 (+/- 0) us 
Propose latency = 0.0 (+/- 0) us 
Write latency = 0.0 (+/- 0) us 
Accept latency = 0.0 (+/- 0) us 
Batch average size = NaN (+/- 0) requests
TOMMessage ByteCount = 71774114
StandardSMMessage ByteCount = 13086
LCMessage ByteCount = 597
ConsensusMessage ByteCount = 57468987
--- Measurements after 102000 ops (1000 samples) ---
Throughput = 5952.381 operations/sec (Maximum observed: 6711.409 ops/sec)
Total latency = 1.7353682733095E7 (+/- 0) us 
Consensus latency = 0.0 (+/- 0) us 
Pre-consensus latency = 0.0 (+/- 0) us 
Pos-consensus latency = -2.1072960121203247E12 (+/- 0) us 
Propose latency = 0.0 (+/- 0) us 
Write latency = 0.0 (+/- 0) us 
Accept latency = 0.0 (+/- 0) us 
Batch average size = NaN (+/- 0) requests
TOMMessage ByteCount = 71972305
StandardSMMessage ByteCount = 13086
LCMessage ByteCount = 597
ConsensusMessage ByteCount = 57468987
--- Measurements after 103000 ops (1000 samples) ---
Throughput = 6578.9473 operations/sec (Maximum observed: 6711.409 ops/sec)
Total latency = 1.7476045630502E7 (+/- 0) us 
Consensus latency = 0.0 (+/- 0) us 
Pre-consensus latency = 0.0 (+/- 0) us 
Pos-consensus latency = -2.1072958564688425E12 (+/- 0) us 
Propose latency = 0.0 (+/- 0) us 
Write latency = 0.0 (+/- 0) us 
Accept latency = 0.0 (+/- 0) us 
Batch average size = NaN (+/- 0) requests
TOMMessage ByteCount = 72185268
StandardSMMessage ByteCount = 13086
LCMessage ByteCount = 597
ConsensusMessage ByteCount = 57468987
--- Measurements after 104000 ops (1000 samples) ---
Throughput = 6535.9478 operations/sec (Maximum observed: 6711.409 ops/sec)
Total latency = 1.7596766142556E7 (+/- 0) us 
Consensus latency = 0.0 (+/- 0) us 
Pre-consensus latency = 0.0 (+/- 0) us 
Pos-consensus latency = -2.1072957038146086E12 (+/- 0) us 
Propose latency = 0.0 (+/- 0) us 
Write latency = 0.0 (+/- 0) us 
Accept latency = 0.0 (+/- 0) us 
Batch average size = NaN (+/- 0) requests
TOMMessage ByteCount = 72385921
StandardSMMessage ByteCount = 13086
LCMessage ByteCount = 597
ConsensusMessage ByteCount = 57468987
--- Measurements after 105000 ops (1000 samples) ---
Throughput = 6622.5166 operations/sec (Maximum observed: 6711.409 ops/sec)
Total latency = 1.771448342882E7 (+/- 0) us 
Consensus latency = 0.0 (+/- 0) us 
Pre-consensus latency = 0.0 (+/- 0) us 
Pos-consensus latency = -2.10729555251175E12 (+/- 0) us 
Propose latency = 0.0 (+/- 0) us 
Write latency = 0.0 (+/- 0) us 
Accept latency = 0.0 (+/- 0) us 
Batch average size = NaN (+/- 0) requests
TOMMessage ByteCount = 72582881
StandardSMMessage ByteCount = 13086
LCMessage ByteCount = 597
ConsensusMessage ByteCount = 57468987
--- Measurements after 106000 ops (1000 samples) ---
Throughput = 5988.024 operations/sec (Maximum observed: 6711.409 ops/sec)
Total latency = 1.7844593592455003E7 (+/- 0) us 
Consensus latency = 0.0 (+/- 0) us 
Pre-consensus latency = 0.0 (+/- 0) us 
Pos-consensus latency = -2.1072953878466565E12 (+/- 0) us 
Propose latency = 0.0 (+/- 0) us 
Write latency = 0.0 (+/- 0) us 
Accept latency = 0.0 (+/- 0) us 
Batch average size = NaN (+/- 0) requests
TOMMessage ByteCount = 72789689
StandardSMMessage ByteCount = 13086
LCMessage ByteCount = 597
ConsensusMessage ByteCount = 57468987
--- Measurements after 107000 ops (1000 samples) ---
Throughput = 6535.9478 operations/sec (Maximum observed: 6711.409 ops/sec)
Total latency = 1.7959174104948003E7 (+/- 0) us 
Consensus latency = 0.0 (+/- 0) us 
Pre-consensus latency = 0.0 (+/- 0) us 
Pos-consensus latency = -2.1072952329945798E12 (+/- 0) us 
Propose latency = 0.0 (+/- 0) us 
Write latency = 0.0 (+/- 0) us 
Accept latency = 0.0 (+/- 0) us 
Batch average size = NaN (+/- 0) requests
TOMMessage ByteCount = 72952181
StandardSMMessage ByteCount = 13086
LCMessage ByteCount = 597
ConsensusMessage ByteCount = 57468987
--- Measurements after 108000 ops (1000 samples) ---
Throughput = 6666.6665 operations/sec (Maximum observed: 6711.409 ops/sec)
Total latency = 1.8059246960775003E7 (+/- 0) us 
Consensus latency = 0.0 (+/- 0) us 
Pre-consensus latency = 0.0 (+/- 0) us 
Pos-consensus latency = -2.107295081151845E12 (+/- 0) us 
Propose latency = 0.0 (+/- 0) us 
Write latency = 0.0 (+/- 0) us 
Accept latency = 0.0 (+/- 0) us 
Batch average size = NaN (+/- 0) requests
TOMMessage ByteCount = 73186071
StandardSMMessage ByteCount = 13086
LCMessage ByteCount = 597
ConsensusMessage ByteCount = 57468987
--- Measurements after 109000 ops (1000 samples) ---
Throughput = 6578.9473 operations/sec (Maximum observed: 6711.409 ops/sec)
Total latency = 1.8152969514581002E7 (+/- 0) us 
Consensus latency = 0.0 (+/- 0) us 
Pre-consensus latency = 0.0 (+/- 0) us 
Pos-consensus latency = -2.107294930130934E12 (+/- 0) us 
Propose latency = 0.0 (+/- 0) us 
Write latency = 0.0 (+/- 0) us 
Accept latency = 0.0 (+/- 0) us 
Batch average size = NaN (+/- 0) requests
TOMMessage ByteCount = 73439657
StandardSMMessage ByteCount = 13086
LCMessage ByteCount = 597
ConsensusMessage ByteCount = 57468987
--- Measurements after 110000 ops (1000 samples) ---
Throughput = 5917.1597 operations/sec (Maximum observed: 6711.409 ops/sec)
Total latency = 1.8271582451585E7 (+/- 0) us 
Consensus latency = 0.0 (+/- 0) us 
Pre-consensus latency = 0.0 (+/- 0) us 
Pos-consensus latency = -2.1072947636321096E12 (+/- 0) us 
Propose latency = 0.0 (+/- 0) us 
Write latency = 0.0 (+/- 0) us 
Accept latency = 0.0 (+/- 0) us 
Batch average size = NaN (+/- 0) requests
TOMMessage ByteCount = 73951753
StandardSMMessage ByteCount = 13086
LCMessage ByteCount = 597
ConsensusMessage ByteCount = 57468987
--- Measurements after 111000 ops (1000 samples) ---
Throughput = 6578.9473 operations/sec (Maximum observed: 6711.409 ops/sec)
Total latency = 1.8389143308695E7 (+/- 0) us 
Consensus latency = 0.0 (+/- 0) us 
Pre-consensus latency = 0.0 (+/- 0) us 
Pos-consensus latency = -2.107294608230042E12 (+/- 0) us 
Propose latency = 0.0 (+/- 0) us 
Write latency = 0.0 (+/- 0) us 
Accept latency = 0.0 (+/- 0) us 
Batch average size = NaN (+/- 0) requests
TOMMessage ByteCount = 74465080
StandardSMMessage ByteCount = 13086
LCMessage ByteCount = 597
ConsensusMessage ByteCount = 57468987
--- Measurements after 112000 ops (1000 samples) ---
Throughput = 6578.9473 operations/sec (Maximum observed: 6711.409 ops/sec)
Total latency = 1.8496759494611E7 (+/- 0) us 
Consensus latency = 0.0 (+/- 0) us 
Pre-consensus latency = 0.0 (+/- 0) us 
Pos-consensus latency = -2.1072944562767878E12 (+/- 0) us 
Propose latency = 0.0 (+/- 0) us 
Write latency = 0.0 (+/- 0) us 
Accept latency = 0.0 (+/- 0) us 
Batch average size = NaN (+/- 0) requests
TOMMessage ByteCount = 74867617
StandardSMMessage ByteCount = 13086
LCMessage ByteCount = 597
ConsensusMessage ByteCount = 57468987
--- Measurements after 113000 ops (1000 samples) ---
Throughput = 6578.9473 operations/sec (Maximum observed: 6711.409 ops/sec)
Total latency = 1.8598309234388E7 (+/- 0) us 
Consensus latency = 0.0 (+/- 0) us 
Pre-consensus latency = 0.0 (+/- 0) us 
Pos-consensus latency = -2.1072943042561528E12 (+/- 0) us 
Propose latency = 0.0 (+/- 0) us 
Write latency = 0.0 (+/- 0) us 
Accept latency = 0.0 (+/- 0) us 
Batch average size = NaN (+/- 0) requests
TOMMessage ByteCount = 75251689
StandardSMMessage ByteCount = 13086
LCMessage ByteCount = 597
ConsensusMessage ByteCount = 57468987
--- Measurements after 114000 ops (1000 samples) ---
Throughput = 6024.096 operations/sec (Maximum observed: 6711.409 ops/sec)
Total latency = 1.8715714543813E7 (+/- 0) us 
Consensus latency = 0.0 (+/- 0) us 
Pre-consensus latency = 0.0 (+/- 0) us 
Pos-consensus latency = -2.1072941392710935E12 (+/- 0) us 
Propose latency = 0.0 (+/- 0) us 
Write latency = 0.0 (+/- 0) us 
Accept latency = 0.0 (+/- 0) us 
Batch average size = NaN (+/- 0) requests
TOMMessage ByteCount = 75816718
StandardSMMessage ByteCount = 13086
LCMessage ByteCount = 597
ConsensusMessage ByteCount = 57468987
--- Measurements after 115000 ops (1000 samples) ---
Throughput = 6622.5166 operations/sec (Maximum observed: 6711.409 ops/sec)
Total latency = 1.8821184567727E7 (+/- 0) us 
Consensus latency = 0.0 (+/- 0) us 
Pre-consensus latency = 0.0 (+/- 0) us 
Pos-consensus latency = -2.1072939871350454E12 (+/- 0) us 
Propose latency = 0.0 (+/- 0) us 
Write latency = 0.0 (+/- 0) us 
Accept latency = 0.0 (+/- 0) us 
Batch average size = NaN (+/- 0) requests
TOMMessage ByteCount = 76210638
StandardSMMessage ByteCount = 13086
LCMessage ByteCount = 597
ConsensusMessage ByteCount = 57468987
--- Measurements after 116000 ops (1000 samples) ---
Throughput = 6666.6665 operations/sec (Maximum observed: 6711.409 ops/sec)
Total latency = 1.8922803547558997E7 (+/- 0) us 
Consensus latency = 0.0 (+/- 0) us 
Pre-consensus latency = 0.0 (+/- 0) us 
Pos-consensus latency = -2.107293836447114E12 (+/- 0) us 
Propose latency = 0.0 (+/- 0) us 
Write latency = 0.0 (+/- 0) us 
Accept latency = 0.0 (+/- 0) us 
Batch average size = NaN (+/- 0) requests
TOMMessage ByteCount = 76662415
StandardSMMessage ByteCount = 13086
LCMessage ByteCount = 597
ConsensusMessage ByteCount = 57468987
--- Measurements after 117000 ops (1000 samples) ---
Throughput = 6622.5166 operations/sec (Maximum observed: 6711.409 ops/sec)
Total latency = 1.9026090418945E7 (+/- 0) us 
Consensus latency = 0.0 (+/- 0) us 
Pre-consensus latency = 0.0 (+/- 0) us 
Pos-consensus latency = -2.1072936862955986E12 (+/- 0) us 
Propose latency = 0.0 (+/- 0) us 
Write latency = 0.0 (+/- 0) us 
Accept latency = 0.0 (+/- 0) us 
Batch average size = NaN (+/- 0) requests
TOMMessage ByteCount = 76983706
StandardSMMessage ByteCount = 13086
LCMessage ByteCount = 597
ConsensusMessage ByteCount = 57468987
--- Measurements after 118000 ops (1000 samples) ---
Throughput = 5952.381 operations/sec (Maximum observed: 6711.409 ops/sec)
Total latency = 1.9153135495338E7 (+/- 0) us 
Consensus latency = 0.0 (+/- 0) us 
Pre-consensus latency = 0.0 (+/- 0) us 
Pos-consensus latency = -2.107293518583347E12 (+/- 0) us 
Propose latency = 0.0 (+/- 0) us 
Write latency = 0.0 (+/- 0) us 
Accept latency = 0.0 (+/- 0) us 
Batch average size = NaN (+/- 0) requests
TOMMessage ByteCount = 77144967
StandardSMMessage ByteCount = 13086
LCMessage ByteCount = 597
ConsensusMessage ByteCount = 57468987
--- Measurements after 119000 ops (1000 samples) ---
Throughput = 6666.6665 operations/sec (Maximum observed: 6711.409 ops/sec)
Total latency = 1.9264829779796E7 (+/- 0) us 
Consensus latency = 0.0 (+/- 0) us 
Pre-consensus latency = 0.0 (+/- 0) us 
Pos-consensus latency = -2.107293367779805E12 (+/- 0) us 
Propose latency = 0.0 (+/- 0) us 
Write latency = 0.0 (+/- 0) us 
Accept latency = 0.0 (+/- 0) us 
Batch average size = NaN (+/- 0) requests
TOMMessage ByteCount = 77260681
StandardSMMessage ByteCount = 13086
LCMessage ByteCount = 597
ConsensusMessage ByteCount = 57468987
--- Measurements after 120000 ops (1000 samples) ---
Throughput = 6666.6665 operations/sec (Maximum observed: 6711.409 ops/sec)
Total latency = 1.9375557997325E7 (+/- 0) us 
Consensus latency = 0.0 (+/- 0) us 
Pre-consensus latency = 0.0 (+/- 0) us 
Pos-consensus latency = -2.107293217573325E12 (+/- 0) us 
Propose latency = 0.0 (+/- 0) us 
Write latency = 0.0 (+/- 0) us 
Accept latency = 0.0 (+/- 0) us 
Batch average size = NaN (+/- 0) requests
TOMMessage ByteCount = 77393629
StandardSMMessage ByteCount = 13086
LCMessage ByteCount = 597
ConsensusMessage ByteCount = 57468987
--- Measurements after 121000 ops (1000 samples) ---
Throughput = 6666.6665 operations/sec (Maximum observed: 6711.409 ops/sec)
Total latency = 1.9482567863726E7 (+/- 0) us 
Consensus latency = 0.0 (+/- 0) us 
Pre-consensus latency = 0.0 (+/- 0) us 
Pos-consensus latency = -2.1072930674328296E12 (+/- 0) us 
Propose latency = 0.0 (+/- 0) us 
Write latency = 0.0 (+/- 0) us 
Accept latency = 0.0 (+/- 0) us 
Batch average size = NaN (+/- 0) requests
TOMMessage ByteCount = 77546273
StandardSMMessage ByteCount = 13086
LCMessage ByteCount = 597
ConsensusMessage ByteCount = 57468987
--- Measurements after 122000 ops (1000 samples) ---
Throughput = 5952.381 operations/sec (Maximum observed: 6711.409 ops/sec)
Total latency = 1.9607617644592E7 (+/- 0) us 
Consensus latency = 0.0 (+/- 0) us 
Pre-consensus latency = 0.0 (+/- 0) us 
Pos-consensus latency = -2.1072928993252424E12 (+/- 0) us 
Propose latency = 0.0 (+/- 0) us 
Write latency = 0.0 (+/- 0) us 
Accept latency = 0.0 (+/- 0) us 
Batch average size = NaN (+/- 0) requests
TOMMessage ByteCount = 77727230
StandardSMMessage ByteCount = 13086
LCMessage ByteCount = 597
ConsensusMessage ByteCount = 57468987
--- Measurements after 123000 ops (1000 samples) ---
Throughput = 6622.5166 operations/sec (Maximum observed: 6711.409 ops/sec)
Total latency = 1.9717166797592E7 (+/- 0) us 
Consensus latency = 0.0 (+/- 0) us 
Pre-consensus latency = 0.0 (+/- 0) us 
Pos-consensus latency = -2.1072927489902102E12 (+/- 0) us 
Propose latency = 0.0 (+/- 0) us 
Write latency = 0.0 (+/- 0) us 
Accept latency = 0.0 (+/- 0) us 
Batch average size = NaN (+/- 0) requests
TOMMessage ByteCount = 77895877
StandardSMMessage ByteCount = 13086
LCMessage ByteCount = 597
ConsensusMessage ByteCount = 57468987
--- Measurements after 124000 ops (1000 samples) ---
Throughput = 6666.6665 operations/sec (Maximum observed: 6711.409 ops/sec)
Total latency = 1.9819830016286E7 (+/- 0) us 
Consensus latency = 0.0 (+/- 0) us 
Pre-consensus latency = 0.0 (+/- 0) us 
Pos-consensus latency = -2.1072925985386052E12 (+/- 0) us 
Propose latency = 0.0 (+/- 0) us 
Write latency = 0.0 (+/- 0) us 
Accept latency = 0.0 (+/- 0) us 
Batch average size = NaN (+/- 0) requests
TOMMessage ByteCount = 78098992
StandardSMMessage ByteCount = 13086
LCMessage ByteCount = 597
ConsensusMessage ByteCount = 57468987
--- Measurements after 125000 ops (1000 samples) ---
Throughput = 5882.353 operations/sec (Maximum observed: 6711.409 ops/sec)
Total latency = 1.9925776205033E7 (+/- 0) us 
Consensus latency = 0.0 (+/- 0) us 
Pre-consensus latency = 0.0 (+/- 0) us 
Pos-consensus latency = -2.1072924476107832E12 (+/- 0) us 
Propose latency = 0.0 (+/- 0) us 
Write latency = 0.0 (+/- 0) us 
Accept latency = 0.0 (+/- 0) us 
Batch average size = NaN (+/- 0) requests
TOMMessage ByteCount = 78236864
StandardSMMessage ByteCount = 13086
LCMessage ByteCount = 597
ConsensusMessage ByteCount = 57468987
--- Measurements after 126000 ops (1000 samples) ---
Throughput = 6666.6665 operations/sec (Maximum observed: 6711.409 ops/sec)
Total latency = 2.0056825992323004E7 (+/- 0) us 
Consensus latency = 0.0 (+/- 0) us 
Pre-consensus latency = 0.0 (+/- 0) us 
Pos-consensus latency = -2.107292278292486E12 (+/- 0) us 
Propose latency = 0.0 (+/- 0) us 
Write latency = 0.0 (+/- 0) us 
Accept latency = 0.0 (+/- 0) us 
Batch average size = NaN (+/- 0) requests
TOMMessage ByteCount = 78313186
StandardSMMessage ByteCount = 13086
LCMessage ByteCount = 597
ConsensusMessage ByteCount = 57468987
--- Measurements after 127000 ops (1000 samples) ---
Throughput = 6666.6665 operations/sec (Maximum observed: 6711.409 ops/sec)
Total latency = 2.0170399585745E7 (+/- 0) us 
Consensus latency = 0.0 (+/- 0) us 
Pre-consensus latency = 0.0 (+/- 0) us 
Pos-consensus latency = -2.107292128539341E12 (+/- 0) us 
Propose latency = 0.0 (+/- 0) us 
Write latency = 0.0 (+/- 0) us 
Accept latency = 0.0 (+/- 0) us 
Batch average size = NaN (+/- 0) requests
TOMMessage ByteCount = 78387046
StandardSMMessage ByteCount = 13086
LCMessage ByteCount = 597
ConsensusMessage ByteCount = 57468987
--- Measurements after 128000 ops (1000 samples) ---
Throughput = 6578.9473 operations/sec (Maximum observed: 6711.409 ops/sec)
Total latency = 2.0283816075315E7 (+/- 0) us 
Consensus latency = 0.0 (+/- 0) us 
Pre-consensus latency = 0.0 (+/- 0) us 
Pos-consensus latency = -2.1072919772039912E12 (+/- 0) us 
Propose latency = 0.0 (+/- 0) us 
Write latency = 0.0 (+/- 0) us 
Accept latency = 0.0 (+/- 0) us 
Batch average size = NaN (+/- 0) requests
TOMMessage ByteCount = 78496605
StandardSMMessage ByteCount = 13086
LCMessage ByteCount = 597
ConsensusMessage ByteCount = 57468987
--- Measurements after 129000 ops (1000 samples) ---
Throughput = 5882.353 operations/sec (Maximum observed: 6711.409 ops/sec)
Total latency = 2.0394585261021E7 (+/- 0) us 
Consensus latency = 0.0 (+/- 0) us 
Pre-consensus latency = 0.0 (+/- 0) us 
Pos-consensus latency = -2.1072918249889082E12 (+/- 0) us 
Propose latency = 0.0 (+/- 0) us 
Write latency = 0.0 (+/- 0) us 
Accept latency = 0.0 (+/- 0) us 
Batch average size = NaN (+/- 0) requests
TOMMessage ByteCount = 78622167
StandardSMMessage ByteCount = 13086
LCMessage ByteCount = 597
ConsensusMessage ByteCount = 57468987
--- Measurements after 130000 ops (1000 samples) ---
Throughput = 6535.9478 operations/sec (Maximum observed: 6711.409 ops/sec)
Total latency = 2.0522216824049E7 (+/- 0) us 
Consensus latency = 0.0 (+/- 0) us 
Pre-consensus latency = 0.0 (+/- 0) us 
Pos-consensus latency = -2.1072916544190503E12 (+/- 0) us 
Propose latency = 0.0 (+/- 0) us 
Write latency = 0.0 (+/- 0) us 
Accept latency = 0.0 (+/- 0) us 
Batch average size = NaN (+/- 0) requests
TOMMessage ByteCount = 78712030
StandardSMMessage ByteCount = 13086
LCMessage ByteCount = 597
ConsensusMessage ByteCount = 57468987
--- Measurements after 131000 ops (1000 samples) ---
Throughput = 6578.9473 operations/sec (Maximum observed: 6711.409 ops/sec)
Total latency = 2.0633225947181E7 (+/- 0) us 
Consensus latency = 0.0 (+/- 0) us 
Pre-consensus latency = 0.0 (+/- 0) us 
Pos-consensus latency = -2.1072915013812334E12 (+/- 0) us 
Propose latency = 0.0 (+/- 0) us 
Write latency = 0.0 (+/- 0) us 
Accept latency = 0.0 (+/- 0) us 
Batch average size = NaN (+/- 0) requests
TOMMessage ByteCount = 78810510
StandardSMMessage ByteCount = 13086
LCMessage ByteCount = 597
ConsensusMessage ByteCount = 57468987
--- Measurements after 132000 ops (1000 samples) ---
Throughput = 6578.9473 operations/sec (Maximum observed: 6711.409 ops/sec)
Total latency = 2.0737744680513002E7 (+/- 0) us 
Consensus latency = 0.0 (+/- 0) us 
Pre-consensus latency = 0.0 (+/- 0) us 
Pos-consensus latency = -2.107291349449147E12 (+/- 0) us 
Propose latency = 0.0 (+/- 0) us 
Write latency = 0.0 (+/- 0) us 
Accept latency = 0.0 (+/- 0) us 
Batch average size = NaN (+/- 0) requests
TOMMessage ByteCount = 78897911
StandardSMMessage ByteCount = 13086
LCMessage ByteCount = 597
ConsensusMessage ByteCount = 57468987
--- Measurements after 133000 ops (1000 samples) ---
Throughput = 5952.381 operations/sec (Maximum observed: 6711.409 ops/sec)
Total latency = 2.0847626187138E7 (+/- 0) us 
Consensus latency = 0.0 (+/- 0) us 
Pre-consensus latency = 0.0 (+/- 0) us 
Pos-consensus latency = -2.1072911970406035E12 (+/- 0) us 
Propose latency = 0.0 (+/- 0) us 
Write latency = 0.0 (+/- 0) us 
Accept latency = 0.0 (+/- 0) us 
Batch average size = NaN (+/- 0) requests
TOMMessage ByteCount = 79024704
StandardSMMessage ByteCount = 13086
LCMessage ByteCount = 597
ConsensusMessage ByteCount = 57468987
--- Measurements after 134000 ops (1000 samples) ---
Throughput = 6493.5063 operations/sec (Maximum observed: 6711.409 ops/sec)
Total latency = 2.0980856771332E7 (+/- 0) us 
Consensus latency = 0.0 (+/- 0) us 
Pre-consensus latency = 0.0 (+/- 0) us 
Pos-consensus latency = -2.1072910280254414E12 (+/- 0) us 
Propose latency = 0.0 (+/- 0) us 
Write latency = 0.0 (+/- 0) us 
Accept latency = 0.0 (+/- 0) us 
Batch average size = NaN (+/- 0) requests
TOMMessage ByteCount = 79103488
StandardSMMessage ByteCount = 13086
LCMessage ByteCount = 597
ConsensusMessage ByteCount = 57468987
--- Measurements after 135000 ops (1000 samples) ---
Throughput = 6493.5063 operations/sec (Maximum observed: 6711.409 ops/sec)
Total latency = 2.1101328205178E7 (+/- 0) us 
Consensus latency = 0.0 (+/- 0) us 
Pre-consensus latency = 0.0 (+/- 0) us 
Pos-consensus latency = -2.107290874127973E12 (+/- 0) us 
Propose latency = 0.0 (+/- 0) us 
Write latency = 0.0 (+/- 0) us 
Accept latency = 0.0 (+/- 0) us 
Batch average size = NaN (+/- 0) requests
TOMMessage ByteCount = 79201968
StandardSMMessage ByteCount = 13086
LCMessage ByteCount = 597
ConsensusMessage ByteCount = 57468987
--- Measurements after 136000 ops (1000 samples) ---
Throughput = 6535.9478 operations/sec (Maximum observed: 6711.409 ops/sec)
Total latency = 2.121647599096E7 (+/- 0) us 
Consensus latency = 0.0 (+/- 0) us 
Pre-consensus latency = 0.0 (+/- 0) us 
Pos-consensus latency = -2.107290719633338E12 (+/- 0) us 
Propose latency = 0.0 (+/- 0) us 
Write latency = 0.0 (+/- 0) us 
Accept latency = 0.0 (+/- 0) us 
Batch average size = NaN (+/- 0) requests
TOMMessage ByteCount = 79300448
StandardSMMessage ByteCount = 13086
LCMessage ByteCount = 597
ConsensusMessage ByteCount = 57468987
--- Measurements after 137000 ops (1000 samples) ---
Throughput = 5988.024 operations/sec (Maximum observed: 6711.409 ops/sec)
Total latency = 2.1327573833078E7 (+/- 0) us 
Consensus latency = 0.0 (+/- 0) us 
Pre-consensus latency = 0.0 (+/- 0) us 
Pos-consensus latency = -2.1072905660829722E12 (+/- 0) us 
Propose latency = 0.0 (+/- 0) us 
Write latency = 0.0 (+/- 0) us 
Accept latency = 0.0 (+/- 0) us 
Batch average size = NaN (+/- 0) requests
TOMMessage ByteCount = 79427241
StandardSMMessage ByteCount = 13086
LCMessage ByteCount = 597
ConsensusMessage ByteCount = 57468987
--- Measurements after 138000 ops (1000 samples) ---
Throughput = 6535.9478 operations/sec (Maximum observed: 6711.409 ops/sec)
Total latency = 2.1456064869404E7 (+/- 0) us 
Consensus latency = 0.0 (+/- 0) us 
Pre-consensus latency = 0.0 (+/- 0) us 
Pos-consensus latency = -2.107290398995054E12 (+/- 0) us 
Propose latency = 0.0 (+/- 0) us 
Write latency = 0.0 (+/- 0) us 
Accept latency = 0.0 (+/- 0) us 
Batch average size = NaN (+/- 0) requests
TOMMessage ByteCount = 79531876
StandardSMMessage ByteCount = 13086
LCMessage ByteCount = 597
ConsensusMessage ByteCount = 57468987
--- Measurements after 139000 ops (1000 samples) ---
Throughput = 6578.9473 operations/sec (Maximum observed: 6711.409 ops/sec)
Total latency = 2.1563626020009E7 (+/- 0) us 
Consensus latency = 0.0 (+/- 0) us 
Pre-consensus latency = 0.0 (+/- 0) us 
Pos-consensus latency = -2.1072902465709182E12 (+/- 0) us 
Propose latency = 0.0 (+/- 0) us 
Write latency = 0.0 (+/- 0) us 
Accept latency = 0.0 (+/- 0) us 
Batch average size = NaN (+/- 0) requests
TOMMessage ByteCount = 79631587
StandardSMMessage ByteCount = 13086
LCMessage ByteCount = 597
ConsensusMessage ByteCount = 57468987
--- Measurements after 140000 ops (1000 samples) ---
Throughput = 6535.9478 operations/sec (Maximum observed: 6711.409 ops/sec)
Total latency = 2.1661500677871E7 (+/- 0) us 
Consensus latency = 0.0 (+/- 0) us 
Pre-consensus latency = 0.0 (+/- 0) us 
Pos-consensus latency = -2.1072900940599998E12 (+/- 0) us 
Propose latency = 0.0 (+/- 0) us 
Write latency = 0.0 (+/- 0) us 
Accept latency = 0.0 (+/- 0) us 
Batch average size = NaN (+/- 0) requests
TOMMessage ByteCount = 79672210
StandardSMMessage ByteCount = 13086
LCMessage ByteCount = 597
ConsensusMessage ByteCount = 57468987
--- Measurements after 141000 ops (1000 samples) ---
Throughput = 5952.381 operations/sec (Maximum observed: 6711.409 ops/sec)
Total latency = 2.1772947885208E7 (+/- 0) us 
Consensus latency = 0.0 (+/- 0) us 
Pre-consensus latency = 0.0 (+/- 0) us 
Pos-consensus latency = -2.1072899407442393E12 (+/- 0) us 
Propose latency = 0.0 (+/- 0) us 
Write latency = 0.0 (+/- 0) us 
Accept latency = 0.0 (+/- 0) us 
Batch average size = NaN (+/- 0) requests
TOMMessage ByteCount = 79690675
StandardSMMessage ByteCount = 13086
LCMessage ByteCount = 597
ConsensusMessage ByteCount = 57468987
--- Measurements after 142000 ops (1000 samples) ---
Throughput = 6578.9473 operations/sec (Maximum observed: 6711.409 ops/sec)
Total latency = 2.1902855169306E7 (+/- 0) us 
Consensus latency = 0.0 (+/- 0) us 
Pre-consensus latency = 0.0 (+/- 0) us 
Pos-consensus latency = -2.1072897736790464E12 (+/- 0) us 
Propose latency = 0.0 (+/- 0) us 
Write latency = 0.0 (+/- 0) us 
Accept latency = 0.0 (+/- 0) us 
Batch average size = NaN (+/- 0) requests
TOMMessage ByteCount = 79709140
StandardSMMessage ByteCount = 13086
LCMessage ByteCount = 597
ConsensusMessage ByteCount = 57468987
--- Measurements after 143000 ops (1000 samples) ---
Throughput = 6578.9473 operations/sec (Maximum observed: 6711.409 ops/sec)
Total latency = 2.2022987623558998E7 (+/- 0) us 
Consensus latency = 0.0 (+/- 0) us 
Pre-consensus latency = 0.0 (+/- 0) us 
Pos-consensus latency = -2.107289622092416E12 (+/- 0) us 
Propose latency = 0.0 (+/- 0) us 
Write latency = 0.0 (+/- 0) us 
Accept latency = 0.0 (+/- 0) us 
Batch average size = NaN (+/- 0) requests
TOMMessage ByteCount = 79725143
StandardSMMessage ByteCount = 13086
LCMessage ByteCount = 597
ConsensusMessage ByteCount = 57468987
--- Measurements after 144000 ops (1000 samples) ---
Throughput = 6622.5166 operations/sec (Maximum observed: 6711.409 ops/sec)
Total latency = 2.2143902402576998E7 (+/- 0) us 
Consensus latency = 0.0 (+/- 0) us 
Pre-consensus latency = 0.0 (+/- 0) us 
Pos-consensus latency = -2.1072894703585078E12 (+/- 0) us 
Propose latency = 0.0 (+/- 0) us 
Write latency = 0.0 (+/- 0) us 
Accept latency = 0.0 (+/- 0) us 
Batch average size = NaN (+/- 0) requests
TOMMessage ByteCount = 79738684
StandardSMMessage ByteCount = 13086
LCMessage ByteCount = 597
ConsensusMessage ByteCount = 57468987
--- Measurements after 145000 ops (1000 samples) ---
Throughput = 6578.9473 operations/sec (Maximum observed: 6711.409 ops/sec)
Total latency = 2.2266553610209998E7 (+/- 0) us 
Consensus latency = 0.0 (+/- 0) us 
Pre-consensus latency = 0.0 (+/- 0) us 
Pos-consensus latency = -2.1072893184699807E12 (+/- 0) us 
Propose latency = 0.0 (+/- 0) us 
Write latency = 0.0 (+/- 0) us 
Accept latency = 0.0 (+/- 0) us 
Batch average size = NaN (+/- 0) requests
TOMMessage ByteCount = 79769459
StandardSMMessage ByteCount = 13086
LCMessage ByteCount = 597
ConsensusMessage ByteCount = 57468987
--- Measurements after 146000 ops (1000 samples) ---
Throughput = 5988.024 operations/sec (Maximum observed: 6711.409 ops/sec)
Total latency = 2.2407207242990002E7 (+/- 0) us 
Consensus latency = 0.0 (+/- 0) us 
Pre-consensus latency = 0.0 (+/- 0) us 
Pos-consensus latency = -2.1072891504083757E12 (+/- 0) us 
Propose latency = 0.0 (+/- 0) us 
Write latency = 0.0 (+/- 0) us 
Accept latency = 0.0 (+/- 0) us 
Batch average size = NaN (+/- 0) requests
TOMMessage ByteCount = 79808851
StandardSMMessage ByteCount = 13086
LCMessage ByteCount = 597
ConsensusMessage ByteCount = 57468987
--- Measurements after 147000 ops (1000 samples) ---
Throughput = 6535.9478 operations/sec (Maximum observed: 6711.409 ops/sec)
Total latency = 2.2531831365076E7 (+/- 0) us 
Consensus latency = 0.0 (+/- 0) us 
Pre-consensus latency = 0.0 (+/- 0) us 
Pos-consensus latency = -2.1072889984628184E12 (+/- 0) us 
Propose latency = 0.0 (+/- 0) us 
Write latency = 0.0 (+/- 0) us 
Accept latency = 0.0 (+/- 0) us 
Batch average size = NaN (+/- 0) requests
TOMMessage ByteCount = 79827316
StandardSMMessage ByteCount = 13086
LCMessage ByteCount = 597
ConsensusMessage ByteCount = 57468987
--- Measurements after 148000 ops (1000 samples) ---
Throughput = 6493.5063 operations/sec (Maximum observed: 6711.409 ops/sec)
Total latency = 2.2661771540986E7 (+/- 0) us 
Consensus latency = 0.0 (+/- 0) us 
Pre-consensus latency = 0.0 (+/- 0) us 
Pos-consensus latency = -2.107288844667514E12 (+/- 0) us 
Propose latency = 0.0 (+/- 0) us 
Write latency = 0.0 (+/- 0) us 
Accept latency = 0.0 (+/- 0) us 
Batch average size = NaN (+/- 0) requests
TOMMessage ByteCount = 79839626
StandardSMMessage ByteCount = 13086
LCMessage ByteCount = 597
ConsensusMessage ByteCount = 57468987
--- Measurements after 149000 ops (1000 samples) ---
Throughput = 6622.5166 operations/sec (Maximum observed: 6711.409 ops/sec)
Total latency = 2.2790348596191E7 (+/- 0) us 
Consensus latency = 0.0 (+/- 0) us 
Pre-consensus latency = 0.0 (+/- 0) us 
Pos-consensus latency = -2.1072886915158257E12 (+/- 0) us 
Propose latency = 0.0 (+/- 0) us 
Write latency = 0.0 (+/- 0) us 
Accept latency = 0.0 (+/- 0) us 
Batch average size = NaN (+/- 0) requests
TOMMessage ByteCount = 79871632
StandardSMMessage ByteCount = 13086
LCMessage ByteCount = 597
ConsensusMessage ByteCount = 57468987
--- Measurements after 150000 ops (1000 samples) ---
Throughput = 5988.024 operations/sec (Maximum observed: 6711.409 ops/sec)
Total latency = 2.2928563801188E7 (+/- 0) us 
Consensus latency = 0.0 (+/- 0) us 
Pre-consensus latency = 0.0 (+/- 0) us 
Pos-consensus latency = -2.107288525737916E12 (+/- 0) us 
Propose latency = 0.0 (+/- 0) us 
Write latency = 0.0 (+/- 0) us 
Accept latency = 0.0 (+/- 0) us 
Batch average size = NaN (+/- 0) requests
TOMMessage ByteCount = 79890097
StandardSMMessage ByteCount = 13086
LCMessage ByteCount = 597
ConsensusMessage ByteCount = 57468987
--- Measurements after 151000 ops (1000 samples) ---
Throughput = 6666.6665 operations/sec (Maximum observed: 6711.409 ops/sec)
Total latency = 2.3055974909894E7 (+/- 0) us 
Consensus latency = 0.0 (+/- 0) us 
Pre-consensus latency = 0.0 (+/- 0) us 
Pos-consensus latency = -2.1072883746927048E12 (+/- 0) us 
Propose latency = 0.0 (+/- 0) us 
Write latency = 0.0 (+/- 0) us 
Accept latency = 0.0 (+/- 0) us 
Batch average size = NaN (+/- 0) requests
TOMMessage ByteCount = 79908562
StandardSMMessage ByteCount = 13086
LCMessage ByteCount = 597
ConsensusMessage ByteCount = 57468987
--- Measurements after 152000 ops (1000 samples) ---
Throughput = 6711.409 operations/sec (Maximum observed: 6711.409 ops/sec)
Total latency = 2.3181964715710998E7 (+/- 0) us 
Consensus latency = 0.0 (+/- 0) us 
Pre-consensus latency = 0.0 (+/- 0) us 
Pos-consensus latency = -2.1072882250619915E12 (+/- 0) us 
Propose latency = 0.0 (+/- 0) us 
Write latency = 0.0 (+/- 0) us 
Accept latency = 0.0 (+/- 0) us 
Batch average size = NaN (+/- 0) requests
TOMMessage ByteCount = 79938106
StandardSMMessage ByteCount = 13086
LCMessage ByteCount = 597
ConsensusMessage ByteCount = 57468987
--- Measurements after 153000 ops (1000 samples) ---
Throughput = 6711.409 operations/sec (Maximum observed: 6711.409 ops/sec)
Total latency = 2.3308349883028E7 (+/- 0) us 
Consensus latency = 0.0 (+/- 0) us 
Pre-consensus latency = 0.0 (+/- 0) us 
Pos-consensus latency = -2.1072880757096826E12 (+/- 0) us 
Propose latency = 0.0 (+/- 0) us 
Write latency = 0.0 (+/- 0) us 
Accept latency = 0.0 (+/- 0) us 
Batch average size = NaN (+/- 0) requests
TOMMessage ByteCount = 79954109
StandardSMMessage ByteCount = 13086
LCMessage ByteCount = 597
ConsensusMessage ByteCount = 57468987
--- Measurements after 154000 ops (1000 samples) ---
Throughput = 6024.096 operations/sec (Maximum observed: 6711.409 ops/sec)
Total latency = 2.3450043954185E7 (+/- 0) us 
Consensus latency = 0.0 (+/- 0) us 
Pre-consensus latency = 0.0 (+/- 0) us 
Pos-consensus latency = -2.1072879117257388E12 (+/- 0) us 
Propose latency = 0.0 (+/- 0) us 
Write latency = 0.0 (+/- 0) us 
Accept latency = 0.0 (+/- 0) us 
Batch average size = NaN (+/- 0) requests
TOMMessage ByteCount = 79968881
StandardSMMessage ByteCount = 13086
LCMessage ByteCount = 597
ConsensusMessage ByteCount = 57468987
--- Measurements after 155000 ops (1000 samples) ---
Throughput = 6622.5166 operations/sec (Maximum observed: 6711.409 ops/sec)
Total latency = 2.3580874017763E7 (+/- 0) us 
Consensus latency = 0.0 (+/- 0) us 
Pre-consensus latency = 0.0 (+/- 0) us 
Pos-consensus latency = -2.1072877590926812E12 (+/- 0) us 
Propose latency = 0.0 (+/- 0) us 
Write latency = 0.0 (+/- 0) us 
Accept latency = 0.0 (+/- 0) us 
Batch average size = NaN (+/- 0) requests
TOMMessage ByteCount = 79984884
StandardSMMessage ByteCount = 13086
LCMessage ByteCount = 597
ConsensusMessage ByteCount = 57468987
--- Measurements after 156000 ops (1000 samples) ---
Throughput = 6622.5166 operations/sec (Maximum observed: 6711.409 ops/sec)
Total latency = 2.3709980359107E7 (+/- 0) us 
Consensus latency = 0.0 (+/- 0) us 
Pre-consensus latency = 0.0 (+/- 0) us 
Pos-consensus latency = -2.1072876081085356E12 (+/- 0) us 
Propose latency = 0.0 (+/- 0) us 
Write latency = 0.0 (+/- 0) us 
Accept latency = 0.0 (+/- 0) us 
Batch average size = NaN (+/- 0) requests
TOMMessage ByteCount = 79993501
StandardSMMessage ByteCount = 13086
LCMessage ByteCount = 597
ConsensusMessage ByteCount = 57468987
--- Measurements after 157000 ops (1000 samples) ---
Throughput = 6666.6665 operations/sec (Maximum observed: 6711.409 ops/sec)
Total latency = 2.3838694618685E7 (+/- 0) us 
Consensus latency = 0.0 (+/- 0) us 
Pre-consensus latency = 0.0 (+/- 0) us 
Pos-consensus latency = -2.107287457776004E12 (+/- 0) us 
Propose latency = 0.0 (+/- 0) us 
Write latency = 0.0 (+/- 0) us 
Accept latency = 0.0 (+/- 0) us 
Batch average size = NaN (+/- 0) requests
TOMMessage ByteCount = 80117832
StandardSMMessage ByteCount = 13086
LCMessage ByteCount = 597
ConsensusMessage ByteCount = 57468987
--- Measurements after 158000 ops (1000 samples) ---
Throughput = 5917.1597 operations/sec (Maximum observed: 6711.409 ops/sec)
Total latency = 2.3976618724276002E7 (+/- 0) us 
Consensus latency = 0.0 (+/- 0) us 
Pre-consensus latency = 0.0 (+/- 0) us 
Pos-consensus latency = -2.1072872928954402E12 (+/- 0) us 
Propose latency = 0.0 (+/- 0) us 
Write latency = 0.0 (+/- 0) us 
Accept latency = 0.0 (+/- 0) us 
Batch average size = NaN (+/- 0) requests
TOMMessage ByteCount = 80426813
StandardSMMessage ByteCount = 13086
LCMessage ByteCount = 597
ConsensusMessage ByteCount = 57468987
--- Measurements after 159000 ops (1000 samples) ---
Throughput = 6666.6665 operations/sec (Maximum observed: 6711.409 ops/sec)
Total latency = 2.4104701362882E7 (+/- 0) us 
Consensus latency = 0.0 (+/- 0) us 
Pre-consensus latency = 0.0 (+/- 0) us 
Pos-consensus latency = -2.10728713878621E12 (+/- 0) us 
Propose latency = 0.0 (+/- 0) us 
Write latency = 0.0 (+/- 0) us 
Accept latency = 0.0 (+/- 0) us 
Batch average size = NaN (+/- 0) requests
TOMMessage ByteCount = 80780110
StandardSMMessage ByteCount = 13086
LCMessage ByteCount = 597
ConsensusMessage ByteCount = 57468987
--- Measurements after 160000 ops (1000 samples) ---
Throughput = 6666.6665 operations/sec (Maximum observed: 6711.409 ops/sec)
Total latency = 2.4231896470585E7 (+/- 0) us 
Consensus latency = 0.0 (+/- 0) us 
Pre-consensus latency = 0.0 (+/- 0) us 
Pos-consensus latency = -2.1072869882299287E12 (+/- 0) us 
Propose latency = 0.0 (+/- 0) us 
Write latency = 0.0 (+/- 0) us 
Accept latency = 0.0 (+/- 0) us 
Batch average size = NaN (+/- 0) requests
TOMMessage ByteCount = 81118635
StandardSMMessage ByteCount = 13086
LCMessage ByteCount = 597
ConsensusMessage ByteCount = 57468987
--- Measurements after 161000 ops (1000 samples) ---
Throughput = 6622.5166 operations/sec (Maximum observed: 6711.409 ops/sec)
Total latency = 2.4358523994891997E7 (+/- 0) us 
Consensus latency = 0.0 (+/- 0) us 
Pre-consensus latency = 0.0 (+/- 0) us 
Pos-consensus latency = -2.1072868380157063E12 (+/- 0) us 
Propose latency = 0.0 (+/- 0) us 
Write latency = 0.0 (+/- 0) us 
Accept latency = 0.0 (+/- 0) us 
Batch average size = NaN (+/- 0) requests
TOMMessage ByteCount = 81446081
StandardSMMessage ByteCount = 13086
LCMessage ByteCount = 597
ConsensusMessage ByteCount = 57468987
--- Measurements after 162000 ops (1000 samples) ---
Throughput = 6024.096 operations/sec (Maximum observed: 6711.409 ops/sec)
Total latency = 2.4498395726737E7 (+/- 0) us 
Consensus latency = 0.0 (+/- 0) us 
Pre-consensus latency = 0.0 (+/- 0) us 
Pos-consensus latency = -2.1072866749203806E12 (+/- 0) us 
Propose latency = 0.0 (+/- 0) us 
Write latency = 0.0 (+/- 0) us 
Accept latency = 0.0 (+/- 0) us 
Batch average size = NaN (+/- 0) requests
TOMMessage ByteCount = 81799378
StandardSMMessage ByteCount = 13086
LCMessage ByteCount = 597
ConsensusMessage ByteCount = 57468987
--- Measurements after 163000 ops (1000 samples) ---
Throughput = 6666.6665 operations/sec (Maximum observed: 6711.409 ops/sec)
Total latency = 2.4624421760443002E7 (+/- 0) us 
Consensus latency = 0.0 (+/- 0) us 
Pre-consensus latency = 0.0 (+/- 0) us 
Pos-consensus latency = -2.1072865215531924E12 (+/- 0) us 
Propose latency = 0.0 (+/- 0) us 
Write latency = 0.0 (+/- 0) us 
Accept latency = 0.0 (+/- 0) us 
Batch average size = NaN (+/- 0) requests
TOMMessage ByteCount = 82116976
StandardSMMessage ByteCount = 13086
LCMessage ByteCount = 597
ConsensusMessage ByteCount = 57468987
--- Measurements after 164000 ops (1000 samples) ---
Throughput = 6666.6665 operations/sec (Maximum observed: 6711.409 ops/sec)
Total latency = 2.4747103347089E7 (+/- 0) us 
Consensus latency = 0.0 (+/- 0) us 
Pre-consensus latency = 0.0 (+/- 0) us 
Pos-consensus latency = -2.1072863713813662E12 (+/- 0) us 
Propose latency = 0.0 (+/- 0) us 
Write latency = 0.0 (+/- 0) us 
Accept latency = 0.0 (+/- 0) us 
Batch average size = NaN (+/- 0) requests
TOMMessage ByteCount = 82427188
StandardSMMessage ByteCount = 13086
LCMessage ByteCount = 597
ConsensusMessage ByteCount = 57468987
--- Measurements after 165000 ops (1000 samples) ---
Throughput = 6622.5166 operations/sec (Maximum observed: 6711.409 ops/sec)
Total latency = 2.4874384718693E7 (+/- 0) us 
Consensus latency = 0.0 (+/- 0) us 
Pre-consensus latency = 0.0 (+/- 0) us 
Pos-consensus latency = -2.1072862211772915E12 (+/- 0) us 
Propose latency = 0.0 (+/- 0) us 
Write latency = 0.0 (+/- 0) us 
Accept latency = 0.0 (+/- 0) us 
Batch average size = NaN (+/- 0) requests
TOMMessage ByteCount = 82753403
StandardSMMessage ByteCount = 13086
LCMessage ByteCount = 597
ConsensusMessage ByteCount = 57468987
--- Measurements after 166000 ops (1000 samples) ---
Throughput = 5882.353 operations/sec (Maximum observed: 6711.409 ops/sec)
Total latency = 2.5016889645736E7 (+/- 0) us 
Consensus latency = 0.0 (+/- 0) us 
Pre-consensus latency = 0.0 (+/- 0) us 
Pos-consensus latency = -2.1072860552536467E12 (+/- 0) us 
Propose latency = 0.0 (+/- 0) us 
Write latency = 0.0 (+/- 0) us 
Accept latency = 0.0 (+/- 0) us 
Batch average size = NaN (+/- 0) requests
TOMMessage ByteCount = 83106700
StandardSMMessage ByteCount = 13086
LCMessage ByteCount = 597
ConsensusMessage ByteCount = 57468987
--- Measurements after 167000 ops (1000 samples) ---
Throughput = 6578.9473 operations/sec (Maximum observed: 6711.409 ops/sec)
Total latency = 2.5149555379275E7 (+/- 0) us 
Consensus latency = 0.0 (+/- 0) us 
Pre-consensus latency = 0.0 (+/- 0) us 
Pos-consensus latency = -2.1072858995979182E12 (+/- 0) us 
Propose latency = 0.0 (+/- 0) us 
Write latency = 0.0 (+/- 0) us 
Accept latency = 0.0 (+/- 0) us 
Batch average size = NaN (+/- 0) requests
TOMMessage ByteCount = 83437839
StandardSMMessage ByteCount = 13086
LCMessage ByteCount = 597
ConsensusMessage ByteCount = 57468987
--- Measurements after 168000 ops (1000 samples) ---
Throughput = 6493.5063 operations/sec (Maximum observed: 6711.409 ops/sec)
Total latency = 2.5279972157539003E7 (+/- 0) us 
Consensus latency = 0.0 (+/- 0) us 
Pre-consensus latency = 0.0 (+/- 0) us 
Pos-consensus latency = -2.107285745930861E12 (+/- 0) us 
Propose latency = 0.0 (+/- 0) us 
Write latency = 0.0 (+/- 0) us 
Accept latency = 0.0 (+/- 0) us 
Batch average size = NaN (+/- 0) requests
TOMMessage ByteCount = 83739434
StandardSMMessage ByteCount = 13086
LCMessage ByteCount = 597
ConsensusMessage ByteCount = 57468987
--- Measurements after 169000 ops (1000 samples) ---
Throughput = 6578.9473 operations/sec (Maximum observed: 6711.409 ops/sec)
Total latency = 2.5409892031956002E7 (+/- 0) us 
Consensus latency = 0.0 (+/- 0) us 
Pre-consensus latency = 0.0 (+/- 0) us 
Pos-consensus latency = -2.1072855925209836E12 (+/- 0) us 
Propose latency = 0.0 (+/- 0) us 
Write latency = 0.0 (+/- 0) us 
Accept latency = 0.0 (+/- 0) us 
Batch average size = NaN (+/- 0) requests
TOMMessage ByteCount = 84022564
StandardSMMessage ByteCount = 13086
LCMessage ByteCount = 597
ConsensusMessage ByteCount = 57468987
--- Measurements after 170000 ops (1000 samples) ---
Throughput = 5882.353 operations/sec (Maximum observed: 6711.409 ops/sec)
Total latency = 2.5552458579834E7 (+/- 0) us 
Consensus latency = 0.0 (+/- 0) us 
Pre-consensus latency = 0.0 (+/- 0) us 
Pos-consensus latency = -2.1072854248761208E12 (+/- 0) us 
Propose latency = 0.0 (+/- 0) us 
Write latency = 0.0 (+/- 0) us 
Accept latency = 0.0 (+/- 0) us 
Batch average size = NaN (+/- 0) requests
TOMMessage ByteCount = 84341393
StandardSMMessage ByteCount = 13086
LCMessage ByteCount = 597
ConsensusMessage ByteCount = 57468987
--- Measurements after 171000 ops (1000 samples) ---
Throughput = 6578.9473 operations/sec (Maximum observed: 6711.409 ops/sec)
Total latency = 2.5678018909280997E7 (+/- 0) us 
Consensus latency = 0.0 (+/- 0) us 
Pre-consensus latency = 0.0 (+/- 0) us 
Pos-consensus latency = -2.1072852700396218E12 (+/- 0) us 
Propose latency = 0.0 (+/- 0) us 
Write latency = 0.0 (+/- 0) us 
Accept latency = 0.0 (+/- 0) us 
Batch average size = NaN (+/- 0) requests
TOMMessage ByteCount = 84608520
StandardSMMessage ByteCount = 13086
LCMessage ByteCount = 597
ConsensusMessage ByteCount = 57468987
--- Measurements after 172000 ops (1000 samples) ---
Throughput = 6622.5166 operations/sec (Maximum observed: 6711.409 ops/sec)
Total latency = 2.5800207299023997E7 (+/- 0) us 
Consensus latency = 0.0 (+/- 0) us 
Pre-consensus latency = 0.0 (+/- 0) us 
Pos-consensus latency = -2.107285118443717E12 (+/- 0) us 
Propose latency = 0.0 (+/- 0) us 
Write latency = 0.0 (+/- 0) us 
Accept latency = 0.0 (+/- 0) us 
Batch average size = NaN (+/- 0) requests
TOMMessage ByteCount = 84794401
StandardSMMessage ByteCount = 13086
LCMessage ByteCount = 597
ConsensusMessage ByteCount = 57468987
--- Measurements after 173000 ops (1000 samples) ---
Throughput = 6535.9478 operations/sec (Maximum observed: 6711.409 ops/sec)
Total latency = 2.5927703269571997E7 (+/- 0) us 
Consensus latency = 0.0 (+/- 0) us 
Pre-consensus latency = 0.0 (+/- 0) us 
Pos-consensus latency = -2.1072849672340642E12 (+/- 0) us 
Propose latency = 0.0 (+/- 0) us 
Write latency = 0.0 (+/- 0) us 
Accept latency = 0.0 (+/- 0) us 
Batch average size = NaN (+/- 0) requests
TOMMessage ByteCount = 84976589
StandardSMMessage ByteCount = 13086
LCMessage ByteCount = 597
ConsensusMessage ByteCount = 57468987
--- Measurements after 174000 ops (1000 samples) ---
Throughput = 4587.156 operations/sec (Maximum observed: 6711.409 ops/sec)
Total latency = 2.6092109530631002E7 (+/- 0) us 
Consensus latency = 0.0 (+/- 0) us 
Pre-consensus latency = 0.0 (+/- 0) us 
Pos-consensus latency = -2.1072847788467832E12 (+/- 0) us 
Propose latency = 0.0 (+/- 0) us 
Write latency = 0.0 (+/- 0) us 
Accept latency = 0.0 (+/- 0) us 
Batch average size = NaN (+/- 0) requests
TOMMessage ByteCount = 85216634
StandardSMMessage ByteCount = 13086
LCMessage ByteCount = 597
ConsensusMessage ByteCount = 57468987
--- Measurements after 175000 ops (1000 samples) ---
Throughput = 4761.905 operations/sec (Maximum observed: 6711.409 ops/sec)
Total latency = 2.6279545607787997E7 (+/- 0) us 
Consensus latency = 0.0 (+/- 0) us 
Pre-consensus latency = 0.0 (+/- 0) us 
Pos-consensus latency = -2.107284567837621E12 (+/- 0) us 
Propose latency = 0.0 (+/- 0) us 
Write latency = 0.0 (+/- 0) us 
Accept latency = 0.0 (+/- 0) us 
Batch average size = NaN (+/- 0) requests
TOMMessage ByteCount = 85440676
StandardSMMessage ByteCount = 13086
LCMessage ByteCount = 597
ConsensusMessage ByteCount = 57468987
--- Measurements after 176000 ops (1000 samples) ---
Throughput = 4716.981 operations/sec (Maximum observed: 6711.409 ops/sec)
Total latency = 2.6467075826915E7 (+/- 0) us 
Consensus latency = 0.0 (+/- 0) us 
Pre-consensus latency = 0.0 (+/- 0) us 
Pos-consensus latency = -2.107284355320607E12 (+/- 0) us 
Propose latency = 0.0 (+/- 0) us 
Write latency = 0.0 (+/- 0) us 
Accept latency = 0.0 (+/- 0) us 
Batch average size = NaN (+/- 0) requests
TOMMessage ByteCount = 85627788
StandardSMMessage ByteCount = 13086
LCMessage ByteCount = 597
ConsensusMessage ByteCount = 57468987
--- Measurements after 177000 ops (1000 samples) ---
Throughput = 4716.981 operations/sec (Maximum observed: 6711.409 ops/sec)
Total latency = 2.6647176882436E7 (+/- 0) us 
Consensus latency = 0.0 (+/- 0) us 
Pre-consensus latency = 0.0 (+/- 0) us 
Pos-consensus latency = -2.107284144194652E12 (+/- 0) us 
Propose latency = 0.0 (+/- 0) us 
Write latency = 0.0 (+/- 0) us 
Accept latency = 0.0 (+/- 0) us 
Batch average size = NaN (+/- 0) requests
TOMMessage ByteCount = 85853061
StandardSMMessage ByteCount = 13086
LCMessage ByteCount = 597
ConsensusMessage ByteCount = 57468987
--- Measurements after 178000 ops (1000 samples) ---
Throughput = 4032.258 operations/sec (Maximum observed: 6711.409 ops/sec)
Total latency = 2.6865470563833002E7 (+/- 0) us 
Consensus latency = 0.0 (+/- 0) us 
Pre-consensus latency = 0.0 (+/- 0) us 
Pos-consensus latency = -2.1072839008610256E12 (+/- 0) us 
Propose latency = 0.0 (+/- 0) us 
Write latency = 0.0 (+/- 0) us 
Accept latency = 0.0 (+/- 0) us 
Batch average size = NaN (+/- 0) requests
TOMMessage ByteCount = 86062331
StandardSMMessage ByteCount = 13086
LCMessage ByteCount = 597
ConsensusMessage ByteCount = 57468987
--- Measurements after 179000 ops (1000 samples) ---
Throughput = 4761.905 operations/sec (Maximum observed: 6711.409 ops/sec)
Total latency = 2.7055144163974997E7 (+/- 0) us 
Consensus latency = 0.0 (+/- 0) us 
Pre-consensus latency = 0.0 (+/- 0) us 
Pos-consensus latency = -2.1072836848217878E12 (+/- 0) us 
Propose latency = 0.0 (+/- 0) us 
Write latency = 0.0 (+/- 0) us 
Accept latency = 0.0 (+/- 0) us 
Batch average size = NaN (+/- 0) requests
TOMMessage ByteCount = 86245750
StandardSMMessage ByteCount = 13086
LCMessage ByteCount = 597
ConsensusMessage ByteCount = 57468987
--- Measurements after 180000 ops (1000 samples) ---
Throughput = 4739.3364 operations/sec (Maximum observed: 6711.409 ops/sec)
Total latency = 2.7240074824523E7 (+/- 0) us 
Consensus latency = 0.0 (+/- 0) us 
Pre-consensus latency = 0.0 (+/- 0) us 
Pos-consensus latency = -2.1072834742959397E12 (+/- 0) us 
Propose latency = 0.0 (+/- 0) us 
Write latency = 0.0 (+/- 0) us 
Accept latency = 0.0 (+/- 0) us 
Batch average size = NaN (+/- 0) requests
TOMMessage ByteCount = 86469792
StandardSMMessage ByteCount = 13086
LCMessage ByteCount = 597
ConsensusMessage ByteCount = 57468987
--- Measurements after 181000 ops (1000 samples) ---
Throughput = 4739.3364 operations/sec (Maximum observed: 6711.409 ops/sec)
Total latency = 2.7423920895293E7 (+/- 0) us 
Consensus latency = 0.0 (+/- 0) us 
Pre-consensus latency = 0.0 (+/- 0) us 
Pos-consensus latency = -2.107283263675545E12 (+/- 0) us 
Propose latency = 0.0 (+/- 0) us 
Write latency = 0.0 (+/- 0) us 
Accept latency = 0.0 (+/- 0) us 
Batch average size = NaN (+/- 0) requests
TOMMessage ByteCount = 86703682
StandardSMMessage ByteCount = 13086
LCMessage ByteCount = 597
ConsensusMessage ByteCount = 57468987
--- Measurements after 182000 ops (1000 samples) ---
Throughput = 5181.347 operations/sec (Maximum observed: 6711.409 ops/sec)
Total latency = 2.7612329756647E7 (+/- 0) us 
Consensus latency = 0.0 (+/- 0) us 
Pre-consensus latency = 0.0 (+/- 0) us 
Pos-consensus latency = -2.107283047582838E12 (+/- 0) us 
Propose latency = 0.0 (+/- 0) us 
Write latency = 0.0 (+/- 0) us 
Accept latency = 0.0 (+/- 0) us 
Batch average size = NaN (+/- 0) requests
TOMMessage ByteCount = 86994198
StandardSMMessage ByteCount = 13086
LCMessage ByteCount = 597
ConsensusMessage ByteCount = 57468987
--- Measurements after 183000 ops (1000 samples) ---
Throughput = 6451.613 operations/sec (Maximum observed: 6711.409 ops/sec)
Total latency = 2.7732531314099E7 (+/- 0) us 
Consensus latency = 0.0 (+/- 0) us 
Pre-consensus latency = 0.0 (+/- 0) us 
Pos-consensus latency = -2.1072828868217495E12 (+/- 0) us 
Propose latency = 0.0 (+/- 0) us 
Write latency = 0.0 (+/- 0) us 
Accept latency = 0.0 (+/- 0) us 
Batch average size = NaN (+/- 0) requests
TOMMessage ByteCount = 87319182
StandardSMMessage ByteCount = 13086
LCMessage ByteCount = 597
ConsensusMessage ByteCount = 57468987
--- Measurements after 184000 ops (1000 samples) ---
Throughput = 6451.613 operations/sec (Maximum observed: 6711.409 ops/sec)
Total latency = 2.785817895025E7 (+/- 0) us 
Consensus latency = 0.0 (+/- 0) us 
Pre-consensus latency = 0.0 (+/- 0) us 
Pos-consensus latency = -2.1072827323701257E12 (+/- 0) us 
Propose latency = 0.0 (+/- 0) us 
Write latency = 0.0 (+/- 0) us 
Accept latency = 0.0 (+/- 0) us 
Batch average size = NaN (+/- 0) requests
TOMMessage ByteCount = 87612160
StandardSMMessage ByteCount = 13086
LCMessage ByteCount = 597
ConsensusMessage ByteCount = 57468987
--- Measurements after 185000 ops (1000 samples) ---
Throughput = 6535.9478 operations/sec (Maximum observed: 6711.409 ops/sec)
Total latency = 2.7985026952904E7 (+/- 0) us 
Consensus latency = 0.0 (+/- 0) us 
Pre-consensus latency = 0.0 (+/- 0) us 
Pos-consensus latency = -2.1072825782646472E12 (+/- 0) us 
Propose latency = 0.0 (+/- 0) us 
Write latency = 0.0 (+/- 0) us 
Accept latency = 0.0 (+/- 0) us 
Batch average size = NaN (+/- 0) requests
TOMMessage ByteCount = 87916217
StandardSMMessage ByteCount = 13086
LCMessage ByteCount = 597
ConsensusMessage ByteCount = 57468987
--- Measurements after 186000 ops (1000 samples) ---
Throughput = 5988.024 operations/sec (Maximum observed: 6711.409 ops/sec)
Total latency = 2.8123516302215E7 (+/- 0) us 
Consensus latency = 0.0 (+/- 0) us 
Pre-consensus latency = 0.0 (+/- 0) us 
Pos-consensus latency = -2.1072824133421633E12 (+/- 0) us 
Propose latency = 0.0 (+/- 0) us 
Write latency = 0.0 (+/- 0) us 
Accept latency = 0.0 (+/- 0) us 
Batch average size = NaN (+/- 0) requests
TOMMessage ByteCount = 88159955
StandardSMMessage ByteCount = 13086
LCMessage ByteCount = 597
ConsensusMessage ByteCount = 57468987
--- Measurements after 187000 ops (1000 samples) ---
Throughput = 6666.6665 operations/sec (Maximum observed: 6711.409 ops/sec)
Total latency = 2.8250256160555E7 (+/- 0) us 
Consensus latency = 0.0 (+/- 0) us 
Pre-consensus latency = 0.0 (+/- 0) us 
Pos-consensus latency = -2.1072822581681404E12 (+/- 0) us 
Propose latency = 0.0 (+/- 0) us 
Write latency = 0.0 (+/- 0) us 
Accept latency = 0.0 (+/- 0) us 
Batch average size = NaN (+/- 0) requests
TOMMessage ByteCount = 88409848
StandardSMMessage ByteCount = 13086
LCMessage ByteCount = 597
ConsensusMessage ByteCount = 57468987
--- Measurements after 188000 ops (1000 samples) ---
Throughput = 6578.9473 operations/sec (Maximum observed: 6711.409 ops/sec)
Total latency = 2.8373504863611E7 (+/- 0) us 
Consensus latency = 0.0 (+/- 0) us 
Pre-consensus latency = 0.0 (+/- 0) us 
Pos-consensus latency = -2.1072821073408928E12 (+/- 0) us 
Propose latency = 0.0 (+/- 0) us 
Write latency = 0.0 (+/- 0) us 
Accept latency = 0.0 (+/- 0) us 
Batch average size = NaN (+/- 0) requests
TOMMessage ByteCount = 88563723
StandardSMMessage ByteCount = 13086
LCMessage ByteCount = 597
ConsensusMessage ByteCount = 57468987
--- Measurements after 189000 ops (1000 samples) ---
Throughput = 6622.5166 operations/sec (Maximum observed: 6711.409 ops/sec)
Total latency = 2.8492995313286997E7 (+/- 0) us 
Consensus latency = 0.0 (+/- 0) us 
Pre-consensus latency = 0.0 (+/- 0) us 
Pos-consensus latency = -2.1072819556627837E12 (+/- 0) us 
Propose latency = 0.0 (+/- 0) us 
Write latency = 0.0 (+/- 0) us 
Accept latency = 0.0 (+/- 0) us 
Batch average size = NaN (+/- 0) requests
TOMMessage ByteCount = 88769300
StandardSMMessage ByteCount = 13086
LCMessage ByteCount = 597
ConsensusMessage ByteCount = 57468987
--- Measurements after 190000 ops (1000 samples) ---
Throughput = 5780.3467 operations/sec (Maximum observed: 6711.409 ops/sec)
Total latency = 2.8631997355263002E7 (+/- 0) us 
Consensus latency = 0.0 (+/- 0) us 
Pre-consensus latency = 0.0 (+/- 0) us 
Pos-consensus latency = -2.107281787366453E12 (+/- 0) us 
Propose latency = 0.0 (+/- 0) us 
Write latency = 0.0 (+/- 0) us 
Accept latency = 0.0 (+/- 0) us 
Batch average size = NaN (+/- 0) requests
TOMMessage ByteCount = 88950257
StandardSMMessage ByteCount = 13086
LCMessage ByteCount = 597
ConsensusMessage ByteCount = 57468987
--- Measurements after 191000 ops (1000 samples) ---
Throughput = 6711.409 operations/sec (Maximum observed: 6711.409 ops/sec)
Total latency = 2.8759478786745E7 (+/- 0) us 
Consensus latency = 0.0 (+/- 0) us 
Pre-consensus latency = 0.0 (+/- 0) us 
Pos-consensus latency = -2.1072816329351204E12 (+/- 0) us 
Propose latency = 0.0 (+/- 0) us 
Write latency = 0.0 (+/- 0) us 
Accept latency = 0.0 (+/- 0) us 
Batch average size = NaN (+/- 0) requests
TOMMessage ByteCount = 89109056
StandardSMMessage ByteCount = 13086
LCMessage ByteCount = 597
ConsensusMessage ByteCount = 57468987
--- Measurements after 192000 ops (1000 samples) ---
Throughput = 6711.409 operations/sec (Maximum observed: 6711.409 ops/sec)
Total latency = 2.8881147739588E7 (+/- 0) us 
Consensus latency = 0.0 (+/- 0) us 
Pre-consensus latency = 0.0 (+/- 0) us 
Pos-consensus latency = -2.1072814831375154E12 (+/- 0) us 
Propose latency = 0.0 (+/- 0) us 
Write latency = 0.0 (+/- 0) us 
Accept latency = 0.0 (+/- 0) us 
Batch average size = NaN (+/- 0) requests
TOMMessage ByteCount = 89262931
StandardSMMessage ByteCount = 13086
LCMessage ByteCount = 597
ConsensusMessage ByteCount = 57468987
--- Measurements after 193000 ops (1000 samples) ---
Throughput = 6666.6665 operations/sec (Maximum observed: 6711.409 ops/sec)
Total latency = 2.8997594865762003E7 (+/- 0) us 
Consensus latency = 0.0 (+/- 0) us 
Pre-consensus latency = 0.0 (+/- 0) us 
Pos-consensus latency = -2.1072813335214043E12 (+/- 0) us 
Propose latency = 0.0 (+/- 0) us 
Write latency = 0.0 (+/- 0) us 
Accept latency = 0.0 (+/- 0) us 
Batch average size = NaN (+/- 0) requests
TOMMessage ByteCount = 89374952
StandardSMMessage ByteCount = 13086
LCMessage ByteCount = 597
ConsensusMessage ByteCount = 57468987
--- Measurements after 194000 ops (1000 samples) ---
Throughput = 5917.1597 operations/sec (Maximum observed: 6711.409 ops/sec)
Total latency = 2.9129924531336E7 (+/- 0) us 
Consensus latency = 0.0 (+/- 0) us 
Pre-consensus latency = 0.0 (+/- 0) us 
Pos-consensus latency = -2.107281168651625E12 (+/- 0) us 
Propose latency = 0.0 (+/- 0) us 
Write latency = 0.0 (+/- 0) us 
Accept latency = 0.0 (+/- 0) us 
Batch average size = NaN (+/- 0) requests
TOMMessage ByteCount = 89548523
StandardSMMessage ByteCount = 13086
LCMessage ByteCount = 597
ConsensusMessage ByteCount = 57468987
--- Measurements after 195000 ops (1000 samples) ---
Throughput = 6535.9478 operations/sec (Maximum observed: 6711.409 ops/sec)
Total latency = 2.9256922031735E7 (+/- 0) us 
Consensus latency = 0.0 (+/- 0) us 
Pre-consensus latency = 0.0 (+/- 0) us 
Pos-consensus latency = -2.1072810122769783E12 (+/- 0) us 
Propose latency = 0.0 (+/- 0) us 
Write latency = 0.0 (+/- 0) us 
Accept latency = 0.0 (+/- 0) us 
Batch average size = NaN (+/- 0) requests
TOMMessage ByteCount = 89734404
StandardSMMessage ByteCount = 13086
LCMessage ByteCount = 597
ConsensusMessage ByteCount = 57468987
--- Measurements after 196000 ops (1000 samples) ---
Throughput = 6578.9473 operations/sec (Maximum observed: 6711.409 ops/sec)
Total latency = 2.938316940359E7 (+/- 0) us 
Consensus latency = 0.0 (+/- 0) us 
Pre-consensus latency = 0.0 (+/- 0) us 
Pos-consensus latency = -2.1072808594547488E12 (+/- 0) us 
Propose latency = 0.0 (+/- 0) us 
Write latency = 0.0 (+/- 0) us 
Accept latency = 0.0 (+/- 0) us 
Batch average size = NaN (+/- 0) requests
TOMMessage ByteCount = 89900589
StandardSMMessage ByteCount = 13086
LCMessage ByteCount = 597
ConsensusMessage ByteCount = 57468987
--- Measurements after 197000 ops (1000 samples) ---
Throughput = 6535.9478 operations/sec (Maximum observed: 6711.409 ops/sec)
Total latency = 2.9507701060137E7 (+/- 0) us 
Consensus latency = 0.0 (+/- 0) us 
Pre-consensus latency = 0.0 (+/- 0) us 
Pos-consensus latency = -2.107280707169502E12 (+/- 0) us 
Propose latency = 0.0 (+/- 0) us 
Write latency = 0.0 (+/- 0) us 
Accept latency = 0.0 (+/- 0) us 
Batch average size = NaN (+/- 0) requests
TOMMessage ByteCount = 90093856
StandardSMMessage ByteCount = 13086
LCMessage ByteCount = 597
ConsensusMessage ByteCount = 57468987
--- Measurements after 198000 ops (1000 samples) ---
Throughput = 5952.381 operations/sec (Maximum observed: 6711.409 ops/sec)
Total latency = 2.9645286490029E7 (+/- 0) us 
Consensus latency = 0.0 (+/- 0) us 
Pre-consensus latency = 0.0 (+/- 0) us 
Pos-consensus latency = -2.1072805416104553E12 (+/- 0) us 
Propose latency = 0.0 (+/- 0) us 
Write latency = 0.0 (+/- 0) us 
Accept latency = 0.0 (+/- 0) us 
Batch average size = NaN (+/- 0) requests
TOMMessage ByteCount = 90250193
StandardSMMessage ByteCount = 13086
LCMessage ByteCount = 597
ConsensusMessage ByteCount = 57468987
--- Measurements after 199000 ops (1000 samples) ---
Throughput = 6493.5063 operations/sec (Maximum observed: 6711.409 ops/sec)
Total latency = 2.9774782096979998E7 (+/- 0) us 
Consensus latency = 0.0 (+/- 0) us 
Pre-consensus latency = 0.0 (+/- 0) us 
Pos-consensus latency = -2.1072803855722046E12 (+/- 0) us 
Propose latency = 0.0 (+/- 0) us 
Write latency = 0.0 (+/- 0) us 
Accept latency = 0.0 (+/- 0) us 
Batch average size = NaN (+/- 0) requests
TOMMessage ByteCount = 90424995
StandardSMMessage ByteCount = 13086
LCMessage ByteCount = 597
ConsensusMessage ByteCount = 57468987
--- Measurements after 200000 ops (1000 samples) ---
Throughput = 6535.9478 operations/sec (Maximum observed: 6711.409 ops/sec)
Total latency = 2.9901580975471E7 (+/- 0) us 
Consensus latency = 0.0 (+/- 0) us 
Pre-consensus latency = 0.0 (+/- 0) us 
Pos-consensus latency = -2.1072802318307903E12 (+/- 0) us 
Propose latency = 0.0 (+/- 0) us 
Write latency = 0.0 (+/- 0) us 
Accept latency = 0.0 (+/- 0) us 
Batch average size = NaN (+/- 0) requests
TOMMessage ByteCount = 90576408
StandardSMMessage ByteCount = 13086
LCMessage ByteCount = 597
ConsensusMessage ByteCount = 57468987
