-- Using view stored on disk
-- SSL/TLS handshake complete!, Id:0  ## CipherSuite: TLS_ECDHE_ECDSA_WITH_AES_128_GCM_SHA256.
-- SSL/TLS handshake complete!, Id:1  ## CipherSuite: TLS_ECDHE_ECDSA_WITH_AES_128_GCM_SHA256.
-- SSL/TLS handshake complete!, Id:2  ## CipherSuite: TLS_ECDHE_ECDSA_WITH_AES_128_GCM_SHA256.
-- ID = 3
-- N = 4
-- F = 1
-- Port (client <-> server) = 11030
-- Port (server <-> server) = 11031
-- requestTimeout = 2000
-- maxBatch = 1024
-- Binded replica to IP address 134.60.242.14
-- Optimizations:  Read-only Requests: disabled
-- SSL/TLS enabled, protocol version: TLSv1.2
-- In current view: ID:0; F:1; Processes:0(/134.60.242.11:11000),1(/134.60.242.12:11010),2(/134.60.242.13:11020),3(/134.60.242.14:11030),
-- Retrieving State
-- Replica state is up to date
-- 
		###################################
		    Ready to process operations    
		###################################
-- Session Created, active clients=0
-- Session Created, active clients=0
-- Session Created, active clients=0
-- Session Created, active clients=0
-- Session Created, active clients=0
-- Session Created, active clients=0
-- Session Created, active clients=0
-- Session Created, active clients=0
-- Session Created, active clients=0
-- Session Created, active clients=0
-- Session Created, active clients=0
-- Session Created, active clients=0
-- Session Created, active clients=0
-- Session Created, active clients=0
-- Session Created, active clients=0
-- Session Created, active clients=0
-- Session Created, active clients=0
-- Session Created, active clients=0
-- Session Created, active clients=0
-- Session Created, active clients=0
-- Session Created, active clients=0
-- Session Created, active clients=0
-- Session Created, active clients=0
-- Session Created, active clients=0
-- Session Created, active clients=0
-- Session Created, active clients=0
-- Session Created, active clients=0
-- Session Created, active clients=0
-- Session Created, active clients=0
-- Session Created, active clients=0
-- Session Created, active clients=0
-- Session Created, active clients=0
-- Session Created, active clients=0
-- Session Created, active clients=0
-- Session Created, active clients=0
-- Session Created, active clients=0
-- Session Created, active clients=0
-- Session Created, active clients=0
-- Session Created, active clients=0
-- Session Created, active clients=0
-- Session Created, active clients=0
-- Session Created, active clients=0
-- Session Created, active clients=0
-- Session Created, active clients=0
-- Session Created, active clients=0
-- Session Created, active clients=0
-- Session Created, active clients=0
-- Session Created, active clients=0
-- Session Created, active clients=0
-- Session Created, active clients=0
-- Session Created, active clients=0
-- Session Created, active clients=0
-- Session Created, active clients=0
-- Session Created, active clients=0
-- Session Created, active clients=0
-- Session Created, active clients=0
-- Session Created, active clients=0
-- Session Created, active clients=0
-- Session Created, active clients=0
-- Session Created, active clients=0
-- Session Created, active clients=0
-- Session Created, active clients=0
-- Session Created, active clients=0
-- Session Created, active clients=0
-- Session Created, active clients=0
-- Session Created, active clients=0
-- Session Created, active clients=0
-- Session Created, active clients=0
-- Session Created, active clients=0
-- Session Created, active clients=0
-- Session Created, active clients=0
-- Session Created, active clients=0
-- Session Created, active clients=0
-- Session Created, active clients=0
-- Session Created, active clients=0
-- Session Created, active clients=0
-- Session Created, active clients=0
-- Session Created, active clients=0
-- Session Created, active clients=0
-- Session Created, active clients=0
-- Session Created, active clients=0
-- Session Created, active clients=0
-- Session Created, active clients=0
-- Session Created, active clients=0
-- Session Created, active clients=0
-- Session Created, active clients=0
-- Session Created, active clients=0
-- Session Created, active clients=0
-- Session Created, active clients=0
-- Session Created, active clients=0
-- Session Created, active clients=0
-- Session Created, active clients=0
-- Session Created, active clients=0
-- Session Created, active clients=0
-- Session Created, active clients=0
-- Session Created, active clients=0
-- Session Created, active clients=0
-- Session Created, active clients=0
-- Session Created, active clients=0
-- Session Created, active clients=0
-- Session Created, active clients=0
-- Session Created, active clients=0
-- Session Created, active clients=0
-- Session Created, active clients=0
-- Session Created, active clients=0
-- Session Created, active clients=0
-- Session Created, active clients=0
-- Session Created, active clients=0
-- Session Created, active clients=0
-- Session Created, active clients=0
-- Session Created, active clients=0
-- Session Created, active clients=0
-- Session Created, active clients=0
-- Session Created, active clients=0
-- Session Created, active clients=0
-- Session Created, active clients=0
-- Session Created, active clients=0
-- Session Created, active clients=0
-- Session Created, active clients=0
-- Session Created, active clients=0
-- Session Created, active clients=0
-- Session Created, active clients=0
-- Session Created, active clients=0
-- Session Created, active clients=0
-- Session Created, active clients=0
-- Session Created, active clients=0
-- Session Created, active clients=0
-- Session Created, active clients=0
-- Session Created, active clients=0
-- Session Created, active clients=0
-- Session Created, active clients=0
-- Session Created, active clients=0
-- Session Created, active clients=0
-- Session Created, active clients=0
-- Session Created, active clients=0
-- Session Created, active clients=0
-- Session Created, active clients=0
-- Session Created, active clients=0
-- Session Created, active clients=0
-- Session Created, active clients=0
-- Session Created, active clients=0
-- Session Created, active clients=0
-- Session Created, active clients=0
-- Session Created, active clients=0
-- Session Created, active clients=0
-- Session Created, active clients=0
-- Session Created, active clients=0
-- Session Created, active clients=0
-- Session Created, active clients=0
-- Session Created, active clients=0
-- Session Created, active clients=0
-- Session Created, active clients=0
-- Session Created, active clients=0
-- Session Created, active clients=0
-- Session Created, active clients=0
-- Session Created, active clients=0
-- Session Created, active clients=0
-- Session Created, active clients=0
-- Session Created, active clients=0
-- Session Created, active clients=0
-- Session Created, active clients=0
-- Session Created, active clients=0
-- Session Created, active clients=0
-- Session Created, active clients=0
-- Session Created, active clients=0
-- Session Created, active clients=0
-- Session Created, active clients=0
-- Session Created, active clients=0
-- Session Created, active clients=0
-- Session Created, active clients=0
-- Session Created, active clients=0
-- Session Created, active clients=0
-- Session Created, active clients=0
-- Session Created, active clients=0
-- Session Created, active clients=0
-- Session Created, active clients=0
-- Session Created, active clients=0
-- Session Created, active clients=0
-- Session Created, active clients=0
-- Session Created, active clients=0
-- Session Created, active clients=0
-- Session Created, active clients=0
-- Session Created, active clients=0
-- Session Created, active clients=0
-- Session Created, active clients=0
-- Session Created, active clients=0
-- Session Created, active clients=0
-- Session Created, active clients=0
-- Session Created, active clients=0
-- Session Created, active clients=0
-- Session Created, active clients=0
-- Session Created, active clients=0
-- Session Created, active clients=0
-- Session Created, active clients=0
-- Session Created, active clients=0
-- Session Created, active clients=0
-- Session Created, active clients=0
-- Session Created, active clients=0
-- Session Created, active clients=0
-- Session Created, active clients=0
--- Measurements after 1000 ops (1000 samples) ---
Throughput = 21.294266 operations/sec (Maximum observed: 21.294266 ops/sec)
Total latency = 59835.36709000001 (+/- 35768) us 
Consensus latency = 19687.694235 (+/- 14273) us 
Pre-consensus latency = 0.0 (+/- 0) us 
Pos-consensus latency = 49884.66311 (+/- 31197) us 
Propose latency = 11232.053874 (+/- 6130) us 
Write latency = 1418.566186 (+/- 1765) us 
Accept latency = 7037.074175 (+/- 9627) us 
Batch average size = 100.0 (+/- 70) requests
ConsensusMessage ByteCount = 6100
TOMMessage ByteCount = 1251858
StandardSMMessage ByteCount = 9726
--- Measurements after 2000 ops (1000 samples) ---
Throughput = 83.38892 operations/sec (Maximum observed: 83.38892 ops/sec)
Total latency = 36434.115273 (+/- 19855) us 
Consensus latency = 7917.036744 (+/- 1409) us 
Pre-consensus latency = 0.0 (+/- 0) us 
Pos-consensus latency = 31781.015929 (+/- 19855) us 
Propose latency = 4050.353479 (+/- 1476) us 
Write latency = 1478.378852 (+/- 615) us 
Accept latency = 2388.3044130000003 (+/- 391) us 
Batch average size = 71.42857142857143 (+/- 59) requests
ConsensusMessage ByteCount = 14638
TOMMessage ByteCount = 2824241
StandardSMMessage ByteCount = 9726
--- Measurements after 3000 ops (1000 samples) ---
Throughput = 105.26316 operations/sec (Maximum observed: 105.26316 ops/sec)
Total latency = 33567.293717 (+/- 18749) us 
Consensus latency = 6555.5342359999995 (+/- 1182) us 
Pre-consensus latency = 0.0 (+/- 0) us 
Pos-consensus latency = 29704.870327 (+/- 18567) us 
Propose latency = 3430.500013 (+/- 1388) us 
Write latency = 1183.685952 (+/- 261) us 
Accept latency = 1941.3482709999998 (+/- 313) us 
Batch average size = 66.66666666666667 (+/- 54) requests
ConsensusMessage ByteCount = 23788
TOMMessage ByteCount = 4534203
StandardSMMessage ByteCount = 9726
--- Measurements after 4000 ops (1000 samples) ---
Throughput = 142.9184 operations/sec (Maximum observed: 142.9184 ops/sec)
Total latency = 30844.181878 (+/- 16790) us 
Consensus latency = 7435.068515 (+/- 3262) us 
Pre-consensus latency = 0.0 (+/- 0) us 
Pos-consensus latency = 27187.259414 (+/- 16850) us 
Propose latency = 4269.481508999999 (+/- 3587) us 
Write latency = 1206.393427 (+/- 916) us 
Accept latency = 1959.193579 (+/- 137) us 
Batch average size = 83.33333333333333 (+/- 55) requests
ConsensusMessage ByteCount = 31110
TOMMessage ByteCount = 5802690
StandardSMMessage ByteCount = 9726
--- Measurements after 5000 ops (1000 samples) ---
Throughput = 221.23894 operations/sec (Maximum observed: 221.23894 ops/sec)
Total latency = 37693.413143 (+/- 22153) us 
Consensus latency = 6937.442464 (+/- 1054) us 
Pre-consensus latency = 0.0 (+/- 0) us 
Pos-consensus latency = 33999.463197 (+/- 22125) us 
Propose latency = 3683.9986919999997 (+/- 1019) us 
Write latency = 1232.043641 (+/- 257) us 
Accept latency = 2021.400131 (+/- 78) us 
Batch average size = 71.42857142857143 (+/- 83) requests
ConsensusMessage ByteCount = 39650
TOMMessage ByteCount = 7282849
StandardSMMessage ByteCount = 9726
--- Measurements after 6000 ops (1000 samples) ---
Throughput = 506.84238 operations/sec (Maximum observed: 506.84238 ops/sec)
Total latency = 42586.880353 (+/- 21062) us 
Consensus latency = 6929.431713999999 (+/- 976) us 
Pre-consensus latency = 0.0 (+/- 0) us 
Pos-consensus latency = 38990.59282 (+/- 21063) us 
Propose latency = 3821.096257 (+/- 962) us 
Write latency = 1073.0087760000001 (+/- 148) us 
Accept latency = 2035.326681 (+/- 67) us 
Batch average size = 76.92307692307692 (+/- 86) requests
ConsensusMessage ByteCount = 47579
TOMMessage ByteCount = 8797778
StandardSMMessage ByteCount = 9726
--- Measurements after 7000 ops (1000 samples) ---
Throughput = 3333.3333 operations/sec (Maximum observed: 3333.3333 ops/sec)
Total latency = 100496.751304 (+/- 0) us 
Consensus latency = 20738.260429 (+/- 7999) us 
Pre-consensus latency = 0.0 (+/- 0) us 
Pos-consensus latency = 92983.907979 (+/- 0) us 
Propose latency = 17806.684053 (+/- 6141) us 
Write latency = 1528.3426399999998 (+/- 3059) us 
Accept latency = 1403.2337360000001 (+/- 327) us 
Batch average size = 988.5 (+/- 1421) requests
ConsensusMessage ByteCount = 51847
TOMMessage ByteCount = 10404940
StandardSMMessage ByteCount = 9726
--- Measurements after 8000 ops (1000 samples) ---
Throughput = 4444.4443 operations/sec (Maximum observed: 4444.4443 ops/sec)
Total latency = 287600.946571 (+/- 0) us 
Consensus latency = 36875.724588 (+/- 4169) us 
Pre-consensus latency = 0.0 (+/- 0) us 
Pos-consensus latency = 271843.533355 (+/- 0) us 
Propose latency = 27096.951252 (+/- 1322) us 
Write latency = 8977.671585999999 (+/- 2827) us 
Accept latency = 801.10175 (+/- 19) us 
Batch average size = NaN (+/- 0) requests
ConsensusMessage ByteCount = 55506
TOMMessage ByteCount = 10404940
StandardSMMessage ByteCount = 9726
--- Measurements after 9000 ops (1000 samples) ---
Throughput = 4566.21 operations/sec (Maximum observed: 4566.21 ops/sec)
Total latency = 463919.879988 (+/- 0) us 
Consensus latency = 24029.44178 (+/- 332) us 
Pre-consensus latency = 0.0 (+/- 0) us 
Pos-consensus latency = 458598.025598 (+/- 0) us 
Propose latency = 23020.07336 (+/- 95) us 
Write latency = 206.68363 (+/- 12) us 
Accept latency = 802.68479 (+/- 225) us 
Batch average size = NaN (+/- 0) requests
ConsensusMessage ByteCount = 58554
TOMMessage ByteCount = 10404940
StandardSMMessage ByteCount = 9726
--- Measurements after 10000 ops (1000 samples) ---
Throughput = 2793.2961 operations/sec (Maximum observed: 4566.21 ops/sec)
Total latency = 657570.958955 (+/- 0) us 
Consensus latency = 25792.583196 (+/- 2506) us 
Pre-consensus latency = 0.0 (+/- 0) us 
Pos-consensus latency = 649979.209377 (+/- 0) us 
Propose latency = 23888.787664 (+/- 2374) us 
Write latency = 259.181194 (+/- 31) us 
Accept latency = 1644.614338 (+/- 100) us 
Batch average size = 19456.0 (+/- 0) requests
ConsensusMessage ByteCount = 64043
TOMMessage ByteCount = 15049517
StandardSMMessage ByteCount = 9726
--- Measurements after 11000 ops (1000 samples) ---
Throughput = 4000.0 operations/sec (Maximum observed: 4566.21 ops/sec)
Total latency = 979150.852078 (+/- 0) us 
Consensus latency = 36922.072664 (+/- 1860) us 
Pre-consensus latency = 0.0 (+/- 0) us 
Pos-consensus latency = 960506.451258 (+/- 0) us 
Propose latency = 34417.802076 (+/- 1859) us 
Write latency = 401.415228 (+/- 21) us 
Accept latency = 2102.85536 (+/- 19) us 
Batch average size = NaN (+/- 0) requests
ConsensusMessage ByteCount = 67704
TOMMessage ByteCount = 15049517
StandardSMMessage ByteCount = 9726
--- Measurements after 12000 ops (1000 samples) ---
Throughput = 4385.965 operations/sec (Maximum observed: 4566.21 ops/sec)
Total latency = 1172932.050644 (+/- 0) us 
Consensus latency = 24521.729 (+/- 0) us 
Pre-consensus latency = 0.0 (+/- 0) us 
Pos-consensus latency = 1164765.149644 (+/- 0) us 
Propose latency = 22026.501 (+/- 0) us 
Write latency = 259.482 (+/- 0) us 
Accept latency = 2235.746 (+/- 0) us 
Batch average size = NaN (+/- 0) requests
ConsensusMessage ByteCount = 71361
TOMMessage ByteCount = 15049517
StandardSMMessage ByteCount = 9726
--- Measurements after 13000 ops (1000 samples) ---
Throughput = 4166.6665 operations/sec (Maximum observed: 4566.21 ops/sec)
Total latency = 1376768.5381180001 (+/- 0) us 
Consensus latency = 28154.519858 (+/- 162) us 
Pre-consensus latency = 0.0 (+/- 0) us 
Pos-consensus latency = 1366564.790974 (+/- 0) us 
Propose latency = 25615.364888 (+/- 160) us 
Write latency = 286.428 (+/- 1) us 
Accept latency = 2252.72697 (+/- 0) us 
Batch average size = NaN (+/- 0) requests
ConsensusMessage ByteCount = 75023
TOMMessage ByteCount = 15049517
StandardSMMessage ByteCount = 9726
--- Measurements after 14000 ops (1000 samples) ---
Throughput = 4201.6807 operations/sec (Maximum observed: 4566.21 ops/sec)
Total latency = 1574330.161637 (+/- 0) us 
Consensus latency = 26322.007504 (+/- 300) us 
Pre-consensus latency = 0.0 (+/- 0) us 
Pos-consensus latency = 1566052.374999 (+/- 0) us 
Propose latency = 24250.009835999997 (+/- 224) us 
Write latency = 331.973644 (+/- 7) us 
Accept latency = 1740.024024 (+/- 83) us 
Batch average size = NaN (+/- 0) requests
ConsensusMessage ByteCount = 79293
TOMMessage ByteCount = 15049517
LCMessage ByteCount = 199
StandardSMMessage ByteCount = 9726
--- Measurements after 15000 ops (1000 samples) ---
Throughput = 4273.5044 operations/sec (Maximum observed: 4566.21 ops/sec)
Total latency = 1770107.981789 (+/- 0) us 
Consensus latency = 25292.142600000003 (+/- 225) us 
Pre-consensus latency = 0.0 (+/- 0) us 
Pos-consensus latency = 1762010.6051389999 (+/- 0) us 
Propose latency = 23075.37645 (+/- 261) us 
Write latency = 356.6036 (+/- 5) us 
Accept latency = 1860.16255 (+/- 30) us 
Batch average size = NaN (+/- 0) requests
ConsensusMessage ByteCount = 82957
TOMMessage ByteCount = 15049517
LCMessage ByteCount = 199
StandardSMMessage ByteCount = 9726
--- Measurements after 16000 ops (1000 samples) ---
Throughput = 4366.812 operations/sec (Maximum observed: 4566.21 ops/sec)
Total latency = 1949959.839251 (+/- 0) us 
Consensus latency = 43336.408592 (+/- 5118) us 
Pre-consensus latency = 0.0 (+/- 0) us 
Pos-consensus latency = 1927646.639089 (+/- 0) us 
Propose latency = 41086.976678000006 (+/- 5111) us 
Write latency = 371.010202 (+/- 3) us 
Accept latency = 1878.421712 (+/- 3) us 
Batch average size = NaN (+/- 0) requests
ConsensusMessage ByteCount = 86617
TOMMessage ByteCount = 15049517
LCMessage ByteCount = 199
StandardSMMessage ByteCount = 9726
--- Measurements after 17000 ops (1000 samples) ---
Throughput = 4587.156 operations/sec (Maximum observed: 4587.156 ops/sec)
Total latency = 2129022.137807 (+/- 0) us 
Consensus latency = 32161.738314 (+/- 4162) us 
Pre-consensus latency = 0.0 (+/- 0) us 
Pos-consensus latency = 2117472.675621 (+/- 0) us 
Propose latency = 29578.92914 (+/- 4271) us 
Write latency = 361.716158 (+/- 3) us 
Accept latency = 2221.093016 (+/- 112) us 
Batch average size = NaN (+/- 0) requests
ConsensusMessage ByteCount = 90278
TOMMessage ByteCount = 15049517
LCMessage ByteCount = 199
StandardSMMessage ByteCount = 9726
--- Measurements after 18000 ops (1000 samples) ---
Throughput = 4651.1626 operations/sec (Maximum observed: 4651.1626 ops/sec)
Total latency = 2301493.4123839997 (+/- 0) us 
Consensus latency = 29032.888164 (+/- 655) us 
Pre-consensus latency = 0.0 (+/- 0) us 
Pos-consensus latency = 2293483.290138 (+/- 0) us 
Propose latency = 26767.77861 (+/- 523) us 
Write latency = 261.017142 (+/- 37) us 
Accept latency = 2004.092412 (+/- 94) us 
Batch average size = NaN (+/- 0) requests
ConsensusMessage ByteCount = 93937
TOMMessage ByteCount = 15049517
LCMessage ByteCount = 199
StandardSMMessage ByteCount = 9726
--- Measurements after 19000 ops (1000 samples) ---
Throughput = 4587.156 operations/sec (Maximum observed: 4651.1626 ops/sec)
Total latency = 2477338.324652 (+/- 0) us 
Consensus latency = 28685.087026 (+/- 42) us 
Pre-consensus latency = 0.0 (+/- 0) us 
Pos-consensus latency = 2468697.203278 (+/- 0) us 
Propose latency = 26365.505082 (+/- 85) us 
Write latency = 331.451158 (+/- 34) us 
Accept latency = 1988.1307860000002 (+/- 8) us 
Batch average size = NaN (+/- 0) requests
ConsensusMessage ByteCount = 97597
TOMMessage ByteCount = 15049517
LCMessage ByteCount = 199
StandardSMMessage ByteCount = 9726
--- Measurements after 20000 ops (1000 samples) ---
Throughput = 4761.905 operations/sec (Maximum observed: 4761.905 ops/sec)
Total latency = 2662123.203804 (+/- 0) us 
Consensus latency = 26829.8928 (+/- 832) us 
Pre-consensus latency = 0.0 (+/- 0) us 
Pos-consensus latency = 2653956.8452439997 (+/- 0) us 
Propose latency = 24566.693219999997 (+/- 798) us 
Write latency = 304.80121999999994 (+/- 18) us 
Accept latency = 1958.3983600000001 (+/- 14) us 
Batch average size = NaN (+/- 0) requests
ConsensusMessage ByteCount = 101257
TOMMessage ByteCount = 15049517
LCMessage ByteCount = 199
StandardSMMessage ByteCount = 9726
--- Measurements after 21000 ops (1000 samples) ---
Throughput = 4405.286 operations/sec (Maximum observed: 4761.905 ops/sec)
Total latency = 2845955.90904 (+/- 0) us 
Consensus latency = 27114.117449999998 (+/- 324) us 
Pre-consensus latency = 0.0 (+/- 0) us 
Pos-consensus latency = 2837417.767506 (+/- 0) us 
Propose latency = 24919.345258 (+/- 350) us 
Write latency = 290.335716 (+/- 2) us 
Accept latency = 1904.436476 (+/- 23) us 
Batch average size = NaN (+/- 0) requests
ConsensusMessage ByteCount = 104917
TOMMessage ByteCount = 15049517
LCMessage ByteCount = 199
StandardSMMessage ByteCount = 9726
--- Measurements after 22000 ops (1000 samples) ---
Throughput = 4464.2856 operations/sec (Maximum observed: 4761.905 ops/sec)
Total latency = 3028393.63716 (+/- 0) us 
Consensus latency = 27317.774238 (+/- 23) us 
Pre-consensus latency = 0.0 (+/- 0) us 
Pos-consensus latency = 3020274.765356 (+/- 0) us 
Propose latency = 25104.902086 (+/- 7) us 
Write latency = 333.57321 (+/- 23) us 
Accept latency = 1879.2989420000001 (+/- 7) us 
Batch average size = NaN (+/- 0) requests
ConsensusMessage ByteCount = 108578
TOMMessage ByteCount = 15049517
LCMessage ByteCount = 199
StandardSMMessage ByteCount = 9726
--- Measurements after 23000 ops (1000 samples) ---
Throughput = 4484.305 operations/sec (Maximum observed: 4761.905 ops/sec)
Total latency = 3212392.8986090003 (+/- 0) us 
Consensus latency = 27375.2492 (+/- 25) us 
Pre-consensus latency = 0.0 (+/- 0) us 
Pos-consensus latency = 3203724.996993 (+/- 0) us 
Propose latency = 25148.672019999998 (+/- 22) us 
Write latency = 297.93183600000003 (+/- 27) us 
Accept latency = 1928.645344 (+/- 30) us 
Batch average size = NaN (+/- 0) requests
ConsensusMessage ByteCount = 111630
TOMMessage ByteCount = 15049517
LCMessage ByteCount = 398
StandardSMMessage ByteCount = 9726
--- Measurements after 24000 ops (1000 samples) ---
Throughput = 4629.6294 operations/sec (Maximum observed: 4761.905 ops/sec)
Total latency = 3396979.1265269998 (+/- 0) us 
Consensus latency = 29231.42451 (+/- 1109) us 
Pre-consensus latency = 0.0 (+/- 0) us 
Pos-consensus latency = 3387339.263927 (+/- 0) us 
Propose latency = 27069.958056000003 (+/- 1149) us 
Write latency = 306.839572 (+/- 14) us 
Accept latency = 1854.626882 (+/- 54) us 
Batch average size = NaN (+/- 0) requests
ConsensusMessage ByteCount = 114073
TOMMessage ByteCount = 15049517
LCMessage ByteCount = 398
StandardSMMessage ByteCount = 9726
--- Measurements after 25000 ops (1000 samples) ---
Throughput = 4444.4443 operations/sec (Maximum observed: 4761.905 ops/sec)
Total latency = 3586696.201738 (+/- 0) us 
Consensus latency = 28620.20811 (+/- 817) us 
Pre-consensus latency = 0.0 (+/- 0) us 
Pos-consensus latency = 3577435.593888 (+/- 0) us 
Propose latency = 26407.16059 (+/- 866) us 
Write latency = 286.23474 (+/- 18) us 
Accept latency = 1926.81278 (+/- 67) us 
Batch average size = NaN (+/- 0) requests
ConsensusMessage ByteCount = 117122
TOMMessage ByteCount = 15049517
LCMessage ByteCount = 398
StandardSMMessage ByteCount = 9726
--- Measurements after 26000 ops (1000 samples) ---
Throughput = 4484.305 operations/sec (Maximum observed: 4761.905 ops/sec)
Total latency = 3774232.39091 (+/- 0) us 
Consensus latency = 27464.073546 (+/- 429) us 
Pre-consensus latency = 0.0 (+/- 0) us 
Pos-consensus latency = 3765018.576044 (+/- 0) us 
Propose latency = 24071.572858 (+/- 1206) us 
Write latency = 1590.8174080000001 (+/- 891) us 
Accept latency = 1801.68328 (+/- 113) us 
Batch average size = NaN (+/- 0) requests
ConsensusMessage ByteCount = 120171
TOMMessage ByteCount = 15049517
LCMessage ByteCount = 398
StandardSMMessage ByteCount = 9726
--- Measurements after 27000 ops (1000 samples) ---
Throughput = 4464.2856 operations/sec (Maximum observed: 4761.905 ops/sec)
Total latency = 3939384.067998 (+/- 0) us 
Consensus latency = 35682.867968 (+/- 6083) us 
Pre-consensus latency = 0.0 (+/- 0) us 
Pos-consensus latency = 3926358.5238 (+/- 0) us 
Propose latency = 32475.645362 (+/- 6591) us 
Write latency = 973.89543 (+/- 871) us 
Accept latency = 2233.327176 (+/- 363) us 
Batch average size = NaN (+/- 0) requests
ConsensusMessage ByteCount = 123829
TOMMessage ByteCount = 15049517
LCMessage ByteCount = 398
StandardSMMessage ByteCount = 9726
--- Measurements after 28000 ops (1000 samples) ---
Throughput = 4608.295 operations/sec (Maximum observed: 4761.905 ops/sec)
Total latency = 4114327.744719 (+/- 0) us 
Consensus latency = 36637.664592 (+/- 2554) us 
Pre-consensus latency = 0.0 (+/- 0) us 
Pos-consensus latency = 4102216.945719 (+/- 0) us 
Propose latency = 33245.55497 (+/- 2967) us 
Write latency = 830.0785559999999 (+/- 360) us 
Accept latency = 2562.031066 (+/- 52) us 
Batch average size = NaN (+/- 0) requests
ConsensusMessage ByteCount = 126879
TOMMessage ByteCount = 15049517
LCMessage ByteCount = 398
StandardSMMessage ByteCount = 9726
--- Measurements after 29000 ops (1000 samples) ---
Throughput = 4444.4443 operations/sec (Maximum observed: 4761.905 ops/sec)
Total latency = 4293410.145765999 (+/- 0) us 
Consensus latency = 33722.737862 (+/- 786) us 
Pre-consensus latency = 0.0 (+/- 0) us 
Pos-consensus latency = 4283823.702842 (+/- 0) us 
Propose latency = 29957.095162 (+/- 836) us 
Write latency = 1035.23054 (+/- 52) us 
Accept latency = 2730.4121600000003 (+/- 102) us 
Batch average size = NaN (+/- 0) requests
ConsensusMessage ByteCount = 130539
TOMMessage ByteCount = 15049517
LCMessage ByteCount = 398
StandardSMMessage ByteCount = 9726
--- Measurements after 30000 ops (1000 samples) ---
Throughput = 2673.7969 operations/sec (Maximum observed: 4761.905 ops/sec)
Total latency = 4563491.4554200005 (+/- 0) us 
Consensus latency = 29766.1878 (+/- 2779) us 
Pre-consensus latency = 0.0 (+/- 0) us 
Pos-consensus latency = 4554099.77084 (+/- 0) us 
Propose latency = 26272.27968 (+/- 2520) us 
Write latency = 630.9750600000001 (+/- 302) us 
Accept latency = 2862.93306 (+/- 42) us 
Batch average size = 119808.0 (+/- 0) requests
ConsensusMessage ByteCount = 139424
TOMMessage ByteCount = 23415065
LCMessage ByteCount = 398
StandardSMMessage ByteCount = 9726
--- Measurements after 31000 ops (1000 samples) ---
Throughput = 4608.295 operations/sec (Maximum observed: 4761.905 ops/sec)
Total latency = 4809050.669526 (+/- 0) us 
Consensus latency = 28207.772418 (+/- 663) us 
Pre-consensus latency = 0.0 (+/- 0) us 
Pos-consensus latency = 4800360.327020001 (+/- 0) us 
Propose latency = 25049.03626 (+/- 768) us 
Write latency = 345.088458 (+/- 29) us 
Accept latency = 2813.6477 (+/- 74) us 
Batch average size = NaN (+/- 0) requests
ConsensusMessage ByteCount = 144568
TOMMessage ByteCount = 25529923
LCMessage ByteCount = 398
StandardSMMessage ByteCount = 9726
--- Measurements after 32000 ops (1000 samples) ---
Throughput = 4587.156 operations/sec (Maximum observed: 4761.905 ops/sec)
Total latency = 4986796.232977 (+/- 0) us 
Consensus latency = 29628.557958 (+/- 772) us 
Pre-consensus latency = 0.0 (+/- 0) us 
Pos-consensus latency = 4977497.912285 (+/- 0) us 
Propose latency = 25999.590035999998 (+/- 255) us 
Write latency = 1131.854042 (+/- 747) us 
Accept latency = 2497.11388 (+/- 231) us 
Batch average size = NaN (+/- 0) requests
ConsensusMessage ByteCount = 149792
TOMMessage ByteCount = 27471210
LCMessage ByteCount = 597
StandardSMMessage ByteCount = 9726
--- Measurements after 33000 ops (1000 samples) ---
Throughput = 4545.4546 operations/sec (Maximum observed: 4761.905 ops/sec)
Total latency = 5168064.778399999 (+/- 0) us 
Consensus latency = 27142.132218 (+/- 3084) us 
Pre-consensus latency = 0.0 (+/- 0) us 
Pos-consensus latency = 5158594.702148 (+/- 0) us 
Propose latency = 23870.337403999998 (+/- 2281) us 
Write latency = 1017.6167399999999 (+/- 773) us 
Accept latency = 2254.178074 (+/- 29) us 
Batch average size = NaN (+/- 0) requests
ConsensusMessage ByteCount = 154329
TOMMessage ByteCount = 29242619
LCMessage ByteCount = 597
StandardSMMessage ByteCount = 9726
--- Measurements after 34000 ops (1000 samples) ---
Throughput = 4739.3364 operations/sec (Maximum observed: 4761.905 ops/sec)
Total latency = 5353803.221284 (+/- 0) us 
Consensus latency = 28580.871094000002 (+/- 4468) us 
Pre-consensus latency = 0.0 (+/- 0) us 
Pos-consensus latency = 5341492.074138 (+/- 0) us 
Propose latency = 23836.447348 (+/- 2193) us 
Write latency = 2629.348798 (+/- 2386) us 
Accept latency = 2115.074948 (+/- 112) us 
Batch average size = NaN (+/- 0) requests
ConsensusMessage ByteCount = 158945
TOMMessage ByteCount = 30921703
LCMessage ByteCount = 597
StandardSMMessage ByteCount = 9726
--- Measurements after 35000 ops (1000 samples) ---
Throughput = 3597.1223 operations/sec (Maximum observed: 4761.905 ops/sec)
Total latency = 5570314.12621 (+/- 0) us 
Consensus latency = 30913.18448 (+/- 2324) us 
Pre-consensus latency = 0.0 (+/- 0) us 
Pos-consensus latency = 5557172.76521 (+/- 0) us 
Propose latency = 26079.62946 (+/- 25) us 
Write latency = 2796.5149 (+/- 2387) us 
Accept latency = 2037.0401200000001 (+/- 37) us 
Batch average size = NaN (+/- 0) requests
ConsensusMessage ByteCount = 164704
TOMMessage ByteCount = 32878993
LCMessage ByteCount = 597
StandardSMMessage ByteCount = 9726
--- Measurements after 36000 ops (1000 samples) ---
Throughput = 4830.918 operations/sec (Maximum observed: 4830.918 ops/sec)
Total latency = 5761593.982220001 (+/- 0) us 
Consensus latency = 31896.729638 (+/- 3847) us 
Pre-consensus latency = 0.0 (+/- 0) us 
Pos-consensus latency = 5747884.667488 (+/- 0) us 
Propose latency = 29543.935476 (+/- 3832) us 
Write latency = 307.849446 (+/- 50) us 
Accept latency = 2044.944716 (+/- 35) us 
Batch average size = NaN (+/- 0) requests
ConsensusMessage ByteCount = 164704
TOMMessage ByteCount = 34348807
LCMessage ByteCount = 597
StandardSMMessage ByteCount = 9726
--- Measurements after 37000 ops (1000 samples) ---
Throughput = 4464.2856 operations/sec (Maximum observed: 4830.918 ops/sec)
Total latency = 5947812.245663 (+/- 0) us 
Consensus latency = 32329.864550000002 (+/- 4511) us 
Pre-consensus latency = 0.0 (+/- 0) us 
Pos-consensus latency = 5933373.565927 (+/- 0) us 
Propose latency = 29935.60123 (+/- 4540) us 
Write latency = 312.717016 (+/- 60) us 
Accept latency = 2081.546304 (+/- 89) us 
Batch average size = NaN (+/- 0) requests
ConsensusMessage ByteCount = 164704
TOMMessage ByteCount = 35694290
LCMessage ByteCount = 597
StandardSMMessage ByteCount = 9726
--- Measurements after 38000 ops (1000 samples) ---
Throughput = 4854.369 operations/sec (Maximum observed: 4854.369 ops/sec)
Total latency = 6115434.948669 (+/- 0) us 
Consensus latency = 26947.67939 (+/- 129) us 
Pre-consensus latency = 0.0 (+/- 0) us 
Pos-consensus latency = 6106841.455471 (+/- 0) us 
Propose latency = 23735.530678 (+/- 1094) us 
Write latency = 1026.966972 (+/- 965) us 
Accept latency = 2185.1817400000004 (+/- 1) us 
Batch average size = NaN (+/- 0) requests
ConsensusMessage ByteCount = 164704
TOMMessage ByteCount = 36958527
LCMessage ByteCount = 597
StandardSMMessage ByteCount = 9726
--- Measurements after 39000 ops (1000 samples) ---
Throughput = 4424.779 operations/sec (Maximum observed: 4854.369 ops/sec)
Total latency = 6306421.921847 (+/- 0) us 
Consensus latency = 27113.327032 (+/- 420) us 
Pre-consensus latency = 0.0 (+/- 0) us 
Pos-consensus latency = 6297675.065737001 (+/- 0) us 
Propose latency = 23541.786600000003 (+/- 1490) us 
Write latency = 1488.662582 (+/- 939) us 
Accept latency = 2082.8778500000003 (+/- 130) us 
Batch average size = NaN (+/- 0) requests
ConsensusMessage ByteCount = 164704
TOMMessage ByteCount = 38115667
LCMessage ByteCount = 597
StandardSMMessage ByteCount = 9726
--- Measurements after 40000 ops (1000 samples) ---
Throughput = 4854.369 operations/sec (Maximum observed: 4854.369 ops/sec)
Total latency = 6478057.69059 (+/- 0) us 
Consensus latency = 27999.1705 (+/- 466) us 
Pre-consensus latency = 0.0 (+/- 0) us 
Pos-consensus latency = 6468706.84409 (+/- 0) us 
Propose latency = 25864.6255 (+/- 539) us 
Write latency = 263.74315 (+/- 14) us 
Accept latency = 1870.80185 (+/- 58) us 
Batch average size = NaN (+/- 0) requests
ConsensusMessage ByteCount = 164704
TOMMessage ByteCount = 39189099
LCMessage ByteCount = 597
StandardSMMessage ByteCount = 9726
--- Measurements after 41000 ops (1000 samples) ---
Throughput = 4347.826 operations/sec (Maximum observed: 4854.369 ops/sec)
Total latency = 6670739.281255 (+/- 0) us 
Consensus latency = 31119.929232000002 (+/- 3576) us 
Pre-consensus latency = 0.0 (+/- 0) us 
Pos-consensus latency = 6658113.967811 (+/- 0) us 
Propose latency = 25772.118242 (+/- 1189) us 
Write latency = 2945.238682 (+/- 3885) us 
Accept latency = 2402.5723080000002 (+/- 880) us 
Batch average size = NaN (+/- 0) requests
ConsensusMessage ByteCount = 164704
TOMMessage ByteCount = 41023289
LCMessage ByteCount = 597
StandardSMMessage ByteCount = 9726
--- Measurements after 42000 ops (1000 samples) ---
Throughput = 4273.5044 operations/sec (Maximum observed: 4854.369 ops/sec)
Total latency = 6857248.458884 (+/- 0) us 
Consensus latency = 33951.862071999996 (+/- 3509) us 
Pre-consensus latency = 0.0 (+/- 0) us 
Pos-consensus latency = 6841192.331448 (+/- 0) us 
Propose latency = 24819.323006000002 (+/- 1151) us 
Write latency = 6031.596474 (+/- 3798) us 
Accept latency = 3100.9425920000003 (+/- 862) us 
Batch average size = NaN (+/- 0) requests
ConsensusMessage ByteCount = 164704
TOMMessage ByteCount = 43321566
LCMessage ByteCount = 597
StandardSMMessage ByteCount = 9726
--- Measurements after 43000 ops (1000 samples) ---
Throughput = 3690.0369 operations/sec (Maximum observed: 4854.369 ops/sec)
Total latency = 7045943.314154 (+/- 0) us 
Consensus latency = 28035.746194 (+/- 939) us 
Pre-consensus latency = 0.0 (+/- 0) us 
Pos-consensus latency = 7037490.633682 (+/- 0) us 
Propose latency = 25935.945378 (+/- 1019) us 
Write latency = 332.391952 (+/- 117) us 
Accept latency = 1767.408864 (+/- 37) us 
Batch average size = NaN (+/- 0) requests
ConsensusMessage ByteCount = 164704
TOMMessage ByteCount = 45787259
LCMessage ByteCount = 597
StandardSMMessage ByteCount = 9726
--- Measurements after 44000 ops (1000 samples) ---
Throughput = 4587.156 operations/sec (Maximum observed: 4854.369 ops/sec)
Total latency = 7274341.776155 (+/- 0) us 
Consensus latency = 26456.039704 (+/- 113) us 
Pre-consensus latency = 0.0 (+/- 0) us 
Pos-consensus latency = 7267072.659003001 (+/- 0) us 
Propose latency = 24190.457422 (+/- 175) us 
Write latency = 481.86617 (+/- 67) us 
Accept latency = 1783.716112 (+/- 130) us 
Batch average size = NaN (+/- 0) requests
ConsensusMessage ByteCount = 164704
TOMMessage ByteCount = 47543896
LCMessage ByteCount = 597
StandardSMMessage ByteCount = 9726
--- Measurements after 45000 ops (1000 samples) ---
Throughput = 4081.6326 operations/sec (Maximum observed: 4854.369 ops/sec)
Total latency = 7479729.795054 (+/- 0) us 
Consensus latency = 26452.508 (+/- 349) us 
Pre-consensus latency = 0.0 (+/- 0) us 
Pos-consensus latency = 7471846.1118439995 (+/- 0) us 
Propose latency = 24109.176600000003 (+/- 402) us 
Write latency = 363.58656 (+/- 3) us 
Accept latency = 1979.74484 (+/- 49) us 
Batch average size = NaN (+/- 0) requests
ConsensusMessage ByteCount = 164704
TOMMessage ByteCount = 49396551
LCMessage ByteCount = 597
StandardSMMessage ByteCount = 9726
--- Measurements after 46000 ops (1000 samples) ---
Throughput = 4132.2314 operations/sec (Maximum observed: 4854.369 ops/sec)
Total latency = 7671524.939661 (+/- 0) us 
Consensus latency = 26400.830081999997 (+/- 1355) us 
Pre-consensus latency = 0.0 (+/- 0) us 
Pos-consensus latency = 7662095.637923 (+/- 0) us 
Propose latency = 23688.085164 (+/- 2273) us 
Write latency = 793.319332 (+/- 858) us 
Accept latency = 1919.4255859999998 (+/- 59) us 
Batch average size = NaN (+/- 0) requests
ConsensusMessage ByteCount = 164704
TOMMessage ByteCount = 51149495
LCMessage ByteCount = 597
StandardSMMessage ByteCount = 9726
--- Measurements after 47000 ops (1000 samples) ---
Throughput = 4761.905 operations/sec (Maximum observed: 4854.369 ops/sec)
Total latency = 7871079.316923 (+/- 0) us 
Consensus latency = 24139.99968 (+/- 845) us 
Pre-consensus latency = 0.0 (+/- 0) us 
Pos-consensus latency = 7860666.718123 (+/- 0) us 
Propose latency = 20033.045262 (+/- 1708) us 
Write latency = 2068.297512 (+/- 868) us 
Accept latency = 2038.656906 (+/- 5) us 
Batch average size = NaN (+/- 0) requests
ConsensusMessage ByteCount = 164704
TOMMessage ByteCount = 52561452
LCMessage ByteCount = 597
StandardSMMessage ByteCount = 9726
--- Measurements after 48000 ops (1000 samples) ---
Throughput = 4184.1006 operations/sec (Maximum observed: 4854.369 ops/sec)
Total latency = 8070508.615357 (+/- 0) us 
Consensus latency = 28373.021826 (+/- 5637) us 
Pre-consensus latency = 0.0 (+/- 0) us 
Pos-consensus latency = 8060516.954041 (+/- 0) us 
Propose latency = 24168.812618 (+/- 1192) us 
Write latency = 2207.226348 (+/- 4570) us 
Accept latency = 1996.98286 (+/- 124) us 
Batch average size = NaN (+/- 0) requests
ConsensusMessage ByteCount = 164704
TOMMessage ByteCount = 54079275
LCMessage ByteCount = 597
StandardSMMessage ByteCount = 9726
--- Measurements after 49000 ops (1000 samples) ---
Throughput = 3424.6575 operations/sec (Maximum observed: 4854.369 ops/sec)
Total latency = 8271252.252301 (+/- 0) us 
Consensus latency = 39728.561998000005 (+/- 4203) us 
Pre-consensus latency = 0.0 (+/- 0) us 
Pos-consensus latency = 8250751.627425 (+/- 0) us 
Propose latency = 26937.679958 (+/- 46) us 
Write latency = 11075.899242000001 (+/- 4263) us 
Accept latency = 1714.982798 (+/- 13) us 
Batch average size = NaN (+/- 0) requests
ConsensusMessage ByteCount = 164704
TOMMessage ByteCount = 55695578
LCMessage ByteCount = 597
StandardSMMessage ByteCount = 9726
--- Measurements after 50000 ops (1000 samples) ---
Throughput = 4761.905 operations/sec (Maximum observed: 4854.369 ops/sec)
Total latency = 8486519.935855 (+/- 0) us 
Consensus latency = 28972.20607 (+/- 212) us 
Pre-consensus latency = 0.0 (+/- 0) us 
Pos-consensus latency = 8477113.596145 (+/- 0) us 
Propose latency = 26943.88009 (+/- 316) us 
Write latency = 242.925 (+/- 2) us 
Accept latency = 1785.40098 (+/- 101) us 
Batch average size = NaN (+/- 0) requests
ConsensusMessage ByteCount = 164704
TOMMessage ByteCount = 56839177
LCMessage ByteCount = 597
StandardSMMessage ByteCount = 9726
--- Measurements after 51000 ops (1000 samples) ---
Throughput = 3787.879 operations/sec (Maximum observed: 4854.369 ops/sec)
Total latency = 8696381.725032 (+/- 0) us 
Consensus latency = 28293.573298 (+/- 240) us 
Pre-consensus latency = 0.0 (+/- 0) us 
Pos-consensus latency = 8687673.174674 (+/- 0) us 
Propose latency = 25994.80231 (+/- 161) us 
Write latency = 249.566916 (+/- 1) us 
Accept latency = 2049.204072 (+/- 76) us 
Batch average size = NaN (+/- 0) requests
ConsensusMessage ByteCount = 164704
TOMMessage ByteCount = 57667640
LCMessage ByteCount = 597
StandardSMMessage ByteCount = 9726
--- Measurements after 52000 ops (1000 samples) ---
Throughput = 4716.981 operations/sec (Maximum observed: 4854.369 ops/sec)
Total latency = 8891247.17451 (+/- 0) us 
Consensus latency = 27466.013196 (+/- 170) us 
Pre-consensus latency = 0.0 (+/- 0) us 
Pos-consensus latency = 8882616.640972 (+/- 0) us 
Propose latency = 25406.77678 (+/- 238) us 
Write latency = 243.899104 (+/- 1) us 
Accept latency = 1815.3373119999999 (+/- 65) us 
Batch average size = NaN (+/- 0) requests
ConsensusMessage ByteCount = 164704
TOMMessage ByteCount = 57684874
LCMessage ByteCount = 597
StandardSMMessage ByteCount = 9726
--- Measurements after 53000 ops (1000 samples) ---
Throughput = 3875.969 operations/sec (Maximum observed: 4854.369 ops/sec)
Total latency = 9088241.318945998 (+/- 0) us 
Consensus latency = 27240.490100000003 (+/- 2210) us 
Pre-consensus latency = 0.0 (+/- 0) us 
Pos-consensus latency = 9079951.453934 (+/- 0) us 
Propose latency = 24928.679902 (+/- 2252) us 
Write latency = 250.038002 (+/- 3) us 
Accept latency = 2061.772196 (+/- 45) us 
Batch average size = NaN (+/- 0) requests
ConsensusMessage ByteCount = 164704
TOMMessage ByteCount = 57694722
LCMessage ByteCount = 597
StandardSMMessage ByteCount = 9726
--- Measurements after 54000 ops (1000 samples) ---
Throughput = 4444.4443 operations/sec (Maximum observed: 4854.369 ops/sec)
Total latency = 9300334.9026 (+/- 0) us 
Consensus latency = 38177.86559 (+/- 1518) us 
Pre-consensus latency = 0.0 (+/- 0) us 
Pos-consensus latency = 9288567.236172002 (+/- 0) us 
Propose latency = 36077.756442 (+/- 1515) us 
Write latency = 268.13471999999996 (+/- 1) us 
Accept latency = 1831.974428 (+/- 4) us 
Batch average size = NaN (+/- 0) requests
ConsensusMessage ByteCount = 164704
TOMMessage ByteCount = 57695953
LCMessage ByteCount = 597
StandardSMMessage ByteCount = 9726
--- Measurements after 55000 ops (1000 samples) ---
Throughput = 4784.689 operations/sec (Maximum observed: 4854.369 ops/sec)
Total latency = 9482702.936802 (+/- 0) us 
Consensus latency = 25437.942 (+/- 0) us 
Pre-consensus latency = 0.0 (+/- 0) us 
Pos-consensus latency = 9474376.802802 (+/- 0) us 
Propose latency = 23363.881 (+/- 0) us 
Write latency = 283.891 (+/- 0) us 
Accept latency = 1790.17 (+/- 0) us 
Batch average size = NaN (+/- 0) requests
ConsensusMessage ByteCount = 164704
TOMMessage ByteCount = 57699646
LCMessage ByteCount = 597
StandardSMMessage ByteCount = 9726
--- Measurements after 56000 ops (1000 samples) ---
Throughput = 4273.5044 operations/sec (Maximum observed: 4854.369 ops/sec)
Total latency = 9679831.544978 (+/- 0) us 
Consensus latency = 39904.371450000006 (+/- 1454) us 
Pre-consensus latency = 0.0 (+/- 0) us 
Pos-consensus latency = 9655875.808748 (+/- 0) us 
Propose latency = 22570.23166 (+/- 79) us 
Write latency = 15703.46473 (+/- 1550) us 
Accept latency = 1630.67506 (+/- 16) us 
Batch average size = NaN (+/- 0) requests
ConsensusMessage ByteCount = 164704
TOMMessage ByteCount = 57700877
LCMessage ByteCount = 597
StandardSMMessage ByteCount = 9726
--- Measurements after 57000 ops (1000 samples) ---
Throughput = 4784.689 operations/sec (Maximum observed: 4854.369 ops/sec)
Total latency = 9850360.606691 (+/- 0) us 
Consensus latency = 38100.397057999995 (+/- 366) us 
Pre-consensus latency = 0.0 (+/- 0) us 
Pos-consensus latency = 9831225.249643 (+/- 0) us 
Propose latency = 26338.670284000003 (+/- 708) us 
Write latency = 11580.835878 (+/- 803) us 
Accept latency = 180.890896 (+/- 271) us 
Batch average size = NaN (+/- 0) requests
ConsensusMessage ByteCount = 164704
TOMMessage ByteCount = 57702108
LCMessage ByteCount = 597
StandardSMMessage ByteCount = 9726
--- Measurements after 58000 ops (1000 samples) ---
Throughput = 4830.918 operations/sec (Maximum observed: 4854.369 ops/sec)
Total latency = 1.001412889734E7 (+/- 0) us 
Consensus latency = 30972.13411 (+/- 1752) us 
Pre-consensus latency = 0.0 (+/- 0) us 
Pos-consensus latency = 9999711.764348 (+/- 0) us 
Propose latency = 27741.688542 (+/- 315) us 
Write latency = 1355.366948 (+/- 2501) us 
Accept latency = 1875.07862 (+/- 433) us 
Batch average size = NaN (+/- 0) requests
ConsensusMessage ByteCount = 164704
TOMMessage ByteCount = 57705801
LCMessage ByteCount = 597
StandardSMMessage ByteCount = 9726
--- Measurements after 59000 ops (1000 samples) ---
Throughput = 4273.5044 operations/sec (Maximum observed: 4854.369 ops/sec)
Total latency = 1.019617848104E7 (+/- 0) us 
Consensus latency = 27250.730322 (+/- 982) us 
Pre-consensus latency = 0.0 (+/- 0) us 
Pos-consensus latency = 1.018728328209E7 (+/- 0) us 
Propose latency = 24229.404728 (+/- 1073) us 
Write latency = 1258.75941 (+/- 156) us 
Accept latency = 1762.5661839999998 (+/- 65) us 
Batch average size = NaN (+/- 0) requests
ConsensusMessage ByteCount = 164704
TOMMessage ByteCount = 57708263
LCMessage ByteCount = 597
StandardSMMessage ByteCount = 9726
--- Measurements after 60000 ops (1000 samples) ---
Throughput = 4761.905 operations/sec (Maximum observed: 4854.369 ops/sec)
Total latency = 1.0382444339449E7 (+/- 0) us 
Consensus latency = 25629.798061999998 (+/- 457) us 
Pre-consensus latency = 0.0 (+/- 0) us 
Pos-consensus latency = 1.0374952527919E7 (+/- 0) us 
Propose latency = 23471.780154 (+/- 150) us 
Write latency = 329.744364 (+/- 336) us 
Accept latency = 1828.273544 (+/- 29) us 
Batch average size = NaN (+/- 0) requests
ConsensusMessage ByteCount = 164704
TOMMessage ByteCount = 57709494
LCMessage ByteCount = 597
StandardSMMessage ByteCount = 9726
--- Measurements after 61000 ops (1000 samples) ---
Throughput = 5025.1255 operations/sec (Maximum observed: 5025.1255 ops/sec)
Total latency = 1.0560348095725E7 (+/- 0) us 
Consensus latency = 28068.167269999998 (+/- 1003) us 
Pre-consensus latency = 0.0 (+/- 0) us 
Pos-consensus latency = 1.0550209496495001E7 (+/- 0) us 
Propose latency = 25943.361539999998 (+/- 975) us 
Write latency = 217.55645 (+/- 1) us 
Accept latency = 1907.24928 (+/- 26) us 
Batch average size = NaN (+/- 0) requests
ConsensusMessage ByteCount = 164704
TOMMessage ByteCount = 57710725
LCMessage ByteCount = 597
StandardSMMessage ByteCount = 9726
--- Measurements after 62000 ops (1000 samples) ---
Throughput = 6060.606 operations/sec (Maximum observed: 6060.606 ops/sec)
Total latency = 1.0707534376741E7 (+/- 0) us 
Consensus latency = 37963.764162 (+/- 4058) us 
Pre-consensus latency = 0.0 (+/- 0) us 
Pos-consensus latency = 1.0687618902205E7 (+/- 0) us 
Propose latency = 35915.77638 (+/- 4095) us 
Write latency = 276.18005 (+/- 24) us 
Accept latency = 1771.807732 (+/- 62) us 
Batch average size = NaN (+/- 0) requests
ConsensusMessage ByteCount = 164704
TOMMessage ByteCount = 57711956
LCMessage ByteCount = 597
StandardSMMessage ByteCount = 9726
--- Measurements after 63000 ops (1000 samples) ---
Throughput = 6711.409 operations/sec (Maximum observed: 6711.409 ops/sec)
Total latency = 1.0821159159001E7 (+/- 0) us 
Consensus latency = 33539.187066 (+/- 2865) us 
Pre-consensus latency = 0.0 (+/- 0) us 
Pos-consensus latency = 1.0805175044195E7 (+/- 0) us 
Propose latency = 25232.106638 (+/- 5787) us 
Write latency = 6076.560676 (+/- 2695) us 
Accept latency = 2230.5197519999997 (+/- 225) us 
Batch average size = NaN (+/- 0) requests
ConsensusMessage ByteCount = 164704
TOMMessage ByteCount = 57926150
LCMessage ByteCount = 597
StandardSMMessage ByteCount = 9726
--- Measurements after 64000 ops (1000 samples) ---
Throughput = 6172.8394 operations/sec (Maximum observed: 6711.409 ops/sec)
Total latency = 1.0931962091012E7 (+/- 0) us 
Consensus latency = 32533.408948 (+/- 164) us 
Pre-consensus latency = 0.0 (+/- 0) us 
Pos-consensus latency = 1.0918050490542E7 (+/- 0) us 
Propose latency = 23118.965506 (+/- 291) us 
Write latency = 6979.626516 (+/- 176) us 
Accept latency = 2434.816926 (+/- 49) us 
Batch average size = NaN (+/- 0) requests
ConsensusMessage ByteCount = 164704
TOMMessage ByteCount = 58296681
LCMessage ByteCount = 597
StandardSMMessage ByteCount = 9726
--- Measurements after 65000 ops (1000 samples) ---
Throughput = 6666.6665 operations/sec (Maximum observed: 6711.409 ops/sec)
Total latency = 1.1053549085791001E7 (+/- 0) us 
Consensus latency = 32514.210088 (+/- 55) us 
Pre-consensus latency = 0.0 (+/- 0) us 
Pos-consensus latency = 1.1039648752069E7 (+/- 0) us 
Propose latency = 25007.581352 (+/- 941) us 
Write latency = 5048.896992 (+/- 995) us 
Accept latency = 2457.731744 (+/- 1) us 
Batch average size = NaN (+/- 0) requests
ConsensusMessage ByteCount = 164704
TOMMessage ByteCount = 58680753
LCMessage ByteCount = 597
StandardSMMessage ByteCount = 9726
--- Measurements after 66000 ops (1000 samples) ---
Throughput = 6711.409 operations/sec (Maximum observed: 6711.409 ops/sec)
Total latency = 1.1163895277145E7 (+/- 0) us 
Consensus latency = 31155.1095 (+/- 767) us 
Pre-consensus latency = 0.0 (+/- 0) us 
Pos-consensus latency = 1.1151317534645E7 (+/- 0) us 
Propose latency = 24926.18875 (+/- 340) us 
Write latency = 3795.2655 (+/- 413) us 
Accept latency = 2433.65525 (+/- 13) us 
Batch average size = NaN (+/- 0) requests
ConsensusMessage ByteCount = 164704
TOMMessage ByteCount = 59059901
LCMessage ByteCount = 597
StandardSMMessage ByteCount = 9726
--- Measurements after 67000 ops (1000 samples) ---
Throughput = 6172.8394 operations/sec (Maximum observed: 6711.409 ops/sec)
Total latency = 1.1281987052132E7 (+/- 0) us 
Consensus latency = 28963.971692000003 (+/- 1074) us 
Pre-consensus latency = 0.0 (+/- 0) us 
Pos-consensus latency = 1.1271401500792E7 (+/- 0) us 
Propose latency = 25610.027456 (+/- 541) us 
Write latency = 1138.257634 (+/- 1486) us 
Accept latency = 2215.6866019999998 (+/- 129) us 
Batch average size = NaN (+/- 0) requests
ConsensusMessage ByteCount = 164704
TOMMessage ByteCount = 59464900
LCMessage ByteCount = 597
StandardSMMessage ByteCount = 9726
--- Measurements after 68000 ops (1000 samples) ---
Throughput = 6711.409 operations/sec (Maximum observed: 6711.409 ops/sec)
Total latency = 1.1407015415198999E7 (+/- 0) us 
Consensus latency = 27240.448538 (+/- 693) us 
Pre-consensus latency = 0.0 (+/- 0) us 
Pos-consensus latency = 1.1397875049475001E7 (+/- 0) us 
Propose latency = 25091.681142 (+/- 554) us 
Write latency = 216.482538 (+/- 5) us 
Accept latency = 1932.284858 (+/- 133) us 
Batch average size = NaN (+/- 0) requests
ConsensusMessage ByteCount = 164704
TOMMessage ByteCount = 59869899
LCMessage ByteCount = 597
StandardSMMessage ByteCount = 9726
--- Measurements after 69000 ops (1000 samples) ---
Throughput = 6666.6665 operations/sec (Maximum observed: 6711.409 ops/sec)
Total latency = 1.1525222041871E7 (+/- 0) us 
Consensus latency = 25749.462524 (+/- 716) us 
Pre-consensus latency = 0.0 (+/- 0) us 
Pos-consensus latency = 1.1516770697491E7 (+/- 0) us 
Propose latency = 23839.592215999997 (+/- 614) us 
Write latency = 220.263364 (+/- 5) us 
Accept latency = 1689.6069439999999 (+/- 107) us 
Batch average size = NaN (+/- 0) requests
ConsensusMessage ByteCount = 164704
TOMMessage ByteCount = 60290901
LCMessage ByteCount = 597
StandardSMMessage ByteCount = 9726
--- Measurements after 70000 ops (1000 samples) ---
Throughput = 6172.8394 operations/sec (Maximum observed: 6711.409 ops/sec)
Total latency = 1.1650633309647E7 (+/- 0) us 
Consensus latency = 25084.232366 (+/- 124) us 
Pre-consensus latency = 0.0 (+/- 0) us 
Pos-consensus latency = 1.1642689277367001E7 (+/- 0) us 
Propose latency = 23063.895144000002 (+/- 256) us 
Write latency = 233.036038 (+/- 6) us 
Accept latency = 1787.301184 (+/- 125) us 
Batch average size = NaN (+/- 0) requests
ConsensusMessage ByteCount = 164704
TOMMessage ByteCount = 60777146
LCMessage ByteCount = 597
StandardSMMessage ByteCount = 9726
--- Measurements after 71000 ops (1000 samples) ---
Throughput = 6711.409 operations/sec (Maximum observed: 6711.409 ops/sec)
Total latency = 1.1766992001766E7 (+/- 0) us 
Consensus latency = 28569.55565 (+/- 2741) us 
Pre-consensus latency = 0.0 (+/- 0) us 
Pos-consensus latency = 1.1755399955936002E7 (+/- 0) us 
Propose latency = 26505.84762 (+/- 2782) us 
Write latency = 260.02035 (+/- 16) us 
Accept latency = 1803.68768 (+/- 57) us 
Batch average size = NaN (+/- 0) requests
ConsensusMessage ByteCount = 164704
TOMMessage ByteCount = 61110747
LCMessage ByteCount = 597
StandardSMMessage ByteCount = 9726
--- Measurements after 72000 ops (1000 samples) ---
Throughput = 6756.757 operations/sec (Maximum observed: 6756.757 ops/sec)
Total latency = 1.1877369793457001E7 (+/- 0) us 
Consensus latency = 28080.099936000002 (+/- 2089) us 
Pre-consensus latency = 0.0 (+/- 0) us 
Pos-consensus latency = 1.1866835143680999E7 (+/- 0) us 
Propose latency = 26126.834936 (+/- 2024) us 
Write latency = 244.628658 (+/- 22) us 
Accept latency = 1708.636342 (+/- 41) us 
Batch average size = NaN (+/- 0) requests
ConsensusMessage ByteCount = 164704
TOMMessage ByteCount = 61513284
LCMessage ByteCount = 597
StandardSMMessage ByteCount = 9726
--- Measurements after 73000 ops (1000 samples) ---
Throughput = 6134.969 operations/sec (Maximum observed: 6756.757 ops/sec)
Total latency = 1.2002775979020001E7 (+/- 0) us 
Consensus latency = 33229.877588 (+/- 5794) us 
Pre-consensus latency = 0.0 (+/- 0) us 
Pos-consensus latency = 1.1987719788944E7 (+/- 0) us 
Propose latency = 24851.159929999998 (+/- 302) us 
Write latency = 6511.482402 (+/- 5329) us 
Accept latency = 1867.2352560000002 (+/- 162) us 
Batch average size = NaN (+/- 0) requests
ConsensusMessage ByteCount = 164704
TOMMessage ByteCount = 61853040
LCMessage ByteCount = 597
StandardSMMessage ByteCount = 9726
--- Measurements after 74000 ops (1000 samples) ---
Throughput = 6756.757 operations/sec (Maximum observed: 6756.757 ops/sec)
Total latency = 1.2118651433729999E7 (+/- 0) us 
Consensus latency = 31866.301638 (+/- 5584) us 
Pre-consensus latency = 0.0 (+/- 0) us 
Pos-consensus latency = 1.2105831400992E7 (+/- 0) us 
Propose latency = 24994.301862 (+/- 100) us 
Write latency = 5004.278238 (+/- 5361) us 
Accept latency = 1867.721538 (+/- 122) us 
Batch average size = NaN (+/- 0) requests
ConsensusMessage ByteCount = 164704
TOMMessage ByteCount = 62214954
LCMessage ByteCount = 597
StandardSMMessage ByteCount = 9726
--- Measurements after 75000 ops (1000 samples) ---
Throughput = 6756.757 operations/sec (Maximum observed: 6756.757 ops/sec)
Total latency = 1.2230583759016002E7 (+/- 0) us 
Consensus latency = 27067.802358 (+/- 158) us 
Pre-consensus latency = 0.0 (+/- 0) us 
Pos-consensus latency = 1.2222376679696E7 (+/- 0) us 
Propose latency = 25043.11608 (+/- 129) us 
Write latency = 239.39694 (+/- 4) us 
Accept latency = 1785.289338 (+/- 24) us 
Batch average size = NaN (+/- 0) requests
ConsensusMessage ByteCount = 164704
TOMMessage ByteCount = 62511625
LCMessage ByteCount = 597
StandardSMMessage ByteCount = 9726
--- Measurements after 76000 ops (1000 samples) ---
Throughput = 5988.024 operations/sec (Maximum observed: 6756.757 ops/sec)
Total latency = 1.2361013356017001E7 (+/- 0) us 
Consensus latency = 29209.4981 (+/- 1955) us 
Pre-consensus latency = 0.0 (+/- 0) us 
Pos-consensus latency = 1.2349735968697E7 (+/- 0) us 
Propose latency = 27206.59508 (+/- 2003) us 
Write latency = 229.50207 (+/- 13) us 
Accept latency = 1773.40095 (+/- 34) us 
Batch average size = NaN (+/- 0) requests
ConsensusMessage ByteCount = 164704
TOMMessage ByteCount = 62859998
LCMessage ByteCount = 597
StandardSMMessage ByteCount = 9726
--- Measurements after 77000 ops (1000 samples) ---
Throughput = 6711.409 operations/sec (Maximum observed: 6756.757 ops/sec)
Total latency = 1.2481235583925E7 (+/- 0) us 
Consensus latency = 31161.701054 (+/- 37) us 
Pre-consensus latency = 0.0 (+/- 0) us 
Pos-consensus latency = 1.2468179457975E7 (+/- 0) us 
Propose latency = 29118.567492 (+/- 52) us 
Write latency = 214.79343 (+/- 1) us 
Accept latency = 1828.340132 (+/- 91) us 
Batch average size = NaN (+/- 0) requests
ConsensusMessage ByteCount = 164704
TOMMessage ByteCount = 63192368
LCMessage ByteCount = 597
StandardSMMessage ByteCount = 9726
--- Measurements after 78000 ops (1000 samples) ---
Throughput = 6666.6665 operations/sec (Maximum observed: 6756.757 ops/sec)
Total latency = 1.2595631599912E7 (+/- 0) us 
Consensus latency = 30906.444698 (+/- 317) us 
Pre-consensus latency = 0.0 (+/- 0) us 
Pos-consensus latency = 1.2583059335308E7 (+/- 0) us 
Propose latency = 27129.55588 (+/- 2089) us 
Write latency = 2091.3562 (+/- 2027) us 
Accept latency = 1685.532618 (+/- 255) us 
Batch average size = NaN (+/- 0) requests
ConsensusMessage ByteCount = 164704
TOMMessage ByteCount = 63447185
LCMessage ByteCount = 597
StandardSMMessage ByteCount = 9726
--- Measurements after 79000 ops (1000 samples) ---
Throughput = 5988.024 operations/sec (Maximum observed: 6756.757 ops/sec)
Total latency = 1.2719047273548E7 (+/- 0) us 
Consensus latency = 29890.651474 (+/- 763) us 
Pre-consensus latency = 0.0 (+/- 0) us 
Pos-consensus latency = 1.2707455349096E7 (+/- 0) us 
Propose latency = 25820.946828 (+/- 1070) us 
Write latency = 2527.5546480000003 (+/- 1983) us 
Accept latency = 1542.1499979999999 (+/- 149) us 
Batch average size = NaN (+/- 0) requests
ConsensusMessage ByteCount = 164704
TOMMessage ByteCount = 63741394
LCMessage ByteCount = 597
StandardSMMessage ByteCount = 9726
--- Measurements after 80000 ops (1000 samples) ---
Throughput = 6535.9478 operations/sec (Maximum observed: 6756.757 ops/sec)
Total latency = 1.2833626276542999E7 (+/- 0) us 
Consensus latency = 28246.085864 (+/- 928) us 
Pre-consensus latency = 0.0 (+/- 0) us 
Pos-consensus latency = 1.2823708767688999E7 (+/- 0) us 
Propose latency = 26012.4022 (+/- 1215) us 
Write latency = 567.576634 (+/- 340) us 
Accept latency = 1666.1070300000001 (+/- 53) us 
Batch average size = NaN (+/- 0) requests
ConsensusMessage ByteCount = 164704
TOMMessage ByteCount = 63988825
LCMessage ByteCount = 597
StandardSMMessage ByteCount = 9726
--- Measurements after 81000 ops (1000 samples) ---
Throughput = 6622.5166 operations/sec (Maximum observed: 6756.757 ops/sec)
Total latency = 1.2953396496653E7 (+/- 0) us 
Consensus latency = 27049.055510000002 (+/- 116) us 
Pre-consensus latency = 0.0 (+/- 0) us 
Pos-consensus latency = 1.2944024394863E7 (+/- 0) us 
Propose latency = 23593.6286 (+/- 1218) us 
Write latency = 1817.98874 (+/- 1057) us 
Accept latency = 1637.43817 (+/- 44) us 
Batch average size = NaN (+/- 0) requests
ConsensusMessage ByteCount = 164704
TOMMessage ByteCount = 64215329
LCMessage ByteCount = 597
StandardSMMessage ByteCount = 9726
--- Measurements after 82000 ops (1000 samples) ---
Throughput = 6024.096 operations/sec (Maximum observed: 6756.757 ops/sec)
Total latency = 1.3085907221271E7 (+/- 0) us 
Consensus latency = 30023.43625 (+/- 4107) us 
Pre-consensus latency = 0.0 (+/- 0) us 
Pos-consensus latency = 1.3073096904378999E7 (+/- 0) us 
Propose latency = 22269.253940000002 (+/- 261) us 
Write latency = 5852.384048000001 (+/- 3571) us 
Accept latency = 1901.798262 (+/- 275) us 
Batch average size = NaN (+/- 0) requests
ConsensusMessage ByteCount = 164704
TOMMessage ByteCount = 64434447
LCMessage ByteCount = 597
StandardSMMessage ByteCount = 9726
--- Measurements after 83000 ops (1000 samples) ---
Throughput = 6666.6665 operations/sec (Maximum observed: 6756.757 ops/sec)
Total latency = 1.3204236523909999E7 (+/- 0) us 
Consensus latency = 32398.189702 (+/- 4203) us 
Pre-consensus latency = 0.0 (+/- 0) us 
Pos-consensus latency = 1.3189668872512E7 (+/- 0) us 
Propose latency = 23137.373086 (+/- 727) us 
Write latency = 7203.342432 (+/- 4645) us 
Accept latency = 2057.4741839999997 (+/- 286) us 
Batch average size = NaN (+/- 0) requests
ConsensusMessage ByteCount = 164704
TOMMessage ByteCount = 64662182
LCMessage ByteCount = 597
StandardSMMessage ByteCount = 9726
--- Measurements after 84000 ops (1000 samples) ---
Throughput = 6711.409 operations/sec (Maximum observed: 6756.757 ops/sec)
Total latency = 1.331694868296E7 (+/- 0) us 
Consensus latency = 27127.458690000003 (+/- 816) us 
Pre-consensus latency = 0.0 (+/- 0) us 
Pos-consensus latency = 1.3308277970424E7 (+/- 0) us 
Propose latency = 24822.025646000002 (+/- 989) us 
Write latency = 611.665044 (+/- 222) us 
Accept latency = 1693.768 (+/- 48) us 
Batch average size = NaN (+/- 0) requests
ConsensusMessage ByteCount = 164704
TOMMessage ByteCount = 64929309
LCMessage ByteCount = 597
StandardSMMessage ByteCount = 9726
--- Measurements after 85000 ops (1000 samples) ---
Throughput = 5952.381 operations/sec (Maximum observed: 6756.757 ops/sec)
Total latency = 1.3450771923861999E7 (+/- 0) us 
Consensus latency = 31185.279875999997 (+/- 4438) us 
Pre-consensus latency = 0.0 (+/- 0) us 
Pos-consensus latency = 1.3437375434896E7 (+/- 0) us 
Propose latency = 26027.592606 (+/- 377) us 
Write latency = 3415.425568 (+/- 4851) us 
Accept latency = 1742.261702 (+/- 35) us 
Batch average size = NaN (+/- 0) requests
ConsensusMessage ByteCount = 164704
TOMMessage ByteCount = 65171816
LCMessage ByteCount = 597
StandardSMMessage ByteCount = 9726
--- Measurements after 86000 ops (1000 samples) ---
Throughput = 6756.757 operations/sec (Maximum observed: 6756.757 ops/sec)
Total latency = 1.3566235509893999E7 (+/- 0) us 
Consensus latency = 35856.99777 (+/- 3624) us 
Pre-consensus latency = 0.0 (+/- 0) us 
Pos-consensus latency = 1.3548986376684E7 (+/- 0) us 
Propose latency = 26030.139649999997 (+/- 966) us 
Write latency = 8050.09065 (+/- 4737) us 
Accept latency = 1776.76747 (+/- 146) us 
Batch average size = NaN (+/- 0) requests
ConsensusMessage ByteCount = 164704
TOMMessage ByteCount = 65328153
LCMessage ByteCount = 597
StandardSMMessage ByteCount = 9726
--- Measurements after 87000 ops (1000 samples) ---
Throughput = 6802.721 operations/sec (Maximum observed: 6802.721 ops/sec)
Total latency = 1.3670542248738E7 (+/- 0) us 
Consensus latency = 29805.283308 (+/- 165) us 
Pre-consensus latency = 0.0 (+/- 0) us 
Pos-consensus latency = 1.3660312524242E7 (+/- 0) us 
Propose latency = 27576.487706 (+/- 72) us 
Write latency = 266.342276 (+/- 4) us 
Accept latency = 1962.4533259999998 (+/- 97) us 
Batch average size = NaN (+/- 0) requests
ConsensusMessage ByteCount = 164704
TOMMessage ByteCount = 65570660
LCMessage ByteCount = 597
StandardSMMessage ByteCount = 9726
--- Measurements after 88000 ops (1000 samples) ---
Throughput = 5681.8184 operations/sec (Maximum observed: 6802.721 ops/sec)
Total latency = 1.3806052250588E7 (+/- 0) us 
Consensus latency = 28826.165564 (+/- 1291) us 
Pre-consensus latency = 0.0 (+/- 0) us 
Pos-consensus latency = 1.3795737035416E7 (+/- 0) us 
Propose latency = 26770.635868 (+/- 1272) us 
Write latency = 267.28841 (+/- 11) us 
Accept latency = 1788.2412860000002 (+/- 7) us 
Batch average size = NaN (+/- 0) requests
ConsensusMessage ByteCount = 164704
TOMMessage ByteCount = 65847635
LCMessage ByteCount = 597
StandardSMMessage ByteCount = 9726
--- Measurements after 89000 ops (1000 samples) ---
Throughput = 6711.409 operations/sec (Maximum observed: 6802.721 ops/sec)
Total latency = 1.392750261915E7 (+/- 0) us 
Consensus latency = 26099.307286 (+/- 625) us 
Pre-consensus latency = 0.0 (+/- 0) us 
Pos-consensus latency = 1.3919237449732E7 (+/- 0) us 
Propose latency = 24111.956739999998 (+/- 560) us 
Write latency = 238.910552 (+/- 14) us 
Accept latency = 1748.4399939999998 (+/- 50) us 
Batch average size = NaN (+/- 0) requests
ConsensusMessage ByteCount = 164704
TOMMessage ByteCount = 66051981
LCMessage ByteCount = 597
StandardSMMessage ByteCount = 9726
--- Measurements after 90000 ops (1000 samples) ---
Throughput = 6666.6665 operations/sec (Maximum observed: 6802.721 ops/sec)
Total latency = 1.4050910713355E7 (+/- 0) us 
Consensus latency = 25217.589350000002 (+/- 821) us 
Pre-consensus latency = 0.0 (+/- 0) us 
Pos-consensus latency = 1.4041880923561001E7 (+/- 0) us 
Propose latency = 23000.806636 (+/- 36) us 
Write latency = 531.0258419999999 (+/- 699) us 
Accept latency = 1685.756872 (+/- 85) us 
Batch average size = NaN (+/- 0) requests
ConsensusMessage ByteCount = 164704
TOMMessage ByteCount = 66220628
LCMessage ByteCount = 597
StandardSMMessage ByteCount = 9726
--- Measurements after 91000 ops (1000 samples) ---
Throughput = 6060.606 operations/sec (Maximum observed: 6802.721 ops/sec)
Total latency = 1.4184229671986E7 (+/- 0) us 
Consensus latency = 30056.7965 (+/- 7263) us 
Pre-consensus latency = 0.0 (+/- 0) us 
Pos-consensus latency = 1.4170120224236E7 (+/- 0) us 
Propose latency = 23923.95915 (+/- 2009) us 
Write latency = 4269.3812 (+/- 5275) us 
Accept latency = 1863.45615 (+/- 21) us 
Batch average size = NaN (+/- 0) requests
ConsensusMessage ByteCount = 164704
TOMMessage ByteCount = 66479138
LCMessage ByteCount = 597
StandardSMMessage ByteCount = 9726
--- Measurements after 92000 ops (1000 samples) ---
Throughput = 6666.6665 operations/sec (Maximum observed: 6802.721 ops/sec)
Total latency = 1.4300535221622E7 (+/- 0) us 
Consensus latency = 44752.22359 (+/- 6814) us 
Pre-consensus latency = 0.0 (+/- 0) us 
Pos-consensus latency = 1.427266570265E7 (+/- 0) us 
Propose latency = 28221.121408 (+/- 1273) us 
Write latency = 14734.833788 (+/- 5498) us 
Accept latency = 1796.2683940000002 (+/- 42) us 
Batch average size = NaN (+/- 0) requests
ConsensusMessage ByteCount = 164704
TOMMessage ByteCount = 66684715
LCMessage ByteCount = 597
StandardSMMessage ByteCount = 9726
--- Measurements after 93000 ops (1000 samples) ---
Throughput = 6711.409 operations/sec (Maximum observed: 6802.721 ops/sec)
Total latency = 1.4394703343117E7 (+/- 0) us 
Consensus latency = 26882.32182 (+/- 200) us 
Pre-consensus latency = 0.0 (+/- 0) us 
Pos-consensus latency = 1.4387550750551E7 (+/- 0) us 
Propose latency = 24913.533484 (+/- 131) us 
Write latency = 260.49574 (+/- 2) us 
Accept latency = 1708.292596 (+/- 72) us 
Batch average size = NaN (+/- 0) requests
ConsensusMessage ByteCount = 164704
TOMMessage ByteCount = 66925991
LCMessage ByteCount = 597
StandardSMMessage ByteCount = 9726
--- Measurements after 94000 ops (1000 samples) ---
Throughput = 6060.606 operations/sec (Maximum observed: 6802.721 ops/sec)
Total latency = 1.4513704151459E7 (+/- 0) us 
Consensus latency = 29004.862129999998 (+/- 5251) us 
Pre-consensus latency = 0.0 (+/- 0) us 
Pos-consensus latency = 1.4504216932193E7 (+/- 0) us 
Propose latency = 26836.282072 (+/- 5272) us 
Write latency = 252.66126 (+/- 1) us 
Accept latency = 1915.918798 (+/- 22) us 
Batch average size = NaN (+/- 0) requests
ConsensusMessage ByteCount = 164704
TOMMessage ByteCount = 67343300
LCMessage ByteCount = 597
StandardSMMessage ByteCount = 9726
--- Measurements after 95000 ops (1000 samples) ---
Throughput = 6711.409 operations/sec (Maximum observed: 6802.721 ops/sec)
Total latency = 1.4631782908733E7 (+/- 0) us 
Consensus latency = 46056.373697999996 (+/- 4170) us 
Pre-consensus latency = 0.0 (+/- 0) us 
Pos-consensus latency = 1.4603319476077E7 (+/- 0) us 
Propose latency = 43964.459242 (+/- 4151) us 
Write latency = 257.247476 (+/- 1) us 
Accept latency = 1834.66698 (+/- 20) us 
Batch average size = NaN (+/- 0) requests
ConsensusMessage ByteCount = 164704
TOMMessage ByteCount = 67846779
LCMessage ByteCount = 597
StandardSMMessage ByteCount = 9726
--- Measurements after 96000 ops (1000 samples) ---
Throughput = 6060.606 operations/sec (Maximum observed: 6802.721 ops/sec)
Total latency = 1.4730511403771E7 (+/- 0) us 
Consensus latency = 28522.74479 (+/- 482) us 
Pre-consensus latency = 0.0 (+/- 0) us 
Pos-consensus latency = 1.4721341036601E7 (+/- 0) us 
Propose latency = 26516.116739999998 (+/- 462) us 
Write latency = 260.99928 (+/- 6) us 
Accept latency = 1745.62877 (+/- 13) us 
Batch average size = NaN (+/- 0) requests
ConsensusMessage ByteCount = 164704
TOMMessage ByteCount = 68344103
LCMessage ByteCount = 597
StandardSMMessage ByteCount = 9726
--- Measurements after 97000 ops (1000 samples) ---
Throughput = 6711.409 operations/sec (Maximum observed: 6802.721 ops/sec)
Total latency = 1.4866282627562E7 (+/- 0) us 
Consensus latency = 25789.818403999998 (+/- 90) us 
Pre-consensus latency = 0.0 (+/- 0) us 
Pos-consensus latency = 1.4858819563110001E7 (+/- 0) us 
Propose latency = 23896.574284000002 (+/- 85) us 
Write latency = 223.523262 (+/- 1) us 
Accept latency = 1669.720858 (+/- 3) us 
Batch average size = NaN (+/- 0) requests
ConsensusMessage ByteCount = 164704
TOMMessage ByteCount = 68810652
LCMessage ByteCount = 597
StandardSMMessage ByteCount = 9726
--- Measurements after 98000 ops (1000 samples) ---
Throughput = 6711.409 operations/sec (Maximum observed: 6802.721 ops/sec)
Total latency = 1.4987637607773E7 (+/- 0) us 
Consensus latency = 26956.013 (+/- 0) us 
Pre-consensus latency = 0.0 (+/- 0) us 
Pos-consensus latency = 1.4978108770773001E7 (+/- 0) us 
Propose latency = 25002.612 (+/- 0) us 
Write latency = 237.814 (+/- 0) us 
Accept latency = 1715.587 (+/- 0) us 
Batch average size = NaN (+/- 0) requests
ConsensusMessage ByteCount = 164704
TOMMessage ByteCount = 69317824
LCMessage ByteCount = 597
StandardSMMessage ByteCount = 9726
--- Measurements after 99000 ops (1000 samples) ---
Throughput = 6060.606 operations/sec (Maximum observed: 6802.721 ops/sec)
Total latency = 1.5105792259625E7 (+/- 0) us 
Consensus latency = 27011.565722 (+/- 7) us 
Pre-consensus latency = 0.0 (+/- 0) us 
Pos-consensus latency = 1.5096561816091E7 (+/- 0) us 
Propose latency = 24753.96469 (+/- 33) us 
Write latency = 227.68467 (+/- 1) us 
Accept latency = 2029.916362 (+/- 42) us 
Batch average size = NaN (+/- 0) requests
ConsensusMessage ByteCount = 164704
TOMMessage ByteCount = 69769601
LCMessage ByteCount = 597
StandardSMMessage ByteCount = 9726
--- Measurements after 100000 ops (1000 samples) ---
Throughput = 6666.6665 operations/sec (Maximum observed: 6802.721 ops/sec)
Total latency = 1.5237826499216E7 (+/- 0) us 
Consensus latency = 28946.269638 (+/- 405) us 
Pre-consensus latency = 0.0 (+/- 0) us 
Pos-consensus latency = 1.5226269852847999E7 (+/- 0) us 
Propose latency = 22152.476886 (+/- 544) us 
Write latency = 5165.767701999999 (+/- 1034) us 
Accept latency = 1628.02505 (+/- 85) us 
Batch average size = NaN (+/- 0) requests
ConsensusMessage ByteCount = 164704
TOMMessage ByteCount = 70222609
LCMessage ByteCount = 597
StandardSMMessage ByteCount = 9726
--- Measurements after 101000 ops (1000 samples) ---
Throughput = 6711.409 operations/sec (Maximum observed: 6802.721 ops/sec)
Total latency = 1.5343026366569E7 (+/- 0) us 
Consensus latency = 28932.547228 (+/- 26) us 
Pre-consensus latency = 0.0 (+/- 0) us 
Pos-consensus latency = 1.5332837982433E7 (+/- 0) us 
Propose latency = 25230.90991 (+/- 849) us 
Write latency = 2067.2750379999998 (+/- 881) us 
Accept latency = 1634.36228 (+/- 6) us 
Batch average size = NaN (+/- 0) requests
ConsensusMessage ByteCount = 164704
TOMMessage ByteCount = 70676848
LCMessage ByteCount = 597
StandardSMMessage ByteCount = 9726
--- Measurements after 102000 ops (1000 samples) ---
Throughput = 6097.561 operations/sec (Maximum observed: 6802.721 ops/sec)
Total latency = 1.5461946026832001E7 (+/- 0) us 
Consensus latency = 28958.095839999998 (+/- 10) us 
Pre-consensus latency = 0.0 (+/- 0) us 
Pos-consensus latency = 1.5451433718152E7 (+/- 0) us 
Propose latency = 26528.49357 (+/- 337) us 
Write latency = 383.09743 (+/- 456) us 
Accept latency = 2046.50484 (+/- 129) us 
Batch average size = NaN (+/- 0) requests
ConsensusMessage ByteCount = 164704
TOMMessage ByteCount = 71134780
LCMessage ByteCount = 597
StandardSMMessage ByteCount = 9726
--- Measurements after 103000 ops (1000 samples) ---
Throughput = 6711.409 operations/sec (Maximum observed: 6802.721 ops/sec)
Total latency = 1.5590702447017001E7 (+/- 0) us 
Consensus latency = 28770.253074 (+/- 68) us 
Pre-consensus latency = 0.0 (+/- 0) us 
Pos-consensus latency = 1.5579602873883E7 (+/- 0) us 
Propose latency = 26594.693844 (+/- 14) us 
Write latency = 228.438712 (+/- 4) us 
Accept latency = 1947.120518 (+/- 50) us 
Batch average size = NaN (+/- 0) requests
ConsensusMessage ByteCount = 164704
TOMMessage ByteCount = 71559475
LCMessage ByteCount = 597
StandardSMMessage ByteCount = 9726
--- Measurements after 104000 ops (1000 samples) ---
Throughput = 6666.6665 operations/sec (Maximum observed: 6802.721 ops/sec)
Total latency = 1.5702215658166E7 (+/- 0) us 
Consensus latency = 38068.787884000005 (+/- 3732) us 
Pre-consensus latency = 0.0 (+/- 0) us 
Pos-consensus latency = 1.5687360840448E7 (+/- 0) us 
Propose latency = 35955.04311599999 (+/- 3749) us 
Write latency = 268.836652 (+/- 16) us 
Accept latency = 1844.9081159999998 (+/- 33) us 
Batch average size = NaN (+/- 0) requests
ConsensusMessage ByteCount = 164704
TOMMessage ByteCount = 71987863
LCMessage ByteCount = 597
StandardSMMessage ByteCount = 9726
--- Measurements after 105000 ops (1000 samples) ---
Throughput = 6024.096 operations/sec (Maximum observed: 6802.721 ops/sec)
Total latency = 1.5818359306443E7 (+/- 0) us 
Consensus latency = 29169.989428 (+/- 4571) us 
Pre-consensus latency = 0.0 (+/- 0) us 
Pos-consensus latency = 1.5808824856642999E7 (+/- 0) us 
Propose latency = 27293.663978 (+/- 4469) us 
Write latency = 219.75285399999999 (+/- 24) us 
Accept latency = 1656.572596 (+/- 76) us 
Batch average size = NaN (+/- 0) requests
ConsensusMessage ByteCount = 164704
TOMMessage ByteCount = 72428561
LCMessage ByteCount = 597
StandardSMMessage ByteCount = 9726
--- Measurements after 106000 ops (1000 samples) ---
Throughput = 6666.6665 operations/sec (Maximum observed: 6802.721 ops/sec)
Total latency = 1.5949117519271E7 (+/- 0) us 
Consensus latency = 26807.688267999998 (+/- 169) us 
Pre-consensus latency = 0.0 (+/- 0) us 
Pos-consensus latency = 1.5940544751377001E7 (+/- 0) us 
Propose latency = 25024.68996 (+/- 145) us 
Write latency = 225.35482000000002 (+/- 7) us 
Accept latency = 1557.643488 (+/- 31) us 
Batch average size = NaN (+/- 0) requests
ConsensusMessage ByteCount = 164704
TOMMessage ByteCount = 72844639
LCMessage ByteCount = 597
StandardSMMessage ByteCount = 9726
--- Measurements after 107000 ops (1000 samples) ---
Throughput = 6711.409 operations/sec (Maximum observed: 6802.721 ops/sec)
Total latency = 1.6065590420388E7 (+/- 0) us 
Consensus latency = 31577.60611 (+/- 2502) us 
Pre-consensus latency = 0.0 (+/- 0) us 
Pos-consensus latency = 1.6051292936937999E7 (+/- 0) us 
Propose latency = 24219.08473 (+/- 379) us 
Write latency = 5680.52797 (+/- 2812) us 
Accept latency = 1677.9934099999998 (+/- 69) us 
Batch average size = NaN (+/- 0) requests
ConsensusMessage ByteCount = 164704
TOMMessage ByteCount = 73264410
LCMessage ByteCount = 597
StandardSMMessage ByteCount = 9726
--- Measurements after 108000 ops (1000 samples) ---
Throughput = 5405.4053 operations/sec (Maximum observed: 6802.721 ops/sec)
Total latency = 1.618270739208E7 (+/- 0) us 
Consensus latency = 38945.078906 (+/- 3361) us 
Pre-consensus latency = 0.0 (+/- 0) us 
Pos-consensus latency = 1.6162080667466E7 (+/- 0) us 
Propose latency = 24988.183168000003 (+/- 533) us 
Write latency = 12012.52815 (+/- 2700) us 
Accept latency = 1944.367588 (+/- 127) us 
Batch average size = NaN (+/- 0) requests
ConsensusMessage ByteCount = 164704
TOMMessage ByteCount = 73714956
LCMessage ByteCount = 597
StandardSMMessage ByteCount = 9726
--- Measurements after 109000 ops (1000 samples) ---
Throughput = 4830.918 operations/sec (Maximum observed: 6802.721 ops/sec)
Total latency = 1.6327128499545999E7 (+/- 0) us 
Consensus latency = 37588.022854 (+/- 1896) us 
Pre-consensus latency = 0.0 (+/- 0) us 
Pos-consensus latency = 1.6308834713378001E7 (+/- 0) us 
Propose latency = 30393.90872 (+/- 3015) us 
Write latency = 5243.8312240000005 (+/- 4873) us 
Accept latency = 1950.28291 (+/- 38) us 
Batch average size = NaN (+/- 0) requests
ConsensusMessage ByteCount = 164704
TOMMessage ByteCount = 74107645
LCMessage ByteCount = 597
StandardSMMessage ByteCount = 9726
--- Measurements after 110000 ops (1000 samples) ---
Throughput = 5464.481 operations/sec (Maximum observed: 6802.721 ops/sec)
Total latency = 1.6478261374512E7 (+/- 0) us 
Consensus latency = 33068.446112 (+/- 2133) us 
Pre-consensus latency = 0.0 (+/- 0) us 
Pos-consensus latency = 1.6464802000412E7 (+/- 0) us 
Propose latency = 30349.212288 (+/- 1142) us 
Write latency = 882.635522 (+/- 933) us 
Accept latency = 1836.5983019999999 (+/- 57) us 
Batch average size = NaN (+/- 0) requests
ConsensusMessage ByteCount = 164704
TOMMessage ByteCount = 74470790
LCMessage ByteCount = 597
StandardSMMessage ByteCount = 9726
--- Measurements after 111000 ops (1000 samples) ---
Throughput = 6134.969 operations/sec (Maximum observed: 6802.721 ops/sec)
Total latency = 1.6599176339257E7 (+/- 0) us 
Consensus latency = 31620.278673999997 (+/- 74) us 
Pre-consensus latency = 0.0 (+/- 0) us 
Pos-consensus latency = 1.6586659323723E7 (+/- 0) us 
Propose latency = 29303.265622000003 (+/- 219) us 
Write latency = 329.80237800000003 (+/- 21) us 
Accept latency = 1987.2106740000002 (+/- 123) us 
Batch average size = NaN (+/- 0) requests
ConsensusMessage ByteCount = 164704
TOMMessage ByteCount = 74893023
LCMessage ByteCount = 597
StandardSMMessage ByteCount = 9726
--- Measurements after 112000 ops (1000 samples) ---
Throughput = 6711.409 operations/sec (Maximum observed: 6802.721 ops/sec)
Total latency = 1.6712643430365E7 (+/- 0) us 
Consensus latency = 36324.69399 (+/- 3337) us 
Pre-consensus latency = 0.0 (+/- 0) us 
Pos-consensus latency = 1.6691926559194999E7 (+/- 0) us 
Propose latency = 34105.67906 (+/- 3474) us 
Write latency = 293.10962 (+/- 35) us 
Accept latency = 1925.90531 (+/- 100) us 
Batch average size = NaN (+/- 0) requests
ConsensusMessage ByteCount = 164704
TOMMessage ByteCount = 75019816
LCMessage ByteCount = 597
StandardSMMessage ByteCount = 9726
--- Measurements after 113000 ops (1000 samples) ---
Throughput = 6666.6665 operations/sec (Maximum observed: 6802.721 ops/sec)
Total latency = 1.6814386441719E7 (+/- 0) us 
Consensus latency = 37432.638538 (+/- 913) us 
Pre-consensus latency = 0.0 (+/- 0) us 
Pos-consensus latency = 1.6794277856335E7 (+/- 0) us 
Propose latency = 35386.981675999996 (+/- 856) us 
Write latency = 266.76476199999996 (+/- 0) us 
Accept latency = 1778.8921 (+/- 56) us 
Batch average size = NaN (+/- 0) requests
ConsensusMessage ByteCount = 164704
TOMMessage ByteCount = 75140454
LCMessage ByteCount = 597
StandardSMMessage ByteCount = 9726
--- Measurements after 114000 ops (1000 samples) ---
Throughput = 5988.024 operations/sec (Maximum observed: 6802.721 ops/sec)
Total latency = 1.6924429709083E7 (+/- 0) us 
Consensus latency = 38527.761834 (+/- 1381) us 
Pre-consensus latency = 0.0 (+/- 0) us 
Pos-consensus latency = 1.6905037635361E7 (+/- 0) us 
Propose latency = 36507.68121 (+/- 1368) us 
Write latency = 244.635602 (+/- 16) us 
Accept latency = 1775.445022 (+/- 29) us 
Batch average size = NaN (+/- 0) requests
ConsensusMessage ByteCount = 164704
TOMMessage ByteCount = 75290636
LCMessage ByteCount = 597
StandardSMMessage ByteCount = 9726
--- Measurements after 115000 ops (1000 samples) ---
Throughput = 6622.5166 operations/sec (Maximum observed: 6802.721 ops/sec)
Total latency = 1.7039200626091E7 (+/- 0) us 
Consensus latency = 40811.34924 (+/- 990) us 
Pre-consensus latency = 0.0 (+/- 0) us 
Pos-consensus latency = 1.7017657126475E7 (+/- 0) us 
Propose latency = 33969.709751999995 (+/- 2956) us 
Write latency = 3492.778346 (+/- 2675) us 
Accept latency = 3348.861142 (+/- 1271) us 
Batch average size = NaN (+/- 0) requests
ConsensusMessage ByteCount = 164704
TOMMessage ByteCount = 75453128
LCMessage ByteCount = 597
StandardSMMessage ByteCount = 9726
--- Measurements after 116000 ops (1000 samples) ---
Throughput = 6622.5166 operations/sec (Maximum observed: 6802.721 ops/sec)
Total latency = 1.7140777424809E7 (+/- 0) us 
Consensus latency = 39039.805832000005 (+/- 2226) us 
Pre-consensus latency = 0.0 (+/- 0) us 
Pos-consensus latency = 1.7121349784265E7 (+/- 0) us 
Propose latency = 33591.645176 (+/- 1762) us 
Write latency = 2529.670662 (+/- 2719) us 
Accept latency = 2918.489994 (+/- 1269) us 
Batch average size = NaN (+/- 0) requests
ConsensusMessage ByteCount = 164704
TOMMessage ByteCount = 75595924
LCMessage ByteCount = 597
StandardSMMessage ByteCount = 9726
--- Measurements after 117000 ops (1000 samples) ---
Throughput = 6060.606 operations/sec (Maximum observed: 6802.721 ops/sec)
Total latency = 1.7246113840014998E7 (+/- 0) us 
Consensus latency = 45952.58025 (+/- 7990) us 
Pre-consensus latency = 0.0 (+/- 0) us 
Pos-consensus latency = 1.7224813109015E7 (+/- 0) us 
Propose latency = 43853.02045 (+/- 7913) us 
Write latency = 209.01485 (+/- 19) us 
Accept latency = 1890.54495 (+/- 58) us 
Batch average size = NaN (+/- 0) requests
ConsensusMessage ByteCount = 164704
TOMMessage ByteCount = 75726410
LCMessage ByteCount = 597
StandardSMMessage ByteCount = 9726
--- Measurements after 118000 ops (1000 samples) ---
Throughput = 6666.6665 operations/sec (Maximum observed: 6802.721 ops/sec)
Total latency = 1.7354151553544E7 (+/- 0) us 
Consensus latency = 42720.816332 (+/- 9930) us 
Pre-consensus latency = 0.0 (+/- 0) us 
Pos-consensus latency = 1.7335202918326E7 (+/- 0) us 
Propose latency = 40580.792241999996 (+/- 9902) us 
Write latency = 213.142856 (+/- 12) us 
Accept latency = 1926.881234 (+/- 15) us 
Batch average size = NaN (+/- 0) requests
ConsensusMessage ByteCount = 164704
TOMMessage ByteCount = 75735027
LCMessage ByteCount = 597
StandardSMMessage ByteCount = 9726
--- Measurements after 119000 ops (1000 samples) ---
Throughput = 6666.6665 operations/sec (Maximum observed: 6802.721 ops/sec)
Total latency = 1.7461833386363998E7 (+/- 0) us 
Consensus latency = 32367.275724 (+/- 927) us 
Pre-consensus latency = 0.0 (+/- 0) us 
Pos-consensus latency = 1.7448832213254E7 (+/- 0) us 
Propose latency = 30339.000202 (+/- 843) us 
Write latency = 206.179552 (+/- 4) us 
Accept latency = 1822.09597 (+/- 89) us 
Batch average size = NaN (+/- 0) requests
ConsensusMessage ByteCount = 164704
TOMMessage ByteCount = 75736258
LCMessage ByteCount = 597
StandardSMMessage ByteCount = 9726
--- Measurements after 120000 ops (1000 samples) ---
Throughput = 6024.096 operations/sec (Maximum observed: 6802.721 ops/sec)
Total latency = 1.7582892959829E7 (+/- 0) us 
Consensus latency = 30167.972429999998 (+/- 1333) us 
Pre-consensus latency = 0.0 (+/- 0) us 
Pos-consensus latency = 1.7572067161693E7 (+/- 0) us 
Propose latency = 28143.897414 (+/- 1417) us 
Write latency = 208.954838 (+/- 2) us 
Accept latency = 1815.1201780000001 (+/- 85) us 
Batch average size = NaN (+/- 0) requests
ConsensusMessage ByteCount = 164704
TOMMessage ByteCount = 75747337
LCMessage ByteCount = 597
StandardSMMessage ByteCount = 9726
--- Measurements after 121000 ops (1000 samples) ---
Throughput = 6666.6665 operations/sec (Maximum observed: 6802.721 ops/sec)
Total latency = 1.7706685223526E7 (+/- 0) us 
Consensus latency = 29867.682118 (+/- 1199) us 
Pre-consensus latency = 0.0 (+/- 0) us 
Pos-consensus latency = 1.7696139927467998E7 (+/- 0) us 
Propose latency = 27704.187353999998 (+/- 1141) us 
Write latency = 229.211008 (+/- 24) us 
Accept latency = 1934.283756 (+/- 32) us 
Batch average size = NaN (+/- 0) requests
ConsensusMessage ByteCount = 164704
TOMMessage ByteCount = 75755954
LCMessage ByteCount = 597
StandardSMMessage ByteCount = 9726
--- Measurements after 122000 ops (1000 samples) ---
Throughput = 6578.9473 operations/sec (Maximum observed: 6802.721 ops/sec)
Total latency = 1.7821374280207E7 (+/- 0) us 
Consensus latency = 31864.95678 (+/- 786) us 
Pre-consensus latency = 0.0 (+/- 0) us 
Pos-consensus latency = 1.7808605000567E7 (+/- 0) us 
Propose latency = 29760.25844 (+/- 926) us 
Write latency = 240.5916 (+/- 18) us 
Accept latency = 1864.10674 (+/- 121) us 
Batch average size = NaN (+/- 0) requests
ConsensusMessage ByteCount = 164704
TOMMessage ByteCount = 75765802
LCMessage ByteCount = 597
StandardSMMessage ByteCount = 9726
--- Measurements after 123000 ops (1000 samples) ---
Throughput = 5917.1597 operations/sec (Maximum observed: 6802.721 ops/sec)
Total latency = 1.7942601119699E7 (+/- 0) us 
Consensus latency = 38419.977362000005 (+/- 6837) us 
Pre-consensus latency = 0.0 (+/- 0) us 
Pos-consensus latency = 1.7923109609913E7 (+/- 0) us 
Propose latency = 33744.082626 (+/- 3530) us 
Write latency = 3049.940204 (+/- 3425) us 
Accept latency = 1625.954532 (+/- 118) us 
Batch average size = NaN (+/- 0) requests
ConsensusMessage ByteCount = 164704
TOMMessage ByteCount = 75774419
LCMessage ByteCount = 597
StandardSMMessage ByteCount = 9726
--- Measurements after 124000 ops (1000 samples) ---
Throughput = 6666.6665 operations/sec (Maximum observed: 6802.721 ops/sec)
Total latency = 1.8055154478566002E7 (+/- 0) us 
Consensus latency = 46745.674508000004 (+/- 76) us 
Pre-consensus latency = 0.0 (+/- 0) us 
Pos-consensus latency = 1.8030514302614E7 (+/- 0) us 
Propose latency = 40559.638496 (+/- 3241) us 
Write latency = 4533.4448 (+/- 3381) us 
Accept latency = 1652.591212 (+/- 216) us 
Batch average size = NaN (+/- 0) requests
ConsensusMessage ByteCount = 164704
TOMMessage ByteCount = 75784267
LCMessage ByteCount = 597
StandardSMMessage ByteCount = 9726
--- Measurements after 125000 ops (1000 samples) ---
Throughput = 6578.9473 operations/sec (Maximum observed: 6802.721 ops/sec)
Total latency = 1.8150139756758E7 (+/- 0) us 
Consensus latency = 42522.225486 (+/- 5788) us 
Pre-consensus latency = 0.0 (+/- 0) us 
Pos-consensus latency = 1.8131912676468E7 (+/- 0) us 
Propose latency = 40388.243588 (+/- 5750) us 
Write latency = 224.974514 (+/- 12) us 
Accept latency = 1909.007384 (+/- 24) us 
Batch average size = NaN (+/- 0) requests
ConsensusMessage ByteCount = 164704
TOMMessage ByteCount = 75787960
LCMessage ByteCount = 597
StandardSMMessage ByteCount = 9726
--- Measurements after 126000 ops (1000 samples) ---
Throughput = 6060.606 operations/sec (Maximum observed: 6802.721 ops/sec)
Total latency = 1.8264373926177E7 (+/- 0) us 
Consensus latency = 33415.253362 (+/- 1920) us 
Pre-consensus latency = 0.0 (+/- 0) us 
Pos-consensus latency = 1.8250292440749E7 (+/- 0) us 
Propose latency = 31309.453881999998 (+/- 1951) us 
Write latency = 206.135762 (+/- 2) us 
Accept latency = 1899.663718 (+/- 34) us 
Batch average size = NaN (+/- 0) requests
ConsensusMessage ByteCount = 164704
TOMMessage ByteCount = 75792884
LCMessage ByteCount = 597
StandardSMMessage ByteCount = 9726
--- Measurements after 127000 ops (1000 samples) ---
Throughput = 6666.6665 operations/sec (Maximum observed: 6802.721 ops/sec)
Total latency = 1.8385580191811E7 (+/- 0) us 
Consensus latency = 29931.33699 (+/- 1154) us 
Pre-consensus latency = 0.0 (+/- 0) us 
Pos-consensus latency = 1.8375008070641E7 (+/- 0) us 
Propose latency = 27827.54117 (+/- 1084) us 
Write latency = 204.72782999999998 (+/- 2) us 
Accept latency = 1899.06799 (+/- 72) us 
Batch average size = NaN (+/- 0) requests
ConsensusMessage ByteCount = 164704
TOMMessage ByteCount = 75821197
LCMessage ByteCount = 597
StandardSMMessage ByteCount = 9726
--- Measurements after 128000 ops (1000 samples) ---
Throughput = 4807.6924 operations/sec (Maximum observed: 6802.721 ops/sec)
Total latency = 1.8530897836716E7 (+/- 0) us 
Consensus latency = 29207.191728 (+/- 1577) us 
Pre-consensus latency = 0.0 (+/- 0) us 
Pos-consensus latency = 1.8520776392158E7 (+/- 0) us 
Propose latency = 27224.36057 (+/- 1604) us 
Write latency = 206.594946 (+/- 3) us 
Accept latency = 1776.236212 (+/- 23) us 
Batch average size = NaN (+/- 0) requests
ConsensusMessage ByteCount = 164704
TOMMessage ByteCount = 75844586
LCMessage ByteCount = 597
StandardSMMessage ByteCount = 9726
--- Measurements after 129000 ops (1000 samples) ---
Throughput = 4854.369 operations/sec (Maximum observed: 6802.721 ops/sec)
Total latency = 1.8709223392894E7 (+/- 0) us 
Consensus latency = 31782.143094 (+/- 140) us 
Pre-consensus latency = 0.0 (+/- 0) us 
Pos-consensus latency = 1.869561822352E7 (+/- 0) us 
Propose latency = 29811.766322 (+/- 90) us 
Write latency = 202.377796 (+/- 2) us 
Accept latency = 1767.998976 (+/- 47) us 
Batch average size = NaN (+/- 0) requests
ConsensusMessage ByteCount = 164704
TOMMessage ByteCount = 75874130
LCMessage ByteCount = 597
StandardSMMessage ByteCount = 9726
--- Measurements after 130000 ops (1000 samples) ---
Throughput = 6666.6665 operations/sec (Maximum observed: 6802.721 ops/sec)
Total latency = 1.8843689392917998E7 (+/- 0) us 
Consensus latency = 31806.841874 (+/- 378) us 
Pre-consensus latency = 0.0 (+/- 0) us 
Pos-consensus latency = 1.8830465874578E7 (+/- 0) us 
Propose latency = 29567.225782 (+/- 710) us 
Write latency = 333.378918 (+/- 228) us 
Accept latency = 1906.237174 (+/- 104) us 
Batch average size = NaN (+/- 0) requests
ConsensusMessage ByteCount = 164704
TOMMessage ByteCount = 75892595
LCMessage ByteCount = 597
StandardSMMessage ByteCount = 9726
--- Measurements after 131000 ops (1000 samples) ---
Throughput = 6622.5166 operations/sec (Maximum observed: 6802.721 ops/sec)
Total latency = 1.8953503540884E7 (+/- 0) us 
Consensus latency = 34134.323036 (+/- 5759) us 
Pre-consensus latency = 0.0 (+/- 0) us 
Pos-consensus latency = 1.8938454437090002E7 (+/- 0) us 
Propose latency = 31469.764658 (+/- 6085) us 
Write latency = 631.171352 (+/- 211) us 
Accept latency = 2033.387026 (+/- 114) us 
Batch average size = NaN (+/- 0) requests
ConsensusMessage ByteCount = 164704
TOMMessage ByteCount = 75918446
LCMessage ByteCount = 597
StandardSMMessage ByteCount = 9726
--- Measurements after 132000 ops (1000 samples) ---
Throughput = 5988.024 operations/sec (Maximum observed: 6802.721 ops/sec)
Total latency = 1.9066207106033E7 (+/- 0) us 
Consensus latency = 42528.86853 (+/- 5450) us 
Pre-consensus latency = 0.0 (+/- 0) us 
Pos-consensus latency = 1.9043106892363E7 (+/- 0) us 
Propose latency = 40505.77166 (+/- 5413) us 
Write latency = 219.63762 (+/- 14) us 
Accept latency = 1803.45925 (+/- 22) us 
Batch average size = NaN (+/- 0) requests
ConsensusMessage ByteCount = 164704
TOMMessage ByteCount = 75955376
LCMessage ByteCount = 597
StandardSMMessage ByteCount = 9726
--- Measurements after 133000 ops (1000 samples) ---
Throughput = 6666.6665 operations/sec (Maximum observed: 6802.721 ops/sec)
Total latency = 1.9179176223938998E7 (+/- 0) us 
Consensus latency = 30966.986268 (+/- 703) us 
Pre-consensus latency = 0.0 (+/- 0) us 
Pos-consensus latency = 1.9167460927595E7 (+/- 0) us 
Propose latency = 28987.11411 (+/- 776) us 
Write latency = 195.566106 (+/- 12) us 
Accept latency = 1784.306052 (+/- 59) us 
Batch average size = NaN (+/- 0) requests
ConsensusMessage ByteCount = 164704
TOMMessage ByteCount = 75975072
LCMessage ByteCount = 597
StandardSMMessage ByteCount = 9726
--- Measurements after 134000 ops (1000 samples) ---
Throughput = 6622.5166 operations/sec (Maximum observed: 6802.721 ops/sec)
Total latency = 1.9293466613571998E7 (+/- 0) us 
Consensus latency = 30315.495014 (+/- 2275) us 
Pre-consensus latency = 0.0 (+/- 0) us 
Pos-consensus latency = 1.9282638177398E7 (+/- 0) us 
Propose latency = 28190.704554 (+/- 2317) us 
Write latency = 224.646284 (+/- 2) us 
Accept latency = 1900.144176 (+/- 45) us 
Batch average size = NaN (+/- 0) requests
ConsensusMessage ByteCount = 164704
TOMMessage ByteCount = 75993537
LCMessage ByteCount = 597
StandardSMMessage ByteCount = 9726
--- Measurements after 135000 ops (1000 samples) ---
Throughput = 5952.381 operations/sec (Maximum observed: 6802.721 ops/sec)
Total latency = 1.9414046340694E7 (+/- 0) us 
Consensus latency = 35476.890774 (+/- 1171) us 
Pre-consensus latency = 0.0 (+/- 0) us 
Pos-consensus latency = 1.9397237489682E7 (+/- 0) us 
Propose latency = 33476.101262 (+/- 1118) us 
Write latency = 225.232324 (+/- 16) us 
Accept latency = 1775.557188 (+/- 37) us 
Batch average size = NaN (+/- 0) requests
ConsensusMessage ByteCount = 164704
TOMMessage ByteCount = 76014464
LCMessage ByteCount = 597
StandardSMMessage ByteCount = 9726
--- Measurements after 136000 ops (1000 samples) ---
Throughput = 6711.409 operations/sec (Maximum observed: 6802.721 ops/sec)
Total latency = 1.9537263347682E7 (+/- 0) us 
Consensus latency = 32248.397338 (+/- 83) us 
Pre-consensus latency = 0.0 (+/- 0) us 
Pos-consensus latency = 1.952380189134E7 (+/- 0) us 
Propose latency = 30123.451472 (+/- 920) us 
Write latency = 407.623734 (+/- 702) us 
Accept latency = 1717.322132 (+/- 134) us 
Batch average size = NaN (+/- 0) requests
ConsensusMessage ByteCount = 164704
TOMMessage ByteCount = 76031698
LCMessage ByteCount = 597
StandardSMMessage ByteCount = 9726
--- Measurements after 137000 ops (1000 samples) ---
Throughput = 6666.6665 operations/sec (Maximum observed: 6802.721 ops/sec)
Total latency = 1.9646564590467E7 (+/- 0) us 
Consensus latency = 32382.05706 (+/- 1436) us 
Pre-consensus latency = 0.0 (+/- 0) us 
Pos-consensus latency = 1.9633230591417E7 (+/- 0) us 
Propose latency = 27849.24292 (+/- 2125) us 
Write latency = 2422.48948 (+/- 600) us 
Accept latency = 2110.32466 (+/- 89) us 
Batch average size = NaN (+/- 0) requests
ConsensusMessage ByteCount = 164704
TOMMessage ByteCount = 76048932
LCMessage ByteCount = 597
StandardSMMessage ByteCount = 9726
--- Measurements after 138000 ops (1000 samples) ---
Throughput = 5988.024 operations/sec (Maximum observed: 6802.721 ops/sec)
Total latency = 1.9761091668212E7 (+/- 0) us 
Consensus latency = 37860.286952 (+/- 1114) us 
Pre-consensus latency = 0.0 (+/- 0) us 
Pos-consensus latency = 1.9741967862356E7 (+/- 0) us 
Propose latency = 35419.565314 (+/- 796) us 
Write latency = 235.19960999999998 (+/- 3) us 
Accept latency = 2205.522028 (+/- 1914) us 
Batch average size = NaN (+/- 0) requests
ConsensusMessage ByteCount = 164704
TOMMessage ByteCount = 76066166
LCMessage ByteCount = 597
StandardSMMessage ByteCount = 9726
--- Measurements after 139000 ops (1000 samples) ---
Throughput = 6666.6665 operations/sec (Maximum observed: 6802.721 ops/sec)
Total latency = 1.9880109416536E7 (+/- 0) us 
Consensus latency = 42826.74769 (+/- 709) us 
Pre-consensus latency = 0.0 (+/- 0) us 
Pos-consensus latency = 1.9856431922874E7 (+/- 0) us 
Propose latency = 31889.936100000003 (+/- 633) us 
Write latency = 218.378812 (+/- 2) us 
Accept latency = 10718.432778 (+/- 1344) us 
Batch average size = NaN (+/- 0) requests
ConsensusMessage ByteCount = 164704
TOMMessage ByteCount = 76078476
LCMessage ByteCount = 597
StandardSMMessage ByteCount = 9726
--- Measurements after 140000 ops (1000 samples) ---
Throughput = 6711.409 operations/sec (Maximum observed: 6802.721 ops/sec)
Total latency = 1.9975192757279E7 (+/- 0) us 
Consensus latency = 38098.993 (+/- 0) us 
Pre-consensus latency = 0.0 (+/- 0) us 
Pos-consensus latency = 1.9956391453279E7 (+/- 0) us 
Propose latency = 36110.544 (+/- 0) us 
Write latency = 232.507 (+/- 0) us 
Accept latency = 1755.942 (+/- 0) us 
Batch average size = NaN (+/- 0) requests
ConsensusMessage ByteCount = 164704
TOMMessage ByteCount = 76095710
LCMessage ByteCount = 597
StandardSMMessage ByteCount = 9726
--- Measurements after 141000 ops (1000 samples) ---
Throughput = 5988.024 operations/sec (Maximum observed: 6802.721 ops/sec)
Total latency = 2.008317677645E7 (+/- 0) us 
Consensus latency = 30132.269377999997 (+/- 356) us 
Pre-consensus latency = 0.0 (+/- 0) us 
Pos-consensus latency = 2.0072514133508E7 (+/- 0) us 
Propose latency = 28145.873263999998 (+/- 356) us 
Write latency = 188.44929199999999 (+/- 1) us 
Accept latency = 1797.9468219999999 (+/- 1) us 
Batch average size = NaN (+/- 0) requests
ConsensusMessage ByteCount = 164704
TOMMessage ByteCount = 76110482
LCMessage ByteCount = 597
StandardSMMessage ByteCount = 9726
--- Measurements after 142000 ops (1000 samples) ---
Throughput = 6711.409 operations/sec (Maximum observed: 6802.721 ops/sec)
Total latency = 2.0211796289479E7 (+/- 0) us 
Consensus latency = 27326.602420000003 (+/- 456) us 
Pre-consensus latency = 0.0 (+/- 0) us 
Pos-consensus latency = 2.0204182035037E7 (+/- 0) us 
Propose latency = 25369.754761999997 (+/- 451) us 
Write latency = 189.406102 (+/- 0) us 
Accept latency = 1767.441556 (+/- 5) us 
Batch average size = NaN (+/- 0) requests
ConsensusMessage ByteCount = 164704
TOMMessage ByteCount = 76120330
LCMessage ByteCount = 597
StandardSMMessage ByteCount = 9726
--- Measurements after 143000 ops (1000 samples) ---
Throughput = 6711.409 operations/sec (Maximum observed: 6802.721 ops/sec)
Total latency = 2.0329912325188E7 (+/- 0) us 
Consensus latency = 25886.1803 (+/- 313) us 
Pre-consensus latency = 0.0 (+/- 0) us 
Pos-consensus latency = 2.0322567387537997E7 (+/- 0) us 
Propose latency = 23787.6802 (+/- 346) us 
Write latency = 239.2064 (+/- 11) us 
Accept latency = 1859.2937 (+/- 21) us 
Batch average size = NaN (+/- 0) requests
ConsensusMessage ByteCount = 164704
TOMMessage ByteCount = 76130178
LCMessage ByteCount = 597
StandardSMMessage ByteCount = 9726
--- Measurements after 144000 ops (1000 samples) ---
Throughput = 5917.1597 operations/sec (Maximum observed: 6802.721 ops/sec)
Total latency = 2.0450814196225E7 (+/- 0) us 
Consensus latency = 24823.940260000003 (+/- 280) us 
Pre-consensus latency = 0.0 (+/- 0) us 
Pos-consensus latency = 2.0443441969323E7 (+/- 0) us 
Propose latency = 22904.421140000002 (+/- 227) us 
Write latency = 193.186924 (+/- 13) us 
Accept latency = 1726.332196 (+/- 38) us 
Batch average size = NaN (+/- 0) requests
ConsensusMessage ByteCount = 164704
TOMMessage ByteCount = 76154798
LCMessage ByteCount = 597
StandardSMMessage ByteCount = 9726
--- Measurements after 145000 ops (1000 samples) ---
Throughput = 4807.6924 operations/sec (Maximum observed: 6802.721 ops/sec)
Total latency = 2.0621583504966E7 (+/- 0) us 
Consensus latency = 24724.383936000002 (+/- 6) us 
Pre-consensus latency = 0.0 (+/- 0) us 
Pos-consensus latency = 2.0611618271498002E7 (+/- 0) us 
Propose latency = 20458.772014 (+/- 785) us 
Write latency = 2433.644674 (+/- 740) us 
Accept latency = 1831.967248 (+/- 38) us 
Batch average size = NaN (+/- 0) requests
ConsensusMessage ByteCount = 164704
TOMMessage ByteCount = 76169570
LCMessage ByteCount = 597
StandardSMMessage ByteCount = 9726
--- Measurements after 146000 ops (1000 samples) ---
Throughput = 4784.689 operations/sec (Maximum observed: 6802.721 ops/sec)
Total latency = 2.0800513832174998E7 (+/- 0) us 
Consensus latency = 23649.529204 (+/- 400) us 
Pre-consensus latency = 0.0 (+/- 0) us 
Pos-consensus latency = 2.0792258585584998E7 (+/- 0) us 
Propose latency = 21419.116416 (+/- 454) us 
Write latency = 602.247956 (+/- 773) us 
Accept latency = 1628.164832 (+/- 80) us 
Batch average size = NaN (+/- 0) requests
ConsensusMessage ByteCount = 164704
TOMMessage ByteCount = 76189266
LCMessage ByteCount = 597
StandardSMMessage ByteCount = 9726
--- Measurements after 147000 ops (1000 samples) ---
Throughput = 4807.6924 operations/sec (Maximum observed: 6802.721 ops/sec)
Total latency = 2.0981454500506E7 (+/- 0) us 
Consensus latency = 22321.282508 (+/- 487) us 
Pre-consensus latency = 0.0 (+/- 0) us 
Pos-consensus latency = 2.0974897391558E7 (+/- 0) us 
Propose latency = 20353.10933 (+/- 511) us 
Write latency = 240.580786 (+/- 30) us 
Accept latency = 1727.592392 (+/- 53) us 
Batch average size = NaN (+/- 0) requests
ConsensusMessage ByteCount = 164704
TOMMessage ByteCount = 76200345
LCMessage ByteCount = 597
StandardSMMessage ByteCount = 9726
--- Measurements after 148000 ops (1000 samples) ---
Throughput = 4366.812 operations/sec (Maximum observed: 6802.721 ops/sec)
Total latency = 2.1186824808133997E7 (+/- 0) us 
Consensus latency = 27132.29338 (+/- 2269) us 
Pre-consensus latency = 0.0 (+/- 0) us 
Pos-consensus latency = 2.1172816748234E7 (+/- 0) us 
Propose latency = 17138.24871 (+/- 1360) us 
Write latency = 8440.36182 (+/- 3718) us 
Accept latency = 1553.6828500000001 (+/- 88) us 
Batch average size = NaN (+/- 0) requests
ConsensusMessage ByteCount = 164704
TOMMessage ByteCount = 76206500
LCMessage ByteCount = 597
StandardSMMessage ByteCount = 9726
--- Measurements after 149000 ops (1000 samples) ---
Throughput = 4830.918 operations/sec (Maximum observed: 6802.721 ops/sec)
Total latency = 2.136835199802E7 (+/- 0) us 
Consensus latency = 16998.117516 (+/- 5478) us 
Pre-consensus latency = 0.0 (+/- 0) us 
Pos-consensus latency = 2.1362947873618E7 (+/- 0) us 
Propose latency = 13717.369702 (+/- 1377) us 
Write latency = 2105.9098799999997 (+/- 3934) us 
Accept latency = 1174.837934 (+/- 166) us 
Batch average size = NaN (+/- 0) requests
ConsensusMessage ByteCount = 164704
TOMMessage ByteCount = 76216348
LCMessage ByteCount = 597
StandardSMMessage ByteCount = 9726
--- Measurements after 150000 ops (1000 samples) ---
Throughput = 1754.386 operations/sec (Maximum observed: 6802.721 ops/sec)
Total latency = 2.1843225849542E7 (+/- 0) us 
Consensus latency = 18378.020368 (+/- 2148) us 
Pre-consensus latency = 0.0 (+/- 0) us 
Pos-consensus latency = 2.183268423995E7 (+/- 0) us 
Propose latency = 9259.957446 (+/- 1997) us 
Write latency = 7654.40167 (+/- 3950) us 
Accept latency = 1463.661252 (+/- 195) us 
Batch average size = 50782.0 (+/- 0) requests
ConsensusMessage ByteCount = 164704
TOMMessage ByteCount = 110580220
LCMessage ByteCount = 597
StandardSMMessage ByteCount = 9726
--- Measurements after 151000 ops (1000 samples) ---
Throughput = 3875.969 operations/sec (Maximum observed: 6802.721 ops/sec)
Total latency = 2.2129688413537E7 (+/- 0) us 
Consensus latency = 20534.477228 (+/- 578) us 
Pre-consensus latency = 0.0 (+/- 0) us 
Pos-consensus latency = 2.2116024389777E7 (+/- 0) us 
Propose latency = 8821.684838 (+/- 348) us 
Write latency = 10033.573498 (+/- 166) us 
Accept latency = 1679.218892 (+/- 63) us 
Batch average size = NaN (+/- 0) requests
ConsensusMessage ByteCount = 164704
TOMMessage ByteCount = 110953213
LCMessage ByteCount = 597
StandardSMMessage ByteCount = 9726
--- Measurements after 152000 ops (1000 samples) ---
Throughput = 4807.6924 operations/sec (Maximum observed: 6802.721 ops/sec)
Total latency = 2.2337491666082002E7 (+/- 0) us 
Consensus latency = 20315.075311999997 (+/- 328) us 
Pre-consensus latency = 0.0 (+/- 0) us 
Pos-consensus latency = 2.2324089431976E7 (+/- 0) us 
Propose latency = 9205.349958 (+/- 112) us 
Write latency = 9491.630306 (+/- 383) us 
Accept latency = 1618.095048 (+/- 58) us 
Batch average size = NaN (+/- 0) requests
ConsensusMessage ByteCount = 164704
TOMMessage ByteCount = 111230188
LCMessage ByteCount = 597
StandardSMMessage ByteCount = 9726
--- Measurements after 153000 ops (1000 samples) ---
Throughput = 4807.6924 operations/sec (Maximum observed: 6802.721 ops/sec)
Total latency = 2.2522296750724997E7 (+/- 0) us 
Consensus latency = 20125.358989999997 (+/- 5) us 
Pre-consensus latency = 0.0 (+/- 0) us 
Pos-consensus latency = 2.2509097568834998E7 (+/- 0) us 
Propose latency = 9378.05226 (+/- 67) us 
Write latency = 9101.262869999999 (+/- 102) us 
Accept latency = 1646.04386 (+/- 40) us 
Batch average size = NaN (+/- 0) requests
ConsensusMessage ByteCount = 164704
TOMMessage ByteCount = 111587178
LCMessage ByteCount = 597
StandardSMMessage ByteCount = 9726
--- Measurements after 154000 ops (1000 samples) ---
Throughput = 3875.969 operations/sec (Maximum observed: 6802.721 ops/sec)
Total latency = 2.2742815655396998E7 (+/- 0) us 
Consensus latency = 19293.348974 (+/- 565) us 
Pre-consensus latency = 0.0 (+/- 0) us 
Pos-consensus latency = 2.2730519431293E7 (+/- 0) us 
Propose latency = 9365.263563999999 (+/- 37) us 
Write latency = 8162.4022860000005 (+/- 591) us 
Accept latency = 1765.6831240000001 (+/- 63) us 
Batch average size = NaN (+/- 0) requests
ConsensusMessage ByteCount = 164704
TOMMessage ByteCount = 111961402
LCMessage ByteCount = 597
StandardSMMessage ByteCount = 9726
--- Measurements after 155000 ops (1000 samples) ---
Throughput = 4739.3364 operations/sec (Maximum observed: 6802.721 ops/sec)
Total latency = 2.2943902662375E7 (+/- 0) us 
Consensus latency = 19110.050118 (+/- 142) us 
Pre-consensus latency = 0.0 (+/- 0) us 
Pos-consensus latency = 2.2931565912603002E7 (+/- 0) us 
Propose latency = 9091.618116 (+/- 177) us 
Write latency = 8309.372296 (+/- 390) us 
Accept latency = 1709.059706 (+/- 71) us 
Batch average size = NaN (+/- 0) requests
ConsensusMessage ByteCount = 164704
TOMMessage ByteCount = 112258073
LCMessage ByteCount = 597
StandardSMMessage ByteCount = 9726
--- Measurements after 156000 ops (1000 samples) ---
Throughput = 4807.6924 operations/sec (Maximum observed: 6802.721 ops/sec)
Total latency = 2.3131772819826998E7 (+/- 0) us 
Consensus latency = 19129.218947999998 (+/- 62) us 
Pre-consensus latency = 0.0 (+/- 0) us 
Pos-consensus latency = 2.3119445367483E7 (+/- 0) us 
Propose latency = 9019.317278 (+/- 41) us 
Write latency = 8489.74956 (+/- 74) us 
Accept latency = 1620.15211 (+/- 28) us 
Batch average size = NaN (+/- 0) requests
ConsensusMessage ByteCount = 164704
TOMMessage ByteCount = 112622449
LCMessage ByteCount = 597
StandardSMMessage ByteCount = 9726
--- Measurements after 157000 ops (1000 samples) ---
Throughput = 4081.6326 operations/sec (Maximum observed: 6802.721 ops/sec)
Total latency = 2.334922586595E7 (+/- 0) us 
Consensus latency = 22777.756072 (+/- 2931) us 
Pre-consensus latency = 0.0 (+/- 0) us 
Pos-consensus latency = 2.3333161749344002E7 (+/- 0) us 
Propose latency = 9000.073092 (+/- 39) us 
Write latency = 8803.957542 (+/- 293) us 
Accept latency = 4973.725438 (+/- 2677) us 
Batch average size = NaN (+/- 0) requests
ConsensusMessage ByteCount = 164704
TOMMessage ByteCount = 113040989
LCMessage ByteCount = 597
StandardSMMessage ByteCount = 9726
--- Measurements after 158000 ops (1000 samples) ---
Throughput = 4807.6924 operations/sec (Maximum observed: 6802.721 ops/sec)
Total latency = 2.3536826314209E7 (+/- 0) us 
Consensus latency = 22536.31102 (+/- 2138) us 
Pre-consensus latency = 0.0 (+/- 0) us 
Pos-consensus latency = 2.3520979512379E7 (+/- 0) us 
Propose latency = 9063.370560000001 (+/- 79) us 
Write latency = 9658.031369999999 (+/- 518) us 
Accept latency = 3814.9090899999997 (+/- 2736) us 
Batch average size = NaN (+/- 0) requests
ConsensusMessage ByteCount = 164704
TOMMessage ByteCount = 113325350
LCMessage ByteCount = 597
StandardSMMessage ByteCount = 9726
--- Measurements after 159000 ops (1000 samples) ---
Throughput = 4807.6924 operations/sec (Maximum observed: 6802.721 ops/sec)
Total latency = 2.3718915117546E7 (+/- 0) us 
Consensus latency = 25130.233242 (+/- 3833) us 
Pre-consensus latency = 0.0 (+/- 0) us 
Pos-consensus latency = 2.3700969342878E7 (+/- 0) us 
Propose latency = 9367.194004 (+/- 208) us 
Write latency = 9782.411002 (+/- 269) us 
Accept latency = 5980.628236 (+/- 3894) us 
Batch average size = NaN (+/- 0) requests
ConsensusMessage ByteCount = 164704
TOMMessage ByteCount = 113687264
LCMessage ByteCount = 597
StandardSMMessage ByteCount = 9726
--- Measurements after 160000 ops (1000 samples) ---
Throughput = 4132.2314 operations/sec (Maximum observed: 6802.721 ops/sec)
Total latency = 2.3930638597395E7 (+/- 0) us 
Consensus latency = 21368.594743999998 (+/- 6545) us 
Pre-consensus latency = 0.0 (+/- 0) us 
Pos-consensus latency = 2.3916483737749E7 (+/- 0) us 
Propose latency = 9003.034206 (+/- 502) us 
Write latency = 7153.658874 (+/- 2200) us 
Accept latency = 5211.901664 (+/- 3842) us 
Batch average size = NaN (+/- 0) requests
ConsensusMessage ByteCount = 164704
TOMMessage ByteCount = 114030713
LCMessage ByteCount = 597
StandardSMMessage ByteCount = 9726
--- Measurements after 161000 ops (1000 samples) ---
Throughput = 5586.5923 operations/sec (Maximum observed: 6802.721 ops/sec)
Total latency = 2.4112655705741E7 (+/- 0) us 
Consensus latency = 17886.17569 (+/- 2443) us 
Pre-consensus latency = 0.0 (+/- 0) us 
Pos-consensus latency = 2.4101987491165E7 (+/- 0) us 
Propose latency = 8678.354646 (+/- 132) us 
Write latency = 7531.181038 (+/- 2315) us 
Accept latency = 1676.640006 (+/- 5) us 
Batch average size = NaN (+/- 0) requests
ConsensusMessage ByteCount = 164704
TOMMessage ByteCount = 114307688
LCMessage ByteCount = 597
StandardSMMessage ByteCount = 9726
--- Measurements after 162000 ops (1000 samples) ---
Throughput = 6666.6665 operations/sec (Maximum observed: 6802.721 ops/sec)
Total latency = 2.4248868989779E7 (+/- 0) us 
Consensus latency = 20337.229998 (+/- 96) us 
Pre-consensus latency = 0.0 (+/- 0) us 
Pos-consensus latency = 2.4235824638093E7 (+/- 0) us 
Propose latency = 8611.461738 (+/- 197) us 
Write latency = 10157.622544 (+/- 398) us 
Accept latency = 1568.145716 (+/- 104) us 
Batch average size = NaN (+/- 0) requests
ConsensusMessage ByteCount = 164704
TOMMessage ByteCount = 114519420
LCMessage ByteCount = 597
StandardSMMessage ByteCount = 9726
--- Measurements after 163000 ops (1000 samples) ---
Throughput = 5714.2856 operations/sec (Maximum observed: 6802.721 ops/sec)
Total latency = 2.4399871251293E7 (+/- 0) us 
Consensus latency = 20890.441440000002 (+/- 484) us 
Pre-consensus latency = 0.0 (+/- 0) us 
Pos-consensus latency = 2.4385867702193E7 (+/- 0) us 
Propose latency = 8205.55329 (+/- 219) us 
Write latency = 11249.122029999999 (+/- 731) us 
Accept latency = 1435.76612 (+/- 27) us 
Batch average size = NaN (+/- 0) requests
ConsensusMessage ByteCount = 164704
TOMMessage ByteCount = 114706532
LCMessage ByteCount = 597
StandardSMMessage ByteCount = 9726
--- Measurements after 164000 ops (1000 samples) ---
Throughput = 6666.6665 operations/sec (Maximum observed: 6802.721 ops/sec)
Total latency = 2.4524778374985002E7 (+/- 0) us 
Consensus latency = 21268.736204 (+/- 151) us 
Pre-consensus latency = 0.0 (+/- 0) us 
Pos-consensus latency = 2.4510181936771E7 (+/- 0) us 
Propose latency = 8031.347786 (+/- 65) us 
Write latency = 11784.947772 (+/- 268) us 
Accept latency = 1452.440646 (+/- 51) us 
Batch average size = NaN (+/- 0) requests
ConsensusMessage ByteCount = 164704
TOMMessage ByteCount = 114958887
LCMessage ByteCount = 597
StandardSMMessage ByteCount = 9726
--- Measurements after 165000 ops (1000 samples) ---
Throughput = 6622.5166 operations/sec (Maximum observed: 6802.721 ops/sec)
Total latency = 2.4648086901672002E7 (+/- 0) us 
Consensus latency = 21008.298338 (+/- 107) us 
Pre-consensus latency = 0.0 (+/- 0) us 
Pos-consensus latency = 2.463380301204E7 (+/- 0) us 
Propose latency = 8226.519716 (+/- 143) us 
Write latency = 11205.451318 (+/- 328) us 
Accept latency = 1576.327304 (+/- 77) us 
Batch average size = NaN (+/- 0) requests
ConsensusMessage ByteCount = 164704
TOMMessage ByteCount = 115222321
LCMessage ByteCount = 597
StandardSMMessage ByteCount = 9726
--- Measurements after 166000 ops (1000 samples) ---
Throughput = 5780.3467 operations/sec (Maximum observed: 6802.721 ops/sec)
Total latency = 2.4796895629372E7 (+/- 0) us 
Consensus latency = 20571.331206 (+/- 382) us 
Pre-consensus latency = 0.0 (+/- 0) us 
Pos-consensus latency = 2.4783067187362E7 (+/- 0) us 
Propose latency = 8261.096244 (+/- 163) us 
Write latency = 10597.53041 (+/- 274) us 
Accept latency = 1712.704552 (+/- 55) us 
Batch average size = NaN (+/- 0) requests
ConsensusMessage ByteCount = 164704
TOMMessage ByteCount = 115516530
LCMessage ByteCount = 597
StandardSMMessage ByteCount = 9726
--- Measurements after 167000 ops (1000 samples) ---
Throughput = 6711.409 operations/sec (Maximum observed: 6802.721 ops/sec)
Total latency = 2.4923922039281E7 (+/- 0) us 
Consensus latency = 20193.68112 (+/- 119) us 
Pre-consensus latency = 0.0 (+/- 0) us 
Pos-consensus latency = 2.4910405275009E7 (+/- 0) us 
Propose latency = 7984.490866 (+/- 98) us 
Write latency = 10464.234575999999 (+/- 264) us 
Accept latency = 1744.955678 (+/- 47) us 
Batch average size = NaN (+/- 0) requests
ConsensusMessage ByteCount = 164704
TOMMessage ByteCount = 115718414
LCMessage ByteCount = 597
StandardSMMessage ByteCount = 9726
--- Measurements after 168000 ops (1000 samples) ---
Throughput = 6622.5166 operations/sec (Maximum observed: 6802.721 ops/sec)
Total latency = 2.5051732797519002E7 (+/- 0) us 
Consensus latency = 20553.02175 (+/- 279) us 
Pre-consensus latency = 0.0 (+/- 0) us 
Pos-consensus latency = 2.5037703158669E7 (+/- 0) us 
Propose latency = 7905.53305 (+/- 65) us 
Write latency = 10948.245949999999 (+/- 193) us 
Accept latency = 1699.24275 (+/- 20) us 
Batch average size = NaN (+/- 0) requests
ConsensusMessage ByteCount = 164704
TOMMessage ByteCount = 115885830
LCMessage ByteCount = 597
StandardSMMessage ByteCount = 9726
--- Measurements after 169000 ops (1000 samples) ---
Throughput = 5917.1597 operations/sec (Maximum observed: 6802.721 ops/sec)
Total latency = 2.5199076026956E7 (+/- 0) us 
Consensus latency = 21918.929892 (+/- 1417) us 
Pre-consensus latency = 0.0 (+/- 0) us 
Pos-consensus latency = 2.518374535565E7 (+/- 0) us 
Propose latency = 7963.210394000001 (+/- 45) us 
Write latency = 10839.052679999999 (+/- 535) us 
Accept latency = 3116.666818 (+/- 1998) us 
Batch average size = NaN (+/- 0) requests
ConsensusMessage ByteCount = 164704
TOMMessage ByteCount = 116262516
LCMessage ByteCount = 597
StandardSMMessage ByteCount = 9726
--- Measurements after 170000 ops (1000 samples) ---
Throughput = 6622.5166 operations/sec (Maximum observed: 6802.721 ops/sec)
Total latency = 2.5324691322125E7 (+/- 0) us 
Consensus latency = 23222.25029 (+/- 1116) us 
Pre-consensus latency = 0.0 (+/- 0) us 
Pos-consensus latency = 2.5308033921921E7 (+/- 0) us 
Propose latency = 7956.222782 (+/- 88) us 
Write latency = 10562.045516 (+/- 749) us 
Accept latency = 4703.981992 (+/- 1954) us 
Batch average size = NaN (+/- 0) requests
ConsensusMessage ByteCount = 164704
TOMMessage ByteCount = 116575190
LCMessage ByteCount = 597
StandardSMMessage ByteCount = 9726
--- Measurements after 171000 ops (1000 samples) ---
Throughput = 5649.7173 operations/sec (Maximum observed: 6802.721 ops/sec)
Total latency = 2.5446745192575E7 (+/- 0) us 
Consensus latency = 19333.391734 (+/- 3533) us 
Pre-consensus latency = 0.0 (+/- 0) us 
Pos-consensus latency = 2.5433965242061E7 (+/- 0) us 
Propose latency = 8148.544196000001 (+/- 94) us 
Write latency = 9422.955068 (+/- 3672) us 
Accept latency = 1761.89247 (+/- 44) us 
Batch average size = NaN (+/- 0) requests
ConsensusMessage ByteCount = 164704
TOMMessage ByteCount = 117158684
LCMessage ByteCount = 597
StandardSMMessage ByteCount = 9726
--- Measurements after 172000 ops (1000 samples) ---
Throughput = 4761.905 operations/sec (Maximum observed: 6802.721 ops/sec)
Total latency = 2.5619113287332002E7 (+/- 0) us 
Consensus latency = 15267.20396 (+/- 2787) us 
Pre-consensus latency = 0.0 (+/- 0) us 
Pos-consensus latency = 2.5610452411738E7 (+/- 0) us 
Propose latency = 8213.547616 (+/- 148) us 
Write latency = 5246.98197 (+/- 2981) us 
Accept latency = 1806.6743740000002 (+/- 45) us 
Batch average size = NaN (+/- 0) requests
ConsensusMessage ByteCount = 164704
TOMMessage ByteCount = 117511981
LCMessage ByteCount = 597
StandardSMMessage ByteCount = 9726
--- Measurements after 173000 ops (1000 samples) ---
Throughput = 4807.6924 operations/sec (Maximum observed: 6802.721 ops/sec)
Total latency = 2.5809683747557998E7 (+/- 0) us 
Consensus latency = 20025.532809999997 (+/- 29) us 
Pre-consensus latency = 0.0 (+/- 0) us 
Pos-consensus latency = 2.5796247054858003E7 (+/- 0) us 
Propose latency = 7949.938190000001 (+/- 15) us 
Write latency = 10344.71969 (+/- 18) us 
Accept latency = 1730.87493 (+/- 4) us 
Batch average size = NaN (+/- 0) requests
ConsensusMessage ByteCount = 164704
TOMMessage ByteCount = 117861585
LCMessage ByteCount = 597
StandardSMMessage ByteCount = 9726
--- Measurements after 174000 ops (1000 samples) ---
Throughput = 4504.5044 operations/sec (Maximum observed: 6802.721 ops/sec)
Total latency = 2.5995149082732E7 (+/- 0) us 
Consensus latency = 20068.04064 (+/- 190) us 
Pre-consensus latency = 0.0 (+/- 0) us 
Pos-consensus latency = 2.5981654537316002E7 (+/- 0) us 
Propose latency = 7926.686822 (+/- 9) us 
Write latency = 10434.914652000001 (+/- 244) us 
Accept latency = 1706.439166 (+/- 63) us 
Batch average size = NaN (+/- 0) requests
ConsensusMessage ByteCount = 164704
TOMMessage ByteCount = 118203803
LCMessage ByteCount = 597
StandardSMMessage ByteCount = 9726
--- Measurements after 175000 ops (1000 samples) ---
Throughput = 4761.905 operations/sec (Maximum observed: 6802.721 ops/sec)
Total latency = 2.6193357226292998E7 (+/- 0) us 
Consensus latency = 20455.07349 (+/- 28) us 
Pre-consensus latency = 0.0 (+/- 0) us 
Pos-consensus latency = 2.6179508260211E7 (+/- 0) us 
Propose latency = 7957.163436 (+/- 24) us 
Write latency = 10866.698834 (+/- 99) us 
Accept latency = 1631.21122 (+/- 103) us 
Batch average size = NaN (+/- 0) requests
ConsensusMessage ByteCount = 164704
TOMMessage ByteCount = 118660504
LCMessage ByteCount = 597
StandardSMMessage ByteCount = 9726
--- Measurements after 176000 ops (1000 samples) ---
Throughput = 4807.6924 operations/sec (Maximum observed: 6802.721 ops/sec)
Total latency = 2.6378012564296E7 (+/- 0) us 
Consensus latency = 20692.724052 (+/- 408) us 
Pre-consensus latency = 0.0 (+/- 0) us 
Pos-consensus latency = 2.636391085086E7 (+/- 0) us 
Propose latency = 8010.222632 (+/- 1) us 
Write latency = 10866.397732000001 (+/- 487) us 
Accept latency = 1816.1036880000001 (+/- 80) us 
Batch average size = NaN (+/- 0) requests
ConsensusMessage ByteCount = 164704
TOMMessage ByteCount = 119146749
LCMessage ByteCount = 597
StandardSMMessage ByteCount = 9726
--- Measurements after 177000 ops (1000 samples) ---
Throughput = 4566.21 operations/sec (Maximum observed: 6802.721 ops/sec)
Total latency = 2.656567272709E7 (+/- 0) us 
Consensus latency = 21656.287397999997 (+/- 52) us 
Pre-consensus latency = 0.0 (+/- 0) us 
Pos-consensus latency = 2.6550643197968E7 (+/- 0) us 
Propose latency = 8030.8929419999995 (+/- 41) us 
Write latency = 12007.797622 (+/- 42) us 
Accept latency = 1617.596834 (+/- 31) us 
Batch average size = NaN (+/- 0) requests
ConsensusMessage ByteCount = 164704
TOMMessage ByteCount = 119640380
LCMessage ByteCount = 597
StandardSMMessage ByteCount = 9726
--- Measurements after 178000 ops (1000 samples) ---
Throughput = 4784.689 operations/sec (Maximum observed: 6802.721 ops/sec)
Total latency = 2.6749482065114E7 (+/- 0) us 
Consensus latency = 21850.629370000002 (+/- 175) us 
Pre-consensus latency = 0.0 (+/- 0) us 
Pos-consensus latency = 2.6734370270363998E7 (+/- 0) us 
Propose latency = 8165.63868 (+/- 80) us 
Write latency = 12138.74801 (+/- 68) us 
Accept latency = 1546.2426799999998 (+/- 26) us 
Batch average size = NaN (+/- 0) requests
ConsensusMessage ByteCount = 164704
TOMMessage ByteCount = 120105698
LCMessage ByteCount = 597
StandardSMMessage ByteCount = 9726
--- Measurements after 179000 ops (1000 samples) ---
Throughput = 4739.3364 operations/sec (Maximum observed: 6802.721 ops/sec)
Total latency = 2.693362561859E7 (+/- 0) us 
Consensus latency = 22394.18132 (+/- 145) us 
Pre-consensus latency = 0.0 (+/- 0) us 
Pos-consensus latency = 2.6918100554456003E7 (+/- 0) us 
Propose latency = 8386.335896 (+/- 29) us 
Write latency = 12380.454934000001 (+/- 151) us 
Accept latency = 1627.39049 (+/- 23) us 
Batch average size = NaN (+/- 0) requests
ConsensusMessage ByteCount = 164704
TOMMessage ByteCount = 120585788
LCMessage ByteCount = 597
StandardSMMessage ByteCount = 9726
--- Measurements after 180000 ops (1000 samples) ---
Throughput = 4444.4443 operations/sec (Maximum observed: 6802.721 ops/sec)
Total latency = 2.7129164881175E7 (+/- 0) us 
Consensus latency = 22861.832478 (+/- 23) us 
Pre-consensus latency = 0.0 (+/- 0) us 
Pos-consensus latency = 2.7113153057889E7 (+/- 0) us 
Propose latency = 8283.2671 (+/- 28) us 
Write latency = 12875.612628 (+/- 9) us 
Accept latency = 1702.95275 (+/- 3) us 
Batch average size = NaN (+/- 0) requests
ConsensusMessage ByteCount = 164704
TOMMessage ByteCount = 121085574
LCMessage ByteCount = 597
StandardSMMessage ByteCount = 9726
--- Measurements after 181000 ops (1000 samples) ---
Throughput = 4807.6924 operations/sec (Maximum observed: 6802.721 ops/sec)
Total latency = 2.7316458690483E7 (+/- 0) us 
Consensus latency = 23203.603890000002 (+/- 2170) us 
Pre-consensus latency = 0.0 (+/- 0) us 
Pos-consensus latency = 2.7300042829429E7 (+/- 0) us 
Propose latency = 8158.206024 (+/- 65) us 
Write latency = 13416.872818 (+/- 2538) us 
Accept latency = 1628.525048 (+/- 302) us 
Batch average size = NaN (+/- 0) requests
ConsensusMessage ByteCount = 164704
TOMMessage ByteCount = 121496728
LCMessage ByteCount = 597
StandardSMMessage ByteCount = 9726
--- Measurements after 182000 ops (1000 samples) ---
Throughput = 4484.305 operations/sec (Maximum observed: 6802.721 ops/sec)
Total latency = 2.7498482052869E7 (+/- 0) us 
Consensus latency = 33983.334092 (+/- 1143) us 
Pre-consensus latency = 0.0 (+/- 0) us 
Pos-consensus latency = 2.7471033911946997E7 (+/- 0) us 
Propose latency = 7839.865554 (+/- 93) us 
Write latency = 26014.437254 (+/- 1402) us 
Accept latency = 129.031284 (+/- 164) us 
Batch average size = NaN (+/- 0) requests
ConsensusMessage ByteCount = 164704
TOMMessage ByteCount = 121957122
LCMessage ByteCount = 597
StandardSMMessage ByteCount = 9726
--- Measurements after 183000 ops (1000 samples) ---
Throughput = 4854.369 operations/sec (Maximum observed: 6802.721 ops/sec)
Total latency = 2.7680444145337E7 (+/- 0) us 
Consensus latency = 24388.645 (+/- 0) us 
Pre-consensus latency = 0.0 (+/- 0) us 
Pos-consensus latency = 2.7663197236337002E7 (+/- 0) us 
Propose latency = 8628.282 (+/- 0) us 
Write latency = 14250.63 (+/- 0) us 
Accept latency = 1509.733 (+/- 0) us 
Batch average size = NaN (+/- 0) requests
ConsensusMessage ByteCount = 164704
TOMMessage ByteCount = 122375662
LCMessage ByteCount = 597
StandardSMMessage ByteCount = 9726
--- Measurements after 184000 ops (1000 samples) ---
Throughput = 4830.918 operations/sec (Maximum observed: 6802.721 ops/sec)
Total latency = 2.7858469454154E7 (+/- 0) us 
Consensus latency = 23867.31199 (+/- 52) us 
Pre-consensus latency = 0.0 (+/- 0) us 
Pos-consensus latency = 2.7841630049944E7 (+/- 0) us 
Propose latency = 8359.71678 (+/- 27) us 
Write latency = 14005.1298 (+/- 24) us 
Accept latency = 1502.46541 (+/- 0) us 
Batch average size = NaN (+/- 0) requests
ConsensusMessage ByteCount = 164704
TOMMessage ByteCount = 122810205
LCMessage ByteCount = 597
StandardSMMessage ByteCount = 9726
--- Measurements after 185000 ops (1000 samples) ---
Throughput = 4484.305 operations/sec (Maximum observed: 6802.721 ops/sec)
Total latency = 2.8046374742101002E7 (+/- 0) us 
Consensus latency = 23580.947728 (+/- 52) us 
Pre-consensus latency = 0.0 (+/- 0) us 
Pos-consensus latency = 2.8029590768987E7 (+/- 0) us 
Propose latency = 8247.310836 (+/- 20) us 
Write latency = 13762.976706 (+/- 44) us 
Accept latency = 1570.660186 (+/- 12) us 
Batch average size = NaN (+/- 0) requests
ConsensusMessage ByteCount = 164704
TOMMessage ByteCount = 123237362
LCMessage ByteCount = 597
StandardSMMessage ByteCount = 9726
--- Measurements after 186000 ops (1000 samples) ---
Throughput = 4854.369 operations/sec (Maximum observed: 6802.721 ops/sec)
Total latency = 2.8232207657566004E7 (+/- 0) us 
Consensus latency = 24311.100504000002 (+/- 183) us 
Pre-consensus latency = 0.0 (+/- 0) us 
Pos-consensus latency = 2.8214696088662E7 (+/- 0) us 
Propose latency = 8174.803634 (+/- 17) us 
Write latency = 14191.130682 (+/- 108) us 
Accept latency = 1945.1661880000001 (+/- 92) us 
Batch average size = NaN (+/- 0) requests
ConsensusMessage ByteCount = 164704
TOMMessage ByteCount = 123673136
LCMessage ByteCount = 597
StandardSMMessage ByteCount = 9726
--- Measurements after 187000 ops (1000 samples) ---
Throughput = 4524.8867 operations/sec (Maximum observed: 6802.721 ops/sec)
Total latency = 2.8411450309026E7 (+/- 0) us 
Consensus latency = 23983.135471999998 (+/- 111) us 
Pre-consensus latency = 0.0 (+/- 0) us 
Pos-consensus latency = 2.8394355934702E7 (+/- 0) us 
Propose latency = 8602.731926 (+/- 129) us 
Write latency = 13460.566528000001 (+/- 226) us 
Accept latency = 1919.837018 (+/- 14) us 
Batch average size = NaN (+/- 0) requests
ConsensusMessage ByteCount = 164704
TOMMessage ByteCount = 124092907
LCMessage ByteCount = 597
StandardSMMessage ByteCount = 9726
--- Measurements after 188000 ops (1000 samples) ---
Throughput = 4830.918 operations/sec (Maximum observed: 6802.721 ops/sec)
Total latency = 2.8603238484138E7 (+/- 0) us 
Consensus latency = 24593.653832 (+/- 221) us 
Pre-consensus latency = 0.0 (+/- 0) us 
Pos-consensus latency = 2.8585514175514E7 (+/- 0) us 
Propose latency = 8288.642953999999 (+/- 121) us 
Write latency = 14473.738802 (+/- 372) us 
Accept latency = 1831.272076 (+/- 29) us 
Batch average size = NaN (+/- 0) requests
ConsensusMessage ByteCount = 164704
TOMMessage ByteCount = 124527450
LCMessage ByteCount = 597
StandardSMMessage ByteCount = 9726
--- Measurements after 189000 ops (1000 samples) ---
Throughput = 4830.918 operations/sec (Maximum observed: 6802.721 ops/sec)
Total latency = 2.8778587440769E7 (+/- 0) us 
Consensus latency = 24391.88945 (+/- 107) us 
Pre-consensus latency = 0.0 (+/- 0) us 
Pos-consensus latency = 2.8761009694699E7 (+/- 0) us 
Propose latency = 8245.35731 (+/- 0) us 
Write latency = 14585.32794 (+/- 6) us 
Accept latency = 1561.2042 (+/- 100) us 
Batch average size = NaN (+/- 0) requests
ConsensusMessage ByteCount = 164704
TOMMessage ByteCount = 124991537
LCMessage ByteCount = 597
StandardSMMessage ByteCount = 9726
--- Measurements after 190000 ops (1000 samples) ---
Throughput = 4424.779 operations/sec (Maximum observed: 6802.721 ops/sec)
Total latency = 2.897147237701E7 (+/- 0) us 
Consensus latency = 23766.620072 (+/- 249) us 
Pre-consensus latency = 0.0 (+/- 0) us 
Pos-consensus latency = 2.8954520029118E7 (+/- 0) us 
Propose latency = 8185.65574 (+/- 25) us 
Write latency = 13965.477732000001 (+/- 263) us 
Accept latency = 1615.4866000000002 (+/- 39) us 
Batch average size = NaN (+/- 0) requests
ConsensusMessage ByteCount = 164704
TOMMessage ByteCount = 125315290
LCMessage ByteCount = 597
StandardSMMessage ByteCount = 9726
--- Measurements after 191000 ops (1000 samples) ---
Throughput = 4854.369 operations/sec (Maximum observed: 6802.721 ops/sec)
Total latency = 2.9154323165808E7 (+/- 0) us 
Consensus latency = 24097.428976 (+/- 203) us 
Pre-consensus latency = 0.0 (+/- 0) us 
Pos-consensus latency = 2.913699925586E7 (+/- 0) us 
Propose latency = 8134.281206000001 (+/- 18) us 
Write latency = 14342.299258 (+/- 227) us 
Accept latency = 1620.848512 (+/- 5) us 
Batch average size = NaN (+/- 0) requests
ConsensusMessage ByteCount = 164704
TOMMessage ByteCount = 125743678
LCMessage ByteCount = 597
StandardSMMessage ByteCount = 9726
--- Measurements after 192000 ops (1000 samples) ---
Throughput = 4424.779 operations/sec (Maximum observed: 6802.721 ops/sec)
Total latency = 2.9341974966971003E7 (+/- 0) us 
Consensus latency = 28332.626872 (+/- 2084) us 
Pre-consensus latency = 0.0 (+/- 0) us 
Pos-consensus latency = 2.9320382140708998E7 (+/- 0) us 
Propose latency = 8061.282748 (+/- 32) us 
Write latency = 19884.595434 (+/- 2736) us 
Accept latency = 386.74869 (+/- 619) us 
Batch average size = NaN (+/- 0) requests
ConsensusMessage ByteCount = 164704
TOMMessage ByteCount = 126069893
LCMessage ByteCount = 597
StandardSMMessage ByteCount = 9726
--- Measurements after 193000 ops (1000 samples) ---
Throughput = 4830.918 operations/sec (Maximum observed: 6802.721 ops/sec)
Total latency = 2.9524750350082003E7 (+/- 0) us 
Consensus latency = 28013.925756 (+/- 738) us 
Pre-consensus latency = 0.0 (+/- 0) us 
Pos-consensus latency = 2.9505918085378E7 (+/- 0) us 
Propose latency = 10774.169576 (+/- 1475) us 
Write latency = 16067.57561 (+/- 2807) us 
Accept latency = 1172.18057 (+/- 593) us 
Batch average size = NaN (+/- 0) requests
ConsensusMessage ByteCount = 164704
TOMMessage ByteCount = 126257005
LCMessage ByteCount = 597
StandardSMMessage ByteCount = 9726
--- Measurements after 194000 ops (1000 samples) ---
Throughput = 4830.918 operations/sec (Maximum observed: 6802.721 ops/sec)
Total latency = 2.9698938570449002E7 (+/- 0) us 
Consensus latency = 25306.94075 (+/- 1333) us 
Pre-consensus latency = 0.0 (+/- 0) us 
Pos-consensus latency = 2.9683390133449003E7 (+/- 0) us 
Propose latency = 11177.87625 (+/- 227) us 
Write latency = 12535.20275 (+/- 1164) us 
Accept latency = 1593.86175 (+/- 58) us 
Batch average size = NaN (+/- 0) requests
ConsensusMessage ByteCount = 164704
TOMMessage ByteCount = 126407187
LCMessage ByteCount = 597
StandardSMMessage ByteCount = 9726
--- Measurements after 195000 ops (1000 samples) ---
Throughput = 4424.779 operations/sec (Maximum observed: 6802.721 ops/sec)
Total latency = 2.9893121477179002E7 (+/- 0) us 
Consensus latency = 24236.398286 (+/- 185) us 
Pre-consensus latency = 0.0 (+/- 0) us 
Pos-consensus latency = 2.9878780143140998E7 (+/- 0) us 
Propose latency = 11273.252318 (+/- 139) us 
Write latency = 11358.198289999998 (+/- 310) us 
Accept latency = 1604.947678 (+/- 13) us 
Batch average size = NaN (+/- 0) requests
ConsensusMessage ByteCount = 164704
TOMMessage ByteCount = 126469968
LCMessage ByteCount = 597
StandardSMMessage ByteCount = 9726
--- Measurements after 196000 ops (1000 samples) ---
Throughput = 4739.3364 operations/sec (Maximum observed: 6802.721 ops/sec)
Total latency = 3.0077040496296E7 (+/- 0) us 
Consensus latency = 24096.317522 (+/- 17) us 
Pre-consensus latency = 0.0 (+/- 0) us 
Pos-consensus latency = 3.006300355772E7 (+/- 0) us 
Propose latency = 11463.310404 (+/- 68) us 
Write latency = 10800.119424 (+/- 239) us 
Accept latency = 1832.887694 (+/- 154) us 
Batch average size = NaN (+/- 0) requests
ConsensusMessage ByteCount = 164704
TOMMessage ByteCount = 126489664
LCMessage ByteCount = 597
StandardSMMessage ByteCount = 9726
--- Measurements after 197000 ops (1000 samples) ---
Throughput = 4444.4443 operations/sec (Maximum observed: 6802.721 ops/sec)
Total latency = 3.0261646619963E7 (+/- 0) us 
Consensus latency = 23838.81894 (+/- 169) us 
Pre-consensus latency = 0.0 (+/- 0) us 
Pos-consensus latency = 3.0247849268542998E7 (+/- 0) us 
Propose latency = 11497.5769 (+/- 6) us 
Write latency = 10519.172058 (+/- 86) us 
Accept latency = 1822.069982 (+/- 76) us 
Batch average size = NaN (+/- 0) requests
ConsensusMessage ByteCount = 164704
TOMMessage ByteCount = 126509360
LCMessage ByteCount = 597
StandardSMMessage ByteCount = 9726
--- Measurements after 198000 ops (1000 samples) ---
Throughput = 4830.918 operations/sec (Maximum observed: 6802.721 ops/sec)
Total latency = 3.0458497036916E7 (+/- 0) us 
Consensus latency = 23253.102618 (+/- 341) us 
Pre-consensus latency = 0.0 (+/- 0) us 
Pos-consensus latency = 3.0443268009794E7 (+/- 0) us 
Propose latency = 9410.827902 (+/- 1515) us 
Write latency = 12160.448782 (+/- 1237) us 
Accept latency = 1681.825934 (+/- 63) us 
Batch average size = NaN (+/- 0) requests
ConsensusMessage ByteCount = 164704
TOMMessage ByteCount = 126527825
LCMessage ByteCount = 597
StandardSMMessage ByteCount = 9726
--- Measurements after 199000 ops (1000 samples) ---
Throughput = 4651.1626 operations/sec (Maximum observed: 6802.721 ops/sec)
Total latency = 3.0643334640891E7 (+/- 0) us 
Consensus latency = 22822.770210000002 (+/- 139) us 
Pre-consensus latency = 0.0 (+/- 0) us 
Pos-consensus latency = 3.0627470130891E7 (+/- 0) us 
Propose latency = 8394.50538 (+/- 65) us 
Write latency = 12850.13334 (+/- 161) us 
Accept latency = 1578.13149 (+/- 44) us 
Batch average size = NaN (+/- 0) requests
ConsensusMessage ByteCount = 164704
TOMMessage ByteCount = 126538904
LCMessage ByteCount = 597
StandardSMMessage ByteCount = 9726
--- Measurements after 200000 ops (1000 samples) ---
Throughput = 4273.5044 operations/sec (Maximum observed: 6802.721 ops/sec)
Total latency = 3.0837636959191002E7 (+/- 0) us 
Consensus latency = 17560.029556 (+/- 4159) us 
Pre-consensus latency = 0.0 (+/- 0) us 
Pos-consensus latency = 3.0825296941339E7 (+/- 0) us 
Propose latency = 6387.343494 (+/- 1659) us 
Write latency = 9629.306324 (+/- 2498) us 
Accept latency = 1543.3797379999999 (+/- 0) us 
Batch average size = NaN (+/- 0) requests
ConsensusMessage ByteCount = 164704
TOMMessage ByteCount = 126561062
LCMessage ByteCount = 597
StandardSMMessage ByteCount = 9726
