-- Using view stored on disk
-- ID = 0
-- N = 4
-- F = 1
-- Port (client <-> server) = 11000
-- Port (server <-> server) = 11001
-- requestTimeout = 2000
-- maxBatch = 1024
-- Binded replica to IP address 134.60.242.11
-- Optimizations:  Read-only Requests: disabled
-- SSL/TLS enabled, protocol version: TLSv1.2
-- In current view: ID:0; F:1; Processes:0(/134.60.242.11:11000),1(/134.60.242.12:11010),2(/134.60.242.13:11020),3(/134.60.242.14:11030),
-- Retrieving State
-- Replica state is up to date
-- 
		###################################
		    Ready to process operations    
		###################################
-- Session Created, active clients=0
-- Session Created, active clients=0
-- Session Created, active clients=0
-- Session Created, active clients=0
-- Session Created, active clients=0
-- Session Created, active clients=0
-- Session Created, active clients=0
-- Session Created, active clients=0
-- Session Created, active clients=0
-- Session Created, active clients=0
-- Session Created, active clients=0
-- Session Created, active clients=0
-- Session Created, active clients=0
-- Session Created, active clients=0
-- Session Created, active clients=0
-- Session Created, active clients=0
-- Session Created, active clients=0
-- Session Created, active clients=0
-- Session Created, active clients=0
-- Session Created, active clients=0
-- Session Created, active clients=0
-- Session Created, active clients=0
-- Session Created, active clients=0
-- Session Created, active clients=0
-- Session Created, active clients=0
-- Session Created, active clients=0
-- Session Created, active clients=0
-- Session Created, active clients=0
-- Session Created, active clients=0
-- Session Created, active clients=0
-- Session Created, active clients=0
-- Session Created, active clients=0
-- Session Created, active clients=0
-- Session Created, active clients=0
-- Session Created, active clients=0
-- Session Created, active clients=0
-- Session Created, active clients=0
-- Session Created, active clients=0
-- Session Created, active clients=0
-- Session Created, active clients=0
-- Session Created, active clients=0
-- Session Created, active clients=0
-- Session Created, active clients=0
-- Session Created, active clients=0
-- Session Created, active clients=0
-- Session Created, active clients=0
-- Session Created, active clients=0
-- Session Created, active clients=0
-- Session Created, active clients=0
-- Session Created, active clients=0
-- Session Created, active clients=0
-- Session Created, active clients=0
-- Session Created, active clients=0
-- Session Created, active clients=0
-- Session Created, active clients=0
-- Session Created, active clients=0
-- Session Created, active clients=0
-- Session Created, active clients=0
-- Session Created, active clients=0
-- Session Created, active clients=0
-- Session Created, active clients=0
-- Session Created, active clients=0
-- Session Created, active clients=0
-- Session Created, active clients=0
-- Session Created, active clients=0
-- Session Created, active clients=0
-- Session Created, active clients=0
-- Session Created, active clients=0
-- Session Created, active clients=0
-- Session Created, active clients=0
-- Session Created, active clients=0
-- Session Created, active clients=0
-- Session Created, active clients=0
-- Session Created, active clients=0
-- Session Created, active clients=0
-- Session Created, active clients=0
-- Session Created, active clients=0
-- Session Created, active clients=0
-- Session Created, active clients=0
-- Session Created, active clients=0
-- Session Created, active clients=0
-- Session Created, active clients=0
-- Session Created, active clients=0
-- Session Created, active clients=0
-- Session Created, active clients=0
-- Session Created, active clients=0
-- Session Created, active clients=0
-- Session Created, active clients=0
-- Session Created, active clients=0
-- Session Created, active clients=0
-- Session Created, active clients=0
-- Session Created, active clients=0
-- Session Created, active clients=0
-- Session Created, active clients=0
-- Session Created, active clients=0
-- Session Created, active clients=0
-- Session Created, active clients=0
-- Session Created, active clients=0
-- Session Created, active clients=0
-- Session Created, active clients=0
--- Measurements after 1000 ops (1000 samples) ---
Throughput = 15.274871 operations/sec (Maximum observed: 15.274871 ops/sec)
Total latency = 48352.676611 (+/- 36056) us 
Consensus latency = 0.0 (+/- 0) us 
Pre-consensus latency = 0.0 (+/- 0) us 
Pos-consensus latency = -2.0852373679826968E12 (+/- 0) us 
Propose latency = 0.0 (+/- 0) us 
Write latency = 0.0 (+/- 0) us 
Accept latency = 0.0 (+/- 0) us 
Batch average size = 43.47826086956522 (+/- 36) requests
TOMMessage ByteCount = 1051600:1860
StandardSMMessage ByteCount = 412:22
ConsensusMessage ByteCount = 102175:92
--- Measurements after 2000 ops (1000 samples) ---
Throughput = 60.62443 operations/sec (Maximum observed: 60.62443 ops/sec)
Total latency = 26919.415403 (+/- 14380) us 
Consensus latency = 0.0 (+/- 0) us 
Pre-consensus latency = 0.0 (+/- 0) us 
Pos-consensus latency = -2.0852164004955264E12 (+/- 0) us 
Propose latency = 0.0 (+/- 0) us 
Write latency = 0.0 (+/- 0) us 
Accept latency = 0.0 (+/- 0) us 
Batch average size = 33.333333333333336 (+/- 18) requests
TOMMessage ByteCount = 2191394:3876
StandardSMMessage ByteCount = 412:22
ConsensusMessage ByteCount = 205986:212
--- Measurements after 3000 ops (1000 samples) ---
Throughput = 153.8225 operations/sec (Maximum observed: 153.8225 ops/sec)
Total latency = 27337.18623 (+/- 14068) us 
Consensus latency = 0.0 (+/- 0) us 
Pre-consensus latency = 0.0 (+/- 0) us 
Pos-consensus latency = -2.0852053978857776E12 (+/- 0) us 
Propose latency = 0.0 (+/- 0) us 
Write latency = 0.0 (+/- 0) us 
Accept latency = 0.0 (+/- 0) us 
Batch average size = 33.333333333333336 (+/- 26) requests
TOMMessage ByteCount = 3313100:5860
StandardSMMessage ByteCount = 412:22
ConsensusMessage ByteCount = 309872:332
--- Measurements after 4000 ops (1000 samples) ---
Throughput = 3105.59 operations/sec (Maximum observed: 3105.59 ops/sec)
Total latency = 130438.82781399999 (+/- 0) us 
Consensus latency = 0.0 (+/- 0) us 
Pre-consensus latency = 0.0 (+/- 0) us 
Pos-consensus latency = -2.0852030674790334E12 (+/- 0) us 
Propose latency = 0.0 (+/- 0) us 
Write latency = 0.0 (+/- 0) us 
Accept latency = 0.0 (+/- 0) us 
Batch average size = 706.25 (+/- 1089) requests
TOMMessage ByteCount = 3974597:7030
StandardSMMessage ByteCount = 412:22
ConsensusMessage ByteCount = 778066:501
--- Measurements after 5000 ops (1000 samples) ---
Throughput = 4115.2266 operations/sec (Maximum observed: 4115.2266 ops/sec)
Total latency = 318046.256863 (+/- 0) us 
Consensus latency = 0.0 (+/- 0) us 
Pre-consensus latency = 0.0 (+/- 0) us 
Pos-consensus latency = -2.0852028237749321E12 (+/- 0) us 
Propose latency = 0.0 (+/- 0) us 
Write latency = 0.0 (+/- 0) us 
Accept latency = 0.0 (+/- 0) us 
Batch average size = NaN (+/- 0) requests
TOMMessage ByteCount = 3974597:7030
StandardSMMessage ByteCount = 412:22
ConsensusMessage ByteCount = 1218115:684
--- Measurements after 6000 ops (1000 samples) ---
Throughput = 3322.259 operations/sec (Maximum observed: 4115.2266 ops/sec)
Total latency = 527824.30413 (+/- 0) us 
Consensus latency = 0.0 (+/- 0) us 
Pre-consensus latency = 0.0 (+/- 0) us 
Pos-consensus latency = -2.085202556745555E12 (+/- 0) us 
Propose latency = 0.0 (+/- 0) us 
Write latency = 0.0 (+/- 0) us 
Accept latency = 0.0 (+/- 0) us 
Batch average size = 9774.0 (+/- 0) requests
TOMMessage ByteCount = 6586610:11650
StandardSMMessage ByteCount = 412:22
ConsensusMessage ByteCount = 1608036:909
--- Measurements after 7000 ops (1000 samples) ---
Throughput = 4444.4443 operations/sec (Maximum observed: 4444.4443 ops/sec)
Total latency = 723709.745876 (+/- 0) us 
Consensus latency = 0.0 (+/- 0) us 
Pre-consensus latency = 0.0 (+/- 0) us 
Pos-consensus latency = -2.0852022841811133E12 (+/- 0) us 
Propose latency = 0.0 (+/- 0) us 
Write latency = 0.0 (+/- 0) us 
Accept latency = 0.0 (+/- 0) us 
Batch average size = NaN (+/- 0) requests
TOMMessage ByteCount = 6586610:11650
StandardSMMessage ByteCount = 412:22
ConsensusMessage ByteCount = 1988131:1103
--- Measurements after 8000 ops (1000 samples) ---
Throughput = 3205.1282 operations/sec (Maximum observed: 4444.4443 ops/sec)
Total latency = 959552.1185750001 (+/- 0) us 
Consensus latency = 0.0 (+/- 0) us 
Pre-consensus latency = 0.0 (+/- 0) us 
Pos-consensus latency = -2.0852019949960535E12 (+/- 0) us 
Propose latency = 0.0 (+/- 0) us 
Write latency = 0.0 (+/- 0) us 
Accept latency = 0.0 (+/- 0) us 
Batch average size = NaN (+/- 0) requests
TOMMessage ByteCount = 6586610:11650
StandardSMMessage ByteCount = 412:22
ConsensusMessage ByteCount = 2552641:1293
--- Measurements after 9000 ops (1000 samples) ---
Throughput = 4484.305 operations/sec (Maximum observed: 4484.305 ops/sec)
Total latency = 1152517.118549 (+/- 0) us 
Consensus latency = 0.0 (+/- 0) us 
Pre-consensus latency = 0.0 (+/- 0) us 
Pos-consensus latency = -2.0852017454239243E12 (+/- 0) us 
Propose latency = 0.0 (+/- 0) us 
Write latency = 0.0 (+/- 0) us 
Accept latency = 0.0 (+/- 0) us 
Batch average size = NaN (+/- 0) requests
TOMMessage ByteCount = 6586610:11650
StandardSMMessage ByteCount = 412:22
ConsensusMessage ByteCount = 2952934:1484
--- Measurements after 10000 ops (1000 samples) ---
Throughput = 4545.4546 operations/sec (Maximum observed: 4545.4546 ops/sec)
Total latency = 1318128.009806 (+/- 0) us 
Consensus latency = 0.0 (+/- 0) us 
Pre-consensus latency = 0.0 (+/- 0) us 
Pos-consensus latency = -2.085201523879325E12 (+/- 0) us 
Propose latency = 0.0 (+/- 0) us 
Write latency = 0.0 (+/- 0) us 
Accept latency = 0.0 (+/- 0) us 
Batch average size = NaN (+/- 0) requests
TOMMessage ByteCount = 6586610:11650
StandardSMMessage ByteCount = 412:22
ConsensusMessage ByteCount = 3351721:1676
--- Measurements after 11000 ops (1000 samples) ---
Throughput = 4545.4546 operations/sec (Maximum observed: 4545.4546 ops/sec)
Total latency = 1483238.066627 (+/- 0) us 
Consensus latency = 0.0 (+/- 0) us 
Pre-consensus latency = 0.0 (+/- 0) us 
Pos-consensus latency = -2.0852013055656206E12 (+/- 0) us 
Propose latency = 0.0 (+/- 0) us 
Write latency = 0.0 (+/- 0) us 
Accept latency = 0.0 (+/- 0) us 
Batch average size = NaN (+/- 0) requests
TOMMessage ByteCount = 6586610:11650
StandardSMMessage ByteCount = 412:22
ConsensusMessage ByteCount = 3749305:1891
--- Measurements after 12000 ops (1000 samples) ---
Throughput = 4694.8354 operations/sec (Maximum observed: 4694.8354 ops/sec)
Total latency = 1648221.076531 (+/- 0) us 
Consensus latency = 0.0 (+/- 0) us 
Pre-consensus latency = 0.0 (+/- 0) us 
Pos-consensus latency = -2.0852010847365144E12 (+/- 0) us 
Propose latency = 0.0 (+/- 0) us 
Write latency = 0.0 (+/- 0) us 
Accept latency = 0.0 (+/- 0) us 
Batch average size = NaN (+/- 0) requests
TOMMessage ByteCount = 6586610:11650
StandardSMMessage ByteCount = 412:22
ConsensusMessage ByteCount = 4133755:2104
--- Measurements after 13000 ops (1000 samples) ---
Throughput = 4524.8867 operations/sec (Maximum observed: 4694.8354 ops/sec)
Total latency = 1810655.947303 (+/- 0) us 
Consensus latency = 0.0 (+/- 0) us 
Pre-consensus latency = 0.0 (+/- 0) us 
Pos-consensus latency = -2.0852008656449456E12 (+/- 0) us 
Propose latency = 0.0 (+/- 0) us 
Write latency = 0.0 (+/- 0) us 
Accept latency = 0.0 (+/- 0) us 
Batch average size = NaN (+/- 0) requests
TOMMessage ByteCount = 6586610:11650
StandardSMMessage ByteCount = 412:22
ConsensusMessage ByteCount = 4540225:2308
--- Measurements after 14000 ops (1000 samples) ---
Throughput = 4566.21 operations/sec (Maximum observed: 4694.8354 ops/sec)
Total latency = 1971933.131145 (+/- 0) us 
Consensus latency = 0.0 (+/- 0) us 
Pre-consensus latency = 0.0 (+/- 0) us 
Pos-consensus latency = -2.085200646210681E12 (+/- 0) us 
Propose latency = 0.0 (+/- 0) us 
Write latency = 0.0 (+/- 0) us 
Accept latency = 0.0 (+/- 0) us 
Batch average size = NaN (+/- 0) requests
TOMMessage ByteCount = 6586610:11650
StandardSMMessage ByteCount = 412:22
ConsensusMessage ByteCount = 4938194:2512
--- Measurements after 15000 ops (1000 samples) ---
Throughput = 4608.295 operations/sec (Maximum observed: 4694.8354 ops/sec)
Total latency = 2131566.675325 (+/- 0) us 
Consensus latency = 0.0 (+/- 0) us 
Pre-consensus latency = 0.0 (+/- 0) us 
Pos-consensus latency = -2.085200430123834E12 (+/- 0) us 
Propose latency = 0.0 (+/- 0) us 
Write latency = 0.0 (+/- 0) us 
Accept latency = 0.0 (+/- 0) us 
Batch average size = NaN (+/- 0) requests
TOMMessage ByteCount = 6586610:11650
LCMessage ByteCount = 5:1
StandardSMMessage ByteCount = 412:22
ConsensusMessage ByteCount = 5242746:2712
--- Measurements after 16000 ops (1000 samples) ---
Throughput = 3344.4817 operations/sec (Maximum observed: 4694.8354 ops/sec)
Total latency = 2277876.120196 (+/- 0) us 
Consensus latency = 0.0 (+/- 0) us 
Pre-consensus latency = 0.0 (+/- 0) us 
Pos-consensus latency = -2.0852001785143635E12 (+/- 0) us 
Propose latency = 0.0 (+/- 0) us 
Write latency = 0.0 (+/- 0) us 
Accept latency = 0.0 (+/- 0) us 
Batch average size = 38679.0 (+/- 0) requests
TOMMessage ByteCount = 17675350:31198
LCMessage ByteCount = 5:1
StandardSMMessage ByteCount = 412:22
ConsensusMessage ByteCount = 5775363:2908
--- Measurements after 17000 ops (1000 samples) ---
Throughput = 4566.21 operations/sec (Maximum observed: 4694.8354 ops/sec)
Total latency = 2424863.8179829996 (+/- 0) us 
Consensus latency = 0.0 (+/- 0) us 
Pre-consensus latency = 0.0 (+/- 0) us 
Pos-consensus latency = -2.0851999123886565E12 (+/- 0) us 
Propose latency = 0.0 (+/- 0) us 
Write latency = 0.0 (+/- 0) us 
Accept latency = 0.0 (+/- 0) us 
Batch average size = NaN (+/- 0) requests
TOMMessage ByteCount = 17675350:31198
LCMessage ByteCount = 5:1
StandardSMMessage ByteCount = 412:22
ConsensusMessage ByteCount = 6174665:3108
--- Measurements after 18000 ops (1000 samples) ---
Throughput = 4672.897 operations/sec (Maximum observed: 4694.8354 ops/sec)
Total latency = 2593589.2836550004 (+/- 0) us 
Consensus latency = 0.0 (+/- 0) us 
Pre-consensus latency = 0.0 (+/- 0) us 
Pos-consensus latency = -2.0851996938478455E12 (+/- 0) us 
Propose latency = 0.0 (+/- 0) us 
Write latency = 0.0 (+/- 0) us 
Accept latency = 0.0 (+/- 0) us 
Batch average size = NaN (+/- 0) requests
TOMMessage ByteCount = 17675350:31198
LCMessage ByteCount = 5:1
StandardSMMessage ByteCount = 412:22
ConsensusMessage ByteCount = 6565665:3328
--- Measurements after 19000 ops (1000 samples) ---
Throughput = 4587.156 operations/sec (Maximum observed: 4694.8354 ops/sec)
Total latency = 2755050.345249 (+/- 0) us 
Consensus latency = 0.0 (+/- 0) us 
Pre-consensus latency = 0.0 (+/- 0) us 
Pos-consensus latency = -2.0851994752808513E12 (+/- 0) us 
Propose latency = 0.0 (+/- 0) us 
Write latency = 0.0 (+/- 0) us 
Accept latency = 0.0 (+/- 0) us 
Batch average size = NaN (+/- 0) requests
TOMMessage ByteCount = 17675350:31198
LCMessage ByteCount = 5:1
StandardSMMessage ByteCount = 412:22
ConsensusMessage ByteCount = 6964744:3544
--- Measurements after 20000 ops (1000 samples) ---
Throughput = 4608.295 operations/sec (Maximum observed: 4694.8354 ops/sec)
Total latency = 2913303.457136 (+/- 0) us 
Consensus latency = 0.0 (+/- 0) us 
Pre-consensus latency = 0.0 (+/- 0) us 
Pos-consensus latency = -2.085199258857394E12 (+/- 0) us 
Propose latency = 0.0 (+/- 0) us 
Write latency = 0.0 (+/- 0) us 
Accept latency = 0.0 (+/- 0) us 
Batch average size = NaN (+/- 0) requests
TOMMessage ByteCount = 17675350:31198
LCMessage ByteCount = 5:1
StandardSMMessage ByteCount = 412:22
ConsensusMessage ByteCount = 7367784:3737
--- Measurements after 21000 ops (1000 samples) ---
Throughput = 4566.21 operations/sec (Maximum observed: 4694.8354 ops/sec)
Total latency = 3067637.071275 (+/- 0) us 
Consensus latency = 0.0 (+/- 0) us 
Pre-consensus latency = 0.0 (+/- 0) us 
Pos-consensus latency = -2.0851990423087676E12 (+/- 0) us 
Propose latency = 0.0 (+/- 0) us 
Write latency = 0.0 (+/- 0) us 
Accept latency = 0.0 (+/- 0) us 
Batch average size = NaN (+/- 0) requests
TOMMessage ByteCount = 17675350:31198
LCMessage ByteCount = 5:1
StandardSMMessage ByteCount = 412:22
ConsensusMessage ByteCount = 7768138:3947
--- Measurements after 22000 ops (1000 samples) ---
Throughput = 4566.21 operations/sec (Maximum observed: 4694.8354 ops/sec)
Total latency = 3233993.7329679998 (+/- 0) us 
Consensus latency = 0.0 (+/- 0) us 
Pre-consensus latency = 0.0 (+/- 0) us 
Pos-consensus latency = -2.0851988240712947E12 (+/- 0) us 
Propose latency = 0.0 (+/- 0) us 
Write latency = 0.0 (+/- 0) us 
Accept latency = 0.0 (+/- 0) us 
Batch average size = NaN (+/- 0) requests
TOMMessage ByteCount = 17675350:31198
LCMessage ByteCount = 5:1
StandardSMMessage ByteCount = 412:22
ConsensusMessage ByteCount = 8159628:4160
--- Measurements after 23000 ops (1000 samples) ---
Throughput = 4694.8354 operations/sec (Maximum observed: 4694.8354 ops/sec)
Total latency = 3397482.656409 (+/- 0) us 
Consensus latency = 0.0 (+/- 0) us 
Pre-consensus latency = 0.0 (+/- 0) us 
Pos-consensus latency = -2.08519860478954E12 (+/- 0) us 
Propose latency = 0.0 (+/- 0) us 
Write latency = 0.0 (+/- 0) us 
Accept latency = 0.0 (+/- 0) us 
Batch average size = NaN (+/- 0) requests
TOMMessage ByteCount = 17675350:31198
LCMessage ByteCount = 5:1
StandardSMMessage ByteCount = 412:22
ConsensusMessage ByteCount = 8551099:4379
--- Measurements after 24000 ops (1000 samples) ---
Throughput = 4566.21 operations/sec (Maximum observed: 4694.8354 ops/sec)
Total latency = 3561239.087206 (+/- 0) us 
Consensus latency = 0.0 (+/- 0) us 
Pre-consensus latency = 0.0 (+/- 0) us 
Pos-consensus latency = -2.0851983871616628E12 (+/- 0) us 
Propose latency = 0.0 (+/- 0) us 
Write latency = 0.0 (+/- 0) us 
Accept latency = 0.0 (+/- 0) us 
Batch average size = NaN (+/- 0) requests
TOMMessage ByteCount = 17675350:31198
LCMessage ByteCount = 10:2
StandardSMMessage ByteCount = 412:22
ConsensusMessage ByteCount = 8950679:4584
--- Measurements after 25000 ops (1000 samples) ---
Throughput = 4587.156 operations/sec (Maximum observed: 4694.8354 ops/sec)
Total latency = 3723271.852666 (+/- 0) us 
Consensus latency = 0.0 (+/- 0) us 
Pre-consensus latency = 0.0 (+/- 0) us 
Pos-consensus latency = -2.085198170444228E12 (+/- 0) us 
Propose latency = 0.0 (+/- 0) us 
Write latency = 0.0 (+/- 0) us 
Accept latency = 0.0 (+/- 0) us 
Batch average size = NaN (+/- 0) requests
TOMMessage ByteCount = 17675350:31198
LCMessage ByteCount = 10:2
StandardSMMessage ByteCount = 412:22
ConsensusMessage ByteCount = 9352044:4791
--- Measurements after 26000 ops (1000 samples) ---
Throughput = 4587.156 operations/sec (Maximum observed: 4694.8354 ops/sec)
Total latency = 3884325.18896 (+/- 0) us 
Consensus latency = 0.0 (+/- 0) us 
Pre-consensus latency = 0.0 (+/- 0) us 
Pos-consensus latency = -2.0851979533208896E12 (+/- 0) us 
Propose latency = 0.0 (+/- 0) us 
Write latency = 0.0 (+/- 0) us 
Accept latency = 0.0 (+/- 0) us 
Batch average size = NaN (+/- 0) requests
TOMMessage ByteCount = 17675350:31198
LCMessage ByteCount = 10:2
StandardSMMessage ByteCount = 412:22
ConsensusMessage ByteCount = 9753612:5000
--- Measurements after 27000 ops (1000 samples) ---
Throughput = 4739.3364 operations/sec (Maximum observed: 4739.3364 ops/sec)
Total latency = 4042183.7159390002 (+/- 0) us 
Consensus latency = 0.0 (+/- 0) us 
Pre-consensus latency = 0.0 (+/- 0) us 
Pos-consensus latency = -2.0851977370259043E12 (+/- 0) us 
Propose latency = 0.0 (+/- 0) us 
Write latency = 0.0 (+/- 0) us 
Accept latency = 0.0 (+/- 0) us 
Batch average size = NaN (+/- 0) requests
TOMMessage ByteCount = 17675350:31198
LCMessage ByteCount = 10:2
StandardSMMessage ByteCount = 412:22
ConsensusMessage ByteCount = 10144318:5212
--- Measurements after 28000 ops (1000 samples) ---
Throughput = 4566.21 operations/sec (Maximum observed: 4739.3364 ops/sec)
Total latency = 4206536.159652 (+/- 0) us 
Consensus latency = 0.0 (+/- 0) us 
Pre-consensus latency = 0.0 (+/- 0) us 
Pos-consensus latency = -2.0851975181210928E12 (+/- 0) us 
Propose latency = 0.0 (+/- 0) us 
Write latency = 0.0 (+/- 0) us 
Accept latency = 0.0 (+/- 0) us 
Batch average size = NaN (+/- 0) requests
TOMMessage ByteCount = 17675350:31198
LCMessage ByteCount = 10:2
StandardSMMessage ByteCount = 412:22
ConsensusMessage ByteCount = 10548614:5415
--- Measurements after 29000 ops (1000 samples) ---
Throughput = 4608.295 operations/sec (Maximum observed: 4739.3364 ops/sec)
Total latency = 4366273.520196 (+/- 0) us 
Consensus latency = 0.0 (+/- 0) us 
Pre-consensus latency = 0.0 (+/- 0) us 
Pos-consensus latency = -2.0851973020067163E12 (+/- 0) us 
Propose latency = 0.0 (+/- 0) us 
Write latency = 0.0 (+/- 0) us 
Accept latency = 0.0 (+/- 0) us 
Batch average size = NaN (+/- 0) requests
TOMMessage ByteCount = 17675350:31198
LCMessage ByteCount = 10:2
StandardSMMessage ByteCount = 412:22
ConsensusMessage ByteCount = 10943672:5627
--- Measurements after 30000 ops (1000 samples) ---
Throughput = 4608.295 operations/sec (Maximum observed: 4739.3364 ops/sec)
Total latency = 4527339.998825 (+/- 0) us 
Consensus latency = 0.0 (+/- 0) us 
Pre-consensus latency = 0.0 (+/- 0) us 
Pos-consensus latency = -2.0851970859312036E12 (+/- 0) us 
Propose latency = 0.0 (+/- 0) us 
Write latency = 0.0 (+/- 0) us 
Accept latency = 0.0 (+/- 0) us 
Batch average size = NaN (+/- 0) requests
TOMMessage ByteCount = 17675350:31198
LCMessage ByteCount = 10:2
StandardSMMessage ByteCount = 412:22
ConsensusMessage ByteCount = 11336747:5836
--- Measurements after 31000 ops (1000 samples) ---
Throughput = 4587.156 operations/sec (Maximum observed: 4739.3364 ops/sec)
Total latency = 4685350.532575 (+/- 0) us 
Consensus latency = 0.0 (+/- 0) us 
Pre-consensus latency = 0.0 (+/- 0) us 
Pos-consensus latency = -2.0851968699139744E12 (+/- 0) us 
Propose latency = 0.0 (+/- 0) us 
Write latency = 0.0 (+/- 0) us 
Accept latency = 0.0 (+/- 0) us 
Batch average size = NaN (+/- 0) requests
TOMMessage ByteCount = 17675350:31198
LCMessage ByteCount = 10:2
StandardSMMessage ByteCount = 412:22
ConsensusMessage ByteCount = 11729514:6039
--- Measurements after 32000 ops (1000 samples) ---
Throughput = 4739.3364 operations/sec (Maximum observed: 4739.3364 ops/sec)
Total latency = 4846778.20937 (+/- 0) us 
Consensus latency = 0.0 (+/- 0) us 
Pre-consensus latency = 0.0 (+/- 0) us 
Pos-consensus latency = -2.0851966520888762E12 (+/- 0) us 
Propose latency = 0.0 (+/- 0) us 
Write latency = 0.0 (+/- 0) us 
Accept latency = 0.0 (+/- 0) us 
Batch average size = NaN (+/- 0) requests
TOMMessage ByteCount = 17675350:31198
LCMessage ByteCount = 10:2
StandardSMMessage ByteCount = 412:22
ConsensusMessage ByteCount = 12122280:6257
--- Measurements after 33000 ops (1000 samples) ---
Throughput = 4587.156 operations/sec (Maximum observed: 4739.3364 ops/sec)
Total latency = 5009089.094468 (+/- 0) us 
Consensus latency = 0.0 (+/- 0) us 
Pre-consensus latency = 0.0 (+/- 0) us 
Pos-consensus latency = -2.085196435189683E12 (+/- 0) us 
Propose latency = 0.0 (+/- 0) us 
Write latency = 0.0 (+/- 0) us 
Accept latency = 0.0 (+/- 0) us 
Batch average size = NaN (+/- 0) requests
TOMMessage ByteCount = 17675350:31198
LCMessage ByteCount = 15:3
StandardSMMessage ByteCount = 412:22
ConsensusMessage ByteCount = 12522459:6475
--- Measurements after 34000 ops (1000 samples) ---
Throughput = 4587.156 operations/sec (Maximum observed: 4739.3364 ops/sec)
Total latency = 5168180.236384 (+/- 0) us 
Consensus latency = 0.0 (+/- 0) us 
Pre-consensus latency = 0.0 (+/- 0) us 
Pos-consensus latency = -2.0851962185410266E12 (+/- 0) us 
Propose latency = 0.0 (+/- 0) us 
Write latency = 0.0 (+/- 0) us 
Accept latency = 0.0 (+/- 0) us 
Batch average size = NaN (+/- 0) requests
TOMMessage ByteCount = 17675350:31198
LCMessage ByteCount = 15:3
StandardSMMessage ByteCount = 412:22
ConsensusMessage ByteCount = 12925035:6689
--- Measurements after 35000 ops (1000 samples) ---
Throughput = 4566.21 operations/sec (Maximum observed: 4739.3364 ops/sec)
Total latency = 5327791.995005 (+/- 0) us 
Consensus latency = 0.0 (+/- 0) us 
Pre-consensus latency = 0.0 (+/- 0) us 
Pos-consensus latency = -2.0851960010463918E12 (+/- 0) us 
Propose latency = 0.0 (+/- 0) us 
Write latency = 0.0 (+/- 0) us 
Accept latency = 0.0 (+/- 0) us 
Batch average size = NaN (+/- 0) requests
TOMMessage ByteCount = 17675350:31198
LCMessage ByteCount = 15:3
StandardSMMessage ByteCount = 412:22
ConsensusMessage ByteCount = 13320319:6903
--- Measurements after 36000 ops (1000 samples) ---
Throughput = 4716.981 operations/sec (Maximum observed: 4739.3364 ops/sec)
Total latency = 5487529.712554 (+/- 0) us 
Consensus latency = 0.0 (+/- 0) us 
Pre-consensus latency = 0.0 (+/- 0) us 
Pos-consensus latency = -2.085195784193799E12 (+/- 0) us 
Propose latency = 0.0 (+/- 0) us 
Write latency = 0.0 (+/- 0) us 
Accept latency = 0.0 (+/- 0) us 
Batch average size = NaN (+/- 0) requests
TOMMessage ByteCount = 17675350:31198
LCMessage ByteCount = 15:3
StandardSMMessage ByteCount = 412:22
ConsensusMessage ByteCount = 13705105:7123
--- Measurements after 37000 ops (1000 samples) ---
Throughput = 4587.156 operations/sec (Maximum observed: 4739.3364 ops/sec)
Total latency = 5647565.040444001 (+/- 0) us 
Consensus latency = 0.0 (+/- 0) us 
Pre-consensus latency = 0.0 (+/- 0) us 
Pos-consensus latency = -2.0851955663555876E12 (+/- 0) us 
Propose latency = 0.0 (+/- 0) us 
Write latency = 0.0 (+/- 0) us 
Accept latency = 0.0 (+/- 0) us 
Batch average size = NaN (+/- 0) requests
TOMMessage ByteCount = 17675350:31198
LCMessage ByteCount = 15:3
StandardSMMessage ByteCount = 412:22
ConsensusMessage ByteCount = 14103981:7348
--- Measurements after 38000 ops (1000 samples) ---
Throughput = 4545.4546 operations/sec (Maximum observed: 4739.3364 ops/sec)
Total latency = 5808528.626475001 (+/- 0) us 
Consensus latency = 0.0 (+/- 0) us 
Pre-consensus latency = 0.0 (+/- 0) us 
Pos-consensus latency = -2.0851953490642288E12 (+/- 0) us 
Propose latency = 0.0 (+/- 0) us 
Write latency = 0.0 (+/- 0) us 
Accept latency = 0.0 (+/- 0) us 
Batch average size = NaN (+/- 0) requests
TOMMessage ByteCount = 17675350:31198
LCMessage ByteCount = 15:3
StandardSMMessage ByteCount = 412:22
ConsensusMessage ByteCount = 14504683:7555
--- Measurements after 39000 ops (1000 samples) ---
Throughput = 4587.156 operations/sec (Maximum observed: 4739.3364 ops/sec)
Total latency = 5968606.133266 (+/- 0) us 
Consensus latency = 0.0 (+/- 0) us 
Pre-consensus latency = 0.0 (+/- 0) us 
Pos-consensus latency = -2.0851951320365715E12 (+/- 0) us 
Propose latency = 0.0 (+/- 0) us 
Write latency = 0.0 (+/- 0) us 
Accept latency = 0.0 (+/- 0) us 
Batch average size = NaN (+/- 0) requests
TOMMessage ByteCount = 17675350:31198
LCMessage ByteCount = 15:3
StandardSMMessage ByteCount = 412:22
ConsensusMessage ByteCount = 14903834:7767
--- Measurements after 40000 ops (1000 samples) ---
Throughput = 4608.295 operations/sec (Maximum observed: 4739.3364 ops/sec)
Total latency = 6129427.042901 (+/- 0) us 
Consensus latency = 0.0 (+/- 0) us 
Pre-consensus latency = 0.0 (+/- 0) us 
Pos-consensus latency = -2.0851949152194998E12 (+/- 0) us 
Propose latency = 0.0 (+/- 0) us 
Write latency = 0.0 (+/- 0) us 
Accept latency = 0.0 (+/- 0) us 
Batch average size = NaN (+/- 0) requests
TOMMessage ByteCount = 17675350:31198
LCMessage ByteCount = 15:3
StandardSMMessage ByteCount = 412:22
ConsensusMessage ByteCount = 15294799:7983
--- Measurements after 41000 ops (1000 samples) ---
Throughput = 4739.3364 operations/sec (Maximum observed: 4739.3364 ops/sec)
Total latency = 6289807.200154 (+/- 0) us 
Consensus latency = 0.0 (+/- 0) us 
Pre-consensus latency = 0.0 (+/- 0) us 
Pos-consensus latency = -2.0851946989830393E12 (+/- 0) us 
Propose latency = 0.0 (+/- 0) us 
Write latency = 0.0 (+/- 0) us 
Accept latency = 0.0 (+/- 0) us 
Batch average size = NaN (+/- 0) requests
TOMMessage ByteCount = 17675350:31198
LCMessage ByteCount = 15:3
StandardSMMessage ByteCount = 412:22
ConsensusMessage ByteCount = 15687639:8197
--- Measurements after 42000 ops (1000 samples) ---
Throughput = 4629.6294 operations/sec (Maximum observed: 4739.3364 ops/sec)
Total latency = 6447817.663492 (+/- 0) us 
Consensus latency = 0.0 (+/- 0) us 
Pre-consensus latency = 0.0 (+/- 0) us 
Pos-consensus latency = -2.0851944834922424E12 (+/- 0) us 
Propose latency = 0.0 (+/- 0) us 
Write latency = 0.0 (+/- 0) us 
Accept latency = 0.0 (+/- 0) us 
Batch average size = NaN (+/- 0) requests
TOMMessage ByteCount = 17675350:31198
LCMessage ByteCount = 15:3
StandardSMMessage ByteCount = 412:22
ConsensusMessage ByteCount = 16081073:8415
--- Measurements after 43000 ops (1000 samples) ---
Throughput = 4651.1626 operations/sec (Maximum observed: 4739.3364 ops/sec)
Total latency = 6608588.1149619995 (+/- 0) us 
Consensus latency = 0.0 (+/- 0) us 
Pre-consensus latency = 0.0 (+/- 0) us 
Pos-consensus latency = -2.0851942694220017E12 (+/- 0) us 
Propose latency = 0.0 (+/- 0) us 
Write latency = 0.0 (+/- 0) us 
Accept latency = 0.0 (+/- 0) us 
Batch average size = NaN (+/- 0) requests
TOMMessage ByteCount = 17675350:31198
LCMessage ByteCount = 20:4
StandardSMMessage ByteCount = 412:22
ConsensusMessage ByteCount = 16469135:8623
--- Measurements after 44000 ops (1000 samples) ---
Throughput = 4608.295 operations/sec (Maximum observed: 4739.3364 ops/sec)
Total latency = 6768736.750789 (+/- 0) us 
Consensus latency = 0.0 (+/- 0) us 
Pre-consensus latency = 0.0 (+/- 0) us 
Pos-consensus latency = -2.0851940551722278E12 (+/- 0) us 
Propose latency = 0.0 (+/- 0) us 
Write latency = 0.0 (+/- 0) us 
Accept latency = 0.0 (+/- 0) us 
Batch average size = NaN (+/- 0) requests
TOMMessage ByteCount = 17675350:31198
LCMessage ByteCount = 20:4
StandardSMMessage ByteCount = 412:22
ConsensusMessage ByteCount = 16860829:8827
--- Measurements after 45000 ops (1000 samples) ---
Throughput = 4608.295 operations/sec (Maximum observed: 4739.3364 ops/sec)
Total latency = 6927681.101587 (+/- 0) us 
Consensus latency = 0.0 (+/- 0) us 
Pre-consensus latency = 0.0 (+/- 0) us 
Pos-consensus latency = -2.0851938403153303E12 (+/- 0) us 
Propose latency = 0.0 (+/- 0) us 
Write latency = 0.0 (+/- 0) us 
Accept latency = 0.0 (+/- 0) us 
Batch average size = NaN (+/- 0) requests
TOMMessage ByteCount = 17675350:31198
LCMessage ByteCount = 20:4
StandardSMMessage ByteCount = 412:22
ConsensusMessage ByteCount = 17239129:9028
--- Measurements after 46000 ops (1000 samples) ---
Throughput = 4694.8354 operations/sec (Maximum observed: 4739.3364 ops/sec)
Total latency = 7089426.882195 (+/- 0) us 
Consensus latency = 0.0 (+/- 0) us 
Pre-consensus latency = 0.0 (+/- 0) us 
Pos-consensus latency = -2.0851936219004873E12 (+/- 0) us 
Propose latency = 0.0 (+/- 0) us 
Write latency = 0.0 (+/- 0) us 
Accept latency = 0.0 (+/- 0) us 
Batch average size = NaN (+/- 0) requests
TOMMessage ByteCount = 17675350:31198
LCMessage ByteCount = 20:4
StandardSMMessage ByteCount = 412:22
ConsensusMessage ByteCount = 17648249:9245
--- Measurements after 47000 ops (1000 samples) ---
Throughput = 4587.156 operations/sec (Maximum observed: 4739.3364 ops/sec)
Total latency = 7248536.406354 (+/- 0) us 
Consensus latency = 0.0 (+/- 0) us 
Pre-consensus latency = 0.0 (+/- 0) us 
Pos-consensus latency = -2.085193404779371E12 (+/- 0) us 
Propose latency = 0.0 (+/- 0) us 
Write latency = 0.0 (+/- 0) us 
Accept latency = 0.0 (+/- 0) us 
Batch average size = NaN (+/- 0) requests
TOMMessage ByteCount = 17675350:31198
LCMessage ByteCount = 20:4
StandardSMMessage ByteCount = 412:22
ConsensusMessage ByteCount = 18047245:9459
--- Measurements after 48000 ops (1000 samples) ---
Throughput = 4587.156 operations/sec (Maximum observed: 4739.3364 ops/sec)
Total latency = 7410307.183846 (+/- 0) us 
Consensus latency = 0.0 (+/- 0) us 
Pre-consensus latency = 0.0 (+/- 0) us 
Pos-consensus latency = -2.0851931884936514E12 (+/- 0) us 
Propose latency = 0.0 (+/- 0) us 
Write latency = 0.0 (+/- 0) us 
Accept latency = 0.0 (+/- 0) us 
Batch average size = NaN (+/- 0) requests
TOMMessage ByteCount = 17675350:31198
LCMessage ByteCount = 20:4
StandardSMMessage ByteCount = 412:22
ConsensusMessage ByteCount = 18446924:9672
--- Measurements after 49000 ops (1000 samples) ---
Throughput = 4587.156 operations/sec (Maximum observed: 4739.3364 ops/sec)
Total latency = 7571242.216571 (+/- 0) us 
Consensus latency = 0.0 (+/- 0) us 
Pre-consensus latency = 0.0 (+/- 0) us 
Pos-consensus latency = -2.0851929716087803E12 (+/- 0) us 
Propose latency = 0.0 (+/- 0) us 
Write latency = 0.0 (+/- 0) us 
Accept latency = 0.0 (+/- 0) us 
Batch average size = NaN (+/- 0) requests
TOMMessage ByteCount = 17675350:31198
LCMessage ByteCount = 20:4
StandardSMMessage ByteCount = 412:22
ConsensusMessage ByteCount = 18853401:9879
--- Measurements after 50000 ops (1000 samples) ---
Throughput = 4716.981 operations/sec (Maximum observed: 4739.3364 ops/sec)
Total latency = 7728094.612566 (+/- 0) us 
Consensus latency = 0.0 (+/- 0) us 
Pre-consensus latency = 0.0 (+/- 0) us 
Pos-consensus latency = -2.0851927534846814E12 (+/- 0) us 
Propose latency = 0.0 (+/- 0) us 
Write latency = 0.0 (+/- 0) us 
Accept latency = 0.0 (+/- 0) us 
Batch average size = NaN (+/- 0) requests
TOMMessage ByteCount = 17675350:31198
LCMessage ByteCount = 20:4
StandardSMMessage ByteCount = 412:22
ConsensusMessage ByteCount = 19245869:10097
--- Measurements after 51000 ops (1000 samples) ---
Throughput = 4504.5044 operations/sec (Maximum observed: 4739.3364 ops/sec)
Total latency = 7862588.049556 (+/- 0) us 
Consensus latency = 0.0 (+/- 0) us 
Pre-consensus latency = 0.0 (+/- 0) us 
Pos-consensus latency = -2.0851925322661816E12 (+/- 0) us 
Propose latency = 0.0 (+/- 0) us 
Write latency = 0.0 (+/- 0) us 
Accept latency = 0.0 (+/- 0) us 
Batch average size = NaN (+/- 0) requests
TOMMessage ByteCount = 17675350:31198
LCMessage ByteCount = 20:4
StandardSMMessage ByteCount = 412:22
ConsensusMessage ByteCount = 19627786:10294
--- Measurements after 52000 ops (1000 samples) ---
Throughput = 4587.156 operations/sec (Maximum observed: 4739.3364 ops/sec)
Total latency = 8005457.519406999 (+/- 0) us 
Consensus latency = 0.0 (+/- 0) us 
Pre-consensus latency = 0.0 (+/- 0) us 
Pos-consensus latency = -2.0851923157350542E12 (+/- 0) us 
Propose latency = 0.0 (+/- 0) us 
Write latency = 0.0 (+/- 0) us 
Accept latency = 0.0 (+/- 0) us 
Batch average size = NaN (+/- 0) requests
TOMMessage ByteCount = 17675350:31198
LCMessage ByteCount = 20:4
StandardSMMessage ByteCount = 412:22
ConsensusMessage ByteCount = 20008737:10504
--- Measurements after 53000 ops (1000 samples) ---
Throughput = 4587.156 operations/sec (Maximum observed: 4739.3364 ops/sec)
Total latency = 8160156.330878001 (+/- 0) us 
Consensus latency = 0.0 (+/- 0) us 
Pre-consensus latency = 0.0 (+/- 0) us 
Pos-consensus latency = -2.0851920993057178E12 (+/- 0) us 
Propose latency = 0.0 (+/- 0) us 
Write latency = 0.0 (+/- 0) us 
Accept latency = 0.0 (+/- 0) us 
Batch average size = NaN (+/- 0) requests
TOMMessage ByteCount = 17675350:31198
LCMessage ByteCount = 20:4
StandardSMMessage ByteCount = 412:22
ConsensusMessage ByteCount = 20399371:10708
--- Measurements after 54000 ops (1000 samples) ---
Throughput = 4566.21 operations/sec (Maximum observed: 4739.3364 ops/sec)
Total latency = 8325747.464752 (+/- 0) us 
Consensus latency = 0.0 (+/- 0) us 
Pre-consensus latency = 0.0 (+/- 0) us 
Pos-consensus latency = -2.0851918820399812E12 (+/- 0) us 
Propose latency = 0.0 (+/- 0) us 
Write latency = 0.0 (+/- 0) us 
Accept latency = 0.0 (+/- 0) us 
Batch average size = NaN (+/- 0) requests
TOMMessage ByteCount = 17675350:31198
LCMessage ByteCount = 20:4
StandardSMMessage ByteCount = 412:22
ConsensusMessage ByteCount = 20804626:10886
-- Checkpoint is in position 24675
--- Measurements after 55000 ops (1000 samples) ---
Throughput = 2272.7273 operations/sec (Maximum observed: 4739.3364 ops/sec)
Total latency = 8631187.164110001 (+/- 0) us 
Consensus latency = 0.0 (+/- 0) us 
Pre-consensus latency = 0.0 (+/- 0) us 
Pos-consensus latency = -2.085191501571938E12 (+/- 0) us 
Propose latency = 0.0 (+/- 0) us 
Write latency = 0.0 (+/- 0) us 
Accept latency = 0.0 (+/- 0) us 
Batch average size = 24676.0 (+/- 0) requests
TOMMessage ByteCount = 61566429:108556
LCMessage ByteCount = 20:4
StandardSMMessage ByteCount = 412:22
ConsensusMessage ByteCount = 21559100:11111
--- Measurements after 56000 ops (1000 samples) ---
Throughput = 4524.8867 operations/sec (Maximum observed: 4739.3364 ops/sec)
Total latency = 8866483.796253 (+/- 0) us 
Consensus latency = 0.0 (+/- 0) us 
Pre-consensus latency = 0.0 (+/- 0) us 
Pos-consensus latency = -2.0851912152847278E12 (+/- 0) us 
Propose latency = 0.0 (+/- 0) us 
Write latency = 0.0 (+/- 0) us 
Accept latency = 0.0 (+/- 0) us 
Batch average size = NaN (+/- 0) requests
TOMMessage ByteCount = 61566429:108556
LCMessage ByteCount = 20:4
StandardSMMessage ByteCount = 412:22
ConsensusMessage ByteCount = 21961520:11333
--- Measurements after 57000 ops (1000 samples) ---
Throughput = 4184.1006 operations/sec (Maximum observed: 4739.3364 ops/sec)
Total latency = 9043143.917824 (+/- 0) us 
Consensus latency = 0.0 (+/- 0) us 
Pre-consensus latency = 0.0 (+/- 0) us 
Pos-consensus latency = -2.0851909953665437E12 (+/- 0) us 
Propose latency = 0.0 (+/- 0) us 
Write latency = 0.0 (+/- 0) us 
Accept latency = 0.0 (+/- 0) us 
Batch average size = NaN (+/- 0) requests
TOMMessage ByteCount = 61566429:108556
LCMessage ByteCount = 20:4
StandardSMMessage ByteCount = 412:22
ConsensusMessage ByteCount = 22394794:11541
--- Measurements after 58000 ops (1000 samples) ---
Throughput = 3703.7036 operations/sec (Maximum observed: 4739.3364 ops/sec)
Total latency = 9270331.250058 (+/- 0) us 
Consensus latency = 0.0 (+/- 0) us 
Pre-consensus latency = 0.0 (+/- 0) us 
Pos-consensus latency = -2.0851907118715374E12 (+/- 0) us 
Propose latency = 0.0 (+/- 0) us 
Write latency = 0.0 (+/- 0) us 
Accept latency = 0.0 (+/- 0) us 
Batch average size = NaN (+/- 0) requests
TOMMessage ByteCount = 61566429:108556
LCMessage ByteCount = 20:4
StandardSMMessage ByteCount = 412:22
ConsensusMessage ByteCount = 22885587:11755
--- Measurements after 59000 ops (1000 samples) ---
Throughput = 4608.295 operations/sec (Maximum observed: 4739.3364 ops/sec)
Total latency = 9441070.172612 (+/- 0) us 
Consensus latency = 0.0 (+/- 0) us 
Pre-consensus latency = 0.0 (+/- 0) us 
Pos-consensus latency = -2.0851904851578542E12 (+/- 0) us 
Propose latency = 0.0 (+/- 0) us 
Write latency = 0.0 (+/- 0) us 
Accept latency = 0.0 (+/- 0) us 
Batch average size = NaN (+/- 0) requests
TOMMessage ByteCount = 61566429:108556
LCMessage ByteCount = 20:4
StandardSMMessage ByteCount = 412:22
ConsensusMessage ByteCount = 23282388:11984
--- Measurements after 60000 ops (1000 samples) ---
Throughput = 4739.3364 operations/sec (Maximum observed: 4739.3364 ops/sec)
Total latency = 9598066.97167 (+/- 0) us 
Consensus latency = 0.0 (+/- 0) us 
Pre-consensus latency = 0.0 (+/- 0) us 
Pos-consensus latency = -2.0851902712105374E12 (+/- 0) us 
Propose latency = 0.0 (+/- 0) us 
Write latency = 0.0 (+/- 0) us 
Accept latency = 0.0 (+/- 0) us 
Batch average size = NaN (+/- 0) requests
TOMMessage ByteCount = 61566429:108556
LCMessage ByteCount = 20:4
StandardSMMessage ByteCount = 412:22
ConsensusMessage ByteCount = 23674911:12215
--- Measurements after 61000 ops (1000 samples) ---
Throughput = 4629.6294 operations/sec (Maximum observed: 4739.3364 ops/sec)
Total latency = 9758674.297554001 (+/- 0) us 
Consensus latency = 0.0 (+/- 0) us 
Pre-consensus latency = 0.0 (+/- 0) us 
Pos-consensus latency = -2.0851900552562769E12 (+/- 0) us 
Propose latency = 0.0 (+/- 0) us 
Write latency = 0.0 (+/- 0) us 
Accept latency = 0.0 (+/- 0) us 
Batch average size = NaN (+/- 0) requests
TOMMessage ByteCount = 61566429:108556
LCMessage ByteCount = 20:4
StandardSMMessage ByteCount = 412:22
ConsensusMessage ByteCount = 24070926:12445
--- Measurements after 62000 ops (1000 samples) ---
Throughput = 4629.6294 operations/sec (Maximum observed: 4739.3364 ops/sec)
Total latency = 9918207.011641001 (+/- 0) us 
Consensus latency = 0.0 (+/- 0) us 
Pre-consensus latency = 0.0 (+/- 0) us 
Pos-consensus latency = -2.0851898422696743E12 (+/- 0) us 
Propose latency = 0.0 (+/- 0) us 
Write latency = 0.0 (+/- 0) us 
Accept latency = 0.0 (+/- 0) us 
Batch average size = NaN (+/- 0) requests
TOMMessage ByteCount = 61566429:108556
LCMessage ByteCount = 20:4
StandardSMMessage ByteCount = 412:22
ConsensusMessage ByteCount = 24464053:12688
--- Measurements after 63000 ops (1000 samples) ---
Throughput = 4761.905 operations/sec (Maximum observed: 4761.905 ops/sec)
Total latency = 1.0076715873606E7 (+/- 0) us 
Consensus latency = 0.0 (+/- 0) us 
Pre-consensus latency = 0.0 (+/- 0) us 
Pos-consensus latency = -2.0851896266794045E12 (+/- 0) us 
Propose latency = 0.0 (+/- 0) us 
Write latency = 0.0 (+/- 0) us 
Accept latency = 0.0 (+/- 0) us 
Batch average size = NaN (+/- 0) requests
TOMMessage ByteCount = 61566429:108556
LCMessage ByteCount = 25:5
StandardSMMessage ByteCount = 412:22
ConsensusMessage ByteCount = 24848814:12916
--- Measurements after 64000 ops (1000 samples) ---
Throughput = 4608.295 operations/sec (Maximum observed: 4761.905 ops/sec)
Total latency = 1.0234758510967E7 (+/- 0) us 
Consensus latency = 0.0 (+/- 0) us 
Pre-consensus latency = 0.0 (+/- 0) us 
Pos-consensus latency = -2.085189412677593E12 (+/- 0) us 
Propose latency = 0.0 (+/- 0) us 
Write latency = 0.0 (+/- 0) us 
Accept latency = 0.0 (+/- 0) us 
Batch average size = NaN (+/- 0) requests
TOMMessage ByteCount = 61566429:108556
LCMessage ByteCount = 25:5
StandardSMMessage ByteCount = 412:22
ConsensusMessage ByteCount = 25247744:13148
--- Measurements after 65000 ops (1000 samples) ---
Throughput = 4739.3364 operations/sec (Maximum observed: 4761.905 ops/sec)
Total latency = 1.0392625412941E7 (+/- 0) us 
Consensus latency = 0.0 (+/- 0) us 
Pre-consensus latency = 0.0 (+/- 0) us 
Pos-consensus latency = -2.0851891990472476E12 (+/- 0) us 
Propose latency = 0.0 (+/- 0) us 
Write latency = 0.0 (+/- 0) us 
Accept latency = 0.0 (+/- 0) us 
Batch average size = NaN (+/- 0) requests
TOMMessage ByteCount = 61566429:108556
LCMessage ByteCount = 25:5
StandardSMMessage ByteCount = 412:22
ConsensusMessage ByteCount = 25637300:13383
--- Measurements after 66000 ops (1000 samples) ---
Throughput = 4587.156 operations/sec (Maximum observed: 4761.905 ops/sec)
Total latency = 1.0554112402525999E7 (+/- 0) us 
Consensus latency = 0.0 (+/- 0) us 
Pre-consensus latency = 0.0 (+/- 0) us 
Pos-consensus latency = -2.0851889819076238E12 (+/- 0) us 
Propose latency = 0.0 (+/- 0) us 
Write latency = 0.0 (+/- 0) us 
Accept latency = 0.0 (+/- 0) us 
Batch average size = NaN (+/- 0) requests
TOMMessage ByteCount = 61566429:108556
LCMessage ByteCount = 25:5
StandardSMMessage ByteCount = 412:22
ConsensusMessage ByteCount = 26033031:13607
--- Measurements after 67000 ops (1000 samples) ---
Throughput = 4405.286 operations/sec (Maximum observed: 4761.905 ops/sec)
Total latency = 1.0716188341717E7 (+/- 0) us 
Consensus latency = 0.0 (+/- 0) us 
Pre-consensus latency = 0.0 (+/- 0) us 
Pos-consensus latency = -2.0851887654230168E12 (+/- 0) us 
Propose latency = 0.0 (+/- 0) us 
Write latency = 0.0 (+/- 0) us 
Accept latency = 0.0 (+/- 0) us 
Batch average size = NaN (+/- 0) requests
TOMMessage ByteCount = 61566429:108556
LCMessage ByteCount = 25:5
StandardSMMessage ByteCount = 412:22
ConsensusMessage ByteCount = 26450241:13836
--- Measurements after 68000 ops (1000 samples) ---
Throughput = 4784.689 operations/sec (Maximum observed: 4784.689 ops/sec)
Total latency = 1.0881150128240999E7 (+/- 0) us 
Consensus latency = 0.0 (+/- 0) us 
Pre-consensus latency = 0.0 (+/- 0) us 
Pos-consensus latency = -2.0851885437758447E12 (+/- 0) us 
Propose latency = 0.0 (+/- 0) us 
Write latency = 0.0 (+/- 0) us 
Accept latency = 0.0 (+/- 0) us 
Batch average size = NaN (+/- 0) requests
TOMMessage ByteCount = 61566429:108556
LCMessage ByteCount = 25:5
StandardSMMessage ByteCount = 412:22
ConsensusMessage ByteCount = 26828143:14056
--- Measurements after 69000 ops (1000 samples) ---
Throughput = 4629.6294 operations/sec (Maximum observed: 4784.689 ops/sec)
Total latency = 1.1037054689896E7 (+/- 0) us 
Consensus latency = 0.0 (+/- 0) us 
Pre-consensus latency = 0.0 (+/- 0) us 
Pos-consensus latency = -2.0851883309990715E12 (+/- 0) us 
Propose latency = 0.0 (+/- 0) us 
Write latency = 0.0 (+/- 0) us 
Accept latency = 0.0 (+/- 0) us 
Batch average size = NaN (+/- 0) requests
TOMMessage ByteCount = 61566429:108556
LCMessage ByteCount = 25:5
StandardSMMessage ByteCount = 412:22
ConsensusMessage ByteCount = 27225207:14282
--- Measurements after 70000 ops (1000 samples) ---
Throughput = 4761.905 operations/sec (Maximum observed: 4784.689 ops/sec)
Total latency = 1.1193826875909999E7 (+/- 0) us 
Consensus latency = 0.0 (+/- 0) us 
Pre-consensus latency = 0.0 (+/- 0) us 
Pos-consensus latency = -2.085188117662295E12 (+/- 0) us 
Propose latency = 0.0 (+/- 0) us 
Write latency = 0.0 (+/- 0) us 
Accept latency = 0.0 (+/- 0) us 
Batch average size = NaN (+/- 0) requests
TOMMessage ByteCount = 61566429:108556
LCMessage ByteCount = 25:5
StandardSMMessage ByteCount = 412:22
ConsensusMessage ByteCount = 27610525:14506
--- Measurements after 71000 ops (1000 samples) ---
Throughput = 4672.897 operations/sec (Maximum observed: 4784.689 ops/sec)
Total latency = 1.1351102289489001E7 (+/- 0) us 
Consensus latency = 0.0 (+/- 0) us 
Pre-consensus latency = 0.0 (+/- 0) us 
Pos-consensus latency = -2.0851879028204805E12 (+/- 0) us 
Propose latency = 0.0 (+/- 0) us 
Write latency = 0.0 (+/- 0) us 
Accept latency = 0.0 (+/- 0) us 
Batch average size = NaN (+/- 0) requests
TOMMessage ByteCount = 61566429:108556
LCMessage ByteCount = 25:5
StandardSMMessage ByteCount = 412:22
ConsensusMessage ByteCount = 28000602:14740
--- Measurements after 72000 ops (1000 samples) ---
Throughput = 4651.1626 operations/sec (Maximum observed: 4784.689 ops/sec)
Total latency = 1.1509239191031E7 (+/- 0) us 
Consensus latency = 0.0 (+/- 0) us 
Pre-consensus latency = 0.0 (+/- 0) us 
Pos-consensus latency = -2.08518769174121E12 (+/- 0) us 
Propose latency = 0.0 (+/- 0) us 
Write latency = 0.0 (+/- 0) us 
Accept latency = 0.0 (+/- 0) us 
Batch average size = NaN (+/- 0) requests
TOMMessage ByteCount = 61566429:108556
LCMessage ByteCount = 25:5
StandardSMMessage ByteCount = 412:22
ConsensusMessage ByteCount = 28402342:14970
--- Measurements after 73000 ops (1000 samples) ---
Throughput = 4807.6924 operations/sec (Maximum observed: 4807.6924 ops/sec)
Total latency = 1.1667094576429E7 (+/- 0) us 
Consensus latency = 0.0 (+/- 0) us 
Pre-consensus latency = 0.0 (+/- 0) us 
Pos-consensus latency = -2.085187478584891E12 (+/- 0) us 
Propose latency = 0.0 (+/- 0) us 
Write latency = 0.0 (+/- 0) us 
Accept latency = 0.0 (+/- 0) us 
Batch average size = NaN (+/- 0) requests
TOMMessage ByteCount = 61566429:108556
LCMessage ByteCount = 25:5
StandardSMMessage ByteCount = 412:22
ConsensusMessage ByteCount = 28787144:15203
--- Measurements after 74000 ops (1000 samples) ---
Throughput = 4608.295 operations/sec (Maximum observed: 4807.6924 ops/sec)
Total latency = 1.1826464030745002E7 (+/- 0) us 
Consensus latency = 0.0 (+/- 0) us 
Pre-consensus latency = 0.0 (+/- 0) us 
Pos-consensus latency = -2.0851872645259138E12 (+/- 0) us 
Propose latency = 0.0 (+/- 0) us 
Write latency = 0.0 (+/- 0) us 
Accept latency = 0.0 (+/- 0) us 
Batch average size = NaN (+/- 0) requests
TOMMessage ByteCount = 61566429:108556
LCMessage ByteCount = 25:5
StandardSMMessage ByteCount = 412:22
ConsensusMessage ByteCount = 29190294:15437
--- Measurements after 75000 ops (1000 samples) ---
Throughput = 4587.156 operations/sec (Maximum observed: 4807.6924 ops/sec)
Total latency = 1.1983491016036E7 (+/- 0) us 
Consensus latency = 0.0 (+/- 0) us 
Pre-consensus latency = 0.0 (+/- 0) us 
Pos-consensus latency = -2.0851870508444998E12 (+/- 0) us 
Propose latency = 0.0 (+/- 0) us 
Write latency = 0.0 (+/- 0) us 
Accept latency = 0.0 (+/- 0) us 
Batch average size = NaN (+/- 0) requests
TOMMessage ByteCount = 61566429:108556
LCMessage ByteCount = 25:5
StandardSMMessage ByteCount = 412:22
ConsensusMessage ByteCount = 29591646:15677
--- Measurements after 76000 ops (1000 samples) ---
Throughput = 4739.3364 operations/sec (Maximum observed: 4807.6924 ops/sec)
Total latency = 1.2144608447774999E7 (+/- 0) us 
Consensus latency = 0.0 (+/- 0) us 
Pre-consensus latency = 0.0 (+/- 0) us 
Pos-consensus latency = -2.085186833030124E12 (+/- 0) us 
Propose latency = 0.0 (+/- 0) us 
Write latency = 0.0 (+/- 0) us 
Accept latency = 0.0 (+/- 0) us 
Batch average size = NaN (+/- 0) requests
TOMMessage ByteCount = 61566429:108556
LCMessage ByteCount = 25:5
StandardSMMessage ByteCount = 412:22
ConsensusMessage ByteCount = 29978985:15921
--- Measurements after 77000 ops (1000 samples) ---
Throughput = 4608.295 operations/sec (Maximum observed: 4807.6924 ops/sec)
Total latency = 1.2303761928374E7 (+/- 0) us 
Consensus latency = 0.0 (+/- 0) us 
Pre-consensus latency = 0.0 (+/- 0) us 
Pos-consensus latency = -2.0851866189900122E12 (+/- 0) us 
Propose latency = 0.0 (+/- 0) us 
Write latency = 0.0 (+/- 0) us 
Accept latency = 0.0 (+/- 0) us 
Batch average size = NaN (+/- 0) requests
TOMMessage ByteCount = 61566429:108556
LCMessage ByteCount = 30:6
StandardSMMessage ByteCount = 412:22
ConsensusMessage ByteCount = 30380926:16157
--- Measurements after 78000 ops (1000 samples) ---
Throughput = 4784.689 operations/sec (Maximum observed: 4807.6924 ops/sec)
Total latency = 1.2460538525584E7 (+/- 0) us 
Consensus latency = 0.0 (+/- 0) us 
Pre-consensus latency = 0.0 (+/- 0) us 
Pos-consensus latency = -2.0851864056642698E12 (+/- 0) us 
Propose latency = 0.0 (+/- 0) us 
Write latency = 0.0 (+/- 0) us 
Accept latency = 0.0 (+/- 0) us 
Batch average size = NaN (+/- 0) requests
TOMMessage ByteCount = 61566429:108556
LCMessage ByteCount = 30:6
StandardSMMessage ByteCount = 412:22
ConsensusMessage ByteCount = 30761746:16387
-- Performing checkpoint for consensus 1023
--- Measurements after 79000 ops (1000 samples) ---
Throughput = 3861.004 operations/sec (Maximum observed: 4807.6924 ops/sec)
Total latency = 1.2620532017249001E7 (+/- 0) us 
Consensus latency = 0.0 (+/- 0) us 
Pre-consensus latency = 0.0 (+/- 0) us 
Pos-consensus latency = -2.0851861888387117E12 (+/- 0) us 
Propose latency = 0.0 (+/- 0) us 
Write latency = 0.0 (+/- 0) us 
Accept latency = 0.0 (+/- 0) us 
Batch average size = 127823.0 (+/- 0) requests
TOMMessage ByteCount = 61566429:108556
LCMessage ByteCount = 30:6
StandardSMMessage ByteCount = 412:22
ConsensusMessage ByteCount = 31232041:16658
--- Measurements after 80000 ops (1000 samples) ---
Throughput = 4629.6294 operations/sec (Maximum observed: 4807.6924 ops/sec)
Total latency = 1.2816763204224002E7 (+/- 0) us 
Consensus latency = 0.0 (+/- 0) us 
Pre-consensus latency = 0.0 (+/- 0) us 
Pos-consensus latency = -2.0851859354965664E12 (+/- 0) us 
Propose latency = 0.0 (+/- 0) us 
Write latency = 0.0 (+/- 0) us 
Accept latency = 0.0 (+/- 0) us 
Batch average size = NaN (+/- 0) requests
TOMMessage ByteCount = 61566429:108556
LCMessage ByteCount = 30:6
StandardSMMessage ByteCount = 412:22
ConsensusMessage ByteCount = 31627781:16869
--- Measurements after 81000 ops (1000 samples) ---
Throughput = 4761.905 operations/sec (Maximum observed: 4807.6924 ops/sec)
Total latency = 1.2974970173122E7 (+/- 0) us 
Consensus latency = 0.0 (+/- 0) us 
Pre-consensus latency = 0.0 (+/- 0) us 
Pos-consensus latency = -2.0851857213273557E12 (+/- 0) us 
Propose latency = 0.0 (+/- 0) us 
Write latency = 0.0 (+/- 0) us 
Accept latency = 0.0 (+/- 0) us 
Batch average size = NaN (+/- 0) requests
TOMMessage ByteCount = 61566429:108556
LCMessage ByteCount = 30:6
StandardSMMessage ByteCount = 412:22
ConsensusMessage ByteCount = 32010647:17092
--- Measurements after 82000 ops (1000 samples) ---
Throughput = 4629.6294 operations/sec (Maximum observed: 4807.6924 ops/sec)
Total latency = 1.3132972311567E7 (+/- 0) us 
Consensus latency = 0.0 (+/- 0) us 
Pre-consensus latency = 0.0 (+/- 0) us 
Pos-consensus latency = -2.0851855072024873E12 (+/- 0) us 
Propose latency = 0.0 (+/- 0) us 
Write latency = 0.0 (+/- 0) us 
Accept latency = 0.0 (+/- 0) us 
Batch average size = NaN (+/- 0) requests
TOMMessage ByteCount = 61566429:108556
LCMessage ByteCount = 30:6
StandardSMMessage ByteCount = 412:22
ConsensusMessage ByteCount = 32409538:17324
--- Measurements after 83000 ops (1000 samples) ---
Throughput = 4672.897 operations/sec (Maximum observed: 4807.6924 ops/sec)
Total latency = 1.328923258003E7 (+/- 0) us 
Consensus latency = 0.0 (+/- 0) us 
Pre-consensus latency = 0.0 (+/- 0) us 
Pos-consensus latency = -2.0851852950575833E12 (+/- 0) us 
Propose latency = 0.0 (+/- 0) us 
Write latency = 0.0 (+/- 0) us 
Accept latency = 0.0 (+/- 0) us 
Batch average size = NaN (+/- 0) requests
TOMMessage ByteCount = 61566429:108556
LCMessage ByteCount = 30:6
StandardSMMessage ByteCount = 412:22
ConsensusMessage ByteCount = 32803277:17551
--- Measurements after 84000 ops (1000 samples) ---
Throughput = 4807.6924 operations/sec (Maximum observed: 4807.6924 ops/sec)
Total latency = 1.3445996015304001E7 (+/- 0) us 
Consensus latency = 0.0 (+/- 0) us 
Pre-consensus latency = 0.0 (+/- 0) us 
Pos-consensus latency = -2.0851850811943032E12 (+/- 0) us 
Propose latency = 0.0 (+/- 0) us 
Write latency = 0.0 (+/- 0) us 
Accept latency = 0.0 (+/- 0) us 
Batch average size = NaN (+/- 0) requests
TOMMessage ByteCount = 61566429:108556
LCMessage ByteCount = 30:6
StandardSMMessage ByteCount = 412:22
ConsensusMessage ByteCount = 33179956:17776
--- Measurements after 85000 ops (1000 samples) ---
Throughput = 4651.1626 operations/sec (Maximum observed: 4807.6924 ops/sec)
Total latency = 1.3600651291617E7 (+/- 0) us 
Consensus latency = 0.0 (+/- 0) us 
Pre-consensus latency = 0.0 (+/- 0) us 
Pos-consensus latency = -2.0851848704236045E12 (+/- 0) us 
Propose latency = 0.0 (+/- 0) us 
Write latency = 0.0 (+/- 0) us 
Accept latency = 0.0 (+/- 0) us 
Batch average size = NaN (+/- 0) requests
TOMMessage ByteCount = 61566429:108556
LCMessage ByteCount = 30:6
StandardSMMessage ByteCount = 412:22
ConsensusMessage ByteCount = 33576876:18003
--- Measurements after 86000 ops (1000 samples) ---
Throughput = 4761.905 operations/sec (Maximum observed: 4807.6924 ops/sec)
Total latency = 1.3759658895423E7 (+/- 0) us 
Consensus latency = 0.0 (+/- 0) us 
Pre-consensus latency = 0.0 (+/- 0) us 
Pos-consensus latency = -2.0851846569907756E12 (+/- 0) us 
Propose latency = 0.0 (+/- 0) us 
Write latency = 0.0 (+/- 0) us 
Accept latency = 0.0 (+/- 0) us 
Batch average size = NaN (+/- 0) requests
TOMMessage ByteCount = 61566429:108556
LCMessage ByteCount = 35:7
StandardSMMessage ByteCount = 412:22
ConsensusMessage ByteCount = 33958938:18231
--- Measurements after 87000 ops (1000 samples) ---
Throughput = 4608.295 operations/sec (Maximum observed: 4807.6924 ops/sec)
Total latency = 1.3921184489197E7 (+/- 0) us 
Consensus latency = 0.0 (+/- 0) us 
Pre-consensus latency = 0.0 (+/- 0) us 
Pos-consensus latency = -2.085184440947468E12 (+/- 0) us 
Propose latency = 0.0 (+/- 0) us 
Write latency = 0.0 (+/- 0) us 
Accept latency = 0.0 (+/- 0) us 
Batch average size = NaN (+/- 0) requests
TOMMessage ByteCount = 61566429:108556
LCMessage ByteCount = 35:7
StandardSMMessage ByteCount = 412:22
ConsensusMessage ByteCount = 34354657:18468
--- Measurements after 88000 ops (1000 samples) ---
Throughput = 4651.1626 operations/sec (Maximum observed: 4807.6924 ops/sec)
Total latency = 1.4077699312539E7 (+/- 0) us 
Consensus latency = 0.0 (+/- 0) us 
Pre-consensus latency = 0.0 (+/- 0) us 
Pos-consensus latency = -2.0851842288204072E12 (+/- 0) us 
Propose latency = 0.0 (+/- 0) us 
Write latency = 0.0 (+/- 0) us 
Accept latency = 0.0 (+/- 0) us 
Batch average size = NaN (+/- 0) requests
TOMMessage ByteCount = 61566429:108556
LCMessage ByteCount = 35:7
StandardSMMessage ByteCount = 412:22
ConsensusMessage ByteCount = 34750055:18689
--- Measurements after 89000 ops (1000 samples) ---
Throughput = 4784.689 operations/sec (Maximum observed: 4807.6924 ops/sec)
Total latency = 1.4236918043490998E7 (+/- 0) us 
Consensus latency = 0.0 (+/- 0) us 
Pre-consensus latency = 0.0 (+/- 0) us 
Pos-consensus latency = -2.0851840141504167E12 (+/- 0) us 
Propose latency = 0.0 (+/- 0) us 
Write latency = 0.0 (+/- 0) us 
Accept latency = 0.0 (+/- 0) us 
Batch average size = NaN (+/- 0) requests
TOMMessage ByteCount = 61566429:108556
LCMessage ByteCount = 35:7
StandardSMMessage ByteCount = 412:22
ConsensusMessage ByteCount = 35132880:18924
--- Measurements after 90000 ops (1000 samples) ---
Throughput = 4608.295 operations/sec (Maximum observed: 4807.6924 ops/sec)
Total latency = 1.439496461353E7 (+/- 0) us 
Consensus latency = 0.0 (+/- 0) us 
Pre-consensus latency = 0.0 (+/- 0) us 
Pos-consensus latency = -2.0851838002116653E12 (+/- 0) us 
Propose latency = 0.0 (+/- 0) us 
Write latency = 0.0 (+/- 0) us 
Accept latency = 0.0 (+/- 0) us 
Batch average size = NaN (+/- 0) requests
TOMMessage ByteCount = 61566429:108556
LCMessage ByteCount = 35:7
StandardSMMessage ByteCount = 412:22
ConsensusMessage ByteCount = 35531314:19144
--- Measurements after 91000 ops (1000 samples) ---
Throughput = 4784.689 operations/sec (Maximum observed: 4807.6924 ops/sec)
Total latency = 1.455003807518E7 (+/- 0) us 
Consensus latency = 0.0 (+/- 0) us 
Pre-consensus latency = 0.0 (+/- 0) us 
Pos-consensus latency = -2.0851835877050007E12 (+/- 0) us 
Propose latency = 0.0 (+/- 0) us 
Write latency = 0.0 (+/- 0) us 
Accept latency = 0.0 (+/- 0) us 
Batch average size = NaN (+/- 0) requests
TOMMessage ByteCount = 61566429:108556
LCMessage ByteCount = 35:7
StandardSMMessage ByteCount = 412:22
ConsensusMessage ByteCount = 35920004:19371
--- Measurements after 92000 ops (1000 samples) ---
Throughput = 4587.156 operations/sec (Maximum observed: 4807.6924 ops/sec)
Total latency = 1.4712414652437E7 (+/- 0) us 
Consensus latency = 0.0 (+/- 0) us 
Pre-consensus latency = 0.0 (+/- 0) us 
Pos-consensus latency = -2.0851833694221228E12 (+/- 0) us 
Propose latency = 0.0 (+/- 0) us 
Write latency = 0.0 (+/- 0) us 
Accept latency = 0.0 (+/- 0) us 
Batch average size = NaN (+/- 0) requests
TOMMessage ByteCount = 61566429:108556
LCMessage ByteCount = 35:7
StandardSMMessage ByteCount = 412:22
ConsensusMessage ByteCount = 36319403:19600
--- Measurements after 93000 ops (1000 samples) ---
Throughput = 4651.1626 operations/sec (Maximum observed: 4807.6924 ops/sec)
Total latency = 1.4869442930818E7 (+/- 0) us 
Consensus latency = 0.0 (+/- 0) us 
Pre-consensus latency = 0.0 (+/- 0) us 
Pos-consensus latency = -2.085183157360538E12 (+/- 0) us 
Propose latency = 0.0 (+/- 0) us 
Write latency = 0.0 (+/- 0) us 
Accept latency = 0.0 (+/- 0) us 
Batch average size = NaN (+/- 0) requests
TOMMessage ByteCount = 61566429:108556
LCMessage ByteCount = 35:7
StandardSMMessage ByteCount = 412:22
ConsensusMessage ByteCount = 36715687:19827
--- Measurements after 94000 ops (1000 samples) ---
Throughput = 4807.6924 operations/sec (Maximum observed: 4807.6924 ops/sec)
Total latency = 1.502769781176E7 (+/- 0) us 
Consensus latency = 0.0 (+/- 0) us 
Pre-consensus latency = 0.0 (+/- 0) us 
Pos-consensus latency = -2.0851829444701157E12 (+/- 0) us 
Propose latency = 0.0 (+/- 0) us 
Write latency = 0.0 (+/- 0) us 
Accept latency = 0.0 (+/- 0) us 
Batch average size = NaN (+/- 0) requests
TOMMessage ByteCount = 61566429:108556
LCMessage ByteCount = 35:7
StandardSMMessage ByteCount = 412:22
ConsensusMessage ByteCount = 37098489:20056
--- Measurements after 95000 ops (1000 samples) ---
Throughput = 4672.897 operations/sec (Maximum observed: 4807.6924 ops/sec)
Total latency = 1.5184769610694E7 (+/- 0) us 
Consensus latency = 0.0 (+/- 0) us 
Pre-consensus latency = 0.0 (+/- 0) us 
Pos-consensus latency = -2.0851827322200146E12 (+/- 0) us 
Propose latency = 0.0 (+/- 0) us 
Write latency = 0.0 (+/- 0) us 
Accept latency = 0.0 (+/- 0) us 
Batch average size = NaN (+/- 0) requests
TOMMessage ByteCount = 61566429:108556
LCMessage ByteCount = 35:7
StandardSMMessage ByteCount = 412:22
ConsensusMessage ByteCount = 37495419:20291
--- Measurements after 96000 ops (1000 samples) ---
Throughput = 4629.6294 operations/sec (Maximum observed: 4807.6924 ops/sec)
Total latency = 1.5340067625715E7 (+/- 0) us 
Consensus latency = 0.0 (+/- 0) us 
Pre-consensus latency = 0.0 (+/- 0) us 
Pos-consensus latency = -2.085182521695928E12 (+/- 0) us 
Propose latency = 0.0 (+/- 0) us 
Write latency = 0.0 (+/- 0) us 
Accept latency = 0.0 (+/- 0) us 
Batch average size = NaN (+/- 0) requests
TOMMessage ByteCount = 61566429:108556
LCMessage ByteCount = 40:8
StandardSMMessage ByteCount = 412:22
ConsensusMessage ByteCount = 37894629:20529
--- Measurements after 97000 ops (1000 samples) ---
Throughput = 4784.689 operations/sec (Maximum observed: 4807.6924 ops/sec)
Total latency = 1.5500773345333999E7 (+/- 0) us 
Consensus latency = 0.0 (+/- 0) us 
Pre-consensus latency = 0.0 (+/- 0) us 
Pos-consensus latency = -2.085182305990486E12 (+/- 0) us 
Propose latency = 0.0 (+/- 0) us 
Write latency = 0.0 (+/- 0) us 
Accept latency = 0.0 (+/- 0) us 
Batch average size = NaN (+/- 0) requests
TOMMessage ByteCount = 61566429:108556
LCMessage ByteCount = 40:8
StandardSMMessage ByteCount = 412:22
ConsensusMessage ByteCount = 38277766:20769
--- Measurements after 98000 ops (1000 samples) ---
Throughput = 4651.1626 operations/sec (Maximum observed: 4807.6924 ops/sec)
Total latency = 1.5656648197796E7 (+/- 0) us 
Consensus latency = 0.0 (+/- 0) us 
Pre-consensus latency = 0.0 (+/- 0) us 
Pos-consensus latency = -2.0851820942923987E12 (+/- 0) us 
Propose latency = 0.0 (+/- 0) us 
Write latency = 0.0 (+/- 0) us 
Accept latency = 0.0 (+/- 0) us 
Batch average size = NaN (+/- 0) requests
TOMMessage ByteCount = 61566429:108556
LCMessage ByteCount = 40:8
StandardSMMessage ByteCount = 412:22
ConsensusMessage ByteCount = 38672898:21013
--- Measurements after 99000 ops (1000 samples) ---
Throughput = 4807.6924 operations/sec (Maximum observed: 4807.6924 ops/sec)
Total latency = 1.5813118271156E7 (+/- 0) us 
Consensus latency = 0.0 (+/- 0) us 
Pre-consensus latency = 0.0 (+/- 0) us 
Pos-consensus latency = -2.0851818824427036E12 (+/- 0) us 
Propose latency = 0.0 (+/- 0) us 
Write latency = 0.0 (+/- 0) us 
Accept latency = 0.0 (+/- 0) us 
Batch average size = NaN (+/- 0) requests
TOMMessage ByteCount = 61566429:108556
LCMessage ByteCount = 40:8
StandardSMMessage ByteCount = 412:22
ConsensusMessage ByteCount = 39057298:21253
--- Measurements after 100000 ops (1000 samples) ---
Throughput = 4629.6294 operations/sec (Maximum observed: 4807.6924 ops/sec)
Total latency = 1.5970977947184E7 (+/- 0) us 
Consensus latency = 0.0 (+/- 0) us 
Pre-consensus latency = 0.0 (+/- 0) us 
Pos-consensus latency = -2.0851816680372415E12 (+/- 0) us 
Propose latency = 0.0 (+/- 0) us 
Write latency = 0.0 (+/- 0) us 
Accept latency = 0.0 (+/- 0) us 
Batch average size = NaN (+/- 0) requests
TOMMessage ByteCount = 61566429:108556
LCMessage ByteCount = 40:8
StandardSMMessage ByteCount = 412:22
ConsensusMessage ByteCount = 39449196:21484
--- Measurements after 101000 ops (1000 samples) ---
Throughput = 4651.1626 operations/sec (Maximum observed: 4807.6924 ops/sec)
Total latency = 1.6126367717147E7 (+/- 0) us 
Consensus latency = 0.0 (+/- 0) us 
Pre-consensus latency = 0.0 (+/- 0) us 
Pos-consensus latency = -2.0851814568835845E12 (+/- 0) us 
Propose latency = 0.0 (+/- 0) us 
Write latency = 0.0 (+/- 0) us 
Accept latency = 0.0 (+/- 0) us 
Batch average size = NaN (+/- 0) requests
TOMMessage ByteCount = 61566429:108556
LCMessage ByteCount = 40:8
StandardSMMessage ByteCount = 412:22
ConsensusMessage ByteCount = 39847426:21716
--- Measurements after 102000 ops (1000 samples) ---
Throughput = 4807.6924 operations/sec (Maximum observed: 4807.6924 ops/sec)
Total latency = 1.628399196133E7 (+/- 0) us 
Consensus latency = 0.0 (+/- 0) us 
Pre-consensus latency = 0.0 (+/- 0) us 
Pos-consensus latency = -2.0851812435756248E12 (+/- 0) us 
Propose latency = 0.0 (+/- 0) us 
Write latency = 0.0 (+/- 0) us 
Accept latency = 0.0 (+/- 0) us 
Batch average size = NaN (+/- 0) requests
TOMMessage ByteCount = 61566429:108556
LCMessage ByteCount = 40:8
StandardSMMessage ByteCount = 412:22
ConsensusMessage ByteCount = 40229983:21956
--- Measurements after 103000 ops (1000 samples) ---
Throughput = 4608.295 operations/sec (Maximum observed: 4807.6924 ops/sec)
Total latency = 1.6442816590024E7 (+/- 0) us 
Consensus latency = 0.0 (+/- 0) us 
Pre-consensus latency = 0.0 (+/- 0) us 
Pos-consensus latency = -2.085181029931881E12 (+/- 0) us 
Propose latency = 0.0 (+/- 0) us 
Write latency = 0.0 (+/- 0) us 
Accept latency = 0.0 (+/- 0) us 
Batch average size = NaN (+/- 0) requests
TOMMessage ByteCount = 61566429:108556
LCMessage ByteCount = 40:8
StandardSMMessage ByteCount = 412:22
ConsensusMessage ByteCount = 40629853:22191
--- Measurements after 104000 ops (1000 samples) ---
Throughput = 4629.6294 operations/sec (Maximum observed: 4807.6924 ops/sec)
Total latency = 1.6600020505993E7 (+/- 0) us 
Consensus latency = 0.0 (+/- 0) us 
Pre-consensus latency = 0.0 (+/- 0) us 
Pos-consensus latency = -2.0851808174603262E12 (+/- 0) us 
Propose latency = 0.0 (+/- 0) us 
Write latency = 0.0 (+/- 0) us 
Accept latency = 0.0 (+/- 0) us 
Batch average size = NaN (+/- 0) requests
TOMMessage ByteCount = 61566429:108556
LCMessage ByteCount = 40:8
StandardSMMessage ByteCount = 412:22
ConsensusMessage ByteCount = 41026393:22419
--- Measurements after 105000 ops (1000 samples) ---
Throughput = 4784.689 operations/sec (Maximum observed: 4807.6924 ops/sec)
Total latency = 1.6759953489827E7 (+/- 0) us 
Consensus latency = 0.0 (+/- 0) us 
Pre-consensus latency = 0.0 (+/- 0) us 
Pos-consensus latency = -2.0851806011045059E12 (+/- 0) us 
Propose latency = 0.0 (+/- 0) us 
Write latency = 0.0 (+/- 0) us 
Accept latency = 0.0 (+/- 0) us 
Batch average size = NaN (+/- 0) requests
TOMMessage ByteCount = 61566429:108556
LCMessage ByteCount = 45:9
StandardSMMessage ByteCount = 412:22
ConsensusMessage ByteCount = 41421442:22649
--- Measurements after 106000 ops (1000 samples) ---
Throughput = 4651.1626 operations/sec (Maximum observed: 4807.6924 ops/sec)
Total latency = 1.6915787046092E7 (+/- 0) us 
Consensus latency = 0.0 (+/- 0) us 
Pre-consensus latency = 0.0 (+/- 0) us 
Pos-consensus latency = -2.085180388940255E12 (+/- 0) us 
Propose latency = 0.0 (+/- 0) us 
Write latency = 0.0 (+/- 0) us 
Accept latency = 0.0 (+/- 0) us 
Batch average size = NaN (+/- 0) requests
TOMMessage ByteCount = 61566429:108556
LCMessage ByteCount = 45:9
StandardSMMessage ByteCount = 412:22
ConsensusMessage ByteCount = 41818483:22883
--- Measurements after 107000 ops (1000 samples) ---
Throughput = 4830.918 operations/sec (Maximum observed: 4830.918 ops/sec)
Total latency = 1.7072385056821E7 (+/- 0) us 
Consensus latency = 0.0 (+/- 0) us 
Pre-consensus latency = 0.0 (+/- 0) us 
Pos-consensus latency = -2.08518017701415E12 (+/- 0) us 
Propose latency = 0.0 (+/- 0) us 
Write latency = 0.0 (+/- 0) us 
Accept latency = 0.0 (+/- 0) us 
Batch average size = NaN (+/- 0) requests
TOMMessage ByteCount = 61566429:108556
LCMessage ByteCount = 45:9
StandardSMMessage ByteCount = 412:22
ConsensusMessage ByteCount = 42197835:23112
--- Measurements after 108000 ops (1000 samples) ---
Throughput = 4672.897 operations/sec (Maximum observed: 4830.918 ops/sec)
Total latency = 1.7230031611194E7 (+/- 0) us 
Consensus latency = 0.0 (+/- 0) us 
Pre-consensus latency = 0.0 (+/- 0) us 
Pos-consensus latency = -2.0851799633938333E12 (+/- 0) us 
Propose latency = 0.0 (+/- 0) us 
Write latency = 0.0 (+/- 0) us 
Accept latency = 0.0 (+/- 0) us 
Batch average size = NaN (+/- 0) requests
TOMMessage ByteCount = 61566429:108556
LCMessage ByteCount = 45:9
StandardSMMessage ByteCount = 412:22
ConsensusMessage ByteCount = 42601492:23343
--- Measurements after 109000 ops (1000 samples) ---
Throughput = 4651.1626 operations/sec (Maximum observed: 4830.918 ops/sec)
Total latency = 1.7383512042044997E7 (+/- 0) us 
Consensus latency = 0.0 (+/- 0) us 
Pre-consensus latency = 0.0 (+/- 0) us 
Pos-consensus latency = -2.0851797527018047E12 (+/- 0) us 
Propose latency = 0.0 (+/- 0) us 
Write latency = 0.0 (+/- 0) us 
Accept latency = 0.0 (+/- 0) us 
Batch average size = NaN (+/- 0) requests
TOMMessage ByteCount = 61566429:108556
LCMessage ByteCount = 45:9
StandardSMMessage ByteCount = 412:22
ConsensusMessage ByteCount = 42995474:23561
--- Measurements after 110000 ops (1000 samples) ---
Throughput = 4807.6924 operations/sec (Maximum observed: 4830.918 ops/sec)
Total latency = 1.7541300075736E7 (+/- 0) us 
Consensus latency = 0.0 (+/- 0) us 
Pre-consensus latency = 0.0 (+/- 0) us 
Pos-consensus latency = -2.085179539114434E12 (+/- 0) us 
Propose latency = 0.0 (+/- 0) us 
Write latency = 0.0 (+/- 0) us 
Accept latency = 0.0 (+/- 0) us 
Batch average size = NaN (+/- 0) requests
TOMMessage ByteCount = 61566429:108556
LCMessage ByteCount = 45:9
StandardSMMessage ByteCount = 412:22
ConsensusMessage ByteCount = 43376790:23789
--- Measurements after 111000 ops (1000 samples) ---
Throughput = 4672.897 operations/sec (Maximum observed: 4830.918 ops/sec)
Total latency = 1.7698046768744998E7 (+/- 0) us 
Consensus latency = 0.0 (+/- 0) us 
Pre-consensus latency = 0.0 (+/- 0) us 
Pos-consensus latency = -2.0851793271147957E12 (+/- 0) us 
Propose latency = 0.0 (+/- 0) us 
Write latency = 0.0 (+/- 0) us 
Accept latency = 0.0 (+/- 0) us 
Batch average size = NaN (+/- 0) requests
TOMMessage ByteCount = 61566429:108556
LCMessage ByteCount = 45:9
StandardSMMessage ByteCount = 412:22
ConsensusMessage ByteCount = 43768008:24012
--- Measurements after 112000 ops (1000 samples) ---
Throughput = 4807.6924 operations/sec (Maximum observed: 4830.918 ops/sec)
Total latency = 1.7853605971451E7 (+/- 0) us 
Consensus latency = 0.0 (+/- 0) us 
Pre-consensus latency = 0.0 (+/- 0) us 
Pos-consensus latency = -2.0851791154514653E12 (+/- 0) us 
Propose latency = 0.0 (+/- 0) us 
Write latency = 0.0 (+/- 0) us 
Accept latency = 0.0 (+/- 0) us 
Batch average size = NaN (+/- 0) requests
TOMMessage ByteCount = 61566429:108556
LCMessage ByteCount = 45:9
StandardSMMessage ByteCount = 412:22
ConsensusMessage ByteCount = 44151734:24255
--- Measurements after 113000 ops (1000 samples) ---
Throughput = 4629.6294 operations/sec (Maximum observed: 4830.918 ops/sec)
Total latency = 1.80133306366E7 (+/- 0) us 
Consensus latency = 0.0 (+/- 0) us 
Pre-consensus latency = 0.0 (+/- 0) us 
Pos-consensus latency = -2.0851788996735376E12 (+/- 0) us 
Propose latency = 0.0 (+/- 0) us 
Write latency = 0.0 (+/- 0) us 
Accept latency = 0.0 (+/- 0) us 
Batch average size = NaN (+/- 0) requests
TOMMessage ByteCount = 61566429:108556
LCMessage ByteCount = 45:9
StandardSMMessage ByteCount = 412:22
ConsensusMessage ByteCount = 44550384:24473
--- Measurements after 114000 ops (1000 samples) ---
Throughput = 4651.1626 operations/sec (Maximum observed: 4830.918 ops/sec)
Total latency = 1.8168304837331E7 (+/- 0) us 
Consensus latency = 0.0 (+/- 0) us 
Pre-consensus latency = 0.0 (+/- 0) us 
Pos-consensus latency = -2.0851786876145688E12 (+/- 0) us 
Propose latency = 0.0 (+/- 0) us 
Write latency = 0.0 (+/- 0) us 
Accept latency = 0.0 (+/- 0) us 
Batch average size = NaN (+/- 0) requests
TOMMessage ByteCount = 61566429:108556
LCMessage ByteCount = 50:10
StandardSMMessage ByteCount = 412:22
ConsensusMessage ByteCount = 44943886:24696
--- Measurements after 115000 ops (1000 samples) ---
Throughput = 4807.6924 operations/sec (Maximum observed: 4830.918 ops/sec)
Total latency = 1.8321822521509E7 (+/- 0) us 
Consensus latency = 0.0 (+/- 0) us 
Pre-consensus latency = 0.0 (+/- 0) us 
Pos-consensus latency = -2.0851784742437747E12 (+/- 0) us 
Propose latency = 0.0 (+/- 0) us 
Write latency = 0.0 (+/- 0) us 
Accept latency = 0.0 (+/- 0) us 
Batch average size = NaN (+/- 0) requests
TOMMessage ByteCount = 61566429:108556
LCMessage ByteCount = 50:10
StandardSMMessage ByteCount = 412:22
ConsensusMessage ByteCount = 45324847:24927
--- Measurements after 116000 ops (1000 samples) ---
Throughput = 4672.897 operations/sec (Maximum observed: 4830.918 ops/sec)
Total latency = 1.8480755521679E7 (+/- 0) us 
Consensus latency = 0.0 (+/- 0) us 
Pre-consensus latency = 0.0 (+/- 0) us 
Pos-consensus latency = -2.0851782605254204E12 (+/- 0) us 
Propose latency = 0.0 (+/- 0) us 
Write latency = 0.0 (+/- 0) us 
Accept latency = 0.0 (+/- 0) us 
Batch average size = NaN (+/- 0) requests
TOMMessage ByteCount = 61566429:108556
LCMessage ByteCount = 50:10
StandardSMMessage ByteCount = 412:22
ConsensusMessage ByteCount = 45713515:25152
--- Measurements after 117000 ops (1000 samples) ---
Throughput = 4651.1626 operations/sec (Maximum observed: 4830.918 ops/sec)
Total latency = 1.863628468982E7 (+/- 0) us 
Consensus latency = 0.0 (+/- 0) us 
Pre-consensus latency = 0.0 (+/- 0) us 
Pos-consensus latency = -2.085178049469348E12 (+/- 0) us 
Propose latency = 0.0 (+/- 0) us 
Write latency = 0.0 (+/- 0) us 
Accept latency = 0.0 (+/- 0) us 
Batch average size = NaN (+/- 0) requests
TOMMessage ByteCount = 61566429:108556
LCMessage ByteCount = 50:10
StandardSMMessage ByteCount = 412:22
ConsensusMessage ByteCount = 46114873:25388
--- Measurements after 118000 ops (1000 samples) ---
Throughput = 4761.905 operations/sec (Maximum observed: 4830.918 ops/sec)
Total latency = 1.8795679860811003E7 (+/- 0) us 
Consensus latency = 0.0 (+/- 0) us 
Pre-consensus latency = 0.0 (+/- 0) us 
Pos-consensus latency = -2.0851778343361733E12 (+/- 0) us 
Propose latency = 0.0 (+/- 0) us 
Write latency = 0.0 (+/- 0) us 
Accept latency = 0.0 (+/- 0) us 
Batch average size = NaN (+/- 0) requests
TOMMessage ByteCount = 61566429:108556
LCMessage ByteCount = 50:10
StandardSMMessage ByteCount = 412:22
ConsensusMessage ByteCount = 46502923:25631
--- Measurements after 119000 ops (1000 samples) ---
Throughput = 4608.295 operations/sec (Maximum observed: 4830.918 ops/sec)
Total latency = 1.8955430968137E7 (+/- 0) us 
Consensus latency = 0.0 (+/- 0) us 
Pre-consensus latency = 0.0 (+/- 0) us 
Pos-consensus latency = -2.085177619487625E12 (+/- 0) us 
Propose latency = 0.0 (+/- 0) us 
Write latency = 0.0 (+/- 0) us 
Accept latency = 0.0 (+/- 0) us 
Batch average size = NaN (+/- 0) requests
TOMMessage ByteCount = 61566429:108556
LCMessage ByteCount = 50:10
StandardSMMessage ByteCount = 412:22
ConsensusMessage ByteCount = 46885970:25863
--- Measurements after 120000 ops (1000 samples) ---
Throughput = 4608.295 operations/sec (Maximum observed: 4830.918 ops/sec)
Total latency = 1.9113747773474E7 (+/- 0) us 
Consensus latency = 0.0 (+/- 0) us 
Pre-consensus latency = 0.0 (+/- 0) us 
Pos-consensus latency = -2.0851774054638882E12 (+/- 0) us 
Propose latency = 0.0 (+/- 0) us 
Write latency = 0.0 (+/- 0) us 
Accept latency = 0.0 (+/- 0) us 
Batch average size = NaN (+/- 0) requests
TOMMessage ByteCount = 61566429:108556
LCMessage ByteCount = 50:10
StandardSMMessage ByteCount = 412:22
ConsensusMessage ByteCount = 47283641:26104
--- Measurements after 121000 ops (1000 samples) ---
Throughput = 4784.689 operations/sec (Maximum observed: 4830.918 ops/sec)
Total latency = 1.9275252030272E7 (+/- 0) us 
Consensus latency = 0.0 (+/- 0) us 
Pre-consensus latency = 0.0 (+/- 0) us 
Pos-consensus latency = -2.0851771894235305E12 (+/- 0) us 
Propose latency = 0.0 (+/- 0) us 
Write latency = 0.0 (+/- 0) us 
Accept latency = 0.0 (+/- 0) us 
Batch average size = NaN (+/- 0) requests
TOMMessage ByteCount = 61566429:108556
LCMessage ByteCount = 50:10
StandardSMMessage ByteCount = 412:22
ConsensusMessage ByteCount = 47668985:26336
--- Measurements after 122000 ops (1000 samples) ---
Throughput = 4651.1626 operations/sec (Maximum observed: 4830.918 ops/sec)
Total latency = 1.9432241177839E7 (+/- 0) us 
Consensus latency = 0.0 (+/- 0) us 
Pre-consensus latency = 0.0 (+/- 0) us 
Pos-consensus latency = -2.0851769767013948E12 (+/- 0) us 
Propose latency = 0.0 (+/- 0) us 
Write latency = 0.0 (+/- 0) us 
Accept latency = 0.0 (+/- 0) us 
Batch average size = NaN (+/- 0) requests
TOMMessage ByteCount = 61566429:108556
LCMessage ByteCount = 50:10
StandardSMMessage ByteCount = 412:22
ConsensusMessage ByteCount = 48064592:26567
--- Measurements after 123000 ops (1000 samples) ---
Throughput = 4608.295 operations/sec (Maximum observed: 4830.918 ops/sec)
Total latency = 1.9588523339485E7 (+/- 0) us 
Consensus latency = 0.0 (+/- 0) us 
Pre-consensus latency = 0.0 (+/- 0) us 
Pos-consensus latency = -2.0851767645760237E12 (+/- 0) us 
Propose latency = 0.0 (+/- 0) us 
Write latency = 0.0 (+/- 0) us 
Accept latency = 0.0 (+/- 0) us 
Batch average size = NaN (+/- 0) requests
TOMMessage ByteCount = 61566429:108556
LCMessage ByteCount = 50:10
StandardSMMessage ByteCount = 412:22
ConsensusMessage ByteCount = 48463937:26797
--- Measurements after 124000 ops (1000 samples) ---
Throughput = 4784.689 operations/sec (Maximum observed: 4830.918 ops/sec)
Total latency = 1.9749628130692E7 (+/- 0) us 
Consensus latency = 0.0 (+/- 0) us 
Pre-consensus latency = 0.0 (+/- 0) us 
Pos-consensus latency = -2.0851765477499705E12 (+/- 0) us 
Propose latency = 0.0 (+/- 0) us 
Write latency = 0.0 (+/- 0) us 
Accept latency = 0.0 (+/- 0) us 
Batch average size = NaN (+/- 0) requests
TOMMessage ByteCount = 61566429:108556
LCMessage ByteCount = 50:10
StandardSMMessage ByteCount = 412:22
ConsensusMessage ByteCount = 48844044:27024
--- Measurements after 125000 ops (1000 samples) ---
Throughput = 4629.6294 operations/sec (Maximum observed: 4830.918 ops/sec)
Total latency = 1.9905130812471002E7 (+/- 0) us 
Consensus latency = 0.0 (+/- 0) us 
Pre-consensus latency = 0.0 (+/- 0) us 
Pos-consensus latency = -2.085176334812278E12 (+/- 0) us 
Propose latency = 0.0 (+/- 0) us 
Write latency = 0.0 (+/- 0) us 
Accept latency = 0.0 (+/- 0) us 
Batch average size = NaN (+/- 0) requests
TOMMessage ByteCount = 61566429:108556
LCMessage ByteCount = 50:10
StandardSMMessage ByteCount = 412:22
ConsensusMessage ByteCount = 49237047:27248
--- Measurements after 126000 ops (1000 samples) ---
Throughput = 4629.6294 operations/sec (Maximum observed: 4830.918 ops/sec)
Total latency = 2.006343012379E7 (+/- 0) us 
Consensus latency = 0.0 (+/- 0) us 
Pre-consensus latency = 0.0 (+/- 0) us 
Pos-consensus latency = -2.085176122336077E12 (+/- 0) us 
Propose latency = 0.0 (+/- 0) us 
Write latency = 0.0 (+/- 0) us 
Accept latency = 0.0 (+/- 0) us 
Batch average size = NaN (+/- 0) requests
TOMMessage ByteCount = 61566429:108556
LCMessage ByteCount = 50:10
StandardSMMessage ByteCount = 412:22
ConsensusMessage ByteCount = 49635754:27484
--- Measurements after 127000 ops (1000 samples) ---
Throughput = 4784.689 operations/sec (Maximum observed: 4830.918 ops/sec)
Total latency = 2.0223861041803002E7 (+/- 0) us 
Consensus latency = 0.0 (+/- 0) us 
Pre-consensus latency = 0.0 (+/- 0) us 
Pos-consensus latency = -2.08517590608612E12 (+/- 0) us 
Propose latency = 0.0 (+/- 0) us 
Write latency = 0.0 (+/- 0) us 
Accept latency = 0.0 (+/- 0) us 
Batch average size = NaN (+/- 0) requests
TOMMessage ByteCount = 61566429:108556
LCMessage ByteCount = 50:10
StandardSMMessage ByteCount = 412:22
ConsensusMessage ByteCount = 50017792:27724
--- Measurements after 128000 ops (1000 samples) ---
Throughput = 4587.156 operations/sec (Maximum observed: 4830.918 ops/sec)
Total latency = 2.0382752223154E7 (+/- 0) us 
Consensus latency = 0.0 (+/- 0) us 
Pre-consensus latency = 0.0 (+/- 0) us 
Pos-consensus latency = -2.0851756924442778E12 (+/- 0) us 
Propose latency = 0.0 (+/- 0) us 
Write latency = 0.0 (+/- 0) us 
Accept latency = 0.0 (+/- 0) us 
Batch average size = NaN (+/- 0) requests
TOMMessage ByteCount = 61566429:108556
LCMessage ByteCount = 50:10
StandardSMMessage ByteCount = 412:22
ConsensusMessage ByteCount = 50417275:27953
--- Measurements after 129000 ops (1000 samples) ---
Throughput = 4566.21 operations/sec (Maximum observed: 4830.918 ops/sec)
Total latency = 2.0541379332606997E7 (+/- 0) us 
Consensus latency = 0.0 (+/- 0) us 
Pre-consensus latency = 0.0 (+/- 0) us 
Pos-consensus latency = -2.085175477683004E12 (+/- 0) us 
Propose latency = 0.0 (+/- 0) us 
Write latency = 0.0 (+/- 0) us 
Accept latency = 0.0 (+/- 0) us 
Batch average size = NaN (+/- 0) requests
TOMMessage ByteCount = 61566429:108556
LCMessage ByteCount = 55:11
StandardSMMessage ByteCount = 412:22
ConsensusMessage ByteCount = 50758315:28193
--- Measurements after 130000 ops (1000 samples) ---
Throughput = 4784.689 operations/sec (Maximum observed: 4830.918 ops/sec)
Total latency = 2.0701035067617E7 (+/- 0) us 
Consensus latency = 0.0 (+/- 0) us 
Pre-consensus latency = 0.0 (+/- 0) us 
Pos-consensus latency = -2.0851752596330999E12 (+/- 0) us 
Propose latency = 0.0 (+/- 0) us 
Write latency = 0.0 (+/- 0) us 
Accept latency = 0.0 (+/- 0) us 
Batch average size = NaN (+/- 0) requests
TOMMessage ByteCount = 61566429:108556
LCMessage ByteCount = 55:11
StandardSMMessage ByteCount = 412:22
ConsensusMessage ByteCount = 50984197:28453
--- Measurements after 131000 ops (1000 samples) ---
Throughput = 4651.1626 operations/sec (Maximum observed: 4830.918 ops/sec)
Total latency = 2.0857559936573002E7 (+/- 0) us 
Consensus latency = 0.0 (+/- 0) us 
Pre-consensus latency = 0.0 (+/- 0) us 
Pos-consensus latency = -2.0851750479257124E12 (+/- 0) us 
Propose latency = 0.0 (+/- 0) us 
Write latency = 0.0 (+/- 0) us 
Accept latency = 0.0 (+/- 0) us 
Batch average size = NaN (+/- 0) requests
TOMMessage ByteCount = 61566429:108556
LCMessage ByteCount = 55:11
StandardSMMessage ByteCount = 412:22
ConsensusMessage ByteCount = 51067538:28732
--- Measurements after 132000 ops (1000 samples) ---
Throughput = 4807.6924 operations/sec (Maximum observed: 4830.918 ops/sec)
Total latency = 2.1012612260626998E7 (+/- 0) us 
Consensus latency = 0.0 (+/- 0) us 
Pre-consensus latency = 0.0 (+/- 0) us 
Pos-consensus latency = -2.0851748360303196E12 (+/- 0) us 
Propose latency = 0.0 (+/- 0) us 
Write latency = 0.0 (+/- 0) us 
Accept latency = 0.0 (+/- 0) us 
Batch average size = NaN (+/- 0) requests
TOMMessage ByteCount = 61566429:108556
LCMessage ByteCount = 55:11
StandardSMMessage ByteCount = 412:22
ConsensusMessage ByteCount = 51108586:28996
--- Measurements after 133000 ops (1000 samples) ---
Throughput = 4672.897 operations/sec (Maximum observed: 4830.918 ops/sec)
Total latency = 2.1169998870437E7 (+/- 0) us 
Consensus latency = 0.0 (+/- 0) us 
Pre-consensus latency = 0.0 (+/- 0) us 
Pos-consensus latency = -2.085174622833748E12 (+/- 0) us 
Propose latency = 0.0 (+/- 0) us 
Write latency = 0.0 (+/- 0) us 
Accept latency = 0.0 (+/- 0) us 
Batch average size = NaN (+/- 0) requests
TOMMessage ByteCount = 61566429:108556
LCMessage ByteCount = 55:11
StandardSMMessage ByteCount = 412:22
ConsensusMessage ByteCount = 51125640:29176
--- Measurements after 134000 ops (1000 samples) ---
Throughput = 4694.8354 operations/sec (Maximum observed: 4830.918 ops/sec)
Total latency = 2.1322588753551997E7 (+/- 0) us 
Consensus latency = 0.0 (+/- 0) us 
Pre-consensus latency = 0.0 (+/- 0) us 
Pos-consensus latency = -2.0851744141977917E12 (+/- 0) us 
Propose latency = 0.0 (+/- 0) us 
Write latency = 0.0 (+/- 0) us 
Accept latency = 0.0 (+/- 0) us 
Batch average size = NaN (+/- 0) requests
TOMMessage ByteCount = 61566429:108556
LCMessage ByteCount = 55:11
StandardSMMessage ByteCount = 412:22
ConsensusMessage ByteCount = 51125640:29176
--- Measurements after 135000 ops (1000 samples) ---
Throughput = 4830.918 operations/sec (Maximum observed: 4830.918 ops/sec)
Total latency = 2.1480088184948E7 (+/- 0) us 
Consensus latency = 0.0 (+/- 0) us 
Pre-consensus latency = 0.0 (+/- 0) us 
Pos-consensus latency = -2.0851741997838623E12 (+/- 0) us 
Propose latency = 0.0 (+/- 0) us 
Write latency = 0.0 (+/- 0) us 
Accept latency = 0.0 (+/- 0) us 
Batch average size = NaN (+/- 0) requests
TOMMessage ByteCount = 61566429:108556
LCMessage ByteCount = 55:11
StandardSMMessage ByteCount = 412:22
ConsensusMessage ByteCount = 51125640:29176
--- Measurements after 136000 ops (1000 samples) ---
Throughput = 4694.8354 operations/sec (Maximum observed: 4830.918 ops/sec)
Total latency = 2.1633189837097E7 (+/- 0) us 
Consensus latency = 0.0 (+/- 0) us 
Pre-consensus latency = 0.0 (+/- 0) us 
Pos-consensus latency = -2.0851739917482715E12 (+/- 0) us 
Propose latency = 0.0 (+/- 0) us 
Write latency = 0.0 (+/- 0) us 
Accept latency = 0.0 (+/- 0) us 
Batch average size = NaN (+/- 0) requests
TOMMessage ByteCount = 61566429:108556
LCMessage ByteCount = 55:11
StandardSMMessage ByteCount = 412:22
ConsensusMessage ByteCount = 51125640:29176
--- Measurements after 137000 ops (1000 samples) ---
Throughput = 4830.918 operations/sec (Maximum observed: 4830.918 ops/sec)
Total latency = 2.179032526676E7 (+/- 0) us 
Consensus latency = 0.0 (+/- 0) us 
Pre-consensus latency = 0.0 (+/- 0) us 
Pos-consensus latency = -2.0851737789669683E12 (+/- 0) us 
Propose latency = 0.0 (+/- 0) us 
Write latency = 0.0 (+/- 0) us 
Accept latency = 0.0 (+/- 0) us 
Batch average size = NaN (+/- 0) requests
TOMMessage ByteCount = 61566429:108556
LCMessage ByteCount = 55:11
StandardSMMessage ByteCount = 412:22
ConsensusMessage ByteCount = 51125640:29176
--- Measurements after 138000 ops (1000 samples) ---
Throughput = 4672.897 operations/sec (Maximum observed: 4830.918 ops/sec)
Total latency = 2.1943506414092E7 (+/- 0) us 
Consensus latency = 0.0 (+/- 0) us 
Pre-consensus latency = 0.0 (+/- 0) us 
Pos-consensus latency = -2.0851735706756067E12 (+/- 0) us 
Propose latency = 0.0 (+/- 0) us 
Write latency = 0.0 (+/- 0) us 
Accept latency = 0.0 (+/- 0) us 
Batch average size = NaN (+/- 0) requests
TOMMessage ByteCount = 61566429:108556
LCMessage ByteCount = 55:11
StandardSMMessage ByteCount = 412:22
ConsensusMessage ByteCount = 51125640:29176
--- Measurements after 139000 ops (1000 samples) ---
Throughput = 4830.918 operations/sec (Maximum observed: 4830.918 ops/sec)
Total latency = 2.2099398960263E7 (+/- 0) us 
Consensus latency = 0.0 (+/- 0) us 
Pre-consensus latency = 0.0 (+/- 0) us 
Pos-consensus latency = -2.085173358091395E12 (+/- 0) us 
Propose latency = 0.0 (+/- 0) us 
Write latency = 0.0 (+/- 0) us 
Accept latency = 0.0 (+/- 0) us 
Batch average size = NaN (+/- 0) requests
TOMMessage ByteCount = 61566429:108556
LCMessage ByteCount = 55:11
StandardSMMessage ByteCount = 412:22
ConsensusMessage ByteCount = 51125640:29176
--- Measurements after 140000 ops (1000 samples) ---
Throughput = 4672.897 operations/sec (Maximum observed: 4830.918 ops/sec)
Total latency = 2.2250426709512003E7 (+/- 0) us 
Consensus latency = 0.0 (+/- 0) us 
Pre-consensus latency = 0.0 (+/- 0) us 
Pos-consensus latency = -2.085173149314729E12 (+/- 0) us 
Propose latency = 0.0 (+/- 0) us 
Write latency = 0.0 (+/- 0) us 
Accept latency = 0.0 (+/- 0) us 
Batch average size = NaN (+/- 0) requests
TOMMessage ByteCount = 61566429:108556
LCMessage ByteCount = 55:11
StandardSMMessage ByteCount = 412:22
ConsensusMessage ByteCount = 51125640:29176
--- Measurements after 141000 ops (1000 samples) ---
Throughput = 4830.918 operations/sec (Maximum observed: 4830.918 ops/sec)
Total latency = 2.2408838392077E7 (+/- 0) us 
Consensus latency = 0.0 (+/- 0) us 
Pre-consensus latency = 0.0 (+/- 0) us 
Pos-consensus latency = -2.0851729370827336E12 (+/- 0) us 
Propose latency = 0.0 (+/- 0) us 
Write latency = 0.0 (+/- 0) us 
Accept latency = 0.0 (+/- 0) us 
Batch average size = NaN (+/- 0) requests
TOMMessage ByteCount = 61566429:108556
LCMessage ByteCount = 55:11
StandardSMMessage ByteCount = 412:22
ConsensusMessage ByteCount = 51125640:29176
--- Measurements after 142000 ops (1000 samples) ---
Throughput = 4672.897 operations/sec (Maximum observed: 4830.918 ops/sec)
Total latency = 2.2561837457521E7 (+/- 0) us 
Consensus latency = 0.0 (+/- 0) us 
Pre-consensus latency = 0.0 (+/- 0) us 
Pos-consensus latency = -2.0851727277123477E12 (+/- 0) us 
Propose latency = 0.0 (+/- 0) us 
Write latency = 0.0 (+/- 0) us 
Accept latency = 0.0 (+/- 0) us 
Batch average size = NaN (+/- 0) requests
TOMMessage ByteCount = 61566429:108556
LCMessage ByteCount = 55:11
StandardSMMessage ByteCount = 412:22
ConsensusMessage ByteCount = 51125640:29176
--- Measurements after 143000 ops (1000 samples) ---
Throughput = 4830.918 operations/sec (Maximum observed: 4830.918 ops/sec)
Total latency = 2.2717493146614E7 (+/- 0) us 
Consensus latency = 0.0 (+/- 0) us 
Pre-consensus latency = 0.0 (+/- 0) us 
Pos-consensus latency = -2.0851725160726682E12 (+/- 0) us 
Propose latency = 0.0 (+/- 0) us 
Write latency = 0.0 (+/- 0) us 
Accept latency = 0.0 (+/- 0) us 
Batch average size = NaN (+/- 0) requests
TOMMessage ByteCount = 61566429:108556
LCMessage ByteCount = 55:11
StandardSMMessage ByteCount = 412:22
ConsensusMessage ByteCount = 51125640:29176
--- Measurements after 144000 ops (1000 samples) ---
Throughput = 4672.897 operations/sec (Maximum observed: 4830.918 ops/sec)
Total latency = 2.2871095021494E7 (+/- 0) us 
Consensus latency = 0.0 (+/- 0) us 
Pre-consensus latency = 0.0 (+/- 0) us 
Pos-consensus latency = -2.0851723059606003E12 (+/- 0) us 
Propose latency = 0.0 (+/- 0) us 
Write latency = 0.0 (+/- 0) us 
Accept latency = 0.0 (+/- 0) us 
Batch average size = NaN (+/- 0) requests
TOMMessage ByteCount = 61566429:108556
LCMessage ByteCount = 55:11
StandardSMMessage ByteCount = 412:22
ConsensusMessage ByteCount = 51125640:29176
--- Measurements after 145000 ops (1000 samples) ---
Throughput = 4807.6924 operations/sec (Maximum observed: 4830.918 ops/sec)
Total latency = 2.3025242617338E7 (+/- 0) us 
Consensus latency = 0.0 (+/- 0) us 
Pre-consensus latency = 0.0 (+/- 0) us 
Pos-consensus latency = -2.0851720944700928E12 (+/- 0) us 
Propose latency = 0.0 (+/- 0) us 
Write latency = 0.0 (+/- 0) us 
Accept latency = 0.0 (+/- 0) us 
Batch average size = NaN (+/- 0) requests
TOMMessage ByteCount = 61566429:108556
LCMessage ByteCount = 55:11
StandardSMMessage ByteCount = 412:22
ConsensusMessage ByteCount = 51125640:29176
--- Measurements after 146000 ops (1000 samples) ---
Throughput = 4672.897 operations/sec (Maximum observed: 4830.918 ops/sec)
Total latency = 2.3182635811008E7 (+/- 0) us 
Consensus latency = 0.0 (+/- 0) us 
Pre-consensus latency = 0.0 (+/- 0) us 
Pos-consensus latency = -2.0851718838348542E12 (+/- 0) us 
Propose latency = 0.0 (+/- 0) us 
Write latency = 0.0 (+/- 0) us 
Accept latency = 0.0 (+/- 0) us 
Batch average size = NaN (+/- 0) requests
TOMMessage ByteCount = 61566429:108556
LCMessage ByteCount = 55:11
StandardSMMessage ByteCount = 412:22
ConsensusMessage ByteCount = 51125640:29176
--- Measurements after 147000 ops (1000 samples) ---
Throughput = 4830.918 operations/sec (Maximum observed: 4830.918 ops/sec)
Total latency = 2.3336285384655997E7 (+/- 0) us 
Consensus latency = 0.0 (+/- 0) us 
Pre-consensus latency = 0.0 (+/- 0) us 
Pos-consensus latency = -2.08517167308934E12 (+/- 0) us 
Propose latency = 0.0 (+/- 0) us 
Write latency = 0.0 (+/- 0) us 
Accept latency = 0.0 (+/- 0) us 
Batch average size = NaN (+/- 0) requests
TOMMessage ByteCount = 61566429:108556
LCMessage ByteCount = 55:11
StandardSMMessage ByteCount = 412:22
ConsensusMessage ByteCount = 51125640:29176
--- Measurements after 148000 ops (1000 samples) ---
Throughput = 4694.8354 operations/sec (Maximum observed: 4830.918 ops/sec)
Total latency = 2.3490777146693002E7 (+/- 0) us 
Consensus latency = 0.0 (+/- 0) us 
Pre-consensus latency = 0.0 (+/- 0) us 
Pos-consensus latency = -2.0851714625222285E12 (+/- 0) us 
Propose latency = 0.0 (+/- 0) us 
Write latency = 0.0 (+/- 0) us 
Accept latency = 0.0 (+/- 0) us 
Batch average size = NaN (+/- 0) requests
TOMMessage ByteCount = 61566429:108556
LCMessage ByteCount = 55:11
StandardSMMessage ByteCount = 412:22
ConsensusMessage ByteCount = 51125640:29176
--- Measurements after 149000 ops (1000 samples) ---
Throughput = 4830.918 operations/sec (Maximum observed: 4830.918 ops/sec)
Total latency = 2.3643370065851003E7 (+/- 0) us 
Consensus latency = 0.0 (+/- 0) us 
Pre-consensus latency = 0.0 (+/- 0) us 
Pos-consensus latency = -2.0851712527786782E12 (+/- 0) us 
Propose latency = 0.0 (+/- 0) us 
Write latency = 0.0 (+/- 0) us 
Accept latency = 0.0 (+/- 0) us 
Batch average size = NaN (+/- 0) requests
TOMMessage ByteCount = 61566429:108556
LCMessage ByteCount = 55:11
StandardSMMessage ByteCount = 412:22
ConsensusMessage ByteCount = 51125640:29176
--- Measurements after 150000 ops (1000 samples) ---
Throughput = 4694.8354 operations/sec (Maximum observed: 4830.918 ops/sec)
Total latency = 2.3796353895166002E7 (+/- 0) us 
Consensus latency = 0.0 (+/- 0) us 
Pre-consensus latency = 0.0 (+/- 0) us 
Pos-consensus latency = -2.0851710419981494E12 (+/- 0) us 
Propose latency = 0.0 (+/- 0) us 
Write latency = 0.0 (+/- 0) us 
Accept latency = 0.0 (+/- 0) us 
Batch average size = NaN (+/- 0) requests
TOMMessage ByteCount = 61566429:108556
LCMessage ByteCount = 55:11
StandardSMMessage ByteCount = 412:22
ConsensusMessage ByteCount = 51125640:29176
--- Measurements after 151000 ops (1000 samples) ---
Throughput = 4830.918 operations/sec (Maximum observed: 4830.918 ops/sec)
Total latency = 2.3950451628138002E7 (+/- 0) us 
Consensus latency = 0.0 (+/- 0) us 
Pre-consensus latency = 0.0 (+/- 0) us 
Pos-consensus latency = -2.0851708329042913E12 (+/- 0) us 
Propose latency = 0.0 (+/- 0) us 
Write latency = 0.0 (+/- 0) us 
Accept latency = 0.0 (+/- 0) us 
Batch average size = NaN (+/- 0) requests
TOMMessage ByteCount = 61566429:108556
LCMessage ByteCount = 55:11
StandardSMMessage ByteCount = 412:22
ConsensusMessage ByteCount = 51125640:29176
--- Measurements after 152000 ops (1000 samples) ---
Throughput = 7042.2534 operations/sec (Maximum observed: 7042.2534 ops/sec)
Total latency = 2.408057117266E7 (+/- 0) us 
Consensus latency = 0.0 (+/- 0) us 
Pre-consensus latency = 0.0 (+/- 0) us 
Pos-consensus latency = -2.0851706483456643E12 (+/- 0) us 
Propose latency = 0.0 (+/- 0) us 
Write latency = 0.0 (+/- 0) us 
Accept latency = 0.0 (+/- 0) us 
Batch average size = NaN (+/- 0) requests
TOMMessage ByteCount = 61566429:108556
LCMessage ByteCount = 55:11
StandardSMMessage ByteCount = 412:22
ConsensusMessage ByteCount = 51125640:29176
--- Measurements after 153000 ops (1000 samples) ---
Throughput = 9009.009 operations/sec (Maximum observed: 9009.009 ops/sec)
Total latency = 2.4141942364013E7 (+/- 0) us 
Consensus latency = 0.0 (+/- 0) us 
Pre-consensus latency = 0.0 (+/- 0) us 
Pos-consensus latency = -2.0851705321373545E12 (+/- 0) us 
Propose latency = 0.0 (+/- 0) us 
Write latency = 0.0 (+/- 0) us 
Accept latency = 0.0 (+/- 0) us 
Batch average size = NaN (+/- 0) requests
TOMMessage ByteCount = 61566429:108556
LCMessage ByteCount = 55:11
StandardSMMessage ByteCount = 412:22
ConsensusMessage ByteCount = 51125640:29176
--- Measurements after 154000 ops (1000 samples) ---
Throughput = 8547.009 operations/sec (Maximum observed: 9009.009 ops/sec)
Total latency = 2.4201748325852003E7 (+/- 0) us 
Consensus latency = 0.0 (+/- 0) us 
Pre-consensus latency = 0.0 (+/- 0) us 
Pos-consensus latency = -2.0851704158261099E12 (+/- 0) us 
Propose latency = 0.0 (+/- 0) us 
Write latency = 0.0 (+/- 0) us 
Accept latency = 0.0 (+/- 0) us 
Batch average size = NaN (+/- 0) requests
TOMMessage ByteCount = 61566429:108556
LCMessage ByteCount = 55:11
StandardSMMessage ByteCount = 412:22
ConsensusMessage ByteCount = 51125640:29176
--- Measurements after 155000 ops (1000 samples) ---
Throughput = 9009.009 operations/sec (Maximum observed: 9009.009 ops/sec)
Total latency = 2.4257900691974998E7 (+/- 0) us 
Consensus latency = 0.0 (+/- 0) us 
Pre-consensus latency = 0.0 (+/- 0) us 
Pos-consensus latency = -2.085170303355546E12 (+/- 0) us 
Propose latency = 0.0 (+/- 0) us 
Write latency = 0.0 (+/- 0) us 
Accept latency = 0.0 (+/- 0) us 
Batch average size = NaN (+/- 0) requests
TOMMessage ByteCount = 61566429:108556
LCMessage ByteCount = 55:11
StandardSMMessage ByteCount = 412:22
ConsensusMessage ByteCount = 51125640:29176
--- Measurements after 156000 ops (1000 samples) ---
Throughput = 8474.576 operations/sec (Maximum observed: 9009.009 ops/sec)
Total latency = 2.4319456508914E7 (+/- 0) us 
Consensus latency = 0.0 (+/- 0) us 
Pre-consensus latency = 0.0 (+/- 0) us 
Pos-consensus latency = -2.0851701862499507E12 (+/- 0) us 
Propose latency = 0.0 (+/- 0) us 
Write latency = 0.0 (+/- 0) us 
Accept latency = 0.0 (+/- 0) us 
Batch average size = NaN (+/- 0) requests
TOMMessage ByteCount = 61566429:108556
LCMessage ByteCount = 55:11
StandardSMMessage ByteCount = 412:22
ConsensusMessage ByteCount = 51125640:29176
--- Measurements after 157000 ops (1000 samples) ---
Throughput = 8771.93 operations/sec (Maximum observed: 9009.009 ops/sec)
Total latency = 2.4374832784088E7 (+/- 0) us 
Consensus latency = 0.0 (+/- 0) us 
Pre-consensus latency = 0.0 (+/- 0) us 
Pos-consensus latency = -2.0851700740628723E12 (+/- 0) us 
Propose latency = 0.0 (+/- 0) us 
Write latency = 0.0 (+/- 0) us 
Accept latency = 0.0 (+/- 0) us 
Batch average size = NaN (+/- 0) requests
TOMMessage ByteCount = 61566429:108556
LCMessage ByteCount = 55:11
StandardSMMessage ByteCount = 412:22
ConsensusMessage ByteCount = 51125640:29176
--- Measurements after 158000 ops (1000 samples) ---
Throughput = 8771.93 operations/sec (Maximum observed: 9009.009 ops/sec)
Total latency = 2.4435986688908E7 (+/- 0) us 
Consensus latency = 0.0 (+/- 0) us 
Pre-consensus latency = 0.0 (+/- 0) us 
Pos-consensus latency = -2.0851699576330842E12 (+/- 0) us 
Propose latency = 0.0 (+/- 0) us 
Write latency = 0.0 (+/- 0) us 
Accept latency = 0.0 (+/- 0) us 
Batch average size = NaN (+/- 0) requests
TOMMessage ByteCount = 61566429:108556
LCMessage ByteCount = 55:11
StandardSMMessage ByteCount = 412:22
ConsensusMessage ByteCount = 51125640:29176
--- Measurements after 159000 ops (1000 samples) ---
Throughput = 8771.93 operations/sec (Maximum observed: 9009.009 ops/sec)
Total latency = 2.449148023035E7 (+/- 0) us 
Consensus latency = 0.0 (+/- 0) us 
Pre-consensus latency = 0.0 (+/- 0) us 
Pos-consensus latency = -2.0851698456738923E12 (+/- 0) us 
Propose latency = 0.0 (+/- 0) us 
Write latency = 0.0 (+/- 0) us 
Accept latency = 0.0 (+/- 0) us 
Batch average size = NaN (+/- 0) requests
TOMMessage ByteCount = 61566429:108556
LCMessage ByteCount = 55:11
StandardSMMessage ByteCount = 412:22
ConsensusMessage ByteCount = 51125640:29176
--- Measurements after 160000 ops (1000 samples) ---
Throughput = 8928.571 operations/sec (Maximum observed: 9009.009 ops/sec)
Total latency = 2.454829893505E7 (+/- 0) us 
Consensus latency = 0.0 (+/- 0) us 
Pre-consensus latency = 0.0 (+/- 0) us 
Pos-consensus latency = -2.0851697314813245E12 (+/- 0) us 
Propose latency = 0.0 (+/- 0) us 
Write latency = 0.0 (+/- 0) us 
Accept latency = 0.0 (+/- 0) us 
Batch average size = NaN (+/- 0) requests
TOMMessage ByteCount = 61566429:108556
LCMessage ByteCount = 55:11
StandardSMMessage ByteCount = 412:22
ConsensusMessage ByteCount = 51125640:29176
--- Measurements after 161000 ops (1000 samples) ---
Throughput = 8620.689 operations/sec (Maximum observed: 9009.009 ops/sec)
Total latency = 2.4606872209684E7 (+/- 0) us 
Consensus latency = 0.0 (+/- 0) us 
Pre-consensus latency = 0.0 (+/- 0) us 
Pos-consensus latency = -2.0851696192897703E12 (+/- 0) us 
Propose latency = 0.0 (+/- 0) us 
Write latency = 0.0 (+/- 0) us 
Accept latency = 0.0 (+/- 0) us 
Batch average size = NaN (+/- 0) requests
TOMMessage ByteCount = 61566429:108556
LCMessage ByteCount = 55:11
StandardSMMessage ByteCount = 412:22
ConsensusMessage ByteCount = 51125640:29176
--- Measurements after 162000 ops (1000 samples) ---
Throughput = 8771.93 operations/sec (Maximum observed: 9009.009 ops/sec)
Total latency = 2.4667073096312E7 (+/- 0) us 
Consensus latency = 0.0 (+/- 0) us 
Pre-consensus latency = 0.0 (+/- 0) us 
Pos-consensus latency = -2.0851695024057617E12 (+/- 0) us 
Propose latency = 0.0 (+/- 0) us 
Write latency = 0.0 (+/- 0) us 
Accept latency = 0.0 (+/- 0) us 
Batch average size = NaN (+/- 0) requests
TOMMessage ByteCount = 61566429:108556
LCMessage ByteCount = 55:11
StandardSMMessage ByteCount = 412:22
ConsensusMessage ByteCount = 51125640:29176
--- Measurements after 163000 ops (1000 samples) ---
Throughput = 8547.009 operations/sec (Maximum observed: 9009.009 ops/sec)
Total latency = 2.4724639426197E7 (+/- 0) us 
Consensus latency = 0.0 (+/- 0) us 
Pre-consensus latency = 0.0 (+/- 0) us 
Pos-consensus latency = -2.0851693882837654E12 (+/- 0) us 
Propose latency = 0.0 (+/- 0) us 
Write latency = 0.0 (+/- 0) us 
Accept latency = 0.0 (+/- 0) us 
Batch average size = NaN (+/- 0) requests
TOMMessage ByteCount = 61566429:108556
LCMessage ByteCount = 55:11
StandardSMMessage ByteCount = 412:22
ConsensusMessage ByteCount = 51125640:29176
--- Measurements after 164000 ops (1000 samples) ---
Throughput = 8849.558 operations/sec (Maximum observed: 9009.009 ops/sec)
Total latency = 2.4784045478716E7 (+/- 0) us 
Consensus latency = 0.0 (+/- 0) us 
Pre-consensus latency = 0.0 (+/- 0) us 
Pos-consensus latency = -2.0851692721566394E12 (+/- 0) us 
Propose latency = 0.0 (+/- 0) us 
Write latency = 0.0 (+/- 0) us 
Accept latency = 0.0 (+/- 0) us 
Batch average size = NaN (+/- 0) requests
TOMMessage ByteCount = 61566429:108556
LCMessage ByteCount = 55:11
StandardSMMessage ByteCount = 412:22
ConsensusMessage ByteCount = 51125640:29176
--- Measurements after 165000 ops (1000 samples) ---
Throughput = 8547.009 operations/sec (Maximum observed: 9009.009 ops/sec)
Total latency = 2.484015964071E7 (+/- 0) us 
Consensus latency = 0.0 (+/- 0) us 
Pre-consensus latency = 0.0 (+/- 0) us 
Pos-consensus latency = -2.0851691583987104E12 (+/- 0) us 
Propose latency = 0.0 (+/- 0) us 
Write latency = 0.0 (+/- 0) us 
Accept latency = 0.0 (+/- 0) us 
Batch average size = NaN (+/- 0) requests
TOMMessage ByteCount = 61566429:108556
LCMessage ByteCount = 55:11
StandardSMMessage ByteCount = 412:22
ConsensusMessage ByteCount = 51125640:29176
--- Measurements after 166000 ops (1000 samples) ---
Throughput = 8849.558 operations/sec (Maximum observed: 9009.009 ops/sec)
Total latency = 2.4901672258663E7 (+/- 0) us 
Consensus latency = 0.0 (+/- 0) us 
Pre-consensus latency = 0.0 (+/- 0) us 
Pos-consensus latency = -2.085169041257064E12 (+/- 0) us 
Propose latency = 0.0 (+/- 0) us 
Write latency = 0.0 (+/- 0) us 
Accept latency = 0.0 (+/- 0) us 
Batch average size = NaN (+/- 0) requests
TOMMessage ByteCount = 61566429:108556
LCMessage ByteCount = 55:11
StandardSMMessage ByteCount = 412:22
ConsensusMessage ByteCount = 51125640:29176
--- Measurements after 167000 ops (1000 samples) ---
Throughput = 8474.576 operations/sec (Maximum observed: 9009.009 ops/sec)
Total latency = 2.4959803678974997E7 (+/- 0) us 
Consensus latency = 0.0 (+/- 0) us 
Pre-consensus latency = 0.0 (+/- 0) us 
Pos-consensus latency = -2.0851689270929482E12 (+/- 0) us 
Propose latency = 0.0 (+/- 0) us 
Write latency = 0.0 (+/- 0) us 
Accept latency = 0.0 (+/- 0) us 
Batch average size = NaN (+/- 0) requests
TOMMessage ByteCount = 61566429:108556
LCMessage ByteCount = 55:11
StandardSMMessage ByteCount = 412:22
ConsensusMessage ByteCount = 51125640:29176
--- Measurements after 168000 ops (1000 samples) ---
Throughput = 8849.558 operations/sec (Maximum observed: 9009.009 ops/sec)
Total latency = 2.5021282319179002E7 (+/- 0) us 
Consensus latency = 0.0 (+/- 0) us 
Pre-consensus latency = 0.0 (+/- 0) us 
Pos-consensus latency = -2.0851688100508813E12 (+/- 0) us 
Propose latency = 0.0 (+/- 0) us 
Write latency = 0.0 (+/- 0) us 
Accept latency = 0.0 (+/- 0) us 
Batch average size = NaN (+/- 0) requests
TOMMessage ByteCount = 61566429:108556
LCMessage ByteCount = 55:11
StandardSMMessage ByteCount = 412:22
ConsensusMessage ByteCount = 51125640:29176
--- Measurements after 169000 ops (1000 samples) ---
Throughput = 8474.576 operations/sec (Maximum observed: 9009.009 ops/sec)
Total latency = 2.5079482985087004E7 (+/- 0) us 
Consensus latency = 0.0 (+/- 0) us 
Pre-consensus latency = 0.0 (+/- 0) us 
Pos-consensus latency = -2.0851686947322998E12 (+/- 0) us 
Propose latency = 0.0 (+/- 0) us 
Write latency = 0.0 (+/- 0) us 
Accept latency = 0.0 (+/- 0) us 
Batch average size = NaN (+/- 0) requests
TOMMessage ByteCount = 61566429:108556
LCMessage ByteCount = 55:11
StandardSMMessage ByteCount = 412:22
ConsensusMessage ByteCount = 51125640:29176
--- Measurements after 170000 ops (1000 samples) ---
Throughput = 8695.652 operations/sec (Maximum observed: 9009.009 ops/sec)
Total latency = 2.5139378090826E7 (+/- 0) us 
Consensus latency = 0.0 (+/- 0) us 
Pre-consensus latency = 0.0 (+/- 0) us 
Pos-consensus latency = -2.0851685777521074E12 (+/- 0) us 
Propose latency = 0.0 (+/- 0) us 
Write latency = 0.0 (+/- 0) us 
Accept latency = 0.0 (+/- 0) us 
Batch average size = NaN (+/- 0) requests
TOMMessage ByteCount = 61566429:108556
LCMessage ByteCount = 55:11
StandardSMMessage ByteCount = 412:22
ConsensusMessage ByteCount = 51125640:29176
--- Measurements after 171000 ops (1000 samples) ---
Throughput = 8474.576 operations/sec (Maximum observed: 9009.009 ops/sec)
Total latency = 2.5202297942839E7 (+/- 0) us 
Consensus latency = 0.0 (+/- 0) us 
Pre-consensus latency = 0.0 (+/- 0) us 
Pos-consensus latency = -2.0851684606349026E12 (+/- 0) us 
Propose latency = 0.0 (+/- 0) us 
Write latency = 0.0 (+/- 0) us 
Accept latency = 0.0 (+/- 0) us 
Batch average size = NaN (+/- 0) requests
TOMMessage ByteCount = 61566429:108556
LCMessage ByteCount = 55:11
StandardSMMessage ByteCount = 412:22
ConsensusMessage ByteCount = 51125640:29176
--- Measurements after 172000 ops (1000 samples) ---
Throughput = 8928.571 operations/sec (Maximum observed: 9009.009 ops/sec)
Total latency = 2.526164017334E7 (+/- 0) us 
Consensus latency = 0.0 (+/- 0) us 
Pre-consensus latency = 0.0 (+/- 0) us 
Pos-consensus latency = -2.0851683452746162E12 (+/- 0) us 
Propose latency = 0.0 (+/- 0) us 
Write latency = 0.0 (+/- 0) us 
Accept latency = 0.0 (+/- 0) us 
Batch average size = NaN (+/- 0) requests
TOMMessage ByteCount = 61566429:108556
LCMessage ByteCount = 55:11
StandardSMMessage ByteCount = 412:22
ConsensusMessage ByteCount = 51125640:29176
--- Measurements after 173000 ops (1000 samples) ---
Throughput = 8403.361 operations/sec (Maximum observed: 9009.009 ops/sec)
Total latency = 2.5321596780814E7 (+/- 0) us 
Consensus latency = 0.0 (+/- 0) us 
Pre-consensus latency = 0.0 (+/- 0) us 
Pos-consensus latency = -2.0851682292767056E12 (+/- 0) us 
Propose latency = 0.0 (+/- 0) us 
Write latency = 0.0 (+/- 0) us 
Accept latency = 0.0 (+/- 0) us 
Batch average size = NaN (+/- 0) requests
TOMMessage ByteCount = 61566429:108556
LCMessage ByteCount = 55:11
StandardSMMessage ByteCount = 412:22
ConsensusMessage ByteCount = 51125640:29176
--- Measurements after 174000 ops (1000 samples) ---
Throughput = 8849.558 operations/sec (Maximum observed: 9009.009 ops/sec)
Total latency = 2.5381551331257E7 (+/- 0) us 
Consensus latency = 0.0 (+/- 0) us 
Pre-consensus latency = 0.0 (+/- 0) us 
Pos-consensus latency = -2.0851681139241875E12 (+/- 0) us 
Propose latency = 0.0 (+/- 0) us 
Write latency = 0.0 (+/- 0) us 
Accept latency = 0.0 (+/- 0) us 
Batch average size = NaN (+/- 0) requests
TOMMessage ByteCount = 61566429:108556
LCMessage ByteCount = 55:11
StandardSMMessage ByteCount = 412:22
ConsensusMessage ByteCount = 51125640:29176
--- Measurements after 175000 ops (1000 samples) ---
Throughput = 8403.361 operations/sec (Maximum observed: 9009.009 ops/sec)
Total latency = 2.544105981859E7 (+/- 0) us 
Consensus latency = 0.0 (+/- 0) us 
Pre-consensus latency = 0.0 (+/- 0) us 
Pos-consensus latency = -2.0851679975085535E12 (+/- 0) us 
Propose latency = 0.0 (+/- 0) us 
Write latency = 0.0 (+/- 0) us 
Accept latency = 0.0 (+/- 0) us 
Batch average size = NaN (+/- 0) requests
TOMMessage ByteCount = 61566429:108556
LCMessage ByteCount = 55:11
StandardSMMessage ByteCount = 412:22
ConsensusMessage ByteCount = 51125640:29176
--- Measurements after 176000 ops (1000 samples) ---
Throughput = 8849.558 operations/sec (Maximum observed: 9009.009 ops/sec)
Total latency = 2.5503999043145E7 (+/- 0) us 
Consensus latency = 0.0 (+/- 0) us 
Pre-consensus latency = 0.0 (+/- 0) us 
Pos-consensus latency = -2.0851678819251492E12 (+/- 0) us 
Propose latency = 0.0 (+/- 0) us 
Write latency = 0.0 (+/- 0) us 
Accept latency = 0.0 (+/- 0) us 
Batch average size = NaN (+/- 0) requests
TOMMessage ByteCount = 61566429:108556
LCMessage ByteCount = 55:11
StandardSMMessage ByteCount = 412:22
ConsensusMessage ByteCount = 51125640:29176
--- Measurements after 177000 ops (1000 samples) ---
Throughput = 8264.463 operations/sec (Maximum observed: 9009.009 ops/sec)
Total latency = 2.5564950509823002E7 (+/- 0) us 
Consensus latency = 0.0 (+/- 0) us 
Pre-consensus latency = 0.0 (+/- 0) us 
Pos-consensus latency = -2.0851677637668196E12 (+/- 0) us 
Propose latency = 0.0 (+/- 0) us 
Write latency = 0.0 (+/- 0) us 
Accept latency = 0.0 (+/- 0) us 
Batch average size = NaN (+/- 0) requests
TOMMessage ByteCount = 61566429:108556
LCMessage ByteCount = 55:11
StandardSMMessage ByteCount = 412:22
ConsensusMessage ByteCount = 51125640:29176
--- Measurements after 178000 ops (1000 samples) ---
Throughput = 8620.689 operations/sec (Maximum observed: 9009.009 ops/sec)
Total latency = 2.5625996031521E7 (+/- 0) us 
Consensus latency = 0.0 (+/- 0) us 
Pre-consensus latency = 0.0 (+/- 0) us 
Pos-consensus latency = -2.085167646725355E12 (+/- 0) us 
Propose latency = 0.0 (+/- 0) us 
Write latency = 0.0 (+/- 0) us 
Accept latency = 0.0 (+/- 0) us 
Batch average size = NaN (+/- 0) requests
TOMMessage ByteCount = 61566429:108556
LCMessage ByteCount = 55:11
StandardSMMessage ByteCount = 412:22
ConsensusMessage ByteCount = 51125640:29176
--- Measurements after 179000 ops (1000 samples) ---
Throughput = 8000.0 operations/sec (Maximum observed: 9009.009 ops/sec)
Total latency = 2.5692552046044998E7 (+/- 0) us 
Consensus latency = 0.0 (+/- 0) us 
Pre-consensus latency = 0.0 (+/- 0) us 
Pos-consensus latency = -2.0851675252986472E12 (+/- 0) us 
Propose latency = 0.0 (+/- 0) us 
Write latency = 0.0 (+/- 0) us 
Accept latency = 0.0 (+/- 0) us 
Batch average size = NaN (+/- 0) requests
TOMMessage ByteCount = 61566429:108556
LCMessage ByteCount = 55:11
StandardSMMessage ByteCount = 412:22
ConsensusMessage ByteCount = 51125640:29176
--- Measurements after 180000 ops (1000 samples) ---
Throughput = 8547.009 operations/sec (Maximum observed: 9009.009 ops/sec)
Total latency = 2.5754240983826E7 (+/- 0) us 
Consensus latency = 0.0 (+/- 0) us 
Pre-consensus latency = 0.0 (+/- 0) us 
Pos-consensus latency = -2.0851674071484246E12 (+/- 0) us 
Propose latency = 0.0 (+/- 0) us 
Write latency = 0.0 (+/- 0) us 
Accept latency = 0.0 (+/- 0) us 
Batch average size = NaN (+/- 0) requests
TOMMessage ByteCount = 61566429:108556
LCMessage ByteCount = 55:11
StandardSMMessage ByteCount = 412:22
ConsensusMessage ByteCount = 51125640:29176
--- Measurements after 181000 ops (1000 samples) ---
Throughput = 8620.689 operations/sec (Maximum observed: 9009.009 ops/sec)
Total latency = 2.5819595626054E7 (+/- 0) us 
Consensus latency = 0.0 (+/- 0) us 
Pre-consensus latency = 0.0 (+/- 0) us 
Pos-consensus latency = -2.085167288239393E12 (+/- 0) us 
Propose latency = 0.0 (+/- 0) us 
Write latency = 0.0 (+/- 0) us 
Accept latency = 0.0 (+/- 0) us 
Batch average size = NaN (+/- 0) requests
TOMMessage ByteCount = 61566429:108556
LCMessage ByteCount = 55:11
StandardSMMessage ByteCount = 412:22
ConsensusMessage ByteCount = 51125640:29176
--- Measurements after 182000 ops (1000 samples) ---
Throughput = 8403.361 operations/sec (Maximum observed: 9009.009 ops/sec)
Total latency = 2.5879467153339002E7 (+/- 0) us 
Consensus latency = 0.0 (+/- 0) us 
Pre-consensus latency = 0.0 (+/- 0) us 
Pos-consensus latency = -2.0851671720183E12 (+/- 0) us 
Propose latency = 0.0 (+/- 0) us 
Write latency = 0.0 (+/- 0) us 
Accept latency = 0.0 (+/- 0) us 
Batch average size = NaN (+/- 0) requests
TOMMessage ByteCount = 61566429:108556
LCMessage ByteCount = 55:11
StandardSMMessage ByteCount = 412:22
ConsensusMessage ByteCount = 51125640:29176
--- Measurements after 183000 ops (1000 samples) ---
Throughput = 8849.558 operations/sec (Maximum observed: 9009.009 ops/sec)
Total latency = 2.5943283081178002E7 (+/- 0) us 
Consensus latency = 0.0 (+/- 0) us 
Pre-consensus latency = 0.0 (+/- 0) us 
Pos-consensus latency = -2.0851670538981677E12 (+/- 0) us 
Propose latency = 0.0 (+/- 0) us 
Write latency = 0.0 (+/- 0) us 
Accept latency = 0.0 (+/- 0) us 
Batch average size = NaN (+/- 0) requests
TOMMessage ByteCount = 61566429:108556
LCMessage ByteCount = 55:11
StandardSMMessage ByteCount = 412:22
ConsensusMessage ByteCount = 51125640:29176
--- Measurements after 184000 ops (1000 samples) ---
Throughput = 8547.009 operations/sec (Maximum observed: 9009.009 ops/sec)
Total latency = 2.6001472817597E7 (+/- 0) us 
Consensus latency = 0.0 (+/- 0) us 
Pre-consensus latency = 0.0 (+/- 0) us 
Pos-consensus latency = -2.0851669405020764E12 (+/- 0) us 
Propose latency = 0.0 (+/- 0) us 
Write latency = 0.0 (+/- 0) us 
Accept latency = 0.0 (+/- 0) us 
Batch average size = NaN (+/- 0) requests
TOMMessage ByteCount = 61566429:108556
LCMessage ByteCount = 55:11
StandardSMMessage ByteCount = 412:22
ConsensusMessage ByteCount = 51125640:29176
--- Measurements after 185000 ops (1000 samples) ---
Throughput = 8771.93 operations/sec (Maximum observed: 9009.009 ops/sec)
Total latency = 2.6060749725457E7 (+/- 0) us 
Consensus latency = 0.0 (+/- 0) us 
Pre-consensus latency = 0.0 (+/- 0) us 
Pos-consensus latency = -2.0851668231431848E12 (+/- 0) us 
Propose latency = 0.0 (+/- 0) us 
Write latency = 0.0 (+/- 0) us 
Accept latency = 0.0 (+/- 0) us 
Batch average size = NaN (+/- 0) requests
TOMMessage ByteCount = 61566429:108556
LCMessage ByteCount = 55:11
StandardSMMessage ByteCount = 412:22
ConsensusMessage ByteCount = 51125640:29176
--- Measurements after 186000 ops (1000 samples) ---
Throughput = 8264.463 operations/sec (Maximum observed: 9009.009 ops/sec)
Total latency = 2.6124588990633998E7 (+/- 0) us 
Consensus latency = 0.0 (+/- 0) us 
Pre-consensus latency = 0.0 (+/- 0) us 
Pos-consensus latency = -2.085166706851197E12 (+/- 0) us 
Propose latency = 0.0 (+/- 0) us 
Write latency = 0.0 (+/- 0) us 
Accept latency = 0.0 (+/- 0) us 
Batch average size = NaN (+/- 0) requests
TOMMessage ByteCount = 61566429:108556
LCMessage ByteCount = 55:11
StandardSMMessage ByteCount = 412:22
ConsensusMessage ByteCount = 51125640:29176
--- Measurements after 187000 ops (1000 samples) ---
Throughput = 8695.652 operations/sec (Maximum observed: 9009.009 ops/sec)
Total latency = 2.6188275452801E7 (+/- 0) us 
Consensus latency = 0.0 (+/- 0) us 
Pre-consensus latency = 0.0 (+/- 0) us 
Pos-consensus latency = -2.0851665880943396E12 (+/- 0) us 
Propose latency = 0.0 (+/- 0) us 
Write latency = 0.0 (+/- 0) us 
Accept latency = 0.0 (+/- 0) us 
Batch average size = NaN (+/- 0) requests
TOMMessage ByteCount = 61566429:108556
LCMessage ByteCount = 55:11
StandardSMMessage ByteCount = 412:22
ConsensusMessage ByteCount = 51125640:29176
--- Measurements after 188000 ops (1000 samples) ---
Throughput = 8474.576 operations/sec (Maximum observed: 9009.009 ops/sec)
Total latency = 2.6249486850679003E7 (+/- 0) us 
Consensus latency = 0.0 (+/- 0) us 
Pre-consensus latency = 0.0 (+/- 0) us 
Pos-consensus latency = -2.0851664711571025E12 (+/- 0) us 
Propose latency = 0.0 (+/- 0) us 
Write latency = 0.0 (+/- 0) us 
Accept latency = 0.0 (+/- 0) us 
Batch average size = NaN (+/- 0) requests
TOMMessage ByteCount = 61566429:108556
LCMessage ByteCount = 55:11
StandardSMMessage ByteCount = 412:22
ConsensusMessage ByteCount = 51125640:29176
--- Measurements after 189000 ops (1000 samples) ---
Throughput = 9009.009 operations/sec (Maximum observed: 9009.009 ops/sec)
Total latency = 2.6307936675648E7 (+/- 0) us 
Consensus latency = 0.0 (+/- 0) us 
Pre-consensus latency = 0.0 (+/- 0) us 
Pos-consensus latency = -2.0851663561264133E12 (+/- 0) us 
Propose latency = 0.0 (+/- 0) us 
Write latency = 0.0 (+/- 0) us 
Accept latency = 0.0 (+/- 0) us 
Batch average size = NaN (+/- 0) requests
TOMMessage ByteCount = 61566429:108556
LCMessage ByteCount = 55:11
StandardSMMessage ByteCount = 412:22
ConsensusMessage ByteCount = 51125640:29176
--- Measurements after 190000 ops (1000 samples) ---
Throughput = 8333.333 operations/sec (Maximum observed: 9009.009 ops/sec)
Total latency = 2.6363865611075E7 (+/- 0) us 
Consensus latency = 0.0 (+/- 0) us 
Pre-consensus latency = 0.0 (+/- 0) us 
Pos-consensus latency = -2.0851662409596594E12 (+/- 0) us 
Propose latency = 0.0 (+/- 0) us 
Write latency = 0.0 (+/- 0) us 
Accept latency = 0.0 (+/- 0) us 
Batch average size = NaN (+/- 0) requests
TOMMessage ByteCount = 61566429:108556
LCMessage ByteCount = 55:11
StandardSMMessage ByteCount = 412:22
ConsensusMessage ByteCount = 51125640:29176
--- Measurements after 191000 ops (1000 samples) ---
Throughput = 8771.93 operations/sec (Maximum observed: 9009.009 ops/sec)
Total latency = 2.6423183073379003E7 (+/- 0) us 
Consensus latency = 0.0 (+/- 0) us 
Pre-consensus latency = 0.0 (+/- 0) us 
Pos-consensus latency = -2.0851661237224927E12 (+/- 0) us 
Propose latency = 0.0 (+/- 0) us 
Write latency = 0.0 (+/- 0) us 
Accept latency = 0.0 (+/- 0) us 
Batch average size = NaN (+/- 0) requests
TOMMessage ByteCount = 61566429:108556
LCMessage ByteCount = 55:11
StandardSMMessage ByteCount = 412:22
ConsensusMessage ByteCount = 51125640:29176
--- Measurements after 192000 ops (1000 samples) ---
Throughput = 8474.576 operations/sec (Maximum observed: 9009.009 ops/sec)
Total latency = 2.6479191309697E7 (+/- 0) us 
Consensus latency = 0.0 (+/- 0) us 
Pre-consensus latency = 0.0 (+/- 0) us 
Pos-consensus latency = -2.0851660071127349E12 (+/- 0) us 
Propose latency = 0.0 (+/- 0) us 
Write latency = 0.0 (+/- 0) us 
Accept latency = 0.0 (+/- 0) us 
Batch average size = NaN (+/- 0) requests
TOMMessage ByteCount = 61566429:108556
LCMessage ByteCount = 55:11
StandardSMMessage ByteCount = 412:22
ConsensusMessage ByteCount = 51125640:29176
--- Measurements after 193000 ops (1000 samples) ---
Throughput = 8849.558 operations/sec (Maximum observed: 9009.009 ops/sec)
Total latency = 2.6534651436720002E7 (+/- 0) us 
Consensus latency = 0.0 (+/- 0) us 
Pre-consensus latency = 0.0 (+/- 0) us 
Pos-consensus latency = -2.0851658916970833E12 (+/- 0) us 
Propose latency = 0.0 (+/- 0) us 
Write latency = 0.0 (+/- 0) us 
Accept latency = 0.0 (+/- 0) us 
Batch average size = NaN (+/- 0) requests
TOMMessage ByteCount = 61566429:108556
LCMessage ByteCount = 55:11
StandardSMMessage ByteCount = 412:22
ConsensusMessage ByteCount = 51125640:29176
--- Measurements after 194000 ops (1000 samples) ---
Throughput = 5555.5557 operations/sec (Maximum observed: 9009.009 ops/sec)
Total latency = 2.6613368801795E7 (+/- 0) us 
Consensus latency = 0.0 (+/- 0) us 
Pre-consensus latency = 0.0 (+/- 0) us 
Pos-consensus latency = -2.0851657548146443E12 (+/- 0) us 
Propose latency = 0.0 (+/- 0) us 
Write latency = 0.0 (+/- 0) us 
Accept latency = 0.0 (+/- 0) us 
Batch average size = NaN (+/- 0) requests
TOMMessage ByteCount = 61566429:108556
LCMessage ByteCount = 55:11
StandardSMMessage ByteCount = 412:22
ConsensusMessage ByteCount = 51125640:29176
--- Measurements after 195000 ops (1000 samples) ---
Throughput = 4830.918 operations/sec (Maximum observed: 9009.009 ops/sec)
Total latency = 2.6760888346576E7 (+/- 0) us 
Consensus latency = 0.0 (+/- 0) us 
Pre-consensus latency = 0.0 (+/- 0) us 
Pos-consensus latency = -2.085165551247594E12 (+/- 0) us 
Propose latency = 0.0 (+/- 0) us 
Write latency = 0.0 (+/- 0) us 
Accept latency = 0.0 (+/- 0) us 
Batch average size = NaN (+/- 0) requests
TOMMessage ByteCount = 61566429:108556
LCMessage ByteCount = 55:11
StandardSMMessage ByteCount = 412:22
ConsensusMessage ByteCount = 51125640:29176
--- Measurements after 196000 ops (1000 samples) ---
Throughput = 4716.981 operations/sec (Maximum observed: 9009.009 ops/sec)
Total latency = 2.6914916028357E7 (+/- 0) us 
Consensus latency = 0.0 (+/- 0) us 
Pre-consensus latency = 0.0 (+/- 0) us 
Pos-consensus latency = -2.085165339895397E12 (+/- 0) us 
Propose latency = 0.0 (+/- 0) us 
Write latency = 0.0 (+/- 0) us 
Accept latency = 0.0 (+/- 0) us 
Batch average size = NaN (+/- 0) requests
TOMMessage ByteCount = 61566429:108556
LCMessage ByteCount = 55:11
StandardSMMessage ByteCount = 412:22
ConsensusMessage ByteCount = 51125640:29176
--- Measurements after 197000 ops (1000 samples) ---
Throughput = 4807.6924 operations/sec (Maximum observed: 9009.009 ops/sec)
Total latency = 2.7066270960937E7 (+/- 0) us 
Consensus latency = 0.0 (+/- 0) us 
Pre-consensus latency = 0.0 (+/- 0) us 
Pos-consensus latency = -2.0851651313918638E12 (+/- 0) us 
Propose latency = 0.0 (+/- 0) us 
Write latency = 0.0 (+/- 0) us 
Accept latency = 0.0 (+/- 0) us 
Batch average size = NaN (+/- 0) requests
TOMMessage ByteCount = 61566429:108556
LCMessage ByteCount = 55:11
StandardSMMessage ByteCount = 412:22
ConsensusMessage ByteCount = 51125640:29176
--- Measurements after 198000 ops (1000 samples) ---
Throughput = 5376.344 operations/sec (Maximum observed: 9009.009 ops/sec)
Total latency = 2.7214912242082E7 (+/- 0) us 
Consensus latency = 0.0 (+/- 0) us 
Pre-consensus latency = 0.0 (+/- 0) us 
Pos-consensus latency = -2.0851649238864543E12 (+/- 0) us 
Propose latency = 0.0 (+/- 0) us 
Write latency = 0.0 (+/- 0) us 
Accept latency = 0.0 (+/- 0) us 
Batch average size = NaN (+/- 0) requests
TOMMessage ByteCount = 61566429:108556
LCMessage ByteCount = 55:11
StandardSMMessage ByteCount = 412:22
ConsensusMessage ByteCount = 51125640:29176
--- Measurements after 199000 ops (1000 samples) ---
Throughput = 8771.93 operations/sec (Maximum observed: 9009.009 ops/sec)
Total latency = 2.7295975309976E7 (+/- 0) us 
Consensus latency = 0.0 (+/- 0) us 
Pre-consensus latency = 0.0 (+/- 0) us 
Pos-consensus latency = -2.0851647847144058E12 (+/- 0) us 
Propose latency = 0.0 (+/- 0) us 
Write latency = 0.0 (+/- 0) us 
Accept latency = 0.0 (+/- 0) us 
Batch average size = NaN (+/- 0) requests
TOMMessage ByteCount = 61566429:108556
LCMessage ByteCount = 55:11
StandardSMMessage ByteCount = 412:22
ConsensusMessage ByteCount = 51125640:29176
--- Measurements after 200000 ops (1000 samples) ---
Throughput = 8474.576 operations/sec (Maximum observed: 9009.009 ops/sec)
Total latency = 2.735891478914E7 (+/- 0) us 
Consensus latency = 0.0 (+/- 0) us 
Pre-consensus latency = 0.0 (+/- 0) us 
Pos-consensus latency = -2.0851646666125325E12 (+/- 0) us 
Propose latency = 0.0 (+/- 0) us 
Write latency = 0.0 (+/- 0) us 
Accept latency = 0.0 (+/- 0) us 
Batch average size = NaN (+/- 0) requests
TOMMessage ByteCount = 61566429:108556
LCMessage ByteCount = 55:11
StandardSMMessage ByteCount = 412:22
ConsensusMessage ByteCount = 51125640:29176
--- Measurements after 201000 ops (1000 samples) ---
Throughput = 8620.689 operations/sec (Maximum observed: 9009.009 ops/sec)
Total latency = 2.7416832757884E7 (+/- 0) us 
Consensus latency = 0.0 (+/- 0) us 
Pre-consensus latency = 0.0 (+/- 0) us 
Pos-consensus latency = -2.0851645532880796E12 (+/- 0) us 
Propose latency = 0.0 (+/- 0) us 
Write latency = 0.0 (+/- 0) us 
Accept latency = 0.0 (+/- 0) us 
Batch average size = NaN (+/- 0) requests
TOMMessage ByteCount = 61566429:108556
LCMessage ByteCount = 55:11
StandardSMMessage ByteCount = 412:22
ConsensusMessage ByteCount = 51125640:29176
--- Measurements after 202000 ops (1000 samples) ---
Throughput = 8695.652 operations/sec (Maximum observed: 9009.009 ops/sec)
Total latency = 2.7472848019787E7 (+/- 0) us 
Consensus latency = 0.0 (+/- 0) us 
Pre-consensus latency = 0.0 (+/- 0) us 
Pos-consensus latency = -2.085164435583145E12 (+/- 0) us 
Propose latency = 0.0 (+/- 0) us 
Write latency = 0.0 (+/- 0) us 
Accept latency = 0.0 (+/- 0) us 
Batch average size = NaN (+/- 0) requests
TOMMessage ByteCount = 61566429:108556
LCMessage ByteCount = 55:11
StandardSMMessage ByteCount = 412:22
ConsensusMessage ByteCount = 51125640:29176
--- Measurements after 203000 ops (1000 samples) ---
Throughput = 8547.009 operations/sec (Maximum observed: 9009.009 ops/sec)
Total latency = 2.7533609841397997E7 (+/- 0) us 
Consensus latency = 0.0 (+/- 0) us 
Pre-consensus latency = 0.0 (+/- 0) us 
Pos-consensus latency = -2.0851643215118167E12 (+/- 0) us 
Propose latency = 0.0 (+/- 0) us 
Write latency = 0.0 (+/- 0) us 
Accept latency = 0.0 (+/- 0) us 
Batch average size = NaN (+/- 0) requests
TOMMessage ByteCount = 61566429:108556
LCMessage ByteCount = 55:11
StandardSMMessage ByteCount = 412:22
ConsensusMessage ByteCount = 51125640:29176
--- Measurements after 204000 ops (1000 samples) ---
Throughput = 8620.689 operations/sec (Maximum observed: 9009.009 ops/sec)
Total latency = 2.7594458675712E7 (+/- 0) us 
Consensus latency = 0.0 (+/- 0) us 
Pre-consensus latency = 0.0 (+/- 0) us 
Pos-consensus latency = -2.0851642031618494E12 (+/- 0) us 
Propose latency = 0.0 (+/- 0) us 
Write latency = 0.0 (+/- 0) us 
Accept latency = 0.0 (+/- 0) us 
Batch average size = NaN (+/- 0) requests
TOMMessage ByteCount = 61566429:108556
LCMessage ByteCount = 55:11
StandardSMMessage ByteCount = 412:22
ConsensusMessage ByteCount = 51125640:29176
--- Measurements after 205000 ops (1000 samples) ---
Throughput = 8547.009 operations/sec (Maximum observed: 9009.009 ops/sec)
Total latency = 2.7655882638581E7 (+/- 0) us 
Consensus latency = 0.0 (+/- 0) us 
Pre-consensus latency = 0.0 (+/- 0) us 
Pos-consensus latency = -2.0851640887232566E12 (+/- 0) us 
Propose latency = 0.0 (+/- 0) us 
Write latency = 0.0 (+/- 0) us 
Accept latency = 0.0 (+/- 0) us 
Batch average size = NaN (+/- 0) requests
TOMMessage ByteCount = 61566429:108556
LCMessage ByteCount = 55:11
StandardSMMessage ByteCount = 412:22
ConsensusMessage ByteCount = 51125640:29176
--- Measurements after 206000 ops (1000 samples) ---
Throughput = 8928.571 operations/sec (Maximum observed: 9009.009 ops/sec)
Total latency = 2.7711706656554002E7 (+/- 0) us 
Consensus latency = 0.0 (+/- 0) us 
Pre-consensus latency = 0.0 (+/- 0) us 
Pos-consensus latency = -2.0851639725190562E12 (+/- 0) us 
Propose latency = 0.0 (+/- 0) us 
Write latency = 0.0 (+/- 0) us 
Accept latency = 0.0 (+/- 0) us 
Batch average size = NaN (+/- 0) requests
TOMMessage ByteCount = 61566429:108556
LCMessage ByteCount = 55:11
StandardSMMessage ByteCount = 412:22
ConsensusMessage ByteCount = 51125640:29176
-- Checkpoint is in position 26999
--- Measurements after 207000 ops (1000 samples) ---
Throughput = 1941.7476 operations/sec (Maximum observed: 9009.009 ops/sec)
Total latency = 2.7841714047686E7 (+/- 0) us 
Consensus latency = 0.0 (+/- 0) us 
Pre-consensus latency = 0.0 (+/- 0) us 
Pos-consensus latency = -2.0851637707024312E12 (+/- 0) us 
Propose latency = 0.0 (+/- 0) us 
Write latency = 0.0 (+/- 0) us 
Accept latency = 0.0 (+/- 0) us 
Batch average size = 27000.0 (+/- 0) requests
TOMMessage ByteCount = 89642789:390317
LCMessage ByteCount = 55:11
StandardSMMessage ByteCount = 412:22
ConsensusMessage ByteCount = 51125640:29176
--- Measurements after 208000 ops (1000 samples) ---
Throughput = 4608.295 operations/sec (Maximum observed: 9009.009 ops/sec)
Total latency = 2.8188987592977002E7 (+/- 0) us 
Consensus latency = 0.0 (+/- 0) us 
Pre-consensus latency = 0.0 (+/- 0) us 
Pos-consensus latency = -2.0851633027487302E12 (+/- 0) us 
Propose latency = 0.0 (+/- 0) us 
Write latency = 0.0 (+/- 0) us 
Accept latency = 0.0 (+/- 0) us 
Batch average size = NaN (+/- 0) requests
TOMMessage ByteCount = 92041902:392624
LCMessage ByteCount = 55:11
StandardSMMessage ByteCount = 412:22
ConsensusMessage ByteCount = 51125640:29176
--- Measurements after 209000 ops (1000 samples) ---
Throughput = 4115.2266 operations/sec (Maximum observed: 9009.009 ops/sec)
Total latency = 2.8358182466050997E7 (+/- 0) us 
Consensus latency = 0.0 (+/- 0) us 
Pre-consensus latency = 0.0 (+/- 0) us 
Pos-consensus latency = -2.0851630627509482E12 (+/- 0) us 
Propose latency = 0.0 (+/- 0) us 
Write latency = 0.0 (+/- 0) us 
Accept latency = 0.0 (+/- 0) us 
Batch average size = NaN (+/- 0) requests
TOMMessage ByteCount = 94505488:394993
LCMessage ByteCount = 55:11
StandardSMMessage ByteCount = 412:22
ConsensusMessage ByteCount = 51125640:29176
--- Measurements after 210000 ops (1000 samples) ---
Throughput = 4115.2266 operations/sec (Maximum observed: 9009.009 ops/sec)
Total latency = 2.8551919820261E7 (+/- 0) us 
Consensus latency = 0.0 (+/- 0) us 
Pre-consensus latency = 0.0 (+/- 0) us 
Pos-consensus latency = -2.0851628197479734E12 (+/- 0) us 
Propose latency = 0.0 (+/- 0) us 
Write latency = 0.0 (+/- 0) us 
Accept latency = 0.0 (+/- 0) us 
Batch average size = NaN (+/- 0) requests
TOMMessage ByteCount = 96563508:396972
LCMessage ByteCount = 55:11
StandardSMMessage ByteCount = 412:22
ConsensusMessage ByteCount = 51125640:29176
--- Measurements after 211000 ops (1000 samples) ---
Throughput = 6711.409 operations/sec (Maximum observed: 9009.009 ops/sec)
Total latency = 2.8728723791077998E7 (+/- 0) us 
Consensus latency = 0.0 (+/- 0) us 
Pre-consensus latency = 0.0 (+/- 0) us 
Pos-consensus latency = -2.08516262283149E12 (+/- 0) us 
Propose latency = 0.0 (+/- 0) us 
Write latency = 0.0 (+/- 0) us 
Accept latency = 0.0 (+/- 0) us 
Batch average size = NaN (+/- 0) requests
TOMMessage ByteCount = 97780219:398142
LCMessage ByteCount = 55:11
StandardSMMessage ByteCount = 412:22
ConsensusMessage ByteCount = 51125640:29176
--- Measurements after 212000 ops (1000 samples) ---
Throughput = 6711.409 operations/sec (Maximum observed: 9009.009 ops/sec)
Total latency = 2.8856737655437E7 (+/- 0) us 
Consensus latency = 0.0 (+/- 0) us 
Pre-consensus latency = 0.0 (+/- 0) us 
Pos-consensus latency = -2.0851624730968376E12 (+/- 0) us 
Propose latency = 0.0 (+/- 0) us 
Write latency = 0.0 (+/- 0) us 
Accept latency = 0.0 (+/- 0) us 
Batch average size = NaN (+/- 0) requests
TOMMessage ByteCount = 98933504:399251
LCMessage ByteCount = 55:11
StandardSMMessage ByteCount = 412:22
ConsensusMessage ByteCount = 51125640:29176
--- Measurements after 213000 ops (1000 samples) ---
Throughput = 6493.5063 operations/sec (Maximum observed: 9009.009 ops/sec)
Total latency = 2.8953355305813998E7 (+/- 0) us 
Consensus latency = 0.0 (+/- 0) us 
Pre-consensus latency = 0.0 (+/- 0) us 
Pos-consensus latency = -2.0851623217227886E12 (+/- 0) us 
Propose latency = 0.0 (+/- 0) us 
Write latency = 0.0 (+/- 0) us 
Accept latency = 0.0 (+/- 0) us 
Batch average size = NaN (+/- 0) requests
TOMMessage ByteCount = 100058705:400333
LCMessage ByteCount = 55:11
StandardSMMessage ByteCount = 412:22
ConsensusMessage ByteCount = 51125640:29176
--- Measurements after 214000 ops (1000 samples) ---
Throughput = 6211.18 operations/sec (Maximum observed: 9009.009 ops/sec)
Total latency = 2.9047928023906E7 (+/- 0) us 
Consensus latency = 0.0 (+/- 0) us 
Pre-consensus latency = 0.0 (+/- 0) us 
Pos-consensus latency = -2.0851621683206445E12 (+/- 0) us 
Propose latency = 0.0 (+/- 0) us 
Write latency = 0.0 (+/- 0) us 
Accept latency = 0.0 (+/- 0) us 
Batch average size = NaN (+/- 0) requests
TOMMessage ByteCount = 101097602:401332
LCMessage ByteCount = 55:11
StandardSMMessage ByteCount = 412:22
ConsensusMessage ByteCount = 51125640:29176
--- Measurements after 215000 ops (1000 samples) ---
Throughput = 6451.613 operations/sec (Maximum observed: 9009.009 ops/sec)
Total latency = 2.9156404146624E7 (+/- 0) us 
Consensus latency = 0.0 (+/- 0) us 
Pre-consensus latency = 0.0 (+/- 0) us 
Pos-consensus latency = -2.085162005789679E12 (+/- 0) us 
Propose latency = 0.0 (+/- 0) us 
Write latency = 0.0 (+/- 0) us 
Accept latency = 0.0 (+/- 0) us 
Batch average size = NaN (+/- 0) requests
TOMMessage ByteCount = 102117771:402313
LCMessage ByteCount = 55:11
StandardSMMessage ByteCount = 412:22
ConsensusMessage ByteCount = 51125640:29176
--- Measurements after 216000 ops (1000 samples) ---
Throughput = 6410.2563 operations/sec (Maximum observed: 9009.009 ops/sec)
Total latency = 2.9256050814895E7 (+/- 0) us 
Consensus latency = 0.0 (+/- 0) us 
Pre-consensus latency = 0.0 (+/- 0) us 
Pos-consensus latency = -2.0851618504770356E12 (+/- 0) us 
Propose latency = 0.0 (+/- 0) us 
Write latency = 0.0 (+/- 0) us 
Accept latency = 0.0 (+/- 0) us 
Batch average size = NaN (+/- 0) requests
TOMMessage ByteCount = 103100511:403258
LCMessage ByteCount = 55:11
StandardSMMessage ByteCount = 412:22
ConsensusMessage ByteCount = 51125640:29176
--- Measurements after 217000 ops (1000 samples) ---
Throughput = 6369.427 operations/sec (Maximum observed: 9009.009 ops/sec)
Total latency = 2.9357138925902E7 (+/- 0) us 
Consensus latency = 0.0 (+/- 0) us 
Pre-consensus latency = 0.0 (+/- 0) us 
Pos-consensus latency = -2.0851616942488914E12 (+/- 0) us 
Propose latency = 0.0 (+/- 0) us 
Write latency = 0.0 (+/- 0) us 
Accept latency = 0.0 (+/- 0) us 
Batch average size = NaN (+/- 0) requests
TOMMessage ByteCount = 104059323:404180
LCMessage ByteCount = 55:11
StandardSMMessage ByteCount = 412:22
ConsensusMessage ByteCount = 51125640:29176
--- Measurements after 218000 ops (1000 samples) ---
Throughput = 5988.024 operations/sec (Maximum observed: 9009.009 ops/sec)
Total latency = 2.9460339856694E7 (+/- 0) us 
Consensus latency = 0.0 (+/- 0) us 
Pre-consensus latency = 0.0 (+/- 0) us 
Pos-consensus latency = -2.085161535130697E12 (+/- 0) us 
Propose latency = 0.0 (+/- 0) us 
Write latency = 0.0 (+/- 0) us 
Accept latency = 0.0 (+/- 0) us 
Batch average size = NaN (+/- 0) requests
TOMMessage ByteCount = 104950542:405037
LCMessage ByteCount = 55:11
StandardSMMessage ByteCount = 412:22
ConsensusMessage ByteCount = 51125640:29176
--- Measurements after 219000 ops (1000 samples) ---
Throughput = 6711.409 operations/sec (Maximum observed: 9009.009 ops/sec)
Total latency = 2.9558553829152E7 (+/- 0) us 
Consensus latency = 0.0 (+/- 0) us 
Pre-consensus latency = 0.0 (+/- 0) us 
Pos-consensus latency = -2.085161373765434E12 (+/- 0) us 
Propose latency = 0.0 (+/- 0) us 
Write latency = 0.0 (+/- 0) us 
Accept latency = 0.0 (+/- 0) us 
Batch average size = NaN (+/- 0) requests
TOMMessage ByteCount = 105783521:405838
LCMessage ByteCount = 55:11
StandardSMMessage ByteCount = 412:22
ConsensusMessage ByteCount = 51125640:29176
--- Measurements after 220000 ops (1000 samples) ---
Throughput = 6711.409 operations/sec (Maximum observed: 9009.009 ops/sec)
Total latency = 2.9644633409E7 (+/- 0) us 
Consensus latency = 0.0 (+/- 0) us 
Pre-consensus latency = 0.0 (+/- 0) us 
Pos-consensus latency = -2.0851612241864155E12 (+/- 0) us 
Propose latency = 0.0 (+/- 0) us 
Write latency = 0.0 (+/- 0) us 
Accept latency = 0.0 (+/- 0) us 
Batch average size = NaN (+/- 0) requests
TOMMessage ByteCount = 106590500:406614
LCMessage ByteCount = 55:11
StandardSMMessage ByteCount = 412:22
ConsensusMessage ByteCount = 51125640:29176
--- Measurements after 221000 ops (1000 samples) ---
Throughput = 6666.6665 operations/sec (Maximum observed: 9009.009 ops/sec)
Total latency = 2.9747919134301998E7 (+/- 0) us 
Consensus latency = 0.0 (+/- 0) us 
Pre-consensus latency = 0.0 (+/- 0) us 
Pos-consensus latency = -2.0851610746094722E12 (+/- 0) us 
Propose latency = 0.0 (+/- 0) us 
Write latency = 0.0 (+/- 0) us 
Accept latency = 0.0 (+/- 0) us 
Batch average size = NaN (+/- 0) requests
TOMMessage ByteCount = 107477559:407467
LCMessage ByteCount = 55:11
StandardSMMessage ByteCount = 412:22
ConsensusMessage ByteCount = 51125640:29176
--- Measurements after 222000 ops (1000 samples) ---
Throughput = 5102.041 operations/sec (Maximum observed: 9009.009 ops/sec)
Total latency = 2.9868358878897E7 (+/- 0) us 
Consensus latency = 0.0 (+/- 0) us 
Pre-consensus latency = 0.0 (+/- 0) us 
Pos-consensus latency = -2.0851608953628503E12 (+/- 0) us 
Propose latency = 0.0 (+/- 0) us 
Write latency = 0.0 (+/- 0) us 
Accept latency = 0.0 (+/- 0) us 
Batch average size = NaN (+/- 0) requests
TOMMessage ByteCount = 109842364:409741
LCMessage ByteCount = 55:11
StandardSMMessage ByteCount = 412:22
ConsensusMessage ByteCount = 51125640:29176
--- Measurements after 223000 ops (1000 samples) ---
Throughput = 4566.21 operations/sec (Maximum observed: 9009.009 ops/sec)
Total latency = 3.0016310478937E7 (+/- 0) us 
Consensus latency = 0.0 (+/- 0) us 
Pre-consensus latency = 0.0 (+/- 0) us 
Pos-consensus latency = -2.0851606953554302E12 (+/- 0) us 
Propose latency = 0.0 (+/- 0) us 
Write latency = 0.0 (+/- 0) us 
Accept latency = 0.0 (+/- 0) us 
Batch average size = NaN (+/- 0) requests
TOMMessage ByteCount = 112297633:412102
LCMessage ByteCount = 55:11
StandardSMMessage ByteCount = 412:22
ConsensusMessage ByteCount = 51125640:29176
--- Measurements after 224000 ops (1000 samples) ---
Throughput = 5555.5557 operations/sec (Maximum observed: 9009.009 ops/sec)
Total latency = 3.0165537431006E7 (+/- 0) us 
Consensus latency = 0.0 (+/- 0) us 
Pre-consensus latency = 0.0 (+/- 0) us 
Pos-consensus latency = -2.085160492578091E12 (+/- 0) us 
Propose latency = 0.0 (+/- 0) us 
Write latency = 0.0 (+/- 0) us 
Accept latency = 0.0 (+/- 0) us 
Batch average size = NaN (+/- 0) requests
TOMMessage ByteCount = 114043668:413781
LCMessage ByteCount = 55:11
StandardSMMessage ByteCount = 412:22
ConsensusMessage ByteCount = 51125640:29176
--- Measurements after 225000 ops (1000 samples) ---
Throughput = 4807.6924 operations/sec (Maximum observed: 9009.009 ops/sec)
Total latency = 3.0304190373623002E7 (+/- 0) us 
Consensus latency = 0.0 (+/- 0) us 
Pre-consensus latency = 0.0 (+/- 0) us 
Pos-consensus latency = -2.0851602986153855E12 (+/- 0) us 
Propose latency = 0.0 (+/- 0) us 
Write latency = 0.0 (+/- 0) us 
Accept latency = 0.0 (+/- 0) us 
Batch average size = NaN (+/- 0) requests
TOMMessage ByteCount = 115768913:415440
LCMessage ByteCount = 55:11
StandardSMMessage ByteCount = 412:22
ConsensusMessage ByteCount = 51125640:29176
--- Measurements after 226000 ops (1000 samples) ---
Throughput = 5376.344 operations/sec (Maximum observed: 9009.009 ops/sec)
Total latency = 3.0442791212134E7 (+/- 0) us 
Consensus latency = 0.0 (+/- 0) us 
Pre-consensus latency = 0.0 (+/- 0) us 
Pos-consensus latency = -2.0851601039522422E12 (+/- 0) us 
Propose latency = 0.0 (+/- 0) us 
Write latency = 0.0 (+/- 0) us 
Accept latency = 0.0 (+/- 0) us 
Batch average size = NaN (+/- 0) requests
TOMMessage ByteCount = 117272647:416886
LCMessage ByteCount = 55:11
StandardSMMessage ByteCount = 412:22
ConsensusMessage ByteCount = 51125640:29176
--- Measurements after 227000 ops (1000 samples) ---
Throughput = 5434.7827 operations/sec (Maximum observed: 9009.009 ops/sec)
Total latency = 3.0578268876344003E7 (+/- 0) us 
Consensus latency = 0.0 (+/- 0) us 
Pre-consensus latency = 0.0 (+/- 0) us 
Pos-consensus latency = -2.085159910882953E12 (+/- 0) us 
Propose latency = 0.0 (+/- 0) us 
Write latency = 0.0 (+/- 0) us 
Accept latency = 0.0 (+/- 0) us 
Batch average size = NaN (+/- 0) requests
TOMMessage ByteCount = 118679665:418239
LCMessage ByteCount = 55:11
StandardSMMessage ByteCount = 412:22
ConsensusMessage ByteCount = 51125640:29176
--- Measurements after 228000 ops (1000 samples) ---
Throughput = 4761.905 operations/sec (Maximum observed: 9009.009 ops/sec)
Total latency = 3.0719105005046003E7 (+/- 0) us 
Consensus latency = 0.0 (+/- 0) us 
Pre-consensus latency = 0.0 (+/- 0) us 
Pos-consensus latency = -2.0851597155419539E12 (+/- 0) us 
Propose latency = 0.0 (+/- 0) us 
Write latency = 0.0 (+/- 0) us 
Accept latency = 0.0 (+/- 0) us 
Batch average size = NaN (+/- 0) requests
TOMMessage ByteCount = 120140777:419644
LCMessage ByteCount = 55:11
StandardSMMessage ByteCount = 412:22
ConsensusMessage ByteCount = 51125640:29176
--- Measurements after 229000 ops (1000 samples) ---
Throughput = 5347.5938 operations/sec (Maximum observed: 9009.009 ops/sec)
Total latency = 3.0851994621604E7 (+/- 0) us 
Consensus latency = 0.0 (+/- 0) us 
Pre-consensus latency = 0.0 (+/- 0) us 
Pos-consensus latency = -2.085159527227219E12 (+/- 0) us 
Propose latency = 0.0 (+/- 0) us 
Write latency = 0.0 (+/- 0) us 
Accept latency = 0.0 (+/- 0) us 
Batch average size = NaN (+/- 0) requests
TOMMessage ByteCount = 121323175:420781
LCMessage ByteCount = 55:11
StandardSMMessage ByteCount = 412:22
ConsensusMessage ByteCount = 51125640:29176
--- Measurements after 230000 ops (1000 samples) ---
Throughput = 5319.149 operations/sec (Maximum observed: 9009.009 ops/sec)
Total latency = 3.098371505666E7 (+/- 0) us 
Consensus latency = 0.0 (+/- 0) us 
Pre-consensus latency = 0.0 (+/- 0) us 
Pos-consensus latency = -2.0851593397032468E12 (+/- 0) us 
Propose latency = 0.0 (+/- 0) us 
Write latency = 0.0 (+/- 0) us 
Accept latency = 0.0 (+/- 0) us 
Batch average size = NaN (+/- 0) requests
TOMMessage ByteCount = 122512863:421925
LCMessage ByteCount = 55:11
StandardSMMessage ByteCount = 412:22
ConsensusMessage ByteCount = 51125640:29176
--- Measurements after 231000 ops (1000 samples) ---
Throughput = 5586.5923 operations/sec (Maximum observed: 9009.009 ops/sec)
Total latency = 3.1112865339982E7 (+/- 0) us 
Consensus latency = 0.0 (+/- 0) us 
Pre-consensus latency = 0.0 (+/- 0) us 
Pos-consensus latency = -2.0851591565322053E12 (+/- 0) us 
Propose latency = 0.0 (+/- 0) us 
Write latency = 0.0 (+/- 0) us 
Accept latency = 0.0 (+/- 0) us 
Batch average size = NaN (+/- 0) requests
TOMMessage ByteCount = 123595424:422966
LCMessage ByteCount = 55:11
StandardSMMessage ByteCount = 412:22
ConsensusMessage ByteCount = 51125640:29176
--- Measurements after 232000 ops (1000 samples) ---
Throughput = 6097.561 operations/sec (Maximum observed: 9009.009 ops/sec)
Total latency = 3.1238982285377E7 (+/- 0) us 
Consensus latency = 0.0 (+/- 0) us 
Pre-consensus latency = 0.0 (+/- 0) us 
Pos-consensus latency = -2.0851589748368977E12 (+/- 0) us 
Propose latency = 0.0 (+/- 0) us 
Write latency = 0.0 (+/- 0) us 
Accept latency = 0.0 (+/- 0) us 
Batch average size = NaN (+/- 0) requests
TOMMessage ByteCount = 124448165:423786
LCMessage ByteCount = 55:11
StandardSMMessage ByteCount = 412:22
ConsensusMessage ByteCount = 51125640:29176
--- Measurements after 233000 ops (1000 samples) ---
Throughput = 5586.5923 operations/sec (Maximum observed: 9009.009 ops/sec)
Total latency = 3.135612908919E7 (+/- 0) us 
Consensus latency = 0.0 (+/- 0) us 
Pre-consensus latency = 0.0 (+/- 0) us 
Pos-consensus latency = -2.085158801049614E12 (+/- 0) us 
Propose latency = 0.0 (+/- 0) us 
Write latency = 0.0 (+/- 0) us 
Accept latency = 0.0 (+/- 0) us 
Batch average size = NaN (+/- 0) requests
TOMMessage ByteCount = 125428811:424729
LCMessage ByteCount = 55:11
StandardSMMessage ByteCount = 412:22
ConsensusMessage ByteCount = 51125640:29176
-- Performing checkpoint for consensus 3071
--- Measurements after 234000 ops (1000 samples) ---
Throughput = 5025.1255 operations/sec (Maximum observed: 9009.009 ops/sec)
Total latency = 3.1477329602259997E7 (+/- 0) us 
Consensus latency = 0.0 (+/- 0) us 
Pre-consensus latency = 0.0 (+/- 0) us 
Pos-consensus latency = -2.0851586229042139E12 (+/- 0) us 
Propose latency = 0.0 (+/- 0) us 
Write latency = 0.0 (+/- 0) us 
Accept latency = 0.0 (+/- 0) us 
Batch average size = 266223.0 (+/- 0) requests
TOMMessage ByteCount = 126486421:425746
LCMessage ByteCount = 55:11
StandardSMMessage ByteCount = 412:22
ConsensusMessage ByteCount = 51125640:29176
--- Measurements after 235000 ops (1000 samples) ---
Throughput = 6666.6665 operations/sec (Maximum observed: 9009.009 ops/sec)
Total latency = 3.1602291969792E7 (+/- 0) us 
Consensus latency = 0.0 (+/- 0) us 
Pre-consensus latency = 0.0 (+/- 0) us 
Pos-consensus latency = -2.0851584431793713E12 (+/- 0) us 
Propose latency = 0.0 (+/- 0) us 
Write latency = 0.0 (+/- 0) us 
Accept latency = 0.0 (+/- 0) us 
Batch average size = NaN (+/- 0) requests
TOMMessage ByteCount = 126547775:425805
LCMessage ByteCount = 55:11
StandardSMMessage ByteCount = 412:22
ConsensusMessage ByteCount = 51125640:29176
--- Measurements after 236000 ops (1000 samples) ---
Throughput = 6666.6665 operations/sec (Maximum observed: 9009.009 ops/sec)
Total latency = 3.169580572286E7 (+/- 0) us 
Consensus latency = 0.0 (+/- 0) us 
Pre-consensus latency = 0.0 (+/- 0) us 
Pos-consensus latency = -2.085158293072199E12 (+/- 0) us 
Propose latency = 0.0 (+/- 0) us 
Write latency = 0.0 (+/- 0) us 
Accept latency = 0.0 (+/- 0) us 
Batch average size = NaN (+/- 0) requests
TOMMessage ByteCount = 126556094:425813
LCMessage ByteCount = 55:11
StandardSMMessage ByteCount = 412:22
ConsensusMessage ByteCount = 51125640:29176
--- Measurements after 237000 ops (1000 samples) ---
Throughput = 4784.689 operations/sec (Maximum observed: 9009.009 ops/sec)
Total latency = 3.1824848522295E7 (+/- 0) us 
Consensus latency = 0.0 (+/- 0) us 
Pre-consensus latency = 0.0 (+/- 0) us 
Pos-consensus latency = -2.085158108536348E12 (+/- 0) us 
Propose latency = 0.0 (+/- 0) us 
Write latency = 0.0 (+/- 0) us 
Accept latency = 0.0 (+/- 0) us 
Batch average size = NaN (+/- 0) requests
TOMMessage ByteCount = 126562334:425819
LCMessage ByteCount = 55:11
StandardSMMessage ByteCount = 412:22
ConsensusMessage ByteCount = 51125640:29176
--- Measurements after 238000 ops (1000 samples) ---
Throughput = 5952.381 operations/sec (Maximum observed: 9009.009 ops/sec)
Total latency = 3.1954266821624E7 (+/- 0) us 
Consensus latency = 0.0 (+/- 0) us 
Pre-consensus latency = 0.0 (+/- 0) us 
Pos-consensus latency = -2.085157923202813E12 (+/- 0) us 
Propose latency = 0.0 (+/- 0) us 
Write latency = 0.0 (+/- 0) us 
Accept latency = 0.0 (+/- 0) us 
Batch average size = NaN (+/- 0) requests
TOMMessage ByteCount = 126562334:425819
LCMessage ByteCount = 55:11
StandardSMMessage ByteCount = 412:22
ConsensusMessage ByteCount = 51125640:29176
--- Measurements after 239000 ops (1000 samples) ---
Throughput = 6211.18 operations/sec (Maximum observed: 9009.009 ops/sec)
Total latency = 3.2061555653968E7 (+/- 0) us 
Consensus latency = 0.0 (+/- 0) us 
Pre-consensus latency = 0.0 (+/- 0) us 
Pos-consensus latency = -2.085157760170217E12 (+/- 0) us 
Propose latency = 0.0 (+/- 0) us 
Write latency = 0.0 (+/- 0) us 
Accept latency = 0.0 (+/- 0) us 
Batch average size = NaN (+/- 0) requests
TOMMessage ByteCount = 126565454:425822
LCMessage ByteCount = 55:11
StandardSMMessage ByteCount = 412:22
ConsensusMessage ByteCount = 51125640:29176
--- Measurements after 240000 ops (1000 samples) ---
Throughput = 6451.613 operations/sec (Maximum observed: 9009.009 ops/sec)
Total latency = 3.2163969707098998E7 (+/- 0) us 
Consensus latency = 0.0 (+/- 0) us 
Pre-consensus latency = 0.0 (+/- 0) us 
Pos-consensus latency = -2.0851576006363154E12 (+/- 0) us 
Propose latency = 0.0 (+/- 0) us 
Write latency = 0.0 (+/- 0) us 
Accept latency = 0.0 (+/- 0) us 
Batch average size = NaN (+/- 0) requests
TOMMessage ByteCount = 126570653:425827
LCMessage ByteCount = 55:11
StandardSMMessage ByteCount = 412:22
ConsensusMessage ByteCount = 51125640:29176
--- Measurements after 241000 ops (1000 samples) ---
Throughput = 6711.409 operations/sec (Maximum observed: 9009.009 ops/sec)
Total latency = 3.2260052942522E7 (+/- 0) us 
Consensus latency = 0.0 (+/- 0) us 
Pre-consensus latency = 0.0 (+/- 0) us 
Pos-consensus latency = -2.0851574489379639E12 (+/- 0) us 
Propose latency = 0.0 (+/- 0) us 
Write latency = 0.0 (+/- 0) us 
Accept latency = 0.0 (+/- 0) us 
Batch average size = NaN (+/- 0) requests
TOMMessage ByteCount = 126572733:425829
LCMessage ByteCount = 55:11
StandardSMMessage ByteCount = 412:22
ConsensusMessage ByteCount = 51125640:29176
--- Measurements after 242000 ops (1000 samples) ---
Throughput = 6711.409 operations/sec (Maximum observed: 9009.009 ops/sec)
Total latency = 3.2355141334044997E7 (+/- 0) us 
Consensus latency = 0.0 (+/- 0) us 
Pre-consensus latency = 0.0 (+/- 0) us 
Pos-consensus latency = -2.0851572990101191E12 (+/- 0) us 
Propose latency = 0.0 (+/- 0) us 
Write latency = 0.0 (+/- 0) us 
Accept latency = 0.0 (+/- 0) us 
Batch average size = NaN (+/- 0) requests
TOMMessage ByteCount = 126575853:425832
LCMessage ByteCount = 55:11
StandardSMMessage ByteCount = 412:22
ConsensusMessage ByteCount = 51125640:29176
--- Measurements after 243000 ops (1000 samples) ---
Throughput = 5952.381 operations/sec (Maximum observed: 9009.009 ops/sec)
Total latency = 3.2463939938392E7 (+/- 0) us 
Consensus latency = 0.0 (+/- 0) us 
Pre-consensus latency = 0.0 (+/- 0) us 
Pos-consensus latency = -2.085157134584536E12 (+/- 0) us 
Propose latency = 0.0 (+/- 0) us 
Write latency = 0.0 (+/- 0) us 
Accept latency = 0.0 (+/- 0) us 
Batch average size = NaN (+/- 0) requests
TOMMessage ByteCount = 126582092:425838
LCMessage ByteCount = 55:11
StandardSMMessage ByteCount = 412:22
ConsensusMessage ByteCount = 51125640:29176
--- Measurements after 244000 ops (1000 samples) ---
Throughput = 6666.6665 operations/sec (Maximum observed: 9009.009 ops/sec)
Total latency = 3.256227194881E7 (+/- 0) us 
Consensus latency = 0.0 (+/- 0) us 
Pre-consensus latency = 0.0 (+/- 0) us 
Pos-consensus latency = -2.0851569799270127E12 (+/- 0) us 
Propose latency = 0.0 (+/- 0) us 
Write latency = 0.0 (+/- 0) us 
Accept latency = 0.0 (+/- 0) us 
Batch average size = NaN (+/- 0) requests
TOMMessage ByteCount = 126583132:425839
LCMessage ByteCount = 55:11
StandardSMMessage ByteCount = 412:22
ConsensusMessage ByteCount = 51125640:29176
--- Measurements after 245000 ops (1000 samples) ---
Throughput = 6666.6665 operations/sec (Maximum observed: 9009.009 ops/sec)
Total latency = 3.2655538953463003E7 (+/- 0) us 
Consensus latency = 0.0 (+/- 0) us 
Pre-consensus latency = 0.0 (+/- 0) us 
Pos-consensus latency = -2.0851568298705132E12 (+/- 0) us 
Propose latency = 0.0 (+/- 0) us 
Write latency = 0.0 (+/- 0) us 
Accept latency = 0.0 (+/- 0) us 
Batch average size = NaN (+/- 0) requests
TOMMessage ByteCount = 126583132:425839
LCMessage ByteCount = 55:11
StandardSMMessage ByteCount = 412:22
ConsensusMessage ByteCount = 51125640:29176
--- Measurements after 246000 ops (1000 samples) ---
Throughput = 6666.6665 operations/sec (Maximum observed: 9009.009 ops/sec)
Total latency = 3.2749513417133E7 (+/- 0) us 
Consensus latency = 0.0 (+/- 0) us 
Pre-consensus latency = 0.0 (+/- 0) us 
Pos-consensus latency = -2.085156679698505E12 (+/- 0) us 
Propose latency = 0.0 (+/- 0) us 
Write latency = 0.0 (+/- 0) us 
Accept latency = 0.0 (+/- 0) us 
Batch average size = NaN (+/- 0) requests
TOMMessage ByteCount = 126584172:425840
LCMessage ByteCount = 55:11
StandardSMMessage ByteCount = 412:22
ConsensusMessage ByteCount = 51125640:29176
--- Measurements after 247000 ops (1000 samples) ---
Throughput = 6666.6665 operations/sec (Maximum observed: 9009.009 ops/sec)
Total latency = 3.2844925935207002E7 (+/- 0) us 
Consensus latency = 0.0 (+/- 0) us 
Pre-consensus latency = 0.0 (+/- 0) us 
Pos-consensus latency = -2.085156529541714E12 (+/- 0) us 
Propose latency = 0.0 (+/- 0) us 
Write latency = 0.0 (+/- 0) us 
Accept latency = 0.0 (+/- 0) us 
Batch average size = NaN (+/- 0) requests
TOMMessage ByteCount = 126585212:425841
LCMessage ByteCount = 55:11
StandardSMMessage ByteCount = 412:22
ConsensusMessage ByteCount = 51125640:29176
--- Measurements after 248000 ops (1000 samples) ---
Throughput = 6666.6665 operations/sec (Maximum observed: 9009.009 ops/sec)
Total latency = 3.2939247286283E7 (+/- 0) us 
Consensus latency = 0.0 (+/- 0) us 
Pre-consensus latency = 0.0 (+/- 0) us 
Pos-consensus latency = -2.0851563793991724E12 (+/- 0) us 
Propose latency = 0.0 (+/- 0) us 
Write latency = 0.0 (+/- 0) us 
Accept latency = 0.0 (+/- 0) us 
Batch average size = NaN (+/- 0) requests
TOMMessage ByteCount = 126586252:425842
LCMessage ByteCount = 55:11
StandardSMMessage ByteCount = 412:22
ConsensusMessage ByteCount = 51125640:29176
--- Measurements after 249000 ops (1000 samples) ---
Throughput = 5917.1597 operations/sec (Maximum observed: 9009.009 ops/sec)
Total latency = 3.3047690431459E7 (+/- 0) us 
Consensus latency = 0.0 (+/- 0) us 
Pre-consensus latency = 0.0 (+/- 0) us 
Pos-consensus latency = -2.0851562159979082E12 (+/- 0) us 
Propose latency = 0.0 (+/- 0) us 
Write latency = 0.0 (+/- 0) us 
Accept latency = 0.0 (+/- 0) us 
Batch average size = NaN (+/- 0) requests
TOMMessage ByteCount = 126588332:425844
LCMessage ByteCount = 55:11
StandardSMMessage ByteCount = 412:22
ConsensusMessage ByteCount = 51125640:29176
--- Measurements after 250000 ops (1000 samples) ---
Throughput = 6666.6665 operations/sec (Maximum observed: 9009.009 ops/sec)
Total latency = 3.3147580928659E7 (+/- 0) us 
Consensus latency = 0.0 (+/- 0) us 
Pre-consensus latency = 0.0 (+/- 0) us 
Pos-consensus latency = -2.08515606046751E12 (+/- 0) us 
Propose latency = 0.0 (+/- 0) us 
Write latency = 0.0 (+/- 0) us 
Accept latency = 0.0 (+/- 0) us 
Batch average size = NaN (+/- 0) requests
TOMMessage ByteCount = 126622649:425877
LCMessage ByteCount = 55:11
StandardSMMessage ByteCount = 412:22
ConsensusMessage ByteCount = 51125640:29176
--- Measurements after 251000 ops (1000 samples) ---
Throughput = 6666.6665 operations/sec (Maximum observed: 9009.009 ops/sec)
Total latency = 3.3241795586425E7 (+/- 0) us 
Consensus latency = 0.0 (+/- 0) us 
Pre-consensus latency = 0.0 (+/- 0) us 
Pos-consensus latency = -2.0851559102530588E12 (+/- 0) us 
Propose latency = 0.0 (+/- 0) us 
Write latency = 0.0 (+/- 0) us 
Accept latency = 0.0 (+/- 0) us 
Batch average size = NaN (+/- 0) requests
TOMMessage ByteCount = 126966867:426208
LCMessage ByteCount = 55:11
StandardSMMessage ByteCount = 412:22
ConsensusMessage ByteCount = 51125640:29176
--- Measurements after 252000 ops (1000 samples) ---
Throughput = 6666.6665 operations/sec (Maximum observed: 9009.009 ops/sec)
Total latency = 3.333445976523E7 (+/- 0) us 
Consensus latency = 0.0 (+/- 0) us 
Pre-consensus latency = 0.0 (+/- 0) us 
Pos-consensus latency = -2.0851557601368672E12 (+/- 0) us 
Propose latency = 0.0 (+/- 0) us 
Write latency = 0.0 (+/- 0) us 
Accept latency = 0.0 (+/- 0) us 
Batch average size = NaN (+/- 0) requests
TOMMessage ByteCount = 127342285:426569
LCMessage ByteCount = 55:11
StandardSMMessage ByteCount = 412:22
ConsensusMessage ByteCount = 51125640:29176
--- Measurements after 253000 ops (1000 samples) ---
Throughput = 6622.5166 operations/sec (Maximum observed: 9009.009 ops/sec)
Total latency = 3.3428090547808997E7 (+/- 0) us 
Consensus latency = 0.0 (+/- 0) us 
Pre-consensus latency = 0.0 (+/- 0) us 
Pos-consensus latency = -2.0851556100070073E12 (+/- 0) us 
Propose latency = 0.0 (+/- 0) us 
Write latency = 0.0 (+/- 0) us 
Accept latency = 0.0 (+/- 0) us 
Batch average size = NaN (+/- 0) requests
TOMMessage ByteCount = 127808170:427017
LCMessage ByteCount = 55:11
StandardSMMessage ByteCount = 412:22
ConsensusMessage ByteCount = 51125640:29176
--- Measurements after 254000 ops (1000 samples) ---
Throughput = 5813.9536 operations/sec (Maximum observed: 9009.009 ops/sec)
Total latency = 3.3527443179683E7 (+/- 0) us 
Consensus latency = 0.0 (+/- 0) us 
Pre-consensus latency = 0.0 (+/- 0) us 
Pos-consensus latency = -2.0851554544282935E12 (+/- 0) us 
Propose latency = 0.0 (+/- 0) us 
Write latency = 0.0 (+/- 0) us 
Accept latency = 0.0 (+/- 0) us 
Batch average size = NaN (+/- 0) requests
TOMMessage ByteCount = 128296944:427487
LCMessage ByteCount = 55:11
StandardSMMessage ByteCount = 412:22
ConsensusMessage ByteCount = 51125640:29176
--- Measurements after 255000 ops (1000 samples) ---
Throughput = 6622.5166 operations/sec (Maximum observed: 9009.009 ops/sec)
Total latency = 3.3639147253472E7 (+/- 0) us 
Consensus latency = 0.0 (+/- 0) us 
Pre-consensus latency = 0.0 (+/- 0) us 
Pos-consensus latency = -2.0851552867687642E12 (+/- 0) us 
Propose latency = 0.0 (+/- 0) us 
Write latency = 0.0 (+/- 0) us 
Accept latency = 0.0 (+/- 0) us 
Batch average size = NaN (+/- 0) requests
TOMMessage ByteCount = 128768034:427940
LCMessage ByteCount = 55:11
StandardSMMessage ByteCount = 412:22
ConsensusMessage ByteCount = 51125640:29176
--- Measurements after 256000 ops (1000 samples) ---
Throughput = 6622.5166 operations/sec (Maximum observed: 9009.009 ops/sec)
Total latency = 3.3734419213325E7 (+/- 0) us 
Consensus latency = 0.0 (+/- 0) us 
Pre-consensus latency = 0.0 (+/- 0) us 
Pos-consensus latency = -2.0851551358083113E12 (+/- 0) us 
Propose latency = 0.0 (+/- 0) us 
Write latency = 0.0 (+/- 0) us 
Accept latency = 0.0 (+/- 0) us 
Batch average size = NaN (+/- 0) requests
TOMMessage ByteCount = 129170485:428327
LCMessage ByteCount = 55:11
StandardSMMessage ByteCount = 412:22
ConsensusMessage ByteCount = 51125640:29176
--- Measurements after 257000 ops (1000 samples) ---
Throughput = 6622.5166 operations/sec (Maximum observed: 9009.009 ops/sec)
Total latency = 3.3830765581529E7 (+/- 0) us 
Consensus latency = 0.0 (+/- 0) us 
Pre-consensus latency = 0.0 (+/- 0) us 
Pos-consensus latency = -2.0851549842921372E12 (+/- 0) us 
Propose latency = 0.0 (+/- 0) us 
Write latency = 0.0 (+/- 0) us 
Accept latency = 0.0 (+/- 0) us 
Batch average size = NaN (+/- 0) requests
TOMMessage ByteCount = 129614532:428754
LCMessage ByteCount = 55:11
StandardSMMessage ByteCount = 412:22
ConsensusMessage ByteCount = 51125640:29176
--- Measurements after 258000 ops (1000 samples) ---
Throughput = 6578.9473 operations/sec (Maximum observed: 9009.009 ops/sec)
Total latency = 3.3927589624111E7 (+/- 0) us 
Consensus latency = 0.0 (+/- 0) us 
Pre-consensus latency = 0.0 (+/- 0) us 
Pos-consensus latency = -2.0851548321593804E12 (+/- 0) us 
Propose latency = 0.0 (+/- 0) us 
Write latency = 0.0 (+/- 0) us 
Accept latency = 0.0 (+/- 0) us 
Batch average size = NaN (+/- 0) requests
TOMMessage ByteCount = 129984744:429110
LCMessage ByteCount = 55:11
StandardSMMessage ByteCount = 412:22
ConsensusMessage ByteCount = 51125640:29176
--- Measurements after 259000 ops (1000 samples) ---
Throughput = 6578.9473 operations/sec (Maximum observed: 9009.009 ops/sec)
Total latency = 3.401984517152E7 (+/- 0) us 
Consensus latency = 0.0 (+/- 0) us 
Pre-consensus latency = 0.0 (+/- 0) us 
Pos-consensus latency = -2.0851546799070317E12 (+/- 0) us 
Propose latency = 0.0 (+/- 0) us 
Write latency = 0.0 (+/- 0) us 
Accept latency = 0.0 (+/- 0) us 
Batch average size = NaN (+/- 0) requests
TOMMessage ByteCount = 130384080:429494
LCMessage ByteCount = 55:11
StandardSMMessage ByteCount = 412:22
ConsensusMessage ByteCount = 51125640:29176
--- Measurements after 260000 ops (1000 samples) ---
Throughput = 5882.353 operations/sec (Maximum observed: 9009.009 ops/sec)
Total latency = 3.4129907658993E7 (+/- 0) us 
Consensus latency = 0.0 (+/- 0) us 
Pre-consensus latency = 0.0 (+/- 0) us 
Pos-consensus latency = -2.0851545189710955E12 (+/- 0) us 
Propose latency = 0.0 (+/- 0) us 
Write latency = 0.0 (+/- 0) us 
Accept latency = 0.0 (+/- 0) us 
Batch average size = NaN (+/- 0) requests
TOMMessage ByteCount = 130823969:429917
LCMessage ByteCount = 55:11
StandardSMMessage ByteCount = 412:22
ConsensusMessage ByteCount = 51125640:29176
--- Measurements after 261000 ops (1000 samples) ---
Throughput = 6578.9473 operations/sec (Maximum observed: 9009.009 ops/sec)
Total latency = 3.4234040170274E7 (+/- 0) us 
Consensus latency = 0.0 (+/- 0) us 
Pre-consensus latency = 0.0 (+/- 0) us 
Pos-consensus latency = -2.0851543569773535E12 (+/- 0) us 
Propose latency = 0.0 (+/- 0) us 
Write latency = 0.0 (+/- 0) us 
Accept latency = 0.0 (+/- 0) us 
Batch average size = NaN (+/- 0) requests
TOMMessage ByteCount = 131276332:430352
LCMessage ByteCount = 55:11
StandardSMMessage ByteCount = 412:22
ConsensusMessage ByteCount = 51125640:29176
--- Measurements after 262000 ops (1000 samples) ---
Throughput = 6666.6665 operations/sec (Maximum observed: 9009.009 ops/sec)
Total latency = 3.432760069823E7 (+/- 0) us 
Consensus latency = 0.0 (+/- 0) us 
Pre-consensus latency = 0.0 (+/- 0) us 
Pos-consensus latency = -2.0851542067239375E12 (+/- 0) us 
Propose latency = 0.0 (+/- 0) us 
Write latency = 0.0 (+/- 0) us 
Accept latency = 0.0 (+/- 0) us 
Batch average size = NaN (+/- 0) requests
TOMMessage ByteCount = 131616388:430679
LCMessage ByteCount = 55:11
StandardSMMessage ByteCount = 412:22
ConsensusMessage ByteCount = 51125640:29176
--- Measurements after 263000 ops (1000 samples) ---
Throughput = 6666.6665 operations/sec (Maximum observed: 9009.009 ops/sec)
Total latency = 3.4421481734379E7 (+/- 0) us 
Consensus latency = 0.0 (+/- 0) us 
Pre-consensus latency = 0.0 (+/- 0) us 
Pos-consensus latency = -2.0851540567070122E12 (+/- 0) us 
Propose latency = 0.0 (+/- 0) us 
Write latency = 0.0 (+/- 0) us 
Accept latency = 0.0 (+/- 0) us 
Batch average size = NaN (+/- 0) requests
TOMMessage ByteCount = 131921083:430972
LCMessage ByteCount = 55:11
StandardSMMessage ByteCount = 412:22
ConsensusMessage ByteCount = 51125640:29176
--- Measurements after 264000 ops (1000 samples) ---
Throughput = 6666.6665 operations/sec (Maximum observed: 9009.009 ops/sec)
Total latency = 3.4515708929635E7 (+/- 0) us 
Consensus latency = 0.0 (+/- 0) us 
Pre-consensus latency = 0.0 (+/- 0) us 
Pos-consensus latency = -2.08515390664281E12 (+/- 0) us 
Propose latency = 0.0 (+/- 0) us 
Write latency = 0.0 (+/- 0) us 
Accept latency = 0.0 (+/- 0) us 
Batch average size = NaN (+/- 0) requests
TOMMessage ByteCount = 132242417:431281
LCMessage ByteCount = 55:11
StandardSMMessage ByteCount = 412:22
ConsensusMessage ByteCount = 51125640:29176
--- Measurements after 265000 ops (1000 samples) ---
Throughput = 6666.6665 operations/sec (Maximum observed: 9009.009 ops/sec)
Total latency = 3.4608069636402E7 (+/- 0) us 
Consensus latency = 0.0 (+/- 0) us 
Pre-consensus latency = 0.0 (+/- 0) us 
Pos-consensus latency = -2.085153756642261E12 (+/- 0) us 
Propose latency = 0.0 (+/- 0) us 
Write latency = 0.0 (+/- 0) us 
Accept latency = 0.0 (+/- 0) us 
Batch average size = NaN (+/- 0) requests
TOMMessage ByteCount = 132656310:431679
LCMessage ByteCount = 55:11
StandardSMMessage ByteCount = 412:22
ConsensusMessage ByteCount = 51125640:29176
--- Measurements after 266000 ops (1000 samples) ---
Throughput = 5882.353 operations/sec (Maximum observed: 9009.009 ops/sec)
Total latency = 3.4715989136279E7 (+/- 0) us 
Consensus latency = 0.0 (+/- 0) us 
Pre-consensus latency = 0.0 (+/- 0) us 
Pos-consensus latency = -2.0851535937112217E12 (+/- 0) us 
Propose latency = 0.0 (+/- 0) us 
Write latency = 0.0 (+/- 0) us 
Accept latency = 0.0 (+/- 0) us 
Batch average size = NaN (+/- 0) requests
TOMMessage ByteCount = 133021329:432030
LCMessage ByteCount = 55:11
StandardSMMessage ByteCount = 412:22
ConsensusMessage ByteCount = 51125640:29176
--- Measurements after 267000 ops (1000 samples) ---
Throughput = 6666.6665 operations/sec (Maximum observed: 9009.009 ops/sec)
Total latency = 3.4817433801445E7 (+/- 0) us 
Consensus latency = 0.0 (+/- 0) us 
Pre-consensus latency = 0.0 (+/- 0) us 
Pos-consensus latency = -2.0851534364573914E12 (+/- 0) us 
Propose latency = 0.0 (+/- 0) us 
Write latency = 0.0 (+/- 0) us 
Accept latency = 0.0 (+/- 0) us 
Batch average size = NaN (+/- 0) requests
TOMMessage ByteCount = 133370746:432366
LCMessage ByteCount = 55:11
StandardSMMessage ByteCount = 412:22
ConsensusMessage ByteCount = 51125640:29176
--- Measurements after 268000 ops (1000 samples) ---
Throughput = 6666.6665 operations/sec (Maximum observed: 9009.009 ops/sec)
Total latency = 3.4911610564998E7 (+/- 0) us 
Consensus latency = 0.0 (+/- 0) us 
Pre-consensus latency = 0.0 (+/- 0) us 
Pos-consensus latency = -2.0851532864314685E12 (+/- 0) us 
Propose latency = 0.0 (+/- 0) us 
Write latency = 0.0 (+/- 0) us 
Accept latency = 0.0 (+/- 0) us 
Batch average size = NaN (+/- 0) requests
TOMMessage ByteCount = 133743040:432724
LCMessage ByteCount = 55:11
StandardSMMessage ByteCount = 412:22
ConsensusMessage ByteCount = 51125640:29176
--- Measurements after 269000 ops (1000 samples) ---
Throughput = 6666.6665 operations/sec (Maximum observed: 9009.009 ops/sec)
Total latency = 3.5005868818935E7 (+/- 0) us 
Consensus latency = 0.0 (+/- 0) us 
Pre-consensus latency = 0.0 (+/- 0) us 
Pos-consensus latency = -2.085153136440696E12 (+/- 0) us 
Propose latency = 0.0 (+/- 0) us 
Write latency = 0.0 (+/- 0) us 
Accept latency = 0.0 (+/- 0) us 
Batch average size = NaN (+/- 0) requests
TOMMessage ByteCount = 134050860:433020
LCMessage ByteCount = 55:11
StandardSMMessage ByteCount = 412:22
ConsensusMessage ByteCount = 51125640:29176
--- Measurements after 270000 ops (1000 samples) ---
Throughput = 6666.6665 operations/sec (Maximum observed: 9009.009 ops/sec)
Total latency = 3.5099585489634E7 (+/- 0) us 
Consensus latency = 0.0 (+/- 0) us 
Pre-consensus latency = 0.0 (+/- 0) us 
Pos-consensus latency = -2.085152986737453E12 (+/- 0) us 
Propose latency = 0.0 (+/- 0) us 
Write latency = 0.0 (+/- 0) us 
Accept latency = 0.0 (+/- 0) us 
Batch average size = NaN (+/- 0) requests
TOMMessage ByteCount = 134379482:433336
LCMessage ByteCount = 55:11
StandardSMMessage ByteCount = 412:22
ConsensusMessage ByteCount = 51125640:29176
--- Measurements after 271000 ops (1000 samples) ---
Throughput = 6666.6665 operations/sec (Maximum observed: 9009.009 ops/sec)
Total latency = 3.5192708516271E7 (+/- 0) us 
Consensus latency = 0.0 (+/- 0) us 
Pre-consensus latency = 0.0 (+/- 0) us 
Pos-consensus latency = -2.0851528368313975E12 (+/- 0) us 
Propose latency = 0.0 (+/- 0) us 
Write latency = 0.0 (+/- 0) us 
Accept latency = 0.0 (+/- 0) us 
Batch average size = NaN (+/- 0) requests
TOMMessage ByteCount = 134745536:433688
LCMessage ByteCount = 55:11
StandardSMMessage ByteCount = 412:22
ConsensusMessage ByteCount = 51125640:29176
--- Measurements after 272000 ops (1000 samples) ---
Throughput = 5882.353 operations/sec (Maximum observed: 9009.009 ops/sec)
Total latency = 3.5304632324069E7 (+/- 0) us 
Consensus latency = 0.0 (+/- 0) us 
Pre-consensus latency = 0.0 (+/- 0) us 
Pos-consensus latency = -2.0851526695338787E12 (+/- 0) us 
Propose latency = 0.0 (+/- 0) us 
Write latency = 0.0 (+/- 0) us 
Accept latency = 0.0 (+/- 0) us 
Batch average size = NaN (+/- 0) requests
TOMMessage ByteCount = 135127187:434055
LCMessage ByteCount = 55:11
StandardSMMessage ByteCount = 412:22
ConsensusMessage ByteCount = 51125640:29176
--- Measurements after 273000 ops (1000 samples) ---
Throughput = 6666.6665 operations/sec (Maximum observed: 9009.009 ops/sec)
Total latency = 3.5402189943381E7 (+/- 0) us 
Consensus latency = 0.0 (+/- 0) us 
Pre-consensus latency = 0.0 (+/- 0) us 
Pos-consensus latency = -2.0851525160852087E12 (+/- 0) us 
Propose latency = 0.0 (+/- 0) us 
Write latency = 0.0 (+/- 0) us 
Accept latency = 0.0 (+/- 0) us 
Batch average size = NaN (+/- 0) requests
TOMMessage ByteCount = 135467245:434382
LCMessage ByteCount = 55:11
StandardSMMessage ByteCount = 412:22
ConsensusMessage ByteCount = 51125640:29176
--- Measurements after 274000 ops (1000 samples) ---
Throughput = 6666.6665 operations/sec (Maximum observed: 9009.009 ops/sec)
Total latency = 3.5496176724014E7 (+/- 0) us 
Consensus latency = 0.0 (+/- 0) us 
Pre-consensus latency = 0.0 (+/- 0) us 
Pos-consensus latency = -2.0851523660672917E12 (+/- 0) us 
Propose latency = 0.0 (+/- 0) us 
Write latency = 0.0 (+/- 0) us 
Accept latency = 0.0 (+/- 0) us 
Batch average size = NaN (+/- 0) requests
TOMMessage ByteCount = 135841618:434742
LCMessage ByteCount = 55:11
StandardSMMessage ByteCount = 412:22
ConsensusMessage ByteCount = 51125640:29176
--- Measurements after 275000 ops (1000 samples) ---
Throughput = 6622.5166 operations/sec (Maximum observed: 9009.009 ops/sec)
Total latency = 3.5590767346615E7 (+/- 0) us 
Consensus latency = 0.0 (+/- 0) us 
Pre-consensus latency = 0.0 (+/- 0) us 
Pos-consensus latency = -2.0851522160204182E12 (+/- 0) us 
Propose latency = 0.0 (+/- 0) us 
Write latency = 0.0 (+/- 0) us 
Accept latency = 0.0 (+/- 0) us 
Batch average size = NaN (+/- 0) requests
TOMMessage ByteCount = 136118235:435008
LCMessage ByteCount = 55:11
StandardSMMessage ByteCount = 412:22
ConsensusMessage ByteCount = 51125640:29176
--- Measurements after 276000 ops (1000 samples) ---
Throughput = 6666.6665 operations/sec (Maximum observed: 9009.009 ops/sec)
Total latency = 3.5685076637106E7 (+/- 0) us 
Consensus latency = 0.0 (+/- 0) us 
Pre-consensus latency = 0.0 (+/- 0) us 
Pos-consensus latency = -2.0851520659460247E12 (+/- 0) us 
Propose latency = 0.0 (+/- 0) us 
Write latency = 0.0 (+/- 0) us 
Accept latency = 0.0 (+/- 0) us 
Batch average size = NaN (+/- 0) requests
TOMMessage ByteCount = 136428134:435306
LCMessage ByteCount = 55:11
StandardSMMessage ByteCount = 412:22
ConsensusMessage ByteCount = 51125640:29176
--- Measurements after 277000 ops (1000 samples) ---
Throughput = 5649.7173 operations/sec (Maximum observed: 9009.009 ops/sec)
Total latency = 3.5781278045687E7 (+/- 0) us 
Consensus latency = 0.0 (+/- 0) us 
Pre-consensus latency = 0.0 (+/- 0) us 
Pos-consensus latency = -2.085151913885208E12 (+/- 0) us 
Propose latency = 0.0 (+/- 0) us 
Write latency = 0.0 (+/- 0) us 
Accept latency = 0.0 (+/- 0) us 
Batch average size = NaN (+/- 0) requests
TOMMessage ByteCount = 136821229:435684
LCMessage ByteCount = 55:11
StandardSMMessage ByteCount = 412:22
ConsensusMessage ByteCount = 51125640:29176
--- Measurements after 278000 ops (1000 samples) ---
Throughput = 6666.6665 operations/sec (Maximum observed: 9009.009 ops/sec)
Total latency = 3.5899420717627995E7 (+/- 0) us 
Consensus latency = 0.0 (+/- 0) us 
Pre-consensus latency = 0.0 (+/- 0) us 
Pos-consensus latency = -2.0851517381965122E12 (+/- 0) us 
Propose latency = 0.0 (+/- 0) us 
Write latency = 0.0 (+/- 0) us 
Accept latency = 0.0 (+/- 0) us 
Batch average size = NaN (+/- 0) requests
TOMMessage ByteCount = 137138410:435989
LCMessage ByteCount = 55:11
StandardSMMessage ByteCount = 412:22
ConsensusMessage ByteCount = 51125640:29176
--- Measurements after 279000 ops (1000 samples) ---
Throughput = 6711.409 operations/sec (Maximum observed: 9009.009 ops/sec)
Total latency = 3.5996473692514E7 (+/- 0) us 
Consensus latency = 0.0 (+/- 0) us 
Pre-consensus latency = 0.0 (+/- 0) us 
Pos-consensus latency = -2.0851515885254436E12 (+/- 0) us 
Propose latency = 0.0 (+/- 0) us 
Write latency = 0.0 (+/- 0) us 
Accept latency = 0.0 (+/- 0) us 
Batch average size = NaN (+/- 0) requests
TOMMessage ByteCount = 137451424:436290
LCMessage ByteCount = 55:11
StandardSMMessage ByteCount = 412:22
ConsensusMessage ByteCount = 51125640:29176
--- Measurements after 280000 ops (1000 samples) ---
Throughput = 6666.6665 operations/sec (Maximum observed: 9009.009 ops/sec)
Total latency = 3.6090504466833E7 (+/- 0) us 
Consensus latency = 0.0 (+/- 0) us 
Pre-consensus latency = 0.0 (+/- 0) us 
Pos-consensus latency = -2.0851514384594204E12 (+/- 0) us 
Propose latency = 0.0 (+/- 0) us 
Write latency = 0.0 (+/- 0) us 
Accept latency = 0.0 (+/- 0) us 
Batch average size = NaN (+/- 0) requests
TOMMessage ByteCount = 137766520:436593
LCMessage ByteCount = 55:11
StandardSMMessage ByteCount = 412:22
ConsensusMessage ByteCount = 51125640:29176
--- Measurements after 281000 ops (1000 samples) ---
Throughput = 6756.757 operations/sec (Maximum observed: 9009.009 ops/sec)
Total latency = 3.6183642651016E7 (+/- 0) us 
Consensus latency = 0.0 (+/- 0) us 
Pre-consensus latency = 0.0 (+/- 0) us 
Pos-consensus latency = -2.085151289397208E12 (+/- 0) us 
Propose latency = 0.0 (+/- 0) us 
Write latency = 0.0 (+/- 0) us 
Accept latency = 0.0 (+/- 0) us 
Batch average size = NaN (+/- 0) requests
TOMMessage ByteCount = 138074338:436889
LCMessage ByteCount = 55:11
StandardSMMessage ByteCount = 412:22
ConsensusMessage ByteCount = 51125640:29176
--- Measurements after 282000 ops (1000 samples) ---
Throughput = 6666.6665 operations/sec (Maximum observed: 9009.009 ops/sec)
Total latency = 3.6277481294615E7 (+/- 0) us 
Consensus latency = 0.0 (+/- 0) us 
Pre-consensus latency = 0.0 (+/- 0) us 
Pos-consensus latency = -2.0851511408065803E12 (+/- 0) us 
Propose latency = 0.0 (+/- 0) us 
Write latency = 0.0 (+/- 0) us 
Accept latency = 0.0 (+/- 0) us 
Batch average size = NaN (+/- 0) requests
TOMMessage ByteCount = 138391520:437194
LCMessage ByteCount = 55:11
StandardSMMessage ByteCount = 412:22
ConsensusMessage ByteCount = 51125640:29176
--- Measurements after 283000 ops (1000 samples) ---
Throughput = 4672.897 operations/sec (Maximum observed: 9009.009 ops/sec)
Total latency = 3.6394243966377996E7 (+/- 0) us 
Consensus latency = 0.0 (+/- 0) us 
Pre-consensus latency = 0.0 (+/- 0) us 
Pos-consensus latency = -2.0851509688848047E12 (+/- 0) us 
Propose latency = 0.0 (+/- 0) us 
Write latency = 0.0 (+/- 0) us 
Accept latency = 0.0 (+/- 0) us 
Batch average size = NaN (+/- 0) requests
TOMMessage ByteCount = 138821011:437607
LCMessage ByteCount = 55:11
StandardSMMessage ByteCount = 412:22
ConsensusMessage ByteCount = 51125640:29176
--- Measurements after 284000 ops (1000 samples) ---
Throughput = 4651.1626 operations/sec (Maximum observed: 9009.009 ops/sec)
Total latency = 3.6562980759546E7 (+/- 0) us 
Consensus latency = 0.0 (+/- 0) us 
Pre-consensus latency = 0.0 (+/- 0) us 
Pos-consensus latency = -2.0851507434081873E12 (+/- 0) us 
Propose latency = 0.0 (+/- 0) us 
Write latency = 0.0 (+/- 0) us 
Accept latency = 0.0 (+/- 0) us 
Batch average size = NaN (+/- 0) requests
TOMMessage ByteCount = 139270263:438039
LCMessage ByteCount = 55:11
StandardSMMessage ByteCount = 412:22
ConsensusMessage ByteCount = 51125640:29176
--- Measurements after 285000 ops (1000 samples) ---
Throughput = 4629.6294 operations/sec (Maximum observed: 9009.009 ops/sec)
Total latency = 3.6722958289602995E7 (+/- 0) us 
Consensus latency = 0.0 (+/- 0) us 
Pre-consensus latency = 0.0 (+/- 0) us 
Pos-consensus latency = -2.085150528789917E12 (+/- 0) us 
Propose latency = 0.0 (+/- 0) us 
Write latency = 0.0 (+/- 0) us 
Accept latency = 0.0 (+/- 0) us 
Batch average size = NaN (+/- 0) requests
TOMMessage ByteCount = 139627996:438383
LCMessage ByteCount = 55:11
StandardSMMessage ByteCount = 412:22
ConsensusMessage ByteCount = 51125640:29176
--- Measurements after 286000 ops (1000 samples) ---
Throughput = 4629.6294 operations/sec (Maximum observed: 9009.009 ops/sec)
Total latency = 3.6884775344016E7 (+/- 0) us 
Consensus latency = 0.0 (+/- 0) us 
Pre-consensus latency = 0.0 (+/- 0) us 
Pos-consensus latency = -2.0851503122209514E12 (+/- 0) us 
Propose latency = 0.0 (+/- 0) us 
Write latency = 0.0 (+/- 0) us 
Accept latency = 0.0 (+/- 0) us 
Batch average size = NaN (+/- 0) requests
TOMMessage ByteCount = 139981578:438723
LCMessage ByteCount = 55:11
StandardSMMessage ByteCount = 412:22
ConsensusMessage ByteCount = 51125640:29176
--- Measurements after 287000 ops (1000 samples) ---
Throughput = 4629.6294 operations/sec (Maximum observed: 9009.009 ops/sec)
Total latency = 3.7045663693440005E7 (+/- 0) us 
Consensus latency = 0.0 (+/- 0) us 
Pre-consensus latency = 0.0 (+/- 0) us 
Pos-consensus latency = -2.0851500964662886E12 (+/- 0) us 
Propose latency = 0.0 (+/- 0) us 
Write latency = 0.0 (+/- 0) us 
Accept latency = 0.0 (+/- 0) us 
Batch average size = NaN (+/- 0) requests
TOMMessage ByteCount = 140403789:439129
LCMessage ByteCount = 55:11
StandardSMMessage ByteCount = 412:22
ConsensusMessage ByteCount = 51125640:29176
--- Measurements after 288000 ops (1000 samples) ---
Throughput = 4672.897 operations/sec (Maximum observed: 9009.009 ops/sec)
Total latency = 3.7205280394492E7 (+/- 0) us 
Consensus latency = 0.0 (+/- 0) us 
Pre-consensus latency = 0.0 (+/- 0) us 
Pos-consensus latency = -2.0851498814289734E12 (+/- 0) us 
Propose latency = 0.0 (+/- 0) us 
Write latency = 0.0 (+/- 0) us 
Accept latency = 0.0 (+/- 0) us 
Batch average size = NaN (+/- 0) requests
TOMMessage ByteCount = 140782325:439493
LCMessage ByteCount = 55:11
StandardSMMessage ByteCount = 412:22
ConsensusMessage ByteCount = 51125640:29176
--- Measurements after 289000 ops (1000 samples) ---
Throughput = 3831.4177 operations/sec (Maximum observed: 9009.009 ops/sec)
Total latency = 3.7404993193433E7 (+/- 0) us 
Consensus latency = 0.0 (+/- 0) us 
Pre-consensus latency = 0.0 (+/- 0) us 
Pos-consensus latency = -2.0851496255413003E12 (+/- 0) us 
Propose latency = 0.0 (+/- 0) us 
Write latency = 0.0 (+/- 0) us 
Accept latency = 0.0 (+/- 0) us 
Batch average size = NaN (+/- 0) requests
TOMMessage ByteCount = 141193102:439888
LCMessage ByteCount = 55:11
StandardSMMessage ByteCount = 412:22
ConsensusMessage ByteCount = 51125640:29176
--- Measurements after 290000 ops (1000 samples) ---
Throughput = 4739.3364 operations/sec (Maximum observed: 9009.009 ops/sec)
Total latency = 3.756298967898E7 (+/- 0) us 
Consensus latency = 0.0 (+/- 0) us 
Pre-consensus latency = 0.0 (+/- 0) us 
Pos-consensus latency = -2.0851494085751536E12 (+/- 0) us 
Propose latency = 0.0 (+/- 0) us 
Write latency = 0.0 (+/- 0) us 
Accept latency = 0.0 (+/- 0) us 
Batch average size = NaN (+/- 0) requests
TOMMessage ByteCount = 141557081:440238
LCMessage ByteCount = 55:11
StandardSMMessage ByteCount = 412:22
ConsensusMessage ByteCount = 51125640:29176
--- Measurements after 291000 ops (1000 samples) ---
Throughput = 4716.981 operations/sec (Maximum observed: 9009.009 ops/sec)
Total latency = 3.7722655504706E7 (+/- 0) us 
Consensus latency = 0.0 (+/- 0) us 
Pre-consensus latency = 0.0 (+/- 0) us 
Pos-consensus latency = -2.0851491961845696E12 (+/- 0) us 
Propose latency = 0.0 (+/- 0) us 
Write latency = 0.0 (+/- 0) us 
Accept latency = 0.0 (+/- 0) us 
Batch average size = NaN (+/- 0) requests
TOMMessage ByteCount = 141925215:440592
LCMessage ByteCount = 55:11
StandardSMMessage ByteCount = 412:22
ConsensusMessage ByteCount = 51125640:29176
--- Measurements after 292000 ops (1000 samples) ---
Throughput = 4761.905 operations/sec (Maximum observed: 9009.009 ops/sec)
Total latency = 3.7878074372495E7 (+/- 0) us 
Consensus latency = 0.0 (+/- 0) us 
Pre-consensus latency = 0.0 (+/- 0) us 
Pos-consensus latency = -2.085148985406334E12 (+/- 0) us 
Propose latency = 0.0 (+/- 0) us 
Write latency = 0.0 (+/- 0) us 
Accept latency = 0.0 (+/- 0) us 
Batch average size = NaN (+/- 0) requests
TOMMessage ByteCount = 142278788:440932
LCMessage ByteCount = 55:11
StandardSMMessage ByteCount = 412:22
ConsensusMessage ByteCount = 51125640:29176
--- Measurements after 293000 ops (1000 samples) ---
Throughput = 4761.905 operations/sec (Maximum observed: 9009.009 ops/sec)
Total latency = 3.8030955503517E7 (+/- 0) us 
Consensus latency = 0.0 (+/- 0) us 
Pre-consensus latency = 0.0 (+/- 0) us 
Pos-consensus latency = -2.0851487756072354E12 (+/- 0) us 
Propose latency = 0.0 (+/- 0) us 
Write latency = 0.0 (+/- 0) us 
Accept latency = 0.0 (+/- 0) us 
Batch average size = NaN (+/- 0) requests
TOMMessage ByteCount = 142687478:441325
LCMessage ByteCount = 55:11
StandardSMMessage ByteCount = 412:22
ConsensusMessage ByteCount = 51125640:29176
--- Measurements after 294000 ops (1000 samples) ---
Throughput = 3921.5686 operations/sec (Maximum observed: 9009.009 ops/sec)
Total latency = 3.818964135977E7 (+/- 0) us 
Consensus latency = 0.0 (+/- 0) us 
Pre-consensus latency = 0.0 (+/- 0) us 
Pos-consensus latency = -2.0851485616761558E12 (+/- 0) us 
Propose latency = 0.0 (+/- 0) us 
Write latency = 0.0 (+/- 0) us 
Accept latency = 0.0 (+/- 0) us 
Batch average size = NaN (+/- 0) requests
TOMMessage ByteCount = 143080572:441703
LCMessage ByteCount = 55:11
StandardSMMessage ByteCount = 412:22
ConsensusMessage ByteCount = 51125640:29176
--- Measurements after 295000 ops (1000 samples) ---
Throughput = 4716.981 operations/sec (Maximum observed: 9009.009 ops/sec)
Total latency = 3.8386434459566005E7 (+/- 0) us 
Consensus latency = 0.0 (+/- 0) us 
Pre-consensus latency = 0.0 (+/- 0) us 
Pos-consensus latency = -2.0851483092784917E12 (+/- 0) us 
Propose latency = 0.0 (+/- 0) us 
Write latency = 0.0 (+/- 0) us 
Accept latency = 0.0 (+/- 0) us 
Batch average size = NaN (+/- 0) requests
TOMMessage ByteCount = 143446630:442055
LCMessage ByteCount = 55:11
StandardSMMessage ByteCount = 412:22
ConsensusMessage ByteCount = 51125640:29176
--- Measurements after 296000 ops (1000 samples) ---
Throughput = 5263.1577 operations/sec (Maximum observed: 9009.009 ops/sec)
Total latency = 3.8537172088833E7 (+/- 0) us 
Consensus latency = 0.0 (+/- 0) us 
Pre-consensus latency = 0.0 (+/- 0) us 
Pos-consensus latency = -2.0851481008976245E12 (+/- 0) us 
Propose latency = 0.0 (+/- 0) us 
Write latency = 0.0 (+/- 0) us 
Accept latency = 0.0 (+/- 0) us 
Batch average size = NaN (+/- 0) requests
TOMMessage ByteCount = 143799162:442394
LCMessage ByteCount = 55:11
StandardSMMessage ByteCount = 412:22
ConsensusMessage ByteCount = 51125640:29176
--- Measurements after 297000 ops (1000 samples) ---
Throughput = 6666.6665 operations/sec (Maximum observed: 9009.009 ops/sec)
Total latency = 3.8646180746133E7 (+/- 0) us 
Consensus latency = 0.0 (+/- 0) us 
Pre-consensus latency = 0.0 (+/- 0) us 
Pos-consensus latency = -2.0851479365628474E12 (+/- 0) us 
Propose latency = 0.0 (+/- 0) us 
Write latency = 0.0 (+/- 0) us 
Accept latency = 0.0 (+/- 0) us 
Batch average size = NaN (+/- 0) requests
TOMMessage ByteCount = 144031067:442617
LCMessage ByteCount = 55:11
StandardSMMessage ByteCount = 412:22
ConsensusMessage ByteCount = 51125640:29176
--- Measurements after 298000 ops (1000 samples) ---
Throughput = 6756.757 operations/sec (Maximum observed: 9009.009 ops/sec)
Total latency = 3.8740649596047E7 (+/- 0) us 
Consensus latency = 0.0 (+/- 0) us 
Pre-consensus latency = 0.0 (+/- 0) us 
Pos-consensus latency = -2.0851477878680815E12 (+/- 0) us 
Propose latency = 0.0 (+/- 0) us 
Write latency = 0.0 (+/- 0) us 
Accept latency = 0.0 (+/- 0) us 
Batch average size = NaN (+/- 0) requests
TOMMessage ByteCount = 144223450:442802
LCMessage ByteCount = 55:11
StandardSMMessage ByteCount = 412:22
ConsensusMessage ByteCount = 51125640:29176
--- Measurements after 299000 ops (1000 samples) ---
Throughput = 6711.409 operations/sec (Maximum observed: 9009.009 ops/sec)
Total latency = 3.8833410088384E7 (+/- 0) us 
Consensus latency = 0.0 (+/- 0) us 
Pre-consensus latency = 0.0 (+/- 0) us 
Pos-consensus latency = -2.0851476395702727E12 (+/- 0) us 
Propose latency = 0.0 (+/- 0) us 
Write latency = 0.0 (+/- 0) us 
Accept latency = 0.0 (+/- 0) us 
Batch average size = NaN (+/- 0) requests
TOMMessage ByteCount = 144450153:443020
LCMessage ByteCount = 55:11
StandardSMMessage ByteCount = 412:22
ConsensusMessage ByteCount = 51125640:29176
--- Measurements after 300000 ops (1000 samples) ---
Throughput = 5405.4053 operations/sec (Maximum observed: 9009.009 ops/sec)
Total latency = 3.8933684398799E7 (+/- 0) us 
Consensus latency = 0.0 (+/- 0) us 
Pre-consensus latency = 0.0 (+/- 0) us 
Pos-consensus latency = -2.0851474822243972E12 (+/- 0) us 
Propose latency = 0.0 (+/- 0) us 
Write latency = 0.0 (+/- 0) us 
Accept latency = 0.0 (+/- 0) us 
Batch average size = NaN (+/- 0) requests
TOMMessage ByteCount = 144746533:443305
LCMessage ByteCount = 55:11
StandardSMMessage ByteCount = 412:22
ConsensusMessage ByteCount = 51125640:29176
--- Measurements after 301000 ops (1000 samples) ---
Throughput = 6666.6665 operations/sec (Maximum observed: 9009.009 ops/sec)
Total latency = 3.9056236724389E7 (+/- 0) us 
Consensus latency = 0.0 (+/- 0) us 
Pre-consensus latency = 0.0 (+/- 0) us 
Pos-consensus latency = -2.0851473049284626E12 (+/- 0) us 
Propose latency = 0.0 (+/- 0) us 
Write latency = 0.0 (+/- 0) us 
Accept latency = 0.0 (+/- 0) us 
Batch average size = NaN (+/- 0) requests
TOMMessage ByteCount = 145026274:443574
LCMessage ByteCount = 55:11
StandardSMMessage ByteCount = 412:22
ConsensusMessage ByteCount = 51125640:29176
--- Measurements after 302000 ops (1000 samples) ---
Throughput = 6535.9478 operations/sec (Maximum observed: 9009.009 ops/sec)
Total latency = 3.9152810489541E7 (+/- 0) us 
Consensus latency = 0.0 (+/- 0) us 
Pre-consensus latency = 0.0 (+/- 0) us 
Pos-consensus latency = -2.0851471530727498E12 (+/- 0) us 
Propose latency = 0.0 (+/- 0) us 
Write latency = 0.0 (+/- 0) us 
Accept latency = 0.0 (+/- 0) us 
Batch average size = NaN (+/- 0) requests
TOMMessage ByteCount = 145262338:443801
LCMessage ByteCount = 55:11
StandardSMMessage ByteCount = 412:22
ConsensusMessage ByteCount = 51125640:29176
--- Measurements after 303000 ops (1000 samples) ---
Throughput = 6578.9473 operations/sec (Maximum observed: 9009.009 ops/sec)
Total latency = 3.9247420778616995E7 (+/- 0) us 
Consensus latency = 0.0 (+/- 0) us 
Pre-consensus latency = 0.0 (+/- 0) us 
Pos-consensus latency = -2.0851470007485613E12 (+/- 0) us 
Propose latency = 0.0 (+/- 0) us 
Write latency = 0.0 (+/- 0) us 
Accept latency = 0.0 (+/- 0) us 
Batch average size = NaN (+/- 0) requests
TOMMessage ByteCount = 145501523:444031
LCMessage ByteCount = 55:11
StandardSMMessage ByteCount = 412:22
ConsensusMessage ByteCount = 51125640:29176
--- Measurements after 304000 ops (1000 samples) ---
Throughput = 6578.9473 operations/sec (Maximum observed: 9009.009 ops/sec)
Total latency = 3.9344781972613E7 (+/- 0) us 
Consensus latency = 0.0 (+/- 0) us 
Pre-consensus latency = 0.0 (+/- 0) us 
Pos-consensus latency = -2.0851468482083083E12 (+/- 0) us 
Propose latency = 0.0 (+/- 0) us 
Write latency = 0.0 (+/- 0) us 
Accept latency = 0.0 (+/- 0) us 
Batch average size = NaN (+/- 0) requests
TOMMessage ByteCount = 145559757:444087
LCMessage ByteCount = 55:11
StandardSMMessage ByteCount = 412:22
ConsensusMessage ByteCount = 51125640:29176
--- Measurements after 305000 ops (1000 samples) ---
Throughput = 6622.5166 operations/sec (Maximum observed: 9009.009 ops/sec)
Total latency = 3.9440130983922996E7 (+/- 0) us 
Consensus latency = 0.0 (+/- 0) us 
Pre-consensus latency = 0.0 (+/- 0) us 
Pos-consensus latency = -2.0851466963474365E12 (+/- 0) us 
Propose latency = 0.0 (+/- 0) us 
Write latency = 0.0 (+/- 0) us 
Accept latency = 0.0 (+/- 0) us 
Batch average size = NaN (+/- 0) requests
TOMMessage ByteCount = 145563917:444091
LCMessage ByteCount = 55:11
StandardSMMessage ByteCount = 412:22
ConsensusMessage ByteCount = 51125640:29176
--- Measurements after 306000 ops (1000 samples) ---
Throughput = 5847.953 operations/sec (Maximum observed: 9009.009 ops/sec)
Total latency = 3.9539872332412004E7 (+/- 0) us 
Consensus latency = 0.0 (+/- 0) us 
Pre-consensus latency = 0.0 (+/- 0) us 
Pos-consensus latency = -2.0851465401634895E12 (+/- 0) us 
Propose latency = 0.0 (+/- 0) us 
Write latency = 0.0 (+/- 0) us 
Accept latency = 0.0 (+/- 0) us 
Batch average size = NaN (+/- 0) requests
TOMMessage ByteCount = 145568077:444095
LCMessage ByteCount = 55:11
StandardSMMessage ByteCount = 412:22
ConsensusMessage ByteCount = 51125640:29176
--- Measurements after 307000 ops (1000 samples) ---
Throughput = 6535.9478 operations/sec (Maximum observed: 9009.009 ops/sec)
Total latency = 3.9650381818463E7 (+/- 0) us 
Consensus latency = 0.0 (+/- 0) us 
Pre-consensus latency = 0.0 (+/- 0) us 
Pos-consensus latency = -2.0851463731612954E12 (+/- 0) us 
Propose latency = 0.0 (+/- 0) us 
Write latency = 0.0 (+/- 0) us 
Accept latency = 0.0 (+/- 0) us 
Batch average size = NaN (+/- 0) requests
TOMMessage ByteCount = 145572237:444099
LCMessage ByteCount = 55:11
StandardSMMessage ByteCount = 412:22
ConsensusMessage ByteCount = 51125640:29176
--- Measurements after 308000 ops (1000 samples) ---
Throughput = 6493.5063 operations/sec (Maximum observed: 9009.009 ops/sec)
Total latency = 3.9748189921367E7 (+/- 0) us 
Consensus latency = 0.0 (+/- 0) us 
Pre-consensus latency = 0.0 (+/- 0) us 
Pos-consensus latency = -2.0851462194774065E12 (+/- 0) us 
Propose latency = 0.0 (+/- 0) us 
Write latency = 0.0 (+/- 0) us 
Accept latency = 0.0 (+/- 0) us 
Batch average size = NaN (+/- 0) requests
TOMMessage ByteCount = 145577436:444104
LCMessage ByteCount = 55:11
StandardSMMessage ByteCount = 412:22
ConsensusMessage ByteCount = 51125640:29176
--- Measurements after 309000 ops (1000 samples) ---
Throughput = 6622.5166 operations/sec (Maximum observed: 9009.009 ops/sec)
Total latency = 3.9843153622327E7 (+/- 0) us 
Consensus latency = 0.0 (+/- 0) us 
Pre-consensus latency = 0.0 (+/- 0) us 
Pos-consensus latency = -2.0851460673575852E12 (+/- 0) us 
Propose latency = 0.0 (+/- 0) us 
Write latency = 0.0 (+/- 0) us 
Accept latency = 0.0 (+/- 0) us 
Batch average size = NaN (+/- 0) requests
TOMMessage ByteCount = 145586796:444113
LCMessage ByteCount = 55:11
StandardSMMessage ByteCount = 412:22
ConsensusMessage ByteCount = 51125640:29176
--- Measurements after 310000 ops (1000 samples) ---
Throughput = 6535.9478 operations/sec (Maximum observed: 9009.009 ops/sec)
Total latency = 3.9941436270098E7 (+/- 0) us 
Consensus latency = 0.0 (+/- 0) us 
Pre-consensus latency = 0.0 (+/- 0) us 
Pos-consensus latency = -2.0851459149603315E12 (+/- 0) us 
Propose latency = 0.0 (+/- 0) us 
Write latency = 0.0 (+/- 0) us 
Accept latency = 0.0 (+/- 0) us 
Batch average size = NaN (+/- 0) requests
TOMMessage ByteCount = 145599275:444125
LCMessage ByteCount = 55:11
StandardSMMessage ByteCount = 412:22
ConsensusMessage ByteCount = 51125640:29176
--- Measurements after 311000 ops (1000 samples) ---
Throughput = 6578.9473 operations/sec (Maximum observed: 9009.009 ops/sec)
Total latency = 4.0038527601148E7 (+/- 0) us 
Consensus latency = 0.0 (+/- 0) us 
Pre-consensus latency = 0.0 (+/- 0) us 
Pos-consensus latency = -2.085145762529696E12 (+/- 0) us 
Propose latency = 0.0 (+/- 0) us 
Write latency = 0.0 (+/- 0) us 
Accept latency = 0.0 (+/- 0) us 
Batch average size = NaN (+/- 0) requests
TOMMessage ByteCount = 145607595:444133
LCMessage ByteCount = 55:11
StandardSMMessage ByteCount = 412:22
ConsensusMessage ByteCount = 51125640:29176
--- Measurements after 312000 ops (1000 samples) ---
Throughput = 5681.8184 operations/sec (Maximum observed: 9009.009 ops/sec)
Total latency = 4.0140788804533996E7 (+/- 0) us 
Consensus latency = 0.0 (+/- 0) us 
Pre-consensus latency = 0.0 (+/- 0) us 
Pos-consensus latency = -2.0851456038209841E12 (+/- 0) us 
Propose latency = 0.0 (+/- 0) us 
Write latency = 0.0 (+/- 0) us 
Accept latency = 0.0 (+/- 0) us 
Batch average size = NaN (+/- 0) requests
TOMMessage ByteCount = 145613835:444139
LCMessage ByteCount = 55:11
StandardSMMessage ByteCount = 412:22
ConsensusMessage ByteCount = 51125640:29176
--- Measurements after 313000 ops (1000 samples) ---
Throughput = 6578.9473 operations/sec (Maximum observed: 9009.009 ops/sec)
Total latency = 4.0254288872552E7 (+/- 0) us 
Consensus latency = 0.0 (+/- 0) us 
Pre-consensus latency = 0.0 (+/- 0) us 
Pos-consensus latency = -2.0851454347249734E12 (+/- 0) us 
Propose latency = 0.0 (+/- 0) us 
Write latency = 0.0 (+/- 0) us 
Accept latency = 0.0 (+/- 0) us 
Batch average size = NaN (+/- 0) requests
TOMMessage ByteCount = 145624235:444149
LCMessage ByteCount = 55:11
StandardSMMessage ByteCount = 412:22
ConsensusMessage ByteCount = 51125640:29176
--- Measurements after 314000 ops (1000 samples) ---
Throughput = 6622.5166 operations/sec (Maximum observed: 9009.009 ops/sec)
Total latency = 4.0351287478879E7 (+/- 0) us 
Consensus latency = 0.0 (+/- 0) us 
Pre-consensus latency = 0.0 (+/- 0) us 
Pos-consensus latency = -2.0851452826377722E12 (+/- 0) us 
Propose latency = 0.0 (+/- 0) us 
Write latency = 0.0 (+/- 0) us 
Accept latency = 0.0 (+/- 0) us 
Batch average size = NaN (+/- 0) requests
TOMMessage ByteCount = 145634634:444159
LCMessage ByteCount = 55:11
StandardSMMessage ByteCount = 412:22
ConsensusMessage ByteCount = 51125640:29176
--- Measurements after 315000 ops (1000 samples) ---
Throughput = 6535.9478 operations/sec (Maximum observed: 9009.009 ops/sec)
Total latency = 4.0446175685325E7 (+/- 0) us 
Consensus latency = 0.0 (+/- 0) us 
Pre-consensus latency = 0.0 (+/- 0) us 
Pos-consensus latency = -2.0851451312004412E12 (+/- 0) us 
Propose latency = 0.0 (+/- 0) us 
Write latency = 0.0 (+/- 0) us 
Accept latency = 0.0 (+/- 0) us 
Batch average size = NaN (+/- 0) requests
TOMMessage ByteCount = 145643994:444168
LCMessage ByteCount = 55:11
StandardSMMessage ByteCount = 412:22
ConsensusMessage ByteCount = 51125640:29176
--- Measurements after 316000 ops (1000 samples) ---
Throughput = 6535.9478 operations/sec (Maximum observed: 9009.009 ops/sec)
Total latency = 4.0543276320889E7 (+/- 0) us 
Consensus latency = 0.0 (+/- 0) us 
Pre-consensus latency = 0.0 (+/- 0) us 
Pos-consensus latency = -2.0851449784069785E12 (+/- 0) us 
Propose latency = 0.0 (+/- 0) us 
Write latency = 0.0 (+/- 0) us 
Accept latency = 0.0 (+/- 0) us 
Batch average size = NaN (+/- 0) requests
TOMMessage ByteCount = 145657514:444181
LCMessage ByteCount = 55:11
StandardSMMessage ByteCount = 412:22
ConsensusMessage ByteCount = 51125640:29176
--- Measurements after 317000 ops (1000 samples) ---
Throughput = 6578.9473 operations/sec (Maximum observed: 9009.009 ops/sec)
Total latency = 4.0641872180232E7 (+/- 0) us 
Consensus latency = 0.0 (+/- 0) us 
Pre-consensus latency = 0.0 (+/- 0) us 
Pos-consensus latency = -2.0851448257045667E12 (+/- 0) us 
Propose latency = 0.0 (+/- 0) us 
Write latency = 0.0 (+/- 0) us 
Accept latency = 0.0 (+/- 0) us 
Batch average size = NaN (+/- 0) requests
TOMMessage ByteCount = 145660634:444184
LCMessage ByteCount = 55:11
StandardSMMessage ByteCount = 412:22
ConsensusMessage ByteCount = 51125640:29176
--- Measurements after 318000 ops (1000 samples) ---
Throughput = 5649.7173 operations/sec (Maximum observed: 9009.009 ops/sec)
Total latency = 4.0746227441742994E7 (+/- 0) us 
Consensus latency = 0.0 (+/- 0) us 
Pre-consensus latency = 0.0 (+/- 0) us 
Pos-consensus latency = -2.0851446658745386E12 (+/- 0) us 
Propose latency = 0.0 (+/- 0) us 
Write latency = 0.0 (+/- 0) us 
Accept latency = 0.0 (+/- 0) us 
Batch average size = NaN (+/- 0) requests
TOMMessage ByteCount = 145671033:444194
LCMessage ByteCount = 55:11
StandardSMMessage ByteCount = 412:22
ConsensusMessage ByteCount = 51125640:29176
--- Measurements after 319000 ops (1000 samples) ---
Throughput = 6578.9473 operations/sec (Maximum observed: 9009.009 ops/sec)
Total latency = 4.0859437907398E7 (+/- 0) us 
Consensus latency = 0.0 (+/- 0) us 
Pre-consensus latency = 0.0 (+/- 0) us 
Pos-consensus latency = -2.0851444967308608E12 (+/- 0) us 
Propose latency = 0.0 (+/- 0) us 
Write latency = 0.0 (+/- 0) us 
Accept latency = 0.0 (+/- 0) us 
Batch average size = NaN (+/- 0) requests
TOMMessage ByteCount = 145676232:444199
LCMessage ByteCount = 55:11
StandardSMMessage ByteCount = 412:22
ConsensusMessage ByteCount = 51125640:29176
--- Measurements after 320000 ops (1000 samples) ---
Throughput = 6578.9473 operations/sec (Maximum observed: 9009.009 ops/sec)
Total latency = 4.0956321063944E7 (+/- 0) us 
Consensus latency = 0.0 (+/- 0) us 
Pre-consensus latency = 0.0 (+/- 0) us 
Pos-consensus latency = -2.0851443443063323E12 (+/- 0) us 
Propose latency = 0.0 (+/- 0) us 
Write latency = 0.0 (+/- 0) us 
Accept latency = 0.0 (+/- 0) us 
Batch average size = NaN (+/- 0) requests
TOMMessage ByteCount = 145680392:444203
LCMessage ByteCount = 55:11
StandardSMMessage ByteCount = 412:22
ConsensusMessage ByteCount = 51125640:29176
--- Measurements after 321000 ops (1000 samples) ---
Throughput = 6622.5166 operations/sec (Maximum observed: 9009.009 ops/sec)
Total latency = 4.1051290937878E7 (+/- 0) us 
Consensus latency = 0.0 (+/- 0) us 
Pre-consensus latency = 0.0 (+/- 0) us 
Pos-consensus latency = -2.0851441929505474E12 (+/- 0) us 
Propose latency = 0.0 (+/- 0) us 
Write latency = 0.0 (+/- 0) us 
Accept latency = 0.0 (+/- 0) us 
Batch average size = NaN (+/- 0) requests
TOMMessage ByteCount = 145691832:444214
LCMessage ByteCount = 55:11
StandardSMMessage ByteCount = 412:22
ConsensusMessage ByteCount = 51125640:29176
--- Measurements after 322000 ops (1000 samples) ---
Throughput = 6666.6665 operations/sec (Maximum observed: 9009.009 ops/sec)
Total latency = 4.1144524502602994E7 (+/- 0) us 
Consensus latency = 0.0 (+/- 0) us 
Pre-consensus latency = 0.0 (+/- 0) us 
Pos-consensus latency = -2.0851440416062556E12 (+/- 0) us 
Propose latency = 0.0 (+/- 0) us 
Write latency = 0.0 (+/- 0) us 
Accept latency = 0.0 (+/- 0) us 
Batch average size = NaN (+/- 0) requests
TOMMessage ByteCount = 145699111:444221
LCMessage ByteCount = 55:11
StandardSMMessage ByteCount = 412:22
ConsensusMessage ByteCount = 51125640:29176
--- Measurements after 323000 ops (1000 samples) ---
Throughput = 6578.9473 operations/sec (Maximum observed: 9009.009 ops/sec)
Total latency = 4.123998082302E7 (+/- 0) us 
Consensus latency = 0.0 (+/- 0) us 
Pre-consensus latency = 0.0 (+/- 0) us 
Pos-consensus latency = -2.0851438907999346E12 (+/- 0) us 
Propose latency = 0.0 (+/- 0) us 
Write latency = 0.0 (+/- 0) us 
Accept latency = 0.0 (+/- 0) us 
Batch average size = NaN (+/- 0) requests
TOMMessage ByteCount = 145711590:444233
LCMessage ByteCount = 55:11
StandardSMMessage ByteCount = 412:22
ConsensusMessage ByteCount = 51125640:29176
--- Measurements after 324000 ops (1000 samples) ---
Throughput = 5714.2856 operations/sec (Maximum observed: 9009.009 ops/sec)
Total latency = 4.1342369877436996E7 (+/- 0) us 
Consensus latency = 0.0 (+/- 0) us 
Pre-consensus latency = 0.0 (+/- 0) us 
Pos-consensus latency = -2.0851437316493408E12 (+/- 0) us 
Propose latency = 0.0 (+/- 0) us 
Write latency = 0.0 (+/- 0) us 
Accept latency = 0.0 (+/- 0) us 
Batch average size = NaN (+/- 0) requests
TOMMessage ByteCount = 145718870:444240
LCMessage ByteCount = 55:11
StandardSMMessage ByteCount = 412:22
ConsensusMessage ByteCount = 51125640:29176
--- Measurements after 325000 ops (1000 samples) ---
Throughput = 6535.9478 operations/sec (Maximum observed: 9009.009 ops/sec)
Total latency = 4.1456356319139E7 (+/- 0) us 
Consensus latency = 0.0 (+/- 0) us 
Pre-consensus latency = 0.0 (+/- 0) us 
Pos-consensus latency = -2.085143562394068E12 (+/- 0) us 
Propose latency = 0.0 (+/- 0) us 
Write latency = 0.0 (+/- 0) us 
Accept latency = 0.0 (+/- 0) us 
Batch average size = NaN (+/- 0) requests
TOMMessage ByteCount = 145727189:444248
LCMessage ByteCount = 55:11
StandardSMMessage ByteCount = 412:22
ConsensusMessage ByteCount = 51125640:29176
--- Measurements after 326000 ops (1000 samples) ---
Throughput = 6493.5063 operations/sec (Maximum observed: 9009.009 ops/sec)
Total latency = 4.1552904513285E7 (+/- 0) us 
Consensus latency = 0.0 (+/- 0) us 
Pre-consensus latency = 0.0 (+/- 0) us 
Pos-consensus latency = -2.0851434097269211E12 (+/- 0) us 
Propose latency = 0.0 (+/- 0) us 
Write latency = 0.0 (+/- 0) us 
Accept latency = 0.0 (+/- 0) us 
Batch average size = NaN (+/- 0) requests
TOMMessage ByteCount = 145736549:444257
LCMessage ByteCount = 55:11
StandardSMMessage ByteCount = 412:22
ConsensusMessage ByteCount = 51125640:29176
--- Measurements after 327000 ops (1000 samples) ---
Throughput = 6535.9478 operations/sec (Maximum observed: 9009.009 ops/sec)
Total latency = 4.1650269441188E7 (+/- 0) us 
Consensus latency = 0.0 (+/- 0) us 
Pre-consensus latency = 0.0 (+/- 0) us 
Pos-consensus latency = -2.0851432556734976E12 (+/- 0) us 
Propose latency = 0.0 (+/- 0) us 
Write latency = 0.0 (+/- 0) us 
Accept latency = 0.0 (+/- 0) us 
Batch average size = NaN (+/- 0) requests
TOMMessage ByteCount = 145746949:444267
LCMessage ByteCount = 55:11
StandardSMMessage ByteCount = 412:22
ConsensusMessage ByteCount = 51125640:29176
--- Measurements after 328000 ops (1000 samples) ---
Throughput = 6578.9473 operations/sec (Maximum observed: 9009.009 ops/sec)
Total latency = 4.1746368119485E7 (+/- 0) us 
Consensus latency = 0.0 (+/- 0) us 
Pre-consensus latency = 0.0 (+/- 0) us 
Pos-consensus latency = -2.085143103484083E12 (+/- 0) us 
Propose latency = 0.0 (+/- 0) us 
Write latency = 0.0 (+/- 0) us 
Accept latency = 0.0 (+/- 0) us 
Batch average size = NaN (+/- 0) requests
TOMMessage ByteCount = 145751108:444271
LCMessage ByteCount = 55:11
StandardSMMessage ByteCount = 412:22
ConsensusMessage ByteCount = 51125640:29176
--- Measurements after 329000 ops (1000 samples) ---
Throughput = 6578.9473 operations/sec (Maximum observed: 9009.009 ops/sec)
Total latency = 4.1844335931936994E7 (+/- 0) us 
Consensus latency = 0.0 (+/- 0) us 
Pre-consensus latency = 0.0 (+/- 0) us 
Pos-consensus latency = -2.0851429515549993E12 (+/- 0) us 
Propose latency = 0.0 (+/- 0) us 
Write latency = 0.0 (+/- 0) us 
Accept latency = 0.0 (+/- 0) us 
Batch average size = NaN (+/- 0) requests
TOMMessage ByteCount = 145755266:444275
LCMessage ByteCount = 55:11
StandardSMMessage ByteCount = 412:22
ConsensusMessage ByteCount = 51125640:29176
--- Measurements after 330000 ops (1000 samples) ---
Throughput = 5681.8184 operations/sec (Maximum observed: 9009.009 ops/sec)
Total latency = 4.1947178779907994E7 (+/- 0) us 
Consensus latency = 0.0 (+/- 0) us 
Pre-consensus latency = 0.0 (+/- 0) us 
Pos-consensus latency = -2.0851427929746223E12 (+/- 0) us 
Propose latency = 0.0 (+/- 0) us 
Write latency = 0.0 (+/- 0) us 
Accept latency = 0.0 (+/- 0) us 
Batch average size = NaN (+/- 0) requests
TOMMessage ByteCount = 145767744:444287
LCMessage ByteCount = 55:11
StandardSMMessage ByteCount = 412:22
ConsensusMessage ByteCount = 51125640:29176
--- Measurements after 331000 ops (1000 samples) ---
Throughput = 6535.9478 operations/sec (Maximum observed: 9009.009 ops/sec)
Total latency = 4.2060404880449E7 (+/- 0) us 
Consensus latency = 0.0 (+/- 0) us 
Pre-consensus latency = 0.0 (+/- 0) us 
Pos-consensus latency = -2.0851426226722043E12 (+/- 0) us 
Propose latency = 0.0 (+/- 0) us 
Write latency = 0.0 (+/- 0) us 
Accept latency = 0.0 (+/- 0) us 
Batch average size = NaN (+/- 0) requests
TOMMessage ByteCount = 145770864:444290
LCMessage ByteCount = 55:11
StandardSMMessage ByteCount = 412:22
ConsensusMessage ByteCount = 51125640:29176
--- Measurements after 332000 ops (1000 samples) ---
Throughput = 6578.9473 operations/sec (Maximum observed: 9009.009 ops/sec)
Total latency = 4.2156592088287E7 (+/- 0) us 
Consensus latency = 0.0 (+/- 0) us 
Pre-consensus latency = 0.0 (+/- 0) us 
Pos-consensus latency = -2.085142470043817E12 (+/- 0) us 
Propose latency = 0.0 (+/- 0) us 
Write latency = 0.0 (+/- 0) us 
Accept latency = 0.0 (+/- 0) us 
Batch average size = NaN (+/- 0) requests
TOMMessage ByteCount = 145772944:444292
LCMessage ByteCount = 55:11
StandardSMMessage ByteCount = 412:22
ConsensusMessage ByteCount = 51125640:29176
--- Measurements after 333000 ops (1000 samples) ---
Throughput = 6493.5063 operations/sec (Maximum observed: 9009.009 ops/sec)
Total latency = 4.2252644679981E7 (+/- 0) us 
Consensus latency = 0.0 (+/- 0) us 
Pre-consensus latency = 0.0 (+/- 0) us 
Pos-consensus latency = -2.085142317870374E12 (+/- 0) us 
Propose latency = 0.0 (+/- 0) us 
Write latency = 0.0 (+/- 0) us 
Accept latency = 0.0 (+/- 0) us 
Batch average size = NaN (+/- 0) requests
TOMMessage ByteCount = 145781263:444300
LCMessage ByteCount = 55:11
StandardSMMessage ByteCount = 412:22
ConsensusMessage ByteCount = 51125640:29176
--- Measurements after 334000 ops (1000 samples) ---
Throughput = 6622.5166 operations/sec (Maximum observed: 9009.009 ops/sec)
Total latency = 4.2348868129769E7 (+/- 0) us 
Consensus latency = 0.0 (+/- 0) us 
Pre-consensus latency = 0.0 (+/- 0) us 
Pos-consensus latency = -2.0851421648334463E12 (+/- 0) us 
Propose latency = 0.0 (+/- 0) us 
Write latency = 0.0 (+/- 0) us 
Accept latency = 0.0 (+/- 0) us 
Batch average size = NaN (+/- 0) requests
TOMMessage ByteCount = 145793742:444312
LCMessage ByteCount = 55:11
StandardSMMessage ByteCount = 412:22
ConsensusMessage ByteCount = 51125640:29176
--- Measurements after 335000 ops (1000 samples) ---
Throughput = 6578.9473 operations/sec (Maximum observed: 9009.009 ops/sec)
Total latency = 4.2446942358394995E7 (+/- 0) us 
Consensus latency = 0.0 (+/- 0) us 
Pre-consensus latency = 0.0 (+/- 0) us 
Pos-consensus latency = -2.0851420129317595E12 (+/- 0) us 
Propose latency = 0.0 (+/- 0) us 
Write latency = 0.0 (+/- 0) us 
Accept latency = 0.0 (+/- 0) us 
Batch average size = NaN (+/- 0) requests
TOMMessage ByteCount = 145802062:444320
LCMessage ByteCount = 55:11
StandardSMMessage ByteCount = 412:22
ConsensusMessage ByteCount = 51125640:29176
--- Measurements after 336000 ops (1000 samples) ---
Throughput = 5780.3467 operations/sec (Maximum observed: 9009.009 ops/sec)
Total latency = 4.2549144428069E7 (+/- 0) us 
Consensus latency = 0.0 (+/- 0) us 
Pre-consensus latency = 0.0 (+/- 0) us 
Pos-consensus latency = -2.0851418550243503E12 (+/- 0) us 
Propose latency = 0.0 (+/- 0) us 
Write latency = 0.0 (+/- 0) us 
Accept latency = 0.0 (+/- 0) us 
Batch average size = NaN (+/- 0) requests
TOMMessage ByteCount = 145806222:444324
LCMessage ByteCount = 55:11
StandardSMMessage ByteCount = 412:22
ConsensusMessage ByteCount = 51125640:29176
--- Measurements after 337000 ops (1000 samples) ---
Throughput = 6622.5166 operations/sec (Maximum observed: 9009.009 ops/sec)
Total latency = 4.2659203456632E7 (+/- 0) us 
Consensus latency = 0.0 (+/- 0) us 
Pre-consensus latency = 0.0 (+/- 0) us 
Pos-consensus latency = -2.0851416882619817E12 (+/- 0) us 
Propose latency = 0.0 (+/- 0) us 
Write latency = 0.0 (+/- 0) us 
Accept latency = 0.0 (+/- 0) us 
Batch average size = NaN (+/- 0) requests
TOMMessage ByteCount = 145813502:444331
LCMessage ByteCount = 55:11
StandardSMMessage ByteCount = 412:22
ConsensusMessage ByteCount = 51125640:29176
--- Measurements after 338000 ops (1000 samples) ---
Throughput = 6622.5166 operations/sec (Maximum observed: 9009.009 ops/sec)
Total latency = 4.275469056111E7 (+/- 0) us 
Consensus latency = 0.0 (+/- 0) us 
Pre-consensus latency = 0.0 (+/- 0) us 
Pos-consensus latency = -2.0851415360189258E12 (+/- 0) us 
Propose latency = 0.0 (+/- 0) us 
Write latency = 0.0 (+/- 0) us 
Accept latency = 0.0 (+/- 0) us 
Batch average size = NaN (+/- 0) requests
TOMMessage ByteCount = 145816622:444334
LCMessage ByteCount = 55:11
StandardSMMessage ByteCount = 412:22
ConsensusMessage ByteCount = 51125640:29176
--- Measurements after 339000 ops (1000 samples) ---
Throughput = 6666.6665 operations/sec (Maximum observed: 9009.009 ops/sec)
Total latency = 4.2849282857556E7 (+/- 0) us 
Consensus latency = 0.0 (+/- 0) us 
Pre-consensus latency = 0.0 (+/- 0) us 
Pos-consensus latency = -2.0851413851687112E12 (+/- 0) us 
Propose latency = 0.0 (+/- 0) us 
Write latency = 0.0 (+/- 0) us 
Accept latency = 0.0 (+/- 0) us 
Batch average size = NaN (+/- 0) requests
TOMMessage ByteCount = 145825981:444343
LCMessage ByteCount = 55:11
StandardSMMessage ByteCount = 412:22
ConsensusMessage ByteCount = 51125640:29176
--- Measurements after 340000 ops (1000 samples) ---
Throughput = 6622.5166 operations/sec (Maximum observed: 9009.009 ops/sec)
Total latency = 4.2941681356777E7 (+/- 0) us 
Consensus latency = 0.0 (+/- 0) us 
Pre-consensus latency = 0.0 (+/- 0) us 
Pos-consensus latency = -2.0851412345351345E12 (+/- 0) us 
Propose latency = 0.0 (+/- 0) us 
Write latency = 0.0 (+/- 0) us 
Accept latency = 0.0 (+/- 0) us 
Batch average size = NaN (+/- 0) requests
TOMMessage ByteCount = 145830141:444347
LCMessage ByteCount = 55:11
StandardSMMessage ByteCount = 412:22
ConsensusMessage ByteCount = 51125640:29176
--- Measurements after 341000 ops (1000 samples) ---
Throughput = 6535.9478 operations/sec (Maximum observed: 9009.009 ops/sec)
Total latency = 4.3038326778052E7 (+/- 0) us 
Consensus latency = 0.0 (+/- 0) us 
Pre-consensus latency = 0.0 (+/- 0) us 
Pos-consensus latency = -2.085141082970301E12 (+/- 0) us 
Propose latency = 0.0 (+/- 0) us 
Write latency = 0.0 (+/- 0) us 
Accept latency = 0.0 (+/- 0) us 
Batch average size = NaN (+/- 0) requests
TOMMessage ByteCount = 145834300:444351
LCMessage ByteCount = 55:11
StandardSMMessage ByteCount = 412:22
ConsensusMessage ByteCount = 51125640:29176
--- Measurements after 342000 ops (1000 samples) ---
Throughput = 5714.2856 operations/sec (Maximum observed: 9009.009 ops/sec)
Total latency = 4.3141399691057E7 (+/- 0) us 
Consensus latency = 0.0 (+/- 0) us 
Pre-consensus latency = 0.0 (+/- 0) us 
Pos-consensus latency = -2.0851409239790693E12 (+/- 0) us 
Propose latency = 0.0 (+/- 0) us 
Write latency = 0.0 (+/- 0) us 
Accept latency = 0.0 (+/- 0) us 
Batch average size = NaN (+/- 0) requests
TOMMessage ByteCount = 145846779:444363
LCMessage ByteCount = 55:11
StandardSMMessage ByteCount = 412:22
ConsensusMessage ByteCount = 51125640:29176
--- Measurements after 343000 ops (1000 samples) ---
Throughput = 6493.5063 operations/sec (Maximum observed: 9009.009 ops/sec)
Total latency = 4.3255977825722E7 (+/- 0) us 
Consensus latency = 0.0 (+/- 0) us 
Pre-consensus latency = 0.0 (+/- 0) us 
Pos-consensus latency = -2.0851407540965698E12 (+/- 0) us 
Propose latency = 0.0 (+/- 0) us 
Write latency = 0.0 (+/- 0) us 
Accept latency = 0.0 (+/- 0) us 
Batch average size = NaN (+/- 0) requests
TOMMessage ByteCount = 145870697:444386
LCMessage ByteCount = 55:11
StandardSMMessage ByteCount = 412:22
ConsensusMessage ByteCount = 51125640:29176
--- Measurements after 344000 ops (1000 samples) ---
Throughput = 6578.9473 operations/sec (Maximum observed: 9009.009 ops/sec)
Total latency = 4.3353307174332E7 (+/- 0) us 
Consensus latency = 0.0 (+/- 0) us 
Pre-consensus latency = 0.0 (+/- 0) us 
Pos-consensus latency = -2.0851406016000635E12 (+/- 0) us 
Propose latency = 0.0 (+/- 0) us 
Write latency = 0.0 (+/- 0) us 
Accept latency = 0.0 (+/- 0) us 
Batch average size = NaN (+/- 0) requests
TOMMessage ByteCount = 145884215:444399
LCMessage ByteCount = 55:11
StandardSMMessage ByteCount = 412:22
ConsensusMessage ByteCount = 51125640:29176
--- Measurements after 345000 ops (1000 samples) ---
Throughput = 6622.5166 operations/sec (Maximum observed: 9009.009 ops/sec)
Total latency = 4.3449783733967006E7 (+/- 0) us 
Consensus latency = 0.0 (+/- 0) us 
Pre-consensus latency = 0.0 (+/- 0) us 
Pos-consensus latency = -2.0851404494552732E12 (+/- 0) us 
Propose latency = 0.0 (+/- 0) us 
Write latency = 0.0 (+/- 0) us 
Accept latency = 0.0 (+/- 0) us 
Batch average size = NaN (+/- 0) requests
TOMMessage ByteCount = 145896695:444411
LCMessage ByteCount = 55:11
StandardSMMessage ByteCount = 412:22
ConsensusMessage ByteCount = 51125640:29176
--- Measurements after 346000 ops (1000 samples) ---
Throughput = 6578.9473 operations/sec (Maximum observed: 9009.009 ops/sec)
Total latency = 4.3544305531679004E7 (+/- 0) us 
Consensus latency = 0.0 (+/- 0) us 
Pre-consensus latency = 0.0 (+/- 0) us 
Pos-consensus latency = -2.0851402984548977E12 (+/- 0) us 
Propose latency = 0.0 (+/- 0) us 
Write latency = 0.0 (+/- 0) us 
Accept latency = 0.0 (+/- 0) us 
Batch average size = NaN (+/- 0) requests
TOMMessage ByteCount = 145909174:444423
LCMessage ByteCount = 55:11
StandardSMMessage ByteCount = 412:22
ConsensusMessage ByteCount = 51125640:29176
--- Measurements after 347000 ops (1000 samples) ---
Throughput = 6622.5166 operations/sec (Maximum observed: 9009.009 ops/sec)
Total latency = 4.3638298384073995E7 (+/- 0) us 
Consensus latency = 0.0 (+/- 0) us 
Pre-consensus latency = 0.0 (+/- 0) us 
Pos-consensus latency = -2.0851401471669875E12 (+/- 0) us 
Propose latency = 0.0 (+/- 0) us 
Write latency = 0.0 (+/- 0) us 
Accept latency = 0.0 (+/- 0) us 
Batch average size = NaN (+/- 0) requests
TOMMessage ByteCount = 145926853:444440
LCMessage ByteCount = 55:11
StandardSMMessage ByteCount = 412:22
ConsensusMessage ByteCount = 51125640:29176
--- Measurements after 348000 ops (1000 samples) ---
Throughput = 5813.9536 operations/sec (Maximum observed: 9009.009 ops/sec)
Total latency = 4.3739543851936E7 (+/- 0) us 
Consensus latency = 0.0 (+/- 0) us 
Pre-consensus latency = 0.0 (+/- 0) us 
Pos-consensus latency = -2.0851399917891365E12 (+/- 0) us 
Propose latency = 0.0 (+/- 0) us 
Write latency = 0.0 (+/- 0) us 
Accept latency = 0.0 (+/- 0) us 
Batch average size = NaN (+/- 0) requests
TOMMessage ByteCount = 145943492:444456
LCMessage ByteCount = 55:11
StandardSMMessage ByteCount = 412:22
ConsensusMessage ByteCount = 51125640:29176
--- Measurements after 349000 ops (1000 samples) ---
Throughput = 6578.9473 operations/sec (Maximum observed: 9009.009 ops/sec)
Total latency = 4.3852951129028E7 (+/- 0) us 
Consensus latency = 0.0 (+/- 0) us 
Pre-consensus latency = 0.0 (+/- 0) us 
Pos-consensus latency = -2.0851398231367075E12 (+/- 0) us 
Propose latency = 0.0 (+/- 0) us 
Write latency = 0.0 (+/- 0) us 
Accept latency = 0.0 (+/- 0) us 
Batch average size = NaN (+/- 0) requests
TOMMessage ByteCount = 145951812:444464
LCMessage ByteCount = 55:11
StandardSMMessage ByteCount = 412:22
ConsensusMessage ByteCount = 51125640:29176
--- Measurements after 350000 ops (1000 samples) ---
Throughput = 6622.5166 operations/sec (Maximum observed: 9009.009 ops/sec)
Total latency = 4.3949380680200994E7 (+/- 0) us 
Consensus latency = 0.0 (+/- 0) us 
Pre-consensus latency = 0.0 (+/- 0) us 
Pos-consensus latency = -2.0851396718786487E12 (+/- 0) us 
Propose latency = 0.0 (+/- 0) us 
Write latency = 0.0 (+/- 0) us 
Accept latency = 0.0 (+/- 0) us 
Batch average size = NaN (+/- 0) requests
TOMMessage ByteCount = 145962210:444474
LCMessage ByteCount = 55:11
StandardSMMessage ByteCount = 412:22
ConsensusMessage ByteCount = 51125640:29176
--- Measurements after 351000 ops (1000 samples) ---
Throughput = 6622.5166 operations/sec (Maximum observed: 9009.009 ops/sec)
Total latency = 4.4045329421532E7 (+/- 0) us 
Consensus latency = 0.0 (+/- 0) us 
Pre-consensus latency = 0.0 (+/- 0) us 
Pos-consensus latency = -2.0851395213084111E12 (+/- 0) us 
Propose latency = 0.0 (+/- 0) us 
Write latency = 0.0 (+/- 0) us 
Accept latency = 0.0 (+/- 0) us 
Batch average size = NaN (+/- 0) requests
TOMMessage ByteCount = 145976767:444488
LCMessage ByteCount = 55:11
StandardSMMessage ByteCount = 412:22
ConsensusMessage ByteCount = 51125640:29176
--- Measurements after 352000 ops (1000 samples) ---
Throughput = 6578.9473 operations/sec (Maximum observed: 9009.009 ops/sec)
Total latency = 4.4141498107337E7 (+/- 0) us 
Consensus latency = 0.0 (+/- 0) us 
Pre-consensus latency = 0.0 (+/- 0) us 
Pos-consensus latency = -2.085139369261183E12 (+/- 0) us 
Propose latency = 0.0 (+/- 0) us 
Write latency = 0.0 (+/- 0) us 
Accept latency = 0.0 (+/- 0) us 
Batch average size = NaN (+/- 0) requests
TOMMessage ByteCount = 145990287:444501
LCMessage ByteCount = 55:11
StandardSMMessage ByteCount = 412:22
ConsensusMessage ByteCount = 51125640:29176
--- Measurements after 353000 ops (1000 samples) ---
Throughput = 6535.9478 operations/sec (Maximum observed: 9009.009 ops/sec)
Total latency = 4.4236130586636E7 (+/- 0) us 
Consensus latency = 0.0 (+/- 0) us 
Pre-consensus latency = 0.0 (+/- 0) us 
Pos-consensus latency = -2.0851392167861062E12 (+/- 0) us 
Propose latency = 0.0 (+/- 0) us 
Write latency = 0.0 (+/- 0) us 
Accept latency = 0.0 (+/- 0) us 
Batch average size = NaN (+/- 0) requests
TOMMessage ByteCount = 146002767:444513
LCMessage ByteCount = 55:11
StandardSMMessage ByteCount = 412:22
ConsensusMessage ByteCount = 51125640:29176
--- Measurements after 354000 ops (1000 samples) ---
Throughput = 5813.9536 operations/sec (Maximum observed: 9009.009 ops/sec)
Total latency = 4.4337588433468E7 (+/- 0) us 
Consensus latency = 0.0 (+/- 0) us 
Pre-consensus latency = 0.0 (+/- 0) us 
Pos-consensus latency = -2.0851390617942815E12 (+/- 0) us 
Propose latency = 0.0 (+/- 0) us 
Write latency = 0.0 (+/- 0) us 
Accept latency = 0.0 (+/- 0) us 
Batch average size = NaN (+/- 0) requests
TOMMessage ByteCount = 146021486:444531
LCMessage ByteCount = 55:11
StandardSMMessage ByteCount = 412:22
ConsensusMessage ByteCount = 51125640:29176
--- Measurements after 355000 ops (1000 samples) ---
Throughput = 6622.5166 operations/sec (Maximum observed: 9009.009 ops/sec)
Total latency = 4.4450421639295995E7 (+/- 0) us 
Consensus latency = 0.0 (+/- 0) us 
Pre-consensus latency = 0.0 (+/- 0) us 
Pos-consensus latency = -2.085138892692247E12 (+/- 0) us 
Propose latency = 0.0 (+/- 0) us 
Write latency = 0.0 (+/- 0) us 
Accept latency = 0.0 (+/- 0) us 
Batch average size = NaN (+/- 0) requests
TOMMessage ByteCount = 146032924:444542
LCMessage ByteCount = 55:11
StandardSMMessage ByteCount = 412:22
ConsensusMessage ByteCount = 51125640:29176
--- Measurements after 356000 ops (1000 samples) ---
Throughput = 6622.5166 operations/sec (Maximum observed: 9009.009 ops/sec)
Total latency = 4.4544794393737E7 (+/- 0) us 
Consensus latency = 0.0 (+/- 0) us 
Pre-consensus latency = 0.0 (+/- 0) us 
Pos-consensus latency = -2.085138742010925E12 (+/- 0) us 
Propose latency = 0.0 (+/- 0) us 
Write latency = 0.0 (+/- 0) us 
Accept latency = 0.0 (+/- 0) us 
Batch average size = NaN (+/- 0) requests
TOMMessage ByteCount = 146049563:444558
LCMessage ByteCount = 55:11
StandardSMMessage ByteCount = 412:22
ConsensusMessage ByteCount = 51125640:29176
--- Measurements after 357000 ops (1000 samples) ---
Throughput = 6622.5166 operations/sec (Maximum observed: 9009.009 ops/sec)
Total latency = 4.464077697453E7 (+/- 0) us 
Consensus latency = 0.0 (+/- 0) us 
Pre-consensus latency = 0.0 (+/- 0) us 
Pos-consensus latency = -2.085138591511161E12 (+/- 0) us 
Propose latency = 0.0 (+/- 0) us 
Write latency = 0.0 (+/- 0) us 
Accept latency = 0.0 (+/- 0) us 
Batch average size = NaN (+/- 0) requests
TOMMessage ByteCount = 146061002:444569
LCMessage ByteCount = 55:11
StandardSMMessage ByteCount = 412:22
ConsensusMessage ByteCount = 51125640:29176
--- Measurements after 358000 ops (1000 samples) ---
Throughput = 6993.007 operations/sec (Maximum observed: 9009.009 ops/sec)
Total latency = 4.4732668311413005E7 (+/- 0) us 
Consensus latency = 0.0 (+/- 0) us 
Pre-consensus latency = 0.0 (+/- 0) us 
Pos-consensus latency = -2.0851384429605894E12 (+/- 0) us 
Propose latency = 0.0 (+/- 0) us 
Write latency = 0.0 (+/- 0) us 
Accept latency = 0.0 (+/- 0) us 
Batch average size = NaN (+/- 0) requests
TOMMessage ByteCount = 146073482:444581
LCMessage ByteCount = 55:11
StandardSMMessage ByteCount = 412:22
ConsensusMessage ByteCount = 51125640:29176
--- Measurements after 359000 ops (1000 samples) ---
Throughput = 7194.2446 operations/sec (Maximum observed: 9009.009 ops/sec)
Total latency = 4.4815278889746E7 (+/- 0) us 
Consensus latency = 0.0 (+/- 0) us 
Pre-consensus latency = 0.0 (+/- 0) us 
Pos-consensus latency = -2.0851383024157212E12 (+/- 0) us 
Propose latency = 0.0 (+/- 0) us 
Write latency = 0.0 (+/- 0) us 
Accept latency = 0.0 (+/- 0) us 
Batch average size = NaN (+/- 0) requests
TOMMessage ByteCount = 146087001:444594
LCMessage ByteCount = 55:11
StandardSMMessage ByteCount = 412:22
ConsensusMessage ByteCount = 51125640:29176
--- Measurements after 360000 ops (1000 samples) ---
Throughput = 5714.2856 operations/sec (Maximum observed: 9009.009 ops/sec)
Total latency = 4.4904093597556E7 (+/- 0) us 
Consensus latency = 0.0 (+/- 0) us 
Pre-consensus latency = 0.0 (+/- 0) us 
Pos-consensus latency = -2.0851381594029604E12 (+/- 0) us 
Propose latency = 0.0 (+/- 0) us 
Write latency = 0.0 (+/- 0) us 
Accept latency = 0.0 (+/- 0) us 
Batch average size = NaN (+/- 0) requests
TOMMessage ByteCount = 146102601:444609
LCMessage ByteCount = 55:11
StandardSMMessage ByteCount = 412:22
ConsensusMessage ByteCount = 51125640:29176
--- Measurements after 361000 ops (1000 samples) ---
Throughput = 7299.27 operations/sec (Maximum observed: 9009.009 ops/sec)
Total latency = 4.5019255694471E7 (+/- 0) us 
Consensus latency = 0.0 (+/- 0) us 
Pre-consensus latency = 0.0 (+/- 0) us 
Pos-consensus latency = -2.0851379894262273E12 (+/- 0) us 
Propose latency = 0.0 (+/- 0) us 
Write latency = 0.0 (+/- 0) us 
Accept latency = 0.0 (+/- 0) us 
Batch average size = NaN (+/- 0) requests
TOMMessage ByteCount = 146110920:444617
LCMessage ByteCount = 55:11
StandardSMMessage ByteCount = 412:22
ConsensusMessage ByteCount = 51125640:29176
--- Measurements after 362000 ops (1000 samples) ---
Throughput = 7462.6865 operations/sec (Maximum observed: 9009.009 ops/sec)
Total latency = 4.5097083558909E7 (+/- 0) us 
Consensus latency = 0.0 (+/- 0) us 
Pre-consensus latency = 0.0 (+/- 0) us 
Pos-consensus latency = -2.0851378557234714E12 (+/- 0) us 
Propose latency = 0.0 (+/- 0) us 
Write latency = 0.0 (+/- 0) us 
Accept latency = 0.0 (+/- 0) us 
Batch average size = NaN (+/- 0) requests
TOMMessage ByteCount = 146114039:444620
LCMessage ByteCount = 55:11
StandardSMMessage ByteCount = 412:22
ConsensusMessage ByteCount = 51125640:29176
--- Measurements after 363000 ops (1000 samples) ---
Throughput = 7692.3076 operations/sec (Maximum observed: 9009.009 ops/sec)
Total latency = 4.5174084773193E7 (+/- 0) us 
Consensus latency = 0.0 (+/- 0) us 
Pre-consensus latency = 0.0 (+/- 0) us 
Pos-consensus latency = -2.0851377232858225E12 (+/- 0) us 
Propose latency = 0.0 (+/- 0) us 
Write latency = 0.0 (+/- 0) us 
Accept latency = 0.0 (+/- 0) us 
Batch average size = NaN (+/- 0) requests
TOMMessage ByteCount = 146121319:444627
LCMessage ByteCount = 55:11
StandardSMMessage ByteCount = 412:22
ConsensusMessage ByteCount = 51125640:29176
--- Measurements after 364000 ops (1000 samples) ---
Throughput = 7575.758 operations/sec (Maximum observed: 9009.009 ops/sec)
Total latency = 4.5251862353694E7 (+/- 0) us 
Consensus latency = 0.0 (+/- 0) us 
Pre-consensus latency = 0.0 (+/- 0) us 
Pos-consensus latency = -2.0851375902483945E12 (+/- 0) us 
Propose latency = 0.0 (+/- 0) us 
Write latency = 0.0 (+/- 0) us 
Accept latency = 0.0 (+/- 0) us 
Batch average size = NaN (+/- 0) requests
TOMMessage ByteCount = 146129638:444635
LCMessage ByteCount = 55:11
StandardSMMessage ByteCount = 412:22
ConsensusMessage ByteCount = 51125640:29176
--- Measurements after 365000 ops (1000 samples) ---
Throughput = 7518.797 operations/sec (Maximum observed: 9009.009 ops/sec)
Total latency = 4.5326985210688E7 (+/- 0) us 
Consensus latency = 0.0 (+/- 0) us 
Pre-consensus latency = 0.0 (+/- 0) us 
Pos-consensus latency = -2.085137459318518E12 (+/- 0) us 
Propose latency = 0.0 (+/- 0) us 
Write latency = 0.0 (+/- 0) us 
Accept latency = 0.0 (+/- 0) us 
Batch average size = NaN (+/- 0) requests
TOMMessage ByteCount = 146135878:444641
LCMessage ByteCount = 55:11
StandardSMMessage ByteCount = 412:22
ConsensusMessage ByteCount = 51125640:29176
--- Measurements after 366000 ops (1000 samples) ---
Throughput = 5847.953 operations/sec (Maximum observed: 9009.009 ops/sec)
Total latency = 4.5408231880858004E7 (+/- 0) us 
Consensus latency = 0.0 (+/- 0) us 
Pre-consensus latency = 0.0 (+/- 0) us 
Pos-consensus latency = -2.0851373238101353E12 (+/- 0) us 
Propose latency = 0.0 (+/- 0) us 
Write latency = 0.0 (+/- 0) us 
Accept latency = 0.0 (+/- 0) us 
Batch average size = NaN (+/- 0) requests
TOMMessage ByteCount = 146189954:444693
LCMessage ByteCount = 55:11
StandardSMMessage ByteCount = 412:22
ConsensusMessage ByteCount = 51125640:29176
--- Measurements after 367000 ops (1000 samples) ---
Throughput = 7092.1987 operations/sec (Maximum observed: 9009.009 ops/sec)
Total latency = 4.5524837524877995E7 (+/- 0) us 
Consensus latency = 0.0 (+/- 0) us 
Pre-consensus latency = 0.0 (+/- 0) us 
Pos-consensus latency = -2.0851371507207158E12 (+/- 0) us 
Propose latency = 0.0 (+/- 0) us 
Write latency = 0.0 (+/- 0) us 
Accept latency = 0.0 (+/- 0) us 
Batch average size = NaN (+/- 0) requests
TOMMessage ByteCount = 146339704:444837
LCMessage ByteCount = 55:11
StandardSMMessage ByteCount = 412:22
ConsensusMessage ByteCount = 51125640:29176
--- Measurements after 368000 ops (1000 samples) ---
Throughput = 6849.315 operations/sec (Maximum observed: 9009.009 ops/sec)
Total latency = 4.5614328966053E7 (+/- 0) us 
Consensus latency = 0.0 (+/- 0) us 
Pre-consensus latency = 0.0 (+/- 0) us 
Pos-consensus latency = -2.085137006091004E12 (+/- 0) us 
Propose latency = 0.0 (+/- 0) us 
Write latency = 0.0 (+/- 0) us 
Accept latency = 0.0 (+/- 0) us 
Batch average size = NaN (+/- 0) requests
TOMMessage ByteCount = 146509213:445000
LCMessage ByteCount = 55:11
StandardSMMessage ByteCount = 412:22
ConsensusMessage ByteCount = 51125640:29176
--- Measurements after 369000 ops (1000 samples) ---
Throughput = 7042.2534 operations/sec (Maximum observed: 9009.009 ops/sec)
Total latency = 4.5701732160387E7 (+/- 0) us 
Consensus latency = 0.0 (+/- 0) us 
Pre-consensus latency = 0.0 (+/- 0) us 
Pos-consensus latency = -2.0851368623688115E12 (+/- 0) us 
Propose latency = 0.0 (+/- 0) us 
Write latency = 0.0 (+/- 0) us 
Accept latency = 0.0 (+/- 0) us 
Batch average size = NaN (+/- 0) requests
TOMMessage ByteCount = 146680798:445165
LCMessage ByteCount = 55:11
StandardSMMessage ByteCount = 412:22
ConsensusMessage ByteCount = 51125640:29176
--- Measurements after 370000 ops (1000 samples) ---
Throughput = 6944.4443 operations/sec (Maximum observed: 9009.009 ops/sec)
Total latency = 4.5788990285438E7 (+/- 0) us 
Consensus latency = 0.0 (+/- 0) us 
Pre-consensus latency = 0.0 (+/- 0) us 
Pos-consensus latency = -2.08513672021603E12 (+/- 0) us 
Propose latency = 0.0 (+/- 0) us 
Write latency = 0.0 (+/- 0) us 
Accept latency = 0.0 (+/- 0) us 
Batch average size = NaN (+/- 0) requests
TOMMessage ByteCount = 146846150:445324
LCMessage ByteCount = 55:11
StandardSMMessage ByteCount = 412:22
ConsensusMessage ByteCount = 51125640:29176
--- Measurements after 371000 ops (1000 samples) ---
Throughput = 7042.2534 operations/sec (Maximum observed: 9009.009 ops/sec)
Total latency = 4.5875016388619006E7 (+/- 0) us 
Consensus latency = 0.0 (+/- 0) us 
Pre-consensus latency = 0.0 (+/- 0) us 
Pos-consensus latency = -2.0851365769639604E12 (+/- 0) us 
Propose latency = 0.0 (+/- 0) us 
Write latency = 0.0 (+/- 0) us 
Accept latency = 0.0 (+/- 0) us 
Batch average size = NaN (+/- 0) requests
TOMMessage ByteCount = 146996943:445469
LCMessage ByteCount = 55:11
StandardSMMessage ByteCount = 412:22
ConsensusMessage ByteCount = 51125640:29176
--- Measurements after 372000 ops (1000 samples) ---
Throughput = 6849.315 operations/sec (Maximum observed: 9009.009 ops/sec)
Total latency = 4.5964296999587E7 (+/- 0) us 
Consensus latency = 0.0 (+/- 0) us 
Pre-consensus latency = 0.0 (+/- 0) us 
Pos-consensus latency = -2.0851364331401E12 (+/- 0) us 
Propose latency = 0.0 (+/- 0) us 
Write latency = 0.0 (+/- 0) us 
Accept latency = 0.0 (+/- 0) us 
Batch average size = NaN (+/- 0) requests
TOMMessage ByteCount = 147172688:445638
LCMessage ByteCount = 55:11
StandardSMMessage ByteCount = 412:22
ConsensusMessage ByteCount = 51125640:29176
--- Measurements after 373000 ops (1000 samples) ---
Throughput = 5524.862 operations/sec (Maximum observed: 9009.009 ops/sec)
Total latency = 4.6090823152072E7 (+/- 0) us 
Consensus latency = 0.0 (+/- 0) us 
Pre-consensus latency = 0.0 (+/- 0) us 
Pos-consensus latency = -2.085136251752571E12 (+/- 0) us 
Propose latency = 0.0 (+/- 0) us 
Write latency = 0.0 (+/- 0) us 
Accept latency = 0.0 (+/- 0) us 
Batch average size = NaN (+/- 0) requests
TOMMessage ByteCount = 147433712:445889
LCMessage ByteCount = 55:11
StandardSMMessage ByteCount = 412:22
ConsensusMessage ByteCount = 51125640:29176
--- Measurements after 374000 ops (1000 samples) ---
Throughput = 6802.721 operations/sec (Maximum observed: 9009.009 ops/sec)
Total latency = 4.618175401068801E7 (+/- 0) us 
Consensus latency = 0.0 (+/- 0) us 
Pre-consensus latency = 0.0 (+/- 0) us 
Pos-consensus latency = -2.0851361036202393E12 (+/- 0) us 
Propose latency = 0.0 (+/- 0) us 
Write latency = 0.0 (+/- 0) us 
Accept latency = 0.0 (+/- 0) us 
Batch average size = NaN (+/- 0) requests
TOMMessage ByteCount = 147633382:446081
LCMessage ByteCount = 55:11
StandardSMMessage ByteCount = 412:22
ConsensusMessage ByteCount = 51125640:29176
--- Measurements after 375000 ops (1000 samples) ---
Throughput = 6711.409 operations/sec (Maximum observed: 9009.009 ops/sec)
Total latency = 4.6273276464589E7 (+/- 0) us 
Consensus latency = 0.0 (+/- 0) us 
Pre-consensus latency = 0.0 (+/- 0) us 
Pos-consensus latency = -2.0851359559539617E12 (+/- 0) us 
Propose latency = 0.0 (+/- 0) us 
Write latency = 0.0 (+/- 0) us 
Accept latency = 0.0 (+/- 0) us 
Batch average size = NaN (+/- 0) requests
TOMMessage ByteCount = 147860089:446299
LCMessage ByteCount = 55:11
StandardSMMessage ByteCount = 412:22
ConsensusMessage ByteCount = 51125640:29176
--- Measurements after 376000 ops (1000 samples) ---
Throughput = 6535.9478 operations/sec (Maximum observed: 9009.009 ops/sec)
Total latency = 4.636817977896E7 (+/- 0) us 
Consensus latency = 0.0 (+/- 0) us 
Pre-consensus latency = 0.0 (+/- 0) us 
Pos-consensus latency = -2.085135805929314E12 (+/- 0) us 
Propose latency = 0.0 (+/- 0) us 
Write latency = 0.0 (+/- 0) us 
Accept latency = 0.0 (+/- 0) us 
Batch average size = NaN (+/- 0) requests
TOMMessage ByteCount = 148078476:446509
LCMessage ByteCount = 55:11
StandardSMMessage ByteCount = 412:22
ConsensusMessage ByteCount = 51125640:29176
--- Measurements after 377000 ops (1000 samples) ---
Throughput = 6622.5166 operations/sec (Maximum observed: 9009.009 ops/sec)
Total latency = 4.6464725280545995E7 (+/- 0) us 
Consensus latency = 0.0 (+/- 0) us 
Pre-consensus latency = 0.0 (+/- 0) us 
Pos-consensus latency = -2.0851356520763806E12 (+/- 0) us 
Propose latency = 0.0 (+/- 0) us 
Write latency = 0.0 (+/- 0) us 
Accept latency = 0.0 (+/- 0) us 
Batch average size = NaN (+/- 0) requests
TOMMessage ByteCount = 148289582:446712
LCMessage ByteCount = 55:11
StandardSMMessage ByteCount = 412:22
ConsensusMessage ByteCount = 51125640:29176
--- Measurements after 378000 ops (1000 samples) ---
Throughput = 6666.6665 operations/sec (Maximum observed: 9009.009 ops/sec)
Total latency = 4.6559607313467E7 (+/- 0) us 
Consensus latency = 0.0 (+/- 0) us 
Pre-consensus latency = 0.0 (+/- 0) us 
Pos-consensus latency = -2.0851355007699548E12 (+/- 0) us 
Propose latency = 0.0 (+/- 0) us 
Write latency = 0.0 (+/- 0) us 
Accept latency = 0.0 (+/- 0) us 
Batch average size = NaN (+/- 0) requests
TOMMessage ByteCount = 148426850:446844
LCMessage ByteCount = 55:11
StandardSMMessage ByteCount = 412:22
ConsensusMessage ByteCount = 51125640:29176
--- Measurements after 379000 ops (1000 samples) ---
Throughput = 4237.288 operations/sec (Maximum observed: 9009.009 ops/sec)
Total latency = 4.670976303501E7 (+/- 0) us 
Consensus latency = 0.0 (+/- 0) us 
Pre-consensus latency = 0.0 (+/- 0) us 
Pos-consensus latency = -2.0851352962055981E12 (+/- 0) us 
Propose latency = 0.0 (+/- 0) us 
Write latency = 0.0 (+/- 0) us 
Accept latency = 0.0 (+/- 0) us 
Batch average size = NaN (+/- 0) requests
TOMMessage ByteCount = 148722189:447128
LCMessage ByteCount = 55:11
StandardSMMessage ByteCount = 412:22
ConsensusMessage ByteCount = 51125640:29176
--- Measurements after 380000 ops (1000 samples) ---
Throughput = 4761.905 operations/sec (Maximum observed: 9009.009 ops/sec)
Total latency = 4.6866761688112E7 (+/- 0) us 
Consensus latency = 0.0 (+/- 0) us 
Pre-consensus latency = 0.0 (+/- 0) us 
Pos-consensus latency = -2.0851350839259941E12 (+/- 0) us 
Propose latency = 0.0 (+/- 0) us 
Write latency = 0.0 (+/- 0) us 
Accept latency = 0.0 (+/- 0) us 
Batch average size = NaN (+/- 0) requests
TOMMessage ByteCount = 149024810:447419
LCMessage ByteCount = 55:11
StandardSMMessage ByteCount = 412:22
ConsensusMessage ByteCount = 51125640:29176
--- Measurements after 381000 ops (1000 samples) ---
Throughput = 4739.3364 operations/sec (Maximum observed: 9009.009 ops/sec)
Total latency = 4.7021500021952E7 (+/- 0) us 
Consensus latency = 0.0 (+/- 0) us 
Pre-consensus latency = 0.0 (+/- 0) us 
Pos-consensus latency = -2.085134873296094E12 (+/- 0) us 
Propose latency = 0.0 (+/- 0) us 
Write latency = 0.0 (+/- 0) us 
Accept latency = 0.0 (+/- 0) us 
Batch average size = NaN (+/- 0) requests
TOMMessage ByteCount = 149318068:447701
LCMessage ByteCount = 55:11
StandardSMMessage ByteCount = 412:22
ConsensusMessage ByteCount = 51125640:29176
--- Measurements after 382000 ops (1000 samples) ---
Throughput = 4807.6924 operations/sec (Maximum observed: 9009.009 ops/sec)
Total latency = 4.7176681770913005E7 (+/- 0) us 
Consensus latency = 0.0 (+/- 0) us 
Pre-consensus latency = 0.0 (+/- 0) us 
Pos-consensus latency = -2.0851346633777488E12 (+/- 0) us 
Propose latency = 0.0 (+/- 0) us 
Write latency = 0.0 (+/- 0) us 
Accept latency = 0.0 (+/- 0) us 
Batch average size = NaN (+/- 0) requests
TOMMessage ByteCount = 149531249:447906
LCMessage ByteCount = 55:11
StandardSMMessage ByteCount = 412:22
ConsensusMessage ByteCount = 51125640:29176
--- Measurements after 383000 ops (1000 samples) ---
Throughput = 4807.6924 operations/sec (Maximum observed: 9009.009 ops/sec)
Total latency = 4.7329366756269E7 (+/- 0) us 
Consensus latency = 0.0 (+/- 0) us 
Pre-consensus latency = 0.0 (+/- 0) us 
Pos-consensus latency = -2.0851344547074973E12 (+/- 0) us 
Propose latency = 0.0 (+/- 0) us 
Write latency = 0.0 (+/- 0) us 
Accept latency = 0.0 (+/- 0) us 
Batch average size = NaN (+/- 0) requests
TOMMessage ByteCount = 149790192:448155
LCMessage ByteCount = 55:11
StandardSMMessage ByteCount = 412:22
ConsensusMessage ByteCount = 51125640:29176
--- Measurements after 384000 ops (1000 samples) ---
Throughput = 4291.8457 operations/sec (Maximum observed: 9009.009 ops/sec)
Total latency = 4.7483905047598E7 (+/- 0) us 
Consensus latency = 0.0 (+/- 0) us 
Pre-consensus latency = 0.0 (+/- 0) us 
Pos-consensus latency = -2.0851342437227358E12 (+/- 0) us 
Propose latency = 0.0 (+/- 0) us 
Write latency = 0.0 (+/- 0) us 
Accept latency = 0.0 (+/- 0) us 
Batch average size = NaN (+/- 0) requests
TOMMessage ByteCount = 150082410:448436
LCMessage ByteCount = 55:11
StandardSMMessage ByteCount = 412:22
ConsensusMessage ByteCount = 51125640:29176
--- Measurements after 385000 ops (1000 samples) ---
Throughput = 4761.905 operations/sec (Maximum observed: 9009.009 ops/sec)
Total latency = 4.766094798521499E7 (+/- 0) us 
Consensus latency = 0.0 (+/- 0) us 
Pre-consensus latency = 0.0 (+/- 0) us 
Pos-consensus latency = -2.0851340122535186E12 (+/- 0) us 
Propose latency = 0.0 (+/- 0) us 
Write latency = 0.0 (+/- 0) us 
Accept latency = 0.0 (+/- 0) us 
Batch average size = NaN (+/- 0) requests
TOMMessage ByteCount = 150302871:448648
LCMessage ByteCount = 55:11
StandardSMMessage ByteCount = 412:22
ConsensusMessage ByteCount = 51125640:29176
--- Measurements after 386000 ops (1000 samples) ---
Throughput = 4761.905 operations/sec (Maximum observed: 9009.009 ops/sec)
Total latency = 4.781599926566E7 (+/- 0) us 
Consensus latency = 0.0 (+/- 0) us 
Pre-consensus latency = 0.0 (+/- 0) us 
Pos-consensus latency = -2.0851338012264905E12 (+/- 0) us 
Propose latency = 0.0 (+/- 0) us 
Write latency = 0.0 (+/- 0) us 
Accept latency = 0.0 (+/- 0) us 
Batch average size = NaN (+/- 0) requests
TOMMessage ByteCount = 150532693:448869
LCMessage ByteCount = 55:11
StandardSMMessage ByteCount = 412:22
ConsensusMessage ByteCount = 51125640:29176
--- Measurements after 387000 ops (1000 samples) ---
Throughput = 4807.6924 operations/sec (Maximum observed: 9009.009 ops/sec)
Total latency = 4.7969283475061E7 (+/- 0) us 
Consensus latency = 0.0 (+/- 0) us 
Pre-consensus latency = 0.0 (+/- 0) us 
Pos-consensus latency = -2.0851335922457273E12 (+/- 0) us 
Propose latency = 0.0 (+/- 0) us 
Write latency = 0.0 (+/- 0) us 
Accept latency = 0.0 (+/- 0) us 
Batch average size = NaN (+/- 0) requests
TOMMessage ByteCount = 150760439:449088
LCMessage ByteCount = 55:11
StandardSMMessage ByteCount = 412:22
ConsensusMessage ByteCount = 51125640:29176
--- Measurements after 388000 ops (1000 samples) ---
Throughput = 4807.6924 operations/sec (Maximum observed: 9009.009 ops/sec)
Total latency = 4.812172707481E7 (+/- 0) us 
Consensus latency = 0.0 (+/- 0) us 
Pre-consensus latency = 0.0 (+/- 0) us 
Pos-consensus latency = -2.0851333834839229E12 (+/- 0) us 
Propose latency = 0.0 (+/- 0) us 
Write latency = 0.0 (+/- 0) us 
Accept latency = 0.0 (+/- 0) us 
Batch average size = NaN (+/- 0) requests
TOMMessage ByteCount = 150997540:449316
LCMessage ByteCount = 55:11
StandardSMMessage ByteCount = 412:22
ConsensusMessage ByteCount = 51125640:29176
--- Measurements after 389000 ops (1000 samples) ---
Throughput = 4807.6924 operations/sec (Maximum observed: 9009.009 ops/sec)
Total latency = 4.8274907468013E7 (+/- 0) us 
Consensus latency = 0.0 (+/- 0) us 
Pre-consensus latency = 0.0 (+/- 0) us 
Pos-consensus latency = -2.0851331742727341E12 (+/- 0) us 
Propose latency = 0.0 (+/- 0) us 
Write latency = 0.0 (+/- 0) us 
Accept latency = 0.0 (+/- 0) us 
Batch average size = NaN (+/- 0) requests
TOMMessage ByteCount = 151236731:449546
LCMessage ByteCount = 55:11
StandardSMMessage ByteCount = 412:22
ConsensusMessage ByteCount = 51125640:29176
--- Measurements after 390000 ops (1000 samples) ---
Throughput = 3846.1538 operations/sec (Maximum observed: 9009.009 ops/sec)
Total latency = 4.8443834159490995E7 (+/- 0) us 
Consensus latency = 0.0 (+/- 0) us 
Pre-consensus latency = 0.0 (+/- 0) us 
Pos-consensus latency = -2.0851329493600012E12 (+/- 0) us 
Propose latency = 0.0 (+/- 0) us 
Write latency = 0.0 (+/- 0) us 
Accept latency = 0.0 (+/- 0) us 
Batch average size = NaN (+/- 0) requests
TOMMessage ByteCount = 151551829:449849
LCMessage ByteCount = 55:11
StandardSMMessage ByteCount = 412:22
ConsensusMessage ByteCount = 51125640:29176
--- Measurements after 391000 ops (1000 samples) ---
Throughput = 4761.905 operations/sec (Maximum observed: 9009.009 ops/sec)
Total latency = 4.8635536273811E7 (+/- 0) us 
Consensus latency = 0.0 (+/- 0) us 
Pre-consensus latency = 0.0 (+/- 0) us 
Pos-consensus latency = -2.0851327039964197E12 (+/- 0) us 
Propose latency = 0.0 (+/- 0) us 
Write latency = 0.0 (+/- 0) us 
Accept latency = 0.0 (+/- 0) us 
Batch average size = NaN (+/- 0) requests
TOMMessage ByteCount = 151773333:450062
LCMessage ByteCount = 55:11
StandardSMMessage ByteCount = 412:22
ConsensusMessage ByteCount = 51125640:29176
--- Measurements after 392000 ops (1000 samples) ---
Throughput = 4784.689 operations/sec (Maximum observed: 9009.009 ops/sec)
Total latency = 4.8788526718832E7 (+/- 0) us 
Consensus latency = 0.0 (+/- 0) us 
Pre-consensus latency = 0.0 (+/- 0) us 
Pos-consensus latency = -2.0851324950194023E12 (+/- 0) us 
Propose latency = 0.0 (+/- 0) us 
Write latency = 0.0 (+/- 0) us 
Accept latency = 0.0 (+/- 0) us 
Batch average size = NaN (+/- 0) requests
TOMMessage ByteCount = 152020834:450300
LCMessage ByteCount = 55:11
StandardSMMessage ByteCount = 412:22
ConsensusMessage ByteCount = 51125640:29176
--- Measurements after 393000 ops (1000 samples) ---
Throughput = 4761.905 operations/sec (Maximum observed: 9009.009 ops/sec)
Total latency = 4.8942360618815005E7 (+/- 0) us 
Consensus latency = 0.0 (+/- 0) us 
Pre-consensus latency = 0.0 (+/- 0) us 
Pos-consensus latency = -2.0851322859185027E12 (+/- 0) us 
Propose latency = 0.0 (+/- 0) us 
Write latency = 0.0 (+/- 0) us 
Accept latency = 0.0 (+/- 0) us 
Batch average size = NaN (+/- 0) requests
TOMMessage ByteCount = 152239218:450510
LCMessage ByteCount = 55:11
StandardSMMessage ByteCount = 412:22
ConsensusMessage ByteCount = 51125640:29176
--- Measurements after 394000 ops (1000 samples) ---
Throughput = 4761.905 operations/sec (Maximum observed: 9009.009 ops/sec)
Total latency = 4.9096758920414E7 (+/- 0) us 
Consensus latency = 0.0 (+/- 0) us 
Pre-consensus latency = 0.0 (+/- 0) us 
Pos-consensus latency = -2.085132075657404E12 (+/- 0) us 
Propose latency = 0.0 (+/- 0) us 
Write latency = 0.0 (+/- 0) us 
Accept latency = 0.0 (+/- 0) us 
Batch average size = NaN (+/- 0) requests
TOMMessage ByteCount = 152455528:450718
LCMessage ByteCount = 55:11
StandardSMMessage ByteCount = 412:22
ConsensusMessage ByteCount = 51125640:29176
--- Measurements after 395000 ops (1000 samples) ---
Throughput = 4784.689 operations/sec (Maximum observed: 9009.009 ops/sec)
Total latency = 4.924910095875E7 (+/- 0) us 
Consensus latency = 0.0 (+/- 0) us 
Pre-consensus latency = 0.0 (+/- 0) us 
Pos-consensus latency = -2.0851318660593372E12 (+/- 0) us 
Propose latency = 0.0 (+/- 0) us 
Write latency = 0.0 (+/- 0) us 
Accept latency = 0.0 (+/- 0) us 
Batch average size = NaN (+/- 0) requests
TOMMessage ByteCount = 152654155:450909
LCMessage ByteCount = 55:11
StandardSMMessage ByteCount = 412:22
ConsensusMessage ByteCount = 51125640:29176
--- Measurements after 396000 ops (1000 samples) ---
Throughput = 3802.2812 operations/sec (Maximum observed: 9009.009 ops/sec)
Total latency = 4.9438789913622E7 (+/- 0) us 
Consensus latency = 0.0 (+/- 0) us 
Pre-consensus latency = 0.0 (+/- 0) us 
Pos-consensus latency = -2.085131619346823E12 (+/- 0) us 
Propose latency = 0.0 (+/- 0) us 
Write latency = 0.0 (+/- 0) us 
Accept latency = 0.0 (+/- 0) us 
Batch average size = NaN (+/- 0) requests
TOMMessage ByteCount = 152977571:451220
LCMessage ByteCount = 55:11
StandardSMMessage ByteCount = 412:22
ConsensusMessage ByteCount = 51125640:29176
--- Measurements after 397000 ops (1000 samples) ---
Throughput = 4761.905 operations/sec (Maximum observed: 9009.009 ops/sec)
Total latency = 4.96118001203E7 (+/- 0) us 
Consensus latency = 0.0 (+/- 0) us 
Pre-consensus latency = 0.0 (+/- 0) us 
Pos-consensus latency = -2.0851313925733367E12 (+/- 0) us 
Propose latency = 0.0 (+/- 0) us 
Write latency = 0.0 (+/- 0) us 
Accept latency = 0.0 (+/- 0) us 
Batch average size = NaN (+/- 0) requests
TOMMessage ByteCount = 153224034:451457
LCMessage ByteCount = 55:11
StandardSMMessage ByteCount = 412:22
ConsensusMessage ByteCount = 51125640:29176
--- Measurements after 398000 ops (1000 samples) ---
Throughput = 4761.905 operations/sec (Maximum observed: 9009.009 ops/sec)
Total latency = 4.9767015094514996E7 (+/- 0) us 
Consensus latency = 0.0 (+/- 0) us 
Pre-consensus latency = 0.0 (+/- 0) us 
Pos-consensus latency = -2.085131182087522E12 (+/- 0) us 
Propose latency = 0.0 (+/- 0) us 
Write latency = 0.0 (+/- 0) us 
Accept latency = 0.0 (+/- 0) us 
Batch average size = NaN (+/- 0) requests
TOMMessage ByteCount = 153487134:451710
LCMessage ByteCount = 55:11
StandardSMMessage ByteCount = 412:22
ConsensusMessage ByteCount = 51125640:29176
--- Measurements after 399000 ops (1000 samples) ---
Throughput = 6666.6665 operations/sec (Maximum observed: 9009.009 ops/sec)
Total latency = 4.9893160872171E7 (+/- 0) us 
Consensus latency = 0.0 (+/- 0) us 
Pre-consensus latency = 0.0 (+/- 0) us 
Pos-consensus latency = -2.0851310007115928E12 (+/- 0) us 
Propose latency = 0.0 (+/- 0) us 
Write latency = 0.0 (+/- 0) us 
Accept latency = 0.0 (+/- 0) us 
Batch average size = NaN (+/- 0) requests
TOMMessage ByteCount = 153655605:451872
LCMessage ByteCount = 55:11
StandardSMMessage ByteCount = 412:22
ConsensusMessage ByteCount = 51125640:29176
--- Measurements after 400000 ops (1000 samples) ---
Throughput = 6896.552 operations/sec (Maximum observed: 9009.009 ops/sec)
Total latency = 4.9982932246239E7 (+/- 0) us 
Consensus latency = 0.0 (+/- 0) us 
Pre-consensus latency = 0.0 (+/- 0) us 
Pos-consensus latency = -2.0851308555381382E12 (+/- 0) us 
Propose latency = 0.0 (+/- 0) us 
Write latency = 0.0 (+/- 0) us 
Accept latency = 0.0 (+/- 0) us 
Batch average size = NaN (+/- 0) requests
TOMMessage ByteCount = 153795992:452007
LCMessage ByteCount = 55:11
StandardSMMessage ByteCount = 412:22
ConsensusMessage ByteCount = 51125640:29176
--- Measurements after 401000 ops (1000 samples) ---
Throughput = 5376.344 operations/sec (Maximum observed: 9009.009 ops/sec)
Total latency = 5.008232873929E7 (+/- 0) us 
Consensus latency = 0.0 (+/- 0) us 
Pre-consensus latency = 0.0 (+/- 0) us 
Pos-consensus latency = -2.0851307005999329E12 (+/- 0) us 
Propose latency = 0.0 (+/- 0) us 
Write latency = 0.0 (+/- 0) us 
Accept latency = 0.0 (+/- 0) us 
Batch average size = NaN (+/- 0) requests
TOMMessage ByteCount = 153987343:452191
LCMessage ByteCount = 55:11
StandardSMMessage ByteCount = 412:22
ConsensusMessage ByteCount = 51125640:29176
--- Measurements after 402000 ops (1000 samples) ---
Throughput = 6493.5063 operations/sec (Maximum observed: 9009.009 ops/sec)
Total latency = 5.020552539091001E7 (+/- 0) us 
Consensus latency = 0.0 (+/- 0) us 
Pre-consensus latency = 0.0 (+/- 0) us 
Pos-consensus latency = -2.0851305197098574E12 (+/- 0) us 
Propose latency = 0.0 (+/- 0) us 
Write latency = 0.0 (+/- 0) us 
Accept latency = 0.0 (+/- 0) us 
Batch average size = NaN (+/- 0) requests
TOMMessage ByteCount = 154211972:452407
LCMessage ByteCount = 55:11
StandardSMMessage ByteCount = 412:22
ConsensusMessage ByteCount = 51125640:29176
--- Measurements after 403000 ops (1000 samples) ---
Throughput = 6578.9473 operations/sec (Maximum observed: 9009.009 ops/sec)
Total latency = 5.0304581724028E7 (+/- 0) us 
Consensus latency = 0.0 (+/- 0) us 
Pre-consensus latency = 0.0 (+/- 0) us 
Pos-consensus latency = -2.085130366266349E12 (+/- 0) us 
Propose latency = 0.0 (+/- 0) us 
Write latency = 0.0 (+/- 0) us 
Accept latency = 0.0 (+/- 0) us 
Batch average size = NaN (+/- 0) requests
TOMMessage ByteCount = 154539548:452722
LCMessage ByteCount = 55:11
StandardSMMessage ByteCount = 412:22
ConsensusMessage ByteCount = 51125640:29176
--- Measurements after 404000 ops (1000 samples) ---
Throughput = 6622.5166 operations/sec (Maximum observed: 9009.009 ops/sec)
Total latency = 5.0400772326358005E7 (+/- 0) us 
Consensus latency = 0.0 (+/- 0) us 
Pre-consensus latency = 0.0 (+/- 0) us 
Pos-consensus latency = -2.0851302151566155E12 (+/- 0) us 
Propose latency = 0.0 (+/- 0) us 
Write latency = 0.0 (+/- 0) us 
Accept latency = 0.0 (+/- 0) us 
Batch average size = NaN (+/- 0) requests
TOMMessage ByteCount = 154866080:453036
LCMessage ByteCount = 55:11
StandardSMMessage ByteCount = 412:22
ConsensusMessage ByteCount = 51125640:29176
--- Measurements after 405000 ops (1000 samples) ---
Throughput = 6622.5166 operations/sec (Maximum observed: 9009.009 ops/sec)
Total latency = 5.0496405741167E7 (+/- 0) us 
Consensus latency = 0.0 (+/- 0) us 
Pre-consensus latency = 0.0 (+/- 0) us 
Pos-consensus latency = -2.085130064103379E12 (+/- 0) us 
Propose latency = 0.0 (+/- 0) us 
Write latency = 0.0 (+/- 0) us 
Accept latency = 0.0 (+/- 0) us 
Batch average size = NaN (+/- 0) requests
TOMMessage ByteCount = 155197816:453355
LCMessage ByteCount = 55:11
StandardSMMessage ByteCount = 412:22
ConsensusMessage ByteCount = 51125640:29176
--- Measurements after 406000 ops (1000 samples) ---
Throughput = 5319.149 operations/sec (Maximum observed: 9009.009 ops/sec)
Total latency = 5.0602698086046994E7 (+/- 0) us 
Consensus latency = 0.0 (+/- 0) us 
Pre-consensus latency = 0.0 (+/- 0) us 
Pos-consensus latency = -2.0851299035082053E12 (+/- 0) us 
Propose latency = 0.0 (+/- 0) us 
Write latency = 0.0 (+/- 0) us 
Accept latency = 0.0 (+/- 0) us 
Batch average size = NaN (+/- 0) requests
TOMMessage ByteCount = 155566991:453710
LCMessage ByteCount = 55:11
StandardSMMessage ByteCount = 412:22
ConsensusMessage ByteCount = 51125640:29176
--- Measurements after 407000 ops (1000 samples) ---
Throughput = 6666.6665 operations/sec (Maximum observed: 9009.009 ops/sec)
Total latency = 5.0726669460522E7 (+/- 0) us 
Consensus latency = 0.0 (+/- 0) us 
Pre-consensus latency = 0.0 (+/- 0) us 
Pos-consensus latency = -2.0851297244682249E12 (+/- 0) us 
Propose latency = 0.0 (+/- 0) us 
Write latency = 0.0 (+/- 0) us 
Accept latency = 0.0 (+/- 0) us 
Batch average size = NaN (+/- 0) requests
TOMMessage ByteCount = 155908091:454038
LCMessage ByteCount = 55:11
StandardSMMessage ByteCount = 412:22
ConsensusMessage ByteCount = 51125640:29176
--- Measurements after 408000 ops (1000 samples) ---
Throughput = 6666.6665 operations/sec (Maximum observed: 9009.009 ops/sec)
Total latency = 5.0819616081621E7 (+/- 0) us 
Consensus latency = 0.0 (+/- 0) us 
Pre-consensus latency = 0.0 (+/- 0) us 
Pos-consensus latency = -2.0851295753022207E12 (+/- 0) us 
Propose latency = 0.0 (+/- 0) us 
Write latency = 0.0 (+/- 0) us 
Accept latency = 0.0 (+/- 0) us 
Batch average size = NaN (+/- 0) requests
TOMMessage ByteCount = 156225273:454343
LCMessage ByteCount = 55:11
StandardSMMessage ByteCount = 412:22
ConsensusMessage ByteCount = 51125640:29176
--- Measurements after 409000 ops (1000 samples) ---
Throughput = 6666.6665 operations/sec (Maximum observed: 9009.009 ops/sec)
Total latency = 5.0915491400533E7 (+/- 0) us 
Consensus latency = 0.0 (+/- 0) us 
Pre-consensus latency = 0.0 (+/- 0) us 
Pos-consensus latency = -2.0851294248579282E12 (+/- 0) us 
Propose latency = 0.0 (+/- 0) us 
Write latency = 0.0 (+/- 0) us 
Accept latency = 0.0 (+/- 0) us 
Batch average size = NaN (+/- 0) requests
TOMMessage ByteCount = 156505012:454612
LCMessage ByteCount = 55:11
StandardSMMessage ByteCount = 412:22
ConsensusMessage ByteCount = 51125640:29176
--- Measurements after 410000 ops (1000 samples) ---
Throughput = 6578.9473 operations/sec (Maximum observed: 9009.009 ops/sec)
Total latency = 5.1011456861023E7 (+/- 0) us 
Consensus latency = 0.0 (+/- 0) us 
Pre-consensus latency = 0.0 (+/- 0) us 
Pos-consensus latency = -2.08512927407674E12 (+/- 0) us 
Propose latency = 0.0 (+/- 0) us 
Write latency = 0.0 (+/- 0) us 
Accept latency = 0.0 (+/- 0) us 
Batch average size = NaN (+/- 0) requests
TOMMessage ByteCount = 156801396:454897
LCMessage ByteCount = 55:11
StandardSMMessage ByteCount = 412:22
ConsensusMessage ByteCount = 51125640:29176
--- Measurements after 411000 ops (1000 samples) ---
Throughput = 5208.3335 operations/sec (Maximum observed: 9009.009 ops/sec)
Total latency = 5.1126607388197E7 (+/- 0) us 
Consensus latency = 0.0 (+/- 0) us 
Pre-consensus latency = 0.0 (+/- 0) us 
Pos-consensus latency = -2.0851291027136902E12 (+/- 0) us 
Propose latency = 0.0 (+/- 0) us 
Write latency = 0.0 (+/- 0) us 
Accept latency = 0.0 (+/- 0) us 
Batch average size = NaN (+/- 0) requests
TOMMessage ByteCount = 157172648:455254
LCMessage ByteCount = 55:11
StandardSMMessage ByteCount = 412:22
ConsensusMessage ByteCount = 51125640:29176
--- Measurements after 412000 ops (1000 samples) ---
Throughput = 6535.9478 operations/sec (Maximum observed: 9009.009 ops/sec)
Total latency = 5.1244309492985E7 (+/- 0) us 
Consensus latency = 0.0 (+/- 0) us 
Pre-consensus latency = 0.0 (+/- 0) us 
Pos-consensus latency = -2.085128930354612E12 (+/- 0) us 
Propose latency = 0.0 (+/- 0) us 
Write latency = 0.0 (+/- 0) us 
Accept latency = 0.0 (+/- 0) us 
Batch average size = NaN (+/- 0) requests
TOMMessage ByteCount = 157436794:455508
LCMessage ByteCount = 55:11
StandardSMMessage ByteCount = 412:22
ConsensusMessage ByteCount = 51125640:29176
--- Measurements after 413000 ops (1000 samples) ---
Throughput = 6535.9478 operations/sec (Maximum observed: 9009.009 ops/sec)
Total latency = 5.1341395744331E7 (+/- 0) us 
Consensus latency = 0.0 (+/- 0) us 
Pre-consensus latency = 0.0 (+/- 0) us 
Pos-consensus latency = -2.0851287771746929E12 (+/- 0) us 
Propose latency = 0.0 (+/- 0) us 
Write latency = 0.0 (+/- 0) us 
Accept latency = 0.0 (+/- 0) us 
Batch average size = NaN (+/- 0) requests
TOMMessage ByteCount = 157738373:455798
LCMessage ByteCount = 55:11
StandardSMMessage ByteCount = 412:22
ConsensusMessage ByteCount = 51125640:29176
--- Measurements after 414000 ops (1000 samples) ---
Throughput = 6535.9478 operations/sec (Maximum observed: 9009.009 ops/sec)
Total latency = 5.1439435328034E7 (+/- 0) us 
Consensus latency = 0.0 (+/- 0) us 
Pre-consensus latency = 0.0 (+/- 0) us 
Pos-consensus latency = -2.0851286235900645E12 (+/- 0) us 
Propose latency = 0.0 (+/- 0) us 
Write latency = 0.0 (+/- 0) us 
Accept latency = 0.0 (+/- 0) us 
Batch average size = NaN (+/- 0) requests
TOMMessage ByteCount = 158040994:456089
LCMessage ByteCount = 55:11
StandardSMMessage ByteCount = 412:22
ConsensusMessage ByteCount = 51125640:29176
--- Measurements after 415000 ops (1000 samples) ---
Throughput = 6535.9478 operations/sec (Maximum observed: 9009.009 ops/sec)
Total latency = 5.1535054679203E7 (+/- 0) us 
Consensus latency = 0.0 (+/- 0) us 
Pre-consensus latency = 0.0 (+/- 0) us 
Pos-consensus latency = -2.085128470950449E12 (+/- 0) us 
Propose latency = 0.0 (+/- 0) us 
Write latency = 0.0 (+/- 0) us 
Accept latency = 0.0 (+/- 0) us 
Batch average size = NaN (+/- 0) requests
TOMMessage ByteCount = 158050353:456098
LCMessage ByteCount = 55:11
StandardSMMessage ByteCount = 412:22
ConsensusMessage ByteCount = 51125640:29176
--- Measurements after 416000 ops (1000 samples) ---
Throughput = 4672.897 operations/sec (Maximum observed: 9009.009 ops/sec)
Total latency = 5.1657023704938E7 (+/- 0) us 
Consensus latency = 0.0 (+/- 0) us 
Pre-consensus latency = 0.0 (+/- 0) us 
Pos-consensus latency = -2.085128295576296E12 (+/- 0) us 
Propose latency = 0.0 (+/- 0) us 
Write latency = 0.0 (+/- 0) us 
Accept latency = 0.0 (+/- 0) us 
Batch average size = NaN (+/- 0) requests
TOMMessage ByteCount = 158058673:456106
LCMessage ByteCount = 55:11
StandardSMMessage ByteCount = 412:22
ConsensusMessage ByteCount = 51125640:29176
--- Measurements after 417000 ops (1000 samples) ---
Throughput = 4761.905 operations/sec (Maximum observed: 9009.009 ops/sec)
Total latency = 5.1822573453589E7 (+/- 0) us 
Consensus latency = 0.0 (+/- 0) us 
Pre-consensus latency = 0.0 (+/- 0) us 
Pos-consensus latency = -2.0851280752365022E12 (+/- 0) us 
Propose latency = 0.0 (+/- 0) us 
Write latency = 0.0 (+/- 0) us 
Accept latency = 0.0 (+/- 0) us 
Batch average size = NaN (+/- 0) requests
TOMMessage ByteCount = 158064912:456112
LCMessage ByteCount = 55:11
StandardSMMessage ByteCount = 412:22
ConsensusMessage ByteCount = 51125640:29176
--- Measurements after 418000 ops (1000 samples) ---
Throughput = 4784.689 operations/sec (Maximum observed: 9009.009 ops/sec)
Total latency = 5.197743540428E7 (+/- 0) us 
Consensus latency = 0.0 (+/- 0) us 
Pre-consensus latency = 0.0 (+/- 0) us 
Pos-consensus latency = -2.0851278650596445E12 (+/- 0) us 
Propose latency = 0.0 (+/- 0) us 
Write latency = 0.0 (+/- 0) us 
Accept latency = 0.0 (+/- 0) us 
Batch average size = NaN (+/- 0) requests
TOMMessage ByteCount = 158071151:456118
LCMessage ByteCount = 55:11
StandardSMMessage ByteCount = 412:22
ConsensusMessage ByteCount = 51125640:29176
--- Measurements after 419000 ops (1000 samples) ---
Throughput = 4739.3364 operations/sec (Maximum observed: 9009.009 ops/sec)
Total latency = 5.2131185462095E7 (+/- 0) us 
Consensus latency = 0.0 (+/- 0) us 
Pre-consensus latency = 0.0 (+/- 0) us 
Pos-consensus latency = -2.0851276550837373E12 (+/- 0) us 
Propose latency = 0.0 (+/- 0) us 
Write latency = 0.0 (+/- 0) us 
Accept latency = 0.0 (+/- 0) us 
Batch average size = NaN (+/- 0) requests
TOMMessage ByteCount = 158073231:456120
LCMessage ByteCount = 55:11
StandardSMMessage ByteCount = 412:22
ConsensusMessage ByteCount = 51125640:29176
--- Measurements after 420000 ops (1000 samples) ---
Throughput = 4739.3364 operations/sec (Maximum observed: 9009.009 ops/sec)
Total latency = 5.2286220544526E7 (+/- 0) us 
Consensus latency = 0.0 (+/- 0) us 
Pre-consensus latency = 0.0 (+/- 0) us 
Pos-consensus latency = -2.0851274437079832E12 (+/- 0) us 
Propose latency = 0.0 (+/- 0) us 
Write latency = 0.0 (+/- 0) us 
Accept latency = 0.0 (+/- 0) us 
Batch average size = NaN (+/- 0) requests
TOMMessage ByteCount = 158078431:456125
LCMessage ByteCount = 55:11
StandardSMMessage ByteCount = 412:22
ConsensusMessage ByteCount = 51125640:29176
--- Measurements after 421000 ops (1000 samples) ---
Throughput = 4716.981 operations/sec (Maximum observed: 9009.009 ops/sec)
Total latency = 5.2440376987163E7 (+/- 0) us 
Consensus latency = 0.0 (+/- 0) us 
Pre-consensus latency = 0.0 (+/- 0) us 
Pos-consensus latency = -2.085127231446484E12 (+/- 0) us 
Propose latency = 0.0 (+/- 0) us 
Write latency = 0.0 (+/- 0) us 
Accept latency = 0.0 (+/- 0) us 
Batch average size = NaN (+/- 0) requests
TOMMessage ByteCount = 158090911:456137
LCMessage ByteCount = 55:11
StandardSMMessage ByteCount = 412:22
ConsensusMessage ByteCount = 51125640:29176
--- Measurements after 422000 ops (1000 samples) ---
Throughput = 3690.0369 operations/sec (Maximum observed: 9009.009 ops/sec)
Total latency = 5.2626323542081E7 (+/- 0) us 
Consensus latency = 0.0 (+/- 0) us 
Pre-consensus latency = 0.0 (+/- 0) us 
Pos-consensus latency = -2.0851269922005906E12 (+/- 0) us 
Propose latency = 0.0 (+/- 0) us 
Write latency = 0.0 (+/- 0) us 
Accept latency = 0.0 (+/- 0) us 
Batch average size = NaN (+/- 0) requests
TOMMessage ByteCount = 158101311:456147
LCMessage ByteCount = 55:11
StandardSMMessage ByteCount = 412:22
ConsensusMessage ByteCount = 51125640:29176
--- Measurements after 423000 ops (1000 samples) ---
Throughput = 4784.689 operations/sec (Maximum observed: 9009.009 ops/sec)
Total latency = 5.2812431136392E7 (+/- 0) us 
Consensus latency = 0.0 (+/- 0) us 
Pre-consensus latency = 0.0 (+/- 0) us 
Pos-consensus latency = -2.085126749953957E12 (+/- 0) us 
Propose latency = 0.0 (+/- 0) us 
Write latency = 0.0 (+/- 0) us 
Accept latency = 0.0 (+/- 0) us 
Batch average size = NaN (+/- 0) requests
TOMMessage ByteCount = 158107551:456153
LCMessage ByteCount = 55:11
StandardSMMessage ByteCount = 412:22
ConsensusMessage ByteCount = 51125640:29176
--- Measurements after 424000 ops (1000 samples) ---
Throughput = 4784.689 operations/sec (Maximum observed: 9009.009 ops/sec)
Total latency = 5.2966121149515E7 (+/- 0) us 
Consensus latency = 0.0 (+/- 0) us 
Pre-consensus latency = 0.0 (+/- 0) us 
Pos-consensus latency = -2.085126540632506E12 (+/- 0) us 
Propose latency = 0.0 (+/- 0) us 
Write latency = 0.0 (+/- 0) us 
Accept latency = 0.0 (+/- 0) us 
Batch average size = NaN (+/- 0) requests
TOMMessage ByteCount = 158111711:456157
LCMessage ByteCount = 55:11
StandardSMMessage ByteCount = 412:22
ConsensusMessage ByteCount = 51125640:29176
--- Measurements after 425000 ops (1000 samples) ---
Throughput = 4761.905 operations/sec (Maximum observed: 9009.009 ops/sec)
Total latency = 5.3120118071928E7 (+/- 0) us 
Consensus latency = 0.0 (+/- 0) us 
Pre-consensus latency = 0.0 (+/- 0) us 
Pos-consensus latency = -2.0851263306197097E12 (+/- 0) us 
Propose latency = 0.0 (+/- 0) us 
Write latency = 0.0 (+/- 0) us 
Accept latency = 0.0 (+/- 0) us 
Batch average size = NaN (+/- 0) requests
TOMMessage ByteCount = 158112751:456158
LCMessage ByteCount = 55:11
StandardSMMessage ByteCount = 412:22
ConsensusMessage ByteCount = 51125640:29176
--- Measurements after 426000 ops (1000 samples) ---
Throughput = 4807.6924 operations/sec (Maximum observed: 9009.009 ops/sec)
Total latency = 5.3272737139243E7 (+/- 0) us 
Consensus latency = 0.0 (+/- 0) us 
Pre-consensus latency = 0.0 (+/- 0) us 
Pos-consensus latency = -2.0851261215069785E12 (+/- 0) us 
Propose latency = 0.0 (+/- 0) us 
Write latency = 0.0 (+/- 0) us 
Accept latency = 0.0 (+/- 0) us 
Batch average size = NaN (+/- 0) requests
TOMMessage ByteCount = 158112751:456158
LCMessage ByteCount = 55:11
StandardSMMessage ByteCount = 412:22
ConsensusMessage ByteCount = 51125640:29176
--- Measurements after 427000 ops (1000 samples) ---
Throughput = 6493.5063 operations/sec (Maximum observed: 9009.009 ops/sec)
Total latency = 5.3399020343432E7 (+/- 0) us 
Consensus latency = 0.0 (+/- 0) us 
Pre-consensus latency = 0.0 (+/- 0) us 
Pos-consensus latency = -2.0851259390288826E12 (+/- 0) us 
Propose latency = 0.0 (+/- 0) us 
Write latency = 0.0 (+/- 0) us 
Accept latency = 0.0 (+/- 0) us 
Batch average size = NaN (+/- 0) requests
TOMMessage ByteCount = 158112751:456158
LCMessage ByteCount = 55:11
StandardSMMessage ByteCount = 412:22
ConsensusMessage ByteCount = 51125640:29176
--- Measurements after 428000 ops (1000 samples) ---
Throughput = 5617.9775 operations/sec (Maximum observed: 9009.009 ops/sec)
Total latency = 5.3507391797699995E7 (+/- 0) us 
Consensus latency = 0.0 (+/- 0) us 
Pre-consensus latency = 0.0 (+/- 0) us 
Pos-consensus latency = -2.0851257760550605E12 (+/- 0) us 
Propose latency = 0.0 (+/- 0) us 
Write latency = 0.0 (+/- 0) us 
Accept latency = 0.0 (+/- 0) us 
Batch average size = NaN (+/- 0) requests
TOMMessage ByteCount = 158444492:456477
LCMessage ByteCount = 55:11
StandardSMMessage ByteCount = 412:22
ConsensusMessage ByteCount = 51125640:29176
--- Measurements after 429000 ops (1000 samples) ---
Throughput = 6578.9473 operations/sec (Maximum observed: 9009.009 ops/sec)
Total latency = 5.3618605241949E7 (+/- 0) us 
Consensus latency = 0.0 (+/- 0) us 
Pre-consensus latency = 0.0 (+/- 0) us 
Pos-consensus latency = -2.0851256092688496E12 (+/- 0) us 
Propose latency = 0.0 (+/- 0) us 
Write latency = 0.0 (+/- 0) us 
Accept latency = 0.0 (+/- 0) us 
Batch average size = NaN (+/- 0) requests
TOMMessage ByteCount = 158758555:456779
LCMessage ByteCount = 55:11
StandardSMMessage ByteCount = 412:22
ConsensusMessage ByteCount = 51125640:29176
--- Measurements after 430000 ops (1000 samples) ---
Throughput = 6622.5166 operations/sec (Maximum observed: 9009.009 ops/sec)
Total latency = 5.3712831007467E7 (+/- 0) us 
Consensus latency = 0.0 (+/- 0) us 
Pre-consensus latency = 0.0 (+/- 0) us 
Pos-consensus latency = -2.085125458056082E12 (+/- 0) us 
Propose latency = 0.0 (+/- 0) us 
Write latency = 0.0 (+/- 0) us 
Accept latency = 0.0 (+/- 0) us 
Batch average size = NaN (+/- 0) requests
TOMMessage ByteCount = 159003974:457015
LCMessage ByteCount = 55:11
StandardSMMessage ByteCount = 412:22
ConsensusMessage ByteCount = 51125640:29176
--- Measurements after 431000 ops (1000 samples) ---
Throughput = 6578.9473 operations/sec (Maximum observed: 9009.009 ops/sec)
Total latency = 5.3809103391021006E7 (+/- 0) us 
Consensus latency = 0.0 (+/- 0) us 
Pre-consensus latency = 0.0 (+/- 0) us 
Pos-consensus latency = -2.0851253059869998E12 (+/- 0) us 
Propose latency = 0.0 (+/- 0) us 
Write latency = 0.0 (+/- 0) us 
Accept latency = 0.0 (+/- 0) us 
Batch average size = NaN (+/- 0) requests
TOMMessage ByteCount = 159214040:457217
LCMessage ByteCount = 55:11
StandardSMMessage ByteCount = 412:22
ConsensusMessage ByteCount = 51125640:29176
--- Measurements after 432000 ops (1000 samples) ---
Throughput = 6666.6665 operations/sec (Maximum observed: 9009.009 ops/sec)
Total latency = 5.3904687653423E7 (+/- 0) us 
Consensus latency = 0.0 (+/- 0) us 
Pre-consensus latency = 0.0 (+/- 0) us 
Pos-consensus latency = -2.0851251548962754E12 (+/- 0) us 
Propose latency = 0.0 (+/- 0) us 
Write latency = 0.0 (+/- 0) us 
Accept latency = 0.0 (+/- 0) us 
Batch average size = NaN (+/- 0) requests
TOMMessage ByteCount = 159481300:457474
LCMessage ByteCount = 55:11
StandardSMMessage ByteCount = 412:22
ConsensusMessage ByteCount = 51125640:29176
--- Measurements after 433000 ops (1000 samples) ---
Throughput = 6622.5166 operations/sec (Maximum observed: 9009.009 ops/sec)
Total latency = 5.3998271993511E7 (+/- 0) us 
Consensus latency = 0.0 (+/- 0) us 
Pre-consensus latency = 0.0 (+/- 0) us 
Pos-consensus latency = -2.0851250036571538E12 (+/- 0) us 
Propose latency = 0.0 (+/- 0) us 
Write latency = 0.0 (+/- 0) us 
Accept latency = 0.0 (+/- 0) us 
Batch average size = NaN (+/- 0) requests
TOMMessage ByteCount = 159763122:457745
LCMessage ByteCount = 55:11
StandardSMMessage ByteCount = 412:22
ConsensusMessage ByteCount = 51125640:29176
--- Measurements after 434000 ops (1000 samples) ---
Throughput = 5649.7173 operations/sec (Maximum observed: 9009.009 ops/sec)
Total latency = 5.4114416866669E7 (+/- 0) us 
Consensus latency = 0.0 (+/- 0) us 
Pre-consensus latency = 0.0 (+/- 0) us 
Pos-consensus latency = -2.0851248330466487E12 (+/- 0) us 
Propose latency = 0.0 (+/- 0) us 
Write latency = 0.0 (+/- 0) us 
Accept latency = 0.0 (+/- 0) us 
Batch average size = NaN (+/- 0) requests
TOMMessage ByteCount = 160115658:458084
LCMessage ByteCount = 55:11
StandardSMMessage ByteCount = 412:22
ConsensusMessage ByteCount = 51125640:29176
--- Measurements after 435000 ops (1000 samples) ---
Throughput = 6622.5166 operations/sec (Maximum observed: 9009.009 ops/sec)
Total latency = 5.421863019693901E7 (+/- 0) us 
Consensus latency = 0.0 (+/- 0) us 
Pre-consensus latency = 0.0 (+/- 0) us 
Pos-consensus latency = -2.085124674464357E12 (+/- 0) us 
Propose latency = 0.0 (+/- 0) us 
Write latency = 0.0 (+/- 0) us 
Accept latency = 0.0 (+/- 0) us 
Batch average size = NaN (+/- 0) requests
TOMMessage ByteCount = 160364201:458323
LCMessage ByteCount = 55:11
StandardSMMessage ByteCount = 412:22
ConsensusMessage ByteCount = 51125640:29176
--- Measurements after 436000 ops (1000 samples) ---
Throughput = 6666.6665 operations/sec (Maximum observed: 9009.009 ops/sec)
Total latency = 5.4313380525793E7 (+/- 0) us 
Consensus latency = 0.0 (+/- 0) us 
Pre-consensus latency = 0.0 (+/- 0) us 
Pos-consensus latency = -2.085124523321256E12 (+/- 0) us 
Propose latency = 0.0 (+/- 0) us 
Write latency = 0.0 (+/- 0) us 
Accept latency = 0.0 (+/- 0) us 
Batch average size = NaN (+/- 0) requests
TOMMessage ByteCount = 160626262:458575
LCMessage ByteCount = 55:11
StandardSMMessage ByteCount = 412:22
ConsensusMessage ByteCount = 51125640:29176
--- Measurements after 437000 ops (1000 samples) ---
Throughput = 6622.5166 operations/sec (Maximum observed: 9009.009 ops/sec)
Total latency = 5.4407859345989995E7 (+/- 0) us 
Consensus latency = 0.0 (+/- 0) us 
Pre-consensus latency = 0.0 (+/- 0) us 
Pos-consensus latency = -2.08512437282284E12 (+/- 0) us 
Propose latency = 0.0 (+/- 0) us 
Write latency = 0.0 (+/- 0) us 
Accept latency = 0.0 (+/- 0) us 
Batch average size = NaN (+/- 0) requests
TOMMessage ByteCount = 160868565:458808
LCMessage ByteCount = 55:11
StandardSMMessage ByteCount = 412:22
ConsensusMessage ByteCount = 51125640:29176
--- Measurements after 438000 ops (1000 samples) ---
Throughput = 6535.9478 operations/sec (Maximum observed: 9009.009 ops/sec)
Total latency = 5.4504296001964994E7 (+/- 0) us 
Consensus latency = 0.0 (+/- 0) us 
Pre-consensus latency = 0.0 (+/- 0) us 
Pos-consensus latency = -2.0851242207675127E12 (+/- 0) us 
Propose latency = 0.0 (+/- 0) us 
Write latency = 0.0 (+/- 0) us 
Accept latency = 0.0 (+/- 0) us 
Batch average size = NaN (+/- 0) requests
TOMMessage ByteCount = 161122302:459052
LCMessage ByteCount = 55:11
StandardSMMessage ByteCount = 412:22
ConsensusMessage ByteCount = 51125640:29176
--- Measurements after 439000 ops (1000 samples) ---
Throughput = 6578.9473 operations/sec (Maximum observed: 9009.009 ops/sec)
Total latency = 5.4599539047222E7 (+/- 0) us 
Consensus latency = 0.0 (+/- 0) us 
Pre-consensus latency = 0.0 (+/- 0) us 
Pos-consensus latency = -2.0851240683510369E12 (+/- 0) us 
Propose latency = 0.0 (+/- 0) us 
Write latency = 0.0 (+/- 0) us 
Accept latency = 0.0 (+/- 0) us 
Batch average size = NaN (+/- 0) requests
TOMMessage ByteCount = 161357326:459278
LCMessage ByteCount = 55:11
StandardSMMessage ByteCount = 412:22
ConsensusMessage ByteCount = 51125640:29176
--- Measurements after 440000 ops (1000 samples) ---
Throughput = 5586.5923 operations/sec (Maximum observed: 9009.009 ops/sec)
Total latency = 5.4721652003381E7 (+/- 0) us 
Consensus latency = 0.0 (+/- 0) us 
Pre-consensus latency = 0.0 (+/- 0) us 
Pos-consensus latency = -2.0851238918659934E12 (+/- 0) us 
Propose latency = 0.0 (+/- 0) us 
Write latency = 0.0 (+/- 0) us 
Accept latency = 0.0 (+/- 0) us 
Batch average size = NaN (+/- 0) requests
TOMMessage ByteCount = 161692183:459600
LCMessage ByteCount = 55:11
StandardSMMessage ByteCount = 412:22
ConsensusMessage ByteCount = 51125640:29176
--- Measurements after 441000 ops (1000 samples) ---
Throughput = 6578.9473 operations/sec (Maximum observed: 9009.009 ops/sec)
Total latency = 5.4820392159412004E7 (+/- 0) us 
Consensus latency = 0.0 (+/- 0) us 
Pre-consensus latency = 0.0 (+/- 0) us 
Pos-consensus latency = -2.0851237377586887E12 (+/- 0) us 
Propose latency = 0.0 (+/- 0) us 
Write latency = 0.0 (+/- 0) us 
Accept latency = 0.0 (+/- 0) us 
Batch average size = NaN (+/- 0) requests
TOMMessage ByteCount = 161878327:459779
LCMessage ByteCount = 55:11
StandardSMMessage ByteCount = 412:22
ConsensusMessage ByteCount = 51125640:29176
--- Measurements after 442000 ops (1000 samples) ---
Throughput = 6578.9473 operations/sec (Maximum observed: 9009.009 ops/sec)
Total latency = 5.4916628483971E7 (+/- 0) us 
Consensus latency = 0.0 (+/- 0) us 
Pre-consensus latency = 0.0 (+/- 0) us 
Pos-consensus latency = -2.0851235854831694E12 (+/- 0) us 
Propose latency = 0.0 (+/- 0) us 
Write latency = 0.0 (+/- 0) us 
Accept latency = 0.0 (+/- 0) us 
Batch average size = NaN (+/- 0) requests
TOMMessage ByteCount = 161965680:459863
LCMessage ByteCount = 55:11
StandardSMMessage ByteCount = 412:22
ConsensusMessage ByteCount = 51125640:29176
--- Measurements after 443000 ops (1000 samples) ---
Throughput = 6711.409 operations/sec (Maximum observed: 9009.009 ops/sec)
Total latency = 5.5011464083041E7 (+/- 0) us 
Consensus latency = 0.0 (+/- 0) us 
Pre-consensus latency = 0.0 (+/- 0) us 
Pos-consensus latency = -2.0851234340216125E12 (+/- 0) us 
Propose latency = 0.0 (+/- 0) us 
Write latency = 0.0 (+/- 0) us 
Accept latency = 0.0 (+/- 0) us 
Batch average size = NaN (+/- 0) requests
TOMMessage ByteCount = 162061356:459955
LCMessage ByteCount = 55:11
StandardSMMessage ByteCount = 412:22
ConsensusMessage ByteCount = 51125640:29176
--- Measurements after 444000 ops (1000 samples) ---
Throughput = 6578.9473 operations/sec (Maximum observed: 9009.009 ops/sec)
Total latency = 5.5106244149057E7 (+/- 0) us 
Consensus latency = 0.0 (+/- 0) us 
Pre-consensus latency = 0.0 (+/- 0) us 
Pos-consensus latency = -2.085123282870309E12 (+/- 0) us 
Propose latency = 0.0 (+/- 0) us 
Write latency = 0.0 (+/- 0) us 
Accept latency = 0.0 (+/- 0) us 
Batch average size = NaN (+/- 0) requests
TOMMessage ByteCount = 162125832:460017
LCMessage ByteCount = 55:11
StandardSMMessage ByteCount = 412:22
ConsensusMessage ByteCount = 51125640:29176
--- Measurements after 445000 ops (1000 samples) ---
Throughput = 6622.5166 operations/sec (Maximum observed: 9009.009 ops/sec)
Total latency = 5.5199909529892E7 (+/- 0) us 
Consensus latency = 0.0 (+/- 0) us 
Pre-consensus latency = 0.0 (+/- 0) us 
Pos-consensus latency = -2.0851231319523188E12 (+/- 0) us 
Propose latency = 0.0 (+/- 0) us 
Write latency = 0.0 (+/- 0) us 
Accept latency = 0.0 (+/- 0) us 
Batch average size = NaN (+/- 0) requests
TOMMessage ByteCount = 162170550:460060
LCMessage ByteCount = 55:11
StandardSMMessage ByteCount = 412:22
ConsensusMessage ByteCount = 51125640:29176
--- Measurements after 446000 ops (1000 samples) ---
Throughput = 5617.9775 operations/sec (Maximum observed: 9009.009 ops/sec)
Total latency = 5.5320886439873E7 (+/- 0) us 
Consensus latency = 0.0 (+/- 0) us 
Pre-consensus latency = 0.0 (+/- 0) us 
Pos-consensus latency = -2.0851229553184612E12 (+/- 0) us 
Propose latency = 0.0 (+/- 0) us 
Write latency = 0.0 (+/- 0) us 
Accept latency = 0.0 (+/- 0) us 
Batch average size = NaN (+/- 0) requests
TOMMessage ByteCount = 162217345:460105
LCMessage ByteCount = 55:11
StandardSMMessage ByteCount = 412:22
ConsensusMessage ByteCount = 51125640:29176
--- Measurements after 447000 ops (1000 samples) ---
Throughput = 6666.6665 operations/sec (Maximum observed: 9009.009 ops/sec)
Total latency = 5.5416874074815005E7 (+/- 0) us 
Consensus latency = 0.0 (+/- 0) us 
Pre-consensus latency = 0.0 (+/- 0) us 
Pos-consensus latency = -2.0851228035565696E12 (+/- 0) us 
Propose latency = 0.0 (+/- 0) us 
Write latency = 0.0 (+/- 0) us 
Accept latency = 0.0 (+/- 0) us 
Batch average size = NaN (+/- 0) requests
TOMMessage ByteCount = 162246461:460133
LCMessage ByteCount = 55:11
StandardSMMessage ByteCount = 412:22
ConsensusMessage ByteCount = 51125640:29176
--- Measurements after 448000 ops (1000 samples) ---
Throughput = 6711.409 operations/sec (Maximum observed: 9009.009 ops/sec)
Total latency = 5.5510657388861E7 (+/- 0) us 
Consensus latency = 0.0 (+/- 0) us 
Pre-consensus latency = 0.0 (+/- 0) us 
Pos-consensus latency = -2.085122653720989E12 (+/- 0) us 
Propose latency = 0.0 (+/- 0) us 
Write latency = 0.0 (+/- 0) us 
Accept latency = 0.0 (+/- 0) us 
Batch average size = NaN (+/- 0) requests
TOMMessage ByteCount = 162257900:460144
LCMessage ByteCount = 55:11
StandardSMMessage ByteCount = 412:22
ConsensusMessage ByteCount = 51125640:29176
--- Measurements after 449000 ops (1000 samples) ---
Throughput = 6666.6665 operations/sec (Maximum observed: 9009.009 ops/sec)
Total latency = 5.560482919793E7 (+/- 0) us 
Consensus latency = 0.0 (+/- 0) us 
Pre-consensus latency = 0.0 (+/- 0) us 
Pos-consensus latency = -2.085122503779878E12 (+/- 0) us 
Propose latency = 0.0 (+/- 0) us 
Write latency = 0.0 (+/- 0) us 
Accept latency = 0.0 (+/- 0) us 
Batch average size = NaN (+/- 0) requests
TOMMessage ByteCount = 162261020:460147
LCMessage ByteCount = 55:11
StandardSMMessage ByteCount = 412:22
ConsensusMessage ByteCount = 51125640:29176
--- Measurements after 450000 ops (1000 samples) ---
Throughput = 6578.9473 operations/sec (Maximum observed: 9009.009 ops/sec)
Total latency = 5.5701249387611E7 (+/- 0) us 
Consensus latency = 0.0 (+/- 0) us 
Pre-consensus latency = 0.0 (+/- 0) us 
Pos-consensus latency = -2.0851223527254397E12 (+/- 0) us 
Propose latency = 0.0 (+/- 0) us 
Write latency = 0.0 (+/- 0) us 
Accept latency = 0.0 (+/- 0) us 
Batch average size = NaN (+/- 0) requests
TOMMessage ByteCount = 162263100:460149
LCMessage ByteCount = 55:11
StandardSMMessage ByteCount = 412:22
ConsensusMessage ByteCount = 51125640:29176
--- Measurements after 451000 ops (1000 samples) ---
Throughput = 6666.6665 operations/sec (Maximum observed: 9009.009 ops/sec)
Total latency = 5.5796411987449E7 (+/- 0) us 
Consensus latency = 0.0 (+/- 0) us 
Pre-consensus latency = 0.0 (+/- 0) us 
Pos-consensus latency = -2.0851222018278704E12 (+/- 0) us 
Propose latency = 0.0 (+/- 0) us 
Write latency = 0.0 (+/- 0) us 
Accept latency = 0.0 (+/- 0) us 
Batch average size = NaN (+/- 0) requests
TOMMessage ByteCount = 162266220:460152
LCMessage ByteCount = 55:11
StandardSMMessage ByteCount = 412:22
ConsensusMessage ByteCount = 51125640:29176
--- Measurements after 452000 ops (1000 samples) ---
Throughput = 5681.8184 operations/sec (Maximum observed: 9009.009 ops/sec)
Total latency = 5.5915996419217005E7 (+/- 0) us 
Consensus latency = 0.0 (+/- 0) us 
Pre-consensus latency = 0.0 (+/- 0) us 
Pos-consensus latency = -2.085122027647527E12 (+/- 0) us 
Propose latency = 0.0 (+/- 0) us 
Write latency = 0.0 (+/- 0) us 
Accept latency = 0.0 (+/- 0) us 
Batch average size = NaN (+/- 0) requests
TOMMessage ByteCount = 162273500:460159
LCMessage ByteCount = 55:11
StandardSMMessage ByteCount = 412:22
ConsensusMessage ByteCount = 51125640:29176
--- Measurements after 453000 ops (1000 samples) ---
Throughput = 6622.5166 operations/sec (Maximum observed: 9009.009 ops/sec)
Total latency = 5.6012684034705E7 (+/- 0) us 
Consensus latency = 0.0 (+/- 0) us 
Pre-consensus latency = 0.0 (+/- 0) us 
Pos-consensus latency = -2.0851218747961572E12 (+/- 0) us 
Propose latency = 0.0 (+/- 0) us 
Write latency = 0.0 (+/- 0) us 
Accept latency = 0.0 (+/- 0) us 
Batch average size = NaN (+/- 0) requests
TOMMessage ByteCount = 162276620:460162
LCMessage ByteCount = 55:11
StandardSMMessage ByteCount = 412:22
ConsensusMessage ByteCount = 51125640:29176
--- Measurements after 454000 ops (1000 samples) ---
Throughput = 6622.5166 operations/sec (Maximum observed: 9009.009 ops/sec)
Total latency = 5.6107603579448E7 (+/- 0) us 
Consensus latency = 0.0 (+/- 0) us 
Pre-consensus latency = 0.0 (+/- 0) us 
Pos-consensus latency = -2.0851217238824702E12 (+/- 0) us 
Propose latency = 0.0 (+/- 0) us 
Write latency = 0.0 (+/- 0) us 
Accept latency = 0.0 (+/- 0) us 
Batch average size = NaN (+/- 0) requests
TOMMessage ByteCount = 162278700:460164
LCMessage ByteCount = 55:11
StandardSMMessage ByteCount = 412:22
ConsensusMessage ByteCount = 51125640:29176
--- Measurements after 455000 ops (1000 samples) ---
Throughput = 6666.6665 operations/sec (Maximum observed: 9009.009 ops/sec)
Total latency = 5.6201882551323995E7 (+/- 0) us 
Consensus latency = 0.0 (+/- 0) us 
Pre-consensus latency = 0.0 (+/- 0) us 
Pos-consensus latency = -2.0851215733246643E12 (+/- 0) us 
Propose latency = 0.0 (+/- 0) us 
Write latency = 0.0 (+/- 0) us 
Accept latency = 0.0 (+/- 0) us 
Batch average size = NaN (+/- 0) requests
TOMMessage ByteCount = 162282860:460168
LCMessage ByteCount = 55:11
StandardSMMessage ByteCount = 412:22
ConsensusMessage ByteCount = 51125640:29176
--- Measurements after 456000 ops (1000 samples) ---
Throughput = 6622.5166 operations/sec (Maximum observed: 9009.009 ops/sec)
Total latency = 5.6296450613366E7 (+/- 0) us 
Consensus latency = 0.0 (+/- 0) us 
Pre-consensus latency = 0.0 (+/- 0) us 
Pos-consensus latency = -2.0851214230891475E12 (+/- 0) us 
Propose latency = 0.0 (+/- 0) us 
Write latency = 0.0 (+/- 0) us 
Accept latency = 0.0 (+/- 0) us 
Batch average size = NaN (+/- 0) requests
TOMMessage ByteCount = 162287019:460172
LCMessage ByteCount = 55:11
StandardSMMessage ByteCount = 412:22
ConsensusMessage ByteCount = 51125640:29176
--- Measurements after 457000 ops (1000 samples) ---
Throughput = 6666.6665 operations/sec (Maximum observed: 9009.009 ops/sec)
Total latency = 5.6389703133129E7 (+/- 0) us 
Consensus latency = 0.0 (+/- 0) us 
Pre-consensus latency = 0.0 (+/- 0) us 
Pos-consensus latency = -2.0851212728760122E12 (+/- 0) us 
Propose latency = 0.0 (+/- 0) us 
Write latency = 0.0 (+/- 0) us 
Accept latency = 0.0 (+/- 0) us 
Batch average size = NaN (+/- 0) requests
TOMMessage ByteCount = 162291178:460176
LCMessage ByteCount = 55:11
StandardSMMessage ByteCount = 412:22
ConsensusMessage ByteCount = 51125640:29176
--- Measurements after 458000 ops (1000 samples) ---
Throughput = 5747.1265 operations/sec (Maximum observed: 9009.009 ops/sec)
Total latency = 5.6507236895015E7 (+/- 0) us 
Consensus latency = 0.0 (+/- 0) us 
Pre-consensus latency = 0.0 (+/- 0) us 
Pos-consensus latency = -2.0851211012370046E12 (+/- 0) us 
Propose latency = 0.0 (+/- 0) us 
Write latency = 0.0 (+/- 0) us 
Accept latency = 0.0 (+/- 0) us 
Batch average size = NaN (+/- 0) requests
TOMMessage ByteCount = 162293258:460178
LCMessage ByteCount = 55:11
StandardSMMessage ByteCount = 412:22
ConsensusMessage ByteCount = 51125640:29176
--- Measurements after 459000 ops (1000 samples) ---
Throughput = 6666.6665 operations/sec (Maximum observed: 9009.009 ops/sec)
Total latency = 5.6595174698662005E7 (+/- 0) us 
Consensus latency = 0.0 (+/- 0) us 
Pre-consensus latency = 0.0 (+/- 0) us 
Pos-consensus latency = -2.0851209482246606E12 (+/- 0) us 
Propose latency = 0.0 (+/- 0) us 
Write latency = 0.0 (+/- 0) us 
Accept latency = 0.0 (+/- 0) us 
Batch average size = NaN (+/- 0) requests
TOMMessage ByteCount = 162297418:460182
LCMessage ByteCount = 55:11
StandardSMMessage ByteCount = 412:22
ConsensusMessage ByteCount = 51125640:29176
--- Measurements after 460000 ops (1000 samples) ---
Throughput = 6666.6665 operations/sec (Maximum observed: 9009.009 ops/sec)
Total latency = 5.6690057467268E7 (+/- 0) us 
Consensus latency = 0.0 (+/- 0) us 
Pre-consensus latency = 0.0 (+/- 0) us 
Pos-consensus latency = -2.0851207972752397E12 (+/- 0) us 
Propose latency = 0.0 (+/- 0) us 
Write latency = 0.0 (+/- 0) us 
Accept latency = 0.0 (+/- 0) us 
Batch average size = NaN (+/- 0) requests
TOMMessage ByteCount = 162297418:460182
LCMessage ByteCount = 55:11
StandardSMMessage ByteCount = 412:22
ConsensusMessage ByteCount = 51125640:29176
--- Measurements after 461000 ops (1000 samples) ---
Throughput = 6666.6665 operations/sec (Maximum observed: 9009.009 ops/sec)
Total latency = 5.6784884535215E7 (+/- 0) us 
Consensus latency = 0.0 (+/- 0) us 
Pre-consensus latency = 0.0 (+/- 0) us 
Pos-consensus latency = -2.0851206471880144E12 (+/- 0) us 
Propose latency = 0.0 (+/- 0) us 
Write latency = 0.0 (+/- 0) us 
Accept latency = 0.0 (+/- 0) us 
Batch average size = NaN (+/- 0) requests
TOMMessage ByteCount = 162343174:460226
LCMessage ByteCount = 55:11
StandardSMMessage ByteCount = 412:22
ConsensusMessage ByteCount = 51125640:29176
--- Measurements after 462000 ops (1000 samples) ---
Throughput = 6666.6665 operations/sec (Maximum observed: 9009.009 ops/sec)
Total latency = 5.6878469251446E7 (+/- 0) us 
Consensus latency = 0.0 (+/- 0) us 
Pre-consensus latency = 0.0 (+/- 0) us 
Pos-consensus latency = -2.08512049718537E12 (+/- 0) us 
Propose latency = 0.0 (+/- 0) us 
Write latency = 0.0 (+/- 0) us 
Accept latency = 0.0 (+/- 0) us 
Batch average size = NaN (+/- 0) requests
TOMMessage ByteCount = 162392050:460273
LCMessage ByteCount = 55:11
StandardSMMessage ByteCount = 412:22
ConsensusMessage ByteCount = 51125640:29176
--- Measurements after 463000 ops (1000 samples) ---
Throughput = 6666.6665 operations/sec (Maximum observed: 9009.009 ops/sec)
Total latency = 5.6972077474695995E7 (+/- 0) us 
Consensus latency = 0.0 (+/- 0) us 
Pre-consensus latency = 0.0 (+/- 0) us 
Pos-consensus latency = -2.0851203472954736E12 (+/- 0) us 
Propose latency = 0.0 (+/- 0) us 
Write latency = 0.0 (+/- 0) us 
Accept latency = 0.0 (+/- 0) us 
Batch average size = NaN (+/- 0) requests
TOMMessage ByteCount = 162394130:460275
LCMessage ByteCount = 55:11
StandardSMMessage ByteCount = 412:22
ConsensusMessage ByteCount = 51125640:29176
--- Measurements after 464000 ops (1000 samples) ---
Throughput = 5681.8184 operations/sec (Maximum observed: 9009.009 ops/sec)
Total latency = 5.7089701894081004E7 (+/- 0) us 
Consensus latency = 0.0 (+/- 0) us 
Pre-consensus latency = 0.0 (+/- 0) us 
Pos-consensus latency = -2.0851201758834973E12 (+/- 0) us 
Propose latency = 0.0 (+/- 0) us 
Write latency = 0.0 (+/- 0) us 
Accept latency = 0.0 (+/- 0) us 
Batch average size = NaN (+/- 0) requests
TOMMessage ByteCount = 162399330:460280
LCMessage ByteCount = 55:11
StandardSMMessage ByteCount = 412:22
ConsensusMessage ByteCount = 51125640:29176
--- Measurements after 465000 ops (1000 samples) ---
Throughput = 6578.9473 operations/sec (Maximum observed: 9009.009 ops/sec)
Total latency = 5.7189806206533E7 (+/- 0) us 
Consensus latency = 0.0 (+/- 0) us 
Pre-consensus latency = 0.0 (+/- 0) us 
Pos-consensus latency = -2.08512002051087E12 (+/- 0) us 
Propose latency = 0.0 (+/- 0) us 
Write latency = 0.0 (+/- 0) us 
Accept latency = 0.0 (+/- 0) us 
Batch average size = NaN (+/- 0) requests
TOMMessage ByteCount = 162405569:460286
LCMessage ByteCount = 55:11
StandardSMMessage ByteCount = 412:22
ConsensusMessage ByteCount = 51125640:29176
--- Measurements after 466000 ops (1000 samples) ---
Throughput = 6802.721 operations/sec (Maximum observed: 9009.009 ops/sec)
Total latency = 5.7284073862665E7 (+/- 0) us 
Consensus latency = 0.0 (+/- 0) us 
Pre-consensus latency = 0.0 (+/- 0) us 
Pos-consensus latency = -2.085119869879187E12 (+/- 0) us 
Propose latency = 0.0 (+/- 0) us 
Write latency = 0.0 (+/- 0) us 
Accept latency = 0.0 (+/- 0) us 
Batch average size = NaN (+/- 0) requests
TOMMessage ByteCount = 162405569:460286
LCMessage ByteCount = 55:11
StandardSMMessage ByteCount = 412:22
ConsensusMessage ByteCount = 51125640:29176
--- Measurements after 467000 ops (1000 samples) ---
Throughput = 7246.377 operations/sec (Maximum observed: 9009.009 ops/sec)
Total latency = 5.7370014216533996E7 (+/- 0) us 
Consensus latency = 0.0 (+/- 0) us 
Pre-consensus latency = 0.0 (+/- 0) us 
Pos-consensus latency = -2.08511972853945E12 (+/- 0) us 
Propose latency = 0.0 (+/- 0) us 
Write latency = 0.0 (+/- 0) us 
Accept latency = 0.0 (+/- 0) us 
Batch average size = NaN (+/- 0) requests
TOMMessage ByteCount = 162407649:460288
LCMessage ByteCount = 55:11
StandardSMMessage ByteCount = 412:22
ConsensusMessage ByteCount = 51125640:29176
--- Measurements after 468000 ops (1000 samples) ---
Throughput = 7299.27 operations/sec (Maximum observed: 9009.009 ops/sec)
Total latency = 5.7452880673466004E7 (+/- 0) us 
Consensus latency = 0.0 (+/- 0) us 
Pre-consensus latency = 0.0 (+/- 0) us 
Pos-consensus latency = -2.0851195910399917E12 (+/- 0) us 
Propose latency = 0.0 (+/- 0) us 
Write latency = 0.0 (+/- 0) us 
Accept latency = 0.0 (+/- 0) us 
Batch average size = NaN (+/- 0) requests
TOMMessage ByteCount = 162408689:460289
LCMessage ByteCount = 55:11
StandardSMMessage ByteCount = 412:22
ConsensusMessage ByteCount = 51125640:29176
--- Measurements after 469000 ops (1000 samples) ---
Throughput = 7142.857 operations/sec (Maximum observed: 9009.009 ops/sec)
Total latency = 5.7532372911309995E7 (+/- 0) us 
Consensus latency = 0.0 (+/- 0) us 
Pre-consensus latency = 0.0 (+/- 0) us 
Pos-consensus latency = -2.0851194520972324E12 (+/- 0) us 
Propose latency = 0.0 (+/- 0) us 
Write latency = 0.0 (+/- 0) us 
Accept latency = 0.0 (+/- 0) us 
Batch average size = NaN (+/- 0) requests
TOMMessage ByteCount = 162414928:460295
LCMessage ByteCount = 55:11
StandardSMMessage ByteCount = 412:22
ConsensusMessage ByteCount = 51125640:29176
--- Measurements after 470000 ops (1000 samples) ---
Throughput = 6024.096 operations/sec (Maximum observed: 9009.009 ops/sec)
Total latency = 5.7640876365756E7 (+/- 0) us 
Consensus latency = 0.0 (+/- 0) us 
Pre-consensus latency = 0.0 (+/- 0) us 
Pos-consensus latency = -2.0851192882930793E12 (+/- 0) us 
Propose latency = 0.0 (+/- 0) us 
Write latency = 0.0 (+/- 0) us 
Accept latency = 0.0 (+/- 0) us 
Batch average size = NaN (+/- 0) requests
TOMMessage ByteCount = 162419087:460299
LCMessage ByteCount = 55:11
StandardSMMessage ByteCount = 412:22
ConsensusMessage ByteCount = 51125640:29176
--- Measurements after 471000 ops (1000 samples) ---
Throughput = 6944.4443 operations/sec (Maximum observed: 9009.009 ops/sec)
Total latency = 5.772723377271701E7 (+/- 0) us 
Consensus latency = 0.0 (+/- 0) us 
Pre-consensus latency = 0.0 (+/- 0) us 
Pos-consensus latency = -2.0851191460069583E12 (+/- 0) us 
Propose latency = 0.0 (+/- 0) us 
Write latency = 0.0 (+/- 0) us 
Accept latency = 0.0 (+/- 0) us 
Batch average size = NaN (+/- 0) requests
TOMMessage ByteCount = 162428447:460308
LCMessage ByteCount = 55:11
StandardSMMessage ByteCount = 412:22
ConsensusMessage ByteCount = 51125640:29176
--- Measurements after 472000 ops (1000 samples) ---
Throughput = 6622.5166 operations/sec (Maximum observed: 9009.009 ops/sec)
Total latency = 5.7820204584754E7 (+/- 0) us 
Consensus latency = 0.0 (+/- 0) us 
Pre-consensus latency = 0.0 (+/- 0) us 
Pos-consensus latency = -2.085118996660175E12 (+/- 0) us 
Propose latency = 0.0 (+/- 0) us 
Write latency = 0.0 (+/- 0) us 
Accept latency = 0.0 (+/- 0) us 
Batch average size = NaN (+/- 0) requests
TOMMessage ByteCount = 162570918:460445
LCMessage ByteCount = 55:11
StandardSMMessage ByteCount = 412:22
ConsensusMessage ByteCount = 51125640:29176
--- Measurements after 473000 ops (1000 samples) ---
Throughput = 6535.9478 operations/sec (Maximum observed: 9009.009 ops/sec)
Total latency = 5.7915796055764E7 (+/- 0) us 
Consensus latency = 0.0 (+/- 0) us 
Pre-consensus latency = 0.0 (+/- 0) us 
Pos-consensus latency = -2.0851188450803535E12 (+/- 0) us 
Propose latency = 0.0 (+/- 0) us 
Write latency = 0.0 (+/- 0) us 
Accept latency = 0.0 (+/- 0) us 
Batch average size = NaN (+/- 0) requests
TOMMessage ByteCount = 162714428:460583
LCMessage ByteCount = 55:11
StandardSMMessage ByteCount = 412:22
ConsensusMessage ByteCount = 51125640:29176
--- Measurements after 474000 ops (1000 samples) ---
Throughput = 6578.9473 operations/sec (Maximum observed: 9009.009 ops/sec)
Total latency = 5.8013706456567004E7 (+/- 0) us 
Consensus latency = 0.0 (+/- 0) us 
Pre-consensus latency = 0.0 (+/- 0) us 
Pos-consensus latency = -2.0851186922092415E12 (+/- 0) us 
Propose latency = 0.0 (+/- 0) us 
Write latency = 0.0 (+/- 0) us 
Accept latency = 0.0 (+/- 0) us 
Batch average size = NaN (+/- 0) requests
TOMMessage ByteCount = 162844415:460708
LCMessage ByteCount = 55:11
StandardSMMessage ByteCount = 412:22
ConsensusMessage ByteCount = 51125640:29176
--- Measurements after 475000 ops (1000 samples) ---
Throughput = 6578.9473 operations/sec (Maximum observed: 9009.009 ops/sec)
Total latency = 5.8108036080718E7 (+/- 0) us 
Consensus latency = 0.0 (+/- 0) us 
Pre-consensus latency = 0.0 (+/- 0) us 
Pos-consensus latency = -2.085118540195043E12 (+/- 0) us 
Propose latency = 0.0 (+/- 0) us 
Write latency = 0.0 (+/- 0) us 
Accept latency = 0.0 (+/- 0) us 
Batch average size = NaN (+/- 0) requests
TOMMessage ByteCount = 162985845:460844
LCMessage ByteCount = 55:11
StandardSMMessage ByteCount = 412:22
ConsensusMessage ByteCount = 51125640:29176
--- Measurements after 476000 ops (1000 samples) ---
Throughput = 5649.7173 operations/sec (Maximum observed: 9009.009 ops/sec)
Total latency = 5.8224287767201E7 (+/- 0) us 
Consensus latency = 0.0 (+/- 0) us 
Pre-consensus latency = 0.0 (+/- 0) us 
Pos-consensus latency = -2.0851183698655225E12 (+/- 0) us 
Propose latency = 0.0 (+/- 0) us 
Write latency = 0.0 (+/- 0) us 
Accept latency = 0.0 (+/- 0) us 
Batch average size = NaN (+/- 0) requests
TOMMessage ByteCount = 162995204:460853
LCMessage ByteCount = 55:11
StandardSMMessage ByteCount = 412:22
ConsensusMessage ByteCount = 51125640:29176
--- Measurements after 477000 ops (1000 samples) ---
Throughput = 6535.9478 operations/sec (Maximum observed: 9009.009 ops/sec)
Total latency = 5.8328884354592E7 (+/- 0) us 
Consensus latency = 0.0 (+/- 0) us 
Pre-consensus latency = 0.0 (+/- 0) us 
Pos-consensus latency = -2.0851182106056553E12 (+/- 0) us 
Propose latency = 0.0 (+/- 0) us 
Write latency = 0.0 (+/- 0) us 
Accept latency = 0.0 (+/- 0) us 
Batch average size = NaN (+/- 0) requests
TOMMessage ByteCount = 162997284:460855
LCMessage ByteCount = 55:11
StandardSMMessage ByteCount = 412:22
ConsensusMessage ByteCount = 51125640:29176
--- Measurements after 478000 ops (1000 samples) ---
Throughput = 6622.5166 operations/sec (Maximum observed: 9009.009 ops/sec)
Total latency = 5.8425580892525E7 (+/- 0) us 
Consensus latency = 0.0 (+/- 0) us 
Pre-consensus latency = 0.0 (+/- 0) us 
Pos-consensus latency = -2.085118058147166E12 (+/- 0) us 
Propose latency = 0.0 (+/- 0) us 
Write latency = 0.0 (+/- 0) us 
Accept latency = 0.0 (+/- 0) us 
Batch average size = NaN (+/- 0) requests
TOMMessage ByteCount = 163000403:460858
LCMessage ByteCount = 55:11
StandardSMMessage ByteCount = 412:22
ConsensusMessage ByteCount = 51125640:29176
--- Measurements after 479000 ops (1000 samples) ---
Throughput = 6666.6665 operations/sec (Maximum observed: 9009.009 ops/sec)
Total latency = 5.852000122479901E7 (+/- 0) us 
Consensus latency = 0.0 (+/- 0) us 
Pre-consensus latency = 0.0 (+/- 0) us 
Pos-consensus latency = -2.0851179077813613E12 (+/- 0) us 
Propose latency = 0.0 (+/- 0) us 
Write latency = 0.0 (+/- 0) us 
Accept latency = 0.0 (+/- 0) us 
Batch average size = NaN (+/- 0) requests
TOMMessage ByteCount = 163004562:460862
LCMessage ByteCount = 55:11
StandardSMMessage ByteCount = 412:22
ConsensusMessage ByteCount = 51125640:29176
--- Measurements after 480000 ops (1000 samples) ---
Throughput = 6711.409 operations/sec (Maximum observed: 9009.009 ops/sec)
Total latency = 5.8613758239678E7 (+/- 0) us 
Consensus latency = 0.0 (+/- 0) us 
Pre-consensus latency = 0.0 (+/- 0) us 
Pos-consensus latency = -2.0851177578976726E12 (+/- 0) us 
Propose latency = 0.0 (+/- 0) us 
Write latency = 0.0 (+/- 0) us 
Accept latency = 0.0 (+/- 0) us 
Batch average size = NaN (+/- 0) requests
TOMMessage ByteCount = 163008721:460866
LCMessage ByteCount = 55:11
StandardSMMessage ByteCount = 412:22
ConsensusMessage ByteCount = 51125640:29176
--- Measurements after 481000 ops (1000 samples) ---
Throughput = 6711.409 operations/sec (Maximum observed: 9009.009 ops/sec)
Total latency = 5.8706627143192E7 (+/- 0) us 
Consensus latency = 0.0 (+/- 0) us 
Pre-consensus latency = 0.0 (+/- 0) us 
Pos-consensus latency = -2.085117608033925E12 (+/- 0) us 
Propose latency = 0.0 (+/- 0) us 
Write latency = 0.0 (+/- 0) us 
Accept latency = 0.0 (+/- 0) us 
Batch average size = NaN (+/- 0) requests
TOMMessage ByteCount = 163010801:460868
LCMessage ByteCount = 55:11
StandardSMMessage ByteCount = 412:22
ConsensusMessage ByteCount = 51125640:29176
--- Measurements after 482000 ops (1000 samples) ---
Throughput = 5649.7173 operations/sec (Maximum observed: 9009.009 ops/sec)
Total latency = 5.8818241802156E7 (+/- 0) us 
Consensus latency = 0.0 (+/- 0) us 
Pre-consensus latency = 0.0 (+/- 0) us 
Pos-consensus latency = -2.0851174404023274E12 (+/- 0) us 
Propose latency = 0.0 (+/- 0) us 
Write latency = 0.0 (+/- 0) us 
Accept latency = 0.0 (+/- 0) us 
Batch average size = NaN (+/- 0) requests
TOMMessage ByteCount = 163020161:460877
LCMessage ByteCount = 55:11
StandardSMMessage ByteCount = 412:22
ConsensusMessage ByteCount = 51125640:29176
--- Measurements after 483000 ops (1000 samples) ---
Throughput = 6944.4443 operations/sec (Maximum observed: 9009.009 ops/sec)
Total latency = 5.8919965231267E7 (+/- 0) us 
Consensus latency = 0.0 (+/- 0) us 
Pre-consensus latency = 0.0 (+/- 0) us 
Pos-consensus latency = -2.0851172829146216E12 (+/- 0) us 
Propose latency = 0.0 (+/- 0) us 
Write latency = 0.0 (+/- 0) us 
Accept latency = 0.0 (+/- 0) us 
Batch average size = NaN (+/- 0) requests
TOMMessage ByteCount = 163024319:460881
LCMessage ByteCount = 55:11
StandardSMMessage ByteCount = 412:22
ConsensusMessage ByteCount = 51125640:29176
--- Measurements after 484000 ops (1000 samples) ---
Throughput = 7194.2446 operations/sec (Maximum observed: 9009.009 ops/sec)
Total latency = 5.9004114565039E7 (+/- 0) us 
Consensus latency = 0.0 (+/- 0) us 
Pre-consensus latency = 0.0 (+/- 0) us 
Pos-consensus latency = -2.0851171429797617E12 (+/- 0) us 
Propose latency = 0.0 (+/- 0) us 
Write latency = 0.0 (+/- 0) us 
Accept latency = 0.0 (+/- 0) us 
Batch average size = NaN (+/- 0) requests
TOMMessage ByteCount = 163034718:460891
LCMessage ByteCount = 55:11
StandardSMMessage ByteCount = 412:22
ConsensusMessage ByteCount = 51125640:29176
--- Measurements after 485000 ops (1000 samples) ---
Throughput = 6993.007 operations/sec (Maximum observed: 9009.009 ops/sec)
Total latency = 5.9090009839956E7 (+/- 0) us 
Consensus latency = 0.0 (+/- 0) us 
Pre-consensus latency = 0.0 (+/- 0) us 
Pos-consensus latency = -2.0851170017401821E12 (+/- 0) us 
Propose latency = 0.0 (+/- 0) us 
Write latency = 0.0 (+/- 0) us 
Accept latency = 0.0 (+/- 0) us 
Batch average size = NaN (+/- 0) requests
TOMMessage ByteCount = 163038878:460895
LCMessage ByteCount = 55:11
StandardSMMessage ByteCount = 412:22
ConsensusMessage ByteCount = 51125640:29176
--- Measurements after 486000 ops (1000 samples) ---
Throughput = 7299.27 operations/sec (Maximum observed: 9009.009 ops/sec)
Total latency = 5.9174115638932E7 (+/- 0) us 
Consensus latency = 0.0 (+/- 0) us 
Pre-consensus latency = 0.0 (+/- 0) us 
Pos-consensus latency = -2.0851168610153794E12 (+/- 0) us 
Propose latency = 0.0 (+/- 0) us 
Write latency = 0.0 (+/- 0) us 
Accept latency = 0.0 (+/- 0) us 
Batch average size = NaN (+/- 0) requests
TOMMessage ByteCount = 163044078:460900
LCMessage ByteCount = 55:11
StandardSMMessage ByteCount = 412:22
ConsensusMessage ByteCount = 51125640:29176
--- Measurements after 487000 ops (1000 samples) ---
Throughput = 7246.377 operations/sec (Maximum observed: 9009.009 ops/sec)
Total latency = 5.9254513855722E7 (+/- 0) us 
Consensus latency = 0.0 (+/- 0) us 
Pre-consensus latency = 0.0 (+/- 0) us 
Pos-consensus latency = -2.085116725845121E12 (+/- 0) us 
Propose latency = 0.0 (+/- 0) us 
Write latency = 0.0 (+/- 0) us 
Accept latency = 0.0 (+/- 0) us 
Batch average size = NaN (+/- 0) requests
TOMMessage ByteCount = 163052398:460908
LCMessage ByteCount = 55:11
StandardSMMessage ByteCount = 412:22
ConsensusMessage ByteCount = 51125640:29176
--- Measurements after 488000 ops (1000 samples) ---
Throughput = 5524.862 operations/sec (Maximum observed: 9009.009 ops/sec)
Total latency = 5.9364362989386E7 (+/- 0) us 
Consensus latency = 0.0 (+/- 0) us 
Pre-consensus latency = 0.0 (+/- 0) us 
Pos-consensus latency = -2.085116560695201E12 (+/- 0) us 
Propose latency = 0.0 (+/- 0) us 
Write latency = 0.0 (+/- 0) us 
Accept latency = 0.0 (+/- 0) us 
Batch average size = NaN (+/- 0) requests
TOMMessage ByteCount = 163057598:460913
LCMessage ByteCount = 55:11
StandardSMMessage ByteCount = 412:22
ConsensusMessage ByteCount = 51125640:29176
--- Measurements after 489000 ops (1000 samples) ---
Throughput = 7092.1987 operations/sec (Maximum observed: 9009.009 ops/sec)
Total latency = 5.9465554041185E7 (+/- 0) us 
Consensus latency = 0.0 (+/- 0) us 
Pre-consensus latency = 0.0 (+/- 0) us 
Pos-consensus latency = -2.0851164035767898E12 (+/- 0) us 
Propose latency = 0.0 (+/- 0) us 
Write latency = 0.0 (+/- 0) us 
Accept latency = 0.0 (+/- 0) us 
Batch average size = NaN (+/- 0) requests
TOMMessage ByteCount = 163070078:460925
LCMessage ByteCount = 55:11
StandardSMMessage ByteCount = 412:22
ConsensusMessage ByteCount = 51125640:29176
--- Measurements after 490000 ops (1000 samples) ---
Throughput = 7142.857 operations/sec (Maximum observed: 9009.009 ops/sec)
Total latency = 5.9548533062218E7 (+/- 0) us 
Consensus latency = 0.0 (+/- 0) us 
Pre-consensus latency = 0.0 (+/- 0) us 
Pos-consensus latency = -2.0851162637763665E12 (+/- 0) us 
Propose latency = 0.0 (+/- 0) us 
Write latency = 0.0 (+/- 0) us 
Accept latency = 0.0 (+/- 0) us 
Batch average size = NaN (+/- 0) requests
TOMMessage ByteCount = 163075278:460930
LCMessage ByteCount = 55:11
StandardSMMessage ByteCount = 412:22
ConsensusMessage ByteCount = 51125640:29176
--- Measurements after 491000 ops (1000 samples) ---
Throughput = 7142.857 operations/sec (Maximum observed: 9009.009 ops/sec)
Total latency = 5.9632678126091E7 (+/- 0) us 
Consensus latency = 0.0 (+/- 0) us 
Pre-consensus latency = 0.0 (+/- 0) us 
Pos-consensus latency = -2.085116123238514E12 (+/- 0) us 
Propose latency = 0.0 (+/- 0) us 
Write latency = 0.0 (+/- 0) us 
Accept latency = 0.0 (+/- 0) us 
Batch average size = NaN (+/- 0) requests
TOMMessage ByteCount = 163078398:460933
LCMessage ByteCount = 55:11
StandardSMMessage ByteCount = 412:22
ConsensusMessage ByteCount = 51125640:29176
--- Measurements after 492000 ops (1000 samples) ---
Throughput = 7299.27 operations/sec (Maximum observed: 9009.009 ops/sec)
Total latency = 5.9713380837366E7 (+/- 0) us 
Consensus latency = 0.0 (+/- 0) us 
Pre-consensus latency = 0.0 (+/- 0) us 
Pos-consensus latency = -2.0851159837161423E12 (+/- 0) us 
Propose latency = 0.0 (+/- 0) us 
Write latency = 0.0 (+/- 0) us 
Accept latency = 0.0 (+/- 0) us 
Batch average size = NaN (+/- 0) requests
TOMMessage ByteCount = 163081517:460936
LCMessage ByteCount = 55:11
StandardSMMessage ByteCount = 412:22
ConsensusMessage ByteCount = 51125640:29176
--- Measurements after 493000 ops (1000 samples) ---
Throughput = 7518.797 operations/sec (Maximum observed: 9009.009 ops/sec)
Total latency = 5.9793013705656E7 (+/- 0) us 
Consensus latency = 0.0 (+/- 0) us 
Pre-consensus latency = 0.0 (+/- 0) us 
Pos-consensus latency = -2.0851158504138562E12 (+/- 0) us 
Propose latency = 0.0 (+/- 0) us 
Write latency = 0.0 (+/- 0) us 
Accept latency = 0.0 (+/- 0) us 
Batch average size = NaN (+/- 0) requests
TOMMessage ByteCount = 163088797:460943
LCMessage ByteCount = 55:11
StandardSMMessage ByteCount = 412:22
ConsensusMessage ByteCount = 51125640:29176
--- Measurements after 494000 ops (1000 samples) ---
Throughput = 5555.5557 operations/sec (Maximum observed: 9009.009 ops/sec)
Total latency = 5.9889806982832E7 (+/- 0) us 
Consensus latency = 0.0 (+/- 0) us 
Pre-consensus latency = 0.0 (+/- 0) us 
Pos-consensus latency = -2.0851156956465225E12 (+/- 0) us 
Propose latency = 0.0 (+/- 0) us 
Write latency = 0.0 (+/- 0) us 
Accept latency = 0.0 (+/- 0) us 
Batch average size = NaN (+/- 0) requests
TOMMessage ByteCount = 163092957:460947
LCMessage ByteCount = 55:11
StandardSMMessage ByteCount = 412:22
ConsensusMessage ByteCount = 51125640:29176
--- Measurements after 495000 ops (1000 samples) ---
Throughput = 6666.6665 operations/sec (Maximum observed: 9009.009 ops/sec)
Total latency = 5.9996344615111E7 (+/- 0) us 
Consensus latency = 0.0 (+/- 0) us 
Pre-consensus latency = 0.0 (+/- 0) us 
Pos-consensus latency = -2.0851155278381729E12 (+/- 0) us 
Propose latency = 0.0 (+/- 0) us 
Write latency = 0.0 (+/- 0) us 
Accept latency = 0.0 (+/- 0) us 
Batch average size = NaN (+/- 0) requests
TOMMessage ByteCount = 163101277:460955
LCMessage ByteCount = 55:11
StandardSMMessage ByteCount = 412:22
ConsensusMessage ByteCount = 51125640:29176
--- Measurements after 496000 ops (1000 samples) ---
Throughput = 6711.409 operations/sec (Maximum observed: 9009.009 ops/sec)
Total latency = 6.0079688849824995E7 (+/- 0) us 
Consensus latency = 0.0 (+/- 0) us 
Pre-consensus latency = 0.0 (+/- 0) us 
Pos-consensus latency = -2.085115377918596E12 (+/- 0) us 
Propose latency = 0.0 (+/- 0) us 
Write latency = 0.0 (+/- 0) us 
Accept latency = 0.0 (+/- 0) us 
Batch average size = NaN (+/- 0) requests
TOMMessage ByteCount = 163109596:460963
LCMessage ByteCount = 55:11
StandardSMMessage ByteCount = 412:22
ConsensusMessage ByteCount = 51125640:29176
--- Measurements after 497000 ops (1000 samples) ---
Throughput = 6711.409 operations/sec (Maximum observed: 9009.009 ops/sec)
Total latency = 6.015913021762E7 (+/- 0) us 
Consensus latency = 0.0 (+/- 0) us 
Pre-consensus latency = 0.0 (+/- 0) us 
Pos-consensus latency = -2.085115228109756E12 (+/- 0) us 
Propose latency = 0.0 (+/- 0) us 
Write latency = 0.0 (+/- 0) us 
Accept latency = 0.0 (+/- 0) us 
Batch average size = NaN (+/- 0) requests
TOMMessage ByteCount = 163118955:460972
LCMessage ByteCount = 55:11
StandardSMMessage ByteCount = 412:22
ConsensusMessage ByteCount = 51125640:29176
--- Measurements after 498000 ops (1000 samples) ---
Throughput = 6666.6665 operations/sec (Maximum observed: 9009.009 ops/sec)
Total latency = 6.0233474273916E7 (+/- 0) us 
Consensus latency = 0.0 (+/- 0) us 
Pre-consensus latency = 0.0 (+/- 0) us 
Pos-consensus latency = -2.0851150784034556E12 (+/- 0) us 
Propose latency = 0.0 (+/- 0) us 
Write latency = 0.0 (+/- 0) us 
Accept latency = 0.0 (+/- 0) us 
Batch average size = NaN (+/- 0) requests
TOMMessage ByteCount = 163126234:460979
LCMessage ByteCount = 55:11
StandardSMMessage ByteCount = 412:22
ConsensusMessage ByteCount = 51125640:29176
--- Measurements after 499000 ops (1000 samples) ---
Throughput = 6896.552 operations/sec (Maximum observed: 9009.009 ops/sec)
Total latency = 6.0284581939286E7 (+/- 0) us 
Consensus latency = 0.0 (+/- 0) us 
Pre-consensus latency = 0.0 (+/- 0) us 
Pos-consensus latency = -2.0851149297523137E12 (+/- 0) us 
Propose latency = 0.0 (+/- 0) us 
Write latency = 0.0 (+/- 0) us 
Accept latency = 0.0 (+/- 0) us 
Batch average size = NaN (+/- 0) requests
TOMMessage ByteCount = 163147033:460999
LCMessage ByteCount = 55:11
StandardSMMessage ByteCount = 412:22
ConsensusMessage ByteCount = 51125640:29176
--- Measurements after 500000 ops (1000 samples) ---
Throughput = 5586.5923 operations/sec (Maximum observed: 9009.009 ops/sec)
Total latency = 6.0214954674513E7 (+/- 0) us 
Consensus latency = 0.0 (+/- 0) us 
Pre-consensus latency = 0.0 (+/- 0) us 
Pos-consensus latency = -2.0851147713512117E12 (+/- 0) us 
Propose latency = 0.0 (+/- 0) us 
Write latency = 0.0 (+/- 0) us 
Accept latency = 0.0 (+/- 0) us 
Batch average size = NaN (+/- 0) requests
TOMMessage ByteCount = 163196949:461047
LCMessage ByteCount = 55:11
StandardSMMessage ByteCount = 412:22
ConsensusMessage ByteCount = 51125640:29176
