-- Using view stored on disk
-- SSL/TLS handshake complete!, Id:0  ## CipherSuite: TLS_ECDHE_ECDSA_WITH_AES_128_GCM_SHA256.
-- ID = 1
-- N = 4
-- F = 1
-- Port (client <-> server) = 11010
-- Port (server <-> server) = 11011
-- requestTimeout = 2000
-- maxBatch = 1024
-- Binded replica to IP address 134.60.242.12
-- Optimizations:  Read-only Requests: disabled
-- SSL/TLS enabled, protocol version: TLSv1.2
-- In current view: ID:0; F:1; Processes:0(/134.60.242.11:11000),1(/134.60.242.12:11010),2(/134.60.242.13:11020),3(/134.60.242.14:11030),
-- Retrieving State
-- Replica state is up to date
-- 
		###################################
		    Ready to process operations    
		###################################
-- Session Created, active clients=0
-- Session Created, active clients=0
-- Session Created, active clients=0
-- Session Created, active clients=0
-- Session Created, active clients=0
-- Session Created, active clients=0
-- Session Created, active clients=0
-- Session Created, active clients=0
-- Session Created, active clients=0
-- Session Created, active clients=0
-- Session Created, active clients=0
-- Session Created, active clients=0
-- Session Created, active clients=0
-- Session Created, active clients=0
-- Session Created, active clients=0
-- Session Created, active clients=0
-- Session Created, active clients=0
-- Session Created, active clients=0
-- Session Created, active clients=0
-- Session Created, active clients=0
-- Session Created, active clients=0
-- Session Created, active clients=0
-- Session Created, active clients=0
-- Session Created, active clients=0
-- Session Created, active clients=0
-- Session Created, active clients=0
-- Session Created, active clients=0
-- Session Created, active clients=0
-- Session Created, active clients=0
-- Session Created, active clients=0
-- Session Created, active clients=0
-- Session Created, active clients=0
-- Session Created, active clients=0
-- Session Created, active clients=0
-- Session Created, active clients=0
-- Session Created, active clients=0
-- Session Created, active clients=0
-- Session Created, active clients=0
-- Session Created, active clients=0
-- Session Created, active clients=0
-- Session Created, active clients=0
-- Session Created, active clients=0
-- Session Created, active clients=0
-- Session Created, active clients=0
-- Session Created, active clients=0
-- Session Created, active clients=0
-- Session Created, active clients=0
-- Session Created, active clients=0
-- Session Created, active clients=0
-- Session Created, active clients=0
-- Session Created, active clients=0
-- Session Created, active clients=0
-- Session Created, active clients=0
-- Session Created, active clients=0
-- Session Created, active clients=0
-- Session Created, active clients=0
-- Session Created, active clients=0
-- Session Created, active clients=0
-- Session Created, active clients=0
-- Session Created, active clients=0
-- Session Created, active clients=0
-- Session Created, active clients=0
-- Session Created, active clients=0
-- Session Created, active clients=0
-- Session Created, active clients=0
-- Session Created, active clients=0
-- Session Created, active clients=0
-- Session Created, active clients=0
-- Session Created, active clients=0
-- Session Created, active clients=0
-- Session Created, active clients=0
-- Session Created, active clients=0
-- Session Created, active clients=0
-- Session Created, active clients=0
-- Session Created, active clients=0
-- Session Created, active clients=0
-- Session Created, active clients=0
-- Session Created, active clients=0
-- Session Created, active clients=0
-- Session Created, active clients=0
-- Session Created, active clients=0
-- Session Created, active clients=0
-- Session Created, active clients=0
-- Session Created, active clients=0
-- Session Created, active clients=0
-- Session Created, active clients=0
-- Session Created, active clients=0
-- Session Created, active clients=0
-- Session Created, active clients=0
-- Session Created, active clients=0
-- Session Created, active clients=0
-- Session Created, active clients=0
-- Session Created, active clients=0
-- Session Created, active clients=0
-- Session Created, active clients=0
-- Session Created, active clients=0
-- Session Created, active clients=0
-- Session Created, active clients=0
-- Session Created, active clients=0
-- Session Created, active clients=0
--- Measurements after 1000 ops (1000 samples) ---
Throughput = 15.279773 operations/sec (Maximum observed: 15.279773 ops/sec)
Total latency = 40904.454464 (+/- 26611) us 
Consensus latency = 7920.503495 (+/- 6269) us 
Pre-consensus latency = 0.0 (+/- 0) us 
Pos-consensus latency = 34561.071846 (+/- 24058) us 
Propose latency = 2482.570203 (+/- 2034) us 
Write latency = 2052.539045 (+/- 1883) us 
Accept latency = 3385.394247 (+/- 3028) us 
Batch average size = 43.47826086956522 (+/- 36) requests
ConsensusMessage ByteCount = 4478:69
TOMMessage ByteCount = 1051600:1860
StandardSMMessage ByteCount = 302:17
--- Measurements after 2000 ops (1000 samples) ---
Throughput = 60.67593 operations/sec (Maximum observed: 60.67593 ops/sec)
Total latency = 25969.505967999998 (+/- 14298) us 
Consensus latency = 4323.553365000001 (+/- 458) us 
Pre-consensus latency = 0.0 (+/- 0) us 
Pos-consensus latency = 22201.365423 (+/- 14356) us 
Propose latency = 884.207264 (+/- 230) us 
Write latency = 1178.6863799999999 (+/- 309) us 
Accept latency = 2260.659721 (+/- 350) us 
Batch average size = 33.333333333333336 (+/- 18) requests
ConsensusMessage ByteCount = 10330:159
TOMMessage ByteCount = 2191394:3876
StandardSMMessage ByteCount = 302:17
--- Measurements after 3000 ops (1000 samples) ---
Throughput = 153.53908 operations/sec (Maximum observed: 153.53908 ops/sec)
Total latency = 25229.735752 (+/- 13325) us 
Consensus latency = 3601.7708629999997 (+/- 325) us 
Pre-consensus latency = 0.0 (+/- 0) us 
Pos-consensus latency = 22118.182878 (+/- 13410) us 
Propose latency = 791.996124 (+/- 152) us 
Write latency = 896.9769769999999 (+/- 274) us 
Accept latency = 1912.7977620000001 (+/- 211) us 
Batch average size = 33.333333333333336 (+/- 26) requests
ConsensusMessage ByteCount = 16236:249
TOMMessage ByteCount = 3313100:5860
StandardSMMessage ByteCount = 302:17
--- Measurements after 4000 ops (1000 samples) ---
Throughput = 3194.8882 operations/sec (Maximum observed: 3194.8882 ops/sec)
Total latency = 123518.09531 (+/- 0) us 
Consensus latency = 4142.338525 (+/- 440) us 
Pre-consensus latency = 0.0 (+/- 0) us 
Pos-consensus latency = 120078.435213 (+/- 0) us 
Propose latency = 1363.666045 (+/- 428) us 
Write latency = 628.267168 (+/- 290) us 
Accept latency = 2150.405312 (+/- 222) us 
Batch average size = 664.25 (+/- 1007) requests
ConsensusMessage ByteCount = 24345:372
TOMMessage ByteCount = 3974597:7030
StandardSMMessage ByteCount = 302:17
--- Measurements after 5000 ops (1000 samples) ---
Throughput = 4424.779 operations/sec (Maximum observed: 4424.779 ops/sec)
Total latency = 303108.68793 (+/- 0) us 
Consensus latency = 3869.668745 (+/- 289) us 
Pre-consensus latency = 0.0 (+/- 0) us 
Pos-consensus latency = 299839.80323900003 (+/- 0) us 
Propose latency = 1036.874098 (+/- 39) us 
Write latency = 900.475676 (+/- 429) us 
Accept latency = 1932.318971 (+/- 259) us 
Batch average size = NaN (+/- 0) requests
ConsensusMessage ByteCount = 32661:498
TOMMessage ByteCount = 3974597:7030
StandardSMMessage ByteCount = 302:17
--- Measurements after 6000 ops (1000 samples) ---
Throughput = 3952.569 operations/sec (Maximum observed: 4424.779 ops/sec)
Total latency = 480304.051225 (+/- 0) us 
Consensus latency = 5707.495232 (+/- 4454) us 
Pre-consensus latency = 0.0 (+/- 0) us 
Pos-consensus latency = 475101.705157 (+/- 0) us 
Propose latency = 1201.83323 (+/- 722) us 
Write latency = 835.4356899999999 (+/- 708) us 
Accept latency = 3670.226312 (+/- 4439) us 
Batch average size = 8840.0 (+/- 0) requests
ConsensusMessage ByteCount = 42965:654
TOMMessage ByteCount = 6396635:11314
StandardSMMessage ByteCount = 302:17
--- Measurements after 7000 ops (1000 samples) ---
Throughput = 4405.286 operations/sec (Maximum observed: 4424.779 ops/sec)
Total latency = 652271.586279 (+/- 0) us 
Consensus latency = 4759.30723 (+/- 1743) us 
Pre-consensus latency = 0.0 (+/- 0) us 
Pos-consensus latency = 648095.586046 (+/- 0) us 
Propose latency = 1869.989094 (+/- 1477) us 
Write latency = 980.817176 (+/- 1018) us 
Accept latency = 1908.5009599999998 (+/- 589) us 
Batch average size = NaN (+/- 0) requests
ConsensusMessage ByteCount = 51280:780
TOMMessage ByteCount = 6396635:11314
StandardSMMessage ByteCount = 302:17
--- Measurements after 8000 ops (1000 samples) ---
Throughput = 3584.2295 operations/sec (Maximum observed: 4424.779 ops/sec)
Total latency = 867626.58216 (+/- 0) us 
Consensus latency = 3264.011888 (+/- 531) us 
Pre-consensus latency = 0.0 (+/- 0) us 
Pos-consensus latency = 864799.0315210001 (+/- 0) us 
Propose latency = 801.284238 (+/- 106) us 
Write latency = 944.326756 (+/- 321) us 
Accept latency = 1518.400894 (+/- 405) us 
Batch average size = NaN (+/- 0) requests
ConsensusMessage ByteCount = 59483:905
TOMMessage ByteCount = 6396635:11314
StandardSMMessage ByteCount = 302:17
--- Measurements after 9000 ops (1000 samples) ---
Throughput = 4524.8867 operations/sec (Maximum observed: 4524.8867 ops/sec)
Total latency = 1046179.1121510001 (+/- 0) us 
Consensus latency = 3794.8245150000002 (+/- 2350) us 
Pre-consensus latency = 0.0 (+/- 0) us 
Pos-consensus latency = 1042788.993328 (+/- 0) us 
Propose latency = 795.528577 (+/- 145) us 
Write latency = 435.854548 (+/- 258) us 
Accept latency = 2563.44139 (+/- 2191) us 
Batch average size = NaN (+/- 0) requests
ConsensusMessage ByteCount = 68502:1041
TOMMessage ByteCount = 6396635:11314
StandardSMMessage ByteCount = 302:17
--- Measurements after 10000 ops (1000 samples) ---
Throughput = 4545.4546 operations/sec (Maximum observed: 4545.4546 ops/sec)
Total latency = 1213102.4558889999 (+/- 0) us 
Consensus latency = 3544.348531 (+/- 336) us 
Pre-consensus latency = 0.0 (+/- 0) us 
Pos-consensus latency = 1209990.762076 (+/- 0) us 
Propose latency = 863.142838 (+/- 284) us 
Write latency = 745.069971 (+/- 191) us 
Accept latency = 1936.135722 (+/- 127) us 
Batch average size = NaN (+/- 0) requests
ConsensusMessage ByteCount = 78208:1188
TOMMessage ByteCount = 6396635:11314
StandardSMMessage ByteCount = 302:17
--- Measurements after 11000 ops (1000 samples) ---
Throughput = 4545.4546 operations/sec (Maximum observed: 4545.4546 ops/sec)
Total latency = 1379450.349316 (+/- 0) us 
Consensus latency = 3230.6774640000003 (+/- 253) us 
Pre-consensus latency = 0.0 (+/- 0) us 
Pos-consensus latency = 1376682.18698 (+/- 0) us 
Propose latency = 734.359181 (+/- 86) us 
Write latency = 655.775279 (+/- 320) us 
Accept latency = 1840.5430039999999 (+/- 191) us 
Batch average size = NaN (+/- 0) requests
ConsensusMessage ByteCount = 88499:1344
TOMMessage ByteCount = 6396635:11314
StandardSMMessage ByteCount = 302:17
--- Measurements after 12000 ops (1000 samples) ---
Throughput = 4524.8867 operations/sec (Maximum observed: 4545.4546 ops/sec)
Total latency = 1544145.650638 (+/- 0) us 
Consensus latency = 3369.824628 (+/- 260) us 
Pre-consensus latency = 0.0 (+/- 0) us 
Pos-consensus latency = 1541223.822246 (+/- 0) us 
Propose latency = 754.07326 (+/- 142) us 
Write latency = 805.75792 (+/- 323) us 
Accept latency = 1809.9934480000002 (+/- 151) us 
Batch average size = NaN (+/- 0) requests
ConsensusMessage ByteCount = 98984:1503
TOMMessage ByteCount = 6396635:11314
StandardSMMessage ByteCount = 302:17
--- Measurements after 13000 ops (1000 samples) ---
Throughput = 4524.8867 operations/sec (Maximum observed: 4545.4546 ops/sec)
Total latency = 1706740.0559649998 (+/- 0) us 
Consensus latency = 3858.312679 (+/- 2294) us 
Pre-consensus latency = 0.0 (+/- 0) us 
Pos-consensus latency = 1703313.091875 (+/- 0) us 
Propose latency = 785.186726 (+/- 249) us 
Write latency = 710.544037 (+/- 422) us 
Accept latency = 2362.581916 (+/- 2184) us 
Batch average size = NaN (+/- 0) requests
ConsensusMessage ByteCount = 108966:1655
TOMMessage ByteCount = 6396635:11314
StandardSMMessage ByteCount = 302:17
LCMessage ByteCount = 5:1
--- Measurements after 14000 ops (1000 samples) ---
Throughput = 4694.8354 operations/sec (Maximum observed: 4694.8354 ops/sec)
Total latency = 1871469.640652 (+/- 0) us 
Consensus latency = 3284.150858 (+/- 274) us 
Pre-consensus latency = 0.0 (+/- 0) us 
Pos-consensus latency = 1868618.592112 (+/- 0) us 
Propose latency = 659.590679 (+/- 176) us 
Write latency = 867.36933 (+/- 187) us 
Accept latency = 1757.1908489999998 (+/- 193) us 
Batch average size = NaN (+/- 0) requests
ConsensusMessage ByteCount = 119568:1815
TOMMessage ByteCount = 6396635:11314
StandardSMMessage ByteCount = 302:17
LCMessage ByteCount = 5:1
--- Measurements after 15000 ops (1000 samples) ---
Throughput = 3164.557 operations/sec (Maximum observed: 4694.8354 ops/sec)
Total latency = 2080676.636994 (+/- 0) us 
Consensus latency = 3729.9819479999996 (+/- 1454) us 
Pre-consensus latency = 0.0 (+/- 0) us 
Pos-consensus latency = 2077872.984441 (+/- 0) us 
Propose latency = 1376.7149450000002 (+/- 1608) us 
Write latency = 669.00757 (+/- 437) us 
Accept latency = 1684.259433 (+/- 260) us 
Batch average size = 34885.0 (+/- 0) requests
ConsensusMessage ByteCount = 133824:2031
TOMMessage ByteCount = 16424840:28994
StandardSMMessage ByteCount = 302:17
LCMessage ByteCount = 5:1
--- Measurements after 16000 ops (1000 samples) ---
Throughput = 4651.1626 operations/sec (Maximum observed: 4694.8354 ops/sec)
Total latency = 2238560.578506 (+/- 0) us 
Consensus latency = 2718.673279 (+/- 673) us 
Pre-consensus latency = 0.0 (+/- 0) us 
Pos-consensus latency = 2236148.0463449997 (+/- 0) us 
Propose latency = 541.3735479999999 (+/- 97) us 
Write latency = 565.5875060000001 (+/- 260) us 
Accept latency = 1611.712225 (+/- 663) us 
Batch average size = NaN (+/- 0) requests
ConsensusMessage ByteCount = 139963:2124
TOMMessage ByteCount = 16424840:28994
StandardSMMessage ByteCount = 302:17
LCMessage ByteCount = 5:1
--- Measurements after 17000 ops (1000 samples) ---
Throughput = 3891.0505 operations/sec (Maximum observed: 4694.8354 ops/sec)
Total latency = 2360136.23723 (+/- 0) us 
Consensus latency = 3382.924093 (+/- 578) us 
Pre-consensus latency = 0.0 (+/- 0) us 
Pos-consensus latency = 2357237.677954 (+/- 0) us 
Propose latency = 1061.820734 (+/- 539) us 
Write latency = 741.10366 (+/- 302) us 
Accept latency = 1579.999699 (+/- 329) us 
Batch average size = NaN (+/- 0) requests
ConsensusMessage ByteCount = 152034:2307
TOMMessage ByteCount = 16424840:28994
StandardSMMessage ByteCount = 302:17
LCMessage ByteCount = 5:1
--- Measurements after 18000 ops (1000 samples) ---
Throughput = 4444.4443 operations/sec (Maximum observed: 4694.8354 ops/sec)
Total latency = 2550281.311294 (+/- 0) us 
Consensus latency = 2863.746815 (+/- 320) us 
Pre-consensus latency = 0.0 (+/- 0) us 
Pos-consensus latency = 2547846.424201 (+/- 0) us 
Propose latency = 730.8618660000001 (+/- 131) us 
Write latency = 640.009677 (+/- 345) us 
Accept latency = 1492.8752720000002 (+/- 249) us 
Batch average size = NaN (+/- 0) requests
ConsensusMessage ByteCount = 162727:2469
TOMMessage ByteCount = 16424840:28994
StandardSMMessage ByteCount = 302:17
LCMessage ByteCount = 5:1
--- Measurements after 19000 ops (1000 samples) ---
Throughput = 4385.965 operations/sec (Maximum observed: 4694.8354 ops/sec)
Total latency = 2720044.7631300003 (+/- 0) us 
Consensus latency = 4938.095883999999 (+/- 4360) us 
Pre-consensus latency = 0.0 (+/- 0) us 
Pos-consensus latency = 2716180.733187 (+/- 0) us 
Propose latency = 2672.550692 (+/- 4187) us 
Write latency = 341.758399 (+/- 241) us 
Accept latency = 1923.786793 (+/- 498) us 
Batch average size = NaN (+/- 0) requests
ConsensusMessage ByteCount = 173859:2638
TOMMessage ByteCount = 16424840:28994
StandardSMMessage ByteCount = 302:17
LCMessage ByteCount = 5:1
--- Measurements after 20000 ops (1000 samples) ---
Throughput = 3676.4707 operations/sec (Maximum observed: 4694.8354 ops/sec)
Total latency = 2898205.4726259997 (+/- 0) us 
Consensus latency = 4918.746379 (+/- 1907) us 
Pre-consensus latency = 0.0 (+/- 0) us 
Pos-consensus latency = 2894833.96941 (+/- 0) us 
Propose latency = 1890.010896 (+/- 768) us 
Write latency = 728.269365 (+/- 1210) us 
Accept latency = 2300.466118 (+/- 75) us 
Batch average size = NaN (+/- 0) requests
ConsensusMessage ByteCount = 186165:2825
TOMMessage ByteCount = 16424840:28994
StandardSMMessage ByteCount = 302:17
LCMessage ByteCount = 5:1
--- Measurements after 21000 ops (1000 samples) ---
Throughput = 4587.156 operations/sec (Maximum observed: 4694.8354 ops/sec)
Total latency = 3096810.822348 (+/- 0) us 
Consensus latency = 8378.199781000001 (+/- 1584) us 
Pre-consensus latency = 0.0 (+/- 0) us 
Pos-consensus latency = 3091009.10919 (+/- 0) us 
Propose latency = 4149.960804 (+/- 2647) us 
Write latency = 1818.08885 (+/- 1083) us 
Accept latency = 2410.150127 (+/- 226) us 
Batch average size = NaN (+/- 0) requests
ConsensusMessage ByteCount = 196456:2981
TOMMessage ByteCount = 16424840:28994
StandardSMMessage ByteCount = 302:17
LCMessage ByteCount = 5:1
--- Measurements after 22000 ops (1000 samples) ---
Throughput = 4651.1626 operations/sec (Maximum observed: 4694.8354 ops/sec)
Total latency = 3264272.361338 (+/- 0) us 
Consensus latency = 5312.260569 (+/- 375) us 
Pre-consensus latency = 0.0 (+/- 0) us 
Pos-consensus latency = 3259515.1905440004 (+/- 0) us 
Propose latency = 870.979268 (+/- 75) us 
Write latency = 1914.902276 (+/- 216) us 
Accept latency = 2526.3790249999997 (+/- 232) us 
Batch average size = NaN (+/- 0) requests
ConsensusMessage ByteCount = 206953:3140
TOMMessage ByteCount = 16424840:28994
StandardSMMessage ByteCount = 302:17
LCMessage ByteCount = 5:1
--- Measurements after 23000 ops (1000 samples) ---
Throughput = 4504.5044 operations/sec (Maximum observed: 4694.8354 ops/sec)
Total latency = 3430563.4755180003 (+/- 0) us 
Consensus latency = 5112.001826999999 (+/- 528) us 
Pre-consensus latency = 0.0 (+/- 0) us 
Pos-consensus latency = 3425968.396979 (+/- 0) us 
Propose latency = 851.8805130000001 (+/- 91) us 
Write latency = 2086.955857 (+/- 389) us 
Accept latency = 2173.165457 (+/- 202) us 
Batch average size = NaN (+/- 0) requests
ConsensusMessage ByteCount = 218151:3309
TOMMessage ByteCount = 16424840:28994
StandardSMMessage ByteCount = 302:17
LCMessage ByteCount = 5:1
--- Measurements after 24000 ops (1000 samples) ---
Throughput = 4504.5044 operations/sec (Maximum observed: 4694.8354 ops/sec)
Total latency = 3595595.2569790003 (+/- 0) us 
Consensus latency = 3742.553687 (+/- 836) us 
Pre-consensus latency = 0.0 (+/- 0) us 
Pos-consensus latency = 3592298.185875 (+/- 0) us 
Propose latency = 690.847597 (+/- 85) us 
Write latency = 1007.40056 (+/- 512) us 
Accept latency = 2044.30553 (+/- 447) us 
Batch average size = NaN (+/- 0) requests
ConsensusMessage ByteCount = 228442:3465
TOMMessage ByteCount = 16424840:28994
StandardSMMessage ByteCount = 302:17
LCMessage ByteCount = 10:2
--- Measurements after 25000 ops (1000 samples) ---
Throughput = 4524.8867 operations/sec (Maximum observed: 4694.8354 ops/sec)
Total latency = 3758378.227711 (+/- 0) us 
Consensus latency = 3460.166452 (+/- 1471) us 
Pre-consensus latency = 0.0 (+/- 0) us 
Pos-consensus latency = 3755352.139919 (+/- 0) us 
Propose latency = 666.8825509999999 (+/- 109) us 
Write latency = 991.3216679999999 (+/- 1305) us 
Accept latency = 1801.962233 (+/- 279) us 
Batch average size = NaN (+/- 0) requests
ConsensusMessage ByteCount = 238730:3621
TOMMessage ByteCount = 16424840:28994
StandardSMMessage ByteCount = 302:17
LCMessage ByteCount = 10:2
--- Measurements after 26000 ops (1000 samples) ---
Throughput = 4672.897 operations/sec (Maximum observed: 4694.8354 ops/sec)
Total latency = 3923336.165517 (+/- 0) us 
Consensus latency = 3078.486661 (+/- 286) us 
Pre-consensus latency = 0.0 (+/- 0) us 
Pos-consensus latency = 3920627.63368 (+/- 0) us 
Propose latency = 611.0047539999999 (+/- 101) us 
Write latency = 728.684013 (+/- 257) us 
Accept latency = 1738.797894 (+/- 215) us 
Batch average size = NaN (+/- 0) requests
ConsensusMessage ByteCount = 249024:3777
TOMMessage ByteCount = 16424840:28994
StandardSMMessage ByteCount = 302:17
LCMessage ByteCount = 10:2
--- Measurements after 27000 ops (1000 samples) ---
Throughput = 4504.5044 operations/sec (Maximum observed: 4694.8354 ops/sec)
Total latency = 4084497.0081269997 (+/- 0) us 
Consensus latency = 3098.096337 (+/- 270) us 
Pre-consensus latency = 0.0 (+/- 0) us 
Pos-consensus latency = 4081870.2086199997 (+/- 0) us 
Propose latency = 707.977841 (+/- 182) us 
Write latency = 729.322474 (+/- 232) us 
Accept latency = 1660.7960220000002 (+/- 186) us 
Batch average size = NaN (+/- 0) requests
ConsensusMessage ByteCount = 259516:3936
TOMMessage ByteCount = 16424840:28994
StandardSMMessage ByteCount = 302:17
LCMessage ByteCount = 10:2
--- Measurements after 28000 ops (1000 samples) ---
Throughput = 4524.8867 operations/sec (Maximum observed: 4694.8354 ops/sec)
Total latency = 4248571.974198 (+/- 0) us 
Consensus latency = 3156.9452119999996 (+/- 199) us 
Pre-consensus latency = 0.0 (+/- 0) us 
Pos-consensus latency = 4245805.002354 (+/- 0) us 
Propose latency = 629.728974 (+/- 86) us 
Write latency = 861.7324699999999 (+/- 120) us 
Accept latency = 1665.4837679999998 (+/- 196) us 
Batch average size = NaN (+/- 0) requests
ConsensusMessage ByteCount = 270203:4098
TOMMessage ByteCount = 16424840:28994
StandardSMMessage ByteCount = 302:17
LCMessage ByteCount = 10:2
--- Measurements after 29000 ops (1000 samples) ---
Throughput = 4694.8354 operations/sec (Maximum observed: 4694.8354 ops/sec)
Total latency = 4411455.640883001 (+/- 0) us 
Consensus latency = 3412.1595469999997 (+/- 1710) us 
Pre-consensus latency = 0.0 (+/- 0) us 
Pos-consensus latency = 4408468.283283 (+/- 0) us 
Propose latency = 669.74251 (+/- 64) us 
Write latency = 1039.697058 (+/- 1705) us 
Accept latency = 1702.719979 (+/- 204) us 
Batch average size = NaN (+/- 0) requests
ConsensusMessage ByteCount = 280509:4254
TOMMessage ByteCount = 16424840:28994
StandardSMMessage ByteCount = 302:17
LCMessage ByteCount = 10:2
--- Measurements after 30000 ops (1000 samples) ---
Throughput = 4587.156 operations/sec (Maximum observed: 4694.8354 ops/sec)
Total latency = 4573458.274734 (+/- 0) us 
Consensus latency = 3156.352885 (+/- 2077) us 
Pre-consensus latency = 0.0 (+/- 0) us 
Pos-consensus latency = 4570659.667495 (+/- 0) us 
Propose latency = 574.1236160000001 (+/- 89) us 
Write latency = 936.12953 (+/- 2049) us 
Accept latency = 1646.099739 (+/- 216) us 
Batch average size = NaN (+/- 0) requests
ConsensusMessage ByteCount = 290895:4412
TOMMessage ByteCount = 16424840:28994
StandardSMMessage ByteCount = 302:17
LCMessage ByteCount = 10:2
--- Measurements after 31000 ops (1000 samples) ---
Throughput = 4545.4546 operations/sec (Maximum observed: 4694.8354 ops/sec)
Total latency = 4734230.373029999 (+/- 0) us 
Consensus latency = 3308.165607 (+/- 467) us 
Pre-consensus latency = 0.0 (+/- 0) us 
Pos-consensus latency = 4731340.785755999 (+/- 0) us 
Propose latency = 674.191118 (+/- 89) us 
Write latency = 846.5623860000001 (+/- 211) us 
Accept latency = 1787.412103 (+/- 499) us 
Batch average size = NaN (+/- 0) requests
ConsensusMessage ByteCount = 301101:4566
TOMMessage ByteCount = 16424840:28994
StandardSMMessage ByteCount = 302:17
LCMessage ByteCount = 10:2
--- Measurements after 32000 ops (1000 samples) ---
Throughput = 4524.8867 operations/sec (Maximum observed: 4694.8354 ops/sec)
Total latency = 4896188.030970001 (+/- 0) us 
Consensus latency = 3076.0148820000004 (+/- 396) us 
Pre-consensus latency = 0.0 (+/- 0) us 
Pos-consensus latency = 4893591.857225 (+/- 0) us 
Propose latency = 679.454899 (+/- 246) us 
Write latency = 840.633612 (+/- 357) us 
Accept latency = 1555.926371 (+/- 192) us 
Batch average size = NaN (+/- 0) requests
ConsensusMessage ByteCount = 311996:4731
TOMMessage ByteCount = 16424840:28994
StandardSMMessage ByteCount = 302:17
LCMessage ByteCount = 10:2
--- Measurements after 33000 ops (1000 samples) ---
Throughput = 4672.897 operations/sec (Maximum observed: 4694.8354 ops/sec)
Total latency = 5063038.228712 (+/- 0) us 
Consensus latency = 2822.554965 (+/- 223) us 
Pre-consensus latency = 0.0 (+/- 0) us 
Pos-consensus latency = 5060492.897533 (+/- 0) us 
Propose latency = 412.463748 (+/- 55) us 
Write latency = 846.366139 (+/- 195) us 
Accept latency = 1563.725078 (+/- 145) us 
Batch average size = NaN (+/- 0) requests
ConsensusMessage ByteCount = 322969:4898
TOMMessage ByteCount = 16424840:28994
StandardSMMessage ByteCount = 302:17
LCMessage ByteCount = 15:3
--- Measurements after 34000 ops (1000 samples) ---
Throughput = 4545.4546 operations/sec (Maximum observed: 4694.8354 ops/sec)
Total latency = 5223166.151063 (+/- 0) us 
Consensus latency = 3048.367173 (+/- 1713) us 
Pre-consensus latency = 0.0 (+/- 0) us 
Pos-consensus latency = 5220424.258347999 (+/- 0) us 
Propose latency = 513.300929 (+/- 147) us 
Write latency = 548.247612 (+/- 313) us 
Accept latency = 1986.818632 (+/- 1636) us 
Batch average size = NaN (+/- 0) requests
ConsensusMessage ByteCount = 333576:5058
TOMMessage ByteCount = 16424840:28994
StandardSMMessage ByteCount = 302:17
LCMessage ByteCount = 15:3
--- Measurements after 35000 ops (1000 samples) ---
Throughput = 4545.4546 operations/sec (Maximum observed: 4694.8354 ops/sec)
Total latency = 5383882.476454001 (+/- 0) us 
Consensus latency = 2794.42811 (+/- 266) us 
Pre-consensus latency = 0.0 (+/- 0) us 
Pos-consensus latency = 5381371.56242 (+/- 0) us 
Propose latency = 412.099342 (+/- 63) us 
Write latency = 833.108656 (+/- 198) us 
Accept latency = 1549.220112 (+/- 173) us 
Batch average size = NaN (+/- 0) requests
ConsensusMessage ByteCount = 344268:5220
TOMMessage ByteCount = 16424840:28994
StandardSMMessage ByteCount = 302:17
LCMessage ByteCount = 15:3
--- Measurements after 36000 ops (1000 samples) ---
Throughput = 4716.981 operations/sec (Maximum observed: 4716.981 ops/sec)
Total latency = 5543648.862857 (+/- 0) us 
Consensus latency = 2839.4815989999997 (+/- 221) us 
Pre-consensus latency = 0.0 (+/- 0) us 
Pos-consensus latency = 5541150.977245 (+/- 0) us 
Propose latency = 542.2104350000001 (+/- 81) us 
Write latency = 735.713887 (+/- 200) us 
Accept latency = 1561.557277 (+/- 171) us 
Batch average size = NaN (+/- 0) requests
ConsensusMessage ByteCount = 354960:5382
TOMMessage ByteCount = 16424840:28994
StandardSMMessage ByteCount = 302:17
LCMessage ByteCount = 15:3
--- Measurements after 37000 ops (1000 samples) ---
Throughput = 4566.21 operations/sec (Maximum observed: 4716.981 ops/sec)
Total latency = 5705272.764808 (+/- 0) us 
Consensus latency = 3489.099073 (+/- 1784) us 
Pre-consensus latency = 0.0 (+/- 0) us 
Pos-consensus latency = 5702186.518395 (+/- 0) us 
Propose latency = 666.7275259999999 (+/- 118) us 
Write latency = 568.268599 (+/- 342) us 
Accept latency = 2254.1029479999997 (+/- 1558) us 
Batch average size = NaN (+/- 0) requests
ConsensusMessage ByteCount = 366329:5555
TOMMessage ByteCount = 16424840:28994
StandardSMMessage ByteCount = 302:17
LCMessage ByteCount = 15:3
--- Measurements after 38000 ops (1000 samples) ---
Throughput = 4566.21 operations/sec (Maximum observed: 4716.981 ops/sec)
Total latency = 5865476.725663999 (+/- 0) us 
Consensus latency = 2764.986974 (+/- 261) us 
Pre-consensus latency = 0.0 (+/- 0) us 
Pos-consensus latency = 5863047.549422 (+/- 0) us 
Propose latency = 592.486486 (+/- 52) us 
Write latency = 574.033942 (+/- 198) us 
Accept latency = 1598.466546 (+/- 312) us 
Batch average size = NaN (+/- 0) requests
ConsensusMessage ByteCount = 376625:5711
TOMMessage ByteCount = 16424840:28994
StandardSMMessage ByteCount = 302:17
LCMessage ByteCount = 15:3
--- Measurements after 39000 ops (1000 samples) ---
Throughput = 4524.8867 operations/sec (Maximum observed: 4716.981 ops/sec)
Total latency = 6023704.745206 (+/- 0) us 
Consensus latency = 2575.7193169999996 (+/- 698) us 
Pre-consensus latency = 0.0 (+/- 0) us 
Pos-consensus latency = 6021673.362414 (+/- 0) us 
Propose latency = 740.681036 (+/- 734) us 
Write latency = 268.313625 (+/- 231) us 
Accept latency = 1566.7246559999999 (+/- 107) us 
Batch average size = NaN (+/- 0) requests
ConsensusMessage ByteCount = 387221:5871
TOMMessage ByteCount = 16424840:28994
StandardSMMessage ByteCount = 302:17
LCMessage ByteCount = 15:3
--- Measurements after 40000 ops (1000 samples) ---
Throughput = 4716.981 operations/sec (Maximum observed: 4716.981 ops/sec)
Total latency = 6190247.890953 (+/- 0) us 
Consensus latency = 2481.7410879999998 (+/- 310) us 
Pre-consensus latency = 0.0 (+/- 0) us 
Pos-consensus latency = 6188053.791302 (+/- 0) us 
Propose latency = 488.45687699999996 (+/- 128) us 
Write latency = 549.416107 (+/- 239) us 
Accept latency = 1443.8681040000001 (+/- 256) us 
Batch average size = NaN (+/- 0) requests
ConsensusMessage ByteCount = 397606:6029
TOMMessage ByteCount = 16424840:28994
StandardSMMessage ByteCount = 302:17
LCMessage ByteCount = 15:3
--- Measurements after 41000 ops (1000 samples) ---
Throughput = 4545.4546 operations/sec (Maximum observed: 4716.981 ops/sec)
Total latency = 6352201.482147001 (+/- 0) us 
Consensus latency = 2613.325099 (+/- 241) us 
Pre-consensus latency = 0.0 (+/- 0) us 
Pos-consensus latency = 6349943.372321 (+/- 0) us 
Propose latency = 594.745169 (+/- 100) us 
Write latency = 566.777242 (+/- 208) us 
Accept latency = 1451.802688 (+/- 165) us 
Batch average size = NaN (+/- 0) requests
ConsensusMessage ByteCount = 408488:6194
TOMMessage ByteCount = 16424840:28994
StandardSMMessage ByteCount = 302:17
LCMessage ByteCount = 15:3
--- Measurements after 42000 ops (1000 samples) ---
Throughput = 4545.4546 operations/sec (Maximum observed: 4716.981 ops/sec)
Total latency = 6512387.036093 (+/- 0) us 
Consensus latency = 2950.724906 (+/- 466) us 
Pre-consensus latency = 0.0 (+/- 0) us 
Pos-consensus latency = 6509877.187042 (+/- 0) us 
Propose latency = 755.516853 (+/- 244) us 
Write latency = 715.833912 (+/- 245) us 
Accept latency = 1479.374141 (+/- 187) us 
Batch average size = NaN (+/- 0) requests
ConsensusMessage ByteCount = 419700:6363
TOMMessage ByteCount = 16424840:28994
StandardSMMessage ByteCount = 302:17
LCMessage ByteCount = 20:4
--- Measurements after 43000 ops (1000 samples) ---
Throughput = 4524.8867 operations/sec (Maximum observed: 4716.981 ops/sec)
Total latency = 6676001.139357001 (+/- 0) us 
Consensus latency = 3486.005083 (+/- 3119) us 
Pre-consensus latency = 0.0 (+/- 0) us 
Pos-consensus latency = 6672901.37757 (+/- 0) us 
Propose latency = 660.8109109999999 (+/- 200) us 
Write latency = 440.550929 (+/- 250) us 
Accept latency = 2384.643243 (+/- 3084) us 
Batch average size = NaN (+/- 0) requests
ConsensusMessage ByteCount = 429833:6517
TOMMessage ByteCount = 16424840:28994
StandardSMMessage ByteCount = 302:17
LCMessage ByteCount = 20:4
--- Measurements after 44000 ops (1000 samples) ---
Throughput = 4672.897 operations/sec (Maximum observed: 4716.981 ops/sec)
Total latency = 6843616.962590001 (+/- 0) us 
Consensus latency = 2679.504826 (+/- 300) us 
Pre-consensus latency = 0.0 (+/- 0) us 
Pos-consensus latency = 6841310.770264 (+/- 0) us 
Propose latency = 651.393199 (+/- 54) us 
Write latency = 449.366281 (+/- 311) us 
Accept latency = 1578.745346 (+/- 146) us 
Batch average size = NaN (+/- 0) requests
ConsensusMessage ByteCount = 440355:6677
TOMMessage ByteCount = 16424840:28994
StandardSMMessage ByteCount = 302:17
LCMessage ByteCount = 20:4
--- Measurements after 45000 ops (1000 samples) ---
Throughput = 4524.8867 operations/sec (Maximum observed: 4716.981 ops/sec)
Total latency = 7008160.611706001 (+/- 0) us 
Consensus latency = 2922.855388 (+/- 174) us 
Pre-consensus latency = 0.0 (+/- 0) us 
Pos-consensus latency = 7005593.499426 (+/- 0) us 
Propose latency = 628.406063 (+/- 87) us 
Write latency = 684.2253860000001 (+/- 124) us 
Accept latency = 1610.223939 (+/- 151) us 
Batch average size = NaN (+/- 0) requests
ConsensusMessage ByteCount = 450576:6831
TOMMessage ByteCount = 16424840:28994
StandardSMMessage ByteCount = 302:17
LCMessage ByteCount = 20:4
--- Measurements after 46000 ops (1000 samples) ---
Throughput = 4524.8867 operations/sec (Maximum observed: 4716.981 ops/sec)
Total latency = 7169882.150799 (+/- 0) us 
Consensus latency = 2797.506485 (+/- 335) us 
Pre-consensus latency = 0.0 (+/- 0) us 
Pos-consensus latency = 7167453.49442 (+/- 0) us 
Propose latency = 613.422395 (+/- 57) us 
Write latency = 590.4742389999999 (+/- 246) us 
Accept latency = 1593.609851 (+/- 219) us 
Batch average size = NaN (+/- 0) requests
ConsensusMessage ByteCount = 461068:6990
TOMMessage ByteCount = 16424840:28994
StandardSMMessage ByteCount = 302:17
LCMessage ByteCount = 20:4
--- Measurements after 47000 ops (1000 samples) ---
Throughput = 4694.8354 operations/sec (Maximum observed: 4716.981 ops/sec)
Total latency = 7330780.063031 (+/- 0) us 
Consensus latency = 2860.909156 (+/- 380) us 
Pre-consensus latency = 0.0 (+/- 0) us 
Pos-consensus latency = 7328314.856928 (+/- 0) us 
Propose latency = 664.83033 (+/- 147) us 
Write latency = 684.787893 (+/- 322) us 
Accept latency = 1511.290933 (+/- 193) us 
Batch average size = NaN (+/- 0) requests
ConsensusMessage ByteCount = 471841:7154
TOMMessage ByteCount = 16424840:28994
StandardSMMessage ByteCount = 302:17
LCMessage ByteCount = 20:4
--- Measurements after 48000 ops (1000 samples) ---
Throughput = 4545.4546 operations/sec (Maximum observed: 4716.981 ops/sec)
Total latency = 7492357.265729999 (+/- 0) us 
Consensus latency = 3555.211467 (+/- 3574) us 
Pre-consensus latency = 0.0 (+/- 0) us 
Pos-consensus latency = 7489139.414001999 (+/- 0) us 
Propose latency = 599.861027 (+/- 67) us 
Write latency = 1290.89911 (+/- 3310) us 
Accept latency = 1664.45133 (+/- 280) us 
Batch average size = NaN (+/- 0) requests
ConsensusMessage ByteCount = 482726:7319
TOMMessage ByteCount = 16424840:28994
StandardSMMessage ByteCount = 302:17
LCMessage ByteCount = 20:4
--- Measurements after 49000 ops (1000 samples) ---
Throughput = 4545.4546 operations/sec (Maximum observed: 4716.981 ops/sec)
Total latency = 7657977.952727 (+/- 0) us 
Consensus latency = 2686.3619019999996 (+/- 213) us 
Pre-consensus latency = 0.0 (+/- 0) us 
Pos-consensus latency = 7655646.364805 (+/- 0) us 
Propose latency = 606.365706 (+/- 54) us 
Write latency = 585.745769 (+/- 206) us 
Accept latency = 1494.250427 (+/- 139) us 
Batch average size = NaN (+/- 0) requests
ConsensusMessage ByteCount = 493030:7475
TOMMessage ByteCount = 16424840:28994
StandardSMMessage ByteCount = 302:17
LCMessage ByteCount = 20:4
-- Checkpoint is in position 29571
--- Measurements after 50000 ops (1000 samples) ---
Throughput = 2506.2656 operations/sec (Maximum observed: 4716.981 ops/sec)
Total latency = 7926483.561073 (+/- 0) us 
Consensus latency = 5049.568278 (+/- 2381) us 
Pre-consensus latency = 0.0 (+/- 0) us 
Pos-consensus latency = 7924273.013139 (+/- 0) us 
Propose latency = 3130.884977 (+/- 2590) us 
Write latency = 307.67305200000004 (+/- 265) us 
Accept latency = 1611.0102490000002 (+/- 674) us 
Batch average size = 29572.0 (+/- 0) requests
ConsensusMessage ByteCount = 511637:7757
TOMMessage ByteCount = 56010708:98764
StandardSMMessage ByteCount = 302:17
LCMessage ByteCount = 20:4
--- Measurements after 51000 ops (1000 samples) ---
Throughput = 6097.561 operations/sec (Maximum observed: 6097.561 ops/sec)
Total latency = 8097619.628191 (+/- 0) us 
Consensus latency = 2993.094247 (+/- 2351) us 
Pre-consensus latency = 0.0 (+/- 0) us 
Pos-consensus latency = 8095070.89781 (+/- 0) us 
Propose latency = 673.4568079999999 (+/- 1339) us 
Write latency = 504.005038 (+/- 388) us 
Accept latency = 1815.632401 (+/- 1896) us 
Batch average size = NaN (+/- 0) requests
ConsensusMessage ByteCount = 519464:7875
TOMMessage ByteCount = 56010708:98764
StandardSMMessage ByteCount = 302:17
LCMessage ByteCount = 25:5
--- Measurements after 52000 ops (1000 samples) ---
Throughput = 6578.9473 operations/sec (Maximum observed: 6578.9473 ops/sec)
Total latency = 8186662.494332 (+/- 0) us 
Consensus latency = 6775.25479 (+/- 6350) us 
Pre-consensus latency = 0.0 (+/- 0) us 
Pos-consensus latency = 8180315.87812 (+/- 0) us 
Propose latency = 737.193446 (+/- 328) us 
Write latency = 4142.394147 (+/- 6199) us 
Accept latency = 1895.667197 (+/- 790) us 
Batch average size = NaN (+/- 0) requests
ConsensusMessage ByteCount = 526401:7980
TOMMessage ByteCount = 56010708:98764
StandardSMMessage ByteCount = 302:17
LCMessage ByteCount = 25:5
--- Measurements after 53000 ops (1000 samples) ---
Throughput = 6451.613 operations/sec (Maximum observed: 6578.9473 ops/sec)
Total latency = 8279574.030801 (+/- 0) us 
Consensus latency = 8198.146451999999 (+/- 6809) us 
Pre-consensus latency = 0.0 (+/- 0) us 
Pos-consensus latency = 8272146.945818 (+/- 0) us 
Propose latency = 1431.582052 (+/- 584) us 
Write latency = 5732.512917 (+/- 6376) us 
Accept latency = 1034.051483 (+/- 455) us 
Batch average size = NaN (+/- 0) requests
ConsensusMessage ByteCount = 532932:8079
TOMMessage ByteCount = 56010708:98764
StandardSMMessage ByteCount = 302:17
LCMessage ByteCount = 25:5
--- Measurements after 54000 ops (1000 samples) ---
Throughput = 6451.613 operations/sec (Maximum observed: 6578.9473 ops/sec)
Total latency = 8381901.35533 (+/- 0) us 
Consensus latency = 2846.4108149999997 (+/- 1904) us 
Pre-consensus latency = 0.0 (+/- 0) us 
Pos-consensus latency = 8379393.854970001 (+/- 0) us 
Propose latency = 541.827869 (+/- 161) us 
Write latency = 904.837502 (+/- 1782) us 
Accept latency = 1399.745444 (+/- 287) us 
Batch average size = NaN (+/- 0) requests
ConsensusMessage ByteCount = 539472:8178
TOMMessage ByteCount = 56010708:98764
StandardSMMessage ByteCount = 302:17
LCMessage ByteCount = 25:5
--- Measurements after 55000 ops (1000 samples) ---
Throughput = 6578.9473 operations/sec (Maximum observed: 6578.9473 ops/sec)
Total latency = 8473213.283536 (+/- 0) us 
Consensus latency = 4496.176560999999 (+/- 1481) us 
Pre-consensus latency = 0.0 (+/- 0) us 
Pos-consensus latency = 8469490.542247 (+/- 0) us 
Propose latency = 2410.327294 (+/- 1687) us 
Write latency = 571.841883 (+/- 447) us 
Accept latency = 1514.007384 (+/- 145) us 
Batch average size = NaN (+/- 0) requests
ConsensusMessage ByteCount = 547196:8295
TOMMessage ByteCount = 56010708:98764
StandardSMMessage ByteCount = 302:17
LCMessage ByteCount = 25:5
--- Measurements after 56000 ops (1000 samples) ---
Throughput = 6410.2563 operations/sec (Maximum observed: 6578.9473 ops/sec)
Total latency = 8569836.151273 (+/- 0) us 
Consensus latency = 4319.251765999999 (+/- 1227) us 
Pre-consensus latency = 0.0 (+/- 0) us 
Pos-consensus latency = 8566385.616681 (+/- 0) us 
Propose latency = 2203.091438 (+/- 1091) us 
Write latency = 1031.383306 (+/- 315) us 
Accept latency = 1084.7770220000002 (+/- 268) us 
Batch average size = NaN (+/- 0) requests
ConsensusMessage ByteCount = 548075:8309
TOMMessage ByteCount = 56010708:98764
StandardSMMessage ByteCount = 302:17
LCMessage ByteCount = 25:5
--- Measurements after 57000 ops (1000 samples) ---
Throughput = 6410.2563 operations/sec (Maximum observed: 6578.9473 ops/sec)
Total latency = 8675923.674045999 (+/- 0) us 
Consensus latency = 2491.907916 (+/- 286) us 
Pre-consensus latency = 0.0 (+/- 0) us 
Pos-consensus latency = 8673779.262688 (+/- 0) us 
Propose latency = 569.633991 (+/- 98) us 
Write latency = 440.32893199999995 (+/- 242) us 
Accept latency = 1481.944993 (+/- 187) us 
Batch average size = NaN (+/- 0) requests
ConsensusMessage ByteCount = 551751:8364
TOMMessage ByteCount = 56010708:98764
StandardSMMessage ByteCount = 302:17
LCMessage ByteCount = 25:5
--- Measurements after 58000 ops (1000 samples) ---
Throughput = 6535.9478 operations/sec (Maximum observed: 6578.9473 ops/sec)
Total latency = 8775251.174653 (+/- 0) us 
Consensus latency = 2473.831818 (+/- 162) us 
Pre-consensus latency = 0.0 (+/- 0) us 
Pos-consensus latency = 8773160.402796 (+/- 0) us 
Propose latency = 614.479331 (+/- 95) us 
Write latency = 309.604066 (+/- 174) us 
Accept latency = 1549.748421 (+/- 142) us 
Batch average size = NaN (+/- 0) requests
ConsensusMessage ByteCount = 559273:8478
TOMMessage ByteCount = 56010708:98764
StandardSMMessage ByteCount = 302:17
LCMessage ByteCount = 25:5
--- Measurements after 59000 ops (1000 samples) ---
Throughput = 6451.613 operations/sec (Maximum observed: 6578.9473 ops/sec)
Total latency = 8873889.9981 (+/- 0) us 
Consensus latency = 2653.339244 (+/- 238) us 
Pre-consensus latency = 0.0 (+/- 0) us 
Pos-consensus latency = 8871600.236408 (+/- 0) us 
Propose latency = 596.492097 (+/- 53) us 
Write latency = 502.35212 (+/- 208) us 
Accept latency = 1554.495027 (+/- 175) us 
Batch average size = NaN (+/- 0) requests
ConsensusMessage ByteCount = 567796:8607
TOMMessage ByteCount = 56010708:98764
StandardSMMessage ByteCount = 302:17
LCMessage ByteCount = 25:5
--- Measurements after 60000 ops (1000 samples) ---
Throughput = 6451.613 operations/sec (Maximum observed: 6578.9473 ops/sec)
Total latency = 8971208.214697 (+/- 0) us 
Consensus latency = 2682.4751039999996 (+/- 242) us 
Pre-consensus latency = 0.0 (+/- 0) us 
Pos-consensus latency = 8968933.972819999 (+/- 0) us 
Propose latency = 657.269356 (+/- 159) us 
Write latency = 505.21481900000003 (+/- 244) us 
Accept latency = 1519.990929 (+/- 201) us 
Batch average size = NaN (+/- 0) requests
ConsensusMessage ByteCount = 572242:8675
TOMMessage ByteCount = 56010708:98764
StandardSMMessage ByteCount = 302:17
LCMessage ByteCount = 25:5
--- Measurements after 61000 ops (1000 samples) ---
Throughput = 6535.9478 operations/sec (Maximum observed: 6578.9473 ops/sec)
Total latency = 9070172.346347999 (+/- 0) us 
Consensus latency = 2900.043025 (+/- 328) us 
Pre-consensus latency = 0.0 (+/- 0) us 
Pos-consensus latency = 9067872.762261 (+/- 0) us 
Propose latency = 873.785738 (+/- 330) us 
Write latency = 496.762078 (+/- 230) us 
Accept latency = 1529.495209 (+/- 191) us 
Batch average size = NaN (+/- 0) requests
ConsensusMessage ByteCount = 577586:8756
TOMMessage ByteCount = 56010708:98764
StandardSMMessage ByteCount = 302:17
LCMessage ByteCount = 25:5
--- Measurements after 62000 ops (1000 samples) ---
Throughput = 6410.2563 operations/sec (Maximum observed: 6578.9473 ops/sec)
Total latency = 9172168.596131 (+/- 0) us 
Consensus latency = 2619.670685 (+/- 228) us 
Pre-consensus latency = 0.0 (+/- 0) us 
Pos-consensus latency = 9169910.983735 (+/- 0) us 
Propose latency = 557.328104 (+/- 64) us 
Write latency = 657.773921 (+/- 276) us 
Accept latency = 1404.56866 (+/- 242) us 
Batch average size = NaN (+/- 0) requests
ConsensusMessage ByteCount = 586305:8888
TOMMessage ByteCount = 56010708:98764
StandardSMMessage ByteCount = 302:17
LCMessage ByteCount = 25:5
--- Measurements after 63000 ops (1000 samples) ---
Throughput = 5917.1597 operations/sec (Maximum observed: 6578.9473 ops/sec)
Total latency = 9270623.604976999 (+/- 0) us 
Consensus latency = 2694.3134870000004 (+/- 226) us 
Pre-consensus latency = 0.0 (+/- 0) us 
Pos-consensus latency = 9268303.48377 (+/- 0) us 
Propose latency = 563.398148 (+/- 81) us 
Write latency = 575.076502 (+/- 235) us 
Accept latency = 1555.838837 (+/- 253) us 
Batch average size = NaN (+/- 0) requests
ConsensusMessage ByteCount = 594534:9012
TOMMessage ByteCount = 56010708:98764
StandardSMMessage ByteCount = 302:17
LCMessage ByteCount = 25:5
--- Measurements after 64000 ops (1000 samples) ---
Throughput = 6578.9473 operations/sec (Maximum observed: 6578.9473 ops/sec)
Total latency = 9383011.312764999 (+/- 0) us 
Consensus latency = 2671.7813300000003 (+/- 237) us 
Pre-consensus latency = 0.0 (+/- 0) us 
Pos-consensus latency = 9380695.985277 (+/- 0) us 
Propose latency = 530.931016 (+/- 70) us 
Write latency = 552.0574379999999 (+/- 248) us 
Accept latency = 1588.792876 (+/- 239) us 
Batch average size = NaN (+/- 0) requests
ConsensusMessage ByteCount = 603042:9141
TOMMessage ByteCount = 56010708:98764
StandardSMMessage ByteCount = 302:17
LCMessage ByteCount = 25:5
--- Measurements after 65000 ops (1000 samples) ---
Throughput = 5102.041 operations/sec (Maximum observed: 6578.9473 ops/sec)
Total latency = 9495795.058563 (+/- 0) us 
Consensus latency = 2866.8408280000003 (+/- 331) us 
Pre-consensus latency = 0.0 (+/- 0) us 
Pos-consensus latency = 9493351.443073 (+/- 0) us 
Propose latency = 694.384835 (+/- 317) us 
Write latency = 543.6690520000001 (+/- 275) us 
Accept latency = 1628.786941 (+/- 180) us 
Batch average size = NaN (+/- 0) requests
ConsensusMessage ByteCount = 613233:9296
TOMMessage ByteCount = 56010708:98764
StandardSMMessage ByteCount = 302:17
LCMessage ByteCount = 25:5
--- Measurements after 66000 ops (1000 samples) ---
Throughput = 6578.9473 operations/sec (Maximum observed: 6578.9473 ops/sec)
Total latency = 9619461.239334 (+/- 0) us 
Consensus latency = 2793.182149 (+/- 402) us 
Pre-consensus latency = 0.0 (+/- 0) us 
Pos-consensus latency = 9617101.841802 (+/- 0) us 
Propose latency = 772.776327 (+/- 347) us 
Write latency = 522.81855 (+/- 247) us 
Accept latency = 1497.5872720000002 (+/- 197) us 
Batch average size = NaN (+/- 0) requests
ConsensusMessage ByteCount = 622060:9429
TOMMessage ByteCount = 56010708:98764
StandardSMMessage ByteCount = 302:17
LCMessage ByteCount = 25:5
--- Measurements after 67000 ops (1000 samples) ---
Throughput = 6410.2563 operations/sec (Maximum observed: 6578.9473 ops/sec)
Total latency = 9720390.713713 (+/- 0) us 
Consensus latency = 2586.116094 (+/- 219) us 
Pre-consensus latency = 0.0 (+/- 0) us 
Pos-consensus latency = 9718200.379173 (+/- 0) us 
Propose latency = 637.7347090000001 (+/- 94) us 
Write latency = 610.2648710000001 (+/- 217) us 
Accept latency = 1338.116514 (+/- 184) us 
Batch average size = NaN (+/- 0) requests
ConsensusMessage ByteCount = 630455:9557
TOMMessage ByteCount = 56010708:98764
StandardSMMessage ByteCount = 302:17
LCMessage ByteCount = 30:6
--- Measurements after 68000 ops (1000 samples) ---
Throughput = 6451.613 operations/sec (Maximum observed: 6578.9473 ops/sec)
Total latency = 9816744.489132999 (+/- 0) us 
Consensus latency = 2579.720312 (+/- 204) us 
Pre-consensus latency = 0.0 (+/- 0) us 
Pos-consensus latency = 9814523.496695999 (+/- 0) us 
Propose latency = 611.06313 (+/- 54) us 
Write latency = 545.377964 (+/- 207) us 
Accept latency = 1423.2792180000001 (+/- 149) us 
Batch average size = NaN (+/- 0) requests
ConsensusMessage ByteCount = 638689:9681
TOMMessage ByteCount = 56010708:98764
StandardSMMessage ByteCount = 302:17
LCMessage ByteCount = 30:6
--- Measurements after 69000 ops (1000 samples) ---
Throughput = 6578.9473 operations/sec (Maximum observed: 6578.9473 ops/sec)
Total latency = 9915381.62154 (+/- 0) us 
Consensus latency = 2861.219067 (+/- 244) us 
Pre-consensus latency = 0.0 (+/- 0) us 
Pos-consensus latency = 9912894.486315 (+/- 0) us 
Propose latency = 614.681162 (+/- 65) us 
Write latency = 688.507463 (+/- 228) us 
Accept latency = 1558.030442 (+/- 224) us 
Batch average size = NaN (+/- 0) requests
ConsensusMessage ByteCount = 646693:9803
TOMMessage ByteCount = 56010708:98764
StandardSMMessage ByteCount = 302:17
LCMessage ByteCount = 30:6
--- Measurements after 70000 ops (1000 samples) ---
Throughput = 6451.613 operations/sec (Maximum observed: 6578.9473 ops/sec)
Total latency = 9999852.263032 (+/- 0) us 
Consensus latency = 5666.427133 (+/- 3644) us 
Pre-consensus latency = 0.0 (+/- 0) us 
Pos-consensus latency = 9996460.739077998 (+/- 0) us 
Propose latency = 2568.8157340000002 (+/- 3327) us 
Write latency = 541.376279 (+/- 427) us 
Accept latency = 2556.2351200000003 (+/- 2121) us 
Batch average size = NaN (+/- 0) requests
ConsensusMessage ByteCount = 655208:9932
TOMMessage ByteCount = 56010708:98764
StandardSMMessage ByteCount = 302:17
LCMessage ByteCount = 30:6
--- Measurements after 71000 ops (1000 samples) ---
Throughput = 6578.9473 operations/sec (Maximum observed: 6578.9473 ops/sec)
Total latency = 1.008766395997E7 (+/- 0) us 
Consensus latency = 7013.252202 (+/- 2544) us 
Pre-consensus latency = 0.0 (+/- 0) us 
Pos-consensus latency = 1.0084608610534001E7 (+/- 0) us 
Propose latency = 4364.257425 (+/- 2880) us 
Write latency = 161.680027 (+/- 88) us 
Accept latency = 2487.31475 (+/- 752) us 
Batch average size = NaN (+/- 0) requests
ConsensusMessage ByteCount = 663242:10053
TOMMessage ByteCount = 56010708:98764
StandardSMMessage ByteCount = 302:17
LCMessage ByteCount = 30:6
--- Measurements after 72000 ops (1000 samples) ---
Throughput = 6451.613 operations/sec (Maximum observed: 6578.9473 ops/sec)
Total latency = 1.017999382661E7 (+/- 0) us 
Consensus latency = 3319.654907 (+/- 1098) us 
Pre-consensus latency = 0.0 (+/- 0) us 
Pos-consensus latency = 1.0177791180212999E7 (+/- 0) us 
Propose latency = 1374.884699 (+/- 874) us 
Write latency = 136.865759 (+/- 47) us 
Accept latency = 1807.904449 (+/- 290) us 
Batch average size = NaN (+/- 0) requests
ConsensusMessage ByteCount = 671249:10175
TOMMessage ByteCount = 56010708:98764
StandardSMMessage ByteCount = 302:17
LCMessage ByteCount = 30:6
--- Measurements after 73000 ops (1000 samples) ---
Throughput = 6535.9478 operations/sec (Maximum observed: 6578.9473 ops/sec)
Total latency = 1.0298165133052E7 (+/- 0) us 
Consensus latency = 2269.1575 (+/- 173) us 
Pre-consensus latency = 0.0 (+/- 0) us 
Pos-consensus latency = 1.0296262056199E7 (+/- 0) us 
Propose latency = 614.178525 (+/- 96) us 
Write latency = 122.679253 (+/- 28) us 
Accept latency = 1532.299722 (+/- 100) us 
Batch average size = NaN (+/- 0) requests
ConsensusMessage ByteCount = 679572:10301
TOMMessage ByteCount = 56010708:98764
StandardSMMessage ByteCount = 302:17
LCMessage ByteCount = 30:6
--- Measurements after 74000 ops (1000 samples) ---
Throughput = 6410.2563 operations/sec (Maximum observed: 6578.9473 ops/sec)
Total latency = 1.0409502007045E7 (+/- 0) us 
Consensus latency = 2767.671228 (+/- 216) us 
Pre-consensus latency = 0.0 (+/- 0) us 
Pos-consensus latency = 1.0407115561833E7 (+/- 0) us 
Propose latency = 633.660461 (+/- 97) us 
Write latency = 559.25774 (+/- 276) us 
Accept latency = 1574.753027 (+/- 121) us 
Batch average size = NaN (+/- 0) requests
ConsensusMessage ByteCount = 687011:10413
TOMMessage ByteCount = 56010708:98764
StandardSMMessage ByteCount = 302:17
LCMessage ByteCount = 30:6
--- Measurements after 75000 ops (1000 samples) ---
Throughput = 6578.9473 operations/sec (Maximum observed: 6578.9473 ops/sec)
Total latency = 1.0506675527203E7 (+/- 0) us 
Consensus latency = 3098.251201 (+/- 1091) us 
Pre-consensus latency = 0.0 (+/- 0) us 
Pos-consensus latency = 1.0503952167087E7 (+/- 0) us 
Propose latency = 598.5364089999999 (+/- 133) us 
Write latency = 680.073449 (+/- 283) us 
Accept latency = 1819.641343 (+/- 1013) us 
Batch average size = NaN (+/- 0) requests
ConsensusMessage ByteCount = 694932:10533
TOMMessage ByteCount = 56010708:98764
StandardSMMessage ByteCount = 302:17
LCMessage ByteCount = 30:6
--- Measurements after 76000 ops (1000 samples) ---
Throughput = 6410.2563 operations/sec (Maximum observed: 6578.9473 ops/sec)
Total latency = 1.0603941528473E7 (+/- 0) us 
Consensus latency = 2845.280784 (+/- 365) us 
Pre-consensus latency = 0.0 (+/- 0) us 
Pos-consensus latency = 1.060161723361E7 (+/- 0) us 
Propose latency = 790.794966 (+/- 336) us 
Write latency = 662.421603 (+/- 635) us 
Accept latency = 1392.064215 (+/- 396) us 
Batch average size = NaN (+/- 0) requests
ConsensusMessage ByteCount = 702855:10653
TOMMessage ByteCount = 56010708:98764
StandardSMMessage ByteCount = 302:17
LCMessage ByteCount = 30:6
--- Measurements after 77000 ops (1000 samples) ---
Throughput = 6410.2563 operations/sec (Maximum observed: 6578.9473 ops/sec)
Total latency = 1.0703979099988E7 (+/- 0) us 
Consensus latency = 2674.332752 (+/- 252) us 
Pre-consensus latency = 0.0 (+/- 0) us 
Pos-consensus latency = 1.0701653493285999E7 (+/- 0) us 
Propose latency = 547.694926 (+/- 94) us 
Write latency = 668.883095 (+/- 250) us 
Accept latency = 1457.754731 (+/- 149) us 
Batch average size = NaN (+/- 0) requests
ConsensusMessage ByteCount = 711167:10779
TOMMessage ByteCount = 56010708:98764
StandardSMMessage ByteCount = 302:17
LCMessage ByteCount = 30:6
--- Measurements after 78000 ops (1000 samples) ---
Throughput = 6535.9478 operations/sec (Maximum observed: 6578.9473 ops/sec)
Total latency = 1.0803793074066E7 (+/- 0) us 
Consensus latency = 2699.214766 (+/- 229) us 
Pre-consensus latency = 0.0 (+/- 0) us 
Pos-consensus latency = 1.0801440730402E7 (+/- 0) us 
Propose latency = 572.0882929999999 (+/- 97) us 
Write latency = 693.9861609999999 (+/- 242) us 
Accept latency = 1433.140312 (+/- 211) us 
Batch average size = NaN (+/- 0) requests
ConsensusMessage ByteCount = 718886:10896
TOMMessage ByteCount = 56010708:98764
StandardSMMessage ByteCount = 302:17
LCMessage ByteCount = 30:6
-- Performing checkpoint for consensus 1023
--- Measurements after 79000 ops (1000 samples) ---
Throughput = 5524.862 operations/sec (Maximum observed: 6578.9473 ops/sec)
Total latency = 1.0901889021437999E7 (+/- 0) us 
Consensus latency = 2721.993 (+/- 271) us 
Pre-consensus latency = 0.0 (+/- 0) us 
Pos-consensus latency = 1.0899499058008E7 (+/- 0) us 
Propose latency = 569.727402 (+/- 92) us 
Write latency = 671.054296 (+/- 245) us 
Accept latency = 1481.211302 (+/- 204) us 
Batch average size = 111077.0 (+/- 0) requests
ConsensusMessage ByteCount = 728974:11049
TOMMessage ByteCount = 56010708:98764
StandardSMMessage ByteCount = 302:17
LCMessage ByteCount = 30:6
--- Measurements after 80000 ops (1000 samples) ---
Throughput = 6578.9473 operations/sec (Maximum observed: 6578.9473 ops/sec)
Total latency = 1.1023287798988001E7 (+/- 0) us 
Consensus latency = 3003.3189199999997 (+/- 541) us 
Pre-consensus latency = 0.0 (+/- 0) us 
Pos-consensus latency = 1.1020651819001E7 (+/- 0) us 
Propose latency = 559.619408 (+/- 113) us 
Write latency = 922.745353 (+/- 588) us 
Accept latency = 1520.954159 (+/- 163) us 
Batch average size = NaN (+/- 0) requests
ConsensusMessage ByteCount = 737079:11172
TOMMessage ByteCount = 56010708:98764
StandardSMMessage ByteCount = 302:17
LCMessage ByteCount = 30:6
--- Measurements after 81000 ops (1000 samples) ---
Throughput = 6451.613 operations/sec (Maximum observed: 6578.9473 ops/sec)
Total latency = 1.1122461342144E7 (+/- 0) us 
Consensus latency = 2667.9667719999998 (+/- 298) us 
Pre-consensus latency = 0.0 (+/- 0) us 
Pos-consensus latency = 1.1120156043313999E7 (+/- 0) us 
Propose latency = 620.854778 (+/- 117) us 
Write latency = 553.392116 (+/- 272) us 
Accept latency = 1493.719878 (+/- 149) us 
Batch average size = NaN (+/- 0) requests
ConsensusMessage ByteCount = 745472:11300
TOMMessage ByteCount = 56010708:98764
StandardSMMessage ByteCount = 302:17
LCMessage ByteCount = 30:6
--- Measurements after 82000 ops (1000 samples) ---
Throughput = 6578.9473 operations/sec (Maximum observed: 6578.9473 ops/sec)
Total latency = 1.1216525682419E7 (+/- 0) us 
Consensus latency = 2956.1413119999997 (+/- 1684) us 
Pre-consensus latency = 0.0 (+/- 0) us 
Pos-consensus latency = 1.1214022033281E7 (+/- 0) us 
Propose latency = 705.241564 (+/- 458) us 
Write latency = 324.074591 (+/- 242) us 
Accept latency = 1926.825157 (+/- 1638) us 
Batch average size = NaN (+/- 0) requests
ConsensusMessage ByteCount = 753791:11426
TOMMessage ByteCount = 56010708:98764
StandardSMMessage ByteCount = 302:17
LCMessage ByteCount = 30:6
--- Measurements after 83000 ops (1000 samples) ---
Throughput = 6410.2563 operations/sec (Maximum observed: 6578.9473 ops/sec)
Total latency = 1.1319462520743E7 (+/- 0) us 
Consensus latency = 2622.017128 (+/- 220) us 
Pre-consensus latency = 0.0 (+/- 0) us 
Pos-consensus latency = 1.1317218330387E7 (+/- 0) us 
Propose latency = 623.147311 (+/- 70) us 
Write latency = 503.104262 (+/- 203) us 
Accept latency = 1495.765555 (+/- 268) us 
Batch average size = NaN (+/- 0) requests
ConsensusMessage ByteCount = 762022:11550
TOMMessage ByteCount = 56010708:98764
StandardSMMessage ByteCount = 302:17
LCMessage ByteCount = 30:6
--- Measurements after 84000 ops (1000 samples) ---
Throughput = 6410.2563 operations/sec (Maximum observed: 6578.9473 ops/sec)
Total latency = 1.1415883609126E7 (+/- 0) us 
Consensus latency = 2677.687682 (+/- 212) us 
Pre-consensus latency = 0.0 (+/- 0) us 
Pos-consensus latency = 1.1413567524358E7 (+/- 0) us 
Propose latency = 580.744865 (+/- 81) us 
Write latency = 526.073995 (+/- 174) us 
Accept latency = 1570.868822 (+/- 202) us 
Batch average size = NaN (+/- 0) requests
ConsensusMessage ByteCount = 771015:11687
TOMMessage ByteCount = 56010708:98764
StandardSMMessage ByteCount = 302:17
LCMessage ByteCount = 30:6
--- Measurements after 85000 ops (1000 samples) ---
Throughput = 6578.9473 operations/sec (Maximum observed: 6578.9473 ops/sec)
Total latency = 1.1514634181243E7 (+/- 0) us 
Consensus latency = 3020.6463059999996 (+/- 917) us 
Pre-consensus latency = 0.0 (+/- 0) us 
Pos-consensus latency = 1.151198809807E7 (+/- 0) us 
Propose latency = 626.851598 (+/- 188) us 
Write latency = 866.481256 (+/- 948) us 
Accept latency = 1527.313452 (+/- 169) us 
Batch average size = NaN (+/- 0) requests
ConsensusMessage ByteCount = 779139:11810
TOMMessage ByteCount = 56010708:98764
StandardSMMessage ByteCount = 302:17
LCMessage ByteCount = 30:6
--- Measurements after 86000 ops (1000 samples) ---
Throughput = 6410.2563 operations/sec (Maximum observed: 6578.9473 ops/sec)
Total latency = 1.1614233667916E7 (+/- 0) us 
Consensus latency = 2820.534792 (+/- 130) us 
Pre-consensus latency = 0.0 (+/- 0) us 
Pos-consensus latency = 1.1611834285242E7 (+/- 0) us 
Propose latency = 690.971147 (+/- 239) us 
Write latency = 635.6627090000001 (+/- 257) us 
Accept latency = 1493.900936 (+/- 125) us 
Batch average size = NaN (+/- 0) requests
ConsensusMessage ByteCount = 788053:11945
TOMMessage ByteCount = 56010708:98764
StandardSMMessage ByteCount = 302:17
LCMessage ByteCount = 30:6
--- Measurements after 87000 ops (1000 samples) ---
Throughput = 6535.9478 operations/sec (Maximum observed: 6578.9473 ops/sec)
Total latency = 1.1713487439497E7 (+/- 0) us 
Consensus latency = 3139.453088 (+/- 1515) us 
Pre-consensus latency = 0.0 (+/- 0) us 
Pos-consensus latency = 1.1710727904017E7 (+/- 0) us 
Propose latency = 666.2133100000001 (+/- 267) us 
Write latency = 550.309401 (+/- 275) us 
Accept latency = 1922.9303770000001 (+/- 1542) us 
Batch average size = NaN (+/- 0) requests
ConsensusMessage ByteCount = 796076:12066
TOMMessage ByteCount = 56010708:98764
StandardSMMessage ByteCount = 302:17
LCMessage ByteCount = 35:7
--- Measurements after 88000 ops (1000 samples) ---
Throughput = 6410.2563 operations/sec (Maximum observed: 6578.9473 ops/sec)
Total latency = 1.1814081307873E7 (+/- 0) us 
Consensus latency = 2705.17893 (+/- 201) us 
Pre-consensus latency = 0.0 (+/- 0) us 
Pos-consensus latency = 1.1811736011702E7 (+/- 0) us 
Propose latency = 587.782181 (+/- 58) us 
Write latency = 572.269762 (+/- 126) us 
Accept latency = 1545.1269869999999 (+/- 174) us 
Batch average size = NaN (+/- 0) requests
ConsensusMessage ByteCount = 804789:12198
TOMMessage ByteCount = 56010708:98764
StandardSMMessage ByteCount = 302:17
LCMessage ByteCount = 35:7
--- Measurements after 89000 ops (1000 samples) ---
Throughput = 6410.2563 operations/sec (Maximum observed: 6578.9473 ops/sec)
Total latency = 1.1912218244544001E7 (+/- 0) us 
Consensus latency = 2764.917535 (+/- 208) us 
Pre-consensus latency = 0.0 (+/- 0) us 
Pos-consensus latency = 1.1909801193846E7 (+/- 0) us 
Propose latency = 561.328599 (+/- 51) us 
Write latency = 578.672318 (+/- 222) us 
Accept latency = 1624.916618 (+/- 182) us 
Batch average size = NaN (+/- 0) requests
ConsensusMessage ByteCount = 812395:12314
TOMMessage ByteCount = 56010708:98764
StandardSMMessage ByteCount = 302:17
LCMessage ByteCount = 35:7
--- Measurements after 90000 ops (1000 samples) ---
Throughput = 6578.9473 operations/sec (Maximum observed: 6578.9473 ops/sec)
Total latency = 1.2012753950891001E7 (+/- 0) us 
Consensus latency = 2858.652188 (+/- 186) us 
Pre-consensus latency = 0.0 (+/- 0) us 
Pos-consensus latency = 1.2010222973666001E7 (+/- 0) us 
Propose latency = 569.7445849999999 (+/- 110) us 
Write latency = 676.927643 (+/- 253) us 
Accept latency = 1611.97996 (+/- 185) us 
Batch average size = NaN (+/- 0) requests
ConsensusMessage ByteCount = 820829:12441
TOMMessage ByteCount = 56010708:98764
StandardSMMessage ByteCount = 302:17
LCMessage ByteCount = 35:7
--- Measurements after 91000 ops (1000 samples) ---
Throughput = 6410.2563 operations/sec (Maximum observed: 6578.9473 ops/sec)
Total latency = 1.2108612696911E7 (+/- 0) us 
Consensus latency = 2833.8427549999997 (+/- 176) us 
Pre-consensus latency = 0.0 (+/- 0) us 
Pos-consensus latency = 1.2106152510677E7 (+/- 0) us 
Propose latency = 611.534682 (+/- 116) us 
Write latency = 657.813191 (+/- 95) us 
Accept latency = 1564.494882 (+/- 121) us 
Batch average size = NaN (+/- 0) requests
ConsensusMessage ByteCount = 829145:12567
TOMMessage ByteCount = 56010708:98764
StandardSMMessage ByteCount = 302:17
LCMessage ByteCount = 35:7
--- Measurements after 92000 ops (1000 samples) ---
Throughput = 6535.9478 operations/sec (Maximum observed: 6578.9473 ops/sec)
Total latency = 1.2207995415236E7 (+/- 0) us 
Consensus latency = 2796.633175 (+/- 1002) us 
Pre-consensus latency = 0.0 (+/- 0) us 
Pos-consensus latency = 1.2205556532148E7 (+/- 0) us 
Propose latency = 615.2088789999999 (+/- 70) us 
Write latency = 562.909945 (+/- 172) us 
Accept latency = 1618.514351 (+/- 1011) us 
Batch average size = NaN (+/- 0) requests
ConsensusMessage ByteCount = 836272:12675
TOMMessage ByteCount = 56010708:98764
StandardSMMessage ByteCount = 302:17
LCMessage ByteCount = 35:7
--- Measurements after 93000 ops (1000 samples) ---
Throughput = 6369.427 operations/sec (Maximum observed: 6578.9473 ops/sec)
Total latency = 1.2307035121229E7 (+/- 0) us 
Consensus latency = 2937.2050449999997 (+/- 1771) us 
Pre-consensus latency = 0.0 (+/- 0) us 
Pos-consensus latency = 1.2304447210598E7 (+/- 0) us 
Propose latency = 603.238962 (+/- 113) us 
Write latency = 389.348857 (+/- 237) us 
Accept latency = 1944.617226 (+/- 1723) us 
Batch average size = NaN (+/- 0) requests
ConsensusMessage ByteCount = 844583:12801
TOMMessage ByteCount = 56010708:98764
StandardSMMessage ByteCount = 302:17
LCMessage ByteCount = 35:7
--- Measurements after 94000 ops (1000 samples) ---
Throughput = 6535.9478 operations/sec (Maximum observed: 6578.9473 ops/sec)
Total latency = 1.240824625116E7 (+/- 0) us 
Consensus latency = 2692.915655 (+/- 226) us 
Pre-consensus latency = 0.0 (+/- 0) us 
Pos-consensus latency = 1.2405891020658001E7 (+/- 0) us 
Propose latency = 580.2967610000001 (+/- 76) us 
Write latency = 612.490818 (+/- 259) us 
Accept latency = 1500.128076 (+/- 204) us 
Batch average size = NaN (+/- 0) requests
ConsensusMessage ByteCount = 852694:12924
TOMMessage ByteCount = 56010708:98764
StandardSMMessage ByteCount = 302:17
LCMessage ByteCount = 35:7
--- Measurements after 95000 ops (1000 samples) ---
Throughput = 6410.2563 operations/sec (Maximum observed: 6578.9473 ops/sec)
Total latency = 1.250834368264E7 (+/- 0) us 
Consensus latency = 2729.13135 (+/- 134) us 
Pre-consensus latency = 0.0 (+/- 0) us 
Pos-consensus latency = 1.2505967853957001E7 (+/- 0) us 
Propose latency = 588.4131550000001 (+/- 59) us 
Write latency = 601.605024 (+/- 230) us 
Accept latency = 1539.1131710000002 (+/- 209) us 
Batch average size = NaN (+/- 0) requests
ConsensusMessage ByteCount = 860894:13049
TOMMessage ByteCount = 56010708:98764
StandardSMMessage ByteCount = 302:17
LCMessage ByteCount = 35:7
--- Measurements after 96000 ops (1000 samples) ---
Throughput = 6451.613 operations/sec (Maximum observed: 6578.9473 ops/sec)
Total latency = 1.2606081933704E7 (+/- 0) us 
Consensus latency = 2729.956824 (+/- 196) us 
Pre-consensus latency = 0.0 (+/- 0) us 
Pos-consensus latency = 1.2603724155094E7 (+/- 0) us 
Propose latency = 614.9201999999999 (+/- 129) us 
Write latency = 564.442776 (+/- 226) us 
Accept latency = 1550.593848 (+/- 178) us 
Batch average size = NaN (+/- 0) requests
ConsensusMessage ByteCount = 868811:13169
TOMMessage ByteCount = 56010708:98764
StandardSMMessage ByteCount = 302:17
LCMessage ByteCount = 35:7
--- Measurements after 97000 ops (1000 samples) ---
Throughput = 6535.9478 operations/sec (Maximum observed: 6578.9473 ops/sec)
Total latency = 1.27070497507E7 (+/- 0) us 
Consensus latency = 2660.9433050000002 (+/- 252) us 
Pre-consensus latency = 0.0 (+/- 0) us 
Pos-consensus latency = 1.2704728564329E7 (+/- 0) us 
Propose latency = 548.808449 (+/- 90) us 
Write latency = 614.783106 (+/- 166) us 
Accept latency = 1497.35175 (+/- 158) us 
Batch average size = NaN (+/- 0) requests
ConsensusMessage ByteCount = 877245:13296
TOMMessage ByteCount = 56010708:98764
StandardSMMessage ByteCount = 302:17
LCMessage ByteCount = 35:7
--- Measurements after 98000 ops (1000 samples) ---
Throughput = 6410.2563 operations/sec (Maximum observed: 6578.9473 ops/sec)
Total latency = 1.2803538129180001E7 (+/- 0) us 
Consensus latency = 3062.840555 (+/- 1789) us 
Pre-consensus latency = 0.0 (+/- 0) us 
Pos-consensus latency = 1.2800811945290001E7 (+/- 0) us 
Propose latency = 638.924951 (+/- 218) us 
Write latency = 471.20128600000004 (+/- 249) us 
Accept latency = 1952.714318 (+/- 1780) us 
Batch average size = NaN (+/- 0) requests
ConsensusMessage ByteCount = 885654:13424
TOMMessage ByteCount = 56010708:98764
StandardSMMessage ByteCount = 302:17
LCMessage ByteCount = 35:7
--- Measurements after 99000 ops (1000 samples) ---
Throughput = 6578.9473 operations/sec (Maximum observed: 6578.9473 ops/sec)
Total latency = 1.2903955706725E7 (+/- 0) us 
Consensus latency = 2718.148537 (+/- 277) us 
Pre-consensus latency = 0.0 (+/- 0) us 
Pos-consensus latency = 1.2901601654655E7 (+/- 0) us 
Propose latency = 622.349094 (+/- 89) us 
Write latency = 631.583442 (+/- 256) us 
Accept latency = 1464.216001 (+/- 130) us 
Batch average size = NaN (+/- 0) requests
ConsensusMessage ByteCount = 893375:13541
TOMMessage ByteCount = 56010708:98764
StandardSMMessage ByteCount = 302:17
LCMessage ByteCount = 35:7
--- Measurements after 100000 ops (1000 samples) ---
Throughput = 6451.613 operations/sec (Maximum observed: 6578.9473 ops/sec)
Total latency = 1.3001301288332E7 (+/- 0) us 
Consensus latency = 2886.450531 (+/- 352) us 
Pre-consensus latency = 0.0 (+/- 0) us 
Pos-consensus latency = 1.2998759282334E7 (+/- 0) us 
Propose latency = 601.6436550000001 (+/- 101) us 
Write latency = 746.690148 (+/- 202) us 
Accept latency = 1538.116728 (+/- 256) us 
Batch average size = NaN (+/- 0) requests
ConsensusMessage ByteCount = 901803:13668
TOMMessage ByteCount = 56010708:98764
StandardSMMessage ByteCount = 302:17
LCMessage ByteCount = 40:8
--- Measurements after 101000 ops (1000 samples) ---
Throughput = 6578.9473 operations/sec (Maximum observed: 6578.9473 ops/sec)
Total latency = 1.3099745333218E7 (+/- 0) us 
Consensus latency = 2889.871183 (+/- 245) us 
Pre-consensus latency = 0.0 (+/- 0) us 
Pos-consensus latency = 1.3097233233309E7 (+/- 0) us 
Propose latency = 623.306137 (+/- 101) us 
Write latency = 659.2873390000001 (+/- 88) us 
Accept latency = 1607.277707 (+/- 161) us 
Batch average size = NaN (+/- 0) requests
ConsensusMessage ByteCount = 910006:13793
TOMMessage ByteCount = 56010708:98764
StandardSMMessage ByteCount = 302:17
LCMessage ByteCount = 40:8
--- Measurements after 102000 ops (1000 samples) ---
Throughput = 6451.613 operations/sec (Maximum observed: 6578.9473 ops/sec)
Total latency = 1.3198872112002E7 (+/- 0) us 
Consensus latency = 2732.030503 (+/- 196) us 
Pre-consensus latency = 0.0 (+/- 0) us 
Pos-consensus latency = 1.3196502169683E7 (+/- 0) us 
Propose latency = 593.929455 (+/- 54) us 
Write latency = 654.819678 (+/- 215) us 
Accept latency = 1483.2813700000002 (+/- 160) us 
Batch average size = NaN (+/- 0) requests
ConsensusMessage ByteCount = 918323:13919
TOMMessage ByteCount = 56010708:98764
StandardSMMessage ByteCount = 302:17
LCMessage ByteCount = 40:8
--- Measurements after 103000 ops (1000 samples) ---
Throughput = 6410.2563 operations/sec (Maximum observed: 6578.9473 ops/sec)
Total latency = 1.3297331898438E7 (+/- 0) us 
Consensus latency = 2748.322002 (+/- 168) us 
Pre-consensus latency = 0.0 (+/- 0) us 
Pos-consensus latency = 1.3294992365847E7 (+/- 0) us 
Propose latency = 628.511811 (+/- 118) us 
Write latency = 702.0005080000001 (+/- 188) us 
Accept latency = 1417.809683 (+/- 141) us 
Batch average size = NaN (+/- 0) requests
ConsensusMessage ByteCount = 926044:14036
TOMMessage ByteCount = 56010708:98764
StandardSMMessage ByteCount = 302:17
LCMessage ByteCount = 40:8
--- Measurements after 104000 ops (1000 samples) ---
Throughput = 6622.5166 operations/sec (Maximum observed: 6622.5166 ops/sec)
Total latency = 1.3397280202347E7 (+/- 0) us 
Consensus latency = 2713.082995 (+/- 262) us 
Pre-consensus latency = 0.0 (+/- 0) us 
Pos-consensus latency = 1.3395036888401E7 (+/- 0) us 
Propose latency = 717.678807 (+/- 259) us 
Write latency = 502.29737800000004 (+/- 327) us 
Accept latency = 1493.10681 (+/- 62) us 
Batch average size = NaN (+/- 0) requests
ConsensusMessage ByteCount = 934668:14166
TOMMessage ByteCount = 56010708:98764
StandardSMMessage ByteCount = 302:17
LCMessage ByteCount = 40:8
--- Measurements after 105000 ops (1000 samples) ---
Throughput = 6410.2563 operations/sec (Maximum observed: 6622.5166 ops/sec)
Total latency = 1.3495882978037002E7 (+/- 0) us 
Consensus latency = 2834.503293 (+/- 166) us 
Pre-consensus latency = 0.0 (+/- 0) us 
Pos-consensus latency = 1.3493403403426E7 (+/- 0) us 
Propose latency = 594.621469 (+/- 92) us 
Write latency = 699.290385 (+/- 189) us 
Accept latency = 1540.591439 (+/- 186) us 
Batch average size = NaN (+/- 0) requests
ConsensusMessage ByteCount = 942386:14283
TOMMessage ByteCount = 56010708:98764
StandardSMMessage ByteCount = 302:17
LCMessage ByteCount = 40:8
--- Measurements after 106000 ops (1000 samples) ---
Throughput = 6535.9478 operations/sec (Maximum observed: 6622.5166 ops/sec)
Total latency = 1.3594992940423999E7 (+/- 0) us 
Consensus latency = 2683.6996990000002 (+/- 188) us 
Pre-consensus latency = 0.0 (+/- 0) us 
Pos-consensus latency = 1.3592692986972E7 (+/- 0) us 
Propose latency = 632.0748159999999 (+/- 151) us 
Write latency = 627.737938 (+/- 214) us 
Accept latency = 1423.886945 (+/- 192) us 
Batch average size = NaN (+/- 0) requests
ConsensusMessage ByteCount = 950498:14406
TOMMessage ByteCount = 56010708:98764
StandardSMMessage ByteCount = 302:17
LCMessage ByteCount = 40:8
--- Measurements after 107000 ops (1000 samples) ---
Throughput = 6410.2563 operations/sec (Maximum observed: 6622.5166 ops/sec)
Total latency = 1.3693949519454E7 (+/- 0) us 
Consensus latency = 2692.526879 (+/- 192) us 
Pre-consensus latency = 0.0 (+/- 0) us 
Pos-consensus latency = 1.369160379492E7 (+/- 0) us 
Propose latency = 603.6654179999999 (+/- 70) us 
Write latency = 531.731208 (+/- 230) us 
Accept latency = 1557.130253 (+/- 140) us 
Batch average size = NaN (+/- 0) requests
ConsensusMessage ByteCount = 958850:14533
TOMMessage ByteCount = 56010708:98764
StandardSMMessage ByteCount = 302:17
LCMessage ByteCount = 40:8
--- Measurements after 108000 ops (1000 samples) ---
Throughput = 6578.9473 operations/sec (Maximum observed: 6622.5166 ops/sec)
Total latency = 1.3792113953154E7 (+/- 0) us 
Consensus latency = 2681.819508 (+/- 249) us 
Pre-consensus latency = 0.0 (+/- 0) us 
Pos-consensus latency = 1.3789773738347E7 (+/- 0) us 
Propose latency = 575.842912 (+/- 55) us 
Write latency = 533.9925420000001 (+/- 260) us 
Accept latency = 1571.984054 (+/- 164) us 
Batch average size = NaN (+/- 0) requests
ConsensusMessage ByteCount = 966606:14651
TOMMessage ByteCount = 56010708:98764
StandardSMMessage ByteCount = 302:17
LCMessage ByteCount = 40:8
--- Measurements after 109000 ops (1000 samples) ---
Throughput = 6410.2563 operations/sec (Maximum observed: 6622.5166 ops/sec)
Total latency = 1.3887963339948E7 (+/- 0) us 
Consensus latency = 2653.642191 (+/- 376) us 
Pre-consensus latency = 0.0 (+/- 0) us 
Pos-consensus latency = 1.3885665320119E7 (+/- 0) us 
Propose latency = 612.009694 (+/- 154) us 
Write latency = 594.304844 (+/- 366) us 
Accept latency = 1447.3276529999998 (+/- 149) us 
Batch average size = NaN (+/- 0) requests
ConsensusMessage ByteCount = 975121:14780
TOMMessage ByteCount = 56010708:98764
StandardSMMessage ByteCount = 302:17
LCMessage ByteCount = 40:8
--- Measurements after 110000 ops (1000 samples) ---
Throughput = 6410.2563 operations/sec (Maximum observed: 6622.5166 ops/sec)
Total latency = 1.3987699842370002E7 (+/- 0) us 
Consensus latency = 2935.9700430000003 (+/- 267) us 
Pre-consensus latency = 0.0 (+/- 0) us 
Pos-consensus latency = 1.3985122665235E7 (+/- 0) us 
Propose latency = 564.599612 (+/- 55) us 
Write latency = 752.165944 (+/- 252) us 
Accept latency = 1619.204487 (+/- 235) us 
Batch average size = NaN (+/- 0) requests
ConsensusMessage ByteCount = 983165:14901
TOMMessage ByteCount = 56010708:98764
StandardSMMessage ByteCount = 302:17
LCMessage ByteCount = 40:8
--- Measurements after 111000 ops (1000 samples) ---
Throughput = 6535.9478 operations/sec (Maximum observed: 6622.5166 ops/sec)
Total latency = 1.4088667968146998E7 (+/- 0) us 
Consensus latency = 2864.5740929999997 (+/- 364) us 
Pre-consensus latency = 0.0 (+/- 0) us 
Pos-consensus latency = 1.4086153806063998E7 (+/- 0) us 
Propose latency = 572.289547 (+/- 68) us 
Write latency = 767.031604 (+/- 263) us 
Accept latency = 1525.252942 (+/- 265) us 
Batch average size = NaN (+/- 0) requests
ConsensusMessage ByteCount = 991487:15027
TOMMessage ByteCount = 56010708:98764
StandardSMMessage ByteCount = 302:17
LCMessage ByteCount = 40:8
--- Measurements after 112000 ops (1000 samples) ---
Throughput = 6369.427 operations/sec (Maximum observed: 6622.5166 ops/sec)
Total latency = 1.4186337235716E7 (+/- 0) us 
Consensus latency = 2827.5249559999997 (+/- 212) us 
Pre-consensus latency = 0.0 (+/- 0) us 
Pos-consensus latency = 1.4183849999758E7 (+/- 0) us 
Propose latency = 597.567321 (+/- 64) us 
Write latency = 692.641603 (+/- 263) us 
Accept latency = 1537.316032 (+/- 124) us 
Batch average size = NaN (+/- 0) requests
ConsensusMessage ByteCount = 999694:15152
TOMMessage ByteCount = 56010708:98764
StandardSMMessage ByteCount = 302:17
LCMessage ByteCount = 40:8
--- Measurements after 113000 ops (1000 samples) ---
Throughput = 6535.9478 operations/sec (Maximum observed: 6622.5166 ops/sec)
Total latency = 1.4286198227311E7 (+/- 0) us 
Consensus latency = 2698.349554 (+/- 221) us 
Pre-consensus latency = 0.0 (+/- 0) us 
Pos-consensus latency = 1.4283846304063E7 (+/- 0) us 
Propose latency = 582.209568 (+/- 38) us 
Write latency = 551.9410230000001 (+/- 205) us 
Accept latency = 1564.198963 (+/- 188) us 
Batch average size = NaN (+/- 0) requests
ConsensusMessage ByteCount = 1008528:15285
TOMMessage ByteCount = 56010708:98764
StandardSMMessage ByteCount = 302:17
LCMessage ByteCount = 45:9
--- Measurements after 114000 ops (1000 samples) ---
Throughput = 6369.427 operations/sec (Maximum observed: 6622.5166 ops/sec)
Total latency = 1.4384460619815001E7 (+/- 0) us 
Consensus latency = 3279.79412 (+/- 1973) us 
Pre-consensus latency = 0.0 (+/- 0) us 
Pos-consensus latency = 1.4381522887789E7 (+/- 0) us 
Propose latency = 581.0445870000001 (+/- 76) us 
Write latency = 745.232992 (+/- 265) us 
Accept latency = 1953.516541 (+/- 1895) us 
Batch average size = NaN (+/- 0) requests
ConsensusMessage ByteCount = 1016849:15411
TOMMessage ByteCount = 56010708:98764
StandardSMMessage ByteCount = 302:17
LCMessage ByteCount = 45:9
--- Measurements after 115000 ops (1000 samples) ---
Throughput = 6535.9478 operations/sec (Maximum observed: 6622.5166 ops/sec)
Total latency = 1.4479472890865E7 (+/- 0) us 
Consensus latency = 2800.433386 (+/- 413) us 
Pre-consensus latency = 0.0 (+/- 0) us 
Pos-consensus latency = 1.4477099323108999E7 (+/- 0) us 
Propose latency = 667.404846 (+/- 169) us 
Write latency = 736.0625990000001 (+/- 385) us 
Accept latency = 1396.9659410000002 (+/- 218) us 
Batch average size = NaN (+/- 0) requests
ConsensusMessage ByteCount = 1025648:15545
TOMMessage ByteCount = 56010708:98764
StandardSMMessage ByteCount = 302:17
LCMessage ByteCount = 45:9
--- Measurements after 116000 ops (1000 samples) ---
Throughput = 6369.427 operations/sec (Maximum observed: 6622.5166 ops/sec)
Total latency = 1.4580928512204E7 (+/- 0) us 
Consensus latency = 2874.9786639999998 (+/- 314) us 
Pre-consensus latency = 0.0 (+/- 0) us 
Pos-consensus latency = 1.457843947463E7 (+/- 0) us 
Propose latency = 602.8936709999999 (+/- 125) us 
Write latency = 792.591791 (+/- 288) us 
Accept latency = 1479.493202 (+/- 209) us 
Batch average size = NaN (+/- 0) requests
ConsensusMessage ByteCount = 1034278:15675
TOMMessage ByteCount = 56010708:98764
StandardSMMessage ByteCount = 302:17
LCMessage ByteCount = 45:9
--- Measurements after 117000 ops (1000 samples) ---
Throughput = 6369.427 operations/sec (Maximum observed: 6622.5166 ops/sec)
Total latency = 1.4679620983448E7 (+/- 0) us 
Consensus latency = 2932.9732489999997 (+/- 267) us 
Pre-consensus latency = 0.0 (+/- 0) us 
Pos-consensus latency = 1.4677008611065E7 (+/- 0) us 
Propose latency = 547.579961 (+/- 48) us 
Write latency = 864.5754919999999 (+/- 280) us 
Accept latency = 1520.817796 (+/- 228) us 
Batch average size = NaN (+/- 0) requests
ConsensusMessage ByteCount = 1043277:15812
TOMMessage ByteCount = 56010708:98764
StandardSMMessage ByteCount = 302:17
LCMessage ByteCount = 45:9
--- Measurements after 118000 ops (1000 samples) ---
Throughput = 6578.9473 operations/sec (Maximum observed: 6622.5166 ops/sec)
Total latency = 1.4780212090358E7 (+/- 0) us 
Consensus latency = 2938.8978859999997 (+/- 253) us 
Pre-consensus latency = 0.0 (+/- 0) us 
Pos-consensus latency = 1.4777624446054E7 (+/- 0) us 
Propose latency = 580.961788 (+/- 48) us 
Write latency = 858.484842 (+/- 239) us 
Accept latency = 1499.451256 (+/- 205) us 
Batch average size = NaN (+/- 0) requests
ConsensusMessage ByteCount = 1052102:15945
TOMMessage ByteCount = 56010708:98764
StandardSMMessage ByteCount = 302:17
LCMessage ByteCount = 45:9
--- Measurements after 119000 ops (1000 samples) ---
Throughput = 6369.427 operations/sec (Maximum observed: 6622.5166 ops/sec)
Total latency = 1.4878841918143E7 (+/- 0) us 
Consensus latency = 2903.743507 (+/- 246) us 
Pre-consensus latency = 0.0 (+/- 0) us 
Pos-consensus latency = 1.4876294012772E7 (+/- 0) us 
Propose latency = 560.5964740000001 (+/- 76) us 
Write latency = 782.866657 (+/- 281) us 
Accept latency = 1560.280376 (+/- 335) us 
Batch average size = NaN (+/- 0) requests
ConsensusMessage ByteCount = 1060311:16070
TOMMessage ByteCount = 56010708:98764
StandardSMMessage ByteCount = 302:17
LCMessage ByteCount = 45:9
--- Measurements after 120000 ops (1000 samples) ---
Throughput = 6535.9478 operations/sec (Maximum observed: 6622.5166 ops/sec)
Total latency = 1.4974371031411E7 (+/- 0) us 
Consensus latency = 2636.216491 (+/- 443) us 
Pre-consensus latency = 0.0 (+/- 0) us 
Pos-consensus latency = 1.4972151402665E7 (+/- 0) us 
Propose latency = 646.217245 (+/- 178) us 
Write latency = 480.392909 (+/- 368) us 
Accept latency = 1509.6063370000002 (+/- 148) us 
Batch average size = NaN (+/- 0) requests
ConsensusMessage ByteCount = 1068539:16194
TOMMessage ByteCount = 56010708:98764
StandardSMMessage ByteCount = 302:17
LCMessage ByteCount = 45:9
--- Measurements after 121000 ops (1000 samples) ---
Throughput = 6410.2563 operations/sec (Maximum observed: 6622.5166 ops/sec)
Total latency = 1.5079070146778999E7 (+/- 0) us 
Consensus latency = 2771.619771 (+/- 284) us 
Pre-consensus latency = 0.0 (+/- 0) us 
Pos-consensus latency = 1.5076674371301001E7 (+/- 0) us 
Propose latency = 617.1255699999999 (+/- 110) us 
Write latency = 628.912149 (+/- 103) us 
Accept latency = 1525.582052 (+/- 242) us 
Batch average size = NaN (+/- 0) requests
ConsensusMessage ByteCount = 1076852:16320
TOMMessage ByteCount = 56010708:98764
StandardSMMessage ByteCount = 302:17
LCMessage ByteCount = 45:9
--- Measurements after 122000 ops (1000 samples) ---
Throughput = 6535.9478 operations/sec (Maximum observed: 6622.5166 ops/sec)
Total latency = 1.5177312983631E7 (+/- 0) us 
Consensus latency = 2701.361786 (+/- 218) us 
Pre-consensus latency = 0.0 (+/- 0) us 
Pos-consensus latency = 1.5174960726752E7 (+/- 0) us 
Propose latency = 572.048867 (+/- 80) us 
Write latency = 694.657111 (+/- 214) us 
Accept latency = 1434.655808 (+/- 175) us 
Batch average size = NaN (+/- 0) requests
ConsensusMessage ByteCount = 1085652:16454
TOMMessage ByteCount = 56010708:98764
StandardSMMessage ByteCount = 302:17
LCMessage ByteCount = 45:9
--- Measurements after 123000 ops (1000 samples) ---
Throughput = 6410.2563 operations/sec (Maximum observed: 6622.5166 ops/sec)
Total latency = 1.5277447772742001E7 (+/- 0) us 
Consensus latency = 2835.6914100000004 (+/- 225) us 
Pre-consensus latency = 0.0 (+/- 0) us 
Pos-consensus latency = 1.5274978455113001E7 (+/- 0) us 
Propose latency = 588.409659 (+/- 104) us 
Write latency = 687.6718370000001 (+/- 250) us 
Accept latency = 1559.6099140000001 (+/- 203) us 
Batch average size = NaN (+/- 0) requests
ConsensusMessage ByteCount = 1093957:16580
TOMMessage ByteCount = 56010708:98764
StandardSMMessage ByteCount = 302:17
LCMessage ByteCount = 45:9
--- Measurements after 124000 ops (1000 samples) ---
Throughput = 6369.427 operations/sec (Maximum observed: 6622.5166 ops/sec)
Total latency = 1.5375387714566E7 (+/- 0) us 
Consensus latency = 2909.12316 (+/- 290) us 
Pre-consensus latency = 0.0 (+/- 0) us 
Pos-consensus latency = 1.5372837080436E7 (+/- 0) us 
Propose latency = 590.31011 (+/- 136) us 
Write latency = 739.1877029999999 (+/- 333) us 
Accept latency = 1579.6253470000001 (+/- 165) us 
Batch average size = NaN (+/- 0) requests
ConsensusMessage ByteCount = 1102583:16710
TOMMessage ByteCount = 56010708:98764
StandardSMMessage ByteCount = 302:17
LCMessage ByteCount = 45:9
--- Measurements after 125000 ops (1000 samples) ---
Throughput = 6535.9478 operations/sec (Maximum observed: 6622.5166 ops/sec)
Total latency = 1.5473604267393999E7 (+/- 0) us 
Consensus latency = 2858.3479589999997 (+/- 286) us 
Pre-consensus latency = 0.0 (+/- 0) us 
Pos-consensus latency = 1.5471213537131E7 (+/- 0) us 
Propose latency = 783.36327 (+/- 506) us 
Write latency = 618.362593 (+/- 304) us 
Accept latency = 1456.6220959999998 (+/- 134) us 
Batch average size = NaN (+/- 0) requests
ConsensusMessage ByteCount = 1110507:16830
TOMMessage ByteCount = 56010708:98764
StandardSMMessage ByteCount = 302:17
LCMessage ByteCount = 45:9
--- Measurements after 126000 ops (1000 samples) ---
Throughput = 6410.2563 operations/sec (Maximum observed: 6622.5166 ops/sec)
Total latency = 1.5574311699124001E7 (+/- 0) us 
Consensus latency = 2720.944042 (+/- 217) us 
Pre-consensus latency = 0.0 (+/- 0) us 
Pos-consensus latency = 1.5571930152451001E7 (+/- 0) us 
Propose latency = 577.204599 (+/- 131) us 
Write latency = 681.03995 (+/- 282) us 
Accept latency = 1462.699493 (+/- 140) us 
Batch average size = NaN (+/- 0) requests
ConsensusMessage ByteCount = 1118823:16956
TOMMessage ByteCount = 56010708:98764
StandardSMMessage ByteCount = 302:17
LCMessage ByteCount = 50:10
--- Measurements after 127000 ops (1000 samples) ---
Throughput = 6578.9473 operations/sec (Maximum observed: 6622.5166 ops/sec)
Total latency = 1.567332311224E7 (+/- 0) us 
Consensus latency = 2732.815383 (+/- 241) us 
Pre-consensus latency = 0.0 (+/- 0) us 
Pos-consensus latency = 1.5670913326905001E7 (+/- 0) us 
Propose latency = 551.4059100000001 (+/- 47) us 
Write latency = 726.772922 (+/- 187) us 
Accept latency = 1454.636551 (+/- 165) us 
Batch average size = NaN (+/- 0) requests
ConsensusMessage ByteCount = 1127419:17087
TOMMessage ByteCount = 56010708:98764
StandardSMMessage ByteCount = 302:17
LCMessage ByteCount = 50:10
--- Measurements after 128000 ops (1000 samples) ---
Throughput = 6410.2563 operations/sec (Maximum observed: 6622.5166 ops/sec)
Total latency = 1.5773467414732E7 (+/- 0) us 
Consensus latency = 2814.9801970000003 (+/- 188) us 
Pre-consensus latency = 0.0 (+/- 0) us 
Pos-consensus latency = 1.5771020278311001E7 (+/- 0) us 
Propose latency = 588.231476 (+/- 83) us 
Write latency = 652.209521 (+/- 205) us 
Accept latency = 1574.5392 (+/- 157) us 
Batch average size = NaN (+/- 0) requests
ConsensusMessage ByteCount = 1135457:17208
TOMMessage ByteCount = 56010708:98764
StandardSMMessage ByteCount = 302:17
LCMessage ByteCount = 50:10
--- Measurements after 129000 ops (1000 samples) ---
Throughput = 6578.9473 operations/sec (Maximum observed: 6622.5166 ops/sec)
Total latency = 1.5871022598685E7 (+/- 0) us 
Consensus latency = 2708.660085 (+/- 201) us 
Pre-consensus latency = 0.0 (+/- 0) us 
Pos-consensus latency = 1.5868628345728E7 (+/- 0) us 
Propose latency = 536.803449 (+/- 54) us 
Write latency = 689.2521069999999 (+/- 196) us 
Accept latency = 1482.6045290000002 (+/- 120) us 
Batch average size = NaN (+/- 0) requests
ConsensusMessage ByteCount = 1143964:17337
TOMMessage ByteCount = 56010708:98764
StandardSMMessage ByteCount = 302:17
LCMessage ByteCount = 50:10
--- Measurements after 130000 ops (1000 samples) ---
Throughput = 6410.2563 operations/sec (Maximum observed: 6622.5166 ops/sec)
Total latency = 1.5970244391524E7 (+/- 0) us 
Consensus latency = 3258.543752 (+/- 1709) us 
Pre-consensus latency = 0.0 (+/- 0) us 
Pos-consensus latency = 1.5967408858334E7 (+/- 0) us 
Propose latency = 736.7145899999999 (+/- 393) us 
Write latency = 1163.126484 (+/- 1524) us 
Accept latency = 1358.702678 (+/- 360) us 
Batch average size = NaN (+/- 0) requests
ConsensusMessage ByteCount = 1152087:17460
TOMMessage ByteCount = 56010708:98764
StandardSMMessage ByteCount = 302:17
LCMessage ByteCount = 50:10
--- Measurements after 131000 ops (1000 samples) ---
Throughput = 6410.2563 operations/sec (Maximum observed: 6622.5166 ops/sec)
Total latency = 1.6065908050417999E7 (+/- 0) us 
Consensus latency = 2722.259833 (+/- 582) us 
Pre-consensus latency = 0.0 (+/- 0) us 
Pos-consensus latency = 1.606355587424E7 (+/- 0) us 
Propose latency = 760.420643 (+/- 528) us 
Write latency = 469.176228 (+/- 282) us 
Accept latency = 1492.662962 (+/- 127) us 
Batch average size = NaN (+/- 0) requests
ConsensusMessage ByteCount = 1160602:17589
TOMMessage ByteCount = 56010708:98764
StandardSMMessage ByteCount = 302:17
LCMessage ByteCount = 50:10
--- Measurements after 132000 ops (1000 samples) ---
Throughput = 6578.9473 operations/sec (Maximum observed: 6622.5166 ops/sec)
Total latency = 1.6165747727535998E7 (+/- 0) us 
Consensus latency = 2771.331227 (+/- 240) us 
Pre-consensus latency = 0.0 (+/- 0) us 
Pos-consensus latency = 1.6163323004328E7 (+/- 0) us 
Propose latency = 557.925996 (+/- 72) us 
Write latency = 687.338966 (+/- 304) us 
Accept latency = 1526.066265 (+/- 191) us 
Batch average size = NaN (+/- 0) requests
ConsensusMessage ByteCount = 1167929:17700
TOMMessage ByteCount = 56010708:98764
StandardSMMessage ByteCount = 302:17
LCMessage ByteCount = 50:10
--- Measurements after 133000 ops (1000 samples) ---
Throughput = 6410.2563 operations/sec (Maximum observed: 6622.5166 ops/sec)
Total latency = 1.6263614872871E7 (+/- 0) us 
Consensus latency = 2721.0615329999996 (+/- 213) us 
Pre-consensus latency = 0.0 (+/- 0) us 
Pos-consensus latency = 1.6261272392034E7 (+/- 0) us 
Propose latency = 581.606649 (+/- 75) us 
Write latency = 706.998042 (+/- 301) us 
Accept latency = 1432.456842 (+/- 170) us 
Batch average size = NaN (+/- 0) requests
ConsensusMessage ByteCount = 1176450:17829
TOMMessage ByteCount = 56010708:98764
StandardSMMessage ByteCount = 302:17
LCMessage ByteCount = 50:10
--- Measurements after 134000 ops (1000 samples) ---
Throughput = 6535.9478 operations/sec (Maximum observed: 6622.5166 ops/sec)
Total latency = 1.6361991985267E7 (+/- 0) us 
Consensus latency = 2553.637211 (+/- 246) us 
Pre-consensus latency = 0.0 (+/- 0) us 
Pos-consensus latency = 1.6359789438040001E7 (+/- 0) us 
Propose latency = 579.868024 (+/- 53) us 
Write latency = 579.11883 (+/- 201) us 
Accept latency = 1394.650357 (+/- 210) us 
Batch average size = NaN (+/- 0) requests
ConsensusMessage ByteCount = 1184361:17949
TOMMessage ByteCount = 56010708:98764
StandardSMMessage ByteCount = 302:17
LCMessage ByteCount = 50:10
--- Measurements after 135000 ops (1000 samples) ---
Throughput = 6410.2563 operations/sec (Maximum observed: 6622.5166 ops/sec)
Total latency = 1.6460337482579E7 (+/- 0) us 
Consensus latency = 2752.266652 (+/- 178) us 
Pre-consensus latency = 0.0 (+/- 0) us 
Pos-consensus latency = 1.6457956022703E7 (+/- 0) us 
Propose latency = 589.755625 (+/- 106) us 
Write latency = 732.527604 (+/- 176) us 
Accept latency = 1429.983423 (+/- 157) us 
Batch average size = NaN (+/- 0) requests
ConsensusMessage ByteCount = 1192862:18078
TOMMessage ByteCount = 56010708:98764
StandardSMMessage ByteCount = 302:17
LCMessage ByteCount = 50:10
--- Measurements after 136000 ops (1000 samples) ---
Throughput = 6535.9478 operations/sec (Maximum observed: 6622.5166 ops/sec)
Total latency = 1.6557143890529E7 (+/- 0) us 
Consensus latency = 3059.709827 (+/- 2412) us 
Pre-consensus latency = 0.0 (+/- 0) us 
Pos-consensus latency = 1.6554422263734E7 (+/- 0) us 
Propose latency = 548.152073 (+/- 73) us 
Write latency = 538.543488 (+/- 354) us 
Accept latency = 1973.0142660000001 (+/- 2322) us 
Batch average size = NaN (+/- 0) requests
ConsensusMessage ByteCount = 1200863:18200
TOMMessage ByteCount = 56010708:98764
StandardSMMessage ByteCount = 302:17
LCMessage ByteCount = 50:10
--- Measurements after 137000 ops (1000 samples) ---
Throughput = 6410.2563 operations/sec (Maximum observed: 6622.5166 ops/sec)
Total latency = 1.6659799978759E7 (+/- 0) us 
Consensus latency = 2594.464881 (+/- 229) us 
Pre-consensus latency = 0.0 (+/- 0) us 
Pos-consensus latency = 1.6657528244464E7 (+/- 0) us 
Propose latency = 500.497341 (+/- 83) us 
Write latency = 617.313423 (+/- 265) us 
Accept latency = 1476.654117 (+/- 169) us 
Batch average size = NaN (+/- 0) requests
ConsensusMessage ByteCount = 1209090:18324
TOMMessage ByteCount = 56010708:98764
StandardSMMessage ByteCount = 302:17
LCMessage ByteCount = 50:10
--- Measurements after 138000 ops (1000 samples) ---
Throughput = 6369.427 operations/sec (Maximum observed: 6622.5166 ops/sec)
Total latency = 1.6758414986992E7 (+/- 0) us 
Consensus latency = 2623.944326 (+/- 281) us 
Pre-consensus latency = 0.0 (+/- 0) us 
Pos-consensus latency = 1.6756128500548E7 (+/- 0) us 
Propose latency = 526.13019 (+/- 66) us 
Write latency = 643.8662380000001 (+/- 182) us 
Accept latency = 1453.9478980000001 (+/- 219) us 
Batch average size = NaN (+/- 0) requests
ConsensusMessage ByteCount = 1217807:18456
TOMMessage ByteCount = 56010708:98764
StandardSMMessage ByteCount = 302:17
LCMessage ByteCount = 50:10
--- Measurements after 139000 ops (1000 samples) ---
Throughput = 6535.9478 operations/sec (Maximum observed: 6622.5166 ops/sec)
Total latency = 1.6857636292257E7 (+/- 0) us 
Consensus latency = 2733.654673 (+/- 183) us 
Pre-consensus latency = 0.0 (+/- 0) us 
Pos-consensus latency = 1.6855273241012E7 (+/- 0) us 
Propose latency = 584.4989 (+/- 88) us 
Write latency = 740.587189 (+/- 207) us 
Accept latency = 1408.568584 (+/- 158) us 
Batch average size = NaN (+/- 0) requests
ConsensusMessage ByteCount = 1225175:18568
TOMMessage ByteCount = 56010708:98764
StandardSMMessage ByteCount = 302:17
LCMessage ByteCount = 55:11
--- Measurements after 140000 ops (1000 samples) ---
Throughput = 6410.2563 operations/sec (Maximum observed: 6622.5166 ops/sec)
Total latency = 1.6954783949497998E7 (+/- 0) us 
Consensus latency = 2902.9235479999998 (+/- 423) us 
Pre-consensus latency = 0.0 (+/- 0) us 
Pos-consensus latency = 1.6952321554829E7 (+/- 0) us 
Propose latency = 738.085791 (+/- 266) us 
Write latency = 661.16791 (+/- 240) us 
Accept latency = 1503.6698470000001 (+/- 162) us 
Batch average size = NaN (+/- 0) requests
ConsensusMessage ByteCount = 1233732:18698
TOMMessage ByteCount = 56010708:98764
StandardSMMessage ByteCount = 302:17
LCMessage ByteCount = 55:11
--- Measurements after 141000 ops (1000 samples) ---
Throughput = 6578.9473 operations/sec (Maximum observed: 6622.5166 ops/sec)
Total latency = 1.7055236154753998E7 (+/- 0) us 
Consensus latency = 2577.678825 (+/- 252) us 
Pre-consensus latency = 0.0 (+/- 0) us 
Pos-consensus latency = 1.7053017472212E7 (+/- 0) us 
Propose latency = 576.473406 (+/- 60) us 
Write latency = 535.899652 (+/- 202) us 
Accept latency = 1465.305767 (+/- 158) us 
Batch average size = NaN (+/- 0) requests
ConsensusMessage ByteCount = 1241572:18816
TOMMessage ByteCount = 56010708:98764
StandardSMMessage ByteCount = 302:17
LCMessage ByteCount = 55:11
--- Measurements after 142000 ops (1000 samples) ---
Throughput = 6410.2563 operations/sec (Maximum observed: 6622.5166 ops/sec)
Total latency = 1.7152327454249002E7 (+/- 0) us 
Consensus latency = 3586.3427370000004 (+/- 3009) us 
Pre-consensus latency = 0.0 (+/- 0) us 
Pos-consensus latency = 1.7149090697593E7 (+/- 0) us 
Propose latency = 594.607818 (+/- 125) us 
Write latency = 555.955108 (+/- 410) us 
Accept latency = 2435.7798110000003 (+/- 3134) us 
Batch average size = NaN (+/- 0) requests
ConsensusMessage ByteCount = 1250082:18945
TOMMessage ByteCount = 56010708:98764
StandardSMMessage ByteCount = 302:17
LCMessage ByteCount = 55:11
--- Measurements after 143000 ops (1000 samples) ---
Throughput = 6369.427 operations/sec (Maximum observed: 6622.5166 ops/sec)
Total latency = 1.7252058984122E7 (+/- 0) us 
Consensus latency = 2528.547263 (+/- 278) us 
Pre-consensus latency = 0.0 (+/- 0) us 
Pos-consensus latency = 1.7249867934325002E7 (+/- 0) us 
Propose latency = 545.070283 (+/- 56) us 
Write latency = 632.078499 (+/- 262) us 
Accept latency = 1351.398481 (+/- 146) us 
Batch average size = NaN (+/- 0) requests
ConsensusMessage ByteCount = 1258479:19073
TOMMessage ByteCount = 56010708:98764
StandardSMMessage ByteCount = 302:17
LCMessage ByteCount = 55:11
--- Measurements after 144000 ops (1000 samples) ---
Throughput = 6578.9473 operations/sec (Maximum observed: 6622.5166 ops/sec)
Total latency = 1.7351787072348E7 (+/- 0) us 
Consensus latency = 2684.504736 (+/- 280) us 
Pre-consensus latency = 0.0 (+/- 0) us 
Pos-consensus latency = 1.73494396854E7 (+/- 0) us 
Propose latency = 562.610208 (+/- 92) us 
Write latency = 708.445912 (+/- 308) us 
Accept latency = 1413.448616 (+/- 145) us 
Batch average size = NaN (+/- 0) requests
ConsensusMessage ByteCount = 1267312:19206
TOMMessage ByteCount = 56010708:98764
StandardSMMessage ByteCount = 302:17
LCMessage ByteCount = 55:11
--- Measurements after 145000 ops (1000 samples) ---
Throughput = 6410.2563 operations/sec (Maximum observed: 6622.5166 ops/sec)
Total latency = 1.7447402583274E7 (+/- 0) us 
Consensus latency = 2915.555249 (+/- 630) us 
Pre-consensus latency = 0.0 (+/- 0) us 
Pos-consensus latency = 1.7445009632796E7 (+/- 0) us 
Propose latency = 874.8301720000001 (+/- 394) us 
Write latency = 628.6810330000001 (+/- 336) us 
Accept latency = 1412.044044 (+/- 149) us 
Batch average size = NaN (+/- 0) requests
ConsensusMessage ByteCount = 1275713:19334
TOMMessage ByteCount = 56010708:98764
StandardSMMessage ByteCount = 302:17
LCMessage ByteCount = 55:11
--- Measurements after 146000 ops (1000 samples) ---
Throughput = 6535.9478 operations/sec (Maximum observed: 6622.5166 ops/sec)
Total latency = 1.7549194340827E7 (+/- 0) us 
Consensus latency = 2617.9087409999997 (+/- 190) us 
Pre-consensus latency = 0.0 (+/- 0) us 
Pos-consensus latency = 1.7546927057884E7 (+/- 0) us 
Propose latency = 585.1404279999999 (+/- 41) us 
Write latency = 599.090199 (+/- 266) us 
Accept latency = 1433.678114 (+/- 161) us 
Batch average size = NaN (+/- 0) requests
ConsensusMessage ByteCount = 1284146:19461
TOMMessage ByteCount = 56010708:98764
StandardSMMessage ByteCount = 302:17
LCMessage ByteCount = 55:11
--- Measurements after 147000 ops (1000 samples) ---
Throughput = 6410.2563 operations/sec (Maximum observed: 6622.5166 ops/sec)
Total latency = 1.7644473415838E7 (+/- 0) us 
Consensus latency = 3201.2931409999997 (+/- 3107) us 
Pre-consensus latency = 0.0 (+/- 0) us 
Pos-consensus latency = 1.7641625965340998E7 (+/- 0) us 
Propose latency = 589.922272 (+/- 94) us 
Write latency = 354.098799 (+/- 319) us 
Accept latency = 2257.27207 (+/- 3071) us 
Batch average size = NaN (+/- 0) requests
ConsensusMessage ByteCount = 1292463:19587
TOMMessage ByteCount = 56010708:98764
StandardSMMessage ByteCount = 302:17
LCMessage ByteCount = 55:11
--- Measurements after 148000 ops (1000 samples) ---
Throughput = 6578.9473 operations/sec (Maximum observed: 6622.5166 ops/sec)
Total latency = 1.7745237633605E7 (+/- 0) us 
Consensus latency = 2751.834683 (+/- 190) us 
Pre-consensus latency = 0.0 (+/- 0) us 
Pos-consensus latency = 1.7742823329069E7 (+/- 0) us 
Propose latency = 527.3613839999999 (+/- 81) us 
Write latency = 685.743885 (+/- 175) us 
Accept latency = 1538.7294140000001 (+/- 169) us 
Batch average size = NaN (+/- 0) requests
ConsensusMessage ByteCount = 1300774:19713
TOMMessage ByteCount = 56010708:98764
StandardSMMessage ByteCount = 302:17
LCMessage ByteCount = 55:11
--- Measurements after 149000 ops (1000 samples) ---
Throughput = 6410.2563 operations/sec (Maximum observed: 6622.5166 ops/sec)
Total latency = 1.7844286744631E7 (+/- 0) us 
Consensus latency = 2694.458398 (+/- 256) us 
Pre-consensus latency = 0.0 (+/- 0) us 
Pos-consensus latency = 1.784193555583E7 (+/- 0) us 
Propose latency = 542.921508 (+/- 55) us 
Write latency = 706.2476700000001 (+/- 212) us 
Accept latency = 1445.28922 (+/- 225) us 
Batch average size = NaN (+/- 0) requests
ConsensusMessage ByteCount = 1309091:19839
TOMMessage ByteCount = 56010708:98764
StandardSMMessage ByteCount = 302:17
LCMessage ByteCount = 55:11
--- Measurements after 150000 ops (1000 samples) ---
Throughput = 6410.2563 operations/sec (Maximum observed: 6622.5166 ops/sec)
Total latency = 1.794051820695E7 (+/- 0) us 
Consensus latency = 2810.018113 (+/- 233) us 
Pre-consensus latency = 0.0 (+/- 0) us 
Pos-consensus latency = 1.7938058448932E7 (+/- 0) us 
Propose latency = 571.340131 (+/- 114) us 
Write latency = 707.667822 (+/- 321) us 
Accept latency = 1531.0101599999998 (+/- 164) us 
Batch average size = NaN (+/- 0) requests
ConsensusMessage ByteCount = 1317606:19968
TOMMessage ByteCount = 56010708:98764
StandardSMMessage ByteCount = 302:17
LCMessage ByteCount = 55:11
--- Measurements after 151000 ops (1000 samples) ---
Throughput = 6578.9473 operations/sec (Maximum observed: 6622.5166 ops/sec)
Total latency = 1.8041003489909E7 (+/- 0) us 
Consensus latency = 2719.49789 (+/- 285) us 
Pre-consensus latency = 0.0 (+/- 0) us 
Pos-consensus latency = 1.8038594785285E7 (+/- 0) us 
Propose latency = 506.762151 (+/- 92) us 
Write latency = 816.878927 (+/- 208) us 
Accept latency = 1395.856812 (+/- 202) us 
Batch average size = NaN (+/- 0) requests
ConsensusMessage ByteCount = 1325520:20088
TOMMessage ByteCount = 56010708:98764
StandardSMMessage ByteCount = 302:17
LCMessage ByteCount = 55:11
--- Measurements after 152000 ops (1000 samples) ---
Throughput = 6410.2563 operations/sec (Maximum observed: 6622.5166 ops/sec)
Total latency = 1.814010474928E7 (+/- 0) us 
Consensus latency = 2642.3538599999997 (+/- 278) us 
Pre-consensus latency = 0.0 (+/- 0) us 
Pos-consensus latency = 1.8137796481781E7 (+/- 0) us 
Propose latency = 570.351583 (+/- 89) us 
Write latency = 570.615028 (+/- 230) us 
Accept latency = 1501.387249 (+/- 233) us 
Batch average size = NaN (+/- 0) requests
ConsensusMessage ByteCount = 1333832:20214
TOMMessage ByteCount = 56010708:98764
StandardSMMessage ByteCount = 302:17
LCMessage ByteCount = 55:11
--- Measurements after 153000 ops (1000 samples) ---
Throughput = 6578.9473 operations/sec (Maximum observed: 6622.5166 ops/sec)
Total latency = 1.8239645606291E7 (+/- 0) us 
Consensus latency = 2645.552081 (+/- 273) us 
Pre-consensus latency = 0.0 (+/- 0) us 
Pos-consensus latency = 1.8237357834285E7 (+/- 0) us 
Propose latency = 564.998396 (+/- 103) us 
Write latency = 586.5273050000001 (+/- 244) us 
Accept latency = 1494.0263799999998 (+/- 170) us 
Batch average size = NaN (+/- 0) requests
ConsensusMessage ByteCount = 1342142:20340
TOMMessage ByteCount = 56010708:98764
StandardSMMessage ByteCount = 302:17
LCMessage ByteCount = 55:11
--- Measurements after 154000 ops (1000 samples) ---
Throughput = 6451.613 operations/sec (Maximum observed: 6622.5166 ops/sec)
Total latency = 1.8339455062104E7 (+/- 0) us 
Consensus latency = 2759.198371 (+/- 220) us 
Pre-consensus latency = 0.0 (+/- 0) us 
Pos-consensus latency = 1.83370251811E7 (+/- 0) us 
Propose latency = 567.4988179999999 (+/- 125) us 
Write latency = 653.389281 (+/- 196) us 
Accept latency = 1538.3102720000002 (+/- 199) us 
Batch average size = NaN (+/- 0) requests
ConsensusMessage ByteCount = 1349944:20459
TOMMessage ByteCount = 56010708:98764
StandardSMMessage ByteCount = 302:17
LCMessage ByteCount = 55:11
--- Measurements after 155000 ops (1000 samples) ---
Throughput = 6451.613 operations/sec (Maximum observed: 6622.5166 ops/sec)
Total latency = 1.8436207420325E7 (+/- 0) us 
Consensus latency = 2851.554892 (+/- 245) us 
Pre-consensus latency = 0.0 (+/- 0) us 
Pos-consensus latency = 1.8433722864303E7 (+/- 0) us 
Propose latency = 572.771443 (+/- 111) us 
Write latency = 802.005888 (+/- 235) us 
Accept latency = 1476.7775609999999 (+/- 154) us 
Batch average size = NaN (+/- 0) requests
ConsensusMessage ByteCount = 1358566:20589
TOMMessage ByteCount = 56010708:98764
StandardSMMessage ByteCount = 302:17
LCMessage ByteCount = 55:11
--- Measurements after 156000 ops (1000 samples) ---
Throughput = 6578.9473 operations/sec (Maximum observed: 6622.5166 ops/sec)
Total latency = 1.8535832931931E7 (+/- 0) us 
Consensus latency = 2785.482493 (+/- 196) us 
Pre-consensus latency = 0.0 (+/- 0) us 
Pos-consensus latency = 1.8533382354916E7 (+/- 0) us 
Propose latency = 555.938855 (+/- 68) us 
Write latency = 744.256864 (+/- 132) us 
Accept latency = 1485.286774 (+/- 146) us 
Batch average size = NaN (+/- 0) requests
ConsensusMessage ByteCount = 1367084:20718
TOMMessage ByteCount = 56010708:98764
StandardSMMessage ByteCount = 302:17
LCMessage ByteCount = 55:11
--- Measurements after 157000 ops (1000 samples) ---
Throughput = 6410.2563 operations/sec (Maximum observed: 6622.5166 ops/sec)
Total latency = 1.863349749919E7 (+/- 0) us 
Consensus latency = 2834.8659700000003 (+/- 153) us 
Pre-consensus latency = 0.0 (+/- 0) us 
Pos-consensus latency = 1.8630999548926E7 (+/- 0) us 
Propose latency = 546.1886139999999 (+/- 61) us 
Write latency = 731.664274 (+/- 183) us 
Accept latency = 1557.013082 (+/- 180) us 
Batch average size = NaN (+/- 0) requests
ConsensusMessage ByteCount = 1375595:20847
TOMMessage ByteCount = 56010708:98764
StandardSMMessage ByteCount = 302:17
LCMessage ByteCount = 55:11
--- Measurements after 158000 ops (1000 samples) ---
Throughput = 6578.9473 operations/sec (Maximum observed: 6622.5166 ops/sec)
Total latency = 1.8730412744986E7 (+/- 0) us 
Consensus latency = 3138.237895 (+/- 2103) us 
Pre-consensus latency = 0.0 (+/- 0) us 
Pos-consensus latency = 1.8728006027703E7 (+/- 0) us 
Propose latency = 942.487843 (+/- 1471) us 
Write latency = 546.462365 (+/- 372) us 
Accept latency = 1649.287687 (+/- 725) us 
Batch average size = NaN (+/- 0) requests
ConsensusMessage ByteCount = 1383316:20964
TOMMessage ByteCount = 56010708:98764
StandardSMMessage ByteCount = 302:17
LCMessage ByteCount = 55:11
--- Measurements after 159000 ops (1000 samples) ---
Throughput = 6410.2563 operations/sec (Maximum observed: 6622.5166 ops/sec)
Total latency = 1.8831621086945E7 (+/- 0) us 
Consensus latency = 2860.838079 (+/- 200) us 
Pre-consensus latency = 0.0 (+/- 0) us 
Pos-consensus latency = 1.8829102403853E7 (+/- 0) us 
Propose latency = 547.379824 (+/- 89) us 
Write latency = 822.549882 (+/- 221) us 
Accept latency = 1490.908373 (+/- 162) us 
Batch average size = NaN (+/- 0) requests
ConsensusMessage ByteCount = 1392230:21099
TOMMessage ByteCount = 56010708:98764
StandardSMMessage ByteCount = 302:17
LCMessage ByteCount = 60:12
--- Measurements after 160000 ops (1000 samples) ---
Throughput = 6410.2563 operations/sec (Maximum observed: 6622.5166 ops/sec)
Total latency = 1.8928489450921003E7 (+/- 0) us 
Consensus latency = 2890.923146 (+/- 245) us 
Pre-consensus latency = 0.0 (+/- 0) us 
Pos-consensus latency = 1.8926022878741E7 (+/- 0) us 
Propose latency = 714.049541 (+/- 302) us 
Write latency = 727.293304 (+/- 219) us 
Accept latency = 1449.580301 (+/- 98) us 
Batch average size = NaN (+/- 0) requests
ConsensusMessage ByteCount = 1400939:21231
TOMMessage ByteCount = 56010708:98764
StandardSMMessage ByteCount = 302:17
LCMessage ByteCount = 60:12
--- Measurements after 161000 ops (1000 samples) ---
Throughput = 6578.9473 operations/sec (Maximum observed: 6622.5166 ops/sec)
Total latency = 1.9029009326555E7 (+/- 0) us 
Consensus latency = 2857.553856 (+/- 254) us 
Pre-consensus latency = 0.0 (+/- 0) us 
Pos-consensus latency = 1.9026449101126E7 (+/- 0) us 
Propose latency = 474.473673 (+/- 114) us 
Write latency = 809.1756809999999 (+/- 202) us 
Accept latency = 1573.904502 (+/- 138) us 
Batch average size = NaN (+/- 0) requests
ConsensusMessage ByteCount = 1410324:21374
TOMMessage ByteCount = 56010708:98764
StandardSMMessage ByteCount = 302:17
LCMessage ByteCount = 60:12
--- Measurements after 162000 ops (1000 samples) ---
Throughput = 6493.5063 operations/sec (Maximum observed: 6622.5166 ops/sec)
Total latency = 1.9125196749965E7 (+/- 0) us 
Consensus latency = 2835.5287719999997 (+/- 192) us 
Pre-consensus latency = 0.0 (+/- 0) us 
Pos-consensus latency = 1.9122666344598997E7 (+/- 0) us 
Propose latency = 473.332632 (+/- 85) us 
Write latency = 844.70224 (+/- 193) us 
Accept latency = 1517.4939 (+/- 173) us 
Batch average size = NaN (+/- 0) requests
ConsensusMessage ByteCount = 1420338:21525
TOMMessage ByteCount = 56010708:98764
StandardSMMessage ByteCount = 302:17
LCMessage ByteCount = 60:12
--- Measurements after 163000 ops (1000 samples) ---
Throughput = 6944.4443 operations/sec (Maximum observed: 6944.4443 ops/sec)
Total latency = 1.9216323764530998E7 (+/- 0) us 
Consensus latency = 3369.925592 (+/- 2836) us 
Pre-consensus latency = 0.0 (+/- 0) us 
Pos-consensus latency = 1.9213277378321998E7 (+/- 0) us 
Propose latency = 526.2151899999999 (+/- 104) us 
Write latency = 1261.852049 (+/- 2556) us 
Accept latency = 1581.8583529999999 (+/- 347) us 
Batch average size = NaN (+/- 0) requests
ConsensusMessage ByteCount = 1429447:21663
TOMMessage ByteCount = 56010708:98764
StandardSMMessage ByteCount = 302:17
LCMessage ByteCount = 60:12
--- Measurements after 164000 ops (1000 samples) ---
Throughput = 7042.2534 operations/sec (Maximum observed: 7042.2534 ops/sec)
Total latency = 1.9305439026404E7 (+/- 0) us 
Consensus latency = 2633.7391310000003 (+/- 253) us 
Pre-consensus latency = 0.0 (+/- 0) us 
Pos-consensus latency = 1.930314000821E7 (+/- 0) us 
Propose latency = 648.9559499999999 (+/- 336) us 
Write latency = 529.8306580000001 (+/- 325) us 
Accept latency = 1454.9525230000002 (+/- 163) us 
Batch average size = NaN (+/- 0) requests
ConsensusMessage ByteCount = 1437754:21789
TOMMessage ByteCount = 56010708:98764
StandardSMMessage ByteCount = 302:17
LCMessage ByteCount = 60:12
--- Measurements after 165000 ops (1000 samples) ---
Throughput = 7352.9414 operations/sec (Maximum observed: 7352.9414 ops/sec)
Total latency = 1.9387564964623E7 (+/- 0) us 
Consensus latency = 2728.7971979999998 (+/- 217) us 
Pre-consensus latency = 0.0 (+/- 0) us 
Pos-consensus latency = 1.9385217295585E7 (+/- 0) us 
Propose latency = 705.8681700000001 (+/- 416) us 
Write latency = 622.0868419999999 (+/- 274) us 
Accept latency = 1400.842186 (+/- 108) us 
Batch average size = NaN (+/- 0) requests
ConsensusMessage ByteCount = 1443890:21882
TOMMessage ByteCount = 56010708:98764
StandardSMMessage ByteCount = 302:17
LCMessage ByteCount = 60:12
--- Measurements after 166000 ops (1000 samples) ---
Throughput = 8130.0815 operations/sec (Maximum observed: 8130.0815 ops/sec)
Total latency = 1.9462190832205E7 (+/- 0) us 
Consensus latency = 2790.634682 (+/- 240) us 
Pre-consensus latency = 0.0 (+/- 0) us 
Pos-consensus latency = 1.9459741045605E7 (+/- 0) us 
Propose latency = 504.16959499999996 (+/- 91) us 
Write latency = 790.722523 (+/- 208) us 
Accept latency = 1495.742564 (+/- 127) us 
Batch average size = NaN (+/- 0) requests
ConsensusMessage ByteCount = 1443890:21882
TOMMessage ByteCount = 56010708:98764
StandardSMMessage ByteCount = 302:17
LCMessage ByteCount = 60:12
--- Measurements after 167000 ops (1000 samples) ---
Throughput = 8771.93 operations/sec (Maximum observed: 8771.93 ops/sec)
Total latency = 1.9522959787576E7 (+/- 0) us 
Consensus latency = 2813.023816 (+/- 146) us 
Pre-consensus latency = 0.0 (+/- 0) us 
Pos-consensus latency = 1.9520516857286997E7 (+/- 0) us 
Propose latency = 580.172146 (+/- 83) us 
Write latency = 731.375284 (+/- 167) us 
Accept latency = 1501.476386 (+/- 113) us 
Batch average size = NaN (+/- 0) requests
ConsensusMessage ByteCount = 1443890:21882
TOMMessage ByteCount = 56010708:98764
StandardSMMessage ByteCount = 302:17
LCMessage ByteCount = 60:12
--- Measurements after 168000 ops (1000 samples) ---
Throughput = 8333.333 operations/sec (Maximum observed: 8771.93 ops/sec)
Total latency = 1.9587012792898998E7 (+/- 0) us 
Consensus latency = 2642.860849 (+/- 298) us 
Pre-consensus latency = 0.0 (+/- 0) us 
Pos-consensus latency = 1.9584721073655996E7 (+/- 0) us 
Propose latency = 539.708701 (+/- 67) us 
Write latency = 676.729972 (+/- 290) us 
Accept latency = 1426.422176 (+/- 174) us 
Batch average size = NaN (+/- 0) requests
ConsensusMessage ByteCount = 1443890:21882
TOMMessage ByteCount = 56010708:98764
StandardSMMessage ByteCount = 302:17
LCMessage ByteCount = 60:12
--- Measurements after 169000 ops (1000 samples) ---
Throughput = 8620.689 operations/sec (Maximum observed: 8771.93 ops/sec)
Total latency = 1.9644184870948E7 (+/- 0) us 
Consensus latency = 3477.746167 (+/- 2216) us 
Pre-consensus latency = 0.0 (+/- 0) us 
Pos-consensus latency = 1.9641811185424E7 (+/- 0) us 
Propose latency = 1478.942413 (+/- 2347) us 
Write latency = 566.879647 (+/- 287) us 
Accept latency = 1431.924107 (+/- 256) us 
Batch average size = NaN (+/- 0) requests
ConsensusMessage ByteCount = 1443890:21882
TOMMessage ByteCount = 56010708:98764
StandardSMMessage ByteCount = 302:17
LCMessage ByteCount = 60:12
--- Measurements after 170000 ops (1000 samples) ---
Throughput = 7751.938 operations/sec (Maximum observed: 8771.93 ops/sec)
Total latency = 1.9712748864641998E7 (+/- 0) us 
Consensus latency = 2926.95932 (+/- 344) us 
Pre-consensus latency = 0.0 (+/- 0) us 
Pos-consensus latency = 1.9710227633873E7 (+/- 0) us 
Propose latency = 655.916235 (+/- 116) us 
Write latency = 698.014951 (+/- 195) us 
Accept latency = 1573.0281340000001 (+/- 182) us 
Batch average size = NaN (+/- 0) requests
ConsensusMessage ByteCount = 1443890:21882
TOMMessage ByteCount = 56010708:98764
StandardSMMessage ByteCount = 302:17
LCMessage ByteCount = 60:12
--- Measurements after 171000 ops (1000 samples) ---
Throughput = 8196.722 operations/sec (Maximum observed: 8771.93 ops/sec)
Total latency = 1.9781371064599E7 (+/- 0) us 
Consensus latency = 2708.444383 (+/- 219) us 
Pre-consensus latency = 0.0 (+/- 0) us 
Pos-consensus latency = 1.9779016644943003E7 (+/- 0) us 
Propose latency = 557.0087 (+/- 88) us 
Write latency = 631.124047 (+/- 265) us 
Accept latency = 1520.311636 (+/- 186) us 
Batch average size = NaN (+/- 0) requests
ConsensusMessage ByteCount = 1443890:21882
TOMMessage ByteCount = 56010708:98764
StandardSMMessage ByteCount = 302:17
LCMessage ByteCount = 60:12
--- Measurements after 172000 ops (1000 samples) ---
Throughput = 8547.009 operations/sec (Maximum observed: 8771.93 ops/sec)
Total latency = 1.9847180840400003E7 (+/- 0) us 
Consensus latency = 2681.9329700000003 (+/- 269) us 
Pre-consensus latency = 0.0 (+/- 0) us 
Pos-consensus latency = 1.9844828638452E7 (+/- 0) us 
Propose latency = 523.315878 (+/- 69) us 
Write latency = 734.349304 (+/- 301) us 
Accept latency = 1424.2677879999999 (+/- 163) us 
Batch average size = NaN (+/- 0) requests
ConsensusMessage ByteCount = 1443890:21882
TOMMessage ByteCount = 56010708:98764
StandardSMMessage ByteCount = 302:17
LCMessage ByteCount = 60:12
--- Measurements after 173000 ops (1000 samples) ---
Throughput = 8403.361 operations/sec (Maximum observed: 8771.93 ops/sec)
Total latency = 1.9905790165486E7 (+/- 0) us 
Consensus latency = 2653.6794900000004 (+/- 231) us 
Pre-consensus latency = 0.0 (+/- 0) us 
Pos-consensus latency = 1.9903472154796E7 (+/- 0) us 
Propose latency = 562.006751 (+/- 120) us 
Write latency = 627.2923689999999 (+/- 225) us 
Accept latency = 1464.38037 (+/- 217) us 
Batch average size = NaN (+/- 0) requests
ConsensusMessage ByteCount = 1443890:21882
TOMMessage ByteCount = 56010708:98764
StandardSMMessage ByteCount = 302:17
LCMessage ByteCount = 60:12
--- Measurements after 174000 ops (1000 samples) ---
Throughput = 8928.571 operations/sec (Maximum observed: 8928.571 ops/sec)
Total latency = 1.9966438230404E7 (+/- 0) us 
Consensus latency = 3216.082491 (+/- 1653) us 
Pre-consensus latency = 0.0 (+/- 0) us 
Pos-consensus latency = 1.9963569211924E7 (+/- 0) us 
Propose latency = 880.801036 (+/- 950) us 
Write latency = 513.496631 (+/- 317) us 
Accept latency = 1821.784824 (+/- 1526) us 
Batch average size = NaN (+/- 0) requests
ConsensusMessage ByteCount = 1443890:21882
TOMMessage ByteCount = 56010708:98764
StandardSMMessage ByteCount = 302:17
LCMessage ByteCount = 60:12
--- Measurements after 175000 ops (1000 samples) ---
Throughput = 8403.361 operations/sec (Maximum observed: 8928.571 ops/sec)
Total latency = 2.0024573997633E7 (+/- 0) us 
Consensus latency = 2977.145082 (+/- 573) us 
Pre-consensus latency = 0.0 (+/- 0) us 
Pos-consensus latency = 2.0022039657861E7 (+/- 0) us 
Propose latency = 709.080511 (+/- 204) us 
Write latency = 713.791399 (+/- 340) us 
Accept latency = 1554.273172 (+/- 195) us 
Batch average size = NaN (+/- 0) requests
ConsensusMessage ByteCount = 1443890:21882
TOMMessage ByteCount = 56010708:98764
StandardSMMessage ByteCount = 302:17
LCMessage ByteCount = 60:12
--- Measurements after 176000 ops (1000 samples) ---
Throughput = 8849.558 operations/sec (Maximum observed: 8928.571 ops/sec)
Total latency = 2.0090364092937E7 (+/- 0) us 
Consensus latency = 2792.888477 (+/- 214) us 
Pre-consensus latency = 0.0 (+/- 0) us 
Pos-consensus latency = 2.0087915265151E7 (+/- 0) us 
Propose latency = 576.726041 (+/- 90) us 
Write latency = 693.4716800000001 (+/- 222) us 
Accept latency = 1522.690756 (+/- 167) us 
Batch average size = NaN (+/- 0) requests
ConsensusMessage ByteCount = 1443890:21882
TOMMessage ByteCount = 56010708:98764
StandardSMMessage ByteCount = 302:17
LCMessage ByteCount = 60:12
--- Measurements after 177000 ops (1000 samples) ---
Throughput = 8130.0815 operations/sec (Maximum observed: 8928.571 ops/sec)
Total latency = 2.0148890967275E7 (+/- 0) us 
Consensus latency = 2755.2676340000003 (+/- 211) us 
Pre-consensus latency = 0.0 (+/- 0) us 
Pos-consensus latency = 2.0146485713824E7 (+/- 0) us 
Propose latency = 562.336813 (+/- 77) us 
Write latency = 689.420708 (+/- 174) us 
Accept latency = 1503.5101129999998 (+/- 143) us 
Batch average size = NaN (+/- 0) requests
ConsensusMessage ByteCount = 1443890:21882
TOMMessage ByteCount = 56010708:98764
StandardSMMessage ByteCount = 302:17
LCMessage ByteCount = 60:12
--- Measurements after 178000 ops (1000 samples) ---
Throughput = 8547.009 operations/sec (Maximum observed: 8928.571 ops/sec)
Total latency = 2.0214721819396E7 (+/- 0) us 
Consensus latency = 2811.505146 (+/- 259) us 
Pre-consensus latency = 0.0 (+/- 0) us 
Pos-consensus latency = 2.0212273876179002E7 (+/- 0) us 
Propose latency = 567.714392 (+/- 64) us 
Write latency = 775.937461 (+/- 273) us 
Accept latency = 1467.8532930000001 (+/- 229) us 
Batch average size = NaN (+/- 0) requests
ConsensusMessage ByteCount = 1443890:21882
TOMMessage ByteCount = 56010708:98764
StandardSMMessage ByteCount = 302:17
LCMessage ByteCount = 60:12
--- Measurements after 179000 ops (1000 samples) ---
Throughput = 8403.361 operations/sec (Maximum observed: 8928.571 ops/sec)
Total latency = 2.0275990479964E7 (+/- 0) us 
Consensus latency = 2675.900219 (+/- 263) us 
Pre-consensus latency = 0.0 (+/- 0) us 
Pos-consensus latency = 2.0273674113445E7 (+/- 0) us 
Propose latency = 563.575078 (+/- 64) us 
Write latency = 647.1227439999999 (+/- 213) us 
Accept latency = 1465.202397 (+/- 179) us 
Batch average size = NaN (+/- 0) requests
ConsensusMessage ByteCount = 1443890:21882
TOMMessage ByteCount = 56010708:98764
StandardSMMessage ByteCount = 302:17
LCMessage ByteCount = 60:12
--- Measurements after 180000 ops (1000 samples) ---
Throughput = 8771.93 operations/sec (Maximum observed: 8928.571 ops/sec)
Total latency = 2.03390744234E7 (+/- 0) us 
Consensus latency = 2946.005679 (+/- 207) us 
Pre-consensus latency = 0.0 (+/- 0) us 
Pos-consensus latency = 2.0336527347671002E7 (+/- 0) us 
Propose latency = 706.8289159999999 (+/- 153) us 
Write latency = 679.870277 (+/- 221) us 
Accept latency = 1559.306486 (+/- 143) us 
Batch average size = NaN (+/- 0) requests
ConsensusMessage ByteCount = 1443890:21882
TOMMessage ByteCount = 56010708:98764
StandardSMMessage ByteCount = 302:17
LCMessage ByteCount = 60:12
--- Measurements after 181000 ops (1000 samples) ---
Throughput = 8474.576 operations/sec (Maximum observed: 8928.571 ops/sec)
Total latency = 2.0398889076803003E7 (+/- 0) us 
Consensus latency = 2809.528244 (+/- 151) us 
Pre-consensus latency = 0.0 (+/- 0) us 
Pos-consensus latency = 2.0396425138654E7 (+/- 0) us 
Propose latency = 600.452072 (+/- 49) us 
Write latency = 758.413468 (+/- 121) us 
Accept latency = 1450.6627039999998 (+/- 109) us 
Batch average size = NaN (+/- 0) requests
ConsensusMessage ByteCount = 1443890:21882
TOMMessage ByteCount = 56010708:98764
StandardSMMessage ByteCount = 302:17
LCMessage ByteCount = 60:12
--- Measurements after 182000 ops (1000 samples) ---
Throughput = 8849.558 operations/sec (Maximum observed: 8928.571 ops/sec)
Total latency = 2.0461378410109002E7 (+/- 0) us 
Consensus latency = 2829.660307 (+/- 175) us 
Pre-consensus latency = 0.0 (+/- 0) us 
Pos-consensus latency = 2.0458892567985002E7 (+/- 0) us 
Propose latency = 597.9990849999999 (+/- 68) us 
Write latency = 719.2527650000001 (+/- 161) us 
Accept latency = 1512.408457 (+/- 121) us 
Batch average size = NaN (+/- 0) requests
ConsensusMessage ByteCount = 1443890:21882
TOMMessage ByteCount = 56010708:98764
StandardSMMessage ByteCount = 302:17
LCMessage ByteCount = 60:12
--- Measurements after 183000 ops (1000 samples) ---
Throughput = 8620.689 operations/sec (Maximum observed: 8928.571 ops/sec)
Total latency = 2.0519500413174998E7 (+/- 0) us 
Consensus latency = 2782.5733790000004 (+/- 168) us 
Pre-consensus latency = 0.0 (+/- 0) us 
Pos-consensus latency = 2.0517056318432998E7 (+/- 0) us 
Propose latency = 578.24764 (+/- 59) us 
Write latency = 730.5950359999999 (+/- 251) us 
Accept latency = 1473.730703 (+/- 137) us 
Batch average size = NaN (+/- 0) requests
ConsensusMessage ByteCount = 1443890:21882
TOMMessage ByteCount = 56010708:98764
StandardSMMessage ByteCount = 302:17
LCMessage ByteCount = 60:12
--- Measurements after 184000 ops (1000 samples) ---
Throughput = 9009.009 operations/sec (Maximum observed: 9009.009 ops/sec)
Total latency = 2.0579190591279E7 (+/- 0) us 
Consensus latency = 2662.243037 (+/- 190) us 
Pre-consensus latency = 0.0 (+/- 0) us 
Pos-consensus latency = 2.0576858050708998E7 (+/- 0) us 
Propose latency = 575.435531 (+/- 48) us 
Write latency = 612.5028540000001 (+/- 188) us 
Accept latency = 1474.304652 (+/- 99) us 
Batch average size = NaN (+/- 0) requests
ConsensusMessage ByteCount = 1443890:21882
TOMMessage ByteCount = 56010708:98764
StandardSMMessage ByteCount = 302:17
LCMessage ByteCount = 60:12
--- Measurements after 185000 ops (1000 samples) ---
Throughput = 8474.576 operations/sec (Maximum observed: 9009.009 ops/sec)
Total latency = 2.0633804386168998E7 (+/- 0) us 
Consensus latency = 3663.1646320000004 (+/- 2467) us 
Pre-consensus latency = 0.0 (+/- 0) us 
Pos-consensus latency = 2.0630633439370997E7 (+/- 0) us 
Propose latency = 844.584459 (+/- 287) us 
Write latency = 688.935109 (+/- 405) us 
Accept latency = 2129.645064 (+/- 2425) us 
Batch average size = NaN (+/- 0) requests
ConsensusMessage ByteCount = 1443890:21882
TOMMessage ByteCount = 56010708:98764
StandardSMMessage ByteCount = 302:17
LCMessage ByteCount = 60:12
--- Measurements after 186000 ops (1000 samples) ---
Throughput = 8928.571 operations/sec (Maximum observed: 9009.009 ops/sec)
Total latency = 2.0699198358021E7 (+/- 0) us 
Consensus latency = 2531.092477 (+/- 245) us 
Pre-consensus latency = 0.0 (+/- 0) us 
Pos-consensus latency = 2.0697032097358003E7 (+/- 0) us 
Propose latency = 554.380602 (+/- 92) us 
Write latency = 498.473213 (+/- 198) us 
Accept latency = 1478.238662 (+/- 150) us 
Batch average size = NaN (+/- 0) requests
ConsensusMessage ByteCount = 1443890:21882
TOMMessage ByteCount = 56010708:98764
StandardSMMessage ByteCount = 302:17
LCMessage ByteCount = 60:12
--- Measurements after 187000 ops (1000 samples) ---
Throughput = 8474.576 operations/sec (Maximum observed: 9009.009 ops/sec)
Total latency = 2.07578608365E7 (+/- 0) us 
Consensus latency = 2725.070313 (+/- 302) us 
Pre-consensus latency = 0.0 (+/- 0) us 
Pos-consensus latency = 2.0755486352364E7 (+/- 0) us 
Propose latency = 599.606708 (+/- 161) us 
Write latency = 624.556516 (+/- 209) us 
Accept latency = 1500.9070889999998 (+/- 273) us 
Batch average size = NaN (+/- 0) requests
ConsensusMessage ByteCount = 1443890:21882
TOMMessage ByteCount = 56010708:98764
StandardSMMessage ByteCount = 302:17
LCMessage ByteCount = 60:12
--- Measurements after 188000 ops (1000 samples) ---
Throughput = 8849.558 operations/sec (Maximum observed: 9009.009 ops/sec)
Total latency = 2.0819229354712002E7 (+/- 0) us 
Consensus latency = 2762.8551899999998 (+/- 200) us 
Pre-consensus latency = 0.0 (+/- 0) us 
Pos-consensus latency = 2.08168035796E7 (+/- 0) us 
Propose latency = 572.9258199999999 (+/- 81) us 
Write latency = 747.41501 (+/- 195) us 
Accept latency = 1442.5143600000001 (+/- 170) us 
Batch average size = NaN (+/- 0) requests
ConsensusMessage ByteCount = 1443890:21882
TOMMessage ByteCount = 56010708:98764
StandardSMMessage ByteCount = 302:17
LCMessage ByteCount = 60:12
--- Measurements after 189000 ops (1000 samples) ---
Throughput = 8620.689 operations/sec (Maximum observed: 9009.009 ops/sec)
Total latency = 2.0876419159547E7 (+/- 0) us 
Consensus latency = 2638.4687769999996 (+/- 230) us 
Pre-consensus latency = 0.0 (+/- 0) us 
Pos-consensus latency = 2.0874110058679E7 (+/- 0) us 
Propose latency = 571.189877 (+/- 65) us 
Write latency = 645.081951 (+/- 188) us 
Accept latency = 1422.1969490000001 (+/- 210) us 
Batch average size = NaN (+/- 0) requests
ConsensusMessage ByteCount = 1443890:21882
TOMMessage ByteCount = 56010708:98764
StandardSMMessage ByteCount = 302:17
LCMessage ByteCount = 60:12
--- Measurements after 190000 ops (1000 samples) ---
Throughput = 8928.571 operations/sec (Maximum observed: 9009.009 ops/sec)
Total latency = 2.0928772818909E7 (+/- 0) us 
Consensus latency = 3350.6684389999996 (+/- 2914) us 
Pre-consensus latency = 0.0 (+/- 0) us 
Pos-consensus latency = 2.0926691764719002E7 (+/- 0) us 
Propose latency = 1625.175567 (+/- 2899) us 
Write latency = 220.914695 (+/- 187) us 
Accept latency = 1504.5781769999999 (+/- 113) us 
Batch average size = NaN (+/- 0) requests
ConsensusMessage ByteCount = 1443890:21882
TOMMessage ByteCount = 56010708:98764
StandardSMMessage ByteCount = 302:17
LCMessage ByteCount = 60:12
-- Checkpoint is in position 43745
--- Measurements after 191000 ops (1000 samples) ---
Throughput = 1466.2756 operations/sec (Maximum observed: 9009.009 ops/sec)
Total latency = 2.1449458132613998E7 (+/- 0) us 
Consensus latency = 6736.974588 (+/- 3293) us 
Pre-consensus latency = 0.0 (+/- 0) us 
Pos-consensus latency = 2.1447205881801996E7 (+/- 0) us 
Propose latency = 4642.341412 (+/- 3088) us 
Write latency = 314.41068 (+/- 350) us 
Accept latency = 1780.222496 (+/- 444) us 
Batch average size = 43746.0 (+/- 0) requests
ConsensusMessage ByteCount = 1443890:21882
TOMMessage ByteCount = 84562157:354993
StandardSMMessage ByteCount = 302:17
LCMessage ByteCount = 60:12
--- Measurements after 192000 ops (1000 samples) ---
Throughput = 4444.4443 operations/sec (Maximum observed: 9009.009 ops/sec)
Total latency = 2.1620006823974997E7 (+/- 0) us 
Consensus latency = 4287.994559000001 (+/- 3070) us 
Pre-consensus latency = 0.0 (+/- 0) us 
Pos-consensus latency = 2.1617435628022E7 (+/- 0) us 
Propose latency = 1834.002417 (+/- 995) us 
Write latency = 119.232183 (+/- 180) us 
Accept latency = 2334.759959 (+/- 2671) us 
Batch average size = NaN (+/- 0) requests
ConsensusMessage ByteCount = 1443890:21882
TOMMessage ByteCount = 86765775:357112
StandardSMMessage ByteCount = 302:17
LCMessage ByteCount = 60:12
--- Measurements after 193000 ops (1000 samples) ---
Throughput = 6211.18 operations/sec (Maximum observed: 9009.009 ops/sec)
Total latency = 2.1772146531531E7 (+/- 0) us 
Consensus latency = 1570.212688 (+/- 536) us 
Pre-consensus latency = 0.0 (+/- 0) us 
Pos-consensus latency = 2.1770967105570998E7 (+/- 0) us 
Propose latency = 587.553673 (+/- 430) us 
Write latency = 41.169594 (+/- 17) us 
Accept latency = 941.489421 (+/- 115) us 
Batch average size = NaN (+/- 0) requests
ConsensusMessage ByteCount = 1443890:21882
TOMMessage ByteCount = 88058398:358355
StandardSMMessage ByteCount = 302:17
LCMessage ByteCount = 60:12
--- Measurements after 194000 ops (1000 samples) ---
Throughput = 6622.5166 operations/sec (Maximum observed: 9009.009 ops/sec)
Total latency = 2.1896536257278E7 (+/- 0) us 
Consensus latency = 2265.477291 (+/- 653) us 
Pre-consensus latency = 0.0 (+/- 0) us 
Pos-consensus latency = 2.189443884387E7 (+/- 0) us 
Propose latency = 287.245844 (+/- 108) us 
Write latency = 665.690964 (+/- 408) us 
Accept latency = 1312.540483 (+/- 255) us 
Batch average size = NaN (+/- 0) requests
ConsensusMessage ByteCount = 1443890:21882
TOMMessage ByteCount = 89307353:359556
StandardSMMessage ByteCount = 302:17
LCMessage ByteCount = 60:12
--- Measurements after 195000 ops (1000 samples) ---
Throughput = 6666.6665 operations/sec (Maximum observed: 9009.009 ops/sec)
Total latency = 2.199247986728E7 (+/- 0) us 
Consensus latency = 2799.670328 (+/- 203) us 
Pre-consensus latency = 0.0 (+/- 0) us 
Pos-consensus latency = 2.1989861233563E7 (+/- 0) us 
Propose latency = 316.47015600000003 (+/- 119) us 
Write latency = 1013.774016 (+/- 151) us 
Accept latency = 1469.426156 (+/- 80) us 
Batch average size = NaN (+/- 0) requests
ConsensusMessage ByteCount = 1443890:21882
TOMMessage ByteCount = 90478304:360682
StandardSMMessage ByteCount = 302:17
LCMessage ByteCount = 60:12
--- Measurements after 196000 ops (1000 samples) ---
Throughput = 6134.969 operations/sec (Maximum observed: 9009.009 ops/sec)
Total latency = 2.2094585712314E7 (+/- 0) us 
Consensus latency = 2646.766994 (+/- 674) us 
Pre-consensus latency = 0.0 (+/- 0) us 
Pos-consensus latency = 2.2092220359063E7 (+/- 0) us 
Propose latency = 420.599895 (+/- 376) us 
Write latency = 818.078438 (+/- 494) us 
Accept latency = 1408.088661 (+/- 191) us 
Batch average size = NaN (+/- 0) requests
ConsensusMessage ByteCount = 1443890:21882
TOMMessage ByteCount = 91548396:361711
StandardSMMessage ByteCount = 302:17
LCMessage ByteCount = 60:12
--- Measurements after 197000 ops (1000 samples) ---
Throughput = 6666.6665 operations/sec (Maximum observed: 9009.009 ops/sec)
Total latency = 2.2190872180733003E7 (+/- 0) us 
Consensus latency = 2843.8026370000002 (+/- 179) us 
Pre-consensus latency = 0.0 (+/- 0) us 
Pos-consensus latency = 2.2188188517210998E7 (+/- 0) us 
Propose latency = 277.736883 (+/- 40) us 
Write latency = 1025.12732 (+/- 154) us 
Accept latency = 1540.938434 (+/- 98) us 
Batch average size = NaN (+/- 0) requests
ConsensusMessage ByteCount = 1443890:21882
TOMMessage ByteCount = 92586248:362709
StandardSMMessage ByteCount = 302:17
LCMessage ByteCount = 60:12
--- Measurements after 198000 ops (1000 samples) ---
Throughput = 6666.6665 operations/sec (Maximum observed: 9009.009 ops/sec)
Total latency = 2.2281825150030997E7 (+/- 0) us 
Consensus latency = 3653.96304 (+/- 2172) us 
Pre-consensus latency = 0.0 (+/- 0) us 
Pos-consensus latency = 2.2278404296796E7 (+/- 0) us 
Propose latency = 656.546387 (+/- 689) us 
Write latency = 1352.363241 (+/- 1627) us 
Accept latency = 1645.053412 (+/- 616) us 
Batch average size = NaN (+/- 0) requests
ConsensusMessage ByteCount = 1443890:21882
TOMMessage ByteCount = 93589775:363674
StandardSMMessage ByteCount = 302:17
LCMessage ByteCount = 60:12
--- Measurements after 199000 ops (1000 samples) ---
Throughput = 6134.969 operations/sec (Maximum observed: 9009.009 ops/sec)
Total latency = 2.2383825633065E7 (+/- 0) us 
Consensus latency = 3010.724644 (+/- 173) us 
Pre-consensus latency = 0.0 (+/- 0) us 
Pos-consensus latency = 2.2381004913751E7 (+/- 0) us 
Propose latency = 328.844274 (+/- 169) us 
Write latency = 1143.7140889999998 (+/- 138) us 
Accept latency = 1538.166281 (+/- 77) us 
Batch average size = NaN (+/- 0) requests
ConsensusMessage ByteCount = 1443890:21882
TOMMessage ByteCount = 94526751:364575
StandardSMMessage ByteCount = 302:17
LCMessage ByteCount = 60:12
--- Measurements after 200000 ops (1000 samples) ---
Throughput = 6666.6665 operations/sec (Maximum observed: 9009.009 ops/sec)
Total latency = 2.2481765809988998E7 (+/- 0) us 
Consensus latency = 2929.2113820000004 (+/- 409) us 
Pre-consensus latency = 0.0 (+/- 0) us 
Pos-consensus latency = 2.2479029273953E7 (+/- 0) us 
Propose latency = 322.776619 (+/- 90) us 
Write latency = 1129.34451 (+/- 312) us 
Accept latency = 1477.090253 (+/- 127) us 
Batch average size = NaN (+/- 0) requests
ConsensusMessage ByteCount = 1443890:21882
TOMMessage ByteCount = 95445009:365458
StandardSMMessage ByteCount = 302:17
LCMessage ByteCount = 60:12
--- Measurements after 201000 ops (1000 samples) ---
Throughput = 6578.9473 operations/sec (Maximum observed: 9009.009 ops/sec)
Total latency = 2.2577193827624E7 (+/- 0) us 
Consensus latency = 2949.748782 (+/- 208) us 
Pre-consensus latency = 0.0 (+/- 0) us 
Pos-consensus latency = 2.2574411344915003E7 (+/- 0) us 
Propose latency = 288.655533 (+/- 32) us 
Write latency = 1168.385017 (+/- 218) us 
Accept latency = 1492.7082320000002 (+/- 90) us 
Batch average size = NaN (+/- 0) requests
ConsensusMessage ByteCount = 1443890:21882
TOMMessage ByteCount = 96343502:366322
StandardSMMessage ByteCount = 302:17
LCMessage ByteCount = 60:12
--- Measurements after 202000 ops (1000 samples) ---
Throughput = 6172.8394 operations/sec (Maximum observed: 9009.009 ops/sec)
Total latency = 2.2670684717437E7 (+/- 0) us 
Consensus latency = 8052.477116999999 (+/- 5613) us 
Pre-consensus latency = 0.0 (+/- 0) us 
Pos-consensus latency = 2.2663129700813E7 (+/- 0) us 
Propose latency = 1030.415065 (+/- 716) us 
Write latency = 5362.69763 (+/- 4994) us 
Accept latency = 1659.364422 (+/- 493) us 
Batch average size = NaN (+/- 0) requests
ConsensusMessage ByteCount = 1443890:21882
TOMMessage ByteCount = 97180647:367127
StandardSMMessage ByteCount = 302:17
LCMessage ByteCount = 60:12
--- Measurements after 203000 ops (1000 samples) ---
Throughput = 6711.409 operations/sec (Maximum observed: 9009.009 ops/sec)
Total latency = 2.2775943232465E7 (+/- 0) us 
Consensus latency = 2781.8210780000004 (+/- 199) us 
Pre-consensus latency = 0.0 (+/- 0) us 
Pos-consensus latency = 2.2773328939653E7 (+/- 0) us 
Propose latency = 292.750967 (+/- 71) us 
Write latency = 994.096033 (+/- 186) us 
Accept latency = 1494.974078 (+/- 96) us 
Batch average size = NaN (+/- 0) requests
ConsensusMessage ByteCount = 1443890:21882
TOMMessage ByteCount = 97994920:367910
StandardSMMessage ByteCount = 302:17
LCMessage ByteCount = 60:12
--- Measurements after 204000 ops (1000 samples) ---
Throughput = 6711.409 operations/sec (Maximum observed: 9009.009 ops/sec)
Total latency = 2.2868322250763E7 (+/- 0) us 
Consensus latency = 4161.6171540000005 (+/- 3299) us 
Pre-consensus latency = 0.0 (+/- 0) us 
Pos-consensus latency = 2.2864403841914E7 (+/- 0) us 
Propose latency = 483.154423 (+/- 396) us 
Write latency = 1574.734329 (+/- 1672) us 
Accept latency = 2103.7284019999997 (+/- 1686) us 
Batch average size = NaN (+/- 0) requests
ConsensusMessage ByteCount = 1443890:21882
TOMMessage ByteCount = 98791507:368676
StandardSMMessage ByteCount = 302:17
LCMessage ByteCount = 60:12
--- Measurements after 205000 ops (1000 samples) ---
Throughput = 5649.7173 operations/sec (Maximum observed: 9009.009 ops/sec)
Total latency = 2.2974972118548002E7 (+/- 0) us 
Consensus latency = 3060.712356 (+/- 539) us 
Pre-consensus latency = 0.0 (+/- 0) us 
Pos-consensus latency = 2.2972141166279998E7 (+/- 0) us 
Propose latency = 457.677337 (+/- 369) us 
Write latency = 1084.223547 (+/- 236) us 
Accept latency = 1518.811472 (+/- 107) us 
Batch average size = NaN (+/- 0) requests
ConsensusMessage ByteCount = 1443890:21882
TOMMessage ByteCount = 100897363:370701
StandardSMMessage ByteCount = 302:17
LCMessage ByteCount = 60:12
--- Measurements after 206000 ops (1000 samples) ---
Throughput = 4608.295 operations/sec (Maximum observed: 9009.009 ops/sec)
Total latency = 2.3106639558589E7 (+/- 0) us 
Consensus latency = 2715.7668110000004 (+/- 229) us 
Pre-consensus latency = 0.0 (+/- 0) us 
Pos-consensus latency = 2.3104067642341997E7 (+/- 0) us 
Propose latency = 231.02847599999998 (+/- 51) us 
Write latency = 977.1419960000001 (+/- 210) us 
Accept latency = 1507.596339 (+/- 87) us 
Batch average size = NaN (+/- 0) requests
ConsensusMessage ByteCount = 1443890:21882
TOMMessage ByteCount = 103407747:373115
StandardSMMessage ByteCount = 302:17
LCMessage ByteCount = 60:12
--- Measurements after 207000 ops (1000 samples) ---
Throughput = 5076.142 operations/sec (Maximum observed: 9009.009 ops/sec)
Total latency = 2.3265723654069E7 (+/- 0) us 
Consensus latency = 4596.744622 (+/- 3947) us 
Pre-consensus latency = 0.0 (+/- 0) us 
Pos-consensus latency = 2.3261292811146E7 (+/- 0) us 
Propose latency = 297.98978700000004 (+/- 216) us 
Write latency = 2402.570501 (+/- 3202) us 
Accept latency = 1896.184334 (+/- 759) us 
Batch average size = NaN (+/- 0) requests
ConsensusMessage ByteCount = 1443890:21882
TOMMessage ByteCount = 105397131:375028
StandardSMMessage ByteCount = 302:17
LCMessage ByteCount = 60:12
--- Measurements after 208000 ops (1000 samples) ---
Throughput = 4830.918 operations/sec (Maximum observed: 9009.009 ops/sec)
Total latency = 2.3381823074698E7 (+/- 0) us 
Consensus latency = 47888.715362 (+/- 11778) us 
Pre-consensus latency = 0.0 (+/- 0) us 
Pos-consensus latency = 2.3335122082572E7 (+/- 0) us 
Propose latency = 2415.5494559999997 (+/- 695) us 
Write latency = 42254.010048000004 (+/- 11087) us 
Accept latency = 3219.155858 (+/- 569) us 
Batch average size = NaN (+/- 0) requests
ConsensusMessage ByteCount = 1443890:21882
TOMMessage ByteCount = 107106777:376672
StandardSMMessage ByteCount = 302:17
LCMessage ByteCount = 60:12
--- Measurements after 209000 ops (1000 samples) ---
Throughput = 5681.8184 operations/sec (Maximum observed: 9009.009 ops/sec)
Total latency = 2.3502932184972998E7 (+/- 0) us 
Consensus latency = 47377.919836 (+/- 4744) us 
Pre-consensus latency = 0.0 (+/- 0) us 
Pos-consensus latency = 2.3457498241785E7 (+/- 0) us 
Propose latency = 3450.531762 (+/- 50) us 
Write latency = 42215.778704000004 (+/- 4972) us 
Accept latency = 1711.6093700000001 (+/- 177) us 
Batch average size = NaN (+/- 0) requests
ConsensusMessage ByteCount = 1443890:21882
TOMMessage ByteCount = 108565792:378075
StandardSMMessage ByteCount = 302:17
LCMessage ByteCount = 60:12
--- Measurements after 210000 ops (1000 samples) ---
Throughput = 4878.049 operations/sec (Maximum observed: 9009.009 ops/sec)
Total latency = 2.3629630643884998E7 (+/- 0) us 
Consensus latency = 33013.875312 (+/- 4901) us 
Pre-consensus latency = 0.0 (+/- 0) us 
Pos-consensus latency = 2.3598617202779E7 (+/- 0) us 
Propose latency = 3563.287253 (+/- 66) us 
Write latency = 27359.359947 (+/- 4550) us 
Accept latency = 2091.228112 (+/- 284) us 
Batch average size = NaN (+/- 0) requests
ConsensusMessage ByteCount = 1443890:21882
TOMMessage ByteCount = 110028963:379482
StandardSMMessage ByteCount = 302:17
LCMessage ByteCount = 60:12
--- Measurements after 211000 ops (1000 samples) ---
Throughput = 5235.602 operations/sec (Maximum observed: 9009.009 ops/sec)
Total latency = 2.3780850715815E7 (+/- 0) us 
Consensus latency = 16362.64464 (+/- 4947) us 
Pre-consensus latency = 0.0 (+/- 0) us 
Pos-consensus latency = 2.376616635543E7 (+/- 0) us 
Propose latency = 3048.28881 (+/- 772) us 
Write latency = 12036.68235 (+/- 4262) us 
Accept latency = 1277.67348 (+/- 87) us 
Batch average size = NaN (+/- 0) requests
ConsensusMessage ByteCount = 1443890:21882
TOMMessage ByteCount = 111383995:380785
StandardSMMessage ByteCount = 302:17
LCMessage ByteCount = 60:12
--- Measurements after 212000 ops (1000 samples) ---
Throughput = 5555.5557 operations/sec (Maximum observed: 9009.009 ops/sec)
Total latency = 2.3933937040067002E7 (+/- 0) us 
Consensus latency = 3187.037045 (+/- 698) us 
Pre-consensus latency = 0.0 (+/- 0) us 
Pos-consensus latency = 2.3931052544764E7 (+/- 0) us 
Propose latency = 504.75074 (+/- 370) us 
Write latency = 1208.3713160000002 (+/- 561) us 
Accept latency = 1473.914989 (+/- 232) us 
Batch average size = NaN (+/- 0) requests
ConsensusMessage ByteCount = 1443890:21882
TOMMessage ByteCount = 112598636:381953
StandardSMMessage ByteCount = 302:17
LCMessage ByteCount = 60:12
--- Measurements after 213000 ops (1000 samples) ---
Throughput = 5494.5054 operations/sec (Maximum observed: 9009.009 ops/sec)
Total latency = 2.4059246842441E7 (+/- 0) us 
Consensus latency = 2853.274862 (+/- 426) us 
Pre-consensus latency = 0.0 (+/- 0) us 
Pos-consensus latency = 2.4056565320641E7 (+/- 0) us 
Propose latency = 301.276056 (+/- 75) us 
Write latency = 1175.759955 (+/- 738) us 
Accept latency = 1376.238851 (+/- 321) us 
Batch average size = NaN (+/- 0) requests
ConsensusMessage ByteCount = 1443890:21882
TOMMessage ByteCount = 113659360:382973
StandardSMMessage ByteCount = 302:17
LCMessage ByteCount = 60:12
--- Measurements after 214000 ops (1000 samples) ---
Throughput = 5586.5923 operations/sec (Maximum observed: 9009.009 ops/sec)
Total latency = 2.4182256201816E7 (+/- 0) us 
Consensus latency = 2754.078665 (+/- 518) us 
Pre-consensus latency = 0.0 (+/- 0) us 
Pos-consensus latency = 2.4179765417290002E7 (+/- 0) us 
Propose latency = 590.777148 (+/- 608) us 
Write latency = 663.299741 (+/- 225) us 
Accept latency = 1500.001776 (+/- 133) us 
Batch average size = NaN (+/- 0) requests
ConsensusMessage ByteCount = 1443890:21882
TOMMessage ByteCount = 114752329:384024
StandardSMMessage ByteCount = 302:17
LCMessage ByteCount = 60:12
--- Measurements after 215000 ops (1000 samples) ---
Throughput = 4784.689 operations/sec (Maximum observed: 9009.009 ops/sec)
Total latency = 2.4314112217177E7 (+/- 0) us 
Consensus latency = 2522.057609 (+/- 353) us 
Pre-consensus latency = 0.0 (+/- 0) us 
Pos-consensus latency = 2.431175884516E7 (+/- 0) us 
Propose latency = 304.423348 (+/- 253) us 
Write latency = 756.6536040000001 (+/- 229) us 
Accept latency = 1460.9806569999998 (+/- 111) us 
Batch average size = NaN (+/- 0) requests
ConsensusMessage ByteCount = 1443890:21882
TOMMessage ByteCount = 115983603:385208
StandardSMMessage ByteCount = 302:17
LCMessage ByteCount = 60:12
--- Measurements after 216000 ops (1000 samples) ---
Throughput = 4166.6665 operations/sec (Maximum observed: 9009.009 ops/sec)
Total latency = 2.4493451384526E7 (+/- 0) us 
Consensus latency = 2489.0973139999996 (+/- 123) us 
Pre-consensus latency = 0.0 (+/- 0) us 
Pos-consensus latency = 2.4491106660803E7 (+/- 0) us 
Propose latency = 237.043739 (+/- 30) us 
Write latency = 776.769598 (+/- 127) us 
Accept latency = 1475.283977 (+/- 114) us 
Batch average size = NaN (+/- 0) requests
ConsensusMessage ByteCount = 1443890:21882
TOMMessage ByteCount = 117209683:386387
StandardSMMessage ByteCount = 302:17
LCMessage ByteCount = 60:12
--- Measurements after 217000 ops (1000 samples) ---
Throughput = 4115.2266 operations/sec (Maximum observed: 9009.009 ops/sec)
Total latency = 2.4682838919634998E7 (+/- 0) us 
Consensus latency = 2799.184055 (+/- 526) us 
Pre-consensus latency = 0.0 (+/- 0) us 
Pos-consensus latency = 2.4680208299178E7 (+/- 0) us 
Propose latency = 303.844786 (+/- 125) us 
Write latency = 1061.308301 (+/- 794) us 
Accept latency = 1434.030968 (+/- 308) us 
Batch average size = NaN (+/- 0) requests
ConsensusMessage ByteCount = 1443890:21882
TOMMessage ByteCount = 118168501:387309
StandardSMMessage ByteCount = 302:17
LCMessage ByteCount = 60:12
--- Measurements after 218000 ops (1000 samples) ---
Throughput = 4739.3364 operations/sec (Maximum observed: 9009.009 ops/sec)
Total latency = 2.4851471042749E7 (+/- 0) us 
Consensus latency = 2634.7336069999997 (+/- 116) us 
Pre-consensus latency = 0.0 (+/- 0) us 
Pos-consensus latency = 2.4848982733022E7 (+/- 0) us 
Propose latency = 245.561479 (+/- 34) us 
Write latency = 858.2573590000001 (+/- 132) us 
Accept latency = 1530.914769 (+/- 99) us 
Batch average size = NaN (+/- 0) requests
ConsensusMessage ByteCount = 1443890:21882
TOMMessage ByteCount = 118180981:387321
StandardSMMessage ByteCount = 302:17
LCMessage ByteCount = 60:12
--- Measurements after 219000 ops (1000 samples) ---
Throughput = 4784.689 operations/sec (Maximum observed: 9009.009 ops/sec)
Total latency = 2.5002100406912997E7 (+/- 0) us 
Consensus latency = 3449.988617 (+/- 1746) us 
Pre-consensus latency = 0.0 (+/- 0) us 
Pos-consensus latency = 2.4998951504032E7 (+/- 0) us 
Propose latency = 609.352837 (+/- 702) us 
Write latency = 1327.205232 (+/- 1038) us 
Accept latency = 1513.430548 (+/- 67) us 
Batch average size = NaN (+/- 0) requests
ConsensusMessage ByteCount = 1443890:21882
TOMMessage ByteCount = 118194501:387334
StandardSMMessage ByteCount = 302:17
LCMessage ByteCount = 60:12
--- Measurements after 220000 ops (1000 samples) ---
Throughput = 3717.4722 operations/sec (Maximum observed: 9009.009 ops/sec)
Total latency = 2.51745671579E7 (+/- 0) us 
Consensus latency = 4730.374860999999 (+/- 1314) us 
Pre-consensus latency = 0.0 (+/- 0) us 
Pos-consensus latency = 2.5170476097668E7 (+/- 0) us 
Propose latency = 1506.4103289999998 (+/- 377) us 
Write latency = 1727.744477 (+/- 965) us 
Accept latency = 1496.220055 (+/- 25) us 
Batch average size = NaN (+/- 0) requests
ConsensusMessage ByteCount = 1443890:21882
TOMMessage ByteCount = 118198661:387338
StandardSMMessage ByteCount = 302:17
LCMessage ByteCount = 60:12
--- Measurements after 221000 ops (1000 samples) ---
Throughput = 4201.6807 operations/sec (Maximum observed: 9009.009 ops/sec)
Total latency = 2.5387114512574002E7 (+/- 0) us 
Consensus latency = 3788.664829 (+/- 1368) us 
Pre-consensus latency = 0.0 (+/- 0) us 
Pos-consensus latency = 2.5383637146702997E7 (+/- 0) us 
Propose latency = 638.716156 (+/- 227) us 
Write latency = 1490.65909 (+/- 1178) us 
Accept latency = 1659.289583 (+/- 303) us 
Batch average size = NaN (+/- 0) requests
ConsensusMessage ByteCount = 1443890:21882
TOMMessage ByteCount = 118198661:387338
StandardSMMessage ByteCount = 302:17
LCMessage ByteCount = 60:12
--- Measurements after 222000 ops (1000 samples) ---
Throughput = 4405.286 operations/sec (Maximum observed: 9009.009 ops/sec)
Total latency = 2.5559972163186003E7 (+/- 0) us 
Consensus latency = 3228.740721 (+/- 324) us 
Pre-consensus latency = 0.0 (+/- 0) us 
Pos-consensus latency = 2.5557084582804002E7 (+/- 0) us 
Propose latency = 672.795965 (+/- 262) us 
Write latency = 993.271576 (+/- 222) us 
Accept latency = 1562.67318 (+/- 140) us 
Batch average size = NaN (+/- 0) requests
ConsensusMessage ByteCount = 1443890:21882
TOMMessage ByteCount = 118200741:387340
StandardSMMessage ByteCount = 302:17
LCMessage ByteCount = 60:12
--- Measurements after 223000 ops (1000 samples) ---
Throughput = 4651.1626 operations/sec (Maximum observed: 9009.009 ops/sec)
Total latency = 2.5727781679878E7 (+/- 0) us 
Consensus latency = 2836.63136 (+/- 247) us 
Pre-consensus latency = 0.0 (+/- 0) us 
Pos-consensus latency = 2.57251589542E7 (+/- 0) us 
Propose latency = 364.517158 (+/- 118) us 
Write latency = 968.32813 (+/- 148) us 
Accept latency = 1503.7860719999999 (+/- 95) us 
Batch average size = NaN (+/- 0) requests
ConsensusMessage ByteCount = 1443890:21882
TOMMessage ByteCount = 118204900:387344
StandardSMMessage ByteCount = 302:17
LCMessage ByteCount = 60:12
--- Measurements after 224000 ops (1000 samples) ---
Throughput = 4926.1084 operations/sec (Maximum observed: 9009.009 ops/sec)
Total latency = 2.5882020356397998E7 (+/- 0) us 
Consensus latency = 2530.6872080000003 (+/- 122) us 
Pre-consensus latency = 0.0 (+/- 0) us 
Pos-consensus latency = 2.5879640177840002E7 (+/- 0) us 
Propose latency = 244.728845 (+/- 33) us 
Write latency = 672.6983270000001 (+/- 134) us 
Accept latency = 1613.2600360000001 (+/- 73) us 
Batch average size = NaN (+/- 0) requests
ConsensusMessage ByteCount = 1443890:21882
TOMMessage ByteCount = 118205939:387345
StandardSMMessage ByteCount = 302:17
LCMessage ByteCount = 60:12
--- Measurements after 225000 ops (1000 samples) ---
Throughput = 6622.5166 operations/sec (Maximum observed: 9009.009 ops/sec)
Total latency = 2.6001488811915003E7 (+/- 0) us 
Consensus latency = 2407.543405 (+/- 377) us 
Pre-consensus latency = 0.0 (+/- 0) us 
Pos-consensus latency = 2.5999238846169997E7 (+/- 0) us 
Propose latency = 272.19346 (+/- 50) us 
Write latency = 654.8780300000001 (+/- 257) us 
Accept latency = 1480.471915 (+/- 142) us 
Batch average size = NaN (+/- 0) requests
ConsensusMessage ByteCount = 1443890:21882
TOMMessage ByteCount = 118205939:387345
StandardSMMessage ByteCount = 302:17
LCMessage ByteCount = 60:12
--- Measurements after 226000 ops (1000 samples) ---
Throughput = 5988.024 operations/sec (Maximum observed: 9009.009 ops/sec)
Total latency = 2.6110987377116002E7 (+/- 0) us 
Consensus latency = 2463.084253 (+/- 105) us 
Pre-consensus latency = 0.0 (+/- 0) us 
Pos-consensus latency = 2.6108669794228002E7 (+/- 0) us 
Propose latency = 243.26503599999998 (+/- 34) us 
Write latency = 617.85011 (+/- 172) us 
Accept latency = 1601.9691070000001 (+/- 111) us 
Batch average size = NaN (+/- 0) requests
ConsensusMessage ByteCount = 1443890:21882
TOMMessage ByteCount = 118206979:387346
StandardSMMessage ByteCount = 302:17
LCMessage ByteCount = 60:12
--- Measurements after 227000 ops (1000 samples) ---
Throughput = 6666.6665 operations/sec (Maximum observed: 9009.009 ops/sec)
Total latency = 2.6205823217748E7 (+/- 0) us 
Consensus latency = 3019.7184789999997 (+/- 1288) us 
Pre-consensus latency = 0.0 (+/- 0) us 
Pos-consensus latency = 2.6202997655678E7 (+/- 0) us 
Propose latency = 367.491511 (+/- 163) us 
Write latency = 737.074348 (+/- 201) us 
Accept latency = 1915.15262 (+/- 1399) us 
Batch average size = NaN (+/- 0) requests
ConsensusMessage ByteCount = 1443890:21882
TOMMessage ByteCount = 118212179:387351
StandardSMMessage ByteCount = 302:17
LCMessage ByteCount = 60:12
--- Measurements after 228000 ops (1000 samples) ---
Throughput = 6666.6665 operations/sec (Maximum observed: 9009.009 ops/sec)
Total latency = 2.6301259410678003E7 (+/- 0) us 
Consensus latency = 2710.075742 (+/- 159) us 
Pre-consensus latency = 0.0 (+/- 0) us 
Pos-consensus latency = 2.6298709568815E7 (+/- 0) us 
Propose latency = 267.208562 (+/- 29) us 
Write latency = 881.1819889999999 (+/- 142) us 
Accept latency = 1561.685191 (+/- 95) us 
Batch average size = NaN (+/- 0) requests
ConsensusMessage ByteCount = 1443890:21882
TOMMessage ByteCount = 118212179:387351
StandardSMMessage ByteCount = 302:17
LCMessage ByteCount = 60:12
--- Measurements after 229000 ops (1000 samples) ---
Throughput = 6666.6665 operations/sec (Maximum observed: 9009.009 ops/sec)
Total latency = 2.6391805402816E7 (+/- 0) us 
Consensus latency = 3291.876215 (+/- 3976) us 
Pre-consensus latency = 0.0 (+/- 0) us 
Pos-consensus latency = 2.638875848834E7 (+/- 0) us 
Propose latency = 349.68607299999996 (+/- 306) us 
Write latency = 593.189671 (+/- 423) us 
Accept latency = 2349.000471 (+/- 3913) us 
Batch average size = NaN (+/- 0) requests
ConsensusMessage ByteCount = 1443890:21882
TOMMessage ByteCount = 118213219:387352
StandardSMMessage ByteCount = 302:17
LCMessage ByteCount = 60:12
--- Measurements after 230000 ops (1000 samples) ---
Throughput = 6711.409 operations/sec (Maximum observed: 9009.009 ops/sec)
Total latency = 2.6490034969947E7 (+/- 0) us 
Consensus latency = 2713.1565180000002 (+/- 306) us 
Pre-consensus latency = 0.0 (+/- 0) us 
Pos-consensus latency = 2.6487512964353E7 (+/- 0) us 
Propose latency = 336.97902500000004 (+/- 101) us 
Write latency = 841.9027619999999 (+/- 207) us 
Accept latency = 1534.274731 (+/- 121) us 
Batch average size = NaN (+/- 0) requests
ConsensusMessage ByteCount = 1443890:21882
TOMMessage ByteCount = 118324492:387459
StandardSMMessage ByteCount = 302:17
LCMessage ByteCount = 60:12
--- Measurements after 231000 ops (1000 samples) ---
Throughput = 6024.096 operations/sec (Maximum observed: 9009.009 ops/sec)
Total latency = 2.6595508241312E7 (+/- 0) us 
Consensus latency = 2465.168427 (+/- 169) us 
Pre-consensus latency = 0.0 (+/- 0) us 
Pos-consensus latency = 2.6593191086022E7 (+/- 0) us 
Propose latency = 255.995132 (+/- 35) us 
Write latency = 708.348429 (+/- 166) us 
Accept latency = 1500.824866 (+/- 60) us 
Batch average size = NaN (+/- 0) requests
ConsensusMessage ByteCount = 1443890:21882
TOMMessage ByteCount = 118747745:387866
StandardSMMessage ByteCount = 302:17
LCMessage ByteCount = 60:12
--- Measurements after 232000 ops (1000 samples) ---
Throughput = 6666.6665 operations/sec (Maximum observed: 9009.009 ops/sec)
Total latency = 2.6697299791481998E7 (+/- 0) us 
Consensus latency = 2392.023318 (+/- 127) us 
Pre-consensus latency = 0.0 (+/- 0) us 
Pos-consensus latency = 2.6695048011016E7 (+/- 0) us 
Propose latency = 233.819044 (+/- 30) us 
Write latency = 674.47497 (+/- 122) us 
Accept latency = 1483.729304 (+/- 94) us 
Batch average size = NaN (+/- 0) requests
ConsensusMessage ByteCount = 1443890:21882
TOMMessage ByteCount = 119165795:388268
StandardSMMessage ByteCount = 302:17
LCMessage ByteCount = 60:12
--- Measurements after 233000 ops (1000 samples) ---
Throughput = 6666.6665 operations/sec (Maximum observed: 9009.009 ops/sec)
Total latency = 2.6790859661301E7 (+/- 0) us 
Consensus latency = 2997.123533 (+/- 1339) us 
Pre-consensus latency = 0.0 (+/- 0) us 
Pos-consensus latency = 2.6788091397519E7 (+/- 0) us 
Propose latency = 356.574718 (+/- 578) us 
Write latency = 757.757835 (+/- 179) us 
Accept latency = 1882.79098 (+/- 1295) us 
Batch average size = NaN (+/- 0) requests
ConsensusMessage ByteCount = 1443890:21882
TOMMessage ByteCount = 119610886:388696
StandardSMMessage ByteCount = 302:17
LCMessage ByteCount = 60:12
-- Performing checkpoint for consensus 3071
--- Measurements after 234000 ops (1000 samples) ---
Throughput = 5434.7827 operations/sec (Maximum observed: 9009.009 ops/sec)
Total latency = 2.6889832207108002E7 (+/- 0) us 
Consensus latency = 3033.848008 (+/- 935) us 
Pre-consensus latency = 0.0 (+/- 0) us 
Pos-consensus latency = 2.6887781228776E7 (+/- 0) us 
Propose latency = 1257.719188 (+/- 962) us 
Write latency = 186.329432 (+/- 177) us 
Accept latency = 1589.7993880000001 (+/- 108) us 
Batch average size = 266223.0 (+/- 0) requests
ConsensusMessage ByteCount = 1443890:21882
TOMMessage ByteCount = 120148522:389213
StandardSMMessage ByteCount = 302:17
LCMessage ByteCount = 60:12
--- Measurements after 235000 ops (1000 samples) ---
Throughput = 6666.6665 operations/sec (Maximum observed: 9009.009 ops/sec)
Total latency = 2.7013348644876998E7 (+/- 0) us 
Consensus latency = 2520.9619989999997 (+/- 138) us 
Pre-consensus latency = 0.0 (+/- 0) us 
Pos-consensus latency = 2.7011344855464E7 (+/- 0) us 
Propose latency = 631.2790130000001 (+/- 103) us 
Write latency = 385.169367 (+/- 139) us 
Accept latency = 1504.5136189999998 (+/- 63) us 
Batch average size = NaN (+/- 0) requests
ConsensusMessage ByteCount = 1443890:21882
TOMMessage ByteCount = 120563453:389612
StandardSMMessage ByteCount = 302:17
LCMessage ByteCount = 60:12
--- Measurements after 236000 ops (1000 samples) ---
Throughput = 5917.1597 operations/sec (Maximum observed: 9009.009 ops/sec)
Total latency = 2.7110766242445998E7 (+/- 0) us 
Consensus latency = 2472.061807 (+/- 213) us 
Pre-consensus latency = 0.0 (+/- 0) us 
Pos-consensus latency = 2.7108470797752E7 (+/- 0) us 
Propose latency = 290.98090399999995 (+/- 114) us 
Write latency = 673.228164 (+/- 260) us 
Accept latency = 1507.8527390000002 (+/- 140) us 
Batch average size = NaN (+/- 0) requests
ConsensusMessage ByteCount = 1443890:21882
TOMMessage ByteCount = 121054299:390084
StandardSMMessage ByteCount = 302:17
LCMessage ByteCount = 60:12
--- Measurements after 237000 ops (1000 samples) ---
Throughput = 6666.6665 operations/sec (Maximum observed: 9009.009 ops/sec)
Total latency = 2.7220590130986E7 (+/- 0) us 
Consensus latency = 2402.761257 (+/- 170) us 
Pre-consensus latency = 0.0 (+/- 0) us 
Pos-consensus latency = 2.7218332049854E7 (+/- 0) us 
Propose latency = 240.01422200000002 (+/- 34) us 
Write latency = 675.192348 (+/- 159) us 
Accept latency = 1487.5546869999998 (+/- 117) us 
Batch average size = NaN (+/- 0) requests
ConsensusMessage ByteCount = 1443890:21882
TOMMessage ByteCount = 121444274:390459
StandardSMMessage ByteCount = 302:17
LCMessage ByteCount = 60:12
--- Measurements after 238000 ops (1000 samples) ---
Throughput = 6666.6665 operations/sec (Maximum observed: 9009.009 ops/sec)
Total latency = 2.7314990298868E7 (+/- 0) us 
Consensus latency = 2413.089747 (+/- 168) us 
Pre-consensus latency = 0.0 (+/- 0) us 
Pos-consensus latency = 2.7312721311541E7 (+/- 0) us 
Propose latency = 249.350493 (+/- 40) us 
Write latency = 611.956564 (+/- 123) us 
Accept latency = 1551.78269 (+/- 87) us 
Batch average size = NaN (+/- 0) requests
ConsensusMessage ByteCount = 1443890:21882
TOMMessage ByteCount = 121791603:390793
StandardSMMessage ByteCount = 302:17
LCMessage ByteCount = 60:12
--- Measurements after 239000 ops (1000 samples) ---
Throughput = 6666.6665 operations/sec (Maximum observed: 9009.009 ops/sec)
Total latency = 2.7409126023814E7 (+/- 0) us 
Consensus latency = 2645.1843059999997 (+/- 775) us 
Pre-consensus latency = 0.0 (+/- 0) us 
Pos-consensus latency = 2.7406647443213E7 (+/- 0) us 
Propose latency = 276.114232 (+/- 73) us 
Write latency = 664.339752 (+/- 225) us 
Accept latency = 1704.730322 (+/- 685) us 
Batch average size = NaN (+/- 0) requests
ConsensusMessage ByteCount = 1443890:21882
TOMMessage ByteCount = 122189902:391176
StandardSMMessage ByteCount = 302:17
LCMessage ByteCount = 60:12
--- Measurements after 240000 ops (1000 samples) ---
Throughput = 6666.6665 operations/sec (Maximum observed: 9009.009 ops/sec)
Total latency = 2.7502371208040003E7 (+/- 0) us 
Consensus latency = 2529.762287 (+/- 251) us 
Pre-consensus latency = 0.0 (+/- 0) us 
Pos-consensus latency = 2.7500007151707E7 (+/- 0) us 
Propose latency = 290.724946 (+/- 121) us 
Write latency = 756.991301 (+/- 161) us 
Accept latency = 1482.04604 (+/- 104) us 
Batch average size = NaN (+/- 0) requests
ConsensusMessage ByteCount = 1443890:21882
TOMMessage ByteCount = 122579877:391551
StandardSMMessage ByteCount = 302:17
LCMessage ByteCount = 60:12
--- Measurements after 241000 ops (1000 samples) ---
Throughput = 6666.6665 operations/sec (Maximum observed: 9009.009 ops/sec)
Total latency = 2.7596599289571997E7 (+/- 0) us 
Consensus latency = 2493.870352 (+/- 226) us 
Pre-consensus latency = 0.0 (+/- 0) us 
Pos-consensus latency = 2.7594251738077E7 (+/- 0) us 
Propose latency = 251.336487 (+/- 40) us 
Write latency = 791.394771 (+/- 116) us 
Accept latency = 1451.1390940000001 (+/- 184) us 
Batch average size = NaN (+/- 0) requests
ConsensusMessage ByteCount = 1443890:21882
TOMMessage ByteCount = 122959449:391916
StandardSMMessage ByteCount = 302:17
LCMessage ByteCount = 60:12
--- Measurements after 242000 ops (1000 samples) ---
Throughput = 5882.353 operations/sec (Maximum observed: 9009.009 ops/sec)
Total latency = 2.7705995741446E7 (+/- 0) us 
Consensus latency = 2684.375127 (+/- 134) us 
Pre-consensus latency = 0.0 (+/- 0) us 
Pos-consensus latency = 2.7703476016198E7 (+/- 0) us 
Propose latency = 263.452609 (+/- 29) us 
Write latency = 911.274164 (+/- 87) us 
Accept latency = 1509.6483540000002 (+/- 79) us 
Batch average size = NaN (+/- 0) requests
ConsensusMessage ByteCount = 1443890:21882
TOMMessage ByteCount = 123394135:392334
StandardSMMessage ByteCount = 302:17
LCMessage ByteCount = 60:12
--- Measurements after 243000 ops (1000 samples) ---
Throughput = 6666.6665 operations/sec (Maximum observed: 9009.009 ops/sec)
Total latency = 2.7806167999883E7 (+/- 0) us 
Consensus latency = 2612.069047 (+/- 154) us 
Pre-consensus latency = 0.0 (+/- 0) us 
Pos-consensus latency = 2.7803709557193E7 (+/- 0) us 
Propose latency = 273.063412 (+/- 37) us 
Write latency = 809.576632 (+/- 129) us 
Accept latency = 1529.429003 (+/- 75) us 
Batch average size = NaN (+/- 0) requests
ConsensusMessage ByteCount = 1443890:21882
TOMMessage ByteCount = 123701958:392630
StandardSMMessage ByteCount = 302:17
LCMessage ByteCount = 60:12
--- Measurements after 244000 ops (1000 samples) ---
Throughput = 6666.6665 operations/sec (Maximum observed: 9009.009 ops/sec)
Total latency = 2.7900282419978E7 (+/- 0) us 
Consensus latency = 2553.656034 (+/- 650) us 
Pre-consensus latency = 0.0 (+/- 0) us 
Pos-consensus latency = 2.7897876862846002E7 (+/- 0) us 
Propose latency = 254.923019 (+/- 41) us 
Write latency = 738.425863 (+/- 207) us 
Accept latency = 1560.307152 (+/- 604) us 
Batch average size = NaN (+/- 0) requests
ConsensusMessage ByteCount = 1443890:21882
TOMMessage ByteCount = 124014972:392931
StandardSMMessage ByteCount = 302:17
LCMessage ByteCount = 60:12
--- Measurements after 245000 ops (1000 samples) ---
Throughput = 6622.5166 operations/sec (Maximum observed: 9009.009 ops/sec)
Total latency = 2.7994028164439E7 (+/- 0) us 
Consensus latency = 2504.00825 (+/- 139) us 
Pre-consensus latency = 0.0 (+/- 0) us 
Pos-consensus latency = 2.7991676052963E7 (+/- 0) us 
Propose latency = 238.63255600000002 (+/- 23) us 
Write latency = 770.886785 (+/- 105) us 
Accept latency = 1494.488909 (+/- 86) us 
Batch average size = NaN (+/- 0) requests
ConsensusMessage ByteCount = 1443890:21882
TOMMessage ByteCount = 124341509:393245
StandardSMMessage ByteCount = 302:17
LCMessage ByteCount = 60:12
--- Measurements after 246000 ops (1000 samples) ---
Throughput = 6666.6665 operations/sec (Maximum observed: 9009.009 ops/sec)
Total latency = 2.808886077777E7 (+/- 0) us 
Consensus latency = 2651.794225 (+/- 233) us 
Pre-consensus latency = 0.0 (+/- 0) us 
Pos-consensus latency = 2.8086390269102E7 (+/- 0) us 
Propose latency = 316.563399 (+/- 114) us 
Write latency = 808.1830570000001 (+/- 77) us 
Accept latency = 1527.047769 (+/- 112) us 
Batch average size = NaN (+/- 0) requests
ConsensusMessage ByteCount = 1443890:21882
TOMMessage ByteCount = 124727328:393616
StandardSMMessage ByteCount = 302:17
LCMessage ByteCount = 60:12
--- Measurements after 247000 ops (1000 samples) ---
Throughput = 5882.353 operations/sec (Maximum observed: 9009.009 ops/sec)
Total latency = 2.8188382869359E7 (+/- 0) us 
Consensus latency = 2525.494122 (+/- 170) us 
Pre-consensus latency = 0.0 (+/- 0) us 
Pos-consensus latency = 2.818601436661E7 (+/- 0) us 
Propose latency = 270.47861 (+/- 36) us 
Write latency = 778.8436459999999 (+/- 155) us 
Accept latency = 1476.171866 (+/- 108) us 
Batch average size = NaN (+/- 0) requests
ConsensusMessage ByteCount = 1443890:21882
TOMMessage ByteCount = 125113150:393987
StandardSMMessage ByteCount = 302:17
LCMessage ByteCount = 60:12
--- Measurements after 248000 ops (1000 samples) ---
Throughput = 6666.6665 operations/sec (Maximum observed: 9009.009 ops/sec)
Total latency = 2.829823614215E7 (+/- 0) us 
Consensus latency = 2653.864563 (+/- 212) us 
Pre-consensus latency = 0.0 (+/- 0) us 
Pos-consensus latency = 2.8295738135401E7 (+/- 0) us 
Propose latency = 269.48276 (+/- 44) us 
Write latency = 885.405713 (+/- 166) us 
Accept latency = 1498.97609 (+/- 146) us 
Batch average size = NaN (+/- 0) requests
ConsensusMessage ByteCount = 1443890:21882
TOMMessage ByteCount = 125416810:394279
StandardSMMessage ByteCount = 302:17
LCMessage ByteCount = 60:12
--- Measurements after 249000 ops (1000 samples) ---
Throughput = 6622.5166 operations/sec (Maximum observed: 9009.009 ops/sec)
Total latency = 2.8393445591349E7 (+/- 0) us 
Consensus latency = 2438.0460839999996 (+/- 324) us 
Pre-consensus latency = 0.0 (+/- 0) us 
Pos-consensus latency = 2.839116121353E7 (+/- 0) us 
Propose latency = 271.54328000000004 (+/- 46) us 
Write latency = 696.391471 (+/- 223) us 
Accept latency = 1470.111333 (+/- 139) us 
Batch average size = NaN (+/- 0) requests
ConsensusMessage ByteCount = 1443890:21882
TOMMessage ByteCount = 125788062:394636
StandardSMMessage ByteCount = 302:17
LCMessage ByteCount = 60:12
--- Measurements after 250000 ops (1000 samples) ---
Throughput = 6666.6665 operations/sec (Maximum observed: 9009.009 ops/sec)
Total latency = 2.8488869760144003E7 (+/- 0) us 
Consensus latency = 2551.8252239999997 (+/- 141) us 
Pre-consensus latency = 0.0 (+/- 0) us 
Pos-consensus latency = 2.848646887882E7 (+/- 0) us 
Propose latency = 249.823096 (+/- 28) us 
Write latency = 818.158058 (+/- 132) us 
Accept latency = 1483.84407 (+/- 113) us 
Batch average size = NaN (+/- 0) requests
ConsensusMessage ByteCount = 1443890:21882
TOMMessage ByteCount = 126097962:394934
StandardSMMessage ByteCount = 302:17
LCMessage ByteCount = 60:12
--- Measurements after 251000 ops (1000 samples) ---
Throughput = 6666.6665 operations/sec (Maximum observed: 9009.009 ops/sec)
Total latency = 2.8583014997528E7 (+/- 0) us 
Consensus latency = 2577.48864 (+/- 177) us 
Pre-consensus latency = 0.0 (+/- 0) us 
Pos-consensus latency = 2.8580588338654E7 (+/- 0) us 
Propose latency = 243.12682500000003 (+/- 39) us 
Write latency = 840.650441 (+/- 174) us 
Accept latency = 1493.711374 (+/- 88) us 
Batch average size = NaN (+/- 0) requests
ConsensusMessage ByteCount = 1443890:21882
TOMMessage ByteCount = 126445291:395268
StandardSMMessage ByteCount = 302:17
LCMessage ByteCount = 60:12
--- Measurements after 252000 ops (1000 samples) ---
Throughput = 6666.6665 operations/sec (Maximum observed: 9009.009 ops/sec)
Total latency = 2.867567305686E7 (+/- 0) us 
Consensus latency = 2671.8669 (+/- 327) us 
Pre-consensus latency = 0.0 (+/- 0) us 
Pos-consensus latency = 2.8673181796261E7 (+/- 0) us 
Propose latency = 331.108044 (+/- 206) us 
Write latency = 876.936289 (+/- 138) us 
Accept latency = 1463.822567 (+/- 116) us 
Batch average size = NaN (+/- 0) requests
ConsensusMessage ByteCount = 1443890:21882
TOMMessage ByteCount = 126825904:395634
StandardSMMessage ByteCount = 302:17
LCMessage ByteCount = 60:12
--- Measurements after 253000 ops (1000 samples) ---
Throughput = 4739.3364 operations/sec (Maximum observed: 9009.009 ops/sec)
Total latency = 2.879884393457E7 (+/- 0) us 
Consensus latency = 2633.8683730000002 (+/- 216) us 
Pre-consensus latency = 0.0 (+/- 0) us 
Pos-consensus latency = 2.8796377365424998E7 (+/- 0) us 
Propose latency = 283.790149 (+/- 119) us 
Write latency = 821.246402 (+/- 138) us 
Accept latency = 1528.8318219999999 (+/- 112) us 
Batch average size = NaN (+/- 0) requests
ConsensusMessage ByteCount = 1443890:21882
TOMMessage ByteCount = 127304274:396094
StandardSMMessage ByteCount = 302:17
LCMessage ByteCount = 60:12
--- Measurements after 254000 ops (1000 samples) ---
Throughput = 4807.6924 operations/sec (Maximum observed: 9009.009 ops/sec)
Total latency = 2.8953507583222E7 (+/- 0) us 
Consensus latency = 2658.4599909999997 (+/- 357) us 
Pre-consensus latency = 0.0 (+/- 0) us 
Pos-consensus latency = 2.8951021225527998E7 (+/- 0) us 
Propose latency = 277.80877399999997 (+/- 75) us 
Write latency = 923.143993 (+/- 277) us 
Accept latency = 1457.507224 (+/- 137) us 
Batch average size = NaN (+/- 0) requests
ConsensusMessage ByteCount = 1443890:21882
TOMMessage ByteCount = 127734804:396508
StandardSMMessage ByteCount = 302:17
LCMessage ByteCount = 60:12
--- Measurements after 255000 ops (1000 samples) ---
Throughput = 4830.918 operations/sec (Maximum observed: 9009.009 ops/sec)
Total latency = 2.9105201905075002E7 (+/- 0) us 
Consensus latency = 2566.517486 (+/- 162) us 
Pre-consensus latency = 0.0 (+/- 0) us 
Pos-consensus latency = 2.9102782668643E7 (+/- 0) us 
Propose latency = 236.74398399999998 (+/- 28) us 
Write latency = 858.065625 (+/- 114) us 
Accept latency = 1471.707877 (+/- 140) us 
Batch average size = NaN (+/- 0) requests
ConsensusMessage ByteCount = 1443890:21882
TOMMessage ByteCount = 128215252:396970
StandardSMMessage ByteCount = 302:17
LCMessage ByteCount = 60:12
--- Measurements after 256000 ops (1000 samples) ---
Throughput = 4807.6924 operations/sec (Maximum observed: 9009.009 ops/sec)
Total latency = 2.9257703268674E7 (+/- 0) us 
Consensus latency = 2600.7508620000003 (+/- 174) us 
Pre-consensus latency = 0.0 (+/- 0) us 
Pos-consensus latency = 2.9255249981089E7 (+/- 0) us 
Propose latency = 248.439104 (+/- 29) us 
Write latency = 888.749643 (+/- 170) us 
Accept latency = 1463.562115 (+/- 90) us 
Batch average size = NaN (+/- 0) requests
ConsensusMessage ByteCount = 1443890:21882
TOMMessage ByteCount = 128647852:397386
StandardSMMessage ByteCount = 302:17
LCMessage ByteCount = 60:12
--- Measurements after 257000 ops (1000 samples) ---
Throughput = 4830.918 operations/sec (Maximum observed: 9009.009 ops/sec)
Total latency = 2.9409851448092E7 (+/- 0) us 
Consensus latency = 2575.953879 (+/- 170) us 
Pre-consensus latency = 0.0 (+/- 0) us 
Pos-consensus latency = 2.9407433178418E7 (+/- 0) us 
Propose latency = 266.453214 (+/- 44) us 
Write latency = 782.6609139999999 (+/- 123) us 
Accept latency = 1526.839751 (+/- 125) us 
Batch average size = NaN (+/- 0) requests
ConsensusMessage ByteCount = 1443890:21882
TOMMessage ByteCount = 129020148:397744
StandardSMMessage ByteCount = 302:17
LCMessage ByteCount = 60:12
--- Measurements after 258000 ops (1000 samples) ---
Throughput = 4464.2856 operations/sec (Maximum observed: 9009.009 ops/sec)
Total latency = 2.9571468376056E7 (+/- 0) us 
Consensus latency = 2582.913969 (+/- 132) us 
Pre-consensus latency = 0.0 (+/- 0) us 
Pos-consensus latency = 2.9569035871337E7 (+/- 0) us 
Propose latency = 271.719609 (+/- 39) us 
Write latency = 784.588787 (+/- 122) us 
Accept latency = 1526.605573 (+/- 136) us 
Batch average size = NaN (+/- 0) requests
ConsensusMessage ByteCount = 1443890:21882
TOMMessage ByteCount = 129487082:398193
StandardSMMessage ByteCount = 302:17
LCMessage ByteCount = 60:12
--- Measurements after 259000 ops (1000 samples) ---
Throughput = 6711.409 operations/sec (Maximum observed: 9009.009 ops/sec)
Total latency = 2.9696270440917E7 (+/- 0) us 
Consensus latency = 3109.227019 (+/- 766) us 
Pre-consensus latency = 0.0 (+/- 0) us 
Pos-consensus latency = 2.9693463140591998E7 (+/- 0) us 
Propose latency = 688.468833 (+/- 574) us 
Write latency = 1058.659433 (+/- 1301) us 
Accept latency = 1362.098753 (+/- 424) us 
Batch average size = NaN (+/- 0) requests
ConsensusMessage ByteCount = 1443890:21882
TOMMessage ByteCount = 129798020:398492
StandardSMMessage ByteCount = 302:17
LCMessage ByteCount = 60:12
--- Measurements after 260000 ops (1000 samples) ---
Throughput = 6711.409 operations/sec (Maximum observed: 9009.009 ops/sec)
Total latency = 2.9794824625678003E7 (+/- 0) us 
Consensus latency = 2622.557496 (+/- 172) us 
Pre-consensus latency = 0.0 (+/- 0) us 
Pos-consensus latency = 2.9792358424797002E7 (+/- 0) us 
Propose latency = 272.88419300000004 (+/- 44) us 
Write latency = 920.08293 (+/- 191) us 
Accept latency = 1429.590373 (+/- 135) us 
Batch average size = NaN (+/- 0) requests
ConsensusMessage ByteCount = 1443890:21882
TOMMessage ByteCount = 130140156:398821
StandardSMMessage ByteCount = 302:17
LCMessage ByteCount = 60:12
--- Measurements after 261000 ops (1000 samples) ---
Throughput = 6896.552 operations/sec (Maximum observed: 9009.009 ops/sec)
Total latency = 2.9885290381576E7 (+/- 0) us 
Consensus latency = 2714.581523 (+/- 186) us 
Pre-consensus latency = 0.0 (+/- 0) us 
Pos-consensus latency = 2.9882742351529E7 (+/- 0) us 
Propose latency = 282.518892 (+/- 67) us 
Write latency = 916.134365 (+/- 140) us 
Accept latency = 1515.9282660000001 (+/- 94) us 
Batch average size = NaN (+/- 0) requests
ConsensusMessage ByteCount = 1443890:21882
TOMMessage ByteCount = 130389738:399061
StandardSMMessage ByteCount = 302:17
LCMessage ByteCount = 60:12
--- Measurements after 262000 ops (1000 samples) ---
Throughput = 6578.9473 operations/sec (Maximum observed: 9009.009 ops/sec)
Total latency = 2.9976961182592E7 (+/- 0) us 
Consensus latency = 2681.630928 (+/- 153) us 
Pre-consensus latency = 0.0 (+/- 0) us 
Pos-consensus latency = 2.9974432188938E7 (+/- 0) us 
Propose latency = 256.770593 (+/- 23) us 
Write latency = 972.315706 (+/- 118) us 
Accept latency = 1452.544629 (+/- 112) us 
Batch average size = NaN (+/- 0) requests
ConsensusMessage ByteCount = 1443890:21882
TOMMessage ByteCount = 130688199:399348
StandardSMMessage ByteCount = 302:17
LCMessage ByteCount = 60:12
--- Measurements after 263000 ops (1000 samples) ---
Throughput = 5405.4053 operations/sec (Maximum observed: 9009.009 ops/sec)
Total latency = 3.007126025903E7 (+/- 0) us 
Consensus latency = 2701.284968 (+/- 127) us 
Pre-consensus latency = 0.0 (+/- 0) us 
Pos-consensus latency = 3.0068716340616003E7 (+/- 0) us 
Propose latency = 266.157873 (+/- 44) us 
Write latency = 935.630533 (+/- 164) us 
Accept latency = 1499.4965619999998 (+/- 103) us 
Batch average size = NaN (+/- 0) requests
ConsensusMessage ByteCount = 1443890:21882
TOMMessage ByteCount = 131024098:399671
StandardSMMessage ByteCount = 302:17
LCMessage ByteCount = 60:12
--- Measurements after 264000 ops (1000 samples) ---
Throughput = 6535.9478 operations/sec (Maximum observed: 9009.009 ops/sec)
Total latency = 3.0201060421193E7 (+/- 0) us 
Consensus latency = 2510.332731 (+/- 436) us 
Pre-consensus latency = 0.0 (+/- 0) us 
Pos-consensus latency = 3.0198703873596E7 (+/- 0) us 
Propose latency = 256.74267199999997 (+/- 48) us 
Write latency = 843.972201 (+/- 339) us 
Accept latency = 1409.617858 (+/- 134) us 
Batch average size = NaN (+/- 0) requests
ConsensusMessage ByteCount = 1443890:21882
TOMMessage ByteCount = 131347515:399982
StandardSMMessage ByteCount = 302:17
LCMessage ByteCount = 60:12
--- Measurements after 265000 ops (1000 samples) ---
Throughput = 6622.5166 operations/sec (Maximum observed: 9009.009 ops/sec)
Total latency = 3.0297169253324002E7 (+/- 0) us 
Consensus latency = 2813.641353 (+/- 198) us 
Pre-consensus latency = 0.0 (+/- 0) us 
Pos-consensus latency = 3.029453524073E7 (+/- 0) us 
Propose latency = 323.769353 (+/- 111) us 
Write latency = 937.073668 (+/- 140) us 
Accept latency = 1552.7983319999998 (+/- 160) us 
Batch average size = NaN (+/- 0) requests
ConsensusMessage ByteCount = 1443890:21882
TOMMessage ByteCount = 131623097:400247
StandardSMMessage ByteCount = 302:17
LCMessage ByteCount = 60:12
--- Measurements after 266000 ops (1000 samples) ---
Throughput = 6666.6665 operations/sec (Maximum observed: 9009.009 ops/sec)
Total latency = 3.0393441049888E7 (+/- 0) us 
Consensus latency = 2630.150089 (+/- 141) us 
Pre-consensus latency = 0.0 (+/- 0) us 
Pos-consensus latency = 3.0390967633031E7 (+/- 0) us 
Propose latency = 272.447909 (+/- 42) us 
Write latency = 849.368124 (+/- 163) us 
Accept latency = 1508.3340560000001 (+/- 102) us 
Batch average size = NaN (+/- 0) requests
ConsensusMessage ByteCount = 1443890:21882
TOMMessage ByteCount = 131880996:400495
StandardSMMessage ByteCount = 302:17
LCMessage ByteCount = 60:12
--- Measurements after 267000 ops (1000 samples) ---
Throughput = 6802.721 operations/sec (Maximum observed: 9009.009 ops/sec)
Total latency = 3.0486155834616E7 (+/- 0) us 
Consensus latency = 2558.296304 (+/- 150) us 
Pre-consensus latency = 0.0 (+/- 0) us 
Pos-consensus latency = 3.0483748874207E7 (+/- 0) us 
Propose latency = 251.553271 (+/- 28) us 
Write latency = 865.647903 (+/- 117) us 
Accept latency = 1441.09513 (+/- 67) us 
Batch average size = NaN (+/- 0) requests
ConsensusMessage ByteCount = 1443890:21882
TOMMessage ByteCount = 132081701:400688
StandardSMMessage ByteCount = 302:17
LCMessage ByteCount = 60:12
--- Measurements after 268000 ops (1000 samples) ---
Throughput = 6666.6665 operations/sec (Maximum observed: 9009.009 ops/sec)
Total latency = 3.0578925432347E7 (+/- 0) us 
Consensus latency = 2620.8394759999996 (+/- 128) us 
Pre-consensus latency = 0.0 (+/- 0) us 
Pos-consensus latency = 3.0576457445263002E7 (+/- 0) us 
Propose latency = 255.949095 (+/- 38) us 
Write latency = 901.2481319999999 (+/- 133) us 
Accept latency = 1463.642249 (+/- 115) us 
Batch average size = NaN (+/- 0) requests
ConsensusMessage ByteCount = 1443890:21882
TOMMessage ByteCount = 132383282:400978
StandardSMMessage ByteCount = 302:17
LCMessage ByteCount = 60:12
--- Measurements after 269000 ops (1000 samples) ---
Throughput = 5555.5557 operations/sec (Maximum observed: 9009.009 ops/sec)
Total latency = 3.0691747594661E7 (+/- 0) us 
Consensus latency = 2630.293533 (+/- 323) us 
Pre-consensus latency = 0.0 (+/- 0) us 
Pos-consensus latency = 3.0689279768223997E7 (+/- 0) us 
Propose latency = 287.511634 (+/- 75) us 
Write latency = 899.087703 (+/- 287) us 
Accept latency = 1443.694196 (+/- 110) us 
Batch average size = NaN (+/- 0) requests
ConsensusMessage ByteCount = 1443890:21882
TOMMessage ByteCount = 132715014:401297
StandardSMMessage ByteCount = 302:17
LCMessage ByteCount = 60:12
--- Measurements after 270000 ops (1000 samples) ---
Throughput = 6711.409 operations/sec (Maximum observed: 9009.009 ops/sec)
Total latency = 3.0796892158151E7 (+/- 0) us 
Consensus latency = 2676.885633 (+/- 144) us 
Pre-consensus latency = 0.0 (+/- 0) us 
Pos-consensus latency = 3.0794368332242E7 (+/- 0) us 
Propose latency = 244.196568 (+/- 27) us 
Write latency = 917.420517 (+/- 172) us 
Accept latency = 1515.268548 (+/- 84) us 
Batch average size = NaN (+/- 0) requests
ConsensusMessage ByteCount = 1443890:21882
TOMMessage ByteCount = 132965637:401538
StandardSMMessage ByteCount = 302:17
LCMessage ByteCount = 60:12
--- Measurements after 271000 ops (1000 samples) ---
Throughput = 6666.6665 operations/sec (Maximum observed: 9009.009 ops/sec)
Total latency = 3.0890134423545E7 (+/- 0) us 
Consensus latency = 2777.573382 (+/- 172) us 
Pre-consensus latency = 0.0 (+/- 0) us 
Pos-consensus latency = 3.0887522478053E7 (+/- 0) us 
Propose latency = 296.601788 (+/- 95) us 
Write latency = 952.514858 (+/- 139) us 
Accept latency = 1528.456736 (+/- 76) us 
Batch average size = NaN (+/- 0) requests
ConsensusMessage ByteCount = 1443890:21882
TOMMessage ByteCount = 133259942:401821
StandardSMMessage ByteCount = 302:17
LCMessage ByteCount = 60:12
--- Measurements after 272000 ops (1000 samples) ---
Throughput = 6666.6665 operations/sec (Maximum observed: 9009.009 ops/sec)
Total latency = 3.0984978093368E7 (+/- 0) us 
Consensus latency = 2627.208834 (+/- 183) us 
Pre-consensus latency = 0.0 (+/- 0) us 
Pos-consensus latency = 3.0982511403059E7 (+/- 0) us 
Propose latency = 281.144851 (+/- 99) us 
Write latency = 855.3348510000001 (+/- 155) us 
Accept latency = 1490.729132 (+/- 113) us 
Batch average size = NaN (+/- 0) requests
ConsensusMessage ByteCount = 1443890:21882
TOMMessage ByteCount = 133512643:402064
StandardSMMessage ByteCount = 302:17
LCMessage ByteCount = 60:12
--- Measurements after 273000 ops (1000 samples) ---
Throughput = 6666.6665 operations/sec (Maximum observed: 9009.009 ops/sec)
Total latency = 3.1079418271403998E7 (+/- 0) us 
Consensus latency = 2691.644966 (+/- 742) us 
Pre-consensus latency = 0.0 (+/- 0) us 
Pos-consensus latency = 3.1076874402902E7 (+/- 0) us 
Propose latency = 260.767927 (+/- 40) us 
Write latency = 1066.012045 (+/- 1077) us 
Accept latency = 1364.864994 (+/- 365) us 
Batch average size = NaN (+/- 0) requests
ConsensusMessage ByteCount = 1443890:21882
TOMMessage ByteCount = 133747669:402290
StandardSMMessage ByteCount = 302:17
LCMessage ByteCount = 60:12
--- Measurements after 274000 ops (1000 samples) ---
Throughput = 5464.481 operations/sec (Maximum observed: 9009.009 ops/sec)
Total latency = 3.1175740852417E7 (+/- 0) us 
Consensus latency = 2535.84337 (+/- 234) us 
Pre-consensus latency = 0.0 (+/- 0) us 
Pos-consensus latency = 3.1173348773361E7 (+/- 0) us 
Propose latency = 242.700043 (+/- 44) us 
Write latency = 807.120583 (+/- 210) us 
Accept latency = 1486.0227439999999 (+/- 124) us 
Batch average size = NaN (+/- 0) requests
ConsensusMessage ByteCount = 1443890:21882
TOMMessage ByteCount = 134055482:402586
StandardSMMessage ByteCount = 302:17
LCMessage ByteCount = 60:12
--- Measurements after 275000 ops (1000 samples) ---
Throughput = 6666.6665 operations/sec (Maximum observed: 9009.009 ops/sec)
Total latency = 3.130084497578E7 (+/- 0) us 
Consensus latency = 2504.333455 (+/- 191) us 
Pre-consensus latency = 0.0 (+/- 0) us 
Pos-consensus latency = 3.1298491653587002E7 (+/- 0) us 
Propose latency = 260.643886 (+/- 39) us 
Write latency = 781.4198680000001 (+/- 173) us 
Accept latency = 1462.269701 (+/- 118) us 
Batch average size = NaN (+/- 0) requests
ConsensusMessage ByteCount = 1443890:21882
TOMMessage ByteCount = 134351862:402871
StandardSMMessage ByteCount = 302:17
LCMessage ByteCount = 60:12
--- Measurements after 276000 ops (1000 samples) ---
Throughput = 6711.409 operations/sec (Maximum observed: 9009.009 ops/sec)
Total latency = 3.1394758196825E7 (+/- 0) us 
Consensus latency = 2498.548164 (+/- 135) us 
Pre-consensus latency = 0.0 (+/- 0) us 
Pos-consensus latency = 3.1392406795701E7 (+/- 0) us 
Propose latency = 256.819004 (+/- 38) us 
Write latency = 827.15895 (+/- 180) us 
Accept latency = 1414.5702099999999 (+/- 96) us 
Batch average size = NaN (+/- 0) requests
ConsensusMessage ByteCount = 1443890:21882
TOMMessage ByteCount = 134623281:403132
StandardSMMessage ByteCount = 302:17
LCMessage ByteCount = 60:12
--- Measurements after 277000 ops (1000 samples) ---
Throughput = 6711.409 operations/sec (Maximum observed: 9009.009 ops/sec)
Total latency = 3.1488467344299998E7 (+/- 0) us 
Consensus latency = 2483.344907 (+/- 178) us 
Pre-consensus latency = 0.0 (+/- 0) us 
Pos-consensus latency = 3.1486132688689E7 (+/- 0) us 
Propose latency = 255.598597 (+/- 32) us 
Write latency = 781.6821110000001 (+/- 146) us 
Accept latency = 1446.064199 (+/- 76) us 
Batch average size = NaN (+/- 0) requests
ConsensusMessage ByteCount = 1443890:21882
TOMMessage ByteCount = 134851029:403351
StandardSMMessage ByteCount = 302:17
LCMessage ByteCount = 60:12
--- Measurements after 278000 ops (1000 samples) ---
Throughput = 6711.409 operations/sec (Maximum observed: 9009.009 ops/sec)
Total latency = 3.1579200733689E7 (+/- 0) us 
Consensus latency = 2757.774586 (+/- 320) us 
Pre-consensus latency = 0.0 (+/- 0) us 
Pos-consensus latency = 3.1576669808987E7 (+/- 0) us 
Propose latency = 496.38463900000005 (+/- 420) us 
Write latency = 785.099006 (+/- 191) us 
Accept latency = 1476.2909410000002 (+/- 90) us 
Batch average size = NaN (+/- 0) requests
ConsensusMessage ByteCount = 1443890:21882
TOMMessage ByteCount = 135068376:403560
StandardSMMessage ByteCount = 302:17
LCMessage ByteCount = 60:12
--- Measurements after 279000 ops (1000 samples) ---
Throughput = 6622.5166 operations/sec (Maximum observed: 9009.009 ops/sec)
Total latency = 3.1675673732717E7 (+/- 0) us 
Consensus latency = 2428.4544130000004 (+/- 460) us 
Pre-consensus latency = 0.0 (+/- 0) us 
Pos-consensus latency = 3.1673403799258E7 (+/- 0) us 
Propose latency = 268.645182 (+/- 43) us 
Write latency = 707.3499889999999 (+/- 342) us 
Accept latency = 1452.4592420000001 (+/- 179) us 
Batch average size = NaN (+/- 0) requests
ConsensusMessage ByteCount = 1443890:21882
TOMMessage ByteCount = 135320037:403802
StandardSMMessage ByteCount = 302:17
LCMessage ByteCount = 60:12
--- Measurements after 280000 ops (1000 samples) ---
Throughput = 5524.862 operations/sec (Maximum observed: 9009.009 ops/sec)
Total latency = 3.1787472072584998E7 (+/- 0) us 
Consensus latency = 2525.4918040000002 (+/- 218) us 
Pre-consensus latency = 0.0 (+/- 0) us 
Pos-consensus latency = 3.1785097835159E7 (+/- 0) us 
Propose latency = 244.168136 (+/- 29) us 
Write latency = 803.73569 (+/- 234) us 
Accept latency = 1477.5879779999998 (+/- 87) us 
Batch average size = NaN (+/- 0) requests
ConsensusMessage ByteCount = 1443890:21882
TOMMessage ByteCount = 135664258:404133
StandardSMMessage ByteCount = 302:17
LCMessage ByteCount = 60:12
--- Measurements after 281000 ops (1000 samples) ---
Throughput = 6711.409 operations/sec (Maximum observed: 9009.009 ops/sec)
Total latency = 3.189626782337E7 (+/- 0) us 
Consensus latency = 2610.699503 (+/- 177) us 
Pre-consensus latency = 0.0 (+/- 0) us 
Pos-consensus latency = 3.1893809794362E7 (+/- 0) us 
Propose latency = 265.77237 (+/- 36) us 
Write latency = 877.3251650000001 (+/- 210) us 
Accept latency = 1467.6019680000002 (+/- 106) us 
Batch average size = NaN (+/- 0) requests
ConsensusMessage ByteCount = 1443890:21882
TOMMessage ByteCount = 135915924:404375
StandardSMMessage ByteCount = 302:17
LCMessage ByteCount = 60:12
--- Measurements after 282000 ops (1000 samples) ---
Throughput = 6711.409 operations/sec (Maximum observed: 9009.009 ops/sec)
Total latency = 3.1990707841679E7 (+/- 0) us 
Consensus latency = 2608.1861609999996 (+/- 192) us 
Pre-consensus latency = 0.0 (+/- 0) us 
Pos-consensus latency = 3.1988250676461E7 (+/- 0) us 
Propose latency = 249.700364 (+/- 34) us 
Write latency = 886.87982 (+/- 213) us 
Accept latency = 1471.605977 (+/- 78) us 
Batch average size = NaN (+/- 0) requests
ConsensusMessage ByteCount = 1443890:21882
TOMMessage ByteCount = 136157189:404607
StandardSMMessage ByteCount = 302:17
LCMessage ByteCount = 60:12
--- Measurements after 283000 ops (1000 samples) ---
Throughput = 6666.6665 operations/sec (Maximum observed: 9009.009 ops/sec)
Total latency = 3.2085433396041002E7 (+/- 0) us 
Consensus latency = 2790.152443 (+/- 831) us 
Pre-consensus latency = 0.0 (+/- 0) us 
Pos-consensus latency = 3.2082813474655E7 (+/- 0) us 
Propose latency = 287.601039 (+/- 78) us 
Write latency = 839.504753 (+/- 267) us 
Accept latency = 1663.046651 (+/- 830) us 
Batch average size = NaN (+/- 0) requests
ConsensusMessage ByteCount = 1443890:21882
TOMMessage ByteCount = 136371415:404813
StandardSMMessage ByteCount = 302:17
LCMessage ByteCount = 60:12
--- Measurements after 284000 ops (1000 samples) ---
Throughput = 6666.6665 operations/sec (Maximum observed: 9009.009 ops/sec)
Total latency = 3.2178594825294E7 (+/- 0) us 
Consensus latency = 3116.658751 (+/- 744) us 
Pre-consensus latency = 0.0 (+/- 0) us 
Pos-consensus latency = 3.2175687520651E7 (+/- 0) us 
Propose latency = 394.785913 (+/- 246) us 
Write latency = 1261.61296 (+/- 600) us 
Accept latency = 1460.259878 (+/- 80) us 
Batch average size = NaN (+/- 0) requests
ConsensusMessage ByteCount = 1443890:21882
TOMMessage ByteCount = 136649078:405080
StandardSMMessage ByteCount = 302:17
LCMessage ByteCount = 60:12
--- Measurements after 285000 ops (1000 samples) ---
Throughput = 6666.6665 operations/sec (Maximum observed: 9009.009 ops/sec)
Total latency = 3.2274155826189E7 (+/- 0) us 
Consensus latency = 2446.9741940000004 (+/- 178) us 
Pre-consensus latency = 0.0 (+/- 0) us 
Pos-consensus latency = 3.2271849730913E7 (+/- 0) us 
Propose latency = 236.09128 (+/- 34) us 
Write latency = 721.965591 (+/- 223) us 
Accept latency = 1488.9173230000001 (+/- 113) us 
Batch average size = NaN (+/- 0) requests
ConsensusMessage ByteCount = 1443890:21882
TOMMessage ByteCount = 136892422:405314
StandardSMMessage ByteCount = 302:17
LCMessage ByteCount = 60:12
--- Measurements after 286000 ops (1000 samples) ---
Throughput = 5347.5938 operations/sec (Maximum observed: 9009.009 ops/sec)
Total latency = 3.2404872492831003E7 (+/- 0) us 
Consensus latency = 2510.405322 (+/- 155) us 
Pre-consensus latency = 0.0 (+/- 0) us 
Pos-consensus latency = 3.2402508369997002E7 (+/- 0) us 
Propose latency = 247.72570100000002 (+/- 28) us 
Write latency = 708.3890620000001 (+/- 191) us 
Accept latency = 1554.2905589999998 (+/- 89) us 
Batch average size = NaN (+/- 0) requests
ConsensusMessage ByteCount = 1443890:21882
TOMMessage ByteCount = 137103528:405517
StandardSMMessage ByteCount = 302:17
LCMessage ByteCount = 60:12
--- Measurements after 287000 ops (1000 samples) ---
Throughput = 6578.9473 operations/sec (Maximum observed: 9009.009 ops/sec)
Total latency = 3.2502680351255E7 (+/- 0) us 
Consensus latency = 2482.9477190000002 (+/- 142) us 
Pre-consensus latency = 0.0 (+/- 0) us 
Pos-consensus latency = 3.2500347306911997E7 (+/- 0) us 
Propose latency = 260.254031 (+/- 39) us 
Write latency = 777.627344 (+/- 156) us 
Accept latency = 1445.066344 (+/- 109) us 
Batch average size = NaN (+/- 0) requests
ConsensusMessage ByteCount = 1443890:21882
TOMMessage ByteCount = 137110808:405524
StandardSMMessage ByteCount = 302:17
LCMessage ByteCount = 60:12
--- Measurements after 288000 ops (1000 samples) ---
Throughput = 6578.9473 operations/sec (Maximum observed: 9009.009 ops/sec)
Total latency = 3.2598720393257998E7 (+/- 0) us 
Consensus latency = 2402.094407 (+/- 392) us 
Pre-consensus latency = 0.0 (+/- 0) us 
Pos-consensus latency = 3.2596467143528998E7 (+/- 0) us 
Propose latency = 242.179495 (+/- 43) us 
Write latency = 703.0271019999999 (+/- 298) us 
Accept latency = 1456.88781 (+/- 136) us 
Batch average size = NaN (+/- 0) requests
ConsensusMessage ByteCount = 1443890:21882
TOMMessage ByteCount = 137119128:405532
StandardSMMessage ByteCount = 302:17
LCMessage ByteCount = 60:12
--- Measurements after 289000 ops (1000 samples) ---
Throughput = 6622.5166 operations/sec (Maximum observed: 9009.009 ops/sec)
Total latency = 3.2694164016994E7 (+/- 0) us 
Consensus latency = 2411.768453 (+/- 176) us 
Pre-consensus latency = 0.0 (+/- 0) us 
Pos-consensus latency = 3.2691894233719002E7 (+/- 0) us 
Propose latency = 245.953869 (+/- 36) us 
Write latency = 760.8172950000001 (+/- 149) us 
Accept latency = 1404.9972890000001 (+/- 103) us 
Batch average size = NaN (+/- 0) requests
ConsensusMessage ByteCount = 1443890:21882
TOMMessage ByteCount = 137122248:405535
StandardSMMessage ByteCount = 302:17
LCMessage ByteCount = 60:12
--- Measurements after 290000 ops (1000 samples) ---
Throughput = 6622.5166 operations/sec (Maximum observed: 9009.009 ops/sec)
Total latency = 3.2786407535853002E7 (+/- 0) us 
Consensus latency = 2873.075216 (+/- 504) us 
Pre-consensus latency = 0.0 (+/- 0) us 
Pos-consensus latency = 3.2783755226537E7 (+/- 0) us 
Propose latency = 496.527366 (+/- 409) us 
Write latency = 922.77728 (+/- 218) us 
Accept latency = 1453.7705700000001 (+/- 47) us 
Batch average size = NaN (+/- 0) requests
ConsensusMessage ByteCount = 1443890:21882
TOMMessage ByteCount = 137125368:405538
StandardSMMessage ByteCount = 302:17
LCMessage ByteCount = 60:12
--- Measurements after 291000 ops (1000 samples) ---
Throughput = 5882.353 operations/sec (Maximum observed: 9009.009 ops/sec)
Total latency = 3.289106871309E7 (+/- 0) us 
Consensus latency = 2562.74744 (+/- 173) us 
Pre-consensus latency = 0.0 (+/- 0) us 
Pos-consensus latency = 3.2888659058489E7 (+/- 0) us 
Propose latency = 258.091068 (+/- 51) us 
Write latency = 822.92261 (+/- 202) us 
Accept latency = 1481.733762 (+/- 103) us 
Batch average size = NaN (+/- 0) requests
ConsensusMessage ByteCount = 1443890:21882
TOMMessage ByteCount = 137130568:405543
StandardSMMessage ByteCount = 302:17
LCMessage ByteCount = 60:12
--- Measurements after 292000 ops (1000 samples) ---
Throughput = 6666.6665 operations/sec (Maximum observed: 9009.009 ops/sec)
Total latency = 3.2999636001707003E7 (+/- 0) us 
Consensus latency = 2494.900369 (+/- 89) us 
Pre-consensus latency = 0.0 (+/- 0) us 
Pos-consensus latency = 3.2997287406553E7 (+/- 0) us 
Propose latency = 250.799705 (+/- 42) us 
Write latency = 769.3740110000001 (+/- 138) us 
Accept latency = 1474.726653 (+/- 84) us 
Batch average size = NaN (+/- 0) requests
ConsensusMessage ByteCount = 1443890:21882
TOMMessage ByteCount = 137134728:405547
StandardSMMessage ByteCount = 302:17
LCMessage ByteCount = 60:12
--- Measurements after 293000 ops (1000 samples) ---
Throughput = 6578.9473 operations/sec (Maximum observed: 9009.009 ops/sec)
Total latency = 3.3094261746096E7 (+/- 0) us 
Consensus latency = 2609.062875 (+/- 754) us 
Pre-consensus latency = 0.0 (+/- 0) us 
Pos-consensus latency = 3.3091800900203E7 (+/- 0) us 
Propose latency = 243.426369 (+/- 39) us 
Write latency = 970.293782 (+/- 1080) us 
Accept latency = 1395.3427239999999 (+/- 369) us 
Batch average size = NaN (+/- 0) requests
ConsensusMessage ByteCount = 1443890:21882
TOMMessage ByteCount = 137155528:405567
StandardSMMessage ByteCount = 302:17
LCMessage ByteCount = 60:12
--- Measurements after 294000 ops (1000 samples) ---
Throughput = 6535.9478 operations/sec (Maximum observed: 9009.009 ops/sec)
Total latency = 3.3191564229008E7 (+/- 0) us 
Consensus latency = 2444.777125 (+/- 170) us 
Pre-consensus latency = 0.0 (+/- 0) us 
Pos-consensus latency = 3.3189263692321997E7 (+/- 0) us 
Propose latency = 245.825242 (+/- 50) us 
Write latency = 725.62145 (+/- 125) us 
Accept latency = 1473.3304329999999 (+/- 92) us 
Batch average size = NaN (+/- 0) requests
ConsensusMessage ByteCount = 1443890:21882
TOMMessage ByteCount = 137162806:405574
StandardSMMessage ByteCount = 302:17
LCMessage ByteCount = 60:12
--- Measurements after 295000 ops (1000 samples) ---
Throughput = 6535.9478 operations/sec (Maximum observed: 9009.009 ops/sec)
Total latency = 3.328930087473E7 (+/- 0) us 
Consensus latency = 2373.1166200000002 (+/- 194) us 
Pre-consensus latency = 0.0 (+/- 0) us 
Pos-consensus latency = 3.328706684764E7 (+/- 0) us 
Propose latency = 232.34266699999998 (+/- 48) us 
Write latency = 673.89887 (+/- 228) us 
Accept latency = 1466.8750830000001 (+/- 100) us 
Batch average size = NaN (+/- 0) requests
ConsensusMessage ByteCount = 1443890:21882
TOMMessage ByteCount = 137171125:405582
StandardSMMessage ByteCount = 302:17
LCMessage ByteCount = 60:12
--- Measurements after 296000 ops (1000 samples) ---
Throughput = 6622.5166 operations/sec (Maximum observed: 9009.009 ops/sec)
Total latency = 3.3383842694018003E7 (+/- 0) us 
Consensus latency = 2721.5450950000004 (+/- 541) us 
Pre-consensus latency = 0.0 (+/- 0) us 
Pos-consensus latency = 3.33813165316E7 (+/- 0) us 
Propose latency = 403.53583399999997 (+/- 419) us 
Write latency = 837.825371 (+/- 197) us 
Accept latency = 1480.1838899999998 (+/- 111) us 
Batch average size = NaN (+/- 0) requests
ConsensusMessage ByteCount = 1443890:21882
TOMMessage ByteCount = 137181525:405592
StandardSMMessage ByteCount = 302:17
LCMessage ByteCount = 60:12
--- Measurements after 297000 ops (1000 samples) ---
Throughput = 5847.953 operations/sec (Maximum observed: 9009.009 ops/sec)
Total latency = 3.3493592385906E7 (+/- 0) us 
Consensus latency = 2676.431125 (+/- 610) us 
Pre-consensus latency = 0.0 (+/- 0) us 
Pos-consensus latency = 3.3491132717539E7 (+/- 0) us 
Propose latency = 453.00844 (+/- 438) us 
Write latency = 790.603094 (+/- 231) us 
Accept latency = 1432.819591 (+/- 72) us 
Batch average size = NaN (+/- 0) requests
ConsensusMessage ByteCount = 1443890:21882
TOMMessage ByteCount = 137192965:405603
StandardSMMessage ByteCount = 302:17
LCMessage ByteCount = 60:12
--- Measurements after 298000 ops (1000 samples) ---
Throughput = 6622.5166 operations/sec (Maximum observed: 9009.009 ops/sec)
Total latency = 3.3596716366037995E7 (+/- 0) us 
Consensus latency = 2782.054178 (+/- 867) us 
Pre-consensus latency = 0.0 (+/- 0) us 
Pos-consensus latency = 3.3594110335011E7 (+/- 0) us 
Propose latency = 282.28315399999997 (+/- 69) us 
Write latency = 799.358241 (+/- 290) us 
Accept latency = 1700.412783 (+/- 855) us 
Batch average size = NaN (+/- 0) requests
ConsensusMessage ByteCount = 1443890:21882
TOMMessage ByteCount = 137198165:405608
StandardSMMessage ByteCount = 302:17
LCMessage ByteCount = 60:12
--- Measurements after 299000 ops (1000 samples) ---
Throughput = 6578.9473 operations/sec (Maximum observed: 9009.009 ops/sec)
Total latency = 3.3694750570313E7 (+/- 0) us 
Consensus latency = 2523.2632519999997 (+/- 109) us 
Pre-consensus latency = 0.0 (+/- 0) us 
Pos-consensus latency = 3.3692368726614E7 (+/- 0) us 
Propose latency = 237.210042 (+/- 25) us 
Write latency = 858.743496 (+/- 100) us 
Accept latency = 1427.309714 (+/- 80) us 
Batch average size = NaN (+/- 0) requests
ConsensusMessage ByteCount = 1443890:21882
TOMMessage ByteCount = 137204405:405614
StandardSMMessage ByteCount = 302:17
LCMessage ByteCount = 60:12
--- Measurements after 300000 ops (1000 samples) ---
Throughput = 6622.5166 operations/sec (Maximum observed: 9009.009 ops/sec)
Total latency = 3.3789084356408E7 (+/- 0) us 
Consensus latency = 2594.892139 (+/- 183) us 
Pre-consensus latency = 0.0 (+/- 0) us 
Pos-consensus latency = 3.3786646387361996E7 (+/- 0) us 
Propose latency = 262.850206 (+/- 47) us 
Write latency = 849.326114 (+/- 144) us 
Accept latency = 1482.715819 (+/- 98) us 
Batch average size = NaN (+/- 0) requests
ConsensusMessage ByteCount = 1443890:21882
TOMMessage ByteCount = 137206485:405616
StandardSMMessage ByteCount = 302:17
LCMessage ByteCount = 60:12
--- Measurements after 301000 ops (1000 samples) ---
Throughput = 6622.5166 operations/sec (Maximum observed: 9009.009 ops/sec)
Total latency = 3.3885070613595E7 (+/- 0) us 
Consensus latency = 2580.875895 (+/- 184) us 
Pre-consensus latency = 0.0 (+/- 0) us 
Pos-consensus latency = 3.3882645753933996E7 (+/- 0) us 
Propose latency = 265.036058 (+/- 45) us 
Write latency = 863.1737449999999 (+/- 199) us 
Accept latency = 1452.666092 (+/- 104) us 
Batch average size = NaN (+/- 0) requests
ConsensusMessage ByteCount = 1443890:21882
TOMMessage ByteCount = 137211685:405621
StandardSMMessage ByteCount = 302:17
LCMessage ByteCount = 60:12
--- Measurements after 302000 ops (1000 samples) ---
Throughput = 5780.3467 operations/sec (Maximum observed: 9009.009 ops/sec)
Total latency = 3.3981104017103E7 (+/- 0) us 
Consensus latency = 2898.5593089999998 (+/- 751) us 
Pre-consensus latency = 0.0 (+/- 0) us 
Pos-consensus latency = 3.3978364979734E7 (+/- 0) us 
Propose latency = 281.380975 (+/- 71) us 
Write latency = 1106.196492 (+/- 771) us 
Accept latency = 1510.981842 (+/- 134) us 
Batch average size = NaN (+/- 0) requests
ConsensusMessage ByteCount = 1443890:21882
TOMMessage ByteCount = 137223124:405632
StandardSMMessage ByteCount = 302:17
LCMessage ByteCount = 60:12
--- Measurements after 303000 ops (1000 samples) ---
Throughput = 4694.8354 operations/sec (Maximum observed: 9009.009 ops/sec)
Total latency = 3.4126733617876E7 (+/- 0) us 
Consensus latency = 2452.007995 (+/- 253) us 
Pre-consensus latency = 0.0 (+/- 0) us 
Pos-consensus latency = 3.4124499050602004E7 (+/- 0) us 
Propose latency = 362.3151 (+/- 206) us 
Write latency = 725.568077 (+/- 356) us 
Accept latency = 1364.124818 (+/- 127) us 
Batch average size = NaN (+/- 0) requests
ConsensusMessage ByteCount = 1443890:21882
TOMMessage ByteCount = 137232484:405641
StandardSMMessage ByteCount = 302:17
LCMessage ByteCount = 60:12
--- Measurements after 304000 ops (1000 samples) ---
Throughput = 4784.689 operations/sec (Maximum observed: 9009.009 ops/sec)
Total latency = 3.4284170595616E7 (+/- 0) us 
Consensus latency = 2519.4005899999997 (+/- 193) us 
Pre-consensus latency = 0.0 (+/- 0) us 
Pos-consensus latency = 3.4281801774635E7 (+/- 0) us 
Propose latency = 259.54072099999996 (+/- 43) us 
Write latency = 837.532936 (+/- 177) us 
Accept latency = 1422.326933 (+/- 112) us 
Batch average size = NaN (+/- 0) requests
ConsensusMessage ByteCount = 1443890:21882
TOMMessage ByteCount = 137247043:405655
StandardSMMessage ByteCount = 302:17
LCMessage ByteCount = 60:12
--- Measurements after 305000 ops (1000 samples) ---
Throughput = 4739.3364 operations/sec (Maximum observed: 9009.009 ops/sec)
Total latency = 3.4437392998222E7 (+/- 0) us 
Consensus latency = 2554.091802 (+/- 159) us 
Pre-consensus latency = 0.0 (+/- 0) us 
Pos-consensus latency = 3.4434986923616E7 (+/- 0) us 
Propose latency = 256.550605 (+/- 32) us 
Write latency = 874.566721 (+/- 159) us 
Accept latency = 1422.974476 (+/- 77) us 
Batch average size = NaN (+/- 0) requests
ConsensusMessage ByteCount = 1443890:21882
TOMMessage ByteCount = 137262642:405670
StandardSMMessage ByteCount = 302:17
LCMessage ByteCount = 60:12
--- Measurements after 306000 ops (1000 samples) ---
Throughput = 4739.3364 operations/sec (Maximum observed: 9009.009 ops/sec)
Total latency = 3.459256664055E7 (+/- 0) us 
Consensus latency = 2629.458727 (+/- 161) us 
Pre-consensus latency = 0.0 (+/- 0) us 
Pos-consensus latency = 3.4590085352662005E7 (+/- 0) us 
Propose latency = 246.282624 (+/- 23) us 
Write latency = 918.087091 (+/- 182) us 
Accept latency = 1465.0890120000001 (+/- 78) us 
Batch average size = NaN (+/- 0) requests
ConsensusMessage ByteCount = 1443890:21882
TOMMessage ByteCount = 137272000:405679
StandardSMMessage ByteCount = 302:17
LCMessage ByteCount = 60:12
--- Measurements after 307000 ops (1000 samples) ---
Throughput = 4739.3364 operations/sec (Maximum observed: 9009.009 ops/sec)
Total latency = 3.4747053011402E7 (+/- 0) us 
Consensus latency = 2643.135156 (+/- 87) us 
Pre-consensus latency = 0.0 (+/- 0) us 
Pos-consensus latency = 3.474456114863E7 (+/- 0) us 
Propose latency = 262.139316 (+/- 38) us 
Write latency = 966.2722650000001 (+/- 135) us 
Accept latency = 1414.723575 (+/- 85) us 
Batch average size = NaN (+/- 0) requests
ConsensusMessage ByteCount = 1443890:21882
TOMMessage ByteCount = 137292798:405699
StandardSMMessage ByteCount = 302:17
LCMessage ByteCount = 60:12
--- Measurements after 308000 ops (1000 samples) ---
Throughput = 3921.5686 operations/sec (Maximum observed: 9009.009 ops/sec)
Total latency = 3.4919087292384006E7 (+/- 0) us 
Consensus latency = 2502.044375 (+/- 409) us 
Pre-consensus latency = 0.0 (+/- 0) us 
Pos-consensus latency = 3.4916750967181E7 (+/- 0) us 
Propose latency = 289.02684000000005 (+/- 65) us 
Write latency = 773.381337 (+/- 327) us 
Accept latency = 1439.6361980000001 (+/- 138) us 
Batch average size = NaN (+/- 0) requests
ConsensusMessage ByteCount = 1443890:21882
TOMMessage ByteCount = 137306316:405712
StandardSMMessage ByteCount = 302:17
LCMessage ByteCount = 60:12
--- Measurements after 309000 ops (1000 samples) ---
Throughput = 4716.981 operations/sec (Maximum observed: 9009.009 ops/sec)
Total latency = 3.5101233157661006E7 (+/- 0) us 
Consensus latency = 2998.009814 (+/- 501) us 
Pre-consensus latency = 0.0 (+/- 0) us 
Pos-consensus latency = 3.5098460852422E7 (+/- 0) us 
Propose latency = 491.781675 (+/- 519) us 
Write latency = 1033.076163 (+/- 194) us 
Accept latency = 1473.151976 (+/- 61) us 
Batch average size = NaN (+/- 0) requests
ConsensusMessage ByteCount = 1443890:21882
TOMMessage ByteCount = 137316715:405722
StandardSMMessage ByteCount = 302:17
LCMessage ByteCount = 60:12
--- Measurements after 310000 ops (1000 samples) ---
Throughput = 4694.8354 operations/sec (Maximum observed: 9009.009 ops/sec)
Total latency = 3.5258130131097004E7 (+/- 0) us 
Consensus latency = 2904.8685920000003 (+/- 602) us 
Pre-consensus latency = 0.0 (+/- 0) us 
Pos-consensus latency = 3.5255477786375E7 (+/- 0) us 
Propose latency = 554.271579 (+/- 591) us 
Write latency = 951.67917 (+/- 77) us 
Accept latency = 1398.9178430000002 (+/- 78) us 
Batch average size = NaN (+/- 0) requests
ConsensusMessage ByteCount = 1443890:21882
TOMMessage ByteCount = 137321913:405727
StandardSMMessage ByteCount = 302:17
LCMessage ByteCount = 60:12
--- Measurements after 311000 ops (1000 samples) ---
Throughput = 4716.981 operations/sec (Maximum observed: 9009.009 ops/sec)
Total latency = 3.5416032205066E7 (+/- 0) us 
Consensus latency = 2641.365761 (+/- 127) us 
Pre-consensus latency = 0.0 (+/- 0) us 
Pos-consensus latency = 3.5413541625129E7 (+/- 0) us 
Propose latency = 252.338014 (+/- 37) us 
Write latency = 905.605318 (+/- 107) us 
Accept latency = 1483.422429 (+/- 75) us 
Batch average size = NaN (+/- 0) requests
ConsensusMessage ByteCount = 1443890:21882
TOMMessage ByteCount = 137334391:405739
StandardSMMessage ByteCount = 302:17
LCMessage ByteCount = 60:12
--- Measurements after 312000 ops (1000 samples) ---
Throughput = 4716.981 operations/sec (Maximum observed: 9009.009 ops/sec)
Total latency = 3.5571408066468E7 (+/- 0) us 
Consensus latency = 2499.5648229999997 (+/- 346) us 
Pre-consensus latency = 0.0 (+/- 0) us 
Pos-consensus latency = 3.5569080266405E7 (+/- 0) us 
Propose latency = 287.250878 (+/- 69) us 
Write latency = 808.123022 (+/- 284) us 
Accept latency = 1404.1909229999999 (+/- 133) us 
Batch average size = NaN (+/- 0) requests
ConsensusMessage ByteCount = 1443890:21882
TOMMessage ByteCount = 137343750:405748
StandardSMMessage ByteCount = 302:17
LCMessage ByteCount = 60:12
--- Measurements after 313000 ops (1000 samples) ---
Throughput = 4716.981 operations/sec (Maximum observed: 9009.009 ops/sec)
Total latency = 3.5728289879165E7 (+/- 0) us 
Consensus latency = 2577.985065 (+/- 219) us 
Pre-consensus latency = 0.0 (+/- 0) us 
Pos-consensus latency = 3.5725870869922996E7 (+/- 0) us 
Propose latency = 287.127388 (+/- 41) us 
Write latency = 889.883716 (+/- 178) us 
Accept latency = 1400.973961 (+/- 92) us 
Batch average size = NaN (+/- 0) requests
ConsensusMessage ByteCount = 1443890:21882
TOMMessage ByteCount = 137358309:405762
StandardSMMessage ByteCount = 302:17
LCMessage ByteCount = 60:12
--- Measurements after 314000 ops (1000 samples) ---
Throughput = 5494.5054 operations/sec (Maximum observed: 9009.009 ops/sec)
Total latency = 3.5877195456787005E7 (+/- 0) us 
Consensus latency = 2676.5400600000003 (+/- 163) us 
Pre-consensus latency = 0.0 (+/- 0) us 
Pos-consensus latency = 3.5874676171234004E7 (+/- 0) us 
Propose latency = 267.510744 (+/- 44) us 
Write latency = 977.3036060000001 (+/- 111) us 
Accept latency = 1431.72571 (+/- 103) us 
Batch average size = NaN (+/- 0) requests
ConsensusMessage ByteCount = 1443890:21882
TOMMessage ByteCount = 137367669:405771
StandardSMMessage ByteCount = 302:17
LCMessage ByteCount = 60:12
--- Measurements after 315000 ops (1000 samples) ---
Throughput = 6578.9473 operations/sec (Maximum observed: 9009.009 ops/sec)
Total latency = 3.5981268292207E7 (+/- 0) us 
Consensus latency = 2527.542866 (+/- 145) us 
Pre-consensus latency = 0.0 (+/- 0) us 
Pos-consensus latency = 3.5978891602655E7 (+/- 0) us 
Propose latency = 260.327758 (+/- 29) us 
Write latency = 900.082116 (+/- 147) us 
Accept latency = 1367.132992 (+/- 144) us 
Batch average size = NaN (+/- 0) requests
ConsensusMessage ByteCount = 1443890:21882
TOMMessage ByteCount = 137384307:405787
StandardSMMessage ByteCount = 302:17
LCMessage ByteCount = 60:12
--- Measurements after 316000 ops (1000 samples) ---
Throughput = 6493.5063 operations/sec (Maximum observed: 9009.009 ops/sec)
Total latency = 3.6078835959230006E7 (+/- 0) us 
Consensus latency = 2571.367719 (+/- 159) us 
Pre-consensus latency = 0.0 (+/- 0) us 
Pos-consensus latency = 3.6076438493133E7 (+/- 0) us 
Propose latency = 321.96636 (+/- 132) us 
Write latency = 891.340422 (+/- 126) us 
Accept latency = 1358.060937 (+/- 149) us 
Batch average size = NaN (+/- 0) requests
ConsensusMessage ByteCount = 1443890:21882
TOMMessage ByteCount = 137401986:405804
StandardSMMessage ByteCount = 302:17
LCMessage ByteCount = 60:12
--- Measurements after 317000 ops (1000 samples) ---
Throughput = 6578.9473 operations/sec (Maximum observed: 9009.009 ops/sec)
Total latency = 3.6177612379739E7 (+/- 0) us 
Consensus latency = 2737.915657 (+/- 810) us 
Pre-consensus latency = 0.0 (+/- 0) us 
Pos-consensus latency = 3.6175030144421E7 (+/- 0) us 
Propose latency = 260.53540100000004 (+/- 41) us 
Write latency = 1172.304815 (+/- 1112) us 
Accept latency = 1305.0754410000002 (+/- 361) us 
Batch average size = NaN (+/- 0) requests
ConsensusMessage ByteCount = 1443890:21882
TOMMessage ByteCount = 137413426:405815
StandardSMMessage ByteCount = 302:17
LCMessage ByteCount = 60:12
--- Measurements after 318000 ops (1000 samples) ---
Throughput = 6578.9473 operations/sec (Maximum observed: 9009.009 ops/sec)
Total latency = 3.6274617989585E7 (+/- 0) us 
Consensus latency = 2657.175995 (+/- 180) us 
Pre-consensus latency = 0.0 (+/- 0) us 
Pos-consensus latency = 3.6272111802038E7 (+/- 0) us 
Propose latency = 258.935411 (+/- 38) us 
Write latency = 972.63211 (+/- 159) us 
Accept latency = 1425.608474 (+/- 109) us 
Batch average size = NaN (+/- 0) requests
ConsensusMessage ByteCount = 1443890:21882
TOMMessage ByteCount = 137423826:405825
StandardSMMessage ByteCount = 302:17
LCMessage ByteCount = 60:12
--- Measurements after 319000 ops (1000 samples) ---
Throughput = 5747.1265 operations/sec (Maximum observed: 9009.009 ops/sec)
Total latency = 3.6372077422644995E7 (+/- 0) us 
Consensus latency = 2608.963077 (+/- 136) us 
Pre-consensus latency = 0.0 (+/- 0) us 
Pos-consensus latency = 3.6369623884469E7 (+/- 0) us 
Propose latency = 251.187908 (+/- 32) us 
Write latency = 934.09313 (+/- 129) us 
Accept latency = 1423.682039 (+/- 134) us 
Batch average size = NaN (+/- 0) requests
ConsensusMessage ByteCount = 1443890:21882
TOMMessage ByteCount = 137429026:405830
StandardSMMessage ByteCount = 302:17
LCMessage ByteCount = 60:12
--- Measurements after 320000 ops (1000 samples) ---
Throughput = 6535.9478 operations/sec (Maximum observed: 9009.009 ops/sec)
Total latency = 3.6490056174702E7 (+/- 0) us 
Consensus latency = 2534.666546 (+/- 156) us 
Pre-consensus latency = 0.0 (+/- 0) us 
Pos-consensus latency = 3.6487662309585E7 (+/- 0) us 
Propose latency = 233.312304 (+/- 24) us 
Write latency = 883.895267 (+/- 125) us 
Accept latency = 1417.458975 (+/- 108) us 
Batch average size = NaN (+/- 0) requests
ConsensusMessage ByteCount = 1443890:21882
TOMMessage ByteCount = 137436306:405837
StandardSMMessage ByteCount = 302:17
LCMessage ByteCount = 60:12
--- Measurements after 321000 ops (1000 samples) ---
Throughput = 6578.9473 operations/sec (Maximum observed: 9009.009 ops/sec)
Total latency = 3.658686193078E7 (+/- 0) us 
Consensus latency = 2744.3167829999998 (+/- 165) us 
Pre-consensus latency = 0.0 (+/- 0) us 
Pos-consensus latency = 3.6584268595708E7 (+/- 0) us 
Propose latency = 248.94164 (+/- 37) us 
Write latency = 1045.996354 (+/- 137) us 
Accept latency = 1449.378789 (+/- 76) us 
Batch average size = NaN (+/- 0) requests
ConsensusMessage ByteCount = 1443890:21882
TOMMessage ByteCount = 137441506:405842
StandardSMMessage ByteCount = 302:17
LCMessage ByteCount = 60:12
--- Measurements after 322000 ops (1000 samples) ---
Throughput = 6578.9473 operations/sec (Maximum observed: 9009.009 ops/sec)
Total latency = 3.6681074590698E7 (+/- 0) us 
Consensus latency = 2853.9573229999996 (+/- 735) us 
Pre-consensus latency = 0.0 (+/- 0) us 
Pos-consensus latency = 3.6678455823212E7 (+/- 0) us 
Propose latency = 381.537026 (+/- 162) us 
Write latency = 867.8882510000001 (+/- 253) us 
Accept latency = 1604.532046 (+/- 617) us 
Batch average size = NaN (+/- 0) requests
ConsensusMessage ByteCount = 1443890:21882
TOMMessage ByteCount = 137445666:405846
StandardSMMessage ByteCount = 302:17
LCMessage ByteCount = 60:12
--- Measurements after 323000 ops (1000 samples) ---
Throughput = 6622.5166 operations/sec (Maximum observed: 9009.009 ops/sec)
Total latency = 3.6777600302441E7 (+/- 0) us 
Consensus latency = 2611.920506 (+/- 72) us 
Pre-consensus latency = 0.0 (+/- 0) us 
Pos-consensus latency = 3.677513348037E7 (+/- 0) us 
Propose latency = 233.004248 (+/- 26) us 
Write latency = 926.38666 (+/- 99) us 
Accept latency = 1452.529598 (+/- 72) us 
Batch average size = NaN (+/- 0) requests
ConsensusMessage ByteCount = 1443890:21882
TOMMessage ByteCount = 137453986:405854
StandardSMMessage ByteCount = 302:17
LCMessage ByteCount = 60:12
--- Measurements after 324000 ops (1000 samples) ---
Throughput = 6666.6665 operations/sec (Maximum observed: 9009.009 ops/sec)
Total latency = 3.6871675287163004E7 (+/- 0) us 
Consensus latency = 2673.826996 (+/- 139) us 
Pre-consensus latency = 0.0 (+/- 0) us 
Pos-consensus latency = 3.6869157414694004E7 (+/- 0) us 
Propose latency = 262.254505 (+/- 37) us 
Write latency = 953.729951 (+/- 116) us 
Accept latency = 1457.84254 (+/- 79) us 
Batch average size = NaN (+/- 0) requests
ConsensusMessage ByteCount = 1443890:21882
TOMMessage ByteCount = 137462305:405862
StandardSMMessage ByteCount = 302:17
LCMessage ByteCount = 60:12
--- Measurements after 325000 ops (1000 samples) ---
Throughput = 5780.3467 operations/sec (Maximum observed: 9009.009 ops/sec)
Total latency = 3.6974509595349E7 (+/- 0) us 
Consensus latency = 2662.639976 (+/- 156) us 
Pre-consensus latency = 0.0 (+/- 0) us 
Pos-consensus latency = 3.6971997191516995E7 (+/- 0) us 
Propose latency = 253.704527 (+/- 39) us 
Write latency = 974.829338 (+/- 145) us 
Accept latency = 1434.106111 (+/- 74) us 
Batch average size = NaN (+/- 0) requests
ConsensusMessage ByteCount = 1443890:21882
TOMMessage ByteCount = 137473743:405873
StandardSMMessage ByteCount = 302:17
LCMessage ByteCount = 60:12
--- Measurements after 326000 ops (1000 samples) ---
Throughput = 6622.5166 operations/sec (Maximum observed: 9009.009 ops/sec)
Total latency = 3.7084239276466005E7 (+/- 0) us 
Consensus latency = 2656.6483089999997 (+/- 149) us 
Pre-consensus latency = 0.0 (+/- 0) us 
Pos-consensus latency = 3.7081730208357E7 (+/- 0) us 
Propose latency = 247.320609 (+/- 34) us 
Write latency = 944.693375 (+/- 121) us 
Accept latency = 1464.634325 (+/- 101) us 
Batch average size = NaN (+/- 0) requests
ConsensusMessage ByteCount = 1443890:21882
TOMMessage ByteCount = 137479981:405879
StandardSMMessage ByteCount = 302:17
LCMessage ByteCount = 60:12
--- Measurements after 327000 ops (1000 samples) ---
Throughput = 6622.5166 operations/sec (Maximum observed: 9009.009 ops/sec)
Total latency = 3.7178924896261E7 (+/- 0) us 
Consensus latency = 2720.014224 (+/- 669) us 
Pre-consensus latency = 0.0 (+/- 0) us 
Pos-consensus latency = 3.7176358502357E7 (+/- 0) us 
Propose latency = 258.046974 (+/- 40) us 
Write latency = 1109.733142 (+/- 973) us 
Accept latency = 1352.234108 (+/- 345) us 
Batch average size = NaN (+/- 0) requests
ConsensusMessage ByteCount = 1443890:21882
TOMMessage ByteCount = 137484140:405883
StandardSMMessage ByteCount = 302:17
LCMessage ByteCount = 60:12
--- Measurements after 328000 ops (1000 samples) ---
Throughput = 6578.9473 operations/sec (Maximum observed: 9009.009 ops/sec)
Total latency = 3.7274589985971004E7 (+/- 0) us 
Consensus latency = 2708.451251 (+/- 269) us 
Pre-consensus latency = 0.0 (+/- 0) us 
Pos-consensus latency = 3.727208227804901E7 (+/- 0) us 
Propose latency = 371.26471999999995 (+/- 215) us 
Write latency = 897.1021 (+/- 100) us 
Accept latency = 1440.084431 (+/- 135) us 
Batch average size = NaN (+/- 0) requests
ConsensusMessage ByteCount = 1443890:21882
TOMMessage ByteCount = 137494539:405893
StandardSMMessage ByteCount = 302:17
LCMessage ByteCount = 60:12
--- Measurements after 329000 ops (1000 samples) ---
Throughput = 6622.5166 operations/sec (Maximum observed: 9009.009 ops/sec)
Total latency = 3.7371896072235E7 (+/- 0) us 
Consensus latency = 2620.038585 (+/- 129) us 
Pre-consensus latency = 0.0 (+/- 0) us 
Pos-consensus latency = 3.736942700347E7 (+/- 0) us 
Propose latency = 258.553321 (+/- 34) us 
Write latency = 962.4006430000001 (+/- 99) us 
Accept latency = 1399.084621 (+/- 65) us 
Batch average size = NaN (+/- 0) requests
ConsensusMessage ByteCount = 1443890:21882
TOMMessage ByteCount = 137502859:405901
StandardSMMessage ByteCount = 302:17
LCMessage ByteCount = 60:12
--- Measurements after 330000 ops (1000 samples) ---
Throughput = 6578.9473 operations/sec (Maximum observed: 9009.009 ops/sec)
Total latency = 3.7467611581489995E7 (+/- 0) us 
Consensus latency = 2531.553355 (+/- 148) us 
Pre-consensus latency = 0.0 (+/- 0) us 
Pos-consensus latency = 3.7465228516394995E7 (+/- 0) us 
Propose latency = 252.98055300000001 (+/- 44) us 
Write latency = 853.498873 (+/- 122) us 
Accept latency = 1425.073929 (+/- 116) us 
Batch average size = NaN (+/- 0) requests
ConsensusMessage ByteCount = 1443890:21882
TOMMessage ByteCount = 137510138:405908
StandardSMMessage ByteCount = 302:17
LCMessage ByteCount = 60:12
--- Measurements after 331000 ops (1000 samples) ---
Throughput = 5780.3467 operations/sec (Maximum observed: 9009.009 ops/sec)
Total latency = 3.7575267108068004E7 (+/- 0) us 
Consensus latency = 2590.707657 (+/- 140) us 
Pre-consensus latency = 0.0 (+/- 0) us 
Pos-consensus latency = 3.7572828175845005E7 (+/- 0) us 
Propose latency = 254.926086 (+/- 31) us 
Write latency = 952.054172 (+/- 99) us 
Accept latency = 1383.7273989999999 (+/- 136) us 
Batch average size = NaN (+/- 0) requests
ConsensusMessage ByteCount = 1443890:21882
TOMMessage ByteCount = 137515338:405913
StandardSMMessage ByteCount = 302:17
LCMessage ByteCount = 60:12
--- Measurements after 332000 ops (1000 samples) ---
Throughput = 6535.9478 operations/sec (Maximum observed: 9009.009 ops/sec)
Total latency = 3.7679511185415E7 (+/- 0) us 
Consensus latency = 2687.674192 (+/- 821) us 
Pre-consensus latency = 0.0 (+/- 0) us 
Pos-consensus latency = 3.7676977893093005E7 (+/- 0) us 
Propose latency = 262.07117999999997 (+/- 44) us 
Write latency = 908.993366 (+/- 258) us 
Accept latency = 1516.6096459999999 (+/- 823) us 
Batch average size = NaN (+/- 0) requests
ConsensusMessage ByteCount = 1443890:21882
TOMMessage ByteCount = 137523658:405921
StandardSMMessage ByteCount = 302:17
LCMessage ByteCount = 60:12
--- Measurements after 333000 ops (1000 samples) ---
Throughput = 6622.5166 operations/sec (Maximum observed: 9009.009 ops/sec)
Total latency = 3.7776079072726E7 (+/- 0) us 
Consensus latency = 2492.722734 (+/- 168) us 
Pre-consensus latency = 0.0 (+/- 0) us 
Pos-consensus latency = 3.7773744564072E7 (+/- 0) us 
Propose latency = 270.57049800000004 (+/- 36) us 
Write latency = 906.022423 (+/- 200) us 
Accept latency = 1316.129813 (+/- 107) us 
Batch average size = NaN (+/- 0) requests
ConsensusMessage ByteCount = 1443890:21882
TOMMessage ByteCount = 137531977:405929
StandardSMMessage ByteCount = 302:17
LCMessage ByteCount = 60:12
--- Measurements after 334000 ops (1000 samples) ---
Throughput = 6578.9473 operations/sec (Maximum observed: 9009.009 ops/sec)
Total latency = 3.7871783886172E7 (+/- 0) us 
Consensus latency = 2464.382968 (+/- 179) us 
Pre-consensus latency = 0.0 (+/- 0) us 
Pos-consensus latency = 3.786949542129E7 (+/- 0) us 
Propose latency = 304.843704 (+/- 123) us 
Write latency = 844.351547 (+/- 156) us 
Accept latency = 1315.187717 (+/- 110) us 
Batch average size = NaN (+/- 0) requests
ConsensusMessage ByteCount = 1443890:21882
TOMMessage ByteCount = 137538216:405935
StandardSMMessage ByteCount = 302:17
LCMessage ByteCount = 60:12
--- Measurements after 335000 ops (1000 samples) ---
Throughput = 6622.5166 operations/sec (Maximum observed: 9009.009 ops/sec)
Total latency = 3.7969563928348996E7 (+/- 0) us 
Consensus latency = 2402.4159369999998 (+/- 162) us 
Pre-consensus latency = 0.0 (+/- 0) us 
Pos-consensus latency = 3.7967302753315E7 (+/- 0) us 
Propose latency = 226.104315 (+/- 26) us 
Write latency = 782.019196 (+/- 220) us 
Accept latency = 1394.292426 (+/- 119) us 
Batch average size = NaN (+/- 0) requests
ConsensusMessage ByteCount = 1443890:21882
TOMMessage ByteCount = 137542376:405939
StandardSMMessage ByteCount = 302:17
LCMessage ByteCount = 60:12
--- Measurements after 336000 ops (1000 samples) ---
Throughput = 6578.9473 operations/sec (Maximum observed: 9009.009 ops/sec)
Total latency = 3.8065477357811995E7 (+/- 0) us 
Consensus latency = 2483.604184 (+/- 168) us 
Pre-consensus latency = 0.0 (+/- 0) us 
Pos-consensus latency = 3.8063138537968E7 (+/- 0) us 
Propose latency = 248.8497 (+/- 38) us 
Write latency = 865.2740200000001 (+/- 202) us 
Accept latency = 1369.480464 (+/- 79) us 
Batch average size = NaN (+/- 0) requests
ConsensusMessage ByteCount = 1443890:21882
TOMMessage ByteCount = 137547576:405944
StandardSMMessage ByteCount = 302:17
LCMessage ByteCount = 60:12
--- Measurements after 337000 ops (1000 samples) ---
Throughput = 5847.953 operations/sec (Maximum observed: 9009.009 ops/sec)
Total latency = 3.8178040691864E7 (+/- 0) us 
Consensus latency = 2720.765541 (+/- 923) us 
Pre-consensus latency = 0.0 (+/- 0) us 
Pos-consensus latency = 3.81754867071E7 (+/- 0) us 
Propose latency = 284.21767700000004 (+/- 92) us 
Write latency = 778.883747 (+/- 261) us 
Accept latency = 1657.664117 (+/- 962) us 
Batch average size = NaN (+/- 0) requests
ConsensusMessage ByteCount = 1443890:21882
TOMMessage ByteCount = 137551735:405948
StandardSMMessage ByteCount = 302:17
LCMessage ByteCount = 60:12
--- Measurements after 338000 ops (1000 samples) ---
Throughput = 6622.5166 operations/sec (Maximum observed: 9009.009 ops/sec)
Total latency = 3.8274623746373E7 (+/- 0) us 
Consensus latency = 2575.16499 (+/- 166) us 
Pre-consensus latency = 0.0 (+/- 0) us 
Pos-consensus latency = 3.8272200545825E7 (+/- 0) us 
Propose latency = 267.48132699999996 (+/- 39) us 
Write latency = 857.730782 (+/- 163) us 
Accept latency = 1449.9528810000002 (+/- 107) us 
Batch average size = NaN (+/- 0) requests
ConsensusMessage ByteCount = 1443890:21882
TOMMessage ByteCount = 137556934:405953
StandardSMMessage ByteCount = 302:17
LCMessage ByteCount = 60:12
--- Measurements after 339000 ops (1000 samples) ---
Throughput = 6666.6665 operations/sec (Maximum observed: 9009.009 ops/sec)
Total latency = 3.8368465615639E7 (+/- 0) us 
Consensus latency = 2556.872222 (+/- 155) us 
Pre-consensus latency = 0.0 (+/- 0) us 
Pos-consensus latency = 3.8366055820466004E7 (+/- 0) us 
Propose latency = 254.114393 (+/- 38) us 
Write latency = 866.520307 (+/- 115) us 
Accept latency = 1436.2375220000001 (+/- 91) us 
Batch average size = NaN (+/- 0) requests
ConsensusMessage ByteCount = 1443890:21882
TOMMessage ByteCount = 137563173:405959
StandardSMMessage ByteCount = 302:17
LCMessage ByteCount = 60:12
--- Measurements after 340000 ops (1000 samples) ---
Throughput = 6666.6665 operations/sec (Maximum observed: 9009.009 ops/sec)
Total latency = 3.8460735676123E7 (+/- 0) us 
Consensus latency = 2662.268681 (+/- 232) us 
Pre-consensus latency = 0.0 (+/- 0) us 
Pos-consensus latency = 3.8458262091284E7 (+/- 0) us 
Propose latency = 361.779218 (+/- 195) us 
Write latency = 853.764897 (+/- 131) us 
Accept latency = 1446.724566 (+/- 101) us 
Batch average size = NaN (+/- 0) requests
ConsensusMessage ByteCount = 1443890:21882
TOMMessage ByteCount = 137568373:405964
StandardSMMessage ByteCount = 302:17
LCMessage ByteCount = 60:12
--- Measurements after 341000 ops (1000 samples) ---
Throughput = 6578.9473 operations/sec (Maximum observed: 9009.009 ops/sec)
Total latency = 3.8556740896305E7 (+/- 0) us 
Consensus latency = 2860.9638760000003 (+/- 961) us 
Pre-consensus latency = 0.0 (+/- 0) us 
Pos-consensus latency = 3.8554070512814E7 (+/- 0) us 
Propose latency = 349.34432 (+/- 197) us 
Write latency = 809.188348 (+/- 257) us 
Accept latency = 1702.4312080000002 (+/- 931) us 
Batch average size = NaN (+/- 0) requests
ConsensusMessage ByteCount = 1443890:21882
TOMMessage ByteCount = 137576693:405972
StandardSMMessage ByteCount = 302:17
LCMessage ByteCount = 60:12
--- Measurements after 342000 ops (1000 samples) ---
Throughput = 5813.9536 operations/sec (Maximum observed: 9009.009 ops/sec)
Total latency = 3.8654903737914E7 (+/- 0) us 
Consensus latency = 2581.0832530000002 (+/- 100) us 
Pre-consensus latency = 0.0 (+/- 0) us 
Pos-consensus latency = 3.8652477695008E7 (+/- 0) us 
Propose latency = 253.370399 (+/- 32) us 
Write latency = 921.547049 (+/- 105) us 
Accept latency = 1406.1658049999999 (+/- 62) us 
Batch average size = NaN (+/- 0) requests
ConsensusMessage ByteCount = 1443890:21882
TOMMessage ByteCount = 137579813:405975
StandardSMMessage ByteCount = 302:17
LCMessage ByteCount = 60:12
--- Measurements after 343000 ops (1000 samples) ---
Throughput = 6578.9473 operations/sec (Maximum observed: 9009.009 ops/sec)
Total latency = 3.8769414669363E7 (+/- 0) us 
Consensus latency = 2548.792583 (+/- 214) us 
Pre-consensus latency = 0.0 (+/- 0) us 
Pos-consensus latency = 3.8767021049694E7 (+/- 0) us 
Propose latency = 272.102876 (+/- 44) us 
Write latency = 826.303424 (+/- 170) us 
Accept latency = 1450.386283 (+/- 74) us 
Batch average size = NaN (+/- 0) requests
ConsensusMessage ByteCount = 1443890:21882
TOMMessage ByteCount = 137587093:405982
StandardSMMessage ByteCount = 302:17
LCMessage ByteCount = 60:12
--- Measurements after 344000 ops (1000 samples) ---
Throughput = 6535.9478 operations/sec (Maximum observed: 9009.009 ops/sec)
Total latency = 3.8867153647151E7 (+/- 0) us 
Consensus latency = 2512.469874 (+/- 187) us 
Pre-consensus latency = 0.0 (+/- 0) us 
Pos-consensus latency = 3.8864789729E7 (+/- 0) us 
Propose latency = 263.788564 (+/- 52) us 
Write latency = 793.796988 (+/- 173) us 
Accept latency = 1454.8843219999999 (+/- 132) us 
Batch average size = NaN (+/- 0) requests
ConsensusMessage ByteCount = 1443890:21882
TOMMessage ByteCount = 137593333:405988
StandardSMMessage ByteCount = 302:17
LCMessage ByteCount = 60:12
--- Measurements after 345000 ops (1000 samples) ---
Throughput = 6622.5166 operations/sec (Maximum observed: 9009.009 ops/sec)
Total latency = 3.8963625776191E7 (+/- 0) us 
Consensus latency = 2625.768016 (+/- 207) us 
Pre-consensus latency = 0.0 (+/- 0) us 
Pos-consensus latency = 3.8961148448511004E7 (+/- 0) us 
Propose latency = 242.89427799999999 (+/- 31) us 
Write latency = 888.1497539999999 (+/- 153) us 
Accept latency = 1494.723984 (+/- 100) us 
Batch average size = NaN (+/- 0) requests
ConsensusMessage ByteCount = 1443890:21882
TOMMessage ByteCount = 137599572:405994
StandardSMMessage ByteCount = 302:17
LCMessage ByteCount = 60:12
--- Measurements after 346000 ops (1000 samples) ---
Throughput = 6622.5166 operations/sec (Maximum observed: 9009.009 ops/sec)
Total latency = 3.9058229090134E7 (+/- 0) us 
Consensus latency = 2831.691272 (+/- 794) us 
Pre-consensus latency = 0.0 (+/- 0) us 
Pos-consensus latency = 3.905556010960501E7 (+/- 0) us 
Propose latency = 259.675552 (+/- 40) us 
Write latency = 893.869716 (+/- 259) us 
Accept latency = 1678.146004 (+/- 774) us 
Batch average size = NaN (+/- 0) requests
ConsensusMessage ByteCount = 1443890:21882
TOMMessage ByteCount = 137771165:406159
StandardSMMessage ByteCount = 302:17
LCMessage ByteCount = 60:12
--- Measurements after 347000 ops (1000 samples) ---
Throughput = 6535.9478 operations/sec (Maximum observed: 9009.009 ops/sec)
Total latency = 3.9152830341189004E7 (+/- 0) us 
Consensus latency = 2884.055292 (+/- 409) us 
Pre-consensus latency = 0.0 (+/- 0) us 
Pos-consensus latency = 3.9150194860763E7 (+/- 0) us 
Propose latency = 524.864436 (+/- 421) us 
Write latency = 820.937086 (+/- 118) us 
Accept latency = 1538.25377 (+/- 97) us 
Batch average size = NaN (+/- 0) requests
ConsensusMessage ByteCount = 1443890:21882
TOMMessage ByteCount = 137969791:406350
StandardSMMessage ByteCount = 302:17
LCMessage ByteCount = 60:12
--- Measurements after 348000 ops (1000 samples) ---
Throughput = 5847.953 operations/sec (Maximum observed: 9009.009 ops/sec)
Total latency = 3.9257891817168996E7 (+/- 0) us 
Consensus latency = 2642.987086 (+/- 174) us 
Pre-consensus latency = 0.0 (+/- 0) us 
Pos-consensus latency = 3.925540991170201E7 (+/- 0) us 
Propose latency = 262.82400199999995 (+/- 23) us 
Write latency = 919.3005969999999 (+/- 176) us 
Accept latency = 1460.8624869999999 (+/- 101) us 
Batch average size = NaN (+/- 0) requests
ConsensusMessage ByteCount = 1443890:21882
TOMMessage ByteCount = 138195455:406567
StandardSMMessage ByteCount = 302:17
LCMessage ByteCount = 60:12
--- Measurements after 349000 ops (1000 samples) ---
Throughput = 6622.5166 operations/sec (Maximum observed: 9009.009 ops/sec)
Total latency = 3.9365999296714E7 (+/- 0) us 
Consensus latency = 2549.003125 (+/- 164) us 
Pre-consensus latency = 0.0 (+/- 0) us 
Pos-consensus latency = 3.9363602433727995E7 (+/- 0) us 
Propose latency = 260.221888 (+/- 26) us 
Write latency = 837.866809 (+/- 193) us 
Accept latency = 1450.914428 (+/- 105) us 
Batch average size = NaN (+/- 0) requests
ConsensusMessage ByteCount = 1443890:21882
TOMMessage ByteCount = 138427358:406790
StandardSMMessage ByteCount = 302:17
LCMessage ByteCount = 60:12
--- Measurements after 350000 ops (1000 samples) ---
Throughput = 6578.9473 operations/sec (Maximum observed: 9009.009 ops/sec)
Total latency = 3.9462729202589E7 (+/- 0) us 
Consensus latency = 2634.792238 (+/- 190) us 
Pre-consensus latency = 0.0 (+/- 0) us 
Pos-consensus latency = 3.9460249076881E7 (+/- 0) us 
Propose latency = 265.85502 (+/- 33) us 
Write latency = 903.776506 (+/- 150) us 
Accept latency = 1465.160712 (+/- 104) us 
Batch average size = NaN (+/- 0) requests
ConsensusMessage ByteCount = 1443890:21882
TOMMessage ByteCount = 138637421:406992
StandardSMMessage ByteCount = 302:17
LCMessage ByteCount = 60:12
--- Measurements after 351000 ops (1000 samples) ---
Throughput = 6578.9473 operations/sec (Maximum observed: 9009.009 ops/sec)
Total latency = 3.9559743754641995E7 (+/- 0) us 
Consensus latency = 2816.57582 (+/- 772) us 
Pre-consensus latency = 0.0 (+/- 0) us 
Pos-consensus latency = 3.9557089948135E7 (+/- 0) us 
Propose latency = 282.293015 (+/- 59) us 
Write latency = 1157.569216 (+/- 849) us 
Accept latency = 1376.713589 (+/- 142) us 
Batch average size = NaN (+/- 0) requests
ConsensusMessage ByteCount = 1443890:21882
TOMMessage ByteCount = 138809008:407157
StandardSMMessage ByteCount = 302:17
LCMessage ByteCount = 60:12
--- Measurements after 352000 ops (1000 samples) ---
Throughput = 6578.9473 operations/sec (Maximum observed: 9009.009 ops/sec)
Total latency = 3.965655806283E7 (+/- 0) us 
Consensus latency = 2561.47896 (+/- 184) us 
Pre-consensus latency = 0.0 (+/- 0) us 
Pos-consensus latency = 3.9654149562515E7 (+/- 0) us 
Propose latency = 258.15497899999997 (+/- 28) us 
Write latency = 889.331908 (+/- 169) us 
Accept latency = 1413.9920730000001 (+/- 53) us 
Batch average size = NaN (+/- 0) requests
ConsensusMessage ByteCount = 1443890:21882
TOMMessage ByteCount = 139027388:407367
StandardSMMessage ByteCount = 302:17
LCMessage ByteCount = 60:12
--- Measurements after 353000 ops (1000 samples) ---
Throughput = 6578.9473 operations/sec (Maximum observed: 9009.009 ops/sec)
Total latency = 3.9751621013152E7 (+/- 0) us 
Consensus latency = 2739.7589120000002 (+/- 176) us 
Pre-consensus latency = 0.0 (+/- 0) us 
Pos-consensus latency = 3.9749106324681E7 (+/- 0) us 
Propose latency = 490.812526 (+/- 390) us 
Write latency = 847.153877 (+/- 259) us 
Accept latency = 1401.792509 (+/- 67) us 
Batch average size = NaN (+/- 0) requests
ConsensusMessage ByteCount = 1443890:21882
TOMMessage ByteCount = 139229131:407561
StandardSMMessage ByteCount = 302:17
LCMessage ByteCount = 60:12
--- Measurements after 354000 ops (1000 samples) ---
Throughput = 5617.9775 operations/sec (Maximum observed: 9009.009 ops/sec)
Total latency = 3.9868914748889E7 (+/- 0) us 
Consensus latency = 2604.305828 (+/- 250) us 
Pre-consensus latency = 0.0 (+/- 0) us 
Pos-consensus latency = 3.9866460387542E7 (+/- 0) us 
Propose latency = 249.327101 (+/- 24) us 
Write latency = 894.865669 (+/- 190) us 
Accept latency = 1460.113058 (+/- 101) us 
Batch average size = NaN (+/- 0) requests
ConsensusMessage ByteCount = 1443890:21882
TOMMessage ByteCount = 139470399:407793
StandardSMMessage ByteCount = 302:17
LCMessage ByteCount = 60:12
--- Measurements after 355000 ops (1000 samples) ---
Throughput = 6578.9473 operations/sec (Maximum observed: 9009.009 ops/sec)
Total latency = 3.9972497798546E7 (+/- 0) us 
Consensus latency = 2629.404209 (+/- 170) us 
Pre-consensus latency = 0.0 (+/- 0) us 
Pos-consensus latency = 3.9970016585212E7 (+/- 0) us 
Propose latency = 243.06898 (+/- 30) us 
Write latency = 906.974373 (+/- 153) us 
Accept latency = 1479.360856 (+/- 78) us 
Batch average size = NaN (+/- 0) requests
ConsensusMessage ByteCount = 1443890:21882
TOMMessage ByteCount = 139705419:408019
StandardSMMessage ByteCount = 302:17
LCMessage ByteCount = 60:12
--- Measurements after 356000 ops (1000 samples) ---
Throughput = 6622.5166 operations/sec (Maximum observed: 9009.009 ops/sec)
Total latency = 4.0067919999908E7 (+/- 0) us 
Consensus latency = 2784.0413799999997 (+/- 1011) us 
Pre-consensus latency = 0.0 (+/- 0) us 
Pos-consensus latency = 4.0065300502889E7 (+/- 0) us 
Propose latency = 285.505912 (+/- 49) us 
Write latency = 759.578123 (+/- 229) us 
Accept latency = 1738.957345 (+/- 1014) us 
Batch average size = NaN (+/- 0) requests
ConsensusMessage ByteCount = 1443890:21882
TOMMessage ByteCount = 139946685:408251
StandardSMMessage ByteCount = 302:17
LCMessage ByteCount = 60:12
--- Measurements after 357000 ops (1000 samples) ---
Throughput = 6578.9473 operations/sec (Maximum observed: 9009.009 ops/sec)
Total latency = 4.0165428119887E7 (+/- 0) us 
Consensus latency = 2598.129665 (+/- 239) us 
Pre-consensus latency = 0.0 (+/- 0) us 
Pos-consensus latency = 4.016298405061E7 (+/- 0) us 
Propose latency = 257.55168599999996 (+/- 30) us 
Write latency = 859.17904 (+/- 236) us 
Accept latency = 1481.398939 (+/- 62) us 
Batch average size = NaN (+/- 0) requests
ConsensusMessage ByteCount = 1443890:21882
TOMMessage ByteCount = 140139074:408436
StandardSMMessage ByteCount = 302:17
LCMessage ByteCount = 60:12
--- Measurements after 358000 ops (1000 samples) ---
Throughput = 6578.9473 operations/sec (Maximum observed: 9009.009 ops/sec)
Total latency = 4.0261065014685E7 (+/- 0) us 
Consensus latency = 2554.29342 (+/- 256) us 
Pre-consensus latency = 0.0 (+/- 0) us 
Pos-consensus latency = 4.0258656057574995E7 (+/- 0) us 
Propose latency = 246.62658 (+/- 41) us 
Write latency = 826.010267 (+/- 205) us 
Accept latency = 1481.656573 (+/- 100) us 
Batch average size = NaN (+/- 0) requests
ConsensusMessage ByteCount = 1443890:21882
TOMMessage ByteCount = 140299221:408590
StandardSMMessage ByteCount = 302:17
LCMessage ByteCount = 60:12
--- Measurements after 359000 ops (1000 samples) ---
Throughput = 5586.5923 operations/sec (Maximum observed: 9009.009 ops/sec)
Total latency = 4.0359188763135E7 (+/- 0) us 
Consensus latency = 2685.751792 (+/- 313) us 
Pre-consensus latency = 0.0 (+/- 0) us 
Pos-consensus latency = 4.0356679759959996E7 (+/- 0) us 
Propose latency = 375.044893 (+/- 253) us 
Write latency = 834.639623 (+/- 161) us 
Accept latency = 1476.067276 (+/- 117) us 
Batch average size = NaN (+/- 0) requests
ConsensusMessage ByteCount = 1443890:21882
TOMMessage ByteCount = 140510322:408793
StandardSMMessage ByteCount = 302:17
LCMessage ByteCount = 60:12
--- Measurements after 360000 ops (1000 samples) ---
Throughput = 6756.757 operations/sec (Maximum observed: 9009.009 ops/sec)
Total latency = 4.0477654262817E7 (+/- 0) us 
Consensus latency = 2434.920359 (+/- 180) us 
Pre-consensus latency = 0.0 (+/- 0) us 
Pos-consensus latency = 4.0475350163711E7 (+/- 0) us 
Propose latency = 235.208733 (+/- 30) us 
Write latency = 765.719328 (+/- 148) us 
Accept latency = 1433.992298 (+/- 99) us 
Batch average size = NaN (+/- 0) requests
ConsensusMessage ByteCount = 1443890:21882
TOMMessage ByteCount = 140711027:408986
StandardSMMessage ByteCount = 302:17
LCMessage ByteCount = 60:12
--- Measurements after 361000 ops (1000 samples) ---
Throughput = 6802.721 operations/sec (Maximum observed: 9009.009 ops/sec)
Total latency = 4.057124278888E7 (+/- 0) us 
Consensus latency = 2524.124934 (+/- 955) us 
Pre-consensus latency = 0.0 (+/- 0) us 
Pos-consensus latency = 4.0568840083031E7 (+/- 0) us 
Propose latency = 206.251234 (+/- 22) us 
Write latency = 670.7605 (+/- 235) us 
Accept latency = 1647.1132 (+/- 935) us 
Batch average size = NaN (+/- 0) requests
ConsensusMessage ByteCount = 1443890:21882
TOMMessage ByteCount = 140915895:409183
StandardSMMessage ByteCount = 302:17
LCMessage ByteCount = 60:12
--- Measurements after 362000 ops (1000 samples) ---
Throughput = 6849.315 operations/sec (Maximum observed: 9009.009 ops/sec)
Total latency = 4.0663235281566E7 (+/- 0) us 
Consensus latency = 2548.0822089999997 (+/- 165) us 
Pre-consensus latency = 0.0 (+/- 0) us 
Pos-consensus latency = 4.0660820091526E7 (+/- 0) us 
Propose latency = 231.615407 (+/- 27) us 
Write latency = 859.01344 (+/- 95) us 
Accept latency = 1457.453362 (+/- 147) us 
Batch average size = NaN (+/- 0) requests
ConsensusMessage ByteCount = 1443890:21882
TOMMessage ByteCount = 141080204:409341
StandardSMMessage ByteCount = 302:17
LCMessage ByteCount = 60:12
--- Measurements after 363000 ops (1000 samples) ---
Throughput = 6944.4443 operations/sec (Maximum observed: 9009.009 ops/sec)
Total latency = 4.0753365285698995E7 (+/- 0) us 
Consensus latency = 2662.816206 (+/- 116) us 
Pre-consensus latency = 0.0 (+/- 0) us 
Pos-consensus latency = 4.0750836743028E7 (+/- 0) us 
Propose latency = 252.725375 (+/- 37) us 
Write latency = 927.4646339999999 (+/- 98) us 
Accept latency = 1482.6261969999998 (+/- 78) us 
Batch average size = NaN (+/- 0) requests
ConsensusMessage ByteCount = 1443890:21882
TOMMessage ByteCount = 141226834:409482
StandardSMMessage ByteCount = 302:17
LCMessage ByteCount = 60:12
--- Measurements after 364000 ops (1000 samples) ---
Throughput = 6896.552 operations/sec (Maximum observed: 9009.009 ops/sec)
Total latency = 4.0843194948E7 (+/- 0) us 
Consensus latency = 2711.950871 (+/- 125) us 
Pre-consensus latency = 0.0 (+/- 0) us 
Pos-consensus latency = 4.0840620669009E7 (+/- 0) us 
Propose latency = 254.29869 (+/- 47) us 
Write latency = 959.025362 (+/- 120) us 
Accept latency = 1498.6268189999998 (+/- 60) us 
Batch average size = NaN (+/- 0) requests
ConsensusMessage ByteCount = 1443890:21882
TOMMessage ByteCount = 141350585:409601
StandardSMMessage ByteCount = 302:17
LCMessage ByteCount = 60:12
--- Measurements after 365000 ops (1000 samples) ---
Throughput = 5586.5923 operations/sec (Maximum observed: 9009.009 ops/sec)
Total latency = 4.0950034209511004E7 (+/- 0) us 
Consensus latency = 3144.1123110000003 (+/- 1658) us 
Pre-consensus latency = 0.0 (+/- 0) us 
Pos-consensus latency = 4.0947042788596004E7 (+/- 0) us 
Propose latency = 298.387825 (+/- 124) us 
Write latency = 912.35075 (+/- 150) us 
Accept latency = 1933.373736 (+/- 1613) us 
Batch average size = NaN (+/- 0) requests
ConsensusMessage ByteCount = 1443890:21882
TOMMessage ByteCount = 141482654:409728
StandardSMMessage ByteCount = 302:17
LCMessage ByteCount = 60:12
--- Measurements after 366000 ops (1000 samples) ---
Throughput = 7042.2534 operations/sec (Maximum observed: 9009.009 ops/sec)
Total latency = 4.1057208162515E7 (+/- 0) us 
Consensus latency = 2528.166674 (+/- 826) us 
Pre-consensus latency = 0.0 (+/- 0) us 
Pos-consensus latency = 4.1054807091886E7 (+/- 0) us 
Propose latency = 218.167362 (+/- 35) us 
Write latency = 769.453885 (+/- 249) us 
Accept latency = 1540.545427 (+/- 835) us 
Batch average size = NaN (+/- 0) requests
ConsensusMessage ByteCount = 1443890:21882
TOMMessage ByteCount = 141583524:409825
StandardSMMessage ByteCount = 302:17
LCMessage ByteCount = 60:12
--- Measurements after 367000 ops (1000 samples) ---
Throughput = 7092.1987 operations/sec (Maximum observed: 9009.009 ops/sec)
Total latency = 4.114280389832E7 (+/- 0) us 
Consensus latency = 2441.018924 (+/- 117) us 
Pre-consensus latency = 0.0 (+/- 0) us 
Pos-consensus latency = 4.1140487028735E7 (+/- 0) us 
Propose latency = 219.528216 (+/- 38) us 
Write latency = 768.715073 (+/- 129) us 
Accept latency = 1452.775635 (+/- 103) us 
Batch average size = NaN (+/- 0) requests
ConsensusMessage ByteCount = 1443890:21882
TOMMessage ByteCount = 141653198:409892
StandardSMMessage ByteCount = 302:17
LCMessage ByteCount = 60:12
--- Measurements after 368000 ops (1000 samples) ---
Throughput = 6993.007 operations/sec (Maximum observed: 9009.009 ops/sec)
Total latency = 4.1231490034975E7 (+/- 0) us 
Consensus latency = 2478.0692919999997 (+/- 138) us 
Pre-consensus latency = 0.0 (+/- 0) us 
Pos-consensus latency = 4.1229141309433E7 (+/- 0) us 
Propose latency = 223.696868 (+/- 44) us 
Write latency = 862.466535 (+/- 148) us 
Accept latency = 1391.905889 (+/- 117) us 
Batch average size = NaN (+/- 0) requests
ConsensusMessage ByteCount = 1443890:21882
TOMMessage ByteCount = 141691674:409929
StandardSMMessage ByteCount = 302:17
LCMessage ByteCount = 60:12
--- Measurements after 369000 ops (1000 samples) ---
Throughput = 6944.4443 operations/sec (Maximum observed: 9009.009 ops/sec)
Total latency = 4.1319291360755995E7 (+/- 0) us 
Consensus latency = 2523.826421 (+/- 228) us 
Pre-consensus latency = 0.0 (+/- 0) us 
Pos-consensus latency = 4.131689360236E7 (+/- 0) us 
Propose latency = 217.827914 (+/- 27) us 
Write latency = 887.714682 (+/- 235) us 
Accept latency = 1418.283825 (+/- 148) us 
Batch average size = NaN (+/- 0) requests
ConsensusMessage ByteCount = 1443890:21882
TOMMessage ByteCount = 141759268:409994
StandardSMMessage ByteCount = 302:17
LCMessage ByteCount = 60:12
--- Measurements after 370000 ops (1000 samples) ---
Throughput = 6756.757 operations/sec (Maximum observed: 9009.009 ops/sec)
Total latency = 4.1410316428545E7 (+/- 0) us 
Consensus latency = 2571.543867 (+/- 678) us 
Pre-consensus latency = 0.0 (+/- 0) us 
Pos-consensus latency = 4.1408030181034E7 (+/- 0) us 
Propose latency = 394.77546500000005 (+/- 842) us 
Write latency = 802.542113 (+/- 205) us 
Accept latency = 1374.2262890000002 (+/- 138) us 
Batch average size = NaN (+/- 0) requests
ConsensusMessage ByteCount = 1443890:21882
TOMMessage ByteCount = 141846623:410078
StandardSMMessage ByteCount = 302:17
LCMessage ByteCount = 60:12
--- Measurements after 371000 ops (1000 samples) ---
Throughput = 5555.5557 operations/sec (Maximum observed: 9009.009 ops/sec)
Total latency = 4.1528399583445996E7 (+/- 0) us 
Consensus latency = 2630.254308 (+/- 617) us 
Pre-consensus latency = 0.0 (+/- 0) us 
Pos-consensus latency = 4.1526016834281996E7 (+/- 0) us 
Propose latency = 395.078761 (+/- 652) us 
Write latency = 806.486485 (+/- 302) us 
Accept latency = 1428.689062 (+/- 144) us 
Batch average size = NaN (+/- 0) requests
ConsensusMessage ByteCount = 1443890:21882
TOMMessage ByteCount = 141924616:410153
StandardSMMessage ByteCount = 302:17
LCMessage ByteCount = 60:12
--- Measurements after 372000 ops (1000 samples) ---
Throughput = 6993.007 operations/sec (Maximum observed: 9009.009 ops/sec)
Total latency = 4.1624851578855E7 (+/- 0) us 
Consensus latency = 2515.255375 (+/- 180) us 
Pre-consensus latency = 0.0 (+/- 0) us 
Pos-consensus latency = 4.1622470614063E7 (+/- 0) us 
Propose latency = 255.65994899999998 (+/- 91) us 
Write latency = 863.1323120000001 (+/- 183) us 
Accept latency = 1396.4631140000001 (+/- 116) us 
Batch average size = NaN (+/- 0) requests
ConsensusMessage ByteCount = 1443890:21882
TOMMessage ByteCount = 142007811:410233
StandardSMMessage ByteCount = 302:17
LCMessage ByteCount = 60:12
--- Measurements after 373000 ops (1000 samples) ---
Throughput = 7042.2534 operations/sec (Maximum observed: 9009.009 ops/sec)
Total latency = 4.1710893221237E7 (+/- 0) us 
Consensus latency = 2422.501654 (+/- 181) us 
Pre-consensus latency = 0.0 (+/- 0) us 
Pos-consensus latency = 4.1708589897533E7 (+/- 0) us 
Propose latency = 218.94437200000002 (+/- 28) us 
Write latency = 744.960415 (+/- 141) us 
Accept latency = 1458.596867 (+/- 91) us 
Batch average size = NaN (+/- 0) requests
ConsensusMessage ByteCount = 1443890:21882
TOMMessage ByteCount = 142054609:410278
StandardSMMessage ByteCount = 302:17
LCMessage ByteCount = 60:12
--- Measurements after 374000 ops (1000 samples) ---
Throughput = 6993.007 operations/sec (Maximum observed: 9009.009 ops/sec)
Total latency = 4.1797913972942E7 (+/- 0) us 
Consensus latency = 2430.281068 (+/- 185) us 
Pre-consensus latency = 0.0 (+/- 0) us 
Pos-consensus latency = 4.1795602393363E7 (+/- 0) us 
Propose latency = 216.566054 (+/- 28) us 
Write latency = 719.272287 (+/- 192) us 
Accept latency = 1494.4427269999999 (+/- 94) us 
Batch average size = NaN (+/- 0) requests
ConsensusMessage ByteCount = 1443890:21882
TOMMessage ByteCount = 142134688:410355
StandardSMMessage ByteCount = 302:17
LCMessage ByteCount = 60:12
--- Measurements after 375000 ops (1000 samples) ---
Throughput = 6993.007 operations/sec (Maximum observed: 9009.009 ops/sec)
Total latency = 4.1884499642608E7 (+/- 0) us 
Consensus latency = 2427.1529929999997 (+/- 429) us 
Pre-consensus latency = 0.0 (+/- 0) us 
Pos-consensus latency = 4.1882205418979E7 (+/- 0) us 
Propose latency = 230.81587100000002 (+/- 38) us 
Write latency = 827.829109 (+/- 374) us 
Accept latency = 1368.5080130000001 (+/- 166) us 
Batch average size = NaN (+/- 0) requests
ConsensusMessage ByteCount = 1443890:21882
TOMMessage ByteCount = 142219962:410437
StandardSMMessage ByteCount = 302:17
LCMessage ByteCount = 60:12
--- Measurements after 376000 ops (1000 samples) ---
Throughput = 5586.5923 operations/sec (Maximum observed: 9009.009 ops/sec)
Total latency = 4.1979054486569E7 (+/- 0) us 
Consensus latency = 2334.6607710000003 (+/- 100) us 
Pre-consensus latency = 0.0 (+/- 0) us 
Pos-consensus latency = 4.1976839054918E7 (+/- 0) us 
Propose latency = 208.97377799999998 (+/- 26) us 
Write latency = 728.102878 (+/- 117) us 
Accept latency = 1397.5841149999999 (+/- 96) us 
Batch average size = NaN (+/- 0) requests
ConsensusMessage ByteCount = 1443890:21882
TOMMessage ByteCount = 142311472:410525
StandardSMMessage ByteCount = 302:17
LCMessage ByteCount = 60:12
--- Measurements after 377000 ops (1000 samples) ---
Throughput = 6896.552 operations/sec (Maximum observed: 9009.009 ops/sec)
Total latency = 4.2094779787962E7 (+/- 0) us 
Consensus latency = 2506.9092910000004 (+/- 219) us 
Pre-consensus latency = 0.0 (+/- 0) us 
Pos-consensus latency = 4.209240330889399E7 (+/- 0) us 
Propose latency = 238.993604 (+/- 96) us 
Write latency = 827.529289 (+/- 210) us 
Accept latency = 1440.386398 (+/- 118) us 
Batch average size = NaN (+/- 0) requests
ConsensusMessage ByteCount = 1443890:21882
TOMMessage ByteCount = 142399867:410610
StandardSMMessage ByteCount = 302:17
LCMessage ByteCount = 60:12
--- Measurements after 378000 ops (1000 samples) ---
Throughput = 6711.409 operations/sec (Maximum observed: 9009.009 ops/sec)
Total latency = 4.2185991973979E7 (+/- 0) us 
Consensus latency = 2437.204545 (+/- 195) us 
Pre-consensus latency = 0.0 (+/- 0) us 
Pos-consensus latency = 4.2183712366321E7 (+/- 0) us 
Propose latency = 310.799354 (+/- 155) us 
Write latency = 708.6755529999999 (+/- 138) us 
Accept latency = 1417.729638 (+/- 76) us 
Batch average size = NaN (+/- 0) requests
ConsensusMessage ByteCount = 1443890:21882
TOMMessage ByteCount = 142516337:410722
StandardSMMessage ByteCount = 302:17
LCMessage ByteCount = 60:12
--- Measurements after 379000 ops (1000 samples) ---
Throughput = 6802.721 operations/sec (Maximum observed: 9009.009 ops/sec)
Total latency = 4.2279018155649E7 (+/- 0) us 
Consensus latency = 2362.925631 (+/- 120) us 
Pre-consensus latency = 0.0 (+/- 0) us 
Pos-consensus latency = 4.2276775444193E7 (+/- 0) us 
Propose latency = 228.03629500000002 (+/- 42) us 
Write latency = 676.5517950000001 (+/- 115) us 
Accept latency = 1458.3375409999999 (+/- 73) us 
Batch average size = NaN (+/- 0) requests
ConsensusMessage ByteCount = 1443890:21882
TOMMessage ByteCount = 142654645:410855
StandardSMMessage ByteCount = 302:17
LCMessage ByteCount = 60:12
--- Measurements after 380000 ops (1000 samples) ---
Throughput = 6802.721 operations/sec (Maximum observed: 9009.009 ops/sec)
Total latency = 4.2371444868316E7 (+/- 0) us 
Consensus latency = 2607.015261 (+/- 782) us 
Pre-consensus latency = 0.0 (+/- 0) us 
Pos-consensus latency = 4.2368978821511E7 (+/- 0) us 
Propose latency = 246.546989 (+/- 99) us 
Write latency = 709.5007870000001 (+/- 240) us 
Accept latency = 1650.9674850000001 (+/- 710) us 
Batch average size = NaN (+/- 0) requests
ConsensusMessage ByteCount = 1443890:21882
TOMMessage ByteCount = 142792955:410988
StandardSMMessage ByteCount = 302:17
LCMessage ByteCount = 60:12
--- Measurements after 381000 ops (1000 samples) ---
Throughput = 6756.757 operations/sec (Maximum observed: 9009.009 ops/sec)
Total latency = 4.2462420661422E7 (+/- 0) us 
Consensus latency = 2417.526714 (+/- 227) us 
Pre-consensus latency = 0.0 (+/- 0) us 
Pos-consensus latency = 4.2460130128763E7 (+/- 0) us 
Propose latency = 226.59365 (+/- 44) us 
Write latency = 758.329249 (+/- 199) us 
Accept latency = 1432.603815 (+/- 108) us 
Batch average size = NaN (+/- 0) requests
ConsensusMessage ByteCount = 1443890:21882
TOMMessage ByteCount = 142977025:411165
StandardSMMessage ByteCount = 302:17
LCMessage ByteCount = 60:12
--- Measurements after 382000 ops (1000 samples) ---
Throughput = 5494.5054 operations/sec (Maximum observed: 9009.009 ops/sec)
Total latency = 4.2580188681405E7 (+/- 0) us 
Consensus latency = 2437.95776 (+/- 122) us 
Pre-consensus latency = 0.0 (+/- 0) us 
Pos-consensus latency = 4.2577877024293E7 (+/- 0) us 
Propose latency = 224.89626 (+/- 24) us 
Write latency = 750.577627 (+/- 156) us 
Accept latency = 1462.483873 (+/- 92) us 
Batch average size = NaN (+/- 0) requests
ConsensusMessage ByteCount = 1443890:21882
TOMMessage ByteCount = 143229733:411408
StandardSMMessage ByteCount = 302:17
LCMessage ByteCount = 60:12
--- Measurements after 383000 ops (1000 samples) ---
Throughput = 6622.5166 operations/sec (Maximum observed: 9009.009 ops/sec)
Total latency = 4.268489359415E7 (+/- 0) us 
Consensus latency = 2409.343346 (+/- 198) us 
Pre-consensus latency = 0.0 (+/- 0) us 
Pos-consensus latency = 4.2682607586941004E7 (+/- 0) us 
Propose latency = 213.23131700000002 (+/- 35) us 
Write latency = 736.922224 (+/- 160) us 
Accept latency = 1459.189805 (+/- 81) us 
Batch average size = NaN (+/- 0) requests
ConsensusMessage ByteCount = 1443890:21882
TOMMessage ByteCount = 143419002:411590
StandardSMMessage ByteCount = 302:17
LCMessage ByteCount = 60:12
--- Measurements after 384000 ops (1000 samples) ---
Throughput = 6666.6665 operations/sec (Maximum observed: 9009.009 ops/sec)
Total latency = 4.277935921305E7 (+/- 0) us 
Consensus latency = 2596.1578870000003 (+/- 200) us 
Pre-consensus latency = 0.0 (+/- 0) us 
Pos-consensus latency = 4.2776925372072E7 (+/- 0) us 
Propose latency = 353.539503 (+/- 185) us 
Write latency = 793.431833 (+/- 165) us 
Accept latency = 1449.186551 (+/- 121) us 
Batch average size = NaN (+/- 0) requests
ConsensusMessage ByteCount = 1443890:21882
TOMMessage ByteCount = 143600994:411765
StandardSMMessage ByteCount = 302:17
LCMessage ByteCount = 60:12
--- Measurements after 385000 ops (1000 samples) ---
Throughput = 6666.6665 operations/sec (Maximum observed: 9009.009 ops/sec)
Total latency = 4.2874285043716006E7 (+/- 0) us 
Consensus latency = 2644.262055 (+/- 715) us 
Pre-consensus latency = 0.0 (+/- 0) us 
Pos-consensus latency = 4.2871771913100995E7 (+/- 0) us 
Propose latency = 237.706832 (+/- 41) us 
Write latency = 1044.533741 (+/- 950) us 
Accept latency = 1362.021482 (+/- 291) us 
Batch average size = NaN (+/- 0) requests
ConsensusMessage ByteCount = 1443890:21882
TOMMessage ByteCount = 143805863:411962
StandardSMMessage ByteCount = 302:17
LCMessage ByteCount = 60:12
--- Measurements after 386000 ops (1000 samples) ---
Throughput = 6802.721 operations/sec (Maximum observed: 9009.009 ops/sec)
Total latency = 4.2966677751394995E7 (+/- 0) us 
Consensus latency = 2509.3748539999997 (+/- 209) us 
Pre-consensus latency = 0.0 (+/- 0) us 
Pos-consensus latency = 4.2964295750221E7 (+/- 0) us 
Propose latency = 231.784587 (+/- 37) us 
Write latency = 813.354696 (+/- 191) us 
Accept latency = 1464.235571 (+/- 77) us 
Batch average size = NaN (+/- 0) requests
ConsensusMessage ByteCount = 1443890:21882
TOMMessage ByteCount = 143956651:412107
StandardSMMessage ByteCount = 302:17
LCMessage ByteCount = 60:12
--- Measurements after 387000 ops (1000 samples) ---
Throughput = 5464.481 operations/sec (Maximum observed: 9009.009 ops/sec)
Total latency = 4.3075120709207E7 (+/- 0) us 
Consensus latency = 2593.584775 (+/- 205) us 
Pre-consensus latency = 0.0 (+/- 0) us 
Pos-consensus latency = 4.307265072426E7 (+/- 0) us 
Propose latency = 231.73405 (+/- 34) us 
Write latency = 890.855533 (+/- 192) us 
Accept latency = 1470.995192 (+/- 86) us 
Batch average size = NaN (+/- 0) requests
ConsensusMessage ByteCount = 1443890:21882
TOMMessage ByteCount = 144201030:412342
StandardSMMessage ByteCount = 302:17
LCMessage ByteCount = 60:12
--- Measurements after 388000 ops (1000 samples) ---
Throughput = 6711.409 operations/sec (Maximum observed: 9009.009 ops/sec)
Total latency = 4.31855900306E7 (+/- 0) us 
Consensus latency = 2571.927789 (+/- 144) us 
Pre-consensus latency = 0.0 (+/- 0) us 
Pos-consensus latency = 4.3183147165884E7 (+/- 0) us 
Propose latency = 233.56873199999998 (+/- 24) us 
Write latency = 866.496356 (+/- 127) us 
Accept latency = 1471.8627009999998 (+/- 114) us 
Batch average size = NaN (+/- 0) requests
ConsensusMessage ByteCount = 1443890:21882
TOMMessage ByteCount = 144339340:412475
StandardSMMessage ByteCount = 302:17
LCMessage ByteCount = 60:12
--- Measurements after 389000 ops (1000 samples) ---
Throughput = 6666.6665 operations/sec (Maximum observed: 9009.009 ops/sec)
Total latency = 4.3279932769547E7 (+/- 0) us 
Consensus latency = 2558.522398 (+/- 171) us 
Pre-consensus latency = 0.0 (+/- 0) us 
Pos-consensus latency = 4.3277500187441E7 (+/- 0) us 
Propose latency = 245.484728 (+/- 38) us 
Write latency = 810.830191 (+/- 204) us 
Accept latency = 1502.2074790000001 (+/- 79) us 
Batch average size = NaN (+/- 0) requests
ConsensusMessage ByteCount = 1443890:21882
TOMMessage ByteCount = 144531728:412660
StandardSMMessage ByteCount = 302:17
LCMessage ByteCount = 60:12
--- Measurements after 390000 ops (1000 samples) ---
Throughput = 6711.409 operations/sec (Maximum observed: 9009.009 ops/sec)
Total latency = 4.3373339946155E7 (+/- 0) us 
Consensus latency = 2547.182901 (+/- 204) us 
Pre-consensus latency = 0.0 (+/- 0) us 
Pos-consensus latency = 4.3370959062487E7 (+/- 0) us 
Propose latency = 345.971746 (+/- 151) us 
Write latency = 717.5678760000001 (+/- 157) us 
Accept latency = 1483.6432790000001 (+/- 78) us 
Batch average size = NaN (+/- 0) requests
ConsensusMessage ByteCount = 1443890:21882
TOMMessage ByteCount = 144689790:412812
StandardSMMessage ByteCount = 302:17
LCMessage ByteCount = 60:12
--- Measurements after 391000 ops (1000 samples) ---
Throughput = 6666.6665 operations/sec (Maximum observed: 9009.009 ops/sec)
Total latency = 4.346948033057E7 (+/- 0) us 
Consensus latency = 2521.5670410000002 (+/- 170) us 
Pre-consensus latency = 0.0 (+/- 0) us 
Pos-consensus latency = 4.3467089440399E7 (+/- 0) us 
Propose latency = 240.829763 (+/- 47) us 
Write latency = 800.576488 (+/- 160) us 
Accept latency = 1480.1607900000001 (+/- 73) us 
Batch average size = NaN (+/- 0) requests
ConsensusMessage ByteCount = 1443890:21882
TOMMessage ByteCount = 144874896:412990
StandardSMMessage ByteCount = 302:17
LCMessage ByteCount = 60:12
--- Measurements after 392000 ops (1000 samples) ---
Throughput = 5434.7827 operations/sec (Maximum observed: 9009.009 ops/sec)
Total latency = 4.3574764230292E7 (+/- 0) us 
Consensus latency = 2465.411094 (+/- 129) us 
Pre-consensus latency = 0.0 (+/- 0) us 
Pos-consensus latency = 4.3572424999371E7 (+/- 0) us 
Propose latency = 217.776236 (+/- 34) us 
Write latency = 741.682371 (+/- 159) us 
Accept latency = 1505.952487 (+/- 88) us 
Batch average size = NaN (+/- 0) requests
ConsensusMessage ByteCount = 1443890:21882
TOMMessage ByteCount = 145120319:413226
StandardSMMessage ByteCount = 302:17
LCMessage ByteCount = 60:12
--- Measurements after 393000 ops (1000 samples) ---
Throughput = 6493.5063 operations/sec (Maximum observed: 9009.009 ops/sec)
Total latency = 4.3694848145738E7 (+/- 0) us 
Consensus latency = 2441.8714440000003 (+/- 155) us 
Pre-consensus latency = 0.0 (+/- 0) us 
Pos-consensus latency = 4.3692527677765995E7 (+/- 0) us 
Propose latency = 221.560307 (+/- 23) us 
Write latency = 722.3924039999999 (+/- 148) us 
Accept latency = 1497.918733 (+/- 104) us 
Batch average size = NaN (+/- 0) requests
ConsensusMessage ByteCount = 1443890:21882
TOMMessage ByteCount = 145335589:413433
StandardSMMessage ByteCount = 302:17
LCMessage ByteCount = 60:12
--- Measurements after 394000 ops (1000 samples) ---
Throughput = 6711.409 operations/sec (Maximum observed: 9009.009 ops/sec)
Total latency = 4.3790418189961E7 (+/- 0) us 
Consensus latency = 2412.768648 (+/- 211) us 
Pre-consensus latency = 0.0 (+/- 0) us 
Pos-consensus latency = 4.3788130783369005E7 (+/- 0) us 
Propose latency = 225.48343400000002 (+/- 40) us 
Write latency = 721.486007 (+/- 159) us 
Accept latency = 1465.799207 (+/- 125) us 
Batch average size = NaN (+/- 0) requests
ConsensusMessage ByteCount = 1443890:21882
TOMMessage ByteCount = 145530054:413620
StandardSMMessage ByteCount = 302:17
LCMessage ByteCount = 60:12
--- Measurements after 395000 ops (1000 samples) ---
Throughput = 6849.315 operations/sec (Maximum observed: 9009.009 ops/sec)
Total latency = 4.3881516663592E7 (+/- 0) us 
Consensus latency = 2683.038113 (+/- 864) us 
Pre-consensus latency = 0.0 (+/- 0) us 
Pos-consensus latency = 4.3878966015604E7 (+/- 0) us 
Propose latency = 254.50390900000002 (+/- 104) us 
Write latency = 1070.178976 (+/- 1187) us 
Accept latency = 1358.355228 (+/- 391) us 
Batch average size = NaN (+/- 0) requests
ConsensusMessage ByteCount = 1443890:21882
TOMMessage ByteCount = 145685004:413769
StandardSMMessage ByteCount = 302:17
LCMessage ByteCount = 60:12
--- Measurements after 396000 ops (1000 samples) ---
Throughput = 6896.552 operations/sec (Maximum observed: 9009.009 ops/sec)
Total latency = 4.396917334568E7 (+/- 0) us 
Consensus latency = 2588.360283 (+/- 327) us 
Pre-consensus latency = 0.0 (+/- 0) us 
Pos-consensus latency = 4.396673469203E7 (+/- 0) us 
Propose latency = 304.528765 (+/- 151) us 
Write latency = 794.120769 (+/- 143) us 
Accept latency = 1489.710749 (+/- 159) us 
Batch average size = NaN (+/- 0) requests
ConsensusMessage ByteCount = 1443890:21882
TOMMessage ByteCount = 145809795:413889
StandardSMMessage ByteCount = 302:17
LCMessage ByteCount = 60:12
--- Measurements after 397000 ops (1000 samples) ---
Throughput = 5434.7827 operations/sec (Maximum observed: 9009.009 ops/sec)
Total latency = 4.4076618528264E7 (+/- 0) us 
Consensus latency = 2531.1798009999998 (+/- 164) us 
Pre-consensus latency = 0.0 (+/- 0) us 
Pos-consensus latency = 4.4074215603375E7 (+/- 0) us 
Propose latency = 228.82954199999998 (+/- 30) us 
Write latency = 778.138231 (+/- 131) us 
Accept latency = 1524.212028 (+/- 76) us 
Batch average size = NaN (+/- 0) requests
ConsensusMessage ByteCount = 1443890:21882
TOMMessage ByteCount = 146033382:414104
StandardSMMessage ByteCount = 302:17
LCMessage ByteCount = 60:12
--- Measurements after 398000 ops (1000 samples) ---
Throughput = 6711.409 operations/sec (Maximum observed: 9009.009 ops/sec)
Total latency = 4.4192398021395E7 (+/- 0) us 
Consensus latency = 2552.812555 (+/- 144) us 
Pre-consensus latency = 0.0 (+/- 0) us 
Pos-consensus latency = 4.4189972830988996E7 (+/- 0) us 
Propose latency = 230.93069699999998 (+/- 25) us 
Write latency = 840.444324 (+/- 177) us 
Accept latency = 1481.437534 (+/- 105) us 
Batch average size = NaN (+/- 0) requests
ConsensusMessage ByteCount = 1443890:21882
TOMMessage ByteCount = 146220568:414284
StandardSMMessage ByteCount = 302:17
LCMessage ByteCount = 60:12
--- Measurements after 399000 ops (1000 samples) ---
Throughput = 6711.409 operations/sec (Maximum observed: 9009.009 ops/sec)
Total latency = 4.428622019848E7 (+/- 0) us 
Consensus latency = 2738.755275 (+/- 930) us 
Pre-consensus latency = 0.0 (+/- 0) us 
Pos-consensus latency = 4.428361527084E7 (+/- 0) us 
Propose latency = 248.207756 (+/- 47) us 
Write latency = 759.317902 (+/- 218) us 
Accept latency = 1731.2296170000002 (+/- 863) us 
Batch average size = NaN (+/- 0) requests
ConsensusMessage ByteCount = 1443890:21882
TOMMessage ByteCount = 146434797:414490
StandardSMMessage ByteCount = 302:17
LCMessage ByteCount = 60:12
--- Measurements after 400000 ops (1000 samples) ---
Throughput = 6578.9473 operations/sec (Maximum observed: 9009.009 ops/sec)
Total latency = 4.4382380372461E7 (+/- 0) us 
Consensus latency = 2483.7545240000004 (+/- 239) us 
Pre-consensus latency = 0.0 (+/- 0) us 
Pos-consensus latency = 4.4380030879346E7 (+/- 0) us 
Propose latency = 248.630888 (+/- 40) us 
Write latency = 770.339666 (+/- 210) us 
Accept latency = 1464.78397 (+/- 109) us 
Batch average size = NaN (+/- 0) requests
ConsensusMessage ByteCount = 1443890:21882
TOMMessage ByteCount = 146784210:414826
StandardSMMessage ByteCount = 302:17
LCMessage ByteCount = 60:12
--- Measurements after 401000 ops (1000 samples) ---
Throughput = 6622.5166 operations/sec (Maximum observed: 9009.009 ops/sec)
Total latency = 4.4478310277609E7 (+/- 0) us 
Consensus latency = 2578.511927 (+/- 123) us 
Pre-consensus latency = 0.0 (+/- 0) us 
Pos-consensus latency = 4.4475861350343004E7 (+/- 0) us 
Propose latency = 232.81345199999998 (+/- 33) us 
Write latency = 900.364157 (+/- 90) us 
Accept latency = 1445.334318 (+/- 89) us 
Batch average size = NaN (+/- 0) requests
ConsensusMessage ByteCount = 1443890:21882
TOMMessage ByteCount = 147094108:415124
StandardSMMessage ByteCount = 302:17
LCMessage ByteCount = 60:12
--- Measurements after 402000 ops (1000 samples) ---
Throughput = 5405.4053 operations/sec (Maximum observed: 9009.009 ops/sec)
Total latency = 4.4602404689148E7 (+/- 0) us 
Consensus latency = 2640.725266 (+/- 168) us 
Pre-consensus latency = 0.0 (+/- 0) us 
Pos-consensus latency = 4.459991978729901E7 (+/- 0) us 
Propose latency = 314.219853 (+/- 143) us 
Write latency = 836.8436389999999 (+/- 189) us 
Accept latency = 1489.661774 (+/- 158) us 
Batch average size = NaN (+/- 0) requests
ConsensusMessage ByteCount = 1443890:21882
TOMMessage ByteCount = 147515280:415529
StandardSMMessage ByteCount = 302:17
LCMessage ByteCount = 60:12
--- Measurements after 403000 ops (1000 samples) ---
Throughput = 6622.5166 operations/sec (Maximum observed: 9009.009 ops/sec)
Total latency = 4.4702103253362E7 (+/- 0) us 
Consensus latency = 2524.2932400000004 (+/- 198) us 
Pre-consensus latency = 0.0 (+/- 0) us 
Pos-consensus latency = 4.4699707799600996E7 (+/- 0) us 
Propose latency = 229.590959 (+/- 29) us 
Write latency = 769.071791 (+/- 166) us 
Accept latency = 1525.63049 (+/- 85) us 
Batch average size = NaN (+/- 0) requests
ConsensusMessage ByteCount = 1443890:21882
TOMMessage ByteCount = 147875097:415875
StandardSMMessage ByteCount = 302:17
LCMessage ByteCount = 60:12
--- Measurements after 404000 ops (1000 samples) ---
Throughput = 6578.9473 operations/sec (Maximum observed: 9009.009 ops/sec)
Total latency = 4.4798460649204E7 (+/- 0) us 
Consensus latency = 2744.779974 (+/- 922) us 
Pre-consensus latency = 0.0 (+/- 0) us 
Pos-consensus latency = 4.4795857567182E7 (+/- 0) us 
Propose latency = 258.355457 (+/- 84) us 
Write latency = 794.519809 (+/- 280) us 
Accept latency = 1691.904708 (+/- 831) us 
Batch average size = NaN (+/- 0) requests
ConsensusMessage ByteCount = 1443890:21882
TOMMessage ByteCount = 148230754:416217
StandardSMMessage ByteCount = 302:17
LCMessage ByteCount = 60:12
--- Measurements after 405000 ops (1000 samples) ---
Throughput = 5405.4053 operations/sec (Maximum observed: 9009.009 ops/sec)
Total latency = 4.4899097910787E7 (+/- 0) us 
Consensus latency = 2615.6283909999997 (+/- 209) us 
Pre-consensus latency = 0.0 (+/- 0) us 
Pos-consensus latency = 4.4896615370293E7 (+/- 0) us 
Propose latency = 241.455151 (+/- 32) us 
Write latency = 897.0271 (+/- 224) us 
Accept latency = 1477.1461399999998 (+/- 109) us 
Batch average size = NaN (+/- 0) requests
ConsensusMessage ByteCount = 1443890:21882
TOMMessage ByteCount = 148660242:416630
StandardSMMessage ByteCount = 302:17
LCMessage ByteCount = 60:12
--- Measurements after 406000 ops (1000 samples) ---
Throughput = 6622.5166 operations/sec (Maximum observed: 9009.009 ops/sec)
Total latency = 4.5025316569581E7 (+/- 0) us 
Consensus latency = 2399.4284989999996 (+/- 196) us 
Pre-consensus latency = 0.0 (+/- 0) us 
Pos-consensus latency = 4.5023045824132E7 (+/- 0) us 
Propose latency = 243.748227 (+/- 35) us 
Write latency = 702.981973 (+/- 203) us 
Accept latency = 1452.6982990000001 (+/- 116) us 
Batch average size = NaN (+/- 0) requests
ConsensusMessage ByteCount = 1443890:21882
TOMMessage ByteCount = 149024219:416980
StandardSMMessage ByteCount = 302:17
LCMessage ByteCount = 60:12
--- Measurements after 407000 ops (1000 samples) ---
Throughput = 6711.409 operations/sec (Maximum observed: 9009.009 ops/sec)
Total latency = 4.5119859751552E7 (+/- 0) us 
Consensus latency = 2427.758164 (+/- 184) us 
Pre-consensus latency = 0.0 (+/- 0) us 
Pos-consensus latency = 4.5117562935771E7 (+/- 0) us 
Propose latency = 235.05585 (+/- 41) us 
Write latency = 728.712708 (+/- 189) us 
Accept latency = 1463.9896059999999 (+/- 83) us 
Batch average size = NaN (+/- 0) requests
ConsensusMessage ByteCount = 1443890:21882
TOMMessage ByteCount = 149312276:417257
StandardSMMessage ByteCount = 302:17
LCMessage ByteCount = 60:12
--- Measurements after 408000 ops (1000 samples) ---
Throughput = 6622.5166 operations/sec (Maximum observed: 9009.009 ops/sec)
Total latency = 4.5214348740064E7 (+/- 0) us 
Consensus latency = 2881.4122310000002 (+/- 1575) us 
Pre-consensus latency = 0.0 (+/- 0) us 
Pos-consensus latency = 4.521162393573E7 (+/- 0) us 
Propose latency = 325.940444 (+/- 273) us 
Write latency = 1095.6676380000001 (+/- 1583) us 
Accept latency = 1459.804149 (+/- 104) us 
Batch average size = NaN (+/- 0) requests
ConsensusMessage ByteCount = 1443890:21882
TOMMessage ByteCount = 149661698:417593
StandardSMMessage ByteCount = 302:17
LCMessage ByteCount = 60:12
--- Measurements after 409000 ops (1000 samples) ---
Throughput = 5235.602 operations/sec (Maximum observed: 9009.009 ops/sec)
Total latency = 4.5325956675102994E7 (+/- 0) us 
Consensus latency = 2351.031888 (+/- 489) us 
Pre-consensus latency = 0.0 (+/- 0) us 
Pos-consensus latency = 4.5323784504E7 (+/- 0) us 
Propose latency = 361.379996 (+/- 290) us 
Write latency = 613.388849 (+/- 326) us 
Accept latency = 1376.2630430000002 (+/- 128) us 
Batch average size = NaN (+/- 0) requests
ConsensusMessage ByteCount = 1443890:21882
TOMMessage ByteCount = 150092226:418007
StandardSMMessage ByteCount = 302:17
LCMessage ByteCount = 60:12
--- Measurements after 410000 ops (1000 samples) ---
Throughput = 6622.5166 operations/sec (Maximum observed: 9009.009 ops/sec)
Total latency = 4.5446139007712E7 (+/- 0) us 
Consensus latency = 2554.7599389999996 (+/- 193) us 
Pre-consensus latency = 0.0 (+/- 0) us 
Pos-consensus latency = 4.5443717207339995E7 (+/- 0) us 
Propose latency = 230.837893 (+/- 39) us 
Write latency = 845.047062 (+/- 158) us 
Accept latency = 1478.874984 (+/- 109) us 
Batch average size = NaN (+/- 0) requests
ConsensusMessage ByteCount = 1443890:21882
TOMMessage ByteCount = 150438523:418340
StandardSMMessage ByteCount = 302:17
LCMessage ByteCount = 60:12
--- Measurements after 411000 ops (1000 samples) ---
Throughput = 6666.6665 operations/sec (Maximum observed: 9009.009 ops/sec)
Total latency = 4.5540751199529E7 (+/- 0) us 
Consensus latency = 2404.9366379999997 (+/- 140) us 
Pre-consensus latency = 0.0 (+/- 0) us 
Pos-consensus latency = 4.5538476534584E7 (+/- 0) us 
Propose latency = 235.9536 (+/- 35) us 
Write latency = 733.287169 (+/- 159) us 
Accept latency = 1435.695869 (+/- 83) us 
Batch average size = NaN (+/- 0) requests
ConsensusMessage ByteCount = 1443890:21882
TOMMessage ByteCount = 150774414:418663
StandardSMMessage ByteCount = 302:17
LCMessage ByteCount = 60:12
--- Measurements after 412000 ops (1000 samples) ---
Throughput = 6578.9473 operations/sec (Maximum observed: 9009.009 ops/sec)
Total latency = 4.5637265509132005E7 (+/- 0) us 
Consensus latency = 2428.231395 (+/- 186) us 
Pre-consensus latency = 0.0 (+/- 0) us 
Pos-consensus latency = 4.5634969499363E7 (+/- 0) us 
Propose latency = 241.566733 (+/- 36) us 
Write latency = 746.297208 (+/- 147) us 
Accept latency = 1440.367454 (+/- 104) us 
Batch average size = NaN (+/- 0) requests
ConsensusMessage ByteCount = 1443890:21882
TOMMessage ByteCount = 151103036:418979
StandardSMMessage ByteCount = 302:17
LCMessage ByteCount = 60:12
--- Measurements after 413000 ops (1000 samples) ---
Throughput = 4366.812 operations/sec (Maximum observed: 9009.009 ops/sec)
Total latency = 4.5773436457745E7 (+/- 0) us 
Consensus latency = 2481.958803 (+/- 204) us 
Pre-consensus latency = 0.0 (+/- 0) us 
Pos-consensus latency = 4.5771081432312E7 (+/- 0) us 
Propose latency = 235.903177 (+/- 41) us 
Write latency = 823.374325 (+/- 166) us 
Accept latency = 1422.681301 (+/- 108) us 
Batch average size = NaN (+/- 0) requests
ConsensusMessage ByteCount = 1443890:21882
TOMMessage ByteCount = 151534605:419394
StandardSMMessage ByteCount = 302:17
LCMessage ByteCount = 60:12
--- Measurements after 414000 ops (1000 samples) ---
Throughput = 4716.981 operations/sec (Maximum observed: 9009.009 ops/sec)
Total latency = 4.5936334184697E7 (+/- 0) us 
Consensus latency = 2658.1102650000003 (+/- 856) us 
Pre-consensus latency = 0.0 (+/- 0) us 
Pos-consensus latency = 4.5933805723532E7 (+/- 0) us 
Propose latency = 240.47241200000002 (+/- 32) us 
Write latency = 1077.454947 (+/- 1113) us 
Accept latency = 1340.182906 (+/- 320) us 
Batch average size = NaN (+/- 0) requests
ConsensusMessage ByteCount = 1443890:21882
TOMMessage ByteCount = 151992171:419834
StandardSMMessage ByteCount = 302:17
LCMessage ByteCount = 60:12
--- Measurements after 415000 ops (1000 samples) ---
Throughput = 4672.897 operations/sec (Maximum observed: 9009.009 ops/sec)
Total latency = 4.6093038742685996E7 (+/- 0) us 
Consensus latency = 2580.078531 (+/- 274) us 
Pre-consensus latency = 0.0 (+/- 0) us 
Pos-consensus latency = 4.6090624603889E7 (+/- 0) us 
Propose latency = 330.56433000000004 (+/- 149) us 
Write latency = 778.414671 (+/- 150) us 
Accept latency = 1471.09953 (+/- 99) us 
Batch average size = NaN (+/- 0) requests
ConsensusMessage ByteCount = 1443890:21882
TOMMessage ByteCount = 152455976:420280
StandardSMMessage ByteCount = 302:17
LCMessage ByteCount = 60:12
--- Measurements after 416000 ops (1000 samples) ---
Throughput = 4739.3364 operations/sec (Maximum observed: 9009.009 ops/sec)
Total latency = 4.6251020043996E7 (+/- 0) us 
Consensus latency = 2531.375638 (+/- 198) us 
Pre-consensus latency = 0.0 (+/- 0) us 
Pos-consensus latency = 4.6248620730622E7 (+/- 0) us 
Propose latency = 235.924935 (+/- 32) us 
Write latency = 790.018983 (+/- 214) us 
Accept latency = 1505.43172 (+/- 185) us 
Batch average size = NaN (+/- 0) requests
ConsensusMessage ByteCount = 1443890:21882
TOMMessage ByteCount = 152906273:420713
StandardSMMessage ByteCount = 302:17
LCMessage ByteCount = 60:12
--- Measurements after 417000 ops (1000 samples) ---
Throughput = 4761.905 operations/sec (Maximum observed: 9009.009 ops/sec)
Total latency = 4.6407716516537E7 (+/- 0) us 
Consensus latency = 2528.681838 (+/- 185) us 
Pre-consensus latency = 0.0 (+/- 0) us 
Pos-consensus latency = 4.6405316859747E7 (+/- 0) us 
Propose latency = 241.16752499999998 (+/- 29) us 
Write latency = 830.520627 (+/- 123) us 
Accept latency = 1456.993686 (+/- 109) us 
Batch average size = NaN (+/- 0) requests
ConsensusMessage ByteCount = 1443890:21882
TOMMessage ByteCount = 153302484:421094
StandardSMMessage ByteCount = 302:17
LCMessage ByteCount = 60:12
--- Measurements after 418000 ops (1000 samples) ---
Throughput = 4694.8354 operations/sec (Maximum observed: 9009.009 ops/sec)
Total latency = 4.6615338223118E7 (+/- 0) us 
Consensus latency = 2476.260847 (+/- 190) us 
Pre-consensus latency = 0.0 (+/- 0) us 
Pos-consensus latency = 4.6612995086261004E7 (+/- 0) us 
Propose latency = 245.220111 (+/- 32) us 
Write latency = 762.162807 (+/- 199) us 
Accept latency = 1468.877929 (+/- 128) us 
Batch average size = NaN (+/- 0) requests
ConsensusMessage ByteCount = 1443890:21882
TOMMessage ByteCount = 153861974:421632
StandardSMMessage ByteCount = 302:17
LCMessage ByteCount = 60:12
--- Measurements after 419000 ops (1000 samples) ---
Throughput = 4784.689 operations/sec (Maximum observed: 9009.009 ops/sec)
Total latency = 4.6768603889824994E7 (+/- 0) us 
Consensus latency = 2599.2349419999996 (+/- 783) us 
Pre-consensus latency = 0.0 (+/- 0) us 
Pos-consensus latency = 4.6766161624005E7 (+/- 0) us 
Propose latency = 270.965539 (+/- 102) us 
Write latency = 702.881488 (+/- 263) us 
Accept latency = 1625.387915 (+/- 816) us 
Batch average size = NaN (+/- 0) requests
ConsensusMessage ByteCount = 1443890:21882
TOMMessage ByteCount = 154301863:422055
StandardSMMessage ByteCount = 302:17
LCMessage ByteCount = 60:12
--- Measurements after 420000 ops (1000 samples) ---
Throughput = 4739.3364 operations/sec (Maximum observed: 9009.009 ops/sec)
Total latency = 4.6922917858661E7 (+/- 0) us 
Consensus latency = 2537.113215 (+/- 178) us 
Pre-consensus latency = 0.0 (+/- 0) us 
Pos-consensus latency = 4.6920510795135E7 (+/- 0) us 
Propose latency = 228.938918 (+/- 26) us 
Write latency = 894.657557 (+/- 183) us 
Accept latency = 1413.51674 (+/- 99) us 
Batch average size = NaN (+/- 0) requests
ConsensusMessage ByteCount = 1443890:21882
TOMMessage ByteCount = 154718878:422456
StandardSMMessage ByteCount = 302:17
LCMessage ByteCount = 60:12
--- Measurements after 421000 ops (1000 samples) ---
Throughput = 4784.689 operations/sec (Maximum observed: 9009.009 ops/sec)
Total latency = 4.7075246076563E7 (+/- 0) us 
Consensus latency = 2866.0697179999997 (+/- 370) us 
Pre-consensus latency = 0.0 (+/- 0) us 
Pos-consensus latency = 4.7072619427461E7 (+/- 0) us 
Propose latency = 482.271084 (+/- 367) us 
Write latency = 904.196711 (+/- 155) us 
Accept latency = 1479.601923 (+/- 73) us 
Batch average size = NaN (+/- 0) requests
ConsensusMessage ByteCount = 1443890:21882
TOMMessage ByteCount = 154723037:422460
StandardSMMessage ByteCount = 302:17
LCMessage ByteCount = 60:12
--- Measurements after 422000 ops (1000 samples) ---
Throughput = 4784.689 operations/sec (Maximum observed: 9009.009 ops/sec)
Total latency = 4.7230595848501E7 (+/- 0) us 
Consensus latency = 2563.7182089999997 (+/- 147) us 
Pre-consensus latency = 0.0 (+/- 0) us 
Pos-consensus latency = 4.7228164082233004E7 (+/- 0) us 
Propose latency = 239.910064 (+/- 33) us 
Write latency = 857.0069420000001 (+/- 148) us 
Accept latency = 1466.801203 (+/- 120) us 
Batch average size = NaN (+/- 0) requests
ConsensusMessage ByteCount = 1443890:21882
TOMMessage ByteCount = 154734476:422471
StandardSMMessage ByteCount = 302:17
LCMessage ByteCount = 60:12
--- Measurements after 423000 ops (1000 samples) ---
Throughput = 3906.25 operations/sec (Maximum observed: 9009.009 ops/sec)
Total latency = 4.7411158797974E7 (+/- 0) us 
Consensus latency = 2548.3769500000003 (+/- 169) us 
Pre-consensus latency = 0.0 (+/- 0) us 
Pos-consensus latency = 4.7408741726383E7 (+/- 0) us 
Propose latency = 241.93357500000002 (+/- 36) us 
Write latency = 842.29866 (+/- 140) us 
Accept latency = 1464.1447150000001 (+/- 77) us 
Batch average size = NaN (+/- 0) requests
ConsensusMessage ByteCount = 1443890:21882
TOMMessage ByteCount = 154735516:422472
StandardSMMessage ByteCount = 302:17
LCMessage ByteCount = 60:12
--- Measurements after 424000 ops (1000 samples) ---
Throughput = 4716.981 operations/sec (Maximum observed: 9009.009 ops/sec)
Total latency = 4.758631844409101E7 (+/- 0) us 
Consensus latency = 2595.2981179999997 (+/- 672) us 
Pre-consensus latency = 0.0 (+/- 0) us 
Pos-consensus latency = 4.7583855089631E7 (+/- 0) us 
Propose latency = 245.13698300000001 (+/- 46) us 
Write latency = 988.387275 (+/- 840) us 
Accept latency = 1361.77386 (+/- 229) us 
Batch average size = NaN (+/- 0) requests
ConsensusMessage ByteCount = 1443890:21882
TOMMessage ByteCount = 154740715:422477
StandardSMMessage ByteCount = 302:17
LCMessage ByteCount = 60:12
--- Measurements after 425000 ops (1000 samples) ---
Throughput = 4761.905 operations/sec (Maximum observed: 9009.009 ops/sec)
Total latency = 4.7740846410104E7 (+/- 0) us 
Consensus latency = 2582.834054 (+/- 173) us 
Pre-consensus latency = 0.0 (+/- 0) us 
Pos-consensus latency = 4.7738398069066E7 (+/- 0) us 
Propose latency = 234.394823 (+/- 38) us 
Write latency = 865.787529 (+/- 151) us 
Accept latency = 1482.6517020000001 (+/- 95) us 
Batch average size = NaN (+/- 0) requests
ConsensusMessage ByteCount = 1443890:21882
TOMMessage ByteCount = 154752155:422488
StandardSMMessage ByteCount = 302:17
LCMessage ByteCount = 60:12
--- Measurements after 426000 ops (1000 samples) ---
Throughput = 5434.7827 operations/sec (Maximum observed: 9009.009 ops/sec)
Total latency = 4.7888668427596E7 (+/- 0) us 
Consensus latency = 2459.916697 (+/- 212) us 
Pre-consensus latency = 0.0 (+/- 0) us 
Pos-consensus latency = 4.7886343015682E7 (+/- 0) us 
Propose latency = 249.17178700000002 (+/- 53) us 
Write latency = 732.274996 (+/- 168) us 
Accept latency = 1478.469914 (+/- 108) us 
Batch average size = NaN (+/- 0) requests
ConsensusMessage ByteCount = 1443890:21882
TOMMessage ByteCount = 154759435:422495
StandardSMMessage ByteCount = 302:17
LCMessage ByteCount = 60:12
--- Measurements after 427000 ops (1000 samples) ---
Throughput = 6493.5063 operations/sec (Maximum observed: 9009.009 ops/sec)
Total latency = 4.7994141387081005E7 (+/- 0) us 
Consensus latency = 2567.034729 (+/- 267) us 
Pre-consensus latency = 0.0 (+/- 0) us 
Pos-consensus latency = 4.7991723965722E7 (+/- 0) us 
Propose latency = 299.407189 (+/- 107) us 
Write latency = 791.685891 (+/- 202) us 
Accept latency = 1475.9416489999999 (+/- 85) us 
Batch average size = NaN (+/- 0) requests
ConsensusMessage ByteCount = 1443890:21882
TOMMessage ByteCount = 154767755:422503
StandardSMMessage ByteCount = 302:17
LCMessage ByteCount = 60:12
--- Measurements after 428000 ops (1000 samples) ---
Throughput = 6578.9473 operations/sec (Maximum observed: 9009.009 ops/sec)
Total latency = 4.8092491002023004E7 (+/- 0) us 
Consensus latency = 3301.5822590000002 (+/- 1479) us 
Pre-consensus latency = 0.0 (+/- 0) us 
Pos-consensus latency = 4.8089341364654996E7 (+/- 0) us 
Propose latency = 302.481678 (+/- 125) us 
Write latency = 1184.396407 (+/- 932) us 
Accept latency = 1814.7041740000002 (+/- 1055) us 
Batch average size = NaN (+/- 0) requests
ConsensusMessage ByteCount = 1443890:21882
TOMMessage ByteCount = 154775035:422510
StandardSMMessage ByteCount = 302:17
LCMessage ByteCount = 60:12
--- Measurements after 429000 ops (1000 samples) ---
Throughput = 5714.2856 operations/sec (Maximum observed: 9009.009 ops/sec)
Total latency = 4.8209387434144E7 (+/- 0) us 
Consensus latency = 2491.907055 (+/- 894) us 
Pre-consensus latency = 0.0 (+/- 0) us 
Pos-consensus latency = 4.8207030275275E7 (+/- 0) us 
Propose latency = 258.61026699999996 (+/- 116) us 
Write latency = 655.020003 (+/- 266) us 
Accept latency = 1578.276785 (+/- 703) us 
Batch average size = NaN (+/- 0) requests
ConsensusMessage ByteCount = 1443890:21882
TOMMessage ByteCount = 154783355:422518
StandardSMMessage ByteCount = 302:17
LCMessage ByteCount = 60:12
--- Measurements after 430000 ops (1000 samples) ---
Throughput = 6535.9478 operations/sec (Maximum observed: 9009.009 ops/sec)
Total latency = 4.8307996125232E7 (+/- 0) us 
Consensus latency = 2480.994647 (+/- 121) us 
Pre-consensus latency = 0.0 (+/- 0) us 
Pos-consensus latency = 4.8305638549265996E7 (+/- 0) us 
Propose latency = 226.226559 (+/- 35) us 
Write latency = 804.714594 (+/- 138) us 
Accept latency = 1450.053494 (+/- 100) us 
Batch average size = NaN (+/- 0) requests
ConsensusMessage ByteCount = 1443890:21882
TOMMessage ByteCount = 154789595:422524
StandardSMMessage ByteCount = 302:17
LCMessage ByteCount = 60:12
--- Measurements after 431000 ops (1000 samples) ---
Throughput = 6535.9478 operations/sec (Maximum observed: 9009.009 ops/sec)
Total latency = 4.8405176916036E7 (+/- 0) us 
Consensus latency = 2485.205398 (+/- 147) us 
Pre-consensus latency = 0.0 (+/- 0) us 
Pos-consensus latency = 4.840281905379E7 (+/- 0) us 
Propose latency = 239.738157 (+/- 46) us 
Write latency = 829.1792539999999 (+/- 145) us 
Accept latency = 1416.287987 (+/- 84) us 
Batch average size = NaN (+/- 0) requests
ConsensusMessage ByteCount = 1443890:21882
TOMMessage ByteCount = 154792714:422527
StandardSMMessage ByteCount = 302:17
LCMessage ByteCount = 60:12
--- Measurements after 432000 ops (1000 samples) ---
Throughput = 6535.9478 operations/sec (Maximum observed: 9009.009 ops/sec)
Total latency = 4.8503222435459E7 (+/- 0) us 
Consensus latency = 2409.432766 (+/- 166) us 
Pre-consensus latency = 0.0 (+/- 0) us 
Pos-consensus latency = 4.8500938889975995E7 (+/- 0) us 
Propose latency = 224.829566 (+/- 34) us 
Write latency = 756.775142 (+/- 126) us 
Accept latency = 1427.828058 (+/- 115) us 
Batch average size = NaN (+/- 0) requests
ConsensusMessage ByteCount = 1443890:21882
TOMMessage ByteCount = 154799994:422534
StandardSMMessage ByteCount = 302:17
LCMessage ByteCount = 60:12
--- Measurements after 433000 ops (1000 samples) ---
Throughput = 6451.613 operations/sec (Maximum observed: 9009.009 ops/sec)
Total latency = 4.8599562368586995E7 (+/- 0) us 
Consensus latency = 2701.063722 (+/- 713) us 
Pre-consensus latency = 0.0 (+/- 0) us 
Pos-consensus latency = 4.8597099069904E7 (+/- 0) us 
Propose latency = 513.947146 (+/- 416) us 
Write latency = 755.7677709999999 (+/- 288) us 
Accept latency = 1431.3488049999999 (+/- 190) us 
Batch average size = NaN (+/- 0) requests
ConsensusMessage ByteCount = 1443890:21882
TOMMessage ByteCount = 154802074:422536
StandardSMMessage ByteCount = 302:17
LCMessage ByteCount = 60:12
--- Measurements after 434000 ops (1000 samples) ---
Throughput = 5714.2856 operations/sec (Maximum observed: 9009.009 ops/sec)
Total latency = 4.8703166223153E7 (+/- 0) us 
Consensus latency = 3151.11433 (+/- 1749) us 
Pre-consensus latency = 0.0 (+/- 0) us 
Pos-consensus latency = 4.8700182733217E7 (+/- 0) us 
Propose latency = 363.841609 (+/- 248) us 
Write latency = 1336.883546 (+/- 1870) us 
Accept latency = 1450.389175 (+/- 127) us 
Batch average size = NaN (+/- 0) requests
ConsensusMessage ByteCount = 1443890:21882
TOMMessage ByteCount = 154812474:422546
StandardSMMessage ByteCount = 302:17
LCMessage ByteCount = 60:12
--- Measurements after 435000 ops (1000 samples) ---
Throughput = 6493.5063 operations/sec (Maximum observed: 9009.009 ops/sec)
Total latency = 4.8820399956898004E7 (+/- 0) us 
Consensus latency = 2547.3284909999998 (+/- 134) us 
Pre-consensus latency = 0.0 (+/- 0) us 
Pos-consensus latency = 4.8817980134523004E7 (+/- 0) us 
Propose latency = 231.8285 (+/- 37) us 
Write latency = 835.5137219999999 (+/- 129) us 
Accept latency = 1479.986269 (+/- 91) us 
Batch average size = NaN (+/- 0) requests
ConsensusMessage ByteCount = 1443890:21882
TOMMessage ByteCount = 154814554:422548
StandardSMMessage ByteCount = 302:17
LCMessage ByteCount = 60:12
--- Measurements after 436000 ops (1000 samples) ---
Throughput = 6622.5166 operations/sec (Maximum observed: 9009.009 ops/sec)
Total latency = 4.8916654908381E7 (+/- 0) us 
Consensus latency = 2536.980974 (+/- 103) us 
Pre-consensus latency = 0.0 (+/- 0) us 
Pos-consensus latency = 4.8914245720967E7 (+/- 0) us 
Propose latency = 230.14363699999998 (+/- 34) us 
Write latency = 821.02904 (+/- 99) us 
Accept latency = 1485.808297 (+/- 96) us 
Batch average size = NaN (+/- 0) requests
ConsensusMessage ByteCount = 1443890:21882
TOMMessage ByteCount = 154825994:422559
StandardSMMessage ByteCount = 302:17
LCMessage ByteCount = 60:12
--- Measurements after 437000 ops (1000 samples) ---
Throughput = 6535.9478 operations/sec (Maximum observed: 9009.009 ops/sec)
Total latency = 4.9013467573758006E7 (+/- 0) us 
Consensus latency = 2447.647793 (+/- 120) us 
Pre-consensus latency = 0.0 (+/- 0) us 
Pos-consensus latency = 4.901113994231401E7 (+/- 0) us 
Propose latency = 214.681779 (+/- 20) us 
Write latency = 748.519625 (+/- 117) us 
Accept latency = 1484.446389 (+/- 91) us 
Batch average size = NaN (+/- 0) requests
ConsensusMessage ByteCount = 1443890:21882
TOMMessage ByteCount = 154830154:422563
StandardSMMessage ByteCount = 302:17
LCMessage ByteCount = 60:12
--- Measurements after 438000 ops (1000 samples) ---
Throughput = 6666.6665 operations/sec (Maximum observed: 9009.009 ops/sec)
Total latency = 4.9109380449747E7 (+/- 0) us 
Consensus latency = 2724.293045 (+/- 994) us 
Pre-consensus latency = 0.0 (+/- 0) us 
Pos-consensus latency = 4.9106811101225995E7 (+/- 0) us 
Propose latency = 278.771429 (+/- 80) us 
Write latency = 751.9224690000001 (+/- 226) us 
Accept latency = 1693.5991470000001 (+/- 929) us 
Batch average size = NaN (+/- 0) requests
ConsensusMessage ByteCount = 1443890:21882
TOMMessage ByteCount = 154835354:422568
StandardSMMessage ByteCount = 302:17
LCMessage ByteCount = 60:12
--- Measurements after 439000 ops (1000 samples) ---
Throughput = 6622.5166 operations/sec (Maximum observed: 9009.009 ops/sec)
Total latency = 4.9203378797412E7 (+/- 0) us 
Consensus latency = 3217.898405 (+/- 1757) us 
Pre-consensus latency = 0.0 (+/- 0) us 
Pos-consensus latency = 4.9200334166859E7 (+/- 0) us 
Propose latency = 350.079256 (+/- 215) us 
Write latency = 960.983859 (+/- 247) us 
Accept latency = 1906.83529 (+/- 1709) us 
Batch average size = NaN (+/- 0) requests
ConsensusMessage ByteCount = 1443890:21882
TOMMessage ByteCount = 154838474:422571
StandardSMMessage ByteCount = 302:17
LCMessage ByteCount = 60:12
--- Measurements after 440000 ops (1000 samples) ---
Throughput = 5780.3467 operations/sec (Maximum observed: 9009.009 ops/sec)
Total latency = 4.9311095433325E7 (+/- 0) us 
Consensus latency = 2688.300365 (+/- 343) us 
Pre-consensus latency = 0.0 (+/- 0) us 
Pos-consensus latency = 4.9308562689362E7 (+/- 0) us 
Propose latency = 310.185727 (+/- 146) us 
Write latency = 952.3061319999999 (+/- 292) us 
Accept latency = 1425.808506 (+/- 117) us 
Batch average size = NaN (+/- 0) requests
ConsensusMessage ByteCount = 1443890:21882
TOMMessage ByteCount = 154842634:422575
StandardSMMessage ByteCount = 302:17
LCMessage ByteCount = 60:12
--- Measurements after 441000 ops (1000 samples) ---
Throughput = 6622.5166 operations/sec (Maximum observed: 9009.009 ops/sec)
Total latency = 4.9417921824987E7 (+/- 0) us 
Consensus latency = 2539.3955499999997 (+/- 113) us 
Pre-consensus latency = 0.0 (+/- 0) us 
Pos-consensus latency = 4.9415511555524E7 (+/- 0) us 
Propose latency = 231.42106099999998 (+/- 36) us 
Write latency = 827.649232 (+/- 97) us 
Accept latency = 1480.325257 (+/- 80) us 
Batch average size = NaN (+/- 0) requests
ConsensusMessage ByteCount = 1443890:21882
TOMMessage ByteCount = 154859274:422591
StandardSMMessage ByteCount = 302:17
LCMessage ByteCount = 60:12
--- Measurements after 442000 ops (1000 samples) ---
Throughput = 6622.5166 operations/sec (Maximum observed: 9009.009 ops/sec)
Total latency = 4.9512954400416E7 (+/- 0) us 
Consensus latency = 2540.2370619999997 (+/- 160) us 
Pre-consensus latency = 0.0 (+/- 0) us 
Pos-consensus latency = 4.9510546682648E7 (+/- 0) us 
Propose latency = 234.266908 (+/- 28) us 
Write latency = 828.039121 (+/- 136) us 
Accept latency = 1477.931033 (+/- 90) us 
Batch average size = NaN (+/- 0) requests
ConsensusMessage ByteCount = 1443890:21882
TOMMessage ByteCount = 154868634:422600
StandardSMMessage ByteCount = 302:17
LCMessage ByteCount = 60:12
--- Measurements after 443000 ops (1000 samples) ---
Throughput = 6578.9473 operations/sec (Maximum observed: 9009.009 ops/sec)
Total latency = 4.9606836305335E7 (+/- 0) us 
Consensus latency = 2422.04327 (+/- 400) us 
Pre-consensus latency = 0.0 (+/- 0) us 
Pos-consensus latency = 4.9604555022065E7 (+/- 0) us 
Propose latency = 255.610283 (+/- 78) us 
Write latency = 782.4056840000001 (+/- 332) us 
Accept latency = 1384.027303 (+/- 141) us 
Batch average size = NaN (+/- 0) requests
ConsensusMessage ByteCount = 1443890:21882
TOMMessage ByteCount = 154875914:422607
StandardSMMessage ByteCount = 302:17
LCMessage ByteCount = 60:12
--- Measurements after 444000 ops (1000 samples) ---
Throughput = 6578.9473 operations/sec (Maximum observed: 9009.009 ops/sec)
Total latency = 4.9703272140085E7 (+/- 0) us 
Consensus latency = 2556.5369870000004 (+/- 202) us 
Pre-consensus latency = 0.0 (+/- 0) us 
Pos-consensus latency = 4.9700846226944E7 (+/- 0) us 
Propose latency = 237.28079 (+/- 33) us 
Write latency = 867.5480110000001 (+/- 191) us 
Accept latency = 1451.708186 (+/- 80) us 
Batch average size = NaN (+/- 0) requests
ConsensusMessage ByteCount = 1443890:21882
TOMMessage ByteCount = 154883194:422614
StandardSMMessage ByteCount = 302:17
LCMessage ByteCount = 60:12
--- Measurements after 445000 ops (1000 samples) ---
Throughput = 6944.4443 operations/sec (Maximum observed: 9009.009 ops/sec)
Total latency = 4.9795565360094E7 (+/- 0) us 
Consensus latency = 3025.957961 (+/- 1849) us 
Pre-consensus latency = 0.0 (+/- 0) us 
Pos-consensus latency = 4.9792697858183E7 (+/- 0) us 
Propose latency = 298.748642 (+/- 108) us 
Write latency = 1162.547811 (+/- 1309) us 
Accept latency = 1564.661508 (+/- 563) us 
Batch average size = NaN (+/- 0) requests
ConsensusMessage ByteCount = 1443890:21882
TOMMessage ByteCount = 154888393:422619
StandardSMMessage ByteCount = 302:17
LCMessage ByteCount = 60:12
--- Measurements after 446000 ops (1000 samples) ---
Throughput = 5714.2856 operations/sec (Maximum observed: 9009.009 ops/sec)
Total latency = 4.9907336655E7 (+/- 0) us 
Consensus latency = 2505.118846 (+/- 138) us 
Pre-consensus latency = 0.0 (+/- 0) us 
Pos-consensus latency = 4.9904960866487E7 (+/- 0) us 
Propose latency = 238.54815599999998 (+/- 28) us 
Write latency = 805.3708519999999 (+/- 137) us 
Accept latency = 1461.199838 (+/- 74) us 
Batch average size = NaN (+/- 0) requests
ConsensusMessage ByteCount = 1443890:21882
TOMMessage ByteCount = 154892553:422623
StandardSMMessage ByteCount = 302:17
LCMessage ByteCount = 60:12
--- Measurements after 447000 ops (1000 samples) ---
Throughput = 6993.007 operations/sec (Maximum observed: 9009.009 ops/sec)
Total latency = 5.0000404055847E7 (+/- 0) us 
Consensus latency = 2545.5514980000003 (+/- 136) us 
Pre-consensus latency = 0.0 (+/- 0) us 
Pos-consensus latency = 4.9997991596907996E7 (+/- 0) us 
Propose latency = 257.356249 (+/- 23) us 
Write latency = 867.5959780000001 (+/- 116) us 
Accept latency = 1420.599271 (+/- 86) us 
Batch average size = NaN (+/- 0) requests
ConsensusMessage ByteCount = 1443890:21882
TOMMessage ByteCount = 154896713:422627
StandardSMMessage ByteCount = 302:17
LCMessage ByteCount = 60:12
--- Measurements after 448000 ops (1000 samples) ---
Throughput = 6535.9478 operations/sec (Maximum observed: 9009.009 ops/sec)
Total latency = 5.0093838182936996E7 (+/- 0) us 
Consensus latency = 2615.347976 (+/- 892) us 
Pre-consensus latency = 0.0 (+/- 0) us 
Pos-consensus latency = 5.0091351312315E7 (+/- 0) us 
Propose latency = 231.362734 (+/- 38) us 
Write latency = 706.228915 (+/- 197) us 
Accept latency = 1677.756327 (+/- 855) us 
Batch average size = NaN (+/- 0) requests
ConsensusMessage ByteCount = 1443890:21882
TOMMessage ByteCount = 154901913:422632
StandardSMMessage ByteCount = 302:17
LCMessage ByteCount = 60:12
--- Measurements after 449000 ops (1000 samples) ---
Throughput = 6535.9478 operations/sec (Maximum observed: 9009.009 ops/sec)
Total latency = 5.0191445438416E7 (+/- 0) us 
Consensus latency = 2593.372488 (+/- 124) us 
Pre-consensus latency = 0.0 (+/- 0) us 
Pos-consensus latency = 5.0188986694501996E7 (+/- 0) us 
Propose latency = 252.105066 (+/- 47) us 
Write latency = 855.529162 (+/- 124) us 
Accept latency = 1485.73826 (+/- 88) us 
Batch average size = NaN (+/- 0) requests
ConsensusMessage ByteCount = 1443890:21882
TOMMessage ByteCount = 154906072:422636
StandardSMMessage ByteCount = 302:17
LCMessage ByteCount = 60:12
--- Measurements after 450000 ops (1000 samples) ---
Throughput = 6451.613 operations/sec (Maximum observed: 9009.009 ops/sec)
Total latency = 5.0290653289053E7 (+/- 0) us 
Consensus latency = 2540.9734320000002 (+/- 163) us 
Pre-consensus latency = 0.0 (+/- 0) us 
Pos-consensus latency = 5.0288253381060995E7 (+/- 0) us 
Propose latency = 267.009866 (+/- 57) us 
Write latency = 829.591157 (+/- 134) us 
Accept latency = 1444.372409 (+/- 85) us 
Batch average size = NaN (+/- 0) requests
ConsensusMessage ByteCount = 1443890:21882
TOMMessage ByteCount = 154913352:422643
StandardSMMessage ByteCount = 302:17
LCMessage ByteCount = 60:12
--- Measurements after 451000 ops (1000 samples) ---
Throughput = 5494.5054 operations/sec (Maximum observed: 9009.009 ops/sec)
Total latency = 5.0389373561273E7 (+/- 0) us 
Consensus latency = 2541.388856 (+/- 275) us 
Pre-consensus latency = 0.0 (+/- 0) us 
Pos-consensus latency = 5.0386986107083E7 (+/- 0) us 
Propose latency = 314.389429 (+/- 165) us 
Write latency = 772.0165949999999 (+/- 120) us 
Accept latency = 1454.982832 (+/- 101) us 
Batch average size = NaN (+/- 0) requests
ConsensusMessage ByteCount = 1443890:21882
TOMMessage ByteCount = 154919591:422649
StandardSMMessage ByteCount = 302:17
LCMessage ByteCount = 60:12
--- Measurements after 452000 ops (1000 samples) ---
Throughput = 6896.552 operations/sec (Maximum observed: 9009.009 ops/sec)
Total latency = 5.0512310654073E7 (+/- 0) us 
Consensus latency = 2529.57497 (+/- 157) us 
Pre-consensus latency = 0.0 (+/- 0) us 
Pos-consensus latency = 5.0509907440736E7 (+/- 0) us 
Propose latency = 225.05476199999998 (+/- 41) us 
Write latency = 887.126994 (+/- 142) us 
Accept latency = 1417.393214 (+/- 81) us 
Batch average size = NaN (+/- 0) requests
ConsensusMessage ByteCount = 1443890:21882
TOMMessage ByteCount = 154926871:422656
StandardSMMessage ByteCount = 302:17
LCMessage ByteCount = 60:12
--- Measurements after 453000 ops (1000 samples) ---
Throughput = 6993.007 operations/sec (Maximum observed: 9009.009 ops/sec)
Total latency = 5.0601871764126E7 (+/- 0) us 
Consensus latency = 2747.623534 (+/- 1192) us 
Pre-consensus latency = 0.0 (+/- 0) us 
Pos-consensus latency = 5.0599256891938E7 (+/- 0) us 
Propose latency = 230.48457399999998 (+/- 40) us 
Write latency = 818.1526670000001 (+/- 302) us 
Accept latency = 1698.9862930000002 (+/- 1074) us 
Batch average size = NaN (+/- 0) requests
ConsensusMessage ByteCount = 1443890:21882
TOMMessage ByteCount = 154929991:422659
StandardSMMessage ByteCount = 302:17
LCMessage ByteCount = 60:12
--- Measurements after 454000 ops (1000 samples) ---
Throughput = 7042.2534 operations/sec (Maximum observed: 9009.009 ops/sec)
Total latency = 5.0688346015065E7 (+/- 0) us 
Consensus latency = 2542.556247 (+/- 142) us 
Pre-consensus latency = 0.0 (+/- 0) us 
Pos-consensus latency = 5.0685929650203004E7 (+/- 0) us 
Propose latency = 224.187919 (+/- 32) us 
Write latency = 886.4304840000001 (+/- 150) us 
Accept latency = 1431.937844 (+/- 106) us 
Batch average size = NaN (+/- 0) requests
ConsensusMessage ByteCount = 1443890:21882
TOMMessage ByteCount = 154933111:422662
StandardSMMessage ByteCount = 302:17
LCMessage ByteCount = 60:12
--- Measurements after 455000 ops (1000 samples) ---
Throughput = 7042.2534 operations/sec (Maximum observed: 9009.009 ops/sec)
Total latency = 5.0774001243797E7 (+/- 0) us 
Consensus latency = 2537.3957969999997 (+/- 144) us 
Pre-consensus latency = 0.0 (+/- 0) us 
Pos-consensus latency = 5.077159400716E7 (+/- 0) us 
Propose latency = 222.65294699999998 (+/- 32) us 
Write latency = 877.720274 (+/- 140) us 
Accept latency = 1437.0225759999998 (+/- 74) us 
Batch average size = NaN (+/- 0) requests
ConsensusMessage ByteCount = 1443890:21882
TOMMessage ByteCount = 154940391:422669
StandardSMMessage ByteCount = 302:17
LCMessage ByteCount = 60:12
--- Measurements after 456000 ops (1000 samples) ---
Throughput = 7142.857 operations/sec (Maximum observed: 9009.009 ops/sec)
Total latency = 5.0860211954766996E7 (+/- 0) us 
Consensus latency = 2624.1823139999997 (+/- 183) us 
Pre-consensus latency = 0.0 (+/- 0) us 
Pos-consensus latency = 5.0857722616685994E7 (+/- 0) us 
Propose latency = 225.934056 (+/- 28) us 
Write latency = 920.351843 (+/- 218) us 
Accept latency = 1477.896415 (+/- 108) us 
Batch average size = NaN (+/- 0) requests
ConsensusMessage ByteCount = 1443890:21882
TOMMessage ByteCount = 154944551:422673
StandardSMMessage ByteCount = 302:17
LCMessage ByteCount = 60:12
--- Measurements after 457000 ops (1000 samples) ---
Throughput = 5524.862 operations/sec (Maximum observed: 9009.009 ops/sec)
Total latency = 5.0955052073410004E7 (+/- 0) us 
Consensus latency = 2508.9461499999998 (+/- 449) us 
Pre-consensus latency = 0.0 (+/- 0) us 
Pos-consensus latency = 5.0952696633162E7 (+/- 0) us 
Propose latency = 327.853572 (+/- 202) us 
Write latency = 724.40424 (+/- 332) us 
Accept latency = 1456.688338 (+/- 177) us 
Batch average size = NaN (+/- 0) requests
ConsensusMessage ByteCount = 1443890:21882
TOMMessage ByteCount = 154957031:422685
StandardSMMessage ByteCount = 302:17
LCMessage ByteCount = 60:12
--- Measurements after 458000 ops (1000 samples) ---
Throughput = 6711.409 operations/sec (Maximum observed: 9009.009 ops/sec)
Total latency = 5.1073802852014996E7 (+/- 0) us 
Consensus latency = 2568.002443 (+/- 145) us 
Pre-consensus latency = 0.0 (+/- 0) us 
Pos-consensus latency = 5.1071369883894995E7 (+/- 0) us 
Propose latency = 241.347793 (+/- 54) us 
Write latency = 893.4616 (+/- 141) us 
Accept latency = 1433.19305 (+/- 62) us 
Batch average size = NaN (+/- 0) requests
ConsensusMessage ByteCount = 1443890:21882
TOMMessage ByteCount = 154965351:422693
StandardSMMessage ByteCount = 302:17
LCMessage ByteCount = 60:12
--- Measurements after 459000 ops (1000 samples) ---
Throughput = 7042.2534 operations/sec (Maximum observed: 9009.009 ops/sec)
Total latency = 5.1153412153812E7 (+/- 0) us 
Consensus latency = 2536.036137 (+/- 204) us 
Pre-consensus latency = 0.0 (+/- 0) us 
Pos-consensus latency = 5.1151003859542996E7 (+/- 0) us 
Propose latency = 239.865472 (+/- 43) us 
Write latency = 845.3023370000001 (+/- 134) us 
Accept latency = 1450.868328 (+/- 92) us 
Batch average size = NaN (+/- 0) requests
ConsensusMessage ByteCount = 1443890:21882
TOMMessage ByteCount = 154973671:422701
StandardSMMessage ByteCount = 302:17
LCMessage ByteCount = 60:12
--- Measurements after 460000 ops (1000 samples) ---
Throughput = 6896.552 operations/sec (Maximum observed: 9009.009 ops/sec)
Total latency = 5.1241113012093E7 (+/- 0) us 
Consensus latency = 2446.630306 (+/- 176) us 
Pre-consensus latency = 0.0 (+/- 0) us 
Pos-consensus latency = 5.1238797881709E7 (+/- 0) us 
Propose latency = 226.22478099999998 (+/- 41) us 
Write latency = 765.493089 (+/- 185) us 
Accept latency = 1454.912436 (+/- 79) us 
Batch average size = NaN (+/- 0) requests
ConsensusMessage ByteCount = 1443890:21882
TOMMessage ByteCount = 154979910:422707
StandardSMMessage ByteCount = 302:17
LCMessage ByteCount = 60:12
--- Measurements after 461000 ops (1000 samples) ---
Throughput = 7042.2534 operations/sec (Maximum observed: 9009.009 ops/sec)
Total latency = 5.1329763016232E7 (+/- 0) us 
Consensus latency = 2426.535915 (+/- 202) us 
Pre-consensus latency = 0.0 (+/- 0) us 
Pos-consensus latency = 5.132745790139E7 (+/- 0) us 
Propose latency = 223.106989 (+/- 43) us 
Write latency = 793.113799 (+/- 183) us 
Accept latency = 1410.315127 (+/- 116) us 
Batch average size = NaN (+/- 0) requests
ConsensusMessage ByteCount = 1443890:21882
TOMMessage ByteCount = 154991350:422718
StandardSMMessage ByteCount = 302:17
LCMessage ByteCount = 60:12
--- Measurements after 462000 ops (1000 samples) ---
Throughput = 6756.757 operations/sec (Maximum observed: 9009.009 ops/sec)
Total latency = 5.1416601463367E7 (+/- 0) us 
Consensus latency = 2719.838531 (+/- 981) us 
Pre-consensus latency = 0.0 (+/- 0) us 
Pos-consensus latency = 5.1414011568369E7 (+/- 0) us 
Propose latency = 242.880419 (+/- 48) us 
Write latency = 831.471103 (+/- 265) us 
Accept latency = 1645.4870090000002 (+/- 916) us 
Batch average size = NaN (+/- 0) requests
ConsensusMessage ByteCount = 1443890:21882
TOMMessage ByteCount = 154996550:422723
StandardSMMessage ByteCount = 302:17
LCMessage ByteCount = 60:12
--- Measurements after 463000 ops (1000 samples) ---
Throughput = 5617.9775 operations/sec (Maximum observed: 9009.009 ops/sec)
Total latency = 5.1527766537901E7 (+/- 0) us 
Consensus latency = 2716.8289900000004 (+/- 224) us 
Pre-consensus latency = 0.0 (+/- 0) us 
Pos-consensus latency = 5.152522765702201E7 (+/- 0) us 
Propose latency = 391.71556 (+/- 304) us 
Write latency = 827.482079 (+/- 214) us 
Accept latency = 1497.631351 (+/- 102) us 
Batch average size = NaN (+/- 0) requests
ConsensusMessage ByteCount = 1443890:21882
TOMMessage ByteCount = 155007990:422734
StandardSMMessage ByteCount = 302:17
LCMessage ByteCount = 60:12
--- Measurements after 464000 ops (1000 samples) ---
Throughput = 6578.9473 operations/sec (Maximum observed: 9009.009 ops/sec)
Total latency = 5.1636495650463E7 (+/- 0) us 
Consensus latency = 2542.1396290000002 (+/- 165) us 
Pre-consensus latency = 0.0 (+/- 0) us 
Pos-consensus latency = 5.1634084874537006E7 (+/- 0) us 
Propose latency = 237.448555 (+/- 32) us 
Write latency = 832.676524 (+/- 188) us 
Accept latency = 1472.01455 (+/- 90) us 
Batch average size = NaN (+/- 0) requests
ConsensusMessage ByteCount = 1443890:21882
TOMMessage ByteCount = 155013190:422739
StandardSMMessage ByteCount = 302:17
LCMessage ByteCount = 60:12
--- Measurements after 465000 ops (1000 samples) ---
Throughput = 6578.9473 operations/sec (Maximum observed: 9009.009 ops/sec)
Total latency = 5.1733556713156E7 (+/- 0) us 
Consensus latency = 2568.330834 (+/- 131) us 
Pre-consensus latency = 0.0 (+/- 0) us 
Pos-consensus latency = 5.1731119129035E7 (+/- 0) us 
Propose latency = 241.112795 (+/- 32) us 
Write latency = 851.438132 (+/- 144) us 
Accept latency = 1475.7799069999999 (+/- 87) us 
Batch average size = NaN (+/- 0) requests
ConsensusMessage ByteCount = 1443890:21882
TOMMessage ByteCount = 155016310:422742
StandardSMMessage ByteCount = 302:17
LCMessage ByteCount = 60:12
--- Measurements after 466000 ops (1000 samples) ---
Throughput = 6493.5063 operations/sec (Maximum observed: 9009.009 ops/sec)
Total latency = 5.1830451636206E7 (+/- 0) us 
Consensus latency = 2534.243555 (+/- 240) us 
Pre-consensus latency = 0.0 (+/- 0) us 
Pos-consensus latency = 5.1828050064082004E7 (+/- 0) us 
Propose latency = 238.328369 (+/- 29) us 
Write latency = 832.589439 (+/- 184) us 
Accept latency = 1463.3257469999999 (+/- 109) us 
Batch average size = NaN (+/- 0) requests
ConsensusMessage ByteCount = 1443890:21882
TOMMessage ByteCount = 155028789:422754
StandardSMMessage ByteCount = 302:17
LCMessage ByteCount = 60:12
--- Measurements after 467000 ops (1000 samples) ---
Throughput = 6535.9478 operations/sec (Maximum observed: 9009.009 ops/sec)
Total latency = 5.1928042462702006E7 (+/- 0) us 
Consensus latency = 2529.514557 (+/- 669) us 
Pre-consensus latency = 0.0 (+/- 0) us 
Pos-consensus latency = 5.1925647228436E7 (+/- 0) us 
Propose latency = 244.66421599999998 (+/- 43) us 
Write latency = 962.3890309999999 (+/- 888) us 
Accept latency = 1322.4613100000001 (+/- 281) us 
Batch average size = NaN (+/- 0) requests
ConsensusMessage ByteCount = 1443890:21882
TOMMessage ByteCount = 155049588:422774
StandardSMMessage ByteCount = 302:17
LCMessage ByteCount = 60:12
--- Measurements after 468000 ops (1000 samples) ---
Throughput = 6493.5063 operations/sec (Maximum observed: 9009.009 ops/sec)
Total latency = 5.2027526072478E7 (+/- 0) us 
Consensus latency = 2489.043088 (+/- 250) us 
Pre-consensus latency = 0.0 (+/- 0) us 
Pos-consensus latency = 5.2025165757783994E7 (+/- 0) us 
Propose latency = 231.08297 (+/- 44) us 
Write latency = 833.122536 (+/- 208) us 
Accept latency = 1424.8375819999999 (+/- 134) us 
Batch average size = NaN (+/- 0) requests
ConsensusMessage ByteCount = 1443890:21882
TOMMessage ByteCount = 155055826:422780
StandardSMMessage ByteCount = 302:17
LCMessage ByteCount = 60:12
--- Measurements after 469000 ops (1000 samples) ---
Throughput = 5813.9536 operations/sec (Maximum observed: 9009.009 ops/sec)
Total latency = 5.2138813153336994E7 (+/- 0) us 
Consensus latency = 2646.0356690000003 (+/- 184) us 
Pre-consensus latency = 0.0 (+/- 0) us 
Pos-consensus latency = 5.2136323501948E7 (+/- 0) us 
Propose latency = 283.684959 (+/- 90) us 
Write latency = 935.546459 (+/- 135) us 
Accept latency = 1426.804251 (+/- 83) us 
Batch average size = NaN (+/- 0) requests
ConsensusMessage ByteCount = 1443890:21882
TOMMessage ByteCount = 155064144:422788
StandardSMMessage ByteCount = 302:17
LCMessage ByteCount = 60:12
--- Measurements after 470000 ops (1000 samples) ---
Throughput = 6622.5166 operations/sec (Maximum observed: 9009.009 ops/sec)
Total latency = 5.2237182653724E7 (+/- 0) us 
Consensus latency = 2542.408837 (+/- 207) us 
Pre-consensus latency = 0.0 (+/- 0) us 
Pos-consensus latency = 5.2234766835754E7 (+/- 0) us 
Propose latency = 229.17076600000001 (+/- 29) us 
Write latency = 862.703227 (+/- 177) us 
Accept latency = 1450.534844 (+/- 98) us 
Batch average size = NaN (+/- 0) requests
ConsensusMessage ByteCount = 1443890:21882
TOMMessage ByteCount = 155081822:422805
StandardSMMessage ByteCount = 302:17
LCMessage ByteCount = 60:12
--- Measurements after 471000 ops (1000 samples) ---
Throughput = 6535.9478 operations/sec (Maximum observed: 9009.009 ops/sec)
Total latency = 5.2333855509221E7 (+/- 0) us 
Consensus latency = 2459.586832 (+/- 429) us 
Pre-consensus latency = 0.0 (+/- 0) us 
Pos-consensus latency = 5.2331530044019E7 (+/- 0) us 
Propose latency = 234.989205 (+/- 38) us 
Write latency = 758.814425 (+/- 305) us 
Accept latency = 1465.783202 (+/- 201) us 
Batch average size = NaN (+/- 0) requests
ConsensusMessage ByteCount = 1443890:21882
TOMMessage ByteCount = 155095340:422818
StandardSMMessage ByteCount = 302:17
LCMessage ByteCount = 60:12
--- Measurements after 472000 ops (1000 samples) ---
Throughput = 6493.5063 operations/sec (Maximum observed: 9009.009 ops/sec)
Total latency = 5.2431529196846E7 (+/- 0) us 
Consensus latency = 2535.2831690000003 (+/- 142) us 
Pre-consensus latency = 0.0 (+/- 0) us 
Pos-consensus latency = 5.2429127402858004E7 (+/- 0) us 
Propose latency = 249.647432 (+/- 53) us 
Write latency = 846.6406929999999 (+/- 195) us 
Accept latency = 1438.995044 (+/- 103) us 
Batch average size = NaN (+/- 0) requests
ConsensusMessage ByteCount = 1443890:21882
TOMMessage ByteCount = 155104699:422827
StandardSMMessage ByteCount = 302:17
LCMessage ByteCount = 60:12
--- Measurements after 473000 ops (1000 samples) ---
Throughput = 6493.5063 operations/sec (Maximum observed: 9009.009 ops/sec)
Total latency = 5.2528971839099996E7 (+/- 0) us 
Consensus latency = 2501.758787 (+/- 184) us 
Pre-consensus latency = 0.0 (+/- 0) us 
Pos-consensus latency = 5.2526596251857005E7 (+/- 0) us 
Propose latency = 234.185951 (+/- 36) us 
Write latency = 840.104419 (+/- 189) us 
Accept latency = 1427.4684169999998 (+/- 72) us 
Batch average size = NaN (+/- 0) requests
ConsensusMessage ByteCount = 1443890:21882
TOMMessage ByteCount = 155113019:422835
StandardSMMessage ByteCount = 302:17
LCMessage ByteCount = 60:12
--- Measurements after 474000 ops (1000 samples) ---
Throughput = 5617.9775 operations/sec (Maximum observed: 9009.009 ops/sec)
Total latency = 5.2631599814284E7 (+/- 0) us 
Consensus latency = 2508.106873 (+/- 117) us 
Pre-consensus latency = 0.0 (+/- 0) us 
Pos-consensus latency = 5.2629225476718E7 (+/- 0) us 
Propose latency = 234.960826 (+/- 32) us 
Write latency = 814.744542 (+/- 130) us 
Accept latency = 1458.4015049999998 (+/- 85) us 
Batch average size = NaN (+/- 0) requests
ConsensusMessage ByteCount = 1443890:21882
TOMMessage ByteCount = 155118218:422840
StandardSMMessage ByteCount = 302:17
LCMessage ByteCount = 60:12
--- Measurements after 475000 ops (1000 samples) ---
Throughput = 6369.427 operations/sec (Maximum observed: 9009.009 ops/sec)
Total latency = 5.2750401238764E7 (+/- 0) us 
Consensus latency = 2577.413742 (+/- 221) us 
Pre-consensus latency = 0.0 (+/- 0) us 
Pos-consensus latency = 5.2747988375301E7 (+/- 0) us 
Propose latency = 312.550693 (+/- 138) us 
Write latency = 834.364431 (+/- 113) us 
Accept latency = 1430.498618 (+/- 74) us 
Batch average size = NaN (+/- 0) requests
ConsensusMessage ByteCount = 1443890:21882
TOMMessage ByteCount = 155125498:422847
StandardSMMessage ByteCount = 302:17
LCMessage ByteCount = 60:12
--- Measurements after 476000 ops (1000 samples) ---
Throughput = 6410.2563 operations/sec (Maximum observed: 9009.009 ops/sec)
Total latency = 5.285230965133999E7 (+/- 0) us 
Consensus latency = 2671.9823250000004 (+/- 720) us 
Pre-consensus latency = 0.0 (+/- 0) us 
Pos-consensus latency = 5.2849772242584E7 (+/- 0) us 
Propose latency = 260.13995800000004 (+/- 37) us 
Write latency = 1066.191733 (+/- 927) us 
Accept latency = 1345.650634 (+/- 261) us 
Batch average size = NaN (+/- 0) requests
ConsensusMessage ByteCount = 1443890:21882
TOMMessage ByteCount = 155132777:422854
StandardSMMessage ByteCount = 302:17
LCMessage ByteCount = 60:12
--- Measurements after 477000 ops (1000 samples) ---
Throughput = 6451.613 operations/sec (Maximum observed: 9009.009 ops/sec)
Total latency = 5.2952907003883004E7 (+/- 0) us 
Consensus latency = 2579.027677 (+/- 128) us 
Pre-consensus latency = 0.0 (+/- 0) us 
Pos-consensus latency = 5.2950464578398004E7 (+/- 0) us 
Propose latency = 254.562003 (+/- 50) us 
Write latency = 870.257828 (+/- 145) us 
Accept latency = 1454.2078459999998 (+/- 67) us 
Batch average size = NaN (+/- 0) requests
ConsensusMessage ByteCount = 1443890:21882
TOMMessage ByteCount = 155150456:422871
StandardSMMessage ByteCount = 302:17
LCMessage ByteCount = 60:12
--- Measurements after 478000 ops (1000 samples) ---
Throughput = 6535.9478 operations/sec (Maximum observed: 9009.009 ops/sec)
Total latency = 5.305287223923001E7 (+/- 0) us 
Consensus latency = 2585.910993 (+/- 205) us 
Pre-consensus latency = 0.0 (+/- 0) us 
Pos-consensus latency = 5.3050419041017994E7 (+/- 0) us 
Propose latency = 246.45409 (+/- 25) us 
Write latency = 908.5061929999999 (+/- 205) us 
Accept latency = 1430.95071 (+/- 124) us 
Batch average size = NaN (+/- 0) requests
ConsensusMessage ByteCount = 1443890:21882
TOMMessage ByteCount = 155163976:422884
StandardSMMessage ByteCount = 302:17
LCMessage ByteCount = 60:12
--- Measurements after 479000 ops (1000 samples) ---
Throughput = 6711.409 operations/sec (Maximum observed: 9009.009 ops/sec)
Total latency = 5.3147592712525E7 (+/- 0) us 
Consensus latency = 2482.582703 (+/- 151) us 
Pre-consensus latency = 0.0 (+/- 0) us 
Pos-consensus latency = 5.3145240991026E7 (+/- 0) us 
Propose latency = 231.778886 (+/- 25) us 
Write latency = 814.530494 (+/- 179) us 
Accept latency = 1436.2733230000001 (+/- 104) us 
Batch average size = NaN (+/- 0) requests
ConsensusMessage ByteCount = 1443890:21882
TOMMessage ByteCount = 155170216:422890
StandardSMMessage ByteCount = 302:17
LCMessage ByteCount = 60:12
--- Measurements after 480000 ops (1000 samples) ---
Throughput = 5128.205 operations/sec (Maximum observed: 9009.009 ops/sec)
Total latency = 5.3254387206111E7 (+/- 0) us 
Consensus latency = 2907.937195 (+/- 962) us 
Pre-consensus latency = 0.0 (+/- 0) us 
Pos-consensus latency = 5.3251826098738E7 (+/- 0) us 
Propose latency = 499.172593 (+/- 1205) us 
Write latency = 955.779209 (+/- 235) us 
Accept latency = 1452.985393 (+/- 120) us 
Batch average size = NaN (+/- 0) requests
ConsensusMessage ByteCount = 1443890:21882
TOMMessage ByteCount = 155181656:422901
StandardSMMessage ByteCount = 302:17
LCMessage ByteCount = 60:12
--- Measurements after 481000 ops (1000 samples) ---
Throughput = 4807.6924 operations/sec (Maximum observed: 9009.009 ops/sec)
Total latency = 5.3407946902386E7 (+/- 0) us 
Consensus latency = 3413.3662740000004 (+/- 1989) us 
Pre-consensus latency = 0.0 (+/- 0) us 
Pos-consensus latency = 5.3405689454486E7 (+/- 0) us 
Propose latency = 1443.662824 (+/- 2363) us 
Write latency = 628.1523249999999 (+/- 409) us 
Accept latency = 1341.551125 (+/- 161) us 
Batch average size = NaN (+/- 0) requests
ConsensusMessage ByteCount = 1443890:21882
TOMMessage ByteCount = 155195176:422914
StandardSMMessage ByteCount = 302:17
LCMessage ByteCount = 60:12
--- Measurements after 482000 ops (1000 samples) ---
Throughput = 4784.689 operations/sec (Maximum observed: 9009.009 ops/sec)
Total latency = 5.3561735071096E7 (+/- 0) us 
Consensus latency = 2589.4018939999996 (+/- 175) us 
Pre-consensus latency = 0.0 (+/- 0) us 
Pos-consensus latency = 5.3559271872323E7 (+/- 0) us 
Propose latency = 236.95026199999998 (+/- 42) us 
Write latency = 864.8937020000001 (+/- 192) us 
Accept latency = 1487.55793 (+/- 77) us 
Batch average size = NaN (+/- 0) requests
ConsensusMessage ByteCount = 1443890:21882
TOMMessage ByteCount = 155204535:422923
StandardSMMessage ByteCount = 302:17
LCMessage ByteCount = 60:12
--- Measurements after 483000 ops (1000 samples) ---
Throughput = 4784.689 operations/sec (Maximum observed: 9009.009 ops/sec)
Total latency = 5.3714811945057996E7 (+/- 0) us 
Consensus latency = 2404.5541639999997 (+/- 160) us 
Pre-consensus latency = 0.0 (+/- 0) us 
Pos-consensus latency = 5.3712535596792E7 (+/- 0) us 
Propose latency = 233.76465100000001 (+/- 40) us 
Write latency = 776.818691 (+/- 167) us 
Accept latency = 1393.970822 (+/- 89) us 
Batch average size = NaN (+/- 0) requests
ConsensusMessage ByteCount = 1443890:21882
TOMMessage ByteCount = 155220132:422938
StandardSMMessage ByteCount = 302:17
LCMessage ByteCount = 60:12
--- Measurements after 484000 ops (1000 samples) ---
Throughput = 4761.905 operations/sec (Maximum observed: 9009.009 ops/sec)
Total latency = 5.3868456929563E7 (+/- 0) us 
Consensus latency = 2535.2940049999997 (+/- 171) us 
Pre-consensus latency = 0.0 (+/- 0) us 
Pos-consensus latency = 5.3866053600299E7 (+/- 0) us 
Propose latency = 252.084406 (+/- 34) us 
Write latency = 829.776822 (+/- 135) us 
Accept latency = 1453.432777 (+/- 73) us 
Batch average size = NaN (+/- 0) requests
ConsensusMessage ByteCount = 1443890:21882
TOMMessage ByteCount = 155225332:422943
StandardSMMessage ByteCount = 302:17
LCMessage ByteCount = 60:12
--- Measurements after 485000 ops (1000 samples) ---
Throughput = 4761.905 operations/sec (Maximum observed: 9009.009 ops/sec)
Total latency = 5.4023123547722E7 (+/- 0) us 
Consensus latency = 2628.565596 (+/- 1008) us 
Pre-consensus latency = 0.0 (+/- 0) us 
Pos-consensus latency = 5.4020630364401E7 (+/- 0) us 
Propose latency = 240.368552 (+/- 57) us 
Write latency = 736.11501 (+/- 322) us 
Accept latency = 1652.082034 (+/- 913) us 
Batch average size = NaN (+/- 0) requests
ConsensusMessage ByteCount = 1443890:21882
TOMMessage ByteCount = 155230532:422948
StandardSMMessage ByteCount = 302:17
LCMessage ByteCount = 60:12
--- Measurements after 486000 ops (1000 samples) ---
Throughput = 3831.4177 operations/sec (Maximum observed: 9009.009 ops/sec)
Total latency = 5.4207574191452004E7 (+/- 0) us 
Consensus latency = 2664.5303390000004 (+/- 544) us 
Pre-consensus latency = 0.0 (+/- 0) us 
Pos-consensus latency = 5.4205051396597E7 (+/- 0) us 
Propose latency = 283.047284 (+/- 84) us 
Write latency = 816.116667 (+/- 140) us 
Accept latency = 1565.3663880000001 (+/- 508) us 
Batch average size = NaN (+/- 0) requests
ConsensusMessage ByteCount = 1443890:21882
TOMMessage ByteCount = 155240930:422958
StandardSMMessage ByteCount = 302:17
LCMessage ByteCount = 60:12
--- Measurements after 487000 ops (1000 samples) ---
Throughput = 4761.905 operations/sec (Maximum observed: 9009.009 ops/sec)
Total latency = 5.4382232053947E7 (+/- 0) us 
Consensus latency = 2426.229541 (+/- 174) us 
Pre-consensus latency = 0.0 (+/- 0) us 
Pos-consensus latency = 5.437992856498E7 (+/- 0) us 
Propose latency = 216.06759599999998 (+/- 21) us 
Write latency = 784.347492 (+/- 153) us 
Accept latency = 1425.814453 (+/- 103) us 
Batch average size = NaN (+/- 0) requests
ConsensusMessage ByteCount = 1443890:21882
TOMMessage ByteCount = 155250290:422967
StandardSMMessage ByteCount = 302:17
LCMessage ByteCount = 60:12
--- Measurements after 488000 ops (1000 samples) ---
Throughput = 4761.905 operations/sec (Maximum observed: 9009.009 ops/sec)
Total latency = 5.4537727928918E7 (+/- 0) us 
Consensus latency = 2468.6503199999997 (+/- 146) us 
Pre-consensus latency = 0.0 (+/- 0) us 
Pos-consensus latency = 5.4535384275897E7 (+/- 0) us 
Propose latency = 220.745419 (+/- 27) us 
Write latency = 764.0792190000001 (+/- 173) us 
Accept latency = 1483.8256820000001 (+/- 108) us 
Batch average size = NaN (+/- 0) requests
ConsensusMessage ByteCount = 1443890:21882
TOMMessage ByteCount = 155263809:422980
StandardSMMessage ByteCount = 302:17
LCMessage ByteCount = 60:12
--- Measurements after 489000 ops (1000 samples) ---
Throughput = 6493.5063 operations/sec (Maximum observed: 9009.009 ops/sec)
Total latency = 5.4669987988005E7 (+/- 0) us 
Consensus latency = 2462.89816 (+/- 174) us 
Pre-consensus latency = 0.0 (+/- 0) us 
Pos-consensus latency = 5.4667649166079E7 (+/- 0) us 
Propose latency = 227.83098800000002 (+/- 35) us 
Write latency = 812.9584470000001 (+/- 203) us 
Accept latency = 1422.108725 (+/- 79) us 
Batch average size = NaN (+/- 0) requests
ConsensusMessage ByteCount = 1443890:21882
TOMMessage ByteCount = 155278367:422994
StandardSMMessage ByteCount = 302:17
LCMessage ByteCount = 60:12
--- Measurements after 490000 ops (1000 samples) ---
Throughput = 6849.315 operations/sec (Maximum observed: 9009.009 ops/sec)
Total latency = 5.4757773680327006E7 (+/- 0) us 
Consensus latency = 2769.095044 (+/- 912) us 
Pre-consensus latency = 0.0 (+/- 0) us 
Pos-consensus latency = 5.4755430353885E7 (+/- 0) us 
Propose latency = 525.6803199999999 (+/- 1132) us 
Write latency = 836.0787120000001 (+/- 326) us 
Accept latency = 1407.3360120000002 (+/- 156) us 
Batch average size = NaN (+/- 0) requests
ConsensusMessage ByteCount = 1443890:21882
TOMMessage ByteCount = 155293966:423009
StandardSMMessage ByteCount = 302:17
LCMessage ByteCount = 60:12
--- Measurements after 491000 ops (1000 samples) ---
Throughput = 7142.857 operations/sec (Maximum observed: 9009.009 ops/sec)
Total latency = 5.4843410961614E7 (+/- 0) us 
Consensus latency = 2570.084259 (+/- 185) us 
Pre-consensus latency = 0.0 (+/- 0) us 
Pos-consensus latency = 5.4840974668454E7 (+/- 0) us 
Propose latency = 236.192587 (+/- 31) us 
Write latency = 883.1638220000001 (+/- 106) us 
Accept latency = 1450.72785 (+/- 119) us 
Batch average size = NaN (+/- 0) requests
ConsensusMessage ByteCount = 1443890:21882
TOMMessage ByteCount = 155304365:423019
StandardSMMessage ByteCount = 302:17
LCMessage ByteCount = 60:12
--- Measurements after 492000 ops (1000 samples) ---
Throughput = 5434.7827 operations/sec (Maximum observed: 9009.009 ops/sec)
Total latency = 5.4958661944314E7 (+/- 0) us 
Consensus latency = 2850.0348599999998 (+/- 445) us 
Pre-consensus latency = 0.0 (+/- 0) us 
Pos-consensus latency = 5.4956012429485E7 (+/- 0) us 
Propose latency = 505.551239 (+/- 411) us 
Write latency = 844.137554 (+/- 213) us 
Accept latency = 1500.346067 (+/- 152) us 
Batch average size = NaN (+/- 0) requests
ConsensusMessage ByteCount = 1443890:21882
TOMMessage ByteCount = 155321002:423035
StandardSMMessage ByteCount = 302:17
LCMessage ByteCount = 60:12
--- Measurements after 493000 ops (1000 samples) ---
Throughput = 6666.6665 operations/sec (Maximum observed: 9009.009 ops/sec)
Total latency = 5.5060644727699995E7 (+/- 0) us 
Consensus latency = 2457.186593 (+/- 148) us 
Pre-consensus latency = 0.0 (+/- 0) us 
Pos-consensus latency = 5.5058313324194E7 (+/- 0) us 
Propose latency = 221.243459 (+/- 32) us 
Write latency = 845.107018 (+/- 123) us 
Accept latency = 1390.836116 (+/- 93) us 
Batch average size = NaN (+/- 0) requests
ConsensusMessage ByteCount = 1443890:21882
TOMMessage ByteCount = 155335562:423049
StandardSMMessage ByteCount = 302:17
LCMessage ByteCount = 60:12
--- Measurements after 494000 ops (1000 samples) ---
Throughput = 6666.6665 operations/sec (Maximum observed: 9009.009 ops/sec)
Total latency = 5.5152250295366E7 (+/- 0) us 
Consensus latency = 2704.243238 (+/- 921) us 
Pre-consensus latency = 0.0 (+/- 0) us 
Pos-consensus latency = 5.5149683568464994E7 (+/- 0) us 
Propose latency = 255.275087 (+/- 67) us 
Write latency = 808.132346 (+/- 230) us 
Accept latency = 1640.835805 (+/- 869) us 
Batch average size = NaN (+/- 0) requests
ConsensusMessage ByteCount = 1443890:21882
TOMMessage ByteCount = 155352202:423065
StandardSMMessage ByteCount = 302:17
LCMessage ByteCount = 60:12
--- Measurements after 495000 ops (1000 samples) ---
Throughput = 6666.6665 operations/sec (Maximum observed: 9009.009 ops/sec)
Total latency = 5.524113359575E7 (+/- 0) us 
Consensus latency = 2438.91885 (+/- 177) us 
Pre-consensus latency = 0.0 (+/- 0) us 
Pos-consensus latency = 5.5238814534967005E7 (+/- 0) us 
Propose latency = 202.88304300000001 (+/- 33) us 
Write latency = 839.2545779999999 (+/- 171) us 
Accept latency = 1396.781229 (+/- 100) us 
Batch average size = NaN (+/- 0) requests
ConsensusMessage ByteCount = 1443890:21882
TOMMessage ByteCount = 155364681:423077
StandardSMMessage ByteCount = 302:17
LCMessage ByteCount = 60:12
--- Measurements after 496000 ops (1000 samples) ---
Throughput = 7194.2446 operations/sec (Maximum observed: 9009.009 ops/sec)
Total latency = 5.5320914783436E7 (+/- 0) us 
Consensus latency = 2410.009631 (+/- 159) us 
Pre-consensus latency = 0.0 (+/- 0) us 
Pos-consensus latency = 5.5318611265551E7 (+/- 0) us 
Propose latency = 189.139373 (+/- 30) us 
Write latency = 745.361118 (+/- 197) us 
Accept latency = 1475.50914 (+/- 126) us 
Batch average size = NaN (+/- 0) requests
ConsensusMessage ByteCount = 1443890:21882
TOMMessage ByteCount = 155369881:423082
StandardSMMessage ByteCount = 302:17
LCMessage ByteCount = 60:12
--- Measurements after 497000 ops (1000 samples) ---
Throughput = 5714.2856 operations/sec (Maximum observed: 9009.009 ops/sec)
Total latency = 5.5388270120921E7 (+/- 0) us 
Consensus latency = 2522.98405 (+/- 210) us 
Pre-consensus latency = 0.0 (+/- 0) us 
Pos-consensus latency = 5.5385900446811E7 (+/- 0) us 
Propose latency = 366.610389 (+/- 354) us 
Write latency = 707.618527 (+/- 309) us 
Accept latency = 1448.755134 (+/- 103) us 
Batch average size = NaN (+/- 0) requests
ConsensusMessage ByteCount = 1443890:21882
TOMMessage ByteCount = 155380281:423092
StandardSMMessage ByteCount = 302:17
LCMessage ByteCount = 60:12
--- Measurements after 498000 ops (1000 samples) ---
Throughput = 7751.938 operations/sec (Maximum observed: 9009.009 ops/sec)
Total latency = 5.5481137727387E7 (+/- 0) us 
Consensus latency = 2423.8274300000003 (+/- 637) us 
Pre-consensus latency = 0.0 (+/- 0) us 
Pos-consensus latency = 5.5478796892523006E7 (+/- 0) us 
Propose latency = 146.85423 (+/- 22) us 
Write latency = 886.0381550000001 (+/- 851) us 
Accept latency = 1390.935045 (+/- 304) us 
Batch average size = NaN (+/- 0) requests
ConsensusMessage ByteCount = 1443890:21882
TOMMessage ByteCount = 155386521:423098
StandardSMMessage ByteCount = 302:17
LCMessage ByteCount = 60:12
--- Measurements after 499000 ops (1000 samples) ---
Throughput = 7575.758 operations/sec (Maximum observed: 9009.009 ops/sec)
Total latency = 5.5516504636817E7 (+/- 0) us 
Consensus latency = 2373.358303 (+/- 171) us 
Pre-consensus latency = 0.0 (+/- 0) us 
Pos-consensus latency = 5.5514200820935994E7 (+/- 0) us 
Propose latency = 117.76291499999999 (+/- 16) us 
Write latency = 824.523728 (+/- 200) us 
Accept latency = 1431.0716599999998 (+/- 89) us 
Batch average size = NaN (+/- 0) requests
ConsensusMessage ByteCount = 1443890:21882
TOMMessage ByteCount = 155399000:423110
StandardSMMessage ByteCount = 302:17
LCMessage ByteCount = 60:12
--- Measurements after 500000 ops (1000 samples) ---
Throughput = 7352.9414 operations/sec (Maximum observed: 9009.009 ops/sec)
Total latency = 5.5422859961238E7 (+/- 0) us 
Consensus latency = 2227.655401 (+/- 362) us 
Pre-consensus latency = 0.0 (+/- 0) us 
Pos-consensus latency = 5.5420671478079006E7 (+/- 0) us 
Propose latency = 64.980847 (+/- 21) us 
Write latency = 716.244526 (+/- 167) us 
Accept latency = 1446.430028 (+/- 329) us 
Batch average size = NaN (+/- 0) requests
ConsensusMessage ByteCount = 1443890:21882
TOMMessage ByteCount = 155412519:423123
StandardSMMessage ByteCount = 302:17
LCMessage ByteCount = 60:12
