-- Using view stored on disk
-- SSL/TLS handshake complete!, Id:0  ## CipherSuite: TLS_ECDHE_ECDSA_WITH_AES_128_GCM_SHA256.
-- SSL/TLS handshake complete!, Id:1  ## CipherSuite: TLS_ECDHE_ECDSA_WITH_AES_128_GCM_SHA256.
-- SSL/TLS handshake complete!, Id:2  ## CipherSuite: TLS_ECDHE_ECDSA_WITH_AES_128_GCM_SHA256.
-- ID = 3
-- N = 4
-- F = 1
-- Port (client <-> server) = 11030
-- Port (server <-> server) = 11031
-- requestTimeout = 2000
-- maxBatch = 1024
-- Binded replica to IP address 134.60.242.14
-- Optimizations:  Read-only Requests: disabled
-- SSL/TLS enabled, protocol version: TLSv1.2
-- In current view: ID:0; F:1; Processes:0(/134.60.242.11:11000),1(/134.60.242.12:11010),2(/134.60.242.13:11020),3(/134.60.242.14:11030),
-- Retrieving State
-- Replica state is up to date
-- 
		###################################
		    Ready to process operations    
		###################################
-- Session Created, active clients=0
-- Session Created, active clients=0
-- Session Created, active clients=0
-- Session Created, active clients=0
-- Session Created, active clients=0
-- Session Created, active clients=0
-- Session Created, active clients=0
-- Session Created, active clients=0
-- Session Created, active clients=0
-- Session Created, active clients=0
-- Session Created, active clients=0
-- Session Created, active clients=0
-- Session Created, active clients=0
-- Session Created, active clients=0
-- Session Created, active clients=0
-- Session Created, active clients=0
-- Session Created, active clients=0
-- Session Created, active clients=0
-- Session Created, active clients=0
-- Session Created, active clients=0
-- Session Created, active clients=0
-- Session Created, active clients=0
-- Session Created, active clients=0
-- Session Created, active clients=0
-- Session Created, active clients=0
-- Session Created, active clients=0
-- Session Created, active clients=0
-- Session Created, active clients=0
-- Session Created, active clients=0
-- Session Created, active clients=0
-- Session Created, active clients=0
-- Session Created, active clients=0
-- Session Created, active clients=0
-- Session Created, active clients=0
-- Session Created, active clients=0
-- Session Created, active clients=0
-- Session Created, active clients=0
-- Session Created, active clients=0
-- Session Created, active clients=0
-- Session Created, active clients=0
-- Session Created, active clients=0
-- Session Created, active clients=0
-- Session Created, active clients=0
-- Session Created, active clients=0
-- Session Created, active clients=0
-- Session Created, active clients=0
-- Session Created, active clients=0
-- Session Created, active clients=0
-- Session Created, active clients=0
-- Session Created, active clients=0
-- Session Created, active clients=0
-- Session Created, active clients=0
-- Session Created, active clients=0
-- Session Created, active clients=0
-- Session Created, active clients=0
-- Session Created, active clients=0
-- Session Created, active clients=0
-- Session Created, active clients=0
-- Session Created, active clients=0
-- Session Created, active clients=0
-- Session Created, active clients=0
-- Session Created, active clients=0
-- Session Created, active clients=0
-- Session Created, active clients=0
-- Session Created, active clients=0
-- Session Created, active clients=0
-- Session Created, active clients=0
-- Session Created, active clients=0
-- Session Created, active clients=0
-- Session Created, active clients=0
-- Session Created, active clients=0
-- Session Created, active clients=0
-- Session Created, active clients=0
-- Session Created, active clients=0
-- Session Created, active clients=0
-- Session Created, active clients=0
-- Session Created, active clients=0
-- Session Created, active clients=0
-- Session Created, active clients=0
-- Session Created, active clients=0
-- Session Created, active clients=0
-- Session Created, active clients=0
-- Session Created, active clients=0
-- Session Created, active clients=0
-- Session Created, active clients=0
-- Session Created, active clients=0
-- Session Created, active clients=0
-- Session Created, active clients=0
-- Session Created, active clients=0
-- Session Created, active clients=0
-- Session Created, active clients=0
-- Session Created, active clients=0
-- Session Created, active clients=0
-- Session Created, active clients=0
-- Session Created, active clients=0
-- Session Created, active clients=0
-- Session Created, active clients=0
-- Session Created, active clients=0
-- Session Created, active clients=0
-- Session Created, active clients=0
--- Measurements after 1000 ops (1000 samples) ---
Throughput = 15.268341 operations/sec (Maximum observed: 15.268341 ops/sec)
Total latency = 42209.01739 (+/- 26946) us 
Consensus latency = 7697.698223 (+/- 6449) us 
Pre-consensus latency = 0.0 (+/- 0) us 
Pos-consensus latency = 36117.952722999995 (+/- 24423) us 
Propose latency = 2468.041687 (+/- 2371) us 
Write latency = 1610.667201 (+/- 1396) us 
Accept latency = 3618.9893349999998 (+/- 3500) us 
Batch average size = 43.47826086956522 (+/- 36) requests
ConsensusMessage ByteCount = 4485:69
TOMMessage ByteCount = 1051600:1860
StandardSMMessage ByteCount = 424:22
--- Measurements after 2000 ops (1000 samples) ---
Throughput = 60.61708 operations/sec (Maximum observed: 60.61708 ops/sec)
Total latency = 26428.891171 (+/- 13925) us 
Consensus latency = 4398.333952 (+/- 2031) us 
Pre-consensus latency = 0.0 (+/- 0) us 
Pos-consensus latency = 22592.398296 (+/- 14057) us 
Propose latency = 859.425381 (+/- 196) us 
Write latency = 906.370771 (+/- 283) us 
Accept latency = 2632.5377999999996 (+/- 2092) us 
Batch average size = 33.333333333333336 (+/- 18) requests
ConsensusMessage ByteCount = 10336:159
TOMMessage ByteCount = 2191394:3876
StandardSMMessage ByteCount = 424:22
--- Measurements after 3000 ops (1000 samples) ---
Throughput = 153.89351 operations/sec (Maximum observed: 153.89351 ops/sec)
Total latency = 25601.236816 (+/- 14127) us 
Consensus latency = 3751.000858 (+/- 355) us 
Pre-consensus latency = 0.0 (+/- 0) us 
Pos-consensus latency = 22295.399772999997 (+/- 14087) us 
Propose latency = 782.698611 (+/- 165) us 
Write latency = 946.1362349999999 (+/- 209) us 
Accept latency = 2022.1660120000001 (+/- 208) us 
Batch average size = 33.333333333333336 (+/- 26) requests
ConsensusMessage ByteCount = 16242:249
TOMMessage ByteCount = 3313100:5860
StandardSMMessage ByteCount = 424:22
--- Measurements after 4000 ops (1000 samples) ---
Throughput = 2770.083 operations/sec (Maximum observed: 2770.083 ops/sec)
Total latency = 128202.370117 (+/- 0) us 
Consensus latency = 4131.167497 (+/- 431) us 
Pre-consensus latency = 0.0 (+/- 0) us 
Pos-consensus latency = 124776.39648000001 (+/- 0) us 
Propose latency = 1283.8869550000002 (+/- 305) us 
Write latency = 855.1185479999999 (+/- 323) us 
Accept latency = 1992.161994 (+/- 394) us 
Batch average size = 664.25 (+/- 1007) requests
ConsensusMessage ByteCount = 26142:399
TOMMessage ByteCount = 3974597:7030
StandardSMMessage ByteCount = 424:22
--- Measurements after 5000 ops (1000 samples) ---
Throughput = 4484.305 operations/sec (Maximum observed: 4484.305 ops/sec)
Total latency = 346931.015327 (+/- 0) us 
Consensus latency = 3657.305404 (+/- 347) us 
Pre-consensus latency = 0.0 (+/- 0) us 
Pos-consensus latency = 343930.310854 (+/- 0) us 
Propose latency = 1108.688991 (+/- 81) us 
Write latency = 542.605873 (+/- 298) us 
Accept latency = 2006.01054 (+/- 237) us 
Batch average size = NaN (+/- 0) requests
ConsensusMessage ByteCount = 34457:525
TOMMessage ByteCount = 3974597:7030
StandardSMMessage ByteCount = 424:22
--- Measurements after 6000 ops (1000 samples) ---
Throughput = 4016.0642 operations/sec (Maximum observed: 4484.305 ops/sec)
Total latency = 522743.40146200004 (+/- 0) us 
Consensus latency = 4323.85923 (+/- 854) us 
Pre-consensus latency = 0.0 (+/- 0) us 
Pos-consensus latency = 519045.445037 (+/- 0) us 
Propose latency = 1402.319416 (+/- 724) us 
Write latency = 595.815223 (+/- 389) us 
Accept latency = 2325.724591 (+/- 824) us 
Batch average size = 9322.0 (+/- 0) requests
ConsensusMessage ByteCount = 44166:672
TOMMessage ByteCount = 6396635:11314
StandardSMMessage ByteCount = 424:22
--- Measurements after 7000 ops (1000 samples) ---
Throughput = 4310.3447 operations/sec (Maximum observed: 4484.305 ops/sec)
Total latency = 695618.217454 (+/- 0) us 
Consensus latency = 4610.336893000001 (+/- 1391) us 
Pre-consensus latency = 0.0 (+/- 0) us 
Pos-consensus latency = 691543.130316 (+/- 0) us 
Propose latency = 2241.56347 (+/- 1415) us 
Write latency = 541.678956 (+/- 307) us 
Accept latency = 1827.094467 (+/- 880) us 
Batch average size = NaN (+/- 0) requests
ConsensusMessage ByteCount = 53277:810
TOMMessage ByteCount = 6396635:11314
StandardSMMessage ByteCount = 424:22
--- Measurements after 8000 ops (1000 samples) ---
Throughput = 3496.5034 operations/sec (Maximum observed: 4484.305 ops/sec)
Total latency = 892090.217611 (+/- 0) us 
Consensus latency = 3208.764568 (+/- 396) us 
Pre-consensus latency = 0.0 (+/- 0) us 
Pos-consensus latency = 889301.413913 (+/- 0) us 
Propose latency = 850.7517730000001 (+/- 171) us 
Write latency = 533.088369 (+/- 279) us 
Accept latency = 1824.924426 (+/- 254) us 
Batch average size = NaN (+/- 0) requests
ConsensusMessage ByteCount = 61586:936
TOMMessage ByteCount = 6396635:11314
StandardSMMessage ByteCount = 424:22
--- Measurements after 9000 ops (1000 samples) ---
Throughput = 4587.156 operations/sec (Maximum observed: 4587.156 ops/sec)
Total latency = 1097382.62135 (+/- 0) us 
Consensus latency = 3370.687224 (+/- 277) us 
Pre-consensus latency = 0.0 (+/- 0) us 
Pos-consensus latency = 1094413.976806 (+/- 0) us 
Propose latency = 755.682385 (+/- 131) us 
Write latency = 796.435287 (+/- 194) us 
Accept latency = 1818.569552 (+/- 278) us 
Batch average size = NaN (+/- 0) requests
ConsensusMessage ByteCount = 70888:1077
TOMMessage ByteCount = 6396635:11314
StandardSMMessage ByteCount = 424:22
--- Measurements after 10000 ops (1000 samples) ---
Throughput = 4629.6294 operations/sec (Maximum observed: 4629.6294 ops/sec)
Total latency = 1258926.8657260002 (+/- 0) us 
Consensus latency = 3357.953883 (+/- 369) us 
Pre-consensus latency = 0.0 (+/- 0) us 
Pos-consensus latency = 1256109.0694330002 (+/- 0) us 
Propose latency = 1037.362013 (+/- 365) us 
Write latency = 406.66626899999994 (+/- 229) us 
Accept latency = 1913.925601 (+/- 207) us 
Batch average size = NaN (+/- 0) requests
ConsensusMessage ByteCount = 79988:1215
TOMMessage ByteCount = 6396635:11314
StandardSMMessage ByteCount = 424:22
--- Measurements after 11000 ops (1000 samples) ---
Throughput = 4739.3364 operations/sec (Maximum observed: 4739.3364 ops/sec)
Total latency = 1420847.588374 (+/- 0) us 
Consensus latency = 3902.2618509999998 (+/- 2861) us 
Pre-consensus latency = 0.0 (+/- 0) us 
Pos-consensus latency = 1417378.5092820001 (+/- 0) us 
Propose latency = 702.32716 (+/- 93) us 
Write latency = 603.204199 (+/- 403) us 
Accept latency = 2596.730492 (+/- 2707) us 
Batch average size = NaN (+/- 0) requests
ConsensusMessage ByteCount = 90369:1373
TOMMessage ByteCount = 6396635:11314
StandardSMMessage ByteCount = 424:22
--- Measurements after 12000 ops (1000 samples) ---
Throughput = 4132.2314 operations/sec (Maximum observed: 4739.3364 ops/sec)
Total latency = 1593035.6585829998 (+/- 0) us 
Consensus latency = 3003.5658599999997 (+/- 263) us 
Pre-consensus latency = 0.0 (+/- 0) us 
Pos-consensus latency = 1590467.1747639999 (+/- 0) us 
Propose latency = 754.433275 (+/- 126) us 
Write latency = 416.539691 (+/- 263) us 
Accept latency = 1832.5928940000001 (+/- 196) us 
Batch average size = NaN (+/- 0) requests
ConsensusMessage ByteCount = 101961:1548
TOMMessage ByteCount = 6396635:11314
StandardSMMessage ByteCount = 424:22
--- Measurements after 13000 ops (1000 samples) ---
Throughput = 4444.4443 operations/sec (Maximum observed: 4739.3364 ops/sec)
Total latency = 1771453.3052190002 (+/- 0) us 
Consensus latency = 3294.2844109999996 (+/- 373) us 
Pre-consensus latency = 0.0 (+/- 0) us 
Pos-consensus latency = 1768559.349664 (+/- 0) us 
Propose latency = 695.183349 (+/- 60) us 
Write latency = 643.478331 (+/- 330) us 
Accept latency = 1955.622731 (+/- 277) us 
Batch average size = NaN (+/- 0) requests
ConsensusMessage ByteCount = 112342:1706
TOMMessage ByteCount = 6396635:11314
StandardSMMessage ByteCount = 424:22
--- Measurements after 14000 ops (1000 samples) ---
Throughput = 4405.286 operations/sec (Maximum observed: 4739.3364 ops/sec)
Total latency = 1938960.963814 (+/- 0) us 
Consensus latency = 2945.7704900000003 (+/- 330) us 
Pre-consensus latency = 0.0 (+/- 0) us 
Pos-consensus latency = 1936462.94275 (+/- 0) us 
Propose latency = 783.964034 (+/- 159) us 
Write latency = 443.253985 (+/- 212) us 
Accept latency = 1718.552471 (+/- 197) us 
Batch average size = NaN (+/- 0) requests
ConsensusMessage ByteCount = 122761:1863
TOMMessage ByteCount = 6396635:11314
StandardSMMessage ByteCount = 424:22
--- Measurements after 15000 ops (1000 samples) ---
Throughput = 3215.434 operations/sec (Maximum observed: 4739.3364 ops/sec)
Total latency = 2108690.658046 (+/- 0) us 
Consensus latency = 2794.856143 (+/- 703) us 
Pre-consensus latency = 0.0 (+/- 0) us 
Pos-consensus latency = 2106376.060937 (+/- 0) us 
Propose latency = 766.7345829999999 (+/- 410) us 
Write latency = 307.063966 (+/- 293) us 
Accept latency = 1721.057594 (+/- 172) us 
Batch average size = 36727.0 (+/- 0) requests
ConsensusMessage ByteCount = 134838:2046
LCMessage ByteCount = 5:1
TOMMessage ByteCount = 13226990:26357
StandardSMMessage ByteCount = 424:22
--- Measurements after 16000 ops (1000 samples) ---
Throughput = 4347.826 operations/sec (Maximum observed: 4739.3364 ops/sec)
Total latency = 2319115.9077399997 (+/- 0) us 
Consensus latency = 2983.660933 (+/- 1200) us 
Pre-consensus latency = 0.0 (+/- 0) us 
Pos-consensus latency = 2316622.316065 (+/- 0) us 
Propose latency = 724.529678 (+/- 672) us 
Write latency = 484.455259 (+/- 431) us 
Accept latency = 1774.675996 (+/- 652) us 
Batch average size = NaN (+/- 0) requests
ConsensusMessage ByteCount = 143551:2178
LCMessage ByteCount = 5:1
TOMMessage ByteCount = 16971789:29958
StandardSMMessage ByteCount = 424:22
--- Measurements after 17000 ops (1000 samples) ---
Throughput = 4366.812 operations/sec (Maximum observed: 4739.3364 ops/sec)
Total latency = 2420749.164011 (+/- 0) us 
Consensus latency = 5816.514872000001 (+/- 5948) us 
Pre-consensus latency = 0.0 (+/- 0) us 
Pos-consensus latency = 2415742.682755 (+/- 0) us 
Propose latency = 1415.066833 (+/- 1041) us 
Write latency = 330.662928 (+/- 198) us 
Accept latency = 4070.785111 (+/- 5873) us 
Batch average size = NaN (+/- 0) requests
ConsensusMessage ByteCount = 154129:2339
LCMessage ByteCount = 5:1
TOMMessage ByteCount = 16971789:29958
StandardSMMessage ByteCount = 424:22
--- Measurements after 18000 ops (1000 samples) ---
Throughput = 4524.8867 operations/sec (Maximum observed: 4739.3364 ops/sec)
Total latency = 2605816.822764 (+/- 0) us 
Consensus latency = 2635.302189 (+/- 597) us 
Pre-consensus latency = 0.0 (+/- 0) us 
Pos-consensus latency = 2603574.161514 (+/- 0) us 
Propose latency = 600.492109 (+/- 96) us 
Write latency = 576.828436 (+/- 338) us 
Accept latency = 1457.9816440000002 (+/- 299) us 
Batch average size = NaN (+/- 0) requests
ConsensusMessage ByteCount = 165418:2510
LCMessage ByteCount = 5:1
TOMMessage ByteCount = 16971789:29958
StandardSMMessage ByteCount = 424:22
--- Measurements after 19000 ops (1000 samples) ---
Throughput = 4504.5044 operations/sec (Maximum observed: 4739.3364 ops/sec)
Total latency = 2774258.165066 (+/- 0) us 
Consensus latency = 3008.296864 (+/- 270) us 
Pre-consensus latency = 0.0 (+/- 0) us 
Pos-consensus latency = 2771662.527982 (+/- 0) us 
Propose latency = 660.756263 (+/- 163) us 
Write latency = 656.945469 (+/- 245) us 
Accept latency = 1690.595132 (+/- 166) us 
Batch average size = NaN (+/- 0) requests
ConsensusMessage ByteCount = 176104:2672
LCMessage ByteCount = 5:1
TOMMessage ByteCount = 16971789:29958
StandardSMMessage ByteCount = 424:22
--- Measurements after 20000 ops (1000 samples) ---
Throughput = 4524.8867 operations/sec (Maximum observed: 4739.3364 ops/sec)
Total latency = 2936544.320394 (+/- 0) us 
Consensus latency = 5292.772867 (+/- 4442) us 
Pre-consensus latency = 0.0 (+/- 0) us 
Pos-consensus latency = 2931666.877735 (+/- 0) us 
Propose latency = 698.171578 (+/- 212) us 
Write latency = 2770.433078 (+/- 4104) us 
Accept latency = 1824.168211 (+/- 385) us 
Batch average size = NaN (+/- 0) requests
ConsensusMessage ByteCount = 185967:2821
LCMessage ByteCount = 5:1
TOMMessage ByteCount = 16971789:29958
StandardSMMessage ByteCount = 424:22
--- Measurements after 21000 ops (1000 samples) ---
Throughput = 4545.4546 operations/sec (Maximum observed: 4739.3364 ops/sec)
Total latency = 3093857.655019 (+/- 0) us 
Consensus latency = 8947.906764000001 (+/- 1944) us 
Pre-consensus latency = 0.0 (+/- 0) us 
Pos-consensus latency = 3087078.4967030003 (+/- 0) us 
Propose latency = 4521.001216 (+/- 2243) us 
Write latency = 2215.1030210000004 (+/- 2060) us 
Accept latency = 2211.802527 (+/- 596) us 
Batch average size = NaN (+/- 0) requests
ConsensusMessage ByteCount = 196315:2978
LCMessage ByteCount = 5:1
TOMMessage ByteCount = 16971789:29958
StandardSMMessage ByteCount = 424:22
--- Measurements after 22000 ops (1000 samples) ---
Throughput = 4504.5044 operations/sec (Maximum observed: 4739.3364 ops/sec)
Total latency = 3260758.901192 (+/- 0) us 
Consensus latency = 4893.435345 (+/- 312) us 
Pre-consensus latency = 0.0 (+/- 0) us 
Pos-consensus latency = 3257766.539975 (+/- 0) us 
Propose latency = 2230.715934 (+/- 310) us 
Write latency = 208.907924 (+/- 37) us 
Accept latency = 2453.8114870000004 (+/- 93) us 
Batch average size = NaN (+/- 0) requests
ConsensusMessage ByteCount = 207124:3141
LCMessage ByteCount = 5:1
TOMMessage ByteCount = 16971789:29958
StandardSMMessage ByteCount = 424:22
--- Measurements after 23000 ops (1000 samples) ---
Throughput = 4504.5044 operations/sec (Maximum observed: 4739.3364 ops/sec)
Total latency = 3425064.429295 (+/- 0) us 
Consensus latency = 5059.107438 (+/- 511) us 
Pre-consensus latency = 0.0 (+/- 0) us 
Pos-consensus latency = 3422139.226175 (+/- 0) us 
Propose latency = 2426.909869 (+/- 502) us 
Write latency = 374.330913 (+/- 280) us 
Accept latency = 2257.866656 (+/- 262) us 
Batch average size = NaN (+/- 0) requests
ConsensusMessage ByteCount = 217653:3301
LCMessage ByteCount = 5:1
TOMMessage ByteCount = 16971789:29958
StandardSMMessage ByteCount = 424:22
--- Measurements after 24000 ops (1000 samples) ---
Throughput = 4672.897 operations/sec (Maximum observed: 4739.3364 ops/sec)
Total latency = 3592417.9254840002 (+/- 0) us 
Consensus latency = 4376.800852 (+/- 1202) us 
Pre-consensus latency = 0.0 (+/- 0) us 
Pos-consensus latency = 3589537.3910100004 (+/- 0) us 
Propose latency = 1773.0144599999999 (+/- 1025) us 
Write latency = 293.909222 (+/- 200) us 
Accept latency = 2309.8771699999998 (+/- 367) us 
Batch average size = NaN (+/- 0) requests
ConsensusMessage ByteCount = 228177:3461
LCMessage ByteCount = 10:2
TOMMessage ByteCount = 16971789:29958
StandardSMMessage ByteCount = 424:22
--- Measurements after 25000 ops (1000 samples) ---
Throughput = 4545.4546 operations/sec (Maximum observed: 4739.3364 ops/sec)
Total latency = 3757558.118587 (+/- 0) us 
Consensus latency = 3112.9100759999997 (+/- 243) us 
Pre-consensus latency = 0.0 (+/- 0) us 
Pos-consensus latency = 3754857.409703 (+/- 0) us 
Propose latency = 617.581496 (+/- 92) us 
Write latency = 794.567084 (+/- 337) us 
Accept latency = 1700.761496 (+/- 259) us 
Batch average size = NaN (+/- 0) requests
ConsensusMessage ByteCount = 238383:3615
LCMessage ByteCount = 10:2
TOMMessage ByteCount = 16971789:29958
StandardSMMessage ByteCount = 424:22
--- Measurements after 26000 ops (1000 samples) ---
Throughput = 4545.4546 operations/sec (Maximum observed: 4739.3364 ops/sec)
Total latency = 3920762.32325 (+/- 0) us 
Consensus latency = 2829.3140550000003 (+/- 144) us 
Pre-consensus latency = 0.0 (+/- 0) us 
Pos-consensus latency = 3918334.473251 (+/- 0) us 
Propose latency = 640.43088 (+/- 119) us 
Write latency = 473.07453999999996 (+/- 263) us 
Accept latency = 1715.808635 (+/- 240) us 
Batch average size = NaN (+/- 0) requests
ConsensusMessage ByteCount = 249068:3777
LCMessage ByteCount = 10:2
TOMMessage ByteCount = 16971789:29958
StandardSMMessage ByteCount = 424:22
--- Measurements after 27000 ops (1000 samples) ---
Throughput = 4504.5044 operations/sec (Maximum observed: 4739.3364 ops/sec)
Total latency = 4078897.408033 (+/- 0) us 
Consensus latency = 4644.279713000001 (+/- 3308) us 
Pre-consensus latency = 0.0 (+/- 0) us 
Pos-consensus latency = 4075169.002758 (+/- 0) us 
Propose latency = 1200.6738300000002 (+/- 1383) us 
Write latency = 244.795772 (+/- 204) us 
Accept latency = 3198.8101110000002 (+/- 3056) us 
Batch average size = NaN (+/- 0) requests
ConsensusMessage ByteCount = 259653:3938
LCMessage ByteCount = 10:2
TOMMessage ByteCount = 16971789:29958
StandardSMMessage ByteCount = 424:22
--- Measurements after 28000 ops (1000 samples) ---
Throughput = 4566.21 operations/sec (Maximum observed: 4739.3364 ops/sec)
Total latency = 4247981.706469 (+/- 0) us 
Consensus latency = 2930.321627 (+/- 221) us 
Pre-consensus latency = 0.0 (+/- 0) us 
Pos-consensus latency = 4245455.182235 (+/- 0) us 
Propose latency = 645.9397809999999 (+/- 103) us 
Write latency = 539.474642 (+/- 239) us 
Accept latency = 1744.9072039999999 (+/- 170) us 
Batch average size = NaN (+/- 0) requests
ConsensusMessage ByteCount = 270154:4097
LCMessage ByteCount = 10:2
TOMMessage ByteCount = 16971789:29958
StandardSMMessage ByteCount = 424:22
--- Measurements after 29000 ops (1000 samples) ---
Throughput = 4694.8354 operations/sec (Maximum observed: 4739.3364 ops/sec)
Total latency = 4410299.364918999 (+/- 0) us 
Consensus latency = 2905.288158 (+/- 186) us 
Pre-consensus latency = 0.0 (+/- 0) us 
Pos-consensus latency = 4407782.155837 (+/- 0) us 
Propose latency = 648.60277 (+/- 59) us 
Write latency = 519.413522 (+/- 229) us 
Accept latency = 1737.2718659999998 (+/- 209) us 
Batch average size = NaN (+/- 0) requests
ConsensusMessage ByteCount = 280447:4253
LCMessage ByteCount = 10:2
TOMMessage ByteCount = 16971789:29958
StandardSMMessage ByteCount = 424:22
--- Measurements after 30000 ops (1000 samples) ---
Throughput = 4444.4443 operations/sec (Maximum observed: 4739.3364 ops/sec)
Total latency = 4577075.984374 (+/- 0) us 
Consensus latency = 2861.237498 (+/- 213) us 
Pre-consensus latency = 0.0 (+/- 0) us 
Pos-consensus latency = 4574630.227984999 (+/- 0) us 
Propose latency = 643.054683 (+/- 52) us 
Write latency = 577.935738 (+/- 234) us 
Accept latency = 1640.247077 (+/- 168) us 
Batch average size = NaN (+/- 0) requests
ConsensusMessage ByteCount = 291256:4416
LCMessage ByteCount = 10:2
TOMMessage ByteCount = 16971789:29958
StandardSMMessage ByteCount = 424:22
--- Measurements after 31000 ops (1000 samples) ---
Throughput = 4347.826 operations/sec (Maximum observed: 4739.3364 ops/sec)
Total latency = 4745847.93953 (+/- 0) us 
Consensus latency = 3024.450269 (+/- 488) us 
Pre-consensus latency = 0.0 (+/- 0) us 
Pos-consensus latency = 4743198.381538 (+/- 0) us 
Propose latency = 641.519493 (+/- 61) us 
Write latency = 559.564888 (+/- 264) us 
Accept latency = 1823.365888 (+/- 374) us 
Batch average size = NaN (+/- 0) requests
ConsensusMessage ByteCount = 301951:4578
LCMessage ByteCount = 10:2
TOMMessage ByteCount = 16971789:29958
StandardSMMessage ByteCount = 424:22
--- Measurements after 32000 ops (1000 samples) ---
Throughput = 4424.779 operations/sec (Maximum observed: 4739.3364 ops/sec)
Total latency = 4915756.873984001 (+/- 0) us 
Consensus latency = 2777.3485499999997 (+/- 265) us 
Pre-consensus latency = 0.0 (+/- 0) us 
Pos-consensus latency = 4913459.93008 (+/- 0) us 
Propose latency = 790.257223 (+/- 343) us 
Write latency = 294.356244 (+/- 213) us 
Accept latency = 1692.735083 (+/- 208) us 
Batch average size = NaN (+/- 0) requests
ConsensusMessage ByteCount = 313037:4746
LCMessage ByteCount = 10:2
TOMMessage ByteCount = 16971789:29958
StandardSMMessage ByteCount = 424:22
--- Measurements after 33000 ops (1000 samples) ---
Throughput = 4405.286 operations/sec (Maximum observed: 4739.3364 ops/sec)
Total latency = 5087295.548258999 (+/- 0) us 
Consensus latency = 2405.915225 (+/- 172) us 
Pre-consensus latency = 0.0 (+/- 0) us 
Pos-consensus latency = 5085245.749887 (+/- 0) us 
Propose latency = 521.417453 (+/- 91) us 
Write latency = 385.2577 (+/- 215) us 
Accept latency = 1499.2400719999998 (+/- 158) us 
Batch average size = NaN (+/- 0) requests
ConsensusMessage ByteCount = 324703:4923
LCMessage ByteCount = 15:3
TOMMessage ByteCount = 16971789:29958
StandardSMMessage ByteCount = 424:22
--- Measurements after 34000 ops (1000 samples) ---
Throughput = 4566.21 operations/sec (Maximum observed: 4739.3364 ops/sec)
Total latency = 5255853.967239 (+/- 0) us 
Consensus latency = 2664.316045 (+/- 327) us 
Pre-consensus latency = 0.0 (+/- 0) us 
Pos-consensus latency = 5253559.975373999 (+/- 0) us 
Propose latency = 546.419349 (+/- 123) us 
Write latency = 545.050697 (+/- 265) us 
Accept latency = 1572.8459990000001 (+/- 212) us 
Batch average size = NaN (+/- 0) requests
ConsensusMessage ByteCount = 335388:5085
LCMessage ByteCount = 15:3
TOMMessage ByteCount = 16971789:29958
StandardSMMessage ByteCount = 424:22
--- Measurements after 35000 ops (1000 samples) ---
Throughput = 4444.4443 operations/sec (Maximum observed: 4739.3364 ops/sec)
Total latency = 5423190.742015 (+/- 0) us 
Consensus latency = 2422.477883 (+/- 210) us 
Pre-consensus latency = 0.0 (+/- 0) us 
Pos-consensus latency = 5421145.3710819995 (+/- 0) us 
Propose latency = 578.0746280000001 (+/- 82) us 
Write latency = 296.529827 (+/- 230) us 
Accept latency = 1547.873428 (+/- 119) us 
Batch average size = NaN (+/- 0) requests
ConsensusMessage ByteCount = 346278:5250
LCMessage ByteCount = 15:3
TOMMessage ByteCount = 16971789:29958
StandardSMMessage ByteCount = 424:22
--- Measurements after 36000 ops (1000 samples) ---
Throughput = 4385.965 operations/sec (Maximum observed: 4739.3364 ops/sec)
Total latency = 5592124.186173 (+/- 0) us 
Consensus latency = 2722.352884 (+/- 289) us 
Pre-consensus latency = 0.0 (+/- 0) us 
Pos-consensus latency = 5589782.435264 (+/- 0) us 
Propose latency = 589.016919 (+/- 67) us 
Write latency = 563.8784459999999 (+/- 316) us 
Accept latency = 1569.457519 (+/- 125) us 
Batch average size = NaN (+/- 0) requests
ConsensusMessage ByteCount = 357756:5424
LCMessage ByteCount = 15:3
TOMMessage ByteCount = 16971789:29958
StandardSMMessage ByteCount = 424:22
--- Measurements after 37000 ops (1000 samples) ---
Throughput = 4405.286 operations/sec (Maximum observed: 4739.3364 ops/sec)
Total latency = 5759490.740738 (+/- 0) us 
Consensus latency = 2877.440275 (+/- 216) us 
Pre-consensus latency = 0.0 (+/- 0) us 
Pos-consensus latency = 5757028.424741 (+/- 0) us 
Propose latency = 632.280081 (+/- 177) us 
Write latency = 616.618 (+/- 353) us 
Accept latency = 1628.5421939999999 (+/- 289) us 
Batch average size = NaN (+/- 0) requests
ConsensusMessage ByteCount = 368930:5594
LCMessage ByteCount = 15:3
TOMMessage ByteCount = 16971789:29958
StandardSMMessage ByteCount = 424:22
--- Measurements after 38000 ops (1000 samples) ---
Throughput = 4405.286 operations/sec (Maximum observed: 4739.3364 ops/sec)
Total latency = 5930883.599989001 (+/- 0) us 
Consensus latency = 2911.923071 (+/- 161) us 
Pre-consensus latency = 0.0 (+/- 0) us 
Pos-consensus latency = 5928327.813757 (+/- 0) us 
Propose latency = 564.90985 (+/- 89) us 
Write latency = 668.558169 (+/- 248) us 
Accept latency = 1678.4550519999998 (+/- 212) us 
Batch average size = NaN (+/- 0) requests
ConsensusMessage ByteCount = 380132:5763
LCMessage ByteCount = 15:3
TOMMessage ByteCount = 16971789:29958
StandardSMMessage ByteCount = 424:22
--- Measurements after 39000 ops (1000 samples) ---
Throughput = 4405.286 operations/sec (Maximum observed: 4739.3364 ops/sec)
Total latency = 6099847.949737 (+/- 0) us 
Consensus latency = 2691.276445 (+/- 223) us 
Pre-consensus latency = 0.0 (+/- 0) us 
Pos-consensus latency = 6097513.008072 (+/- 0) us 
Propose latency = 537.6528619999999 (+/- 70) us 
Write latency = 681.433427 (+/- 228) us 
Accept latency = 1472.190156 (+/- 248) us 
Batch average size = NaN (+/- 0) requests
ConsensusMessage ByteCount = 391106:5930
LCMessage ByteCount = 15:3
TOMMessage ByteCount = 16971789:29958
StandardSMMessage ByteCount = 424:22
--- Measurements after 40000 ops (1000 samples) ---
Throughput = 4545.4546 operations/sec (Maximum observed: 4739.3364 ops/sec)
Total latency = 6270767.552305 (+/- 0) us 
Consensus latency = 2680.9211 (+/- 385) us 
Pre-consensus latency = 0.0 (+/- 0) us 
Pos-consensus latency = 6268448.148266 (+/- 0) us 
Propose latency = 531.953338 (+/- 67) us 
Write latency = 616.054851 (+/- 253) us 
Accept latency = 1532.9129110000001 (+/- 293) us 
Batch average size = NaN (+/- 0) requests
ConsensusMessage ByteCount = 401918:6093
LCMessage ByteCount = 15:3
TOMMessage ByteCount = 16971789:29958
StandardSMMessage ByteCount = 424:22
--- Measurements after 41000 ops (1000 samples) ---
Throughput = 4424.779 operations/sec (Maximum observed: 4739.3364 ops/sec)
Total latency = 6440789.808113 (+/- 0) us 
Consensus latency = 2876.919542 (+/- 265) us 
Pre-consensus latency = 0.0 (+/- 0) us 
Pos-consensus latency = 6438277.289782 (+/- 0) us 
Propose latency = 566.828645 (+/- 70) us 
Write latency = 695.056738 (+/- 212) us 
Accept latency = 1615.034159 (+/- 113) us 
Batch average size = NaN (+/- 0) requests
ConsensusMessage ByteCount = 413202:6264
LCMessage ByteCount = 15:3
TOMMessage ByteCount = 16971789:29958
StandardSMMessage ByteCount = 424:22
--- Measurements after 42000 ops (1000 samples) ---
Throughput = 4444.4443 operations/sec (Maximum observed: 4739.3364 ops/sec)
Total latency = 6608173.830101 (+/- 0) us 
Consensus latency = 2897.427275 (+/- 268) us 
Pre-consensus latency = 0.0 (+/- 0) us 
Pos-consensus latency = 6605755.839576 (+/- 0) us 
Propose latency = 749.7955919999999 (+/- 256) us 
Write latency = 529.907889 (+/- 321) us 
Accept latency = 1617.723794 (+/- 128) us 
Batch average size = NaN (+/- 0) requests
ConsensusMessage ByteCount = 424087:6429
LCMessage ByteCount = 20:4
TOMMessage ByteCount = 16971789:29958
StandardSMMessage ByteCount = 424:22
--- Measurements after 43000 ops (1000 samples) ---
Throughput = 4424.779 operations/sec (Maximum observed: 4739.3364 ops/sec)
Total latency = 6779898.427274999 (+/- 0) us 
Consensus latency = 2722.727238 (+/- 211) us 
Pre-consensus latency = 0.0 (+/- 0) us 
Pos-consensus latency = 6777563.1713620005 (+/- 0) us 
Propose latency = 608.514862 (+/- 95) us 
Write latency = 596.227111 (+/- 179) us 
Accept latency = 1517.9852649999998 (+/- 159) us 
Batch average size = NaN (+/- 0) requests
ConsensusMessage ByteCount = 434778:6591
LCMessage ByteCount = 20:4
TOMMessage ByteCount = 16971789:29958
StandardSMMessage ByteCount = 424:22
--- Measurements after 44000 ops (1000 samples) ---
Throughput = 4366.812 operations/sec (Maximum observed: 4739.3364 ops/sec)
Total latency = 6952219.805702 (+/- 0) us 
Consensus latency = 2755.309532 (+/- 272) us 
Pre-consensus latency = 0.0 (+/- 0) us 
Pos-consensus latency = 6949829.8923039995 (+/- 0) us 
Propose latency = 560.8524259999999 (+/- 79) us 
Write latency = 638.3080080000001 (+/- 254) us 
Accept latency = 1556.149098 (+/- 165) us 
Batch average size = NaN (+/- 0) requests
ConsensusMessage ByteCount = 445877:6759
LCMessage ByteCount = 20:4
TOMMessage ByteCount = 16971789:29958
StandardSMMessage ByteCount = 424:22
--- Measurements after 45000 ops (1000 samples) ---
Throughput = 4694.8354 operations/sec (Maximum observed: 4739.3364 ops/sec)
Total latency = 7120172.430077 (+/- 0) us 
Consensus latency = 2801.8677749999997 (+/- 186) us 
Pre-consensus latency = 0.0 (+/- 0) us 
Pos-consensus latency = 7117766.47472 (+/- 0) us 
Propose latency = 639.644032 (+/- 61) us 
Write latency = 568.760237 (+/- 169) us 
Accept latency = 1593.463506 (+/- 148) us 
Batch average size = NaN (+/- 0) requests
ConsensusMessage ByteCount = 456054:6914
LCMessage ByteCount = 20:4
TOMMessage ByteCount = 16971789:29958
StandardSMMessage ByteCount = 424:22
--- Measurements after 46000 ops (1000 samples) ---
Throughput = 4524.8867 operations/sec (Maximum observed: 4739.3364 ops/sec)
Total latency = 7282998.989038 (+/- 0) us 
Consensus latency = 2790.349604 (+/- 282) us 
Pre-consensus latency = 0.0 (+/- 0) us 
Pos-consensus latency = 7280605.629522 (+/- 0) us 
Propose latency = 619.20213 (+/- 82) us 
Write latency = 661.8493020000001 (+/- 316) us 
Accept latency = 1509.298172 (+/- 180) us 
Batch average size = NaN (+/- 0) requests
ConsensusMessage ByteCount = 466742:7076
LCMessage ByteCount = 20:4
TOMMessage ByteCount = 16971789:29958
StandardSMMessage ByteCount = 424:22
--- Measurements after 47000 ops (1000 samples) ---
Throughput = 4524.8867 operations/sec (Maximum observed: 4739.3364 ops/sec)
Total latency = 7444826.116718001 (+/- 0) us 
Consensus latency = 3215.329333 (+/- 1693) us 
Pre-consensus latency = 0.0 (+/- 0) us 
Pos-consensus latency = 7442483.109416001 (+/- 0) us 
Propose latency = 1144.976568 (+/- 1767) us 
Write latency = 531.996553 (+/- 248) us 
Accept latency = 1538.3562120000001 (+/- 237) us 
Batch average size = NaN (+/- 0) requests
ConsensusMessage ByteCount = 477424:7238
LCMessage ByteCount = 20:4
TOMMessage ByteCount = 16971789:29958
StandardSMMessage ByteCount = 424:22
--- Measurements after 48000 ops (1000 samples) ---
Throughput = 4524.8867 operations/sec (Maximum observed: 4739.3364 ops/sec)
Total latency = 7610773.967961 (+/- 0) us 
Consensus latency = 2638.750182 (+/- 304) us 
Pre-consensus latency = 0.0 (+/- 0) us 
Pos-consensus latency = 7608539.914663999 (+/- 0) us 
Propose latency = 718.854317 (+/- 123) us 
Write latency = 440.222396 (+/- 236) us 
Accept latency = 1479.673469 (+/- 279) us 
Batch average size = NaN (+/- 0) requests
ConsensusMessage ByteCount = 488222:7401
LCMessage ByteCount = 20:4
TOMMessage ByteCount = 16971789:29958
StandardSMMessage ByteCount = 424:22
--- Measurements after 49000 ops (1000 samples) ---
Throughput = 4504.5044 operations/sec (Maximum observed: 4739.3364 ops/sec)
Total latency = 7774583.331537 (+/- 0) us 
Consensus latency = 2583.0917799999997 (+/- 236) us 
Pre-consensus latency = 0.0 (+/- 0) us 
Pos-consensus latency = 7772345.767848 (+/- 0) us 
Propose latency = 584.838767 (+/- 72) us 
Write latency = 509.75217 (+/- 204) us 
Accept latency = 1488.500843 (+/- 212) us 
Batch average size = NaN (+/- 0) requests
ConsensusMessage ByteCount = 499109:7566
LCMessage ByteCount = 20:4
TOMMessage ByteCount = 16971789:29958
StandardSMMessage ByteCount = 424:22
--- Measurements after 50000 ops (1000 samples) ---
Throughput = 4366.812 operations/sec (Maximum observed: 4739.3364 ops/sec)
Total latency = 7936527.416847999 (+/- 0) us 
Consensus latency = 3105.412208 (+/- 1498) us 
Pre-consensus latency = 0.0 (+/- 0) us 
Pos-consensus latency = 7933778.116273 (+/- 0) us 
Propose latency = 629.0946759999999 (+/- 109) us 
Write latency = 953.105243 (+/- 1531) us 
Accept latency = 1523.212289 (+/- 160) us 
Batch average size = NaN (+/- 0) requests
ConsensusMessage ByteCount = 509203:7719
LCMessage ByteCount = 20:4
TOMMessage ByteCount = 16971789:29958
StandardSMMessage ByteCount = 424:22
--- Measurements after 51000 ops (1000 samples) ---
Throughput = 4587.156 operations/sec (Maximum observed: 4739.3364 ops/sec)
Total latency = 8078099.814094 (+/- 0) us 
Consensus latency = 3239.61725 (+/- 1958) us 
Pre-consensus latency = 0.0 (+/- 0) us 
Pos-consensus latency = 8075167.893036 (+/- 0) us 
Propose latency = 572.5622340000001 (+/- 143) us 
Write latency = 557.589185 (+/- 256) us 
Accept latency = 2109.465831 (+/- 1854) us 
Batch average size = NaN (+/- 0) requests
ConsensusMessage ByteCount = 519691:7878
LCMessage ByteCount = 20:4
TOMMessage ByteCount = 16971789:29958
StandardSMMessage ByteCount = 424:22
-- Checkpoint is in position 27247
--- Measurements after 52000 ops (1000 samples) ---
Throughput = 2096.436 operations/sec (Maximum observed: 4739.3364 ops/sec)
Total latency = 8295644.529603 (+/- 0) us 
Consensus latency = 6462.8682659999995 (+/- 7652) us 
Pre-consensus latency = 0.0 (+/- 0) us 
Pos-consensus latency = 8292801.204233 (+/- 0) us 
Propose latency = 3935.931876 (+/- 7385) us 
Write latency = 585.016088 (+/- 674) us 
Accept latency = 1941.920302 (+/- 686) us 
Batch average size = 27248.0 (+/- 0) requests
ConsensusMessage ByteCount = 534741:8106
LCMessage ByteCount = 20:4
TOMMessage ByteCount = 41069984:86509
StandardSMMessage ByteCount = 424:22
--- Measurements after 53000 ops (1000 samples) ---
Throughput = 3412.9692 operations/sec (Maximum observed: 4739.3364 ops/sec)
Total latency = 8633723.728198 (+/- 0) us 
Consensus latency = 16979.357118 (+/- 10866) us 
Pre-consensus latency = 0.0 (+/- 0) us 
Pos-consensus latency = 8631421.066448 (+/- 0) us 
Propose latency = 15143.701106 (+/- 10770) us 
Write latency = 165.01272 (+/- 26) us 
Accept latency = 1670.643292 (+/- 105) us 
Batch average size = NaN (+/- 0) requests
ConsensusMessage ByteCount = 548003:8307
LCMessage ByteCount = 20:4
TOMMessage ByteCount = 58647880:103412
StandardSMMessage ByteCount = 424:22
--- Measurements after 54000 ops (1000 samples) ---
Throughput = 4310.3447 operations/sec (Maximum observed: 4739.3364 ops/sec)
Total latency = 8878907.21033 (+/- 0) us 
Consensus latency = 2365.68874 (+/- 372) us 
Pre-consensus latency = 0.0 (+/- 0) us 
Pos-consensus latency = 8876909.59542 (+/- 0) us 
Propose latency = 660.471479 (+/- 214) us 
Write latency = 146.489011 (+/- 82) us 
Accept latency = 1558.72825 (+/- 117) us 
Batch average size = NaN (+/- 0) requests
ConsensusMessage ByteCount = 555721:8424
LCMessage ByteCount = 20:4
TOMMessage ByteCount = 58647880:103412
StandardSMMessage ByteCount = 424:22
--- Measurements after 55000 ops (1000 samples) ---
Throughput = 4347.826 operations/sec (Maximum observed: 4739.3364 ops/sec)
Total latency = 9059642.350965999 (+/- 0) us 
Consensus latency = 4755.845009 (+/- 1722) us 
Pre-consensus latency = 0.0 (+/- 0) us 
Pos-consensus latency = 9055659.929251 (+/- 0) us 
Propose latency = 2219.505963 (+/- 1369) us 
Write latency = 980.497081 (+/- 603) us 
Accept latency = 1555.841965 (+/- 150) us 
Batch average size = NaN (+/- 0) requests
ConsensusMessage ByteCount = 567845:8608
LCMessage ByteCount = 20:4
TOMMessage ByteCount = 58647880:103412
StandardSMMessage ByteCount = 424:22
--- Measurements after 56000 ops (1000 samples) ---
Throughput = 4464.2856 operations/sec (Maximum observed: 4739.3364 ops/sec)
Total latency = 9225465.272962 (+/- 0) us 
Consensus latency = 3973.068937 (+/- 1110) us 
Pre-consensus latency = 0.0 (+/- 0) us 
Pos-consensus latency = 9222464.161171 (+/- 0) us 
Propose latency = 2358.6510359999997 (+/- 1181) us 
Write latency = 225.48539300000002 (+/- 118) us 
Accept latency = 1388.9325079999999 (+/- 74) us 
Batch average size = NaN (+/- 0) requests
ConsensusMessage ByteCount = 574027:8702
LCMessage ByteCount = 20:4
TOMMessage ByteCount = 58647880:103412
StandardSMMessage ByteCount = 424:22
--- Measurements after 57000 ops (1000 samples) ---
Throughput = 4694.8354 operations/sec (Maximum observed: 4739.3364 ops/sec)
Total latency = 9397336.084503 (+/- 0) us 
Consensus latency = 2547.2116039999996 (+/- 206) us 
Pre-consensus latency = 0.0 (+/- 0) us 
Pos-consensus latency = 9395122.083635999 (+/- 0) us 
Propose latency = 562.0397680000001 (+/- 66) us 
Write latency = 486.313996 (+/- 238) us 
Accept latency = 1498.8578400000001 (+/- 191) us 
Batch average size = NaN (+/- 0) requests
ConsensusMessage ByteCount = 584831:8865
LCMessage ByteCount = 20:4
TOMMessage ByteCount = 58647880:103412
StandardSMMessage ByteCount = 424:22
--- Measurements after 58000 ops (1000 samples) ---
Throughput = 4524.8867 operations/sec (Maximum observed: 4739.3364 ops/sec)
Total latency = 9560323.069993 (+/- 0) us 
Consensus latency = 2801.093448 (+/- 187) us 
Pre-consensus latency = 0.0 (+/- 0) us 
Pos-consensus latency = 9557849.907154 (+/- 0) us 
Propose latency = 503.974964 (+/- 127) us 
Write latency = 629.569492 (+/- 251) us 
Accept latency = 1667.548992 (+/- 125) us 
Batch average size = NaN (+/- 0) requests
ConsensusMessage ByteCount = 595917:9033
LCMessage ByteCount = 20:4
TOMMessage ByteCount = 58647880:103412
StandardSMMessage ByteCount = 424:22
--- Measurements after 59000 ops (1000 samples) ---
Throughput = 4310.3447 operations/sec (Maximum observed: 4739.3364 ops/sec)
Total latency = 9726232.625598 (+/- 0) us 
Consensus latency = 2809.22757 (+/- 273) us 
Pre-consensus latency = 0.0 (+/- 0) us 
Pos-consensus latency = 9723774.547919001 (+/- 0) us 
Propose latency = 511.91485700000004 (+/- 100) us 
Write latency = 709.8977560000001 (+/- 222) us 
Accept latency = 1587.414957 (+/- 191) us 
Batch average size = NaN (+/- 0) requests
ConsensusMessage ByteCount = 608289:9221
LCMessage ByteCount = 25:5
TOMMessage ByteCount = 58647880:103412
StandardSMMessage ByteCount = 424:22
--- Measurements after 60000 ops (1000 samples) ---
Throughput = 4672.897 operations/sec (Maximum observed: 4739.3364 ops/sec)
Total latency = 9895087.031422 (+/- 0) us 
Consensus latency = 3540.279462 (+/- 3462) us 
Pre-consensus latency = 0.0 (+/- 0) us 
Pos-consensus latency = 9892911.196384002 (+/- 0) us 
Propose latency = 1543.850569 (+/- 3555) us 
Write latency = 480.004798 (+/- 225) us 
Accept latency = 1516.424095 (+/- 208) us 
Batch average size = NaN (+/- 0) requests
ConsensusMessage ByteCount = 620567:9407
LCMessage ByteCount = 25:5
TOMMessage ByteCount = 58647880:103412
StandardSMMessage ByteCount = 424:22
--- Measurements after 61000 ops (1000 samples) ---
Throughput = 4545.4546 operations/sec (Maximum observed: 4739.3364 ops/sec)
Total latency = 1.0056427146835E7 (+/- 0) us 
Consensus latency = 4060.485445 (+/- 3901) us 
Pre-consensus latency = 0.0 (+/- 0) us 
Pos-consensus latency = 1.0054155695063999E7 (+/- 0) us 
Propose latency = 2133.7848480000002 (+/- 3994) us 
Write latency = 396.650299 (+/- 258) us 
Accept latency = 1530.0502979999999 (+/- 121) us 
Batch average size = NaN (+/- 0) requests
ConsensusMessage ByteCount = 632353:9585
LCMessage ByteCount = 25:5
TOMMessage ByteCount = 58647880:103412
StandardSMMessage ByteCount = 424:22
--- Measurements after 62000 ops (1000 samples) ---
Throughput = 4566.21 operations/sec (Maximum observed: 4739.3364 ops/sec)
Total latency = 1.0222997432229E7 (+/- 0) us 
Consensus latency = 2617.491673 (+/- 251) us 
Pre-consensus latency = 0.0 (+/- 0) us 
Pos-consensus latency = 1.0220729755318E7 (+/- 0) us 
Propose latency = 588.454657 (+/- 45) us 
Write latency = 513.94965 (+/- 163) us 
Accept latency = 1515.087366 (+/- 153) us 
Batch average size = NaN (+/- 0) requests
ConsensusMessage ByteCount = 644435:9768
LCMessage ByteCount = 25:5
TOMMessage ByteCount = 58647880:103412
StandardSMMessage ByteCount = 424:22
--- Measurements after 63000 ops (1000 samples) ---
Throughput = 4672.897 operations/sec (Maximum observed: 4739.3364 ops/sec)
Total latency = 1.0384083789625999E7 (+/- 0) us 
Consensus latency = 2588.640692 (+/- 292) us 
Pre-consensus latency = 0.0 (+/- 0) us 
Pos-consensus latency = 1.0381855669823999E7 (+/- 0) us 
Propose latency = 599.8672879999999 (+/- 48) us 
Write latency = 526.042817 (+/- 275) us 
Accept latency = 1462.730587 (+/- 245) us 
Batch average size = NaN (+/- 0) requests
ConsensusMessage ByteCount = 655604:9938
LCMessage ByteCount = 25:5
TOMMessage ByteCount = 58647880:103412
StandardSMMessage ByteCount = 424:22
--- Measurements after 64000 ops (1000 samples) ---
Throughput = 4587.156 operations/sec (Maximum observed: 4739.3364 ops/sec)
Total latency = 1.0546872296695E7 (+/- 0) us 
Consensus latency = 2548.1667 (+/- 222) us 
Pre-consensus latency = 0.0 (+/- 0) us 
Pos-consensus latency = 1.0544647688378E7 (+/- 0) us 
Propose latency = 576.49533 (+/- 78) us 
Write latency = 518.733703 (+/- 229) us 
Accept latency = 1452.937667 (+/- 211) us 
Batch average size = NaN (+/- 0) requests
ConsensusMessage ByteCount = 667008:10110
LCMessage ByteCount = 25:5
TOMMessage ByteCount = 58647880:103412
StandardSMMessage ByteCount = 424:22
--- Measurements after 65000 ops (1000 samples) ---
Throughput = 4694.8354 operations/sec (Maximum observed: 4739.3364 ops/sec)
Total latency = 1.070363739725E7 (+/- 0) us 
Consensus latency = 3187.751267 (+/- 2335) us 
Pre-consensus latency = 0.0 (+/- 0) us 
Pos-consensus latency = 1.070080194018E7 (+/- 0) us 
Propose latency = 1046.9828909999999 (+/- 1693) us 
Write latency = 493.426479 (+/- 636) us 
Accept latency = 1647.341897 (+/- 255) us 
Batch average size = NaN (+/- 0) requests
ConsensusMessage ByteCount = 678491:10284
LCMessage ByteCount = 25:5
TOMMessage ByteCount = 58647880:103412
StandardSMMessage ByteCount = 424:22
--- Measurements after 66000 ops (1000 samples) ---
Throughput = 4784.689 operations/sec (Maximum observed: 4784.689 ops/sec)
Total latency = 1.0859696546395E7 (+/- 0) us 
Consensus latency = 3429.568332 (+/- 2743) us 
Pre-consensus latency = 0.0 (+/- 0) us 
Pos-consensus latency = 1.0856697712526E7 (+/- 0) us 
Propose latency = 1428.1904769999999 (+/- 1958) us 
Write latency = 493.06580699999995 (+/- 752) us 
Accept latency = 1508.312048 (+/- 247) us 
Batch average size = NaN (+/- 0) requests
ConsensusMessage ByteCount = 688587:10437
LCMessage ByteCount = 25:5
TOMMessage ByteCount = 58647880:103412
StandardSMMessage ByteCount = 424:22
--- Measurements after 67000 ops (1000 samples) ---
Throughput = 4651.1626 operations/sec (Maximum observed: 4784.689 ops/sec)
Total latency = 1.1019320119284E7 (+/- 0) us 
Consensus latency = 2407.7172400000004 (+/- 167) us 
Pre-consensus latency = 0.0 (+/- 0) us 
Pos-consensus latency = 1.1017237893908001E7 (+/- 0) us 
Propose latency = 562.748038 (+/- 90) us 
Write latency = 388.746496 (+/- 229) us 
Accept latency = 1456.222706 (+/- 186) us 
Batch average size = NaN (+/- 0) requests
ConsensusMessage ByteCount = 699675:10605
LCMessage ByteCount = 25:5
TOMMessage ByteCount = 58647880:103412
StandardSMMessage ByteCount = 424:22
--- Measurements after 68000 ops (1000 samples) ---
Throughput = 4651.1626 operations/sec (Maximum observed: 4784.689 ops/sec)
Total latency = 1.1175418831874E7 (+/- 0) us 
Consensus latency = 2406.314933 (+/- 160) us 
Pre-consensus latency = 0.0 (+/- 0) us 
Pos-consensus latency = 1.1173365646488002E7 (+/- 0) us 
Propose latency = 590.878958 (+/- 61) us 
Write latency = 316.83976 (+/- 190) us 
Accept latency = 1498.596215 (+/- 189) us 
Batch average size = NaN (+/- 0) requests
ConsensusMessage ByteCount = 711038:10778
LCMessage ByteCount = 25:5
TOMMessage ByteCount = 58647880:103412
StandardSMMessage ByteCount = 424:22
--- Measurements after 69000 ops (1000 samples) ---
Throughput = 4784.689 operations/sec (Maximum observed: 4784.689 ops/sec)
Total latency = 1.1333090129781999E7 (+/- 0) us 
Consensus latency = 2576.7327370000003 (+/- 268) us 
Pre-consensus latency = 0.0 (+/- 0) us 
Pos-consensus latency = 1.1330881761545999E7 (+/- 0) us 
Propose latency = 609.90723 (+/- 57) us 
Write latency = 352.76989100000003 (+/- 231) us 
Accept latency = 1614.0556159999999 (+/- 134) us 
Batch average size = NaN (+/- 0) requests
ConsensusMessage ByteCount = 721935:10943
LCMessage ByteCount = 25:5
TOMMessage ByteCount = 58647880:103412
StandardSMMessage ByteCount = 424:22
--- Measurements after 70000 ops (1000 samples) ---
Throughput = 4608.295 operations/sec (Maximum observed: 4784.689 ops/sec)
Total latency = 1.1491160754111E7 (+/- 0) us 
Consensus latency = 3905.876149 (+/- 3424) us 
Pre-consensus latency = 0.0 (+/- 0) us 
Pos-consensus latency = 1.1487677934502E7 (+/- 0) us 
Propose latency = 782.447133 (+/- 487) us 
Write latency = 1326.6562860000001 (+/- 2734) us 
Accept latency = 1796.77273 (+/- 780) us 
Batch average size = NaN (+/- 0) requests
ConsensusMessage ByteCount = 734127:11127
LCMessage ByteCount = 25:5
TOMMessage ByteCount = 58647880:103412
StandardSMMessage ByteCount = 424:22
--- Measurements after 71000 ops (1000 samples) ---
Throughput = 4651.1626 operations/sec (Maximum observed: 4784.689 ops/sec)
Total latency = 1.1646545845299E7 (+/- 0) us 
Consensus latency = 3022.9607 (+/- 698) us 
Pre-consensus latency = 0.0 (+/- 0) us 
Pos-consensus latency = 1.1643968979139E7 (+/- 0) us 
Propose latency = 1028.671979 (+/- 859) us 
Write latency = 420.15828100000004 (+/- 211) us 
Accept latency = 1574.13044 (+/- 216) us 
Batch average size = NaN (+/- 0) requests
ConsensusMessage ByteCount = 745411:11298
LCMessage ByteCount = 25:5
TOMMessage ByteCount = 58647880:103412
StandardSMMessage ByteCount = 424:22
--- Measurements after 72000 ops (1000 samples) ---
Throughput = 4807.6924 operations/sec (Maximum observed: 4807.6924 ops/sec)
Total latency = 1.1806686710115999E7 (+/- 0) us 
Consensus latency = 2629.257751 (+/- 242) us 
Pre-consensus latency = 0.0 (+/- 0) us 
Pos-consensus latency = 1.1804388623743E7 (+/- 0) us 
Propose latency = 499.583832 (+/- 88) us 
Write latency = 601.288196 (+/- 261) us 
Accept latency = 1528.385723 (+/- 153) us 
Batch average size = NaN (+/- 0) requests
ConsensusMessage ByteCount = 756106:11460
LCMessage ByteCount = 25:5
TOMMessage ByteCount = 58647880:103412
StandardSMMessage ByteCount = 424:22
--- Measurements after 73000 ops (1000 samples) ---
Throughput = 4587.156 operations/sec (Maximum observed: 4807.6924 ops/sec)
Total latency = 1.1966476526878001E7 (+/- 0) us 
Consensus latency = 2608.829561 (+/- 307) us 
Pre-consensus latency = 0.0 (+/- 0) us 
Pos-consensus latency = 1.1964225949896999E7 (+/- 0) us 
Propose latency = 503.388623 (+/- 64) us 
Write latency = 488.996885 (+/- 238) us 
Accept latency = 1616.4440530000002 (+/- 177) us 
Batch average size = NaN (+/- 0) requests
ConsensusMessage ByteCount = 768778:11652
LCMessage ByteCount = 25:5
TOMMessage ByteCount = 58647880:103412
StandardSMMessage ByteCount = 424:22
--- Measurements after 74000 ops (1000 samples) ---
Throughput = 4629.6294 operations/sec (Maximum observed: 4807.6924 ops/sec)
Total latency = 1.2125215610747E7 (+/- 0) us 
Consensus latency = 2611.94721 (+/- 160) us 
Pre-consensus latency = 0.0 (+/- 0) us 
Pos-consensus latency = 1.2122966177659001E7 (+/- 0) us 
Propose latency = 589.074981 (+/- 113) us 
Write latency = 477.01844 (+/- 215) us 
Accept latency = 1545.853789 (+/- 131) us 
Batch average size = NaN (+/- 0) requests
ConsensusMessage ByteCount = 780467:11829
LCMessage ByteCount = 25:5
TOMMessage ByteCount = 58647880:103412
StandardSMMessage ByteCount = 424:22
--- Measurements after 75000 ops (1000 samples) ---
Throughput = 4761.905 operations/sec (Maximum observed: 4807.6924 ops/sec)
Total latency = 1.2282285978054E7 (+/- 0) us 
Consensus latency = 3083.09078 (+/- 1699) us 
Pre-consensus latency = 0.0 (+/- 0) us 
Pos-consensus latency = 1.2279559393533E7 (+/- 0) us 
Propose latency = 580.675764 (+/- 262) us 
Write latency = 486.611564 (+/- 248) us 
Accept latency = 2015.803452 (+/- 1766) us 
Batch average size = NaN (+/- 0) requests
ConsensusMessage ByteCount = 792627:12014
LCMessage ByteCount = 25:5
TOMMessage ByteCount = 58647880:103412
StandardSMMessage ByteCount = 424:22
--- Measurements after 76000 ops (1000 samples) ---
Throughput = 4608.295 operations/sec (Maximum observed: 4807.6924 ops/sec)
Total latency = 1.2441980907555E7 (+/- 0) us 
Consensus latency = 2691.892122 (+/- 414) us 
Pre-consensus latency = 0.0 (+/- 0) us 
Pos-consensus latency = 1.2439736477171E7 (+/- 0) us 
Propose latency = 855.870725 (+/- 491) us 
Write latency = 381.47181800000004 (+/- 185) us 
Accept latency = 1454.549579 (+/- 158) us 
Batch average size = NaN (+/- 0) requests
ConsensusMessage ByteCount = 803916:12185
LCMessage ByteCount = 30:6
TOMMessage ByteCount = 58647880:103412
StandardSMMessage ByteCount = 424:22
--- Measurements after 77000 ops (1000 samples) ---
Throughput = 4629.6294 operations/sec (Maximum observed: 4807.6924 ops/sec)
Total latency = 1.2600426465432E7 (+/- 0) us 
Consensus latency = 2753.261984 (+/- 171) us 
Pre-consensus latency = 0.0 (+/- 0) us 
Pos-consensus latency = 1.2598031755205E7 (+/- 0) us 
Propose latency = 603.182245 (+/- 77) us 
Write latency = 565.824247 (+/- 169) us 
Accept latency = 1584.255492 (+/- 130) us 
Batch average size = NaN (+/- 0) requests
ConsensusMessage ByteCount = 815013:12353
LCMessage ByteCount = 30:6
TOMMessage ByteCount = 58647880:103412
StandardSMMessage ByteCount = 424:22
--- Measurements after 78000 ops (1000 samples) ---
Throughput = 4761.905 operations/sec (Maximum observed: 4807.6924 ops/sec)
Total latency = 1.2757875288084999E7 (+/- 0) us 
Consensus latency = 2508.517625 (+/- 157) us 
Pre-consensus latency = 0.0 (+/- 0) us 
Pos-consensus latency = 1.2755717526434999E7 (+/- 0) us 
Propose latency = 600.743767 (+/- 90) us 
Write latency = 424.226723 (+/- 223) us 
Accept latency = 1483.547135 (+/- 138) us 
Batch average size = NaN (+/- 0) requests
ConsensusMessage ByteCount = 826294:12524
LCMessage ByteCount = 30:6
TOMMessage ByteCount = 58647880:103412
StandardSMMessage ByteCount = 424:22
-- Performing checkpoint for consensus 1023
--- Measurements after 79000 ops (1000 samples) ---
Throughput = 4048.583 operations/sec (Maximum observed: 4807.6924 ops/sec)
Total latency = 1.2917378546054E7 (+/- 0) us 
Consensus latency = 2625.975895 (+/- 257) us 
Pre-consensus latency = 0.0 (+/- 0) us 
Pos-consensus latency = 1.2915105001561001E7 (+/- 0) us 
Propose latency = 594.573945 (+/- 74) us 
Write latency = 556.5414860000001 (+/- 236) us 
Accept latency = 1474.8604639999999 (+/- 127) us 
Batch average size = 122378.0 (+/- 0) requests
ConsensusMessage ByteCount = 838489:12708
LCMessage ByteCount = 30:6
TOMMessage ByteCount = 58647880:103412
StandardSMMessage ByteCount = 424:22
--- Measurements after 80000 ops (1000 samples) ---
Throughput = 4629.6294 operations/sec (Maximum observed: 4807.6924 ops/sec)
Total latency = 1.3101378402799E7 (+/- 0) us 
Consensus latency = 2548.1566460000004 (+/- 342) us 
Pre-consensus latency = 0.0 (+/- 0) us 
Pos-consensus latency = 1.309926333893E7 (+/- 0) us 
Propose latency = 675.3836670000001 (+/- 292) us 
Write latency = 373.56312199999996 (+/- 291) us 
Accept latency = 1499.209857 (+/- 136) us 
Batch average size = NaN (+/- 0) requests
ConsensusMessage ByteCount = 849775:12879
LCMessage ByteCount = 30:6
TOMMessage ByteCount = 58647880:103412
StandardSMMessage ByteCount = 424:22
--- Measurements after 81000 ops (1000 samples) ---
Throughput = 4761.905 operations/sec (Maximum observed: 4807.6924 ops/sec)
Total latency = 1.3260702059853E7 (+/- 0) us 
Consensus latency = 2439.8713549999998 (+/- 222) us 
Pre-consensus latency = 0.0 (+/- 0) us 
Pos-consensus latency = 1.3258649801179001E7 (+/- 0) us 
Propose latency = 655.07091 (+/- 113) us 
Write latency = 294.09159600000004 (+/- 233) us 
Accept latency = 1490.7088489999999 (+/- 191) us 
Batch average size = NaN (+/- 0) requests
ConsensusMessage ByteCount = 860943:13049
LCMessage ByteCount = 30:6
TOMMessage ByteCount = 58647880:103412
StandardSMMessage ByteCount = 424:22
--- Measurements after 82000 ops (1000 samples) ---
Throughput = 4587.156 operations/sec (Maximum observed: 4807.6924 ops/sec)
Total latency = 1.342321377114E7 (+/- 0) us 
Consensus latency = 2503.509486 (+/- 232) us 
Pre-consensus latency = 0.0 (+/- 0) us 
Pos-consensus latency = 1.3421064603442E7 (+/- 0) us 
Propose latency = 580.8395350000001 (+/- 62) us 
Write latency = 427.471793 (+/- 204) us 
Accept latency = 1495.1981580000001 (+/- 145) us 
Batch average size = NaN (+/- 0) requests
ConsensusMessage ByteCount = 872427:13223
LCMessage ByteCount = 30:6
TOMMessage ByteCount = 58647880:103412
StandardSMMessage ByteCount = 424:22
--- Measurements after 83000 ops (1000 samples) ---
Throughput = 4629.6294 operations/sec (Maximum observed: 4807.6924 ops/sec)
Total latency = 1.3579671653715E7 (+/- 0) us 
Consensus latency = 2632.117824 (+/- 217) us 
Pre-consensus latency = 0.0 (+/- 0) us 
Pos-consensus latency = 1.3577405304102E7 (+/- 0) us 
Propose latency = 589.650561 (+/- 103) us 
Write latency = 542.5238009999999 (+/- 237) us 
Accept latency = 1499.943462 (+/- 115) us 
Batch average size = NaN (+/- 0) requests
ConsensusMessage ByteCount = 884030:13398
LCMessage ByteCount = 30:6
TOMMessage ByteCount = 58647880:103412
StandardSMMessage ByteCount = 424:22
--- Measurements after 84000 ops (1000 samples) ---
Throughput = 4761.905 operations/sec (Maximum observed: 4807.6924 ops/sec)
Total latency = 1.3735789117767999E7 (+/- 0) us 
Consensus latency = 2698.5101860000004 (+/- 247) us 
Pre-consensus latency = 0.0 (+/- 0) us 
Pos-consensus latency = 1.3733464141896999E7 (+/- 0) us 
Propose latency = 598.083901 (+/- 47) us 
Write latency = 555.6666829999999 (+/- 274) us 
Accept latency = 1544.7596019999999 (+/- 183) us 
Batch average size = NaN (+/- 0) requests
ConsensusMessage ByteCount = 894922:13563
LCMessage ByteCount = 30:6
TOMMessage ByteCount = 58647880:103412
StandardSMMessage ByteCount = 424:22
--- Measurements after 85000 ops (1000 samples) ---
Throughput = 4608.295 operations/sec (Maximum observed: 4807.6924 ops/sec)
Total latency = 1.3892151644174999E7 (+/- 0) us 
Consensus latency = 2624.385954 (+/- 393) us 
Pre-consensus latency = 0.0 (+/- 0) us 
Pos-consensus latency = 1.3889966568513E7 (+/- 0) us 
Propose latency = 786.555469 (+/- 359) us 
Write latency = 292.542993 (+/- 269) us 
Accept latency = 1545.2874920000002 (+/- 94) us 
Batch average size = NaN (+/- 0) requests
ConsensusMessage ByteCount = 906487:13739
LCMessage ByteCount = 35:7
TOMMessage ByteCount = 58647880:103412
StandardSMMessage ByteCount = 424:22
--- Measurements after 86000 ops (1000 samples) ---
Throughput = 4629.6294 operations/sec (Maximum observed: 4807.6924 ops/sec)
Total latency = 1.4055540576706E7 (+/- 0) us 
Consensus latency = 2807.985809 (+/- 290) us 
Pre-consensus latency = 0.0 (+/- 0) us 
Pos-consensus latency = 1.4053162427882E7 (+/- 0) us 
Propose latency = 804.52826 (+/- 408) us 
Write latency = 438.38315 (+/- 215) us 
Accept latency = 1565.074399 (+/- 101) us 
Batch average size = NaN (+/- 0) requests
ConsensusMessage ByteCount = 918281:13917
LCMessage ByteCount = 35:7
TOMMessage ByteCount = 58647880:103412
StandardSMMessage ByteCount = 424:22
--- Measurements after 87000 ops (1000 samples) ---
Throughput = 4629.6294 operations/sec (Maximum observed: 4807.6924 ops/sec)
Total latency = 1.4215101926017E7 (+/- 0) us 
Consensus latency = 2642.729297 (+/- 183) us 
Pre-consensus latency = 0.0 (+/- 0) us 
Pos-consensus latency = 1.4212837716482E7 (+/- 0) us 
Propose latency = 635.434078 (+/- 73) us 
Write latency = 560.685301 (+/- 182) us 
Accept latency = 1446.609918 (+/- 102) us 
Batch average size = NaN (+/- 0) requests
ConsensusMessage ByteCount = 929253:14084
LCMessage ByteCount = 35:7
TOMMessage ByteCount = 58647880:103412
StandardSMMessage ByteCount = 424:22
--- Measurements after 88000 ops (1000 samples) ---
Throughput = 4761.905 operations/sec (Maximum observed: 4807.6924 ops/sec)
Total latency = 1.4375935070329001E7 (+/- 0) us 
Consensus latency = 2749.8765639999997 (+/- 152) us 
Pre-consensus latency = 0.0 (+/- 0) us 
Pos-consensus latency = 1.4373566262271E7 (+/- 0) us 
Propose latency = 631.038404 (+/- 51) us 
Write latency = 600.770507 (+/- 153) us 
Accept latency = 1518.0676529999998 (+/- 92) us 
Batch average size = NaN (+/- 0) requests
ConsensusMessage ByteCount = 940937:14261
LCMessage ByteCount = 35:7
TOMMessage ByteCount = 58647880:103412
StandardSMMessage ByteCount = 424:22
--- Measurements after 89000 ops (1000 samples) ---
Throughput = 4608.295 operations/sec (Maximum observed: 4807.6924 ops/sec)
Total latency = 1.4534828995733E7 (+/- 0) us 
Consensus latency = 2743.292939 (+/- 182) us 
Pre-consensus latency = 0.0 (+/- 0) us 
Pos-consensus latency = 1.4532481948665E7 (+/- 0) us 
Propose latency = 640.925417 (+/- 91) us 
Write latency = 509.356079 (+/- 292) us 
Accept latency = 1593.0114429999999 (+/- 147) us 
Batch average size = NaN (+/- 0) requests
ConsensusMessage ByteCount = 951936:14427
LCMessage ByteCount = 35:7
TOMMessage ByteCount = 58647880:103412
StandardSMMessage ByteCount = 424:22
--- Measurements after 90000 ops (1000 samples) ---
Throughput = 4608.295 operations/sec (Maximum observed: 4807.6924 ops/sec)
Total latency = 1.4692107166361999E7 (+/- 0) us 
Consensus latency = 3031.508156 (+/- 1423) us 
Pre-consensus latency = 0.0 (+/- 0) us 
Pos-consensus latency = 1.4689503903803E7 (+/- 0) us 
Propose latency = 677.807015 (+/- 194) us 
Write latency = 479.817255 (+/- 247) us 
Accept latency = 1873.8838859999998 (+/- 1424) us 
Batch average size = NaN (+/- 0) requests
ConsensusMessage ByteCount = 963024:14595
LCMessage ByteCount = 35:7
TOMMessage ByteCount = 58647880:103412
StandardSMMessage ByteCount = 424:22
--- Measurements after 91000 ops (1000 samples) ---
Throughput = 4739.3364 operations/sec (Maximum observed: 4807.6924 ops/sec)
Total latency = 1.4851856570844E7 (+/- 0) us 
Consensus latency = 2639.391015 (+/- 216) us 
Pre-consensus latency = 0.0 (+/- 0) us 
Pos-consensus latency = 1.4849635051733999E7 (+/- 0) us 
Propose latency = 703.3767369999999 (+/- 132) us 
Write latency = 476.99864399999996 (+/- 198) us 
Accept latency = 1459.015634 (+/- 161) us 
Batch average size = NaN (+/- 0) requests
ConsensusMessage ByteCount = 974506:14769
LCMessage ByteCount = 35:7
TOMMessage ByteCount = 58647880:103412
StandardSMMessage ByteCount = 424:22
--- Measurements after 92000 ops (1000 samples) ---
Throughput = 4608.295 operations/sec (Maximum observed: 4807.6924 ops/sec)
Total latency = 1.5010681894361E7 (+/- 0) us 
Consensus latency = 2585.776508 (+/- 161) us 
Pre-consensus latency = 0.0 (+/- 0) us 
Pos-consensus latency = 1.5008475313682E7 (+/- 0) us 
Propose latency = 636.787328 (+/- 53) us 
Write latency = 450.281544 (+/- 191) us 
Accept latency = 1498.7076359999999 (+/- 115) us 
Batch average size = NaN (+/- 0) requests
ConsensusMessage ByteCount = 985990:14943
LCMessage ByteCount = 35:7
TOMMessage ByteCount = 58647880:103412
StandardSMMessage ByteCount = 424:22
--- Measurements after 93000 ops (1000 samples) ---
Throughput = 4587.156 operations/sec (Maximum observed: 4807.6924 ops/sec)
Total latency = 1.5169624413617E7 (+/- 0) us 
Consensus latency = 2615.894864 (+/- 178) us 
Pre-consensus latency = 0.0 (+/- 0) us 
Pos-consensus latency = 1.5167397231795E7 (+/- 0) us 
Propose latency = 648.9040500000001 (+/- 55) us 
Write latency = 433.863428 (+/- 167) us 
Accept latency = 1533.127386 (+/- 97) us 
Batch average size = NaN (+/- 0) requests
ConsensusMessage ByteCount = 997475:15117
LCMessage ByteCount = 35:7
TOMMessage ByteCount = 58647880:103412
StandardSMMessage ByteCount = 424:22
--- Measurements after 94000 ops (1000 samples) ---
Throughput = 4504.5044 operations/sec (Maximum observed: 4807.6924 ops/sec)
Total latency = 1.5338921159305999E7 (+/- 0) us 
Consensus latency = 2587.540231 (+/- 245) us 
Pre-consensus latency = 0.0 (+/- 0) us 
Pos-consensus latency = 1.5336708379956E7 (+/- 0) us 
Propose latency = 606.397902 (+/- 85) us 
Write latency = 540.775746 (+/- 236) us 
Accept latency = 1440.366583 (+/- 221) us 
Batch average size = NaN (+/- 0) requests
ConsensusMessage ByteCount = 1010031:15308
LCMessage ByteCount = 40:8
TOMMessage ByteCount = 58647880:103412
StandardSMMessage ByteCount = 424:22
--- Measurements after 95000 ops (1000 samples) ---
Throughput = 4405.286 operations/sec (Maximum observed: 4807.6924 ops/sec)
Total latency = 1.5508410261341E7 (+/- 0) us 
Consensus latency = 2662.1564190000004 (+/- 274) us 
Pre-consensus latency = 0.0 (+/- 0) us 
Pos-consensus latency = 1.5506128212343E7 (+/- 0) us 
Propose latency = 651.454306 (+/- 94) us 
Write latency = 447.511679 (+/- 325) us 
Accept latency = 1563.1904339999999 (+/- 129) us 
Batch average size = NaN (+/- 0) requests
ConsensusMessage ByteCount = 1022516:15497
LCMessage ByteCount = 40:8
TOMMessage ByteCount = 58647880:103412
StandardSMMessage ByteCount = 424:22
--- Measurements after 96000 ops (1000 samples) ---
Throughput = 4424.779 operations/sec (Maximum observed: 4807.6924 ops/sec)
Total latency = 1.5677858931195999E7 (+/- 0) us 
Consensus latency = 2588.145605 (+/- 179) us 
Pre-consensus latency = 0.0 (+/- 0) us 
Pos-consensus latency = 1.5675623851066E7 (+/- 0) us 
Propose latency = 619.7775429999999 (+/- 120) us 
Write latency = 531.85202 (+/- 255) us 
Accept latency = 1436.516042 (+/- 132) us 
Batch average size = NaN (+/- 0) requests
ConsensusMessage ByteCount = 1035000:15686
LCMessage ByteCount = 40:8
TOMMessage ByteCount = 58647880:103412
StandardSMMessage ByteCount = 424:22
--- Measurements after 97000 ops (1000 samples) ---
Throughput = 4566.21 operations/sec (Maximum observed: 4807.6924 ops/sec)
Total latency = 1.5847650712405E7 (+/- 0) us 
Consensus latency = 2576.937735 (+/- 215) us 
Pre-consensus latency = 0.0 (+/- 0) us 
Pos-consensus latency = 1.584543469849E7 (+/- 0) us 
Propose latency = 608.809133 (+/- 63) us 
Write latency = 470.812865 (+/- 218) us 
Accept latency = 1497.315737 (+/- 130) us 
Batch average size = NaN (+/- 0) requests
ConsensusMessage ByteCount = 1047801:15879
LCMessage ByteCount = 40:8
TOMMessage ByteCount = 58647880:103412
StandardSMMessage ByteCount = 424:22
--- Measurements after 98000 ops (1000 samples) ---
Throughput = 4424.779 operations/sec (Maximum observed: 4807.6924 ops/sec)
Total latency = 1.6016712121527001E7 (+/- 0) us 
Consensus latency = 2745.113421 (+/- 155) us 
Pre-consensus latency = 0.0 (+/- 0) us 
Pos-consensus latency = 1.6014335814512E7 (+/- 0) us 
Propose latency = 624.359868 (+/- 91) us 
Write latency = 615.031258 (+/- 167) us 
Accept latency = 1505.722295 (+/- 149) us 
Batch average size = NaN (+/- 0) requests
ConsensusMessage ByteCount = 1060072:16065
LCMessage ByteCount = 40:8
TOMMessage ByteCount = 58647880:103412
StandardSMMessage ByteCount = 424:22
--- Measurements after 99000 ops (1000 samples) ---
Throughput = 4424.779 operations/sec (Maximum observed: 4807.6924 ops/sec)
Total latency = 1.6184642682076E7 (+/- 0) us 
Consensus latency = 2807.8050630000002 (+/- 275) us 
Pre-consensus latency = 0.0 (+/- 0) us 
Pos-consensus latency = 1.6182216672032E7 (+/- 0) us 
Propose latency = 670.299953 (+/- 100) us 
Write latency = 566.497203 (+/- 288) us 
Accept latency = 1571.007907 (+/- 113) us 
Batch average size = NaN (+/- 0) requests
ConsensusMessage ByteCount = 1071957:16245
LCMessage ByteCount = 40:8
TOMMessage ByteCount = 58647880:103412
StandardSMMessage ByteCount = 424:22
--- Measurements after 100000 ops (1000 samples) ---
Throughput = 4524.8867 operations/sec (Maximum observed: 4807.6924 ops/sec)
Total latency = 1.6349759115161E7 (+/- 0) us 
Consensus latency = 3238.454032 (+/- 2493) us 
Pre-consensus latency = 0.0 (+/- 0) us 
Pos-consensus latency = 1.6346877288472E7 (+/- 0) us 
Propose latency = 636.347956 (+/- 162) us 
Write latency = 282.393084 (+/- 264) us 
Accept latency = 2319.712992 (+/- 2531) us 
Batch average size = NaN (+/- 0) requests
ConsensusMessage ByteCount = 1084522:16436
LCMessage ByteCount = 40:8
TOMMessage ByteCount = 58647880:103412
StandardSMMessage ByteCount = 424:22
--- Measurements after 101000 ops (1000 samples) ---
Throughput = 4366.812 operations/sec (Maximum observed: 4807.6924 ops/sec)
Total latency = 1.6525124604581E7 (+/- 0) us 
Consensus latency = 2645.960827 (+/- 157) us 
Pre-consensus latency = 0.0 (+/- 0) us 
Pos-consensus latency = 1.6522859536983998E7 (+/- 0) us 
Propose latency = 621.832201 (+/- 174) us 
Write latency = 497.859151 (+/- 135) us 
Accept latency = 1526.269475 (+/- 209) us 
Batch average size = NaN (+/- 0) requests
ConsensusMessage ByteCount = 1096909:16623
LCMessage ByteCount = 40:8
TOMMessage ByteCount = 58647880:103412
StandardSMMessage ByteCount = 424:22
--- Measurements after 102000 ops (1000 samples) ---
Throughput = 4405.286 operations/sec (Maximum observed: 4807.6924 ops/sec)
Total latency = 1.6694415388432E7 (+/- 0) us 
Consensus latency = 2575.352301 (+/- 278) us 
Pre-consensus latency = 0.0 (+/- 0) us 
Pos-consensus latency = 1.6692185023003E7 (+/- 0) us 
Propose latency = 566.570142 (+/- 91) us 
Write latency = 519.333841 (+/- 241) us 
Accept latency = 1489.448318 (+/- 156) us 
Batch average size = NaN (+/- 0) requests
ConsensusMessage ByteCount = 1109180:16809
LCMessage ByteCount = 40:8
TOMMessage ByteCount = 58647880:103412
StandardSMMessage ByteCount = 424:22
--- Measurements after 103000 ops (1000 samples) ---
Throughput = 4347.826 operations/sec (Maximum observed: 4807.6924 ops/sec)
Total latency = 1.6864195808395002E7 (+/- 0) us 
Consensus latency = 2580.249383 (+/- 195) us 
Pre-consensus latency = 0.0 (+/- 0) us 
Pos-consensus latency = 1.6861994421903E7 (+/- 0) us 
Propose latency = 622.108803 (+/- 62) us 
Write latency = 477.933484 (+/- 173) us 
Accept latency = 1480.2070959999999 (+/- 111) us 
Batch average size = NaN (+/- 0) requests
ConsensusMessage ByteCount = 1120747:16985
LCMessage ByteCount = 45:9
TOMMessage ByteCount = 58647880:103412
StandardSMMessage ByteCount = 424:22
--- Measurements after 104000 ops (1000 samples) ---
Throughput = 4524.8867 operations/sec (Maximum observed: 4807.6924 ops/sec)
Total latency = 1.7038721354976E7 (+/- 0) us 
Consensus latency = 3329.925639 (+/- 1722) us 
Pre-consensus latency = 0.0 (+/- 0) us 
Pos-consensus latency = 1.7035821848998E7 (+/- 0) us 
Propose latency = 704.6350659999999 (+/- 191) us 
Write latency = 572.614278 (+/- 179) us 
Accept latency = 2052.6762949999998 (+/- 1733) us 
Batch average size = NaN (+/- 0) requests
ConsensusMessage ByteCount = 1133135:17172
LCMessage ByteCount = 45:9
TOMMessage ByteCount = 58647880:103412
StandardSMMessage ByteCount = 424:22
--- Measurements after 105000 ops (1000 samples) ---
Throughput = 4424.779 operations/sec (Maximum observed: 4807.6924 ops/sec)
Total latency = 1.7206305221106E7 (+/- 0) us 
Consensus latency = 2690.50489 (+/- 894) us 
Pre-consensus latency = 0.0 (+/- 0) us 
Pos-consensus latency = 1.7204001878882E7 (+/- 0) us 
Propose latency = 647.53962 (+/- 115) us 
Write latency = 342.832091 (+/- 215) us 
Accept latency = 1700.133179 (+/- 951) us 
Batch average size = NaN (+/- 0) requests
ConsensusMessage ByteCount = 1145491:17360
LCMessage ByteCount = 45:9
TOMMessage ByteCount = 58647880:103412
StandardSMMessage ByteCount = 424:22
--- Measurements after 106000 ops (1000 samples) ---
Throughput = 4424.779 operations/sec (Maximum observed: 4807.6924 ops/sec)
Total latency = 1.7374823167366E7 (+/- 0) us 
Consensus latency = 2612.43147 (+/- 199) us 
Pre-consensus latency = 0.0 (+/- 0) us 
Pos-consensus latency = 1.7372652437437E7 (+/- 0) us 
Propose latency = 702.472425 (+/- 176) us 
Write latency = 417.183538 (+/- 240) us 
Accept latency = 1492.775507 (+/- 147) us 
Batch average size = NaN (+/- 0) requests
ConsensusMessage ByteCount = 1157562:17543
LCMessage ByteCount = 45:9
TOMMessage ByteCount = 58647880:103412
StandardSMMessage ByteCount = 424:22
--- Measurements after 107000 ops (1000 samples) ---
Throughput = 4694.8354 operations/sec (Maximum observed: 4807.6924 ops/sec)
Total latency = 1.7541767370618E7 (+/- 0) us 
Consensus latency = 2719.2005299999996 (+/- 195) us 
Pre-consensus latency = 0.0 (+/- 0) us 
Pos-consensus latency = 1.7539437769683E7 (+/- 0) us 
Propose latency = 633.9340550000001 (+/- 111) us 
Write latency = 573.8450600000001 (+/- 237) us 
Accept latency = 1511.421415 (+/- 165) us 
Batch average size = NaN (+/- 0) requests
ConsensusMessage ByteCount = 1168365:17706
LCMessage ByteCount = 45:9
TOMMessage ByteCount = 58647880:103412
StandardSMMessage ByteCount = 424:22
--- Measurements after 108000 ops (1000 samples) ---
Throughput = 4504.5044 operations/sec (Maximum observed: 4807.6924 ops/sec)
Total latency = 1.7705449191589E7 (+/- 0) us 
Consensus latency = 2575.3607859999997 (+/- 171) us 
Pre-consensus latency = 0.0 (+/- 0) us 
Pos-consensus latency = 1.7703208347525E7 (+/- 0) us 
Propose latency = 597.2920799999999 (+/- 71) us 
Write latency = 491.52846600000004 (+/- 217) us 
Accept latency = 1486.54024 (+/- 173) us 
Batch average size = NaN (+/- 0) requests
ConsensusMessage ByteCount = 1180441:17889
LCMessage ByteCount = 45:9
TOMMessage ByteCount = 58647880:103412
StandardSMMessage ByteCount = 424:22
--- Measurements after 109000 ops (1000 samples) ---
Throughput = 4424.779 operations/sec (Maximum observed: 4807.6924 ops/sec)
Total latency = 1.7868984433174998E7 (+/- 0) us 
Consensus latency = 3341.552599 (+/- 2135) us 
Pre-consensus latency = 0.0 (+/- 0) us 
Pos-consensus latency = 1.7866156925591998E7 (+/- 0) us 
Propose latency = 798.052542 (+/- 395) us 
Write latency = 415.362627 (+/- 233) us 
Accept latency = 2128.13743 (+/- 2097) us 
Batch average size = NaN (+/- 0) requests
ConsensusMessage ByteCount = 1192212:18068
LCMessage ByteCount = 45:9
TOMMessage ByteCount = 58647880:103412
StandardSMMessage ByteCount = 424:22
--- Measurements after 110000 ops (1000 samples) ---
Throughput = 4424.779 operations/sec (Maximum observed: 4807.6924 ops/sec)
Total latency = 1.8037078954593E7 (+/- 0) us 
Consensus latency = 2360.542577 (+/- 185) us 
Pre-consensus latency = 0.0 (+/- 0) us 
Pos-consensus latency = 1.8035074330693E7 (+/- 0) us 
Propose latency = 577.5980330000001 (+/- 73) us 
Write latency = 265.647036 (+/- 212) us 
Accept latency = 1517.2975079999999 (+/- 112) us 
Batch average size = NaN (+/- 0) requests
ConsensusMessage ByteCount = 1203818:18243
LCMessage ByteCount = 45:9
TOMMessage ByteCount = 58647880:103412
StandardSMMessage ByteCount = 424:22
--- Measurements after 111000 ops (1000 samples) ---
Throughput = 4504.5044 operations/sec (Maximum observed: 4807.6924 ops/sec)
Total latency = 1.8208705852302E7 (+/- 0) us 
Consensus latency = 2469.645573 (+/- 201) us 
Pre-consensus latency = 0.0 (+/- 0) us 
Pos-consensus latency = 1.8206615982396E7 (+/- 0) us 
Propose latency = 640.097867 (+/- 131) us 
Write latency = 399.087611 (+/- 192) us 
Accept latency = 1430.460095 (+/- 242) us 
Batch average size = NaN (+/- 0) requests
ConsensusMessage ByteCount = 1216091:18429
LCMessage ByteCount = 45:9
TOMMessage ByteCount = 58647880:103412
StandardSMMessage ByteCount = 424:22
--- Measurements after 112000 ops (1000 samples) ---
Throughput = 4366.812 operations/sec (Maximum observed: 4807.6924 ops/sec)
Total latency = 1.8380152371482E7 (+/- 0) us 
Consensus latency = 2529.521509 (+/- 177) us 
Pre-consensus latency = 0.0 (+/- 0) us 
Pos-consensus latency = 1.8377991200317003E7 (+/- 0) us 
Propose latency = 616.0404030000001 (+/- 36) us 
Write latency = 391.921889 (+/- 235) us 
Accept latency = 1521.559217 (+/- 166) us 
Batch average size = NaN (+/- 0) requests
ConsensusMessage ByteCount = 1227767:18606
LCMessage ByteCount = 50:10
TOMMessage ByteCount = 58647880:103412
StandardSMMessage ByteCount = 424:22
--- Measurements after 113000 ops (1000 samples) ---
Throughput = 4405.286 operations/sec (Maximum observed: 4807.6924 ops/sec)
Total latency = 1.8550725053888E7 (+/- 0) us 
Consensus latency = 2691.10016 (+/- 149) us 
Pre-consensus latency = 0.0 (+/- 0) us 
Pos-consensus latency = 1.8548389320724998E7 (+/- 0) us 
Propose latency = 609.0628909999999 (+/- 57) us 
Write latency = 559.976369 (+/- 175) us 
Accept latency = 1522.0609 (+/- 92) us 
Batch average size = NaN (+/- 0) requests
ConsensusMessage ByteCount = 1239729:18788
LCMessage ByteCount = 50:10
TOMMessage ByteCount = 58647880:103412
StandardSMMessage ByteCount = 424:22
--- Measurements after 114000 ops (1000 samples) ---
Throughput = 4566.21 operations/sec (Maximum observed: 4807.6924 ops/sec)
Total latency = 1.8712335310877E7 (+/- 0) us 
Consensus latency = 2730.06969 (+/- 901) us 
Pre-consensus latency = 0.0 (+/- 0) us 
Pos-consensus latency = 1.8710234909541998E7 (+/- 0) us 
Propose latency = 858.309713 (+/- 962) us 
Write latency = 520.0130310000001 (+/- 528) us 
Accept latency = 1351.746946 (+/- 325) us 
Batch average size = NaN (+/- 0) requests
ConsensusMessage ByteCount = 1251530:18966
LCMessage ByteCount = 50:10
TOMMessage ByteCount = 58647880:103412
StandardSMMessage ByteCount = 424:22
--- Measurements after 115000 ops (1000 samples) ---
Throughput = 4716.981 operations/sec (Maximum observed: 4807.6924 ops/sec)
Total latency = 1.8873053334313E7 (+/- 0) us 
Consensus latency = 2561.015505 (+/- 292) us 
Pre-consensus latency = 0.0 (+/- 0) us 
Pos-consensus latency = 1.8870919639054E7 (+/- 0) us 
Propose latency = 665.441865 (+/- 156) us 
Write latency = 432.224132 (+/- 247) us 
Accept latency = 1463.349508 (+/- 186) us 
Batch average size = NaN (+/- 0) requests
ConsensusMessage ByteCount = 1263422:19146
LCMessage ByteCount = 50:10
TOMMessage ByteCount = 58647880:103412
StandardSMMessage ByteCount = 424:22
--- Measurements after 116000 ops (1000 samples) ---
Throughput = 4464.2856 operations/sec (Maximum observed: 4807.6924 ops/sec)
Total latency = 1.9038408383070998E7 (+/- 0) us 
Consensus latency = 2487.597401 (+/- 307) us 
Pre-consensus latency = 0.0 (+/- 0) us 
Pos-consensus latency = 1.9036304494370997E7 (+/- 0) us 
Propose latency = 640.773199 (+/- 111) us 
Write latency = 382.468119 (+/- 235) us 
Accept latency = 1464.3560830000001 (+/- 207) us 
Batch average size = NaN (+/- 0) requests
ConsensusMessage ByteCount = 1275790:19334
LCMessage ByteCount = 50:10
TOMMessage ByteCount = 58647880:103412
StandardSMMessage ByteCount = 424:22
--- Measurements after 117000 ops (1000 samples) ---
Throughput = 4587.156 operations/sec (Maximum observed: 4807.6924 ops/sec)
Total latency = 1.9201389984643E7 (+/- 0) us 
Consensus latency = 2423.148412 (+/- 237) us 
Pre-consensus latency = 0.0 (+/- 0) us 
Pos-consensus latency = 1.9199327848337002E7 (+/- 0) us 
Propose latency = 616.752371 (+/- 57) us 
Write latency = 289.50975300000005 (+/- 180) us 
Accept latency = 1516.886288 (+/- 157) us 
Batch average size = NaN (+/- 0) requests
ConsensusMessage ByteCount = 1287859:19517
LCMessage ByteCount = 50:10
TOMMessage ByteCount = 58647880:103412
StandardSMMessage ByteCount = 424:22
--- Measurements after 118000 ops (1000 samples) ---
Throughput = 4545.4546 operations/sec (Maximum observed: 4807.6924 ops/sec)
Total latency = 1.9362586637121E7 (+/- 0) us 
Consensus latency = 2354.234443 (+/- 199) us 
Pre-consensus latency = 0.0 (+/- 0) us 
Pos-consensus latency = 1.9360578607318E7 (+/- 0) us 
Propose latency = 600.5825259999999 (+/- 86) us 
Write latency = 321.876176 (+/- 216) us 
Accept latency = 1431.775741 (+/- 145) us 
Batch average size = NaN (+/- 0) requests
ConsensusMessage ByteCount = 1299455:19692
LCMessage ByteCount = 50:10
TOMMessage ByteCount = 58647880:103412
StandardSMMessage ByteCount = 424:22
--- Measurements after 119000 ops (1000 samples) ---
Throughput = 4694.8354 operations/sec (Maximum observed: 4807.6924 ops/sec)
Total latency = 1.9526364279986E7 (+/- 0) us 
Consensus latency = 2792.140236 (+/- 1673) us 
Pre-consensus latency = 0.0 (+/- 0) us 
Pos-consensus latency = 1.9523927493832E7 (+/- 0) us 
Propose latency = 612.4094329999999 (+/- 111) us 
Write latency = 631.330356 (+/- 1627) us 
Accept latency = 1548.400447 (+/- 138) us 
Batch average size = NaN (+/- 0) requests
ConsensusMessage ByteCount = 1310940:19866
LCMessage ByteCount = 50:10
TOMMessage ByteCount = 58647880:103412
StandardSMMessage ByteCount = 424:22
--- Measurements after 120000 ops (1000 samples) ---
Throughput = 4524.8867 operations/sec (Maximum observed: 4807.6924 ops/sec)
Total latency = 1.9690033257310003E7 (+/- 0) us 
Consensus latency = 3106.515296 (+/- 1412) us 
Pre-consensus latency = 0.0 (+/- 0) us 
Pos-consensus latency = 1.9687306069259997E7 (+/- 0) us 
Propose latency = 623.792135 (+/- 100) us 
Write latency = 679.663169 (+/- 338) us 
Accept latency = 1803.0599920000002 (+/- 1402) us 
Batch average size = NaN (+/- 0) requests
ConsensusMessage ByteCount = 1323024:20049
LCMessage ByteCount = 50:10
TOMMessage ByteCount = 58647880:103412
StandardSMMessage ByteCount = 424:22
--- Measurements after 121000 ops (1000 samples) ---
Throughput = 4524.8867 operations/sec (Maximum observed: 4807.6924 ops/sec)
Total latency = 1.9853540638479E7 (+/- 0) us 
Consensus latency = 2563.357329 (+/- 154) us 
Pre-consensus latency = 0.0 (+/- 0) us 
Pos-consensus latency = 1.9851365756299E7 (+/- 0) us 
Propose latency = 638.9012759999999 (+/- 127) us 
Write latency = 484.782592 (+/- 186) us 
Accept latency = 1439.6734609999999 (+/- 115) us 
Batch average size = NaN (+/- 0) requests
ConsensusMessage ByteCount = 1334508:20223
LCMessage ByteCount = 50:10
TOMMessage ByteCount = 58647880:103412
StandardSMMessage ByteCount = 424:22
--- Measurements after 122000 ops (1000 samples) ---
Throughput = 4424.779 operations/sec (Maximum observed: 4807.6924 ops/sec)
Total latency = 2.0021013432589002E7 (+/- 0) us 
Consensus latency = 2676.170747 (+/- 230) us 
Pre-consensus latency = 0.0 (+/- 0) us 
Pos-consensus latency = 2.0018704013614E7 (+/- 0) us 
Propose latency = 613.310202 (+/- 88) us 
Write latency = 529.646667 (+/- 210) us 
Accept latency = 1533.213878 (+/- 182) us 
Batch average size = NaN (+/- 0) requests
ConsensusMessage ByteCount = 1346080:20399
LCMessage ByteCount = 50:10
TOMMessage ByteCount = 58647880:103412
StandardSMMessage ByteCount = 424:22
--- Measurements after 123000 ops (1000 samples) ---
Throughput = 4524.8867 operations/sec (Maximum observed: 4807.6924 ops/sec)
Total latency = 2.0190070200384E7 (+/- 0) us 
Consensus latency = 2763.354987 (+/- 154) us 
Pre-consensus latency = 0.0 (+/- 0) us 
Pos-consensus latency = 2.0187675756784E7 (+/- 0) us 
Propose latency = 621.649641 (+/- 85) us 
Write latency = 580.80111 (+/- 236) us 
Accept latency = 1560.904236 (+/- 203) us 
Batch average size = NaN (+/- 0) requests
ConsensusMessage ByteCount = 1358270:20583
LCMessage ByteCount = 50:10
TOMMessage ByteCount = 58647880:103412
StandardSMMessage ByteCount = 424:22
--- Measurements after 124000 ops (1000 samples) ---
Throughput = 4405.286 operations/sec (Maximum observed: 4807.6924 ops/sec)
Total latency = 2.0359795983409E7 (+/- 0) us 
Consensus latency = 2674.4389309999997 (+/- 739) us 
Pre-consensus latency = 0.0 (+/- 0) us 
Pos-consensus latency = 2.0357703815791E7 (+/- 0) us 
Propose latency = 826.069469 (+/- 763) us 
Write latency = 461.888968 (+/- 246) us 
Accept latency = 1386.480494 (+/- 233) us 
Batch average size = NaN (+/- 0) requests
ConsensusMessage ByteCount = 1370933:20775
LCMessage ByteCount = 50:10
TOMMessage ByteCount = 58647880:103412
StandardSMMessage ByteCount = 424:22
--- Measurements after 125000 ops (1000 samples) ---
Throughput = 4405.286 operations/sec (Maximum observed: 4807.6924 ops/sec)
Total latency = 2.0529037953907E7 (+/- 0) us 
Consensus latency = 2564.237453 (+/- 210) us 
Pre-consensus latency = 0.0 (+/- 0) us 
Pos-consensus latency = 2.0526914302830003E7 (+/- 0) us 
Propose latency = 699.779212 (+/- 219) us 
Write latency = 512.753713 (+/- 149) us 
Accept latency = 1351.704528 (+/- 278) us 
Batch average size = NaN (+/- 0) requests
ConsensusMessage ByteCount = 1382605:20952
LCMessage ByteCount = 50:10
TOMMessage ByteCount = 58647880:103412
StandardSMMessage ByteCount = 424:22
--- Measurements after 126000 ops (1000 samples) ---
Throughput = 4405.286 operations/sec (Maximum observed: 4807.6924 ops/sec)
Total latency = 2.0700691268819E7 (+/- 0) us 
Consensus latency = 2613.0757489999996 (+/- 183) us 
Pre-consensus latency = 0.0 (+/- 0) us 
Pos-consensus latency = 2.0698449122478E7 (+/- 0) us 
Propose latency = 597.826452 (+/- 56) us 
Write latency = 665.711683 (+/- 131) us 
Accept latency = 1349.537614 (+/- 213) us 
Batch average size = NaN (+/- 0) requests
ConsensusMessage ByteCount = 1395082:21141
LCMessage ByteCount = 55:11
TOMMessage ByteCount = 58647880:103412
StandardSMMessage ByteCount = 424:22
--- Measurements after 127000 ops (1000 samples) ---
Throughput = 4424.779 operations/sec (Maximum observed: 4807.6924 ops/sec)
Total latency = 2.0868973085731E7 (+/- 0) us 
Consensus latency = 2546.222904 (+/- 183) us 
Pre-consensus latency = 0.0 (+/- 0) us 
Pos-consensus latency = 2.0866816506933E7 (+/- 0) us 
Propose latency = 634.2207219999999 (+/- 63) us 
Write latency = 435.674968 (+/- 187) us 
Accept latency = 1476.327214 (+/- 187) us 
Batch average size = NaN (+/- 0) requests
ConsensusMessage ByteCount = 1408831:21350
LCMessage ByteCount = 55:11
TOMMessage ByteCount = 58647880:103412
StandardSMMessage ByteCount = 424:22
--- Measurements after 128000 ops (1000 samples) ---
Throughput = 4739.3364 operations/sec (Maximum observed: 4807.6924 ops/sec)
Total latency = 2.1035141533995997E7 (+/- 0) us 
Consensus latency = 2746.547157 (+/- 122) us 
Pre-consensus latency = 0.0 (+/- 0) us 
Pos-consensus latency = 2.1032756018781E7 (+/- 0) us 
Propose latency = 606.337076 (+/- 55) us 
Write latency = 650.131137 (+/- 137) us 
Accept latency = 1490.0789439999999 (+/- 112) us 
Batch average size = NaN (+/- 0) requests
ConsensusMessage ByteCount = 1422403:21555
LCMessage ByteCount = 55:11
TOMMessage ByteCount = 58647880:103412
StandardSMMessage ByteCount = 424:22
--- Measurements after 129000 ops (1000 samples) ---
Throughput = 4608.295 operations/sec (Maximum observed: 4807.6924 ops/sec)
Total latency = 2.1194511819352E7 (+/- 0) us 
Consensus latency = 2890.9683790000004 (+/- 1329) us 
Pre-consensus latency = 0.0 (+/- 0) us 
Pos-consensus latency = 2.1192365029992E7 (+/- 0) us 
Propose latency = 1002.6017730000001 (+/- 1372) us 
Write latency = 400.328383 (+/- 244) us 
Accept latency = 1488.038223 (+/- 126) us 
Batch average size = NaN (+/- 0) requests
ConsensusMessage ByteCount = 1435853:21759
LCMessage ByteCount = 55:11
TOMMessage ByteCount = 58647880:103412
StandardSMMessage ByteCount = 424:22
--- Measurements after 130000 ops (1000 samples) ---
Throughput = 4629.6294 operations/sec (Maximum observed: 4807.6924 ops/sec)
Total latency = 2.1352004113635E7 (+/- 0) us 
Consensus latency = 3181.071276 (+/- 1621) us 
Pre-consensus latency = 0.0 (+/- 0) us 
Pos-consensus latency = 2.1349217695344E7 (+/- 0) us 
Propose latency = 701.919398 (+/- 309) us 
Write latency = 988.6897680000001 (+/- 1542) us 
Accept latency = 1490.4621100000002 (+/- 185) us 
Batch average size = NaN (+/- 0) requests
ConsensusMessage ByteCount = 1443965:21882
LCMessage ByteCount = 55:11
TOMMessage ByteCount = 58647880:103412
StandardSMMessage ByteCount = 424:22
--- Measurements after 131000 ops (1000 samples) ---
Throughput = 4830.918 operations/sec (Maximum observed: 4830.918 ops/sec)
Total latency = 2.1508380294865E7 (+/- 0) us 
Consensus latency = 2604.323856 (+/- 350) us 
Pre-consensus latency = 0.0 (+/- 0) us 
Pos-consensus latency = 2.1506186512222998E7 (+/- 0) us 
Propose latency = 678.6560209999999 (+/- 150) us 
Write latency = 400.709528 (+/- 234) us 
Accept latency = 1524.958307 (+/- 141) us 
Batch average size = NaN (+/- 0) requests
ConsensusMessage ByteCount = 1443965:21882
LCMessage ByteCount = 55:11
TOMMessage ByteCount = 58647880:103412
StandardSMMessage ByteCount = 424:22
--- Measurements after 132000 ops (1000 samples) ---
Throughput = 4672.897 operations/sec (Maximum observed: 4830.918 ops/sec)
Total latency = 2.1664552973769E7 (+/- 0) us 
Consensus latency = 2500.433293 (+/- 264) us 
Pre-consensus latency = 0.0 (+/- 0) us 
Pos-consensus latency = 2.1662405801866002E7 (+/- 0) us 
Propose latency = 606.923484 (+/- 57) us 
Write latency = 449.758875 (+/- 244) us 
Accept latency = 1443.750934 (+/- 151) us 
Batch average size = NaN (+/- 0) requests
ConsensusMessage ByteCount = 1443965:21882
LCMessage ByteCount = 55:11
TOMMessage ByteCount = 58647880:103412
StandardSMMessage ByteCount = 424:22
--- Measurements after 133000 ops (1000 samples) ---
Throughput = 4651.1626 operations/sec (Maximum observed: 4830.918 ops/sec)
Total latency = 2.181933016441E7 (+/- 0) us 
Consensus latency = 2567.0750780000003 (+/- 259) us 
Pre-consensus latency = 0.0 (+/- 0) us 
Pos-consensus latency = 2.1817129573519003E7 (+/- 0) us 
Propose latency = 604.517701 (+/- 73) us 
Write latency = 473.467652 (+/- 271) us 
Accept latency = 1489.089725 (+/- 230) us 
Batch average size = NaN (+/- 0) requests
ConsensusMessage ByteCount = 1443965:21882
LCMessage ByteCount = 55:11
TOMMessage ByteCount = 58647880:103412
StandardSMMessage ByteCount = 424:22
--- Measurements after 134000 ops (1000 samples) ---
Throughput = 4830.918 operations/sec (Maximum observed: 4830.918 ops/sec)
Total latency = 2.1975638717261E7 (+/- 0) us 
Consensus latency = 2854.220062 (+/- 1811) us 
Pre-consensus latency = 0.0 (+/- 0) us 
Pos-consensus latency = 2.1973106526132E7 (+/- 0) us 
Propose latency = 882.2982519999999 (+/- 1364) us 
Write latency = 447.65743699999996 (+/- 653) us 
Accept latency = 1524.264373 (+/- 747) us 
Batch average size = NaN (+/- 0) requests
ConsensusMessage ByteCount = 1443965:21882
LCMessage ByteCount = 55:11
TOMMessage ByteCount = 58647880:103412
StandardSMMessage ByteCount = 424:22
--- Measurements after 135000 ops (1000 samples) ---
Throughput = 4651.1626 operations/sec (Maximum observed: 4830.918 ops/sec)
Total latency = 2.2132154296194002E7 (+/- 0) us 
Consensus latency = 2576.3829410000003 (+/- 188) us 
Pre-consensus latency = 0.0 (+/- 0) us 
Pos-consensus latency = 2.2129959286535E7 (+/- 0) us 
Propose latency = 613.1300799999999 (+/- 132) us 
Write latency = 493.661803 (+/- 126) us 
Accept latency = 1469.591058 (+/- 141) us 
Batch average size = NaN (+/- 0) requests
ConsensusMessage ByteCount = 1443965:21882
LCMessage ByteCount = 55:11
TOMMessage ByteCount = 58647880:103412
StandardSMMessage ByteCount = 424:22
--- Measurements after 136000 ops (1000 samples) ---
Throughput = 4807.6924 operations/sec (Maximum observed: 4830.918 ops/sec)
Total latency = 2.2288544011834E7 (+/- 0) us 
Consensus latency = 2567.381559 (+/- 247) us 
Pre-consensus latency = 0.0 (+/- 0) us 
Pos-consensus latency = 2.2286332069844E7 (+/- 0) us 
Propose latency = 584.0237709999999 (+/- 54) us 
Write latency = 505.592009 (+/- 227) us 
Accept latency = 1477.765779 (+/- 171) us 
Batch average size = NaN (+/- 0) requests
ConsensusMessage ByteCount = 1443965:21882
LCMessage ByteCount = 55:11
TOMMessage ByteCount = 58647880:103412
StandardSMMessage ByteCount = 424:22
--- Measurements after 137000 ops (1000 samples) ---
Throughput = 4608.295 operations/sec (Maximum observed: 4830.918 ops/sec)
Total latency = 2.2450165777956E7 (+/- 0) us 
Consensus latency = 2578.940509 (+/- 249) us 
Pre-consensus latency = 0.0 (+/- 0) us 
Pos-consensus latency = 2.2447946490071E7 (+/- 0) us 
Propose latency = 600.7230089999999 (+/- 87) us 
Write latency = 482.154646 (+/- 256) us 
Accept latency = 1496.062854 (+/- 270) us 
Batch average size = NaN (+/- 0) requests
ConsensusMessage ByteCount = 1443965:21882
LCMessage ByteCount = 55:11
TOMMessage ByteCount = 58647880:103412
StandardSMMessage ByteCount = 424:22
--- Measurements after 138000 ops (1000 samples) ---
Throughput = 4694.8354 operations/sec (Maximum observed: 4830.918 ops/sec)
Total latency = 2.2604995167494E7 (+/- 0) us 
Consensus latency = 2472.43694 (+/- 239) us 
Pre-consensus latency = 0.0 (+/- 0) us 
Pos-consensus latency = 2.260286669359E7 (+/- 0) us 
Propose latency = 566.311873 (+/- 42) us 
Write latency = 450.045636 (+/- 156) us 
Accept latency = 1456.079431 (+/- 135) us 
Batch average size = NaN (+/- 0) requests
ConsensusMessage ByteCount = 1443965:21882
LCMessage ByteCount = 55:11
TOMMessage ByteCount = 58647880:103412
StandardSMMessage ByteCount = 424:22
--- Measurements after 139000 ops (1000 samples) ---
Throughput = 4830.918 operations/sec (Maximum observed: 4830.918 ops/sec)
Total latency = 2.2758369729221E7 (+/- 0) us 
Consensus latency = 2835.8326770000003 (+/- 1899) us 
Pre-consensus latency = 0.0 (+/- 0) us 
Pos-consensus latency = 2.2755960217901003E7 (+/- 0) us 
Propose latency = 672.8764399999999 (+/- 148) us 
Write latency = 233.270955 (+/- 173) us 
Accept latency = 1929.685282 (+/- 1859) us 
Batch average size = NaN (+/- 0) requests
ConsensusMessage ByteCount = 1443965:21882
LCMessage ByteCount = 55:11
TOMMessage ByteCount = 58647880:103412
StandardSMMessage ByteCount = 424:22
--- Measurements after 140000 ops (1000 samples) ---
Throughput = 4524.8867 operations/sec (Maximum observed: 4830.918 ops/sec)
Total latency = 2.2917591795476E7 (+/- 0) us 
Consensus latency = 2537.912471 (+/- 300) us 
Pre-consensus latency = 0.0 (+/- 0) us 
Pos-consensus latency = 2.2915515852353E7 (+/- 0) us 
Propose latency = 753.433188 (+/- 246) us 
Write latency = 406.664854 (+/- 171) us 
Accept latency = 1377.814429 (+/- 141) us 
Batch average size = NaN (+/- 0) requests
ConsensusMessage ByteCount = 1443965:21882
LCMessage ByteCount = 55:11
TOMMessage ByteCount = 58647880:103412
StandardSMMessage ByteCount = 424:22
--- Measurements after 141000 ops (1000 samples) ---
Throughput = 4672.897 operations/sec (Maximum observed: 4830.918 ops/sec)
Total latency = 2.3078212422567002E7 (+/- 0) us 
Consensus latency = 2552.4243739999997 (+/- 210) us 
Pre-consensus latency = 0.0 (+/- 0) us 
Pos-consensus latency = 2.3075982360246E7 (+/- 0) us 
Propose latency = 510.911026 (+/- 129) us 
Write latency = 590.865434 (+/- 222) us 
Accept latency = 1450.6479140000001 (+/- 183) us 
Batch average size = NaN (+/- 0) requests
ConsensusMessage ByteCount = 1443965:21882
LCMessage ByteCount = 55:11
TOMMessage ByteCount = 58647880:103412
StandardSMMessage ByteCount = 424:22
--- Measurements after 142000 ops (1000 samples) ---
Throughput = 4830.918 operations/sec (Maximum observed: 4830.918 ops/sec)
Total latency = 2.323483493165E7 (+/- 0) us 
Consensus latency = 2862.485695 (+/- 1203) us 
Pre-consensus latency = 0.0 (+/- 0) us 
Pos-consensus latency = 2.3232334109729998E7 (+/- 0) us 
Propose latency = 599.146322 (+/- 156) us 
Write latency = 468.52633000000003 (+/- 220) us 
Accept latency = 1794.813043 (+/- 1154) us 
Batch average size = NaN (+/- 0) requests
ConsensusMessage ByteCount = 1443965:21882
LCMessage ByteCount = 55:11
TOMMessage ByteCount = 58647880:103412
StandardSMMessage ByteCount = 424:22
--- Measurements after 143000 ops (1000 samples) ---
Throughput = 4694.8354 operations/sec (Maximum observed: 4830.918 ops/sec)
Total latency = 2.3389157693354E7 (+/- 0) us 
Consensus latency = 2357.465529 (+/- 186) us 
Pre-consensus latency = 0.0 (+/- 0) us 
Pos-consensus latency = 2.3387164299514E7 (+/- 0) us 
Propose latency = 629.9350159999999 (+/- 88) us 
Write latency = 306.083891 (+/- 157) us 
Accept latency = 1421.446622 (+/- 207) us 
Batch average size = NaN (+/- 0) requests
ConsensusMessage ByteCount = 1443965:21882
LCMessage ByteCount = 55:11
TOMMessage ByteCount = 58647880:103412
StandardSMMessage ByteCount = 424:22
--- Measurements after 144000 ops (1000 samples) ---
Throughput = 4807.6924 operations/sec (Maximum observed: 4830.918 ops/sec)
Total latency = 2.3541027581747003E7 (+/- 0) us 
Consensus latency = 3096.673175 (+/- 2940) us 
Pre-consensus latency = 0.0 (+/- 0) us 
Pos-consensus latency = 2.3538302351731E7 (+/- 0) us 
Propose latency = 617.8493810000001 (+/- 122) us 
Write latency = 226.40555799999998 (+/- 187) us 
Accept latency = 2252.418236 (+/- 2811) us 
Batch average size = NaN (+/- 0) requests
ConsensusMessage ByteCount = 1443965:21882
LCMessage ByteCount = 55:11
TOMMessage ByteCount = 58647880:103412
StandardSMMessage ByteCount = 424:22
--- Measurements after 145000 ops (1000 samples) ---
Throughput = 4694.8354 operations/sec (Maximum observed: 4830.918 ops/sec)
Total latency = 2.369739121852E7 (+/- 0) us 
Consensus latency = 2848.360855 (+/- 545) us 
Pre-consensus latency = 0.0 (+/- 0) us 
Pos-consensus latency = 2.3695085589763E7 (+/- 0) us 
Propose latency = 973.369949 (+/- 599) us 
Write latency = 431.557888 (+/- 229) us 
Accept latency = 1443.433018 (+/- 163) us 
Batch average size = NaN (+/- 0) requests
ConsensusMessage ByteCount = 1443965:21882
LCMessage ByteCount = 55:11
TOMMessage ByteCount = 58647880:103412
StandardSMMessage ByteCount = 424:22
--- Measurements after 146000 ops (1000 samples) ---
Throughput = 4807.6924 operations/sec (Maximum observed: 4830.918 ops/sec)
Total latency = 2.3854120832694E7 (+/- 0) us 
Consensus latency = 2436.133659 (+/- 193) us 
Pre-consensus latency = 0.0 (+/- 0) us 
Pos-consensus latency = 2.3852026901285E7 (+/- 0) us 
Propose latency = 574.848326 (+/- 91) us 
Write latency = 434.061822 (+/- 229) us 
Accept latency = 1427.223511 (+/- 177) us 
Batch average size = NaN (+/- 0) requests
ConsensusMessage ByteCount = 1443965:21882
LCMessage ByteCount = 55:11
TOMMessage ByteCount = 58647880:103412
StandardSMMessage ByteCount = 424:22
--- Measurements after 147000 ops (1000 samples) ---
Throughput = 4694.8354 operations/sec (Maximum observed: 4830.918 ops/sec)
Total latency = 2.4009249240762003E7 (+/- 0) us 
Consensus latency = 2518.10231 (+/- 258) us 
Pre-consensus latency = 0.0 (+/- 0) us 
Pos-consensus latency = 2.4007097205452E7 (+/- 0) us 
Propose latency = 617.8590770000001 (+/- 91) us 
Write latency = 539.284397 (+/- 282) us 
Accept latency = 1360.9588359999998 (+/- 126) us 
Batch average size = NaN (+/- 0) requests
ConsensusMessage ByteCount = 1443965:21882
LCMessage ByteCount = 55:11
TOMMessage ByteCount = 58647880:103412
StandardSMMessage ByteCount = 424:22
--- Measurements after 148000 ops (1000 samples) ---
Throughput = 4694.8354 operations/sec (Maximum observed: 4830.918 ops/sec)
Total latency = 2.4162206659122E7 (+/- 0) us 
Consensus latency = 2556.68273 (+/- 235) us 
Pre-consensus latency = 0.0 (+/- 0) us 
Pos-consensus latency = 2.4159989796221E7 (+/- 0) us 
Propose latency = 584.145983 (+/- 95) us 
Write latency = 502.84354599999995 (+/- 239) us 
Accept latency = 1469.6932009999998 (+/- 179) us 
Batch average size = NaN (+/- 0) requests
ConsensusMessage ByteCount = 1443965:21882
LCMessage ByteCount = 55:11
TOMMessage ByteCount = 58647880:103412
StandardSMMessage ByteCount = 424:22
--- Measurements after 149000 ops (1000 samples) ---
Throughput = 4830.918 operations/sec (Maximum observed: 4830.918 ops/sec)
Total latency = 2.4315949978306998E7 (+/- 0) us 
Consensus latency = 2560.944783 (+/- 510) us 
Pre-consensus latency = 0.0 (+/- 0) us 
Pos-consensus latency = 2.4313867525015E7 (+/- 0) us 
Propose latency = 710.649139 (+/- 544) us 
Write latency = 413.22101000000004 (+/- 251) us 
Accept latency = 1437.074634 (+/- 142) us 
Batch average size = NaN (+/- 0) requests
ConsensusMessage ByteCount = 1443965:21882
LCMessage ByteCount = 55:11
TOMMessage ByteCount = 58647880:103412
StandardSMMessage ByteCount = 424:22
--- Measurements after 150000 ops (1000 samples) ---
Throughput = 4716.981 operations/sec (Maximum observed: 4830.918 ops/sec)
Total latency = 2.4468765339053E7 (+/- 0) us 
Consensus latency = 2451.806831 (+/- 200) us 
Pre-consensus latency = 0.0 (+/- 0) us 
Pos-consensus latency = 2.4466715306164E7 (+/- 0) us 
Propose latency = 696.153044 (+/- 224) us 
Write latency = 353.889267 (+/- 185) us 
Accept latency = 1401.76452 (+/- 188) us 
Batch average size = NaN (+/- 0) requests
ConsensusMessage ByteCount = 1443965:21882
LCMessage ByteCount = 55:11
TOMMessage ByteCount = 58647880:103412
StandardSMMessage ByteCount = 424:22
--- Measurements after 151000 ops (1000 samples) ---
Throughput = 4807.6924 operations/sec (Maximum observed: 4830.918 ops/sec)
Total latency = 2.4624984862387E7 (+/- 0) us 
Consensus latency = 2487.25648 (+/- 221) us 
Pre-consensus latency = 0.0 (+/- 0) us 
Pos-consensus latency = 2.4622886803246E7 (+/- 0) us 
Propose latency = 627.355157 (+/- 81) us 
Write latency = 498.892967 (+/- 242) us 
Accept latency = 1361.0083559999998 (+/- 154) us 
Batch average size = NaN (+/- 0) requests
ConsensusMessage ByteCount = 1443965:21882
LCMessage ByteCount = 55:11
TOMMessage ByteCount = 58647880:103412
StandardSMMessage ByteCount = 424:22
--- Measurements after 152000 ops (1000 samples) ---
Throughput = 4716.981 operations/sec (Maximum observed: 4830.918 ops/sec)
Total latency = 2.4780775478563E7 (+/- 0) us 
Consensus latency = 2537.6789360000002 (+/- 169) us 
Pre-consensus latency = 0.0 (+/- 0) us 
Pos-consensus latency = 2.4778599897018E7 (+/- 0) us 
Propose latency = 575.5373989999999 (+/- 76) us 
Write latency = 540.5602560000001 (+/- 139) us 
Accept latency = 1421.581281 (+/- 151) us 
Batch average size = NaN (+/- 0) requests
ConsensusMessage ByteCount = 1443965:21882
LCMessage ByteCount = 55:11
TOMMessage ByteCount = 58647880:103412
StandardSMMessage ByteCount = 424:22
--- Measurements after 153000 ops (1000 samples) ---
Throughput = 4807.6924 operations/sec (Maximum observed: 4830.918 ops/sec)
Total latency = 2.4935956723241E7 (+/- 0) us 
Consensus latency = 2514.60607 (+/- 258) us 
Pre-consensus latency = 0.0 (+/- 0) us 
Pos-consensus latency = 2.4933817602224E7 (+/- 0) us 
Propose latency = 576.61189 (+/- 103) us 
Write latency = 445.38499099999996 (+/- 229) us 
Accept latency = 1492.609189 (+/- 167) us 
Batch average size = NaN (+/- 0) requests
ConsensusMessage ByteCount = 1443965:21882
LCMessage ByteCount = 55:11
TOMMessage ByteCount = 58647880:103412
StandardSMMessage ByteCount = 424:22
--- Measurements after 154000 ops (1000 samples) ---
Throughput = 4716.981 operations/sec (Maximum observed: 4830.918 ops/sec)
Total latency = 2.5089612972785E7 (+/- 0) us 
Consensus latency = 2451.896096 (+/- 201) us 
Pre-consensus latency = 0.0 (+/- 0) us 
Pos-consensus latency = 2.5087502337658E7 (+/- 0) us 
Propose latency = 620.474068 (+/- 129) us 
Write latency = 472.953482 (+/- 280) us 
Accept latency = 1358.468546 (+/- 302) us 
Batch average size = NaN (+/- 0) requests
ConsensusMessage ByteCount = 1443965:21882
LCMessage ByteCount = 55:11
TOMMessage ByteCount = 58647880:103412
StandardSMMessage ByteCount = 424:22
--- Measurements after 155000 ops (1000 samples) ---
Throughput = 4830.918 operations/sec (Maximum observed: 4830.918 ops/sec)
Total latency = 2.5243260148442E7 (+/- 0) us 
Consensus latency = 2579.574675 (+/- 214) us 
Pre-consensus latency = 0.0 (+/- 0) us 
Pos-consensus latency = 2.5241092349629E7 (+/- 0) us 
Propose latency = 679.3973179999999 (+/- 116) us 
Write latency = 305.920575 (+/- 228) us 
Accept latency = 1594.256782 (+/- 139) us 
Batch average size = NaN (+/- 0) requests
ConsensusMessage ByteCount = 1443965:21882
LCMessage ByteCount = 55:11
TOMMessage ByteCount = 58647880:103412
StandardSMMessage ByteCount = 424:22
--- Measurements after 156000 ops (1000 samples) ---
Throughput = 4716.981 operations/sec (Maximum observed: 4830.918 ops/sec)
Total latency = 2.5399620101755E7 (+/- 0) us 
Consensus latency = 2595.903023 (+/- 183) us 
Pre-consensus latency = 0.0 (+/- 0) us 
Pos-consensus latency = 2.5397378453286998E7 (+/- 0) us 
Propose latency = 609.651383 (+/- 61) us 
Write latency = 494.025593 (+/- 208) us 
Accept latency = 1492.226047 (+/- 174) us 
Batch average size = NaN (+/- 0) requests
ConsensusMessage ByteCount = 1443965:21882
LCMessage ByteCount = 55:11
TOMMessage ByteCount = 58647880:103412
StandardSMMessage ByteCount = 424:22
--- Measurements after 157000 ops (1000 samples) ---
Throughput = 4716.981 operations/sec (Maximum observed: 4830.918 ops/sec)
Total latency = 2.555167625479E7 (+/- 0) us 
Consensus latency = 2445.4935920000003 (+/- 214) us 
Pre-consensus latency = 0.0 (+/- 0) us 
Pos-consensus latency = 2.5549585781731997E7 (+/- 0) us 
Propose latency = 607.425899 (+/- 69) us 
Write latency = 420.02445 (+/- 156) us 
Accept latency = 1418.043243 (+/- 136) us 
Batch average size = NaN (+/- 0) requests
ConsensusMessage ByteCount = 1443965:21882
LCMessage ByteCount = 55:11
TOMMessage ByteCount = 58647880:103412
StandardSMMessage ByteCount = 424:22
--- Measurements after 158000 ops (1000 samples) ---
Throughput = 5555.5557 operations/sec (Maximum observed: 5555.5557 ops/sec)
Total latency = 2.5703623998172E7 (+/- 0) us 
Consensus latency = 2440.184165 (+/- 193) us 
Pre-consensus latency = 0.0 (+/- 0) us 
Pos-consensus latency = 2.5701533762895E7 (+/- 0) us 
Propose latency = 604.172667 (+/- 56) us 
Write latency = 415.264622 (+/- 193) us 
Accept latency = 1420.746876 (+/- 126) us 
Batch average size = NaN (+/- 0) requests
ConsensusMessage ByteCount = 1443965:21882
LCMessage ByteCount = 55:11
TOMMessage ByteCount = 58647880:103412
StandardSMMessage ByteCount = 424:22
--- Measurements after 159000 ops (1000 samples) ---
Throughput = 8474.576 operations/sec (Maximum observed: 8474.576 ops/sec)
Total latency = 2.5784939067907E7 (+/- 0) us 
Consensus latency = 2347.338707 (+/- 170) us 
Pre-consensus latency = 0.0 (+/- 0) us 
Pos-consensus latency = 2.5782960892159E7 (+/- 0) us 
Propose latency = 618.829015 (+/- 88) us 
Write latency = 241.61137 (+/- 157) us 
Accept latency = 1486.898322 (+/- 108) us 
Batch average size = NaN (+/- 0) requests
ConsensusMessage ByteCount = 1443965:21882
LCMessage ByteCount = 55:11
TOMMessage ByteCount = 58647880:103412
StandardSMMessage ByteCount = 424:22
--- Measurements after 160000 ops (1000 samples) ---
Throughput = 8849.558 operations/sec (Maximum observed: 8849.558 ops/sec)
Total latency = 2.5845265752669E7 (+/- 0) us 
Consensus latency = 2662.5595120000003 (+/- 347) us 
Pre-consensus latency = 0.0 (+/- 0) us 
Pos-consensus latency = 2.584305911778E7 (+/- 0) us 
Propose latency = 750.728234 (+/- 241) us 
Write latency = 469.579199 (+/- 174) us 
Accept latency = 1442.2520789999999 (+/- 116) us 
Batch average size = NaN (+/- 0) requests
ConsensusMessage ByteCount = 1443965:21882
LCMessage ByteCount = 55:11
TOMMessage ByteCount = 58647880:103412
StandardSMMessage ByteCount = 424:22
--- Measurements after 161000 ops (1000 samples) ---
Throughput = 8403.361 operations/sec (Maximum observed: 8849.558 ops/sec)
Total latency = 2.5907219371855E7 (+/- 0) us 
Consensus latency = 2499.886134 (+/- 211) us 
Pre-consensus latency = 0.0 (+/- 0) us 
Pos-consensus latency = 2.590509010521E7 (+/- 0) us 
Propose latency = 623.9258980000001 (+/- 59) us 
Write latency = 431.935771 (+/- 240) us 
Accept latency = 1444.0244650000002 (+/- 115) us 
Batch average size = NaN (+/- 0) requests
ConsensusMessage ByteCount = 1443965:21882
LCMessage ByteCount = 55:11
TOMMessage ByteCount = 58647880:103412
StandardSMMessage ByteCount = 424:22
--- Measurements after 162000 ops (1000 samples) ---
Throughput = 8849.558 operations/sec (Maximum observed: 8849.558 ops/sec)
Total latency = 2.5966517970304E7 (+/- 0) us 
Consensus latency = 2478.1864 (+/- 182) us 
Pre-consensus latency = 0.0 (+/- 0) us 
Pos-consensus latency = 2.5964416886301998E7 (+/- 0) us 
Propose latency = 620.108891 (+/- 65) us 
Write latency = 386.57918800000004 (+/- 219) us 
Accept latency = 1471.498321 (+/- 185) us 
Batch average size = NaN (+/- 0) requests
ConsensusMessage ByteCount = 1443965:21882
LCMessage ByteCount = 55:11
TOMMessage ByteCount = 58647880:103412
StandardSMMessage ByteCount = 424:22
--- Measurements after 163000 ops (1000 samples) ---
Throughput = 8333.333 operations/sec (Maximum observed: 8849.558 ops/sec)
Total latency = 2.6027269151738E7 (+/- 0) us 
Consensus latency = 2528.939491 (+/- 241) us 
Pre-consensus latency = 0.0 (+/- 0) us 
Pos-consensus latency = 2.6025095251636002E7 (+/- 0) us 
Propose latency = 593.431228 (+/- 61) us 
Write latency = 448.25845000000004 (+/- 286) us 
Accept latency = 1487.2498130000001 (+/- 217) us 
Batch average size = NaN (+/- 0) requests
ConsensusMessage ByteCount = 1443965:21882
LCMessage ByteCount = 55:11
TOMMessage ByteCount = 58647880:103412
StandardSMMessage ByteCount = 424:22
--- Measurements after 164000 ops (1000 samples) ---
Throughput = 8547.009 operations/sec (Maximum observed: 8849.558 ops/sec)
Total latency = 2.6085373137904998E7 (+/- 0) us 
Consensus latency = 3177.577271 (+/- 1816) us 
Pre-consensus latency = 0.0 (+/- 0) us 
Pos-consensus latency = 2.6082639127285E7 (+/- 0) us 
Propose latency = 761.406192 (+/- 327) us 
Write latency = 396.385079 (+/- 298) us 
Accept latency = 2019.786 (+/- 1858) us 
Batch average size = NaN (+/- 0) requests
ConsensusMessage ByteCount = 1443965:21882
LCMessage ByteCount = 55:11
TOMMessage ByteCount = 58647880:103412
StandardSMMessage ByteCount = 424:22
--- Measurements after 165000 ops (1000 samples) ---
Throughput = 8547.009 operations/sec (Maximum observed: 8849.558 ops/sec)
Total latency = 2.615019878984E7 (+/- 0) us 
Consensus latency = 2712.002657 (+/- 376) us 
Pre-consensus latency = 0.0 (+/- 0) us 
Pos-consensus latency = 2.614788688188E7 (+/- 0) us 
Propose latency = 664.805113 (+/- 129) us 
Write latency = 594.048274 (+/- 197) us 
Accept latency = 1453.1492700000001 (+/- 133) us 
Batch average size = NaN (+/- 0) requests
ConsensusMessage ByteCount = 1443965:21882
LCMessage ByteCount = 55:11
TOMMessage ByteCount = 58647880:103412
StandardSMMessage ByteCount = 424:22
--- Measurements after 166000 ops (1000 samples) ---
Throughput = 8474.576 operations/sec (Maximum observed: 8849.558 ops/sec)
Total latency = 2.6209904405656E7 (+/- 0) us 
Consensus latency = 2455.311902 (+/- 192) us 
Pre-consensus latency = 0.0 (+/- 0) us 
Pos-consensus latency = 2.6207774267271E7 (+/- 0) us 
Propose latency = 567.019863 (+/- 59) us 
Write latency = 477.432323 (+/- 240) us 
Accept latency = 1410.859716 (+/- 212) us 
Batch average size = NaN (+/- 0) requests
ConsensusMessage ByteCount = 1443965:21882
LCMessage ByteCount = 55:11
TOMMessage ByteCount = 58647880:103412
StandardSMMessage ByteCount = 424:22
--- Measurements after 167000 ops (1000 samples) ---
Throughput = 8849.558 operations/sec (Maximum observed: 8849.558 ops/sec)
Total latency = 2.6271360005282E7 (+/- 0) us 
Consensus latency = 2545.964233 (+/- 159) us 
Pre-consensus latency = 0.0 (+/- 0) us 
Pos-consensus latency = 2.6269198412987E7 (+/- 0) us 
Propose latency = 646.03009 (+/- 98) us 
Write latency = 418.815069 (+/- 173) us 
Accept latency = 1481.119074 (+/- 147) us 
Batch average size = NaN (+/- 0) requests
ConsensusMessage ByteCount = 1443965:21882
LCMessage ByteCount = 55:11
TOMMessage ByteCount = 58647880:103412
StandardSMMessage ByteCount = 424:22
--- Measurements after 168000 ops (1000 samples) ---
Throughput = 8474.576 operations/sec (Maximum observed: 8849.558 ops/sec)
Total latency = 2.6331013298235E7 (+/- 0) us 
Consensus latency = 2595.6139040000003 (+/- 1227) us 
Pre-consensus latency = 0.0 (+/- 0) us 
Pos-consensus latency = 2.6328835617262002E7 (+/- 0) us 
Propose latency = 666.629774 (+/- 1222) us 
Write latency = 510.15062800000004 (+/- 283) us 
Accept latency = 1418.8335020000002 (+/- 95) us 
Batch average size = NaN (+/- 0) requests
ConsensusMessage ByteCount = 1443965:21882
LCMessage ByteCount = 55:11
TOMMessage ByteCount = 58647880:103412
StandardSMMessage ByteCount = 424:22
--- Measurements after 169000 ops (1000 samples) ---
Throughput = 8474.576 operations/sec (Maximum observed: 8849.558 ops/sec)
Total latency = 2.6388237535478E7 (+/- 0) us 
Consensus latency = 3609.966757 (+/- 3624) us 
Pre-consensus latency = 0.0 (+/- 0) us 
Pos-consensus latency = 2.638610305292E7 (+/- 0) us 
Propose latency = 1771.869419 (+/- 3663) us 
Write latency = 520.2184490000001 (+/- 355) us 
Accept latency = 1317.878889 (+/- 218) us 
Batch average size = NaN (+/- 0) requests
ConsensusMessage ByteCount = 1443965:21882
LCMessage ByteCount = 55:11
TOMMessage ByteCount = 58647880:103412
StandardSMMessage ByteCount = 424:22
--- Measurements after 170000 ops (1000 samples) ---
Throughput = 8474.576 operations/sec (Maximum observed: 8849.558 ops/sec)
Total latency = 2.6453861420467E7 (+/- 0) us 
Consensus latency = 2720.274391 (+/- 260) us 
Pre-consensus latency = 0.0 (+/- 0) us 
Pos-consensus latency = 2.6451537033040002E7 (+/- 0) us 
Propose latency = 650.140789 (+/- 131) us 
Write latency = 643.476355 (+/- 208) us 
Accept latency = 1426.6572469999999 (+/- 188) us 
Batch average size = NaN (+/- 0) requests
ConsensusMessage ByteCount = 1443965:21882
LCMessage ByteCount = 55:11
TOMMessage ByteCount = 58647880:103412
StandardSMMessage ByteCount = 424:22
--- Measurements after 171000 ops (1000 samples) ---
Throughput = 8928.571 operations/sec (Maximum observed: 8928.571 ops/sec)
Total latency = 2.6513757366083E7 (+/- 0) us 
Consensus latency = 2578.0435589999997 (+/- 229) us 
Pre-consensus latency = 0.0 (+/- 0) us 
Pos-consensus latency = 2.6511498615116E7 (+/- 0) us 
Propose latency = 571.256541 (+/- 64) us 
Write latency = 577.0331189999999 (+/- 227) us 
Accept latency = 1429.753899 (+/- 254) us 
Batch average size = NaN (+/- 0) requests
ConsensusMessage ByteCount = 1443965:21882
LCMessage ByteCount = 55:11
TOMMessage ByteCount = 58647880:103412
StandardSMMessage ByteCount = 424:22
--- Measurements after 172000 ops (1000 samples) ---
Throughput = 8403.361 operations/sec (Maximum observed: 8928.571 ops/sec)
Total latency = 2.657539877276E7 (+/- 0) us 
Consensus latency = 2503.3633849999997 (+/- 225) us 
Pre-consensus latency = 0.0 (+/- 0) us 
Pos-consensus latency = 2.657323459203E7 (+/- 0) us 
Propose latency = 575.314207 (+/- 62) us 
Write latency = 582.925315 (+/- 216) us 
Accept latency = 1345.1238629999998 (+/- 140) us 
Batch average size = NaN (+/- 0) requests
ConsensusMessage ByteCount = 1443965:21882
LCMessage ByteCount = 55:11
TOMMessage ByteCount = 58647880:103412
StandardSMMessage ByteCount = 424:22
--- Measurements after 173000 ops (1000 samples) ---
Throughput = 8547.009 operations/sec (Maximum observed: 8928.571 ops/sec)
Total latency = 2.6632603540269002E7 (+/- 0) us 
Consensus latency = 3106.0535299999997 (+/- 1604) us 
Pre-consensus latency = 0.0 (+/- 0) us 
Pos-consensus latency = 2.6630095798505E7 (+/- 0) us 
Propose latency = 844.7912689999999 (+/- 887) us 
Write latency = 475.734588 (+/- 198) us 
Accept latency = 1785.527673 (+/- 1349) us 
Batch average size = NaN (+/- 0) requests
ConsensusMessage ByteCount = 1443965:21882
LCMessage ByteCount = 55:11
TOMMessage ByteCount = 58647880:103412
StandardSMMessage ByteCount = 424:22
--- Measurements after 174000 ops (1000 samples) ---
Throughput = 8849.558 operations/sec (Maximum observed: 8928.571 ops/sec)
Total latency = 2.669473484866E7 (+/- 0) us 
Consensus latency = 2556.021321 (+/- 321) us 
Pre-consensus latency = 0.0 (+/- 0) us 
Pos-consensus latency = 2.6692506909754E7 (+/- 0) us 
Propose latency = 603.601892 (+/- 203) us 
Write latency = 475.59884600000004 (+/- 342) us 
Accept latency = 1476.8205830000002 (+/- 133) us 
Batch average size = NaN (+/- 0) requests
ConsensusMessage ByteCount = 1443965:21882
LCMessage ByteCount = 55:11
TOMMessage ByteCount = 58647880:103412
StandardSMMessage ByteCount = 424:22
--- Measurements after 175000 ops (1000 samples) ---
Throughput = 8474.576 operations/sec (Maximum observed: 8928.571 ops/sec)
Total latency = 2.6753032036201E7 (+/- 0) us 
Consensus latency = 2789.566879 (+/- 341) us 
Pre-consensus latency = 0.0 (+/- 0) us 
Pos-consensus latency = 2.6750750635033E7 (+/- 0) us 
Propose latency = 836.888157 (+/- 390) us 
Write latency = 513.057109 (+/- 325) us 
Accept latency = 1439.6216129999998 (+/- 178) us 
Batch average size = NaN (+/- 0) requests
ConsensusMessage ByteCount = 1443965:21882
LCMessage ByteCount = 55:11
TOMMessage ByteCount = 58647880:103412
StandardSMMessage ByteCount = 424:22
--- Measurements after 176000 ops (1000 samples) ---
Throughput = 8771.93 operations/sec (Maximum observed: 8928.571 ops/sec)
Total latency = 2.6817939530247003E7 (+/- 0) us 
Consensus latency = 2425.8908960000003 (+/- 193) us 
Pre-consensus latency = 0.0 (+/- 0) us 
Pos-consensus latency = 2.6815891945105E7 (+/- 0) us 
Propose latency = 628.302949 (+/- 58) us 
Write latency = 523.859357 (+/- 191) us 
Accept latency = 1273.7285900000002 (+/- 155) us 
Batch average size = NaN (+/- 0) requests
ConsensusMessage ByteCount = 1443965:21882
LCMessage ByteCount = 55:11
TOMMessage ByteCount = 58647880:103412
StandardSMMessage ByteCount = 424:22
--- Measurements after 177000 ops (1000 samples) ---
Throughput = 8333.333 operations/sec (Maximum observed: 8928.571 ops/sec)
Total latency = 2.6877554649456E7 (+/- 0) us 
Consensus latency = 2523.7957349999997 (+/- 214) us 
Pre-consensus latency = 0.0 (+/- 0) us 
Pos-consensus latency = 2.687538232716E7 (+/- 0) us 
Propose latency = 596.085521 (+/- 51) us 
Write latency = 482.76353600000004 (+/- 145) us 
Accept latency = 1444.946678 (+/- 174) us 
Batch average size = NaN (+/- 0) requests
ConsensusMessage ByteCount = 1443965:21882
LCMessage ByteCount = 55:11
TOMMessage ByteCount = 58647880:103412
StandardSMMessage ByteCount = 424:22
--- Measurements after 178000 ops (1000 samples) ---
Throughput = 8928.571 operations/sec (Maximum observed: 8928.571 ops/sec)
Total latency = 2.6935752809877E7 (+/- 0) us 
Consensus latency = 3107.85175 (+/- 2618) us 
Pre-consensus latency = 0.0 (+/- 0) us 
Pos-consensus latency = 2.6933012096497003E7 (+/- 0) us 
Propose latency = 1059.362159 (+/- 1570) us 
Write latency = 598.8096509999999 (+/- 1031) us 
Accept latency = 1449.67994 (+/- 178) us 
Batch average size = NaN (+/- 0) requests
ConsensusMessage ByteCount = 1443965:21882
LCMessage ByteCount = 55:11
TOMMessage ByteCount = 58647880:103412
StandardSMMessage ByteCount = 424:22
--- Measurements after 179000 ops (1000 samples) ---
Throughput = 8547.009 operations/sec (Maximum observed: 8928.571 ops/sec)
Total latency = 2.6998483049133E7 (+/- 0) us 
Consensus latency = 2458.953708 (+/- 245) us 
Pre-consensus latency = 0.0 (+/- 0) us 
Pos-consensus latency = 2.6996376203962002E7 (+/- 0) us 
Propose latency = 590.222381 (+/- 59) us 
Write latency = 442.053229 (+/- 273) us 
Accept latency = 1426.678098 (+/- 142) us 
Batch average size = NaN (+/- 0) requests
ConsensusMessage ByteCount = 1443965:21882
LCMessage ByteCount = 55:11
TOMMessage ByteCount = 58647880:103412
StandardSMMessage ByteCount = 424:22
--- Measurements after 180000 ops (1000 samples) ---
Throughput = 8620.689 operations/sec (Maximum observed: 8928.571 ops/sec)
Total latency = 2.7055640497281E7 (+/- 0) us 
Consensus latency = 2654.2225070000004 (+/- 232) us 
Pre-consensus latency = 0.0 (+/- 0) us 
Pos-consensus latency = 2.7053380553643003E7 (+/- 0) us 
Propose latency = 665.06636 (+/- 113) us 
Write latency = 499.829342 (+/- 154) us 
Accept latency = 1489.326805 (+/- 114) us 
Batch average size = NaN (+/- 0) requests
ConsensusMessage ByteCount = 1443965:21882
LCMessage ByteCount = 55:11
TOMMessage ByteCount = 58647880:103412
StandardSMMessage ByteCount = 424:22
--- Measurements after 181000 ops (1000 samples) ---
Throughput = 8771.93 operations/sec (Maximum observed: 8928.571 ops/sec)
Total latency = 2.7118126972627997E7 (+/- 0) us 
Consensus latency = 2570.261849 (+/- 149) us 
Pre-consensus latency = 0.0 (+/- 0) us 
Pos-consensus latency = 2.7115921802827E7 (+/- 0) us 
Propose latency = 614.8864050000001 (+/- 70) us 
Write latency = 517.132165 (+/- 157) us 
Accept latency = 1438.243279 (+/- 111) us 
Batch average size = NaN (+/- 0) requests
ConsensusMessage ByteCount = 1443965:21882
LCMessage ByteCount = 55:11
TOMMessage ByteCount = 58647880:103412
StandardSMMessage ByteCount = 424:22
--- Measurements after 182000 ops (1000 samples) ---
Throughput = 8196.722 operations/sec (Maximum observed: 8928.571 ops/sec)
Total latency = 2.7179575401E7 (+/- 0) us 
Consensus latency = 2616.144042 (+/- 180) us 
Pre-consensus latency = 0.0 (+/- 0) us 
Pos-consensus latency = 2.7177305613697E7 (+/- 0) us 
Propose latency = 577.3751239999999 (+/- 65) us 
Write latency = 549.748179 (+/- 150) us 
Accept latency = 1489.020739 (+/- 154) us 
Batch average size = NaN (+/- 0) requests
ConsensusMessage ByteCount = 1443965:21882
LCMessage ByteCount = 55:11
TOMMessage ByteCount = 58647880:103412
StandardSMMessage ByteCount = 424:22
--- Measurements after 183000 ops (1000 samples) ---
Throughput = 8771.93 operations/sec (Maximum observed: 8928.571 ops/sec)
Total latency = 2.7241844414948E7 (+/- 0) us 
Consensus latency = 3191.964386 (+/- 1657) us 
Pre-consensus latency = 0.0 (+/- 0) us 
Pos-consensus latency = 2.7239688462241E7 (+/- 0) us 
Propose latency = 1293.786741 (+/- 1658) us 
Write latency = 510.27894799999996 (+/- 453) us 
Accept latency = 1387.8986969999999 (+/- 369) us 
Batch average size = NaN (+/- 0) requests
ConsensusMessage ByteCount = 1443965:21882
LCMessage ByteCount = 55:11
TOMMessage ByteCount = 58647880:103412
StandardSMMessage ByteCount = 424:22
--- Measurements after 184000 ops (1000 samples) ---
Throughput = 8474.576 operations/sec (Maximum observed: 8928.571 ops/sec)
Total latency = 2.730450099845E7 (+/- 0) us 
Consensus latency = 2493.291685 (+/- 177) us 
Pre-consensus latency = 0.0 (+/- 0) us 
Pos-consensus latency = 2.7302349726728E7 (+/- 0) us 
Propose latency = 598.0450030000001 (+/- 59) us 
Write latency = 460.564533 (+/- 192) us 
Accept latency = 1434.682149 (+/- 103) us 
Batch average size = NaN (+/- 0) requests
ConsensusMessage ByteCount = 1443965:21882
LCMessage ByteCount = 55:11
TOMMessage ByteCount = 58647880:103412
StandardSMMessage ByteCount = 424:22
--- Measurements after 185000 ops (1000 samples) ---
Throughput = 9009.009 operations/sec (Maximum observed: 9009.009 ops/sec)
Total latency = 2.7361987063045E7 (+/- 0) us 
Consensus latency = 3261.991923 (+/- 1410) us 
Pre-consensus latency = 0.0 (+/- 0) us 
Pos-consensus latency = 2.7359268005703997E7 (+/- 0) us 
Propose latency = 889.5819769999999 (+/- 274) us 
Write latency = 411.93359999999996 (+/- 191) us 
Accept latency = 1960.476346 (+/- 1446) us 
Batch average size = NaN (+/- 0) requests
ConsensusMessage ByteCount = 1443965:21882
LCMessage ByteCount = 55:11
TOMMessage ByteCount = 58647880:103412
StandardSMMessage ByteCount = 424:22
--- Measurements after 186000 ops (1000 samples) ---
Throughput = 8620.689 operations/sec (Maximum observed: 9009.009 ops/sec)
Total latency = 2.7424733473892E7 (+/- 0) us 
Consensus latency = 2492.48942 (+/- 234) us 
Pre-consensus latency = 0.0 (+/- 0) us 
Pos-consensus latency = 2.7422594568682E7 (+/- 0) us 
Propose latency = 593.508451 (+/- 35) us 
Write latency = 455.684563 (+/- 157) us 
Accept latency = 1443.296406 (+/- 209) us 
Batch average size = NaN (+/- 0) requests
ConsensusMessage ByteCount = 1443965:21882
LCMessage ByteCount = 55:11
TOMMessage ByteCount = 58647880:103412
StandardSMMessage ByteCount = 424:22
--- Measurements after 187000 ops (1000 samples) ---
Throughput = 8928.571 operations/sec (Maximum observed: 9009.009 ops/sec)
Total latency = 2.7483280787282E7 (+/- 0) us 
Consensus latency = 2547.4812829999996 (+/- 200) us 
Pre-consensus latency = 0.0 (+/- 0) us 
Pos-consensus latency = 2.7481077142056E7 (+/- 0) us 
Propose latency = 579.073856 (+/- 55) us 
Write latency = 521.55535 (+/- 193) us 
Accept latency = 1446.852077 (+/- 141) us 
Batch average size = NaN (+/- 0) requests
ConsensusMessage ByteCount = 1443965:21882
LCMessage ByteCount = 55:11
TOMMessage ByteCount = 58647880:103412
StandardSMMessage ByteCount = 424:22
--- Measurements after 188000 ops (1000 samples) ---
Throughput = 8547.009 operations/sec (Maximum observed: 9009.009 ops/sec)
Total latency = 2.7541533686701998E7 (+/- 0) us 
Consensus latency = 3087.9677030000003 (+/- 2476) us 
Pre-consensus latency = 0.0 (+/- 0) us 
Pos-consensus latency = 2.7538802609854E7 (+/- 0) us 
Propose latency = 597.5472199999999 (+/- 97) us 
Write latency = 865.6488469999999 (+/- 2066) us 
Accept latency = 1624.771636 (+/- 430) us 
Batch average size = NaN (+/- 0) requests
ConsensusMessage ByteCount = 1443965:21882
LCMessage ByteCount = 55:11
TOMMessage ByteCount = 58647880:103412
StandardSMMessage ByteCount = 424:22
--- Measurements after 189000 ops (1000 samples) ---
Throughput = 8547.009 operations/sec (Maximum observed: 9009.009 ops/sec)
Total latency = 2.7600241224035E7 (+/- 0) us 
Consensus latency = 2703.897156 (+/- 172) us 
Pre-consensus latency = 0.0 (+/- 0) us 
Pos-consensus latency = 2.7597915497146998E7 (+/- 0) us 
Propose latency = 610.023379 (+/- 56) us 
Write latency = 617.370022 (+/- 196) us 
Accept latency = 1476.503755 (+/- 150) us 
Batch average size = NaN (+/- 0) requests
ConsensusMessage ByteCount = 1443965:21882
LCMessage ByteCount = 55:11
TOMMessage ByteCount = 58647880:103412
StandardSMMessage ByteCount = 424:22
--- Measurements after 190000 ops (1000 samples) ---
Throughput = 8928.571 operations/sec (Maximum observed: 9009.009 ops/sec)
Total latency = 2.7657786335159E7 (+/- 0) us 
Consensus latency = 2846.766239 (+/- 275) us 
Pre-consensus latency = 0.0 (+/- 0) us 
Pos-consensus latency = 2.765541958481E7 (+/- 0) us 
Propose latency = 761.417547 (+/- 243) us 
Write latency = 534.6519989999999 (+/- 251) us 
Accept latency = 1550.6966929999999 (+/- 149) us 
Batch average size = NaN (+/- 0) requests
ConsensusMessage ByteCount = 1443965:21882
LCMessage ByteCount = 55:11
TOMMessage ByteCount = 58647880:103412
StandardSMMessage ByteCount = 424:22
--- Measurements after 191000 ops (1000 samples) ---
Throughput = 8620.689 operations/sec (Maximum observed: 9009.009 ops/sec)
Total latency = 2.7713635619280998E7 (+/- 0) us 
Consensus latency = 2605.087388 (+/- 249) us 
Pre-consensus latency = 0.0 (+/- 0) us 
Pos-consensus latency = 2.7711388022304002E7 (+/- 0) us 
Propose latency = 613.288488 (+/- 76) us 
Write latency = 556.6724760000001 (+/- 219) us 
Accept latency = 1435.126424 (+/- 156) us 
Batch average size = NaN (+/- 0) requests
ConsensusMessage ByteCount = 1443965:21882
LCMessage ByteCount = 55:11
TOMMessage ByteCount = 58647880:103412
StandardSMMessage ByteCount = 424:22
--- Measurements after 192000 ops (1000 samples) ---
Throughput = 8849.558 operations/sec (Maximum observed: 9009.009 ops/sec)
Total latency = 2.7768508964711E7 (+/- 0) us 
Consensus latency = 2819.349871 (+/- 181) us 
Pre-consensus latency = 0.0 (+/- 0) us 
Pos-consensus latency = 2.7766060452275E7 (+/- 0) us 
Propose latency = 613.2339790000001 (+/- 36) us 
Write latency = 727.0159170000001 (+/- 177) us 
Accept latency = 1479.099975 (+/- 132) us 
Batch average size = NaN (+/- 0) requests
ConsensusMessage ByteCount = 1443965:21882
LCMessage ByteCount = 55:11
TOMMessage ByteCount = 58647880:103412
StandardSMMessage ByteCount = 424:22
--- Measurements after 193000 ops (1000 samples) ---
Throughput = 8620.689 operations/sec (Maximum observed: 9009.009 ops/sec)
Total latency = 2.782246376503E7 (+/- 0) us 
Consensus latency = 3014.876195 (+/- 735) us 
Pre-consensus latency = 0.0 (+/- 0) us 
Pos-consensus latency = 2.7820233001416E7 (+/- 0) us 
Propose latency = 1103.825749 (+/- 926) us 
Write latency = 558.3970969999999 (+/- 260) us 
Accept latency = 1352.653349 (+/- 213) us 
Batch average size = NaN (+/- 0) requests
ConsensusMessage ByteCount = 1443965:21882
LCMessage ByteCount = 55:11
TOMMessage ByteCount = 58647880:103412
StandardSMMessage ByteCount = 424:22
--- Measurements after 194000 ops (1000 samples) ---
Throughput = 9009.009 operations/sec (Maximum observed: 9009.009 ops/sec)
Total latency = 2.7879409986084E7 (+/- 0) us 
Consensus latency = 2360.195357 (+/- 246) us 
Pre-consensus latency = 0.0 (+/- 0) us 
Pos-consensus latency = 2.7877418273764998E7 (+/- 0) us 
Propose latency = 617.447609 (+/- 98) us 
Write latency = 225.63389 (+/- 229) us 
Accept latency = 1517.113858 (+/- 61) us 
Batch average size = NaN (+/- 0) requests
ConsensusMessage ByteCount = 1443965:21882
LCMessage ByteCount = 55:11
TOMMessage ByteCount = 58647880:103412
StandardSMMessage ByteCount = 424:22
--- Measurements after 195000 ops (1000 samples) ---
Throughput = 8620.689 operations/sec (Maximum observed: 9009.009 ops/sec)
Total latency = 2.7939099667442E7 (+/- 0) us 
Consensus latency = 2302.6731019999997 (+/- 169) us 
Pre-consensus latency = 0.0 (+/- 0) us 
Pos-consensus latency = 2.7937164944447E7 (+/- 0) us 
Propose latency = 626.47825 (+/- 117) us 
Write latency = 161.36976 (+/- 119) us 
Accept latency = 1514.825092 (+/- 182) us 
Batch average size = NaN (+/- 0) requests
ConsensusMessage ByteCount = 1443965:21882
LCMessage ByteCount = 55:11
TOMMessage ByteCount = 58647880:103412
StandardSMMessage ByteCount = 424:22
--- Measurements after 196000 ops (1000 samples) ---
Throughput = 8771.93 operations/sec (Maximum observed: 9009.009 ops/sec)
Total latency = 2.7994924130597E7 (+/- 0) us 
Consensus latency = 2827.6726320000002 (+/- 1419) us 
Pre-consensus latency = 0.0 (+/- 0) us 
Pos-consensus latency = 2.799250820129E7 (+/- 0) us 
Propose latency = 660.418632 (+/- 137) us 
Write latency = 706.29673 (+/- 1554) us 
Accept latency = 1460.95727 (+/- 144) us 
Batch average size = NaN (+/- 0) requests
ConsensusMessage ByteCount = 1443965:21882
LCMessage ByteCount = 55:11
TOMMessage ByteCount = 58647880:103412
StandardSMMessage ByteCount = 424:22
--- Measurements after 197000 ops (1000 samples) ---
Throughput = 8771.93 operations/sec (Maximum observed: 9009.009 ops/sec)
Total latency = 2.8054646820645E7 (+/- 0) us 
Consensus latency = 2306.779747 (+/- 121) us 
Pre-consensus latency = 0.0 (+/- 0) us 
Pos-consensus latency = 2.8052708091381002E7 (+/- 0) us 
Propose latency = 621.449734 (+/- 102) us 
Write latency = 129.90632399999998 (+/- 70) us 
Accept latency = 1555.423689 (+/- 90) us 
Batch average size = NaN (+/- 0) requests
ConsensusMessage ByteCount = 1443965:21882
LCMessage ByteCount = 55:11
TOMMessage ByteCount = 58647880:103412
StandardSMMessage ByteCount = 424:22
--- Measurements after 198000 ops (1000 samples) ---
Throughput = 8695.652 operations/sec (Maximum observed: 9009.009 ops/sec)
Total latency = 2.8108031093408E7 (+/- 0) us 
Consensus latency = 2614.074415 (+/- 641) us 
Pre-consensus latency = 0.0 (+/- 0) us 
Pos-consensus latency = 2.8105855061472E7 (+/- 0) us 
Propose latency = 816.072595 (+/- 431) us 
Write latency = 400.643846 (+/- 971) us 
Accept latency = 1397.357974 (+/- 390) us 
Batch average size = NaN (+/- 0) requests
ConsensusMessage ByteCount = 1443965:21882
LCMessage ByteCount = 55:11
TOMMessage ByteCount = 58647880:103412
StandardSMMessage ByteCount = 424:22
--- Measurements after 199000 ops (1000 samples) ---
Throughput = 8620.689 operations/sec (Maximum observed: 9009.009 ops/sec)
Total latency = 2.8165307609004002E7 (+/- 0) us 
Consensus latency = 2396.8927200000003 (+/- 228) us 
Pre-consensus latency = 0.0 (+/- 0) us 
Pos-consensus latency = 2.8163325361453E7 (+/- 0) us 
Propose latency = 680.335817 (+/- 123) us 
Write latency = 156.338732 (+/- 116) us 
Accept latency = 1560.218171 (+/- 63) us 
Batch average size = NaN (+/- 0) requests
ConsensusMessage ByteCount = 1443965:21882
LCMessage ByteCount = 55:11
TOMMessage ByteCount = 58647880:103412
StandardSMMessage ByteCount = 424:22
--- Measurements after 200000 ops (1000 samples) ---
Throughput = 8547.009 operations/sec (Maximum observed: 9009.009 ops/sec)
Total latency = 2.8226906538137E7 (+/- 0) us 
Consensus latency = 2528.6102769999998 (+/- 650) us 
Pre-consensus latency = 0.0 (+/- 0) us 
Pos-consensus latency = 2.8224833698692E7 (+/- 0) us 
Propose latency = 707.065998 (+/- 139) us 
Write latency = 339.50887 (+/- 773) us 
Accept latency = 1482.035409 (+/- 143) us 
Batch average size = NaN (+/- 0) requests
ConsensusMessage ByteCount = 1443965:21882
LCMessage ByteCount = 55:11
TOMMessage ByteCount = 58647880:103412
StandardSMMessage ByteCount = 424:22
--- Measurements after 201000 ops (1000 samples) ---
Throughput = 8849.558 operations/sec (Maximum observed: 9009.009 ops/sec)
Total latency = 2.8288193803694E7 (+/- 0) us 
Consensus latency = 2517.3531749999997 (+/- 161) us 
Pre-consensus latency = 0.0 (+/- 0) us 
Pos-consensus latency = 2.8286236726675E7 (+/- 0) us 
Propose latency = 810.9663939999999 (+/- 145) us 
Write latency = 138.11636199999998 (+/- 65) us 
Accept latency = 1568.270419 (+/- 97) us 
Batch average size = NaN (+/- 0) requests
ConsensusMessage ByteCount = 1443965:21882
LCMessage ByteCount = 55:11
TOMMessage ByteCount = 58647880:103412
StandardSMMessage ByteCount = 424:22
-- Checkpoint is in position 32444
--- Measurements after 202000 ops (1000 samples) ---
Throughput = 1406.4697 operations/sec (Maximum observed: 9009.009 ops/sec)
Total latency = 2.8697882799977E7 (+/- 0) us 
Consensus latency = 28057.111632 (+/- 18417) us 
Pre-consensus latency = 0.0 (+/- 0) us 
Pos-consensus latency = 2.8693799631722E7 (+/- 0) us 
Propose latency = 25476.524744 (+/- 17943) us 
Write latency = 745.6035400000001 (+/- 699) us 
Accept latency = 1834.983348 (+/- 1001) us 
Batch average size = 32445.0 (+/- 0) requests
ConsensusMessage ByteCount = 1443965:21882
LCMessage ByteCount = 55:11
TOMMessage ByteCount = 87682583:378535
StandardSMMessage ByteCount = 424:22
--- Measurements after 203000 ops (1000 samples) ---
Throughput = 5263.1577 operations/sec (Maximum observed: 9009.009 ops/sec)
Total latency = 2.8915200442822E7 (+/- 0) us 
Consensus latency = 9394.842126 (+/- 6590) us 
Pre-consensus latency = 0.0 (+/- 0) us 
Pos-consensus latency = 2.8911620711227E7 (+/- 0) us 
Propose latency = 5987.837701 (+/- 5225) us 
Write latency = 113.51961299999999 (+/- 36) us 
Accept latency = 3293.4848119999997 (+/- 5101) us 
Batch average size = NaN (+/- 0) requests
ConsensusMessage ByteCount = 1443965:21882
LCMessage ByteCount = 55:11
TOMMessage ByteCount = 89584620:380364
StandardSMMessage ByteCount = 424:22
--- Measurements after 204000 ops (1000 samples) ---
Throughput = 6451.613 operations/sec (Maximum observed: 9009.009 ops/sec)
Total latency = 2.9008009409237E7 (+/- 0) us 
Consensus latency = 3347.786617 (+/- 2021) us 
Pre-consensus latency = 0.0 (+/- 0) us 
Pos-consensus latency = 2.9006379696246E7 (+/- 0) us 
Propose latency = 1959.9239140000002 (+/- 1967) us 
Write latency = 62.943212 (+/- 28) us 
Accept latency = 1324.9194909999999 (+/- 383) us 
Batch average size = NaN (+/- 0) requests
ConsensusMessage ByteCount = 1443965:21882
LCMessage ByteCount = 55:11
TOMMessage ByteCount = 91082114:381804
StandardSMMessage ByteCount = 424:22
--- Measurements after 205000 ops (1000 samples) ---
Throughput = 6329.114 operations/sec (Maximum observed: 9009.009 ops/sec)
Total latency = 2.9139326498382E7 (+/- 0) us 
Consensus latency = 2214.584309 (+/- 347) us 
Pre-consensus latency = 0.0 (+/- 0) us 
Pos-consensus latency = 2.913750169982E7 (+/- 0) us 
Propose latency = 685.186693 (+/- 348) us 
Write latency = 86.402004 (+/- 29) us 
Accept latency = 1442.995612 (+/- 102) us 
Batch average size = NaN (+/- 0) requests
ConsensusMessage ByteCount = 1443965:21882
LCMessage ByteCount = 55:11
TOMMessage ByteCount = 92506805:383174
StandardSMMessage ByteCount = 424:22
--- Measurements after 206000 ops (1000 samples) ---
Throughput = 5882.353 operations/sec (Maximum observed: 9009.009 ops/sec)
Total latency = 2.9274112259319E7 (+/- 0) us 
Consensus latency = 2165.516989 (+/- 582) us 
Pre-consensus latency = 0.0 (+/- 0) us 
Pos-consensus latency = 2.9272304115764998E7 (+/- 0) us 
Propose latency = 624.868049 (+/- 236) us 
Write latency = 105.88900699999999 (+/- 38) us 
Accept latency = 1434.759933 (+/- 535) us 
Batch average size = NaN (+/- 0) requests
ConsensusMessage ByteCount = 1443965:21882
LCMessage ByteCount = 55:11
TOMMessage ByteCount = 93758883:384378
StandardSMMessage ByteCount = 424:22
--- Measurements after 207000 ops (1000 samples) ---
Throughput = 6666.6665 operations/sec (Maximum observed: 9009.009 ops/sec)
Total latency = 2.9346067089609E7 (+/- 0) us 
Consensus latency = 5491.194004 (+/- 4065) us 
Pre-consensus latency = 0.0 (+/- 0) us 
Pos-consensus latency = 2.9342853568213E7 (+/- 0) us 
Propose latency = 2530.101726 (+/- 3063) us 
Write latency = 157.435171 (+/- 86) us 
Accept latency = 2803.657107 (+/- 3215) us 
Batch average size = NaN (+/- 0) requests
ConsensusMessage ByteCount = 1443965:21882
LCMessage ByteCount = 55:11
TOMMessage ByteCount = 94958968:385532
StandardSMMessage ByteCount = 424:22
--- Measurements after 208000 ops (1000 samples) ---
Throughput = 6172.8394 operations/sec (Maximum observed: 9009.009 ops/sec)
Total latency = 2.9448833951018002E7 (+/- 0) us 
Consensus latency = 16710.360654 (+/- 3877) us 
Pre-consensus latency = 0.0 (+/- 0) us 
Pos-consensus latency = 2.9442249765986E7 (+/- 0) us 
Propose latency = 14422.47567 (+/- 3931) us 
Write latency = 217.8293 (+/- 31) us 
Accept latency = 2070.055684 (+/- 197) us 
Batch average size = NaN (+/- 0) requests
ConsensusMessage ByteCount = 1443965:21882
LCMessage ByteCount = 55:11
TOMMessage ByteCount = 96088329:386618
StandardSMMessage ByteCount = 424:22
--- Measurements after 209000 ops (1000 samples) ---
Throughput = 6410.2563 operations/sec (Maximum observed: 9009.009 ops/sec)
Total latency = 2.9584579761666E7 (+/- 0) us 
Consensus latency = 21409.789804 (+/- 4786) us 
Pre-consensus latency = 0.0 (+/- 0) us 
Pos-consensus latency = 2.9574323896564E7 (+/- 0) us 
Propose latency = 16135.497312000001 (+/- 4693) us 
Write latency = 3672.179774 (+/- 9263) us 
Accept latency = 1602.112718 (+/- 215) us 
Batch average size = NaN (+/- 0) requests
ConsensusMessage ByteCount = 1443965:21882
LCMessage ByteCount = 55:11
TOMMessage ByteCount = 97202089:387689
StandardSMMessage ByteCount = 424:22
--- Measurements after 210000 ops (1000 samples) ---
Throughput = 6578.9473 operations/sec (Maximum observed: 9009.009 ops/sec)
Total latency = 2.9706610159657E7 (+/- 0) us 
Consensus latency = 32544.157332 (+/- 5075) us 
Pre-consensus latency = 0.0 (+/- 0) us 
Pos-consensus latency = 2.9676637465785E7 (+/- 0) us 
Propose latency = 3705.98585 (+/- 461) us 
Write latency = 26757.573945 (+/- 5236) us 
Accept latency = 2080.597537 (+/- 299) us 
Batch average size = NaN (+/- 0) requests
ConsensusMessage ByteCount = 1443965:21882
LCMessage ByteCount = 55:11
TOMMessage ByteCount = 98226418:388674
StandardSMMessage ByteCount = 424:22
--- Measurements after 211000 ops (1000 samples) ---
Throughput = 6060.606 operations/sec (Maximum observed: 9009.009 ops/sec)
Total latency = 2.9823284192169998E7 (+/- 0) us 
Consensus latency = 15372.904895 (+/- 4950) us 
Pre-consensus latency = 0.0 (+/- 0) us 
Pos-consensus latency = 2.981034548605E7 (+/- 0) us 
Propose latency = 4603.514679999999 (+/- 1160) us 
Write latency = 9539.632755 (+/- 3891) us 
Accept latency = 1229.75746 (+/- 102) us 
Batch average size = NaN (+/- 0) requests
ConsensusMessage ByteCount = 1443965:21882
LCMessage ByteCount = 55:11
TOMMessage ByteCount = 99178993:389590
StandardSMMessage ByteCount = 424:22
--- Measurements after 212000 ops (1000 samples) ---
Throughput = 6666.6665 operations/sec (Maximum observed: 9009.009 ops/sec)
Total latency = 2.9950198499868E7 (+/- 0) us 
Consensus latency = 2602.497298 (+/- 536) us 
Pre-consensus latency = 0.0 (+/- 0) us 
Pos-consensus latency = 2.9948150920554E7 (+/- 0) us 
Propose latency = 918.567084 (+/- 475) us 
Write latency = 110.209412 (+/- 23) us 
Accept latency = 1573.7208019999998 (+/- 357) us 
Batch average size = NaN (+/- 0) requests
ConsensusMessage ByteCount = 1443965:21882
LCMessage ByteCount = 55:11
TOMMessage ByteCount = 100094137:390470
StandardSMMessage ByteCount = 424:22
--- Measurements after 213000 ops (1000 samples) ---
Throughput = 6666.6665 operations/sec (Maximum observed: 9009.009 ops/sec)
Total latency = 3.0045748688073E7 (+/- 0) us 
Consensus latency = 2366.898475 (+/- 539) us 
Pre-consensus latency = 0.0 (+/- 0) us 
Pos-consensus latency = 3.0043764590672E7 (+/- 0) us 
Propose latency = 645.981212 (+/- 71) us 
Write latency = 188.12686300000001 (+/- 182) us 
Accept latency = 1532.7903999999999 (+/- 576) us 
Batch average size = NaN (+/- 0) requests
ConsensusMessage ByteCount = 1443965:21882
LCMessage ByteCount = 55:11
TOMMessage ByteCount = 100979116:391321
StandardSMMessage ByteCount = 424:22
--- Measurements after 214000 ops (1000 samples) ---
Throughput = 5555.5557 operations/sec (Maximum observed: 9009.009 ops/sec)
Total latency = 3.014148275715E7 (+/- 0) us 
Consensus latency = 2443.6512319999997 (+/- 382) us 
Pre-consensus latency = 0.0 (+/- 0) us 
Pos-consensus latency = 3.0139545212810002E7 (+/- 0) us 
Propose latency = 842.110139 (+/- 395) us 
Write latency = 125.77982899999999 (+/- 138) us 
Accept latency = 1475.761264 (+/- 67) us 
Batch average size = NaN (+/- 0) requests
ConsensusMessage ByteCount = 1443965:21882
LCMessage ByteCount = 55:11
TOMMessage ByteCount = 101817305:392127
StandardSMMessage ByteCount = 424:22
--- Measurements after 215000 ops (1000 samples) ---
Throughput = 6535.9478 operations/sec (Maximum observed: 9009.009 ops/sec)
Total latency = 3.0262558857494E7 (+/- 0) us 
Consensus latency = 2784.56512 (+/- 1606) us 
Pre-consensus latency = 0.0 (+/- 0) us 
Pos-consensus latency = 3.0260275764989E7 (+/- 0) us 
Propose latency = 768.917594 (+/- 507) us 
Write latency = 94.112218 (+/- 20) us 
Accept latency = 1921.535308 (+/- 1549) us 
Batch average size = NaN (+/- 0) requests
ConsensusMessage ByteCount = 1443965:21882
LCMessage ByteCount = 55:11
TOMMessage ByteCount = 102649250:392927
StandardSMMessage ByteCount = 424:22
--- Measurements after 216000 ops (1000 samples) ---
Throughput = 6666.6665 operations/sec (Maximum observed: 9009.009 ops/sec)
Total latency = 3.0360259471189E7 (+/- 0) us 
Consensus latency = 2280.441643 (+/- 145) us 
Pre-consensus latency = 0.0 (+/- 0) us 
Pos-consensus latency = 3.0358384761384998E7 (+/- 0) us 
Propose latency = 643.647458 (+/- 112) us 
Write latency = 113.36185499999999 (+/- 68) us 
Accept latency = 1523.43233 (+/- 64) us 
Batch average size = NaN (+/- 0) requests
ConsensusMessage ByteCount = 1443965:21882
LCMessage ByteCount = 55:11
TOMMessage ByteCount = 103513425:393758
StandardSMMessage ByteCount = 424:22
--- Measurements after 217000 ops (1000 samples) ---
Throughput = 3636.3635 operations/sec (Maximum observed: 9009.009 ops/sec)
Total latency = 3.0511713352015E7 (+/- 0) us 
Consensus latency = 2492.919663 (+/- 662) us 
Pre-consensus latency = 0.0 (+/- 0) us 
Pos-consensus latency = 3.0509635748062998E7 (+/- 0) us 
Propose latency = 662.856074 (+/- 90) us 
Write latency = 95.34211 (+/- 8) us 
Accept latency = 1734.721479 (+/- 657) us 
Batch average size = NaN (+/- 0) requests
ConsensusMessage ByteCount = 1443965:21882
LCMessage ByteCount = 55:11
TOMMessage ByteCount = 106864075:396980
StandardSMMessage ByteCount = 424:22
--- Measurements after 218000 ops (1000 samples) ---
Throughput = 4545.4546 operations/sec (Maximum observed: 9009.009 ops/sec)
Total latency = 3.0713272613728E7 (+/- 0) us 
Consensus latency = 2279.523236 (+/- 154) us 
Pre-consensus latency = 0.0 (+/- 0) us 
Pos-consensus latency = 3.0711358570398998E7 (+/- 0) us 
Propose latency = 614.5653739999999 (+/- 75) us 
Write latency = 135.279613 (+/- 122) us 
Accept latency = 1529.678249 (+/- 138) us 
Batch average size = NaN (+/- 0) requests
ConsensusMessage ByteCount = 1443965:21882
LCMessage ByteCount = 55:11
TOMMessage ByteCount = 109046887:399079
StandardSMMessage ByteCount = 424:22
--- Measurements after 219000 ops (1000 samples) ---
Throughput = 4694.8354 operations/sec (Maximum observed: 9009.009 ops/sec)
Total latency = 3.0863144772381E7 (+/- 0) us 
Consensus latency = 3271.171244 (+/- 1735) us 
Pre-consensus latency = 0.0 (+/- 0) us 
Pos-consensus latency = 3.0860407578186E7 (+/- 0) us 
Propose latency = 1089.033119 (+/- 974) us 
Write latency = 608.98436 (+/- 809) us 
Accept latency = 1573.1537649999998 (+/- 187) us 
Batch average size = NaN (+/- 0) requests
ConsensusMessage ByteCount = 1443965:21882
LCMessage ByteCount = 55:11
TOMMessage ByteCount = 111047711:401003
StandardSMMessage ByteCount = 424:22
--- Measurements after 220000 ops (1000 samples) ---
Throughput = 4347.826 operations/sec (Maximum observed: 9009.009 ops/sec)
Total latency = 3.1027087241009E7 (+/- 0) us 
Consensus latency = 4601.846381 (+/- 1257) us 
Pre-consensus latency = 0.0 (+/- 0) us 
Pos-consensus latency = 3.1023434952577E7 (+/- 0) us 
Propose latency = 2008.841371 (+/- 854) us 
Write latency = 1109.7536599999999 (+/- 554) us 
Accept latency = 1483.25135 (+/- 19) us 
Batch average size = NaN (+/- 0) requests
ConsensusMessage ByteCount = 1443965:21882
LCMessage ByteCount = 55:11
TOMMessage ByteCount = 112841579:402728
StandardSMMessage ByteCount = 424:22
--- Measurements after 221000 ops (1000 samples) ---
Throughput = 4566.21 operations/sec (Maximum observed: 9009.009 ops/sec)
Total latency = 3.1205428314135E7 (+/- 0) us 
Consensus latency = 2869.262735 (+/- 293) us 
Pre-consensus latency = 0.0 (+/- 0) us 
Pos-consensus latency = 3.1203059023335997E7 (+/- 0) us 
Propose latency = 929.284556 (+/- 195) us 
Write latency = 460.48042 (+/- 348) us 
Accept latency = 1479.497759 (+/- 178) us 
Batch average size = NaN (+/- 0) requests
ConsensusMessage ByteCount = 1443965:21882
LCMessage ByteCount = 55:11
TOMMessage ByteCount = 114564743:404385
StandardSMMessage ByteCount = 424:22
--- Measurements after 222000 ops (1000 samples) ---
Throughput = 5555.5557 operations/sec (Maximum observed: 9009.009 ops/sec)
Total latency = 3.1343236937273998E7 (+/- 0) us 
Consensus latency = 2993.175065 (+/- 253) us 
Pre-consensus latency = 0.0 (+/- 0) us 
Pos-consensus latency = 3.1340836811718E7 (+/- 0) us 
Propose latency = 1015.724174 (+/- 242) us 
Write latency = 508.551566 (+/- 207) us 
Accept latency = 1468.8993249999999 (+/- 183) us 
Batch average size = NaN (+/- 0) requests
ConsensusMessage ByteCount = 1443965:21882
LCMessage ByteCount = 55:11
TOMMessage ByteCount = 115792893:405566
StandardSMMessage ByteCount = 424:22
--- Measurements after 223000 ops (1000 samples) ---
Throughput = 4608.295 operations/sec (Maximum observed: 9009.009 ops/sec)
Total latency = 3.1484761039446E7 (+/- 0) us 
Consensus latency = 2492.190452 (+/- 252) us 
Pre-consensus latency = 0.0 (+/- 0) us 
Pos-consensus latency = 3.1482707111501E7 (+/- 0) us 
Propose latency = 718.6869869999999 (+/- 131) us 
Write latency = 287.24183899999997 (+/- 230) us 
Accept latency = 1486.261626 (+/- 202) us 
Batch average size = NaN (+/- 0) requests
ConsensusMessage ByteCount = 1443965:21882
LCMessage ByteCount = 55:11
TOMMessage ByteCount = 117272715:406989
StandardSMMessage ByteCount = 424:22
--- Measurements after 224000 ops (1000 samples) ---
Throughput = 5291.0054 operations/sec (Maximum observed: 9009.009 ops/sec)
Total latency = 3.1636702429684E7 (+/- 0) us 
Consensus latency = 2224.970166 (+/- 92) us 
Pre-consensus latency = 0.0 (+/- 0) us 
Pos-consensus latency = 3.1634835660230998E7 (+/- 0) us 
Propose latency = 592.1724399999999 (+/- 48) us 
Write latency = 121.10674800000001 (+/- 71) us 
Accept latency = 1511.6909779999999 (+/- 109) us 
Batch average size = NaN (+/- 0) requests
ConsensusMessage ByteCount = 1443965:21882
LCMessage ByteCount = 55:11
TOMMessage ByteCount = 118373999:408048
StandardSMMessage ByteCount = 424:22
--- Measurements after 225000 ops (1000 samples) ---
Throughput = 5464.481 operations/sec (Maximum observed: 9009.009 ops/sec)
Total latency = 3.1765224280518003E7 (+/- 0) us 
Consensus latency = 2282.665574 (+/- 261) us 
Pre-consensus latency = 0.0 (+/- 0) us 
Pos-consensus latency = 3.1763281324698E7 (+/- 0) us 
Propose latency = 590.1638869999999 (+/- 37) us 
Write latency = 204.049783 (+/- 197) us 
Accept latency = 1488.451904 (+/- 112) us 
Batch average size = NaN (+/- 0) requests
ConsensusMessage ByteCount = 1443965:21882
LCMessage ByteCount = 55:11
TOMMessage ByteCount = 119485689:409117
StandardSMMessage ByteCount = 424:22
--- Measurements after 226000 ops (1000 samples) ---
Throughput = 5128.205 operations/sec (Maximum observed: 9009.009 ops/sec)
Total latency = 3.189123172673E7 (+/- 0) us 
Consensus latency = 2258.6882889999997 (+/- 170) us 
Pre-consensus latency = 0.0 (+/- 0) us 
Pos-consensus latency = 3.1889339724919997E7 (+/- 0) us 
Propose latency = 605.215285 (+/- 55) us 
Write latency = 103.361327 (+/- 22) us 
Accept latency = 1550.1116769999999 (+/- 146) us 
Batch average size = NaN (+/- 0) requests
ConsensusMessage ByteCount = 1443965:21882
LCMessage ByteCount = 55:11
TOMMessage ByteCount = 120612978:410201
StandardSMMessage ByteCount = 424:22
--- Measurements after 227000 ops (1000 samples) ---
Throughput = 5464.481 operations/sec (Maximum observed: 9009.009 ops/sec)
Total latency = 3.2023149208341E7 (+/- 0) us 
Consensus latency = 2375.349304 (+/- 244) us 
Pre-consensus latency = 0.0 (+/- 0) us 
Pos-consensus latency = 3.2021164634181E7 (+/- 0) us 
Propose latency = 687.864812 (+/- 137) us 
Write latency = 166.878637 (+/- 117) us 
Accept latency = 1520.605855 (+/- 132) us 
Batch average size = NaN (+/- 0) requests
ConsensusMessage ByteCount = 1443965:21882
LCMessage ByteCount = 55:11
TOMMessage ByteCount = 121431403:410988
StandardSMMessage ByteCount = 424:22
--- Measurements after 228000 ops (1000 samples) ---
Throughput = 4716.981 operations/sec (Maximum observed: 9009.009 ops/sec)
Total latency = 3.2184132732331E7 (+/- 0) us 
Consensus latency = 2301.014823 (+/- 168) us 
Pre-consensus latency = 0.0 (+/- 0) us 
Pos-consensus latency = 3.2182180600885E7 (+/- 0) us 
Propose latency = 602.914232 (+/- 69) us 
Write latency = 136.38203 (+/- 101) us 
Accept latency = 1561.718561 (+/- 147) us 
Batch average size = NaN (+/- 0) requests
ConsensusMessage ByteCount = 1443965:21882
LCMessage ByteCount = 55:11
TOMMessage ByteCount = 122464050:411981
StandardSMMessage ByteCount = 424:22
--- Measurements after 229000 ops (1000 samples) ---
Throughput = 5181.347 operations/sec (Maximum observed: 9009.009 ops/sec)
Total latency = 3.2316955882032003E7 (+/- 0) us 
Consensus latency = 2567.520969 (+/- 1225) us 
Pre-consensus latency = 0.0 (+/- 0) us 
Pos-consensus latency = 3.2314735888955E7 (+/- 0) us 
Propose latency = 584.4687739999999 (+/- 87) us 
Write latency = 550.6349080000001 (+/- 1152) us 
Accept latency = 1432.417287 (+/- 137) us 
Batch average size = NaN (+/- 0) requests
ConsensusMessage ByteCount = 1443965:21882
LCMessage ByteCount = 55:11
TOMMessage ByteCount = 122485890:412002
StandardSMMessage ByteCount = 424:22
--- Measurements after 230000 ops (1000 samples) ---
Throughput = 5524.862 operations/sec (Maximum observed: 9009.009 ops/sec)
Total latency = 3.2447657480771E7 (+/- 0) us 
Consensus latency = 2458.6356600000004 (+/- 973) us 
Pre-consensus latency = 0.0 (+/- 0) us 
Pos-consensus latency = 3.2445601090891E7 (+/- 0) us 
Propose latency = 672.1828390000001 (+/- 121) us 
Write latency = 276.811723 (+/- 929) us 
Accept latency = 1509.641098 (+/- 109) us 
Batch average size = NaN (+/- 0) requests
ConsensusMessage ByteCount = 1443965:21882
LCMessage ByteCount = 55:11
TOMMessage ByteCount = 122491090:412007
StandardSMMessage ByteCount = 424:22
--- Measurements after 231000 ops (1000 samples) ---
Throughput = 4629.6294 operations/sec (Maximum observed: 9009.009 ops/sec)
Total latency = 3.2599914766847998E7 (+/- 0) us 
Consensus latency = 2237.8076060000003 (+/- 172) us 
Pre-consensus latency = 0.0 (+/- 0) us 
Pos-consensus latency = 3.2597977353101E7 (+/- 0) us 
Propose latency = 535.965546 (+/- 62) us 
Write latency = 161.773161 (+/- 149) us 
Accept latency = 1540.0688989999999 (+/- 85) us 
Batch average size = NaN (+/- 0) requests
ConsensusMessage ByteCount = 1443965:21882
LCMessage ByteCount = 55:11
TOMMessage ByteCount = 122496290:412012
StandardSMMessage ByteCount = 424:22
--- Measurements after 232000 ops (1000 samples) ---
Throughput = 4629.6294 operations/sec (Maximum observed: 9009.009 ops/sec)
Total latency = 3.2760548873562E7 (+/- 0) us 
Consensus latency = 2231.150728 (+/- 152) us 
Pre-consensus latency = 0.0 (+/- 0) us 
Pos-consensus latency = 3.2758703681167E7 (+/- 0) us 
Propose latency = 620.536247 (+/- 159) us 
Write latency = 92.07719800000001 (+/- 14) us 
Accept latency = 1518.5372830000001 (+/- 75) us 
Batch average size = NaN (+/- 0) requests
ConsensusMessage ByteCount = 1443965:21882
LCMessage ByteCount = 55:11
TOMMessage ByteCount = 122505650:412021
StandardSMMessage ByteCount = 424:22
--- Measurements after 233000 ops (1000 samples) ---
Throughput = 5376.344 operations/sec (Maximum observed: 9009.009 ops/sec)
Total latency = 3.2902031153505E7 (+/- 0) us 
Consensus latency = 3244.862624 (+/- 4068) us 
Pre-consensus latency = 0.0 (+/- 0) us 
Pos-consensus latency = 3.2899193168706E7 (+/- 0) us 
Propose latency = 709.381774 (+/- 453) us 
Write latency = 1006.0563149999999 (+/- 3781) us 
Accept latency = 1529.4245349999999 (+/- 308) us 
Batch average size = NaN (+/- 0) requests
ConsensusMessage ByteCount = 1443965:21882
LCMessage ByteCount = 55:11
TOMMessage ByteCount = 122512930:412028
StandardSMMessage ByteCount = 424:22
-- Performing checkpoint for consensus 3071
--- Measurements after 234000 ops (1000 samples) ---
Throughput = 4975.1245 operations/sec (Maximum observed: 9009.009 ops/sec)
Total latency = 3.3027365899380002E7 (+/- 0) us 
Consensus latency = 2636.464036 (+/- 502) us 
Pre-consensus latency = 0.0 (+/- 0) us 
Pos-consensus latency = 3.3025179870984003E7 (+/- 0) us 
Propose latency = 723.100892 (+/- 274) us 
Write latency = 412.262249 (+/- 492) us 
Accept latency = 1501.100895 (+/- 155) us 
Batch average size = 266223.0 (+/- 0) requests
ConsensusMessage ByteCount = 1443965:21882
LCMessage ByteCount = 55:11
TOMMessage ByteCount = 122515010:412030
StandardSMMessage ByteCount = 424:22
--- Measurements after 235000 ops (1000 samples) ---
Throughput = 6622.5166 operations/sec (Maximum observed: 9009.009 ops/sec)
Total latency = 3.3162474610365003E7 (+/- 0) us 
Consensus latency = 2369.579749 (+/- 190) us 
Pre-consensus latency = 0.0 (+/- 0) us 
Pos-consensus latency = 3.3160441746688E7 (+/- 0) us 
Propose latency = 567.268408 (+/- 61) us 
Write latency = 163.041242 (+/- 128) us 
Accept latency = 1639.2700989999998 (+/- 232) us 
Batch average size = NaN (+/- 0) requests
ConsensusMessage ByteCount = 1443965:21882
LCMessage ByteCount = 55:11
TOMMessage ByteCount = 122516050:412031
StandardSMMessage ByteCount = 424:22
--- Measurements after 236000 ops (1000 samples) ---
Throughput = 6622.5166 operations/sec (Maximum observed: 9009.009 ops/sec)
Total latency = 3.3256646885810003E7 (+/- 0) us 
Consensus latency = 2148.947223 (+/- 125) us 
Pre-consensus latency = 0.0 (+/- 0) us 
Pos-consensus latency = 3.3254833746558998E7 (+/- 0) us 
Propose latency = 560.76373 (+/- 59) us 
Write latency = 113.70189500000001 (+/- 88) us 
Accept latency = 1474.481598 (+/- 130) us 
Batch average size = NaN (+/- 0) requests
ConsensusMessage ByteCount = 1443965:21882
LCMessage ByteCount = 55:11
TOMMessage ByteCount = 122519170:412034
StandardSMMessage ByteCount = 424:22
--- Measurements after 237000 ops (1000 samples) ---
Throughput = 6666.6665 operations/sec (Maximum observed: 9009.009 ops/sec)
Total latency = 3.3352258450976003E7 (+/- 0) us 
Consensus latency = 2235.945093 (+/- 189) us 
Pre-consensus latency = 0.0 (+/- 0) us 
Pos-consensus latency = 3.3350367986736E7 (+/- 0) us 
Propose latency = 579.819468 (+/- 62) us 
Write latency = 178.32750700000003 (+/- 173) us 
Accept latency = 1477.798118 (+/- 213) us 
Batch average size = NaN (+/- 0) requests
ConsensusMessage ByteCount = 1443965:21882
LCMessage ByteCount = 55:11
TOMMessage ByteCount = 122519170:412034
StandardSMMessage ByteCount = 424:22
--- Measurements after 238000 ops (1000 samples) ---
Throughput = 6622.5166 operations/sec (Maximum observed: 9009.009 ops/sec)
Total latency = 3.3447244523515E7 (+/- 0) us 
Consensus latency = 2302.154036 (+/- 225) us 
Pre-consensus latency = 0.0 (+/- 0) us 
Pos-consensus latency = 3.3445298748894002E7 (+/- 0) us 
Propose latency = 566.757912 (+/- 85) us 
Write latency = 176.97454000000002 (+/- 135) us 
Accept latency = 1558.421584 (+/- 178) us 
Batch average size = NaN (+/- 0) requests
ConsensusMessage ByteCount = 1443965:21882
LCMessage ByteCount = 55:11
TOMMessage ByteCount = 122519170:412034
StandardSMMessage ByteCount = 424:22
--- Measurements after 239000 ops (1000 samples) ---
Throughput = 6666.6665 operations/sec (Maximum observed: 9009.009 ops/sec)
Total latency = 3.3540772426073004E7 (+/- 0) us 
Consensus latency = 2803.249645 (+/- 1996) us 
Pre-consensus latency = 0.0 (+/- 0) us 
Pos-consensus latency = 3.35383328311E7 (+/- 0) us 
Propose latency = 613.837849 (+/- 81) us 
Write latency = 98.987369 (+/- 29) us 
Accept latency = 2090.424427 (+/- 2003) us 
Batch average size = NaN (+/- 0) requests
ConsensusMessage ByteCount = 1443965:21882
LCMessage ByteCount = 55:11
TOMMessage ByteCount = 122519170:412034
StandardSMMessage ByteCount = 424:22
--- Measurements after 240000 ops (1000 samples) ---
Throughput = 5434.7827 operations/sec (Maximum observed: 9009.009 ops/sec)
Total latency = 3.3667868475342E7 (+/- 0) us 
Consensus latency = 2257.042528 (+/- 205) us 
Pre-consensus latency = 0.0 (+/- 0) us 
Pos-consensus latency = 3.3665980257297E7 (+/- 0) us 
Propose latency = 598.339828 (+/- 93) us 
Write latency = 165.959936 (+/- 134) us 
Accept latency = 1492.742764 (+/- 139) us 
Batch average size = NaN (+/- 0) requests
ConsensusMessage ByteCount = 1443965:21882
LCMessage ByteCount = 55:11
TOMMessage ByteCount = 122519170:412034
StandardSMMessage ByteCount = 424:22
--- Measurements after 241000 ops (1000 samples) ---
Throughput = 7751.938 operations/sec (Maximum observed: 9009.009 ops/sec)
Total latency = 3.3752318638515E7 (+/- 0) us 
Consensus latency = 2245.4818330000003 (+/- 225) us 
Pre-consensus latency = 0.0 (+/- 0) us 
Pos-consensus latency = 3.3750431461118E7 (+/- 0) us 
Propose latency = 595.953671 (+/- 45) us 
Write latency = 133.247451 (+/- 97) us 
Accept latency = 1516.2807109999999 (+/- 149) us 
Batch average size = NaN (+/- 0) requests
ConsensusMessage ByteCount = 1443965:21882
LCMessage ByteCount = 55:11
TOMMessage ByteCount = 122519170:412034
StandardSMMessage ByteCount = 424:22
--- Measurements after 242000 ops (1000 samples) ---
Throughput = 8130.0815 operations/sec (Maximum observed: 9009.009 ops/sec)
Total latency = 3.3823611259266995E7 (+/- 0) us 
Consensus latency = 2251.083602 (+/- 80) us 
Pre-consensus latency = 0.0 (+/- 0) us 
Pos-consensus latency = 3.3821723632198E7 (+/- 0) us 
Propose latency = 613.7193000000001 (+/- 63) us 
Write latency = 131.019812 (+/- 89) us 
Accept latency = 1506.34449 (+/- 65) us 
Batch average size = NaN (+/- 0) requests
ConsensusMessage ByteCount = 1443965:21882
LCMessage ByteCount = 55:11
TOMMessage ByteCount = 122519170:412034
StandardSMMessage ByteCount = 424:22
--- Measurements after 243000 ops (1000 samples) ---
Throughput = 5988.024 operations/sec (Maximum observed: 9009.009 ops/sec)
Total latency = 3.3901352414559E7 (+/- 0) us 
Consensus latency = 2231.803587 (+/- 94) us 
Pre-consensus latency = 0.0 (+/- 0) us 
Pos-consensus latency = 3.389949213805E7 (+/- 0) us 
Propose latency = 623.7234599999999 (+/- 80) us 
Write latency = 115.660378 (+/- 81) us 
Accept latency = 1492.4197490000001 (+/- 95) us 
Batch average size = NaN (+/- 0) requests
ConsensusMessage ByteCount = 1443965:21882
LCMessage ByteCount = 55:11
TOMMessage ByteCount = 122668917:412178
StandardSMMessage ByteCount = 424:22
--- Measurements after 244000 ops (1000 samples) ---
Throughput = 6578.9473 operations/sec (Maximum observed: 9009.009 ops/sec)
Total latency = 3.4016803326706E7 (+/- 0) us 
Consensus latency = 2280.734087 (+/- 190) us 
Pre-consensus latency = 0.0 (+/- 0) us 
Pos-consensus latency = 3.4014856937147E7 (+/- 0) us 
Propose latency = 572.512209 (+/- 37) us 
Write latency = 168.695436 (+/- 188) us 
Accept latency = 1539.526442 (+/- 126) us 
Batch average size = NaN (+/- 0) requests
ConsensusMessage ByteCount = 1443965:21882
LCMessage ByteCount = 55:11
TOMMessage ByteCount = 123048492:412543
StandardSMMessage ByteCount = 424:22
--- Measurements after 245000 ops (1000 samples) ---
Throughput = 6578.9473 operations/sec (Maximum observed: 9009.009 ops/sec)
Total latency = 3.4111731429225E7 (+/- 0) us 
Consensus latency = 2566.537605 (+/- 1131) us 
Pre-consensus latency = 0.0 (+/- 0) us 
Pos-consensus latency = 3.4109538775431E7 (+/- 0) us 
Propose latency = 623.241659 (+/- 68) us 
Write latency = 97.3011 (+/- 26) us 
Accept latency = 1845.9948459999998 (+/- 1152) us 
Batch average size = NaN (+/- 0) requests
ConsensusMessage ByteCount = 1443965:21882
LCMessage ByteCount = 55:11
TOMMessage ByteCount = 123265841:412752
StandardSMMessage ByteCount = 424:22
--- Measurements after 246000 ops (1000 samples) ---
Throughput = 6622.5166 operations/sec (Maximum observed: 9009.009 ops/sec)
Total latency = 3.4207761201702E7 (+/- 0) us 
Consensus latency = 2361.6448029999997 (+/- 223) us 
Pre-consensus latency = 0.0 (+/- 0) us 
Pos-consensus latency = 3.4205779425898E7 (+/- 0) us 
Propose latency = 628.403346 (+/- 97) us 
Write latency = 163.018104 (+/- 160) us 
Accept latency = 1570.2233529999999 (+/- 204) us 
Batch average size = NaN (+/- 0) requests
ConsensusMessage ByteCount = 1443965:21882
LCMessage ByteCount = 55:11
TOMMessage ByteCount = 123553903:413029
StandardSMMessage ByteCount = 424:22
--- Measurements after 247000 ops (1000 samples) ---
Throughput = 5813.9536 operations/sec (Maximum observed: 9009.009 ops/sec)
Total latency = 3.4320891934849E7 (+/- 0) us 
Consensus latency = 2215.066993 (+/- 115) us 
Pre-consensus latency = 0.0 (+/- 0) us 
Pos-consensus latency = 3.4319037699975E7 (+/- 0) us 
Propose latency = 606.574566 (+/- 62) us 
Write latency = 130.455891 (+/- 101) us 
Accept latency = 1478.036536 (+/- 89) us 
Batch average size = NaN (+/- 0) requests
ConsensusMessage ByteCount = 1443965:21882
LCMessage ByteCount = 55:11
TOMMessage ByteCount = 124071791:413527
StandardSMMessage ByteCount = 424:22
--- Measurements after 248000 ops (1000 samples) ---
Throughput = 6493.5063 operations/sec (Maximum observed: 9009.009 ops/sec)
Total latency = 3.4421652483296E7 (+/- 0) us 
Consensus latency = 2221.388724 (+/- 112) us 
Pre-consensus latency = 0.0 (+/- 0) us 
Pos-consensus latency = 3.4419792689587E7 (+/- 0) us 
Propose latency = 600.149669 (+/- 58) us 
Write latency = 98.328062 (+/- 12) us 
Accept latency = 1522.910993 (+/- 92) us 
Batch average size = NaN (+/- 0) requests
ConsensusMessage ByteCount = 1443965:21882
LCMessage ByteCount = 55:11
TOMMessage ByteCount = 124567832:414004
StandardSMMessage ByteCount = 424:22
--- Measurements after 249000 ops (1000 samples) ---
Throughput = 6535.9478 operations/sec (Maximum observed: 9009.009 ops/sec)
Total latency = 3.4519885372461E7 (+/- 0) us 
Consensus latency = 2238.278174 (+/- 180) us 
Pre-consensus latency = 0.0 (+/- 0) us 
Pos-consensus latency = 3.4518016108432E7 (+/- 0) us 
Propose latency = 607.602591 (+/- 39) us 
Write latency = 170.341521 (+/- 121) us 
Accept latency = 1460.334062 (+/- 157) us 
Batch average size = NaN (+/- 0) requests
ConsensusMessage ByteCount = 1443965:21882
LCMessage ByteCount = 55:11
TOMMessage ByteCount = 124927648:414350
StandardSMMessage ByteCount = 424:22
--- Measurements after 250000 ops (1000 samples) ---
Throughput = 5235.602 operations/sec (Maximum observed: 9009.009 ops/sec)
Total latency = 3.4622846431902E7 (+/- 0) us 
Consensus latency = 2237.599117 (+/- 153) us 
Pre-consensus latency = 0.0 (+/- 0) us 
Pos-consensus latency = 3.4620952459871E7 (+/- 0) us 
Propose latency = 578.9088810000001 (+/- 53) us 
Write latency = 157.91099499999999 (+/- 125) us 
Accept latency = 1500.779241 (+/- 71) us 
Batch average size = NaN (+/- 0) requests
ConsensusMessage ByteCount = 1443965:21882
LCMessage ByteCount = 55:11
TOMMessage ByteCount = 125423692:414827
StandardSMMessage ByteCount = 424:22
--- Measurements after 251000 ops (1000 samples) ---
Throughput = 6535.9478 operations/sec (Maximum observed: 9009.009 ops/sec)
Total latency = 3.4750705858665004E7 (+/- 0) us 
Consensus latency = 2893.214174 (+/- 2388) us 
Pre-consensus latency = 0.0 (+/- 0) us 
Pos-consensus latency = 3.4748165654198E7 (+/- 0) us 
Propose latency = 634.316241 (+/- 71) us 
Write latency = 753.464614 (+/- 2401) us 
Accept latency = 1505.433319 (+/- 79) us 
Batch average size = NaN (+/- 0) requests
ConsensusMessage ByteCount = 1443965:21882
LCMessage ByteCount = 55:11
TOMMessage ByteCount = 125813670:415202
StandardSMMessage ByteCount = 424:22
--- Measurements after 252000 ops (1000 samples) ---
Throughput = 6329.114 operations/sec (Maximum observed: 9009.009 ops/sec)
Total latency = 3.4851389166319996E7 (+/- 0) us 
Consensus latency = 2364.5677 (+/- 245) us 
Pre-consensus latency = 0.0 (+/- 0) us 
Pos-consensus latency = 3.4849413992044E7 (+/- 0) us 
Propose latency = 625.831565 (+/- 184) us 
Write latency = 193.467298 (+/- 151) us 
Accept latency = 1545.268837 (+/- 123) us 
Batch average size = NaN (+/- 0) requests
ConsensusMessage ByteCount = 1443965:21882
LCMessage ByteCount = 55:11
TOMMessage ByteCount = 126110055:415487
StandardSMMessage ByteCount = 424:22
--- Measurements after 253000 ops (1000 samples) ---
Throughput = 6535.9478 operations/sec (Maximum observed: 9009.009 ops/sec)
Total latency = 3.4949507194698E7 (+/- 0) us 
Consensus latency = 2302.2741570000003 (+/- 156) us 
Pre-consensus latency = 0.0 (+/- 0) us 
Pos-consensus latency = 3.4947574979603E7 (+/- 0) us 
Propose latency = 632.702815 (+/- 114) us 
Write latency = 115.738879 (+/- 93) us 
Accept latency = 1553.832463 (+/- 91) us 
Batch average size = NaN (+/- 0) requests
ConsensusMessage ByteCount = 1443965:21882
LCMessage ByteCount = 55:11
TOMMessage ByteCount = 126310759:415680
StandardSMMessage ByteCount = 424:22
--- Measurements after 254000 ops (1000 samples) ---
Throughput = 4807.6924 operations/sec (Maximum observed: 9009.009 ops/sec)
Total latency = 3.5069892527695E7 (+/- 0) us 
Consensus latency = 2454.8811060000003 (+/- 615) us 
Pre-consensus latency = 0.0 (+/- 0) us 
Pos-consensus latency = 3.5067795835621E7 (+/- 0) us 
Propose latency = 606.5758000000001 (+/- 55) us 
Write latency = 349.122893 (+/- 745) us 
Accept latency = 1499.182413 (+/- 180) us 
Batch average size = NaN (+/- 0) requests
ConsensusMessage ByteCount = 1443965:21882
LCMessage ByteCount = 55:11
TOMMessage ByteCount = 126782883:416134
StandardSMMessage ByteCount = 424:22
--- Measurements after 255000 ops (1000 samples) ---
Throughput = 4784.689 operations/sec (Maximum observed: 9009.009 ops/sec)
Total latency = 3.5226063496752E7 (+/- 0) us 
Consensus latency = 2155.189452 (+/- 78) us 
Pre-consensus latency = 0.0 (+/- 0) us 
Pos-consensus latency = 3.5224271889561E7 (+/- 0) us 
Propose latency = 589.933358 (+/- 51) us 
Write latency = 92.94653 (+/- 19) us 
Accept latency = 1472.309564 (+/- 73) us 
Batch average size = NaN (+/- 0) requests
ConsensusMessage ByteCount = 1443965:21882
LCMessage ByteCount = 55:11
TOMMessage ByteCount = 127292446:416624
StandardSMMessage ByteCount = 424:22
--- Measurements after 256000 ops (1000 samples) ---
Throughput = 4807.6924 operations/sec (Maximum observed: 9009.009 ops/sec)
Total latency = 3.5379712269480005E7 (+/- 0) us 
Consensus latency = 2239.4745669999998 (+/- 671) us 
Pre-consensus latency = 0.0 (+/- 0) us 
Pos-consensus latency = 3.5377828753829E7 (+/- 0) us 
Propose latency = 591.5681500000001 (+/- 81) us 
Write latency = 127.685447 (+/- 88) us 
Accept latency = 1520.22097 (+/- 671) us 
Batch average size = NaN (+/- 0) requests
ConsensusMessage ByteCount = 1443965:21882
LCMessage ByteCount = 55:11
TOMMessage ByteCount = 127532669:416855
StandardSMMessage ByteCount = 424:22
--- Measurements after 257000 ops (1000 samples) ---
Throughput = 4405.286 operations/sec (Maximum observed: 9009.009 ops/sec)
Total latency = 3.5532002748687E7 (+/- 0) us 
Consensus latency = 2834.890312 (+/- 2339) us 
Pre-consensus latency = 0.0 (+/- 0) us 
Pos-consensus latency = 3.5529525110186994E7 (+/- 0) us 
Propose latency = 593.850726 (+/- 63) us 
Write latency = 127.493975 (+/- 78) us 
Accept latency = 2113.545611 (+/- 2334) us 
Batch average size = NaN (+/- 0) requests
ConsensusMessage ByteCount = 1443965:21882
LCMessage ByteCount = 55:11
TOMMessage ByteCount = 128058868:417361
StandardSMMessage ByteCount = 424:22
--- Measurements after 258000 ops (1000 samples) ---
Throughput = 4830.918 operations/sec (Maximum observed: 9009.009 ops/sec)
Total latency = 3.5704961128136E7 (+/- 0) us 
Consensus latency = 2193.952517 (+/- 95) us 
Pre-consensus latency = 0.0 (+/- 0) us 
Pos-consensus latency = 3.5703131838287E7 (+/- 0) us 
Propose latency = 588.323453 (+/- 66) us 
Write latency = 90.637697 (+/- 10) us 
Accept latency = 1514.991367 (+/- 99) us 
Batch average size = NaN (+/- 0) requests
ConsensusMessage ByteCount = 1443965:21882
LCMessage ByteCount = 55:11
TOMMessage ByteCount = 128515395:417800
StandardSMMessage ByteCount = 424:22
--- Measurements after 259000 ops (1000 samples) ---
Throughput = 4784.689 operations/sec (Maximum observed: 9009.009 ops/sec)
Total latency = 3.5853136726985E7 (+/- 0) us 
Consensus latency = 2702.129422 (+/- 601) us 
Pre-consensus latency = 0.0 (+/- 0) us 
Pos-consensus latency = 3.5850972301958E7 (+/- 0) us 
Propose latency = 884.7743889999999 (+/- 395) us 
Write latency = 280.260382 (+/- 243) us 
Accept latency = 1537.094651 (+/- 186) us 
Batch average size = NaN (+/- 0) requests
ConsensusMessage ByteCount = 1443965:21882
LCMessage ByteCount = 55:11
TOMMessage ByteCount = 128989606:418256
StandardSMMessage ByteCount = 424:22
--- Measurements after 260000 ops (1000 samples) ---
Throughput = 4807.6924 operations/sec (Maximum observed: 9009.009 ops/sec)
Total latency = 3.6010706144549005E7 (+/- 0) us 
Consensus latency = 2163.4534049999997 (+/- 105) us 
Pre-consensus latency = 0.0 (+/- 0) us 
Pos-consensus latency = 3.6008868441091E7 (+/- 0) us 
Propose latency = 562.914579 (+/- 84) us 
Write latency = 163.803745 (+/- 176) us 
Accept latency = 1436.735081 (+/- 87) us 
Batch average size = NaN (+/- 0) requests
ConsensusMessage ByteCount = 1443965:21882
LCMessage ByteCount = 55:11
TOMMessage ByteCount = 129394140:418645
StandardSMMessage ByteCount = 424:22
--- Measurements after 261000 ops (1000 samples) ---
Throughput = 3521.1267 operations/sec (Maximum observed: 9009.009 ops/sec)
Total latency = 3.6189350283773005E7 (+/- 0) us 
Consensus latency = 2226.475349 (+/- 152) us 
Pre-consensus latency = 0.0 (+/- 0) us 
Pos-consensus latency = 3.6187500425729E7 (+/- 0) us 
Propose latency = 605.41347 (+/- 112) us 
Write latency = 95.210339 (+/- 16) us 
Accept latency = 1525.85154 (+/- 101) us 
Batch average size = NaN (+/- 0) requests
ConsensusMessage ByteCount = 1443965:21882
LCMessage ByteCount = 55:11
TOMMessage ByteCount = 130044096:419270
StandardSMMessage ByteCount = 424:22
--- Measurements after 262000 ops (1000 samples) ---
Throughput = 4545.4546 operations/sec (Maximum observed: 9009.009 ops/sec)
Total latency = 3.6395530123426005E7 (+/- 0) us 
Consensus latency = 2722.855058 (+/- 1490) us 
Pre-consensus latency = 0.0 (+/- 0) us 
Pos-consensus latency = 3.6393150283617996E7 (+/- 0) us 
Propose latency = 630.8844819999999 (+/- 178) us 
Write latency = 140.41729 (+/- 98) us 
Accept latency = 1951.553286 (+/- 1507) us 
Batch average size = NaN (+/- 0) requests
ConsensusMessage ByteCount = 1443965:21882
LCMessage ByteCount = 55:11
TOMMessage ByteCount = 130523488:419731
StandardSMMessage ByteCount = 424:22
--- Measurements after 263000 ops (1000 samples) ---
Throughput = 4651.1626 operations/sec (Maximum observed: 9009.009 ops/sec)
Total latency = 3.6556677187437E7 (+/- 0) us 
Consensus latency = 2241.252436 (+/- 126) us 
Pre-consensus latency = 0.0 (+/- 0) us 
Pos-consensus latency = 3.6554754536258005E7 (+/- 0) us 
Propose latency = 581.6594329999999 (+/- 64) us 
Write latency = 141.29877100000002 (+/- 107) us 
Accept latency = 1518.294232 (+/- 118) us 
Batch average size = NaN (+/- 0) requests
ConsensusMessage ByteCount = 1443965:21882
LCMessage ByteCount = 55:11
TOMMessage ByteCount = 130851066:420046
StandardSMMessage ByteCount = 424:22
--- Measurements after 264000 ops (1000 samples) ---
Throughput = 4807.6924 operations/sec (Maximum observed: 9009.009 ops/sec)
Total latency = 3.6712137944382004E7 (+/- 0) us 
Consensus latency = 2339.341277 (+/- 246) us 
Pre-consensus latency = 0.0 (+/- 0) us 
Pos-consensus latency = 3.6710138105821E7 (+/- 0) us 
Propose latency = 597.9460320000001 (+/- 91) us 
Write latency = 216.245934 (+/- 219) us 
Accept latency = 1525.149311 (+/- 178) us 
Batch average size = NaN (+/- 0) requests
ConsensusMessage ByteCount = 1443965:21882
LCMessage ByteCount = 55:11
TOMMessage ByteCount = 131341922:420518
StandardSMMessage ByteCount = 424:22
--- Measurements after 265000 ops (1000 samples) ---
Throughput = 4366.812 operations/sec (Maximum observed: 9009.009 ops/sec)
Total latency = 3.688267238393801E7 (+/- 0) us 
Consensus latency = 2382.34327 (+/- 296) us 
Pre-consensus latency = 0.0 (+/- 0) us 
Pos-consensus latency = 3.6880700433518E7 (+/- 0) us 
Propose latency = 659.40651 (+/- 121) us 
Write latency = 204.971133 (+/- 252) us 
Accept latency = 1517.965627 (+/- 100) us 
Batch average size = NaN (+/- 0) requests
ConsensusMessage ByteCount = 1443965:21882
LCMessage ByteCount = 55:11
TOMMessage ByteCount = 131896205:421051
StandardSMMessage ByteCount = 424:22
--- Measurements after 266000 ops (1000 samples) ---
Throughput = 4830.918 operations/sec (Maximum observed: 9009.009 ops/sec)
Total latency = 3.7035890513819E7 (+/- 0) us 
Consensus latency = 2225.208104 (+/- 161) us 
Pre-consensus latency = 0.0 (+/- 0) us 
Pos-consensus latency = 3.7033999798048E7 (+/- 0) us 
Propose latency = 555.842779 (+/- 136) us 
Write latency = 131.465275 (+/- 69) us 
Accept latency = 1537.90005 (+/- 115) us 
Batch average size = NaN (+/- 0) requests
ConsensusMessage ByteCount = 1443965:21882
LCMessage ByteCount = 55:11
TOMMessage ByteCount = 132335052:421473
StandardSMMessage ByteCount = 424:22
--- Measurements after 267000 ops (1000 samples) ---
Throughput = 4830.918 operations/sec (Maximum observed: 9009.009 ops/sec)
Total latency = 3.7187350700299E7 (+/- 0) us 
Consensus latency = 2238.885791 (+/- 165) us 
Pre-consensus latency = 0.0 (+/- 0) us 
Pos-consensus latency = 3.7185453951939E7 (+/- 0) us 
Propose latency = 579.5105060000001 (+/- 92) us 
Write latency = 160.01736 (+/- 154) us 
Accept latency = 1499.357925 (+/- 244) us 
Batch average size = NaN (+/- 0) requests
ConsensusMessage ByteCount = 1443965:21882
LCMessage ByteCount = 55:11
TOMMessage ByteCount = 132406809:421542
StandardSMMessage ByteCount = 424:22
--- Measurements after 268000 ops (1000 samples) ---
Throughput = 4219.409 operations/sec (Maximum observed: 9009.009 ops/sec)
Total latency = 3.7350091669416E7 (+/- 0) us 
Consensus latency = 2236.838092 (+/- 158) us 
Pre-consensus latency = 0.0 (+/- 0) us 
Pos-consensus latency = 3.7348202598244004E7 (+/- 0) us 
Propose latency = 587.651436 (+/- 166) us 
Write latency = 197.845084 (+/- 156) us 
Accept latency = 1451.3415719999998 (+/- 120) us 
Batch average size = NaN (+/- 0) requests
ConsensusMessage ByteCount = 1443965:21882
LCMessage ByteCount = 55:11
TOMMessage ByteCount = 132423449:421558
StandardSMMessage ByteCount = 424:22
--- Measurements after 269000 ops (1000 samples) ---
Throughput = 4807.6924 operations/sec (Maximum observed: 9009.009 ops/sec)
Total latency = 3.7521285103222E7 (+/- 0) us 
Consensus latency = 2316.3162549999997 (+/- 142) us 
Pre-consensus latency = 0.0 (+/- 0) us 
Pos-consensus latency = 3.7519321561239995E7 (+/- 0) us 
Propose latency = 581.5265770000001 (+/- 77) us 
Write latency = 170.88862799999998 (+/- 178) us 
Accept latency = 1563.90105 (+/- 186) us 
Batch average size = NaN (+/- 0) requests
ConsensusMessage ByteCount = 1443965:21882
LCMessage ByteCount = 55:11
TOMMessage ByteCount = 132669915:421795
StandardSMMessage ByteCount = 424:22
--- Measurements after 270000 ops (1000 samples) ---
Throughput = 4784.689 operations/sec (Maximum observed: 9009.009 ops/sec)
Total latency = 3.7673482077E7 (+/- 0) us 
Consensus latency = 2232.762716 (+/- 138) us 
Pre-consensus latency = 0.0 (+/- 0) us 
Pos-consensus latency = 3.7671599583098E7 (+/- 0) us 
Propose latency = 577.930395 (+/- 78) us 
Write latency = 93.589457 (+/- 14) us 
Accept latency = 1561.242864 (+/- 152) us 
Batch average size = NaN (+/- 0) requests
ConsensusMessage ByteCount = 1443965:21882
LCMessage ByteCount = 55:11
TOMMessage ByteCount = 133060921:422171
StandardSMMessage ByteCount = 424:22
--- Measurements after 271000 ops (1000 samples) ---
Throughput = 5813.9536 operations/sec (Maximum observed: 9009.009 ops/sec)
Total latency = 3.7815701065889E7 (+/- 0) us 
Consensus latency = 2359.0443280000004 (+/- 231) us 
Pre-consensus latency = 0.0 (+/- 0) us 
Pos-consensus latency = 3.7813714205628E7 (+/- 0) us 
Propose latency = 608.7090450000001 (+/- 88) us 
Write latency = 174.991962 (+/- 160) us 
Accept latency = 1575.343321 (+/- 236) us 
Batch average size = NaN (+/- 0) requests
ConsensusMessage ByteCount = 1443965:21882
LCMessage ByteCount = 55:11
TOMMessage ByteCount = 133348978:422448
StandardSMMessage ByteCount = 424:22
--- Measurements after 272000 ops (1000 samples) ---
Throughput = 4444.4443 operations/sec (Maximum observed: 9009.009 ops/sec)
Total latency = 3.7982516887681E7 (+/- 0) us 
Consensus latency = 2221.305597 (+/- 179) us 
Pre-consensus latency = 0.0 (+/- 0) us 
Pos-consensus latency = 3.7980624980438E7 (+/- 0) us 
Propose latency = 558.423365 (+/- 93) us 
Write latency = 113.21927099999999 (+/- 104) us 
Accept latency = 1549.662961 (+/- 138) us 
Batch average size = NaN (+/- 0) requests
ConsensusMessage ByteCount = 1443965:21882
LCMessage ByteCount = 55:11
TOMMessage ByteCount = 133703597:422789
StandardSMMessage ByteCount = 424:22
--- Measurements after 273000 ops (1000 samples) ---
Throughput = 7462.6865 operations/sec (Maximum observed: 9009.009 ops/sec)
Total latency = 3.8074182086783E7 (+/- 0) us 
Consensus latency = 2352.0841299999997 (+/- 243) us 
Pre-consensus latency = 0.0 (+/- 0) us 
Pos-consensus latency = 3.807217361399E7 (+/- 0) us 
Propose latency = 570.8256779999999 (+/- 60) us 
Write latency = 230.92572099999998 (+/- 239) us 
Accept latency = 1550.332731 (+/- 249) us 
Batch average size = NaN (+/- 0) requests
ConsensusMessage ByteCount = 1443965:21882
LCMessage ByteCount = 55:11
TOMMessage ByteCount = 133952138:423028
StandardSMMessage ByteCount = 424:22
--- Measurements after 274000 ops (1000 samples) ---
Throughput = 7352.9414 operations/sec (Maximum observed: 9009.009 ops/sec)
Total latency = 3.8151284880242996E7 (+/- 0) us 
Consensus latency = 2920.184597 (+/- 2426) us 
Pre-consensus latency = 0.0 (+/- 0) us 
Pos-consensus latency = 3.8148862490565E7 (+/- 0) us 
Propose latency = 756.322809 (+/- 686) us 
Write latency = 105.355985 (+/- 98) us 
Accept latency = 2058.505803 (+/- 2382) us 
Batch average size = NaN (+/- 0) requests
ConsensusMessage ByteCount = 1443965:21882
LCMessage ByteCount = 55:11
TOMMessage ByteCount = 134187165:423254
StandardSMMessage ByteCount = 424:22
--- Measurements after 275000 ops (1000 samples) ---
Throughput = 4000.0 operations/sec (Maximum observed: 9009.009 ops/sec)
Total latency = 3.8279430966262E7 (+/- 0) us 
Consensus latency = 2230.435358 (+/- 131) us 
Pre-consensus latency = 0.0 (+/- 0) us 
Pos-consensus latency = 3.8277553239799E7 (+/- 0) us 
Propose latency = 563.042681 (+/- 113) us 
Write latency = 100.206147 (+/- 52) us 
Accept latency = 1567.18653 (+/- 100) us 
Batch average size = NaN (+/- 0) requests
ConsensusMessage ByteCount = 1443965:21882
LCMessage ByteCount = 55:11
TOMMessage ByteCount = 134690488:423738
StandardSMMessage ByteCount = 424:22
--- Measurements after 276000 ops (1000 samples) ---
Throughput = 4807.6924 operations/sec (Maximum observed: 9009.009 ops/sec)
Total latency = 3.8467137970603995E7 (+/- 0) us 
Consensus latency = 2287.322375 (+/- 179) us 
Pre-consensus latency = 0.0 (+/- 0) us 
Pos-consensus latency = 3.8465211265662E7 (+/- 0) us 
Propose latency = 605.4372149999999 (+/- 58) us 
Write latency = 95.712028 (+/- 23) us 
Accept latency = 1586.173132 (+/- 164) us 
Batch average size = NaN (+/- 0) requests
ConsensusMessage ByteCount = 1443965:21882
LCMessage ByteCount = 55:11
TOMMessage ByteCount = 134963988:424001
StandardSMMessage ByteCount = 424:22
--- Measurements after 277000 ops (1000 samples) ---
Throughput = 4608.295 operations/sec (Maximum observed: 9009.009 ops/sec)
Total latency = 3.8627657710791E7 (+/- 0) us 
Consensus latency = 2251.130807 (+/- 163) us 
Pre-consensus latency = 0.0 (+/- 0) us 
Pos-consensus latency = 3.8625746254700996E7 (+/- 0) us 
Propose latency = 577.6093249999999 (+/- 60) us 
Write latency = 107.046944 (+/- 78) us 
Accept latency = 1566.474538 (+/- 162) us 
Batch average size = NaN (+/- 0) requests
ConsensusMessage ByteCount = 1443965:21882
LCMessage ByteCount = 55:11
TOMMessage ByteCount = 135262447:424288
StandardSMMessage ByteCount = 424:22
--- Measurements after 278000 ops (1000 samples) ---
Throughput = 4739.3364 operations/sec (Maximum observed: 9009.009 ops/sec)
Total latency = 3.8780755880128995E7 (+/- 0) us 
Consensus latency = 2378.040161 (+/- 441) us 
Pre-consensus latency = 0.0 (+/- 0) us 
Pos-consensus latency = 3.8778801150079004E7 (+/- 0) us 
Propose latency = 668.685138 (+/- 280) us 
Write latency = 117.419715 (+/- 83) us 
Accept latency = 1591.9353079999998 (+/- 152) us 
Batch average size = NaN (+/- 0) requests
ConsensusMessage ByteCount = 1443965:21882
LCMessage ByteCount = 55:11
TOMMessage ByteCount = 135527627:424543
StandardSMMessage ByteCount = 424:22
--- Measurements after 279000 ops (1000 samples) ---
Throughput = 3731.3433 operations/sec (Maximum observed: 9009.009 ops/sec)
Total latency = 3.8988740759436995E7 (+/- 0) us 
Consensus latency = 2236.404733 (+/- 240) us 
Pre-consensus latency = 0.0 (+/- 0) us 
Pos-consensus latency = 3.8986818480932996E7 (+/- 0) us 
Propose latency = 527.7367820000001 (+/- 80) us 
Write latency = 243.614558 (+/- 278) us 
Accept latency = 1465.053393 (+/- 173) us 
Batch average size = NaN (+/- 0) requests
ConsensusMessage ByteCount = 1443965:21882
LCMessage ByteCount = 55:11
TOMMessage ByteCount = 136055916:425051
StandardSMMessage ByteCount = 424:22
--- Measurements after 280000 ops (1000 samples) ---
Throughput = 4761.905 operations/sec (Maximum observed: 9009.009 ops/sec)
Total latency = 3.9151235020459E7 (+/- 0) us 
Consensus latency = 2129.3632000000002 (+/- 220) us 
Pre-consensus latency = 0.0 (+/- 0) us 
Pos-consensus latency = 3.9149396953998E7 (+/- 0) us 
Propose latency = 493.624962 (+/- 120) us 
Write latency = 124.732606 (+/- 121) us 
Accept latency = 1511.0056319999999 (+/- 233) us 
Batch average size = NaN (+/- 0) requests
ConsensusMessage ByteCount = 1443965:21882
LCMessage ByteCount = 55:11
TOMMessage ByteCount = 136355416:425339
StandardSMMessage ByteCount = 424:22
--- Measurements after 281000 ops (1000 samples) ---
Throughput = 4739.3364 operations/sec (Maximum observed: 9009.009 ops/sec)
Total latency = 3.9305822584278E7 (+/- 0) us 
Consensus latency = 2225.009466 (+/- 186) us 
Pre-consensus latency = 0.0 (+/- 0) us 
Pos-consensus latency = 3.9303925311149E7 (+/- 0) us 
Propose latency = 530.31485 (+/- 82) us 
Write latency = 149.18404999999998 (+/- 147) us 
Accept latency = 1545.5105660000002 (+/- 182) us 
Batch average size = NaN (+/- 0) requests
ConsensusMessage ByteCount = 1443965:21882
LCMessage ByteCount = 55:11
TOMMessage ByteCount = 136697552:425668
StandardSMMessage ByteCount = 424:22
--- Measurements after 282000 ops (1000 samples) ---
Throughput = 3584.2295 operations/sec (Maximum observed: 9009.009 ops/sec)
Total latency = 3.9481648644668E7 (+/- 0) us 
Consensus latency = 2251.1437400000004 (+/- 181) us 
Pre-consensus latency = 0.0 (+/- 0) us 
Pos-consensus latency = 3.9479727616066E7 (+/- 0) us 
Propose latency = 567.8443860000001 (+/- 77) us 
Write latency = 99.376072 (+/- 29) us 
Accept latency = 1583.923282 (+/- 192) us 
Batch average size = NaN (+/- 0) requests
ConsensusMessage ByteCount = 1443965:21882
LCMessage ByteCount = 55:11
TOMMessage ByteCount = 137171765:426124
StandardSMMessage ByteCount = 424:22
--- Measurements after 283000 ops (1000 samples) ---
Throughput = 4672.897 operations/sec (Maximum observed: 9009.009 ops/sec)
Total latency = 3.9689970935544E7 (+/- 0) us 
Consensus latency = 2318.6704369999998 (+/- 242) us 
Pre-consensus latency = 0.0 (+/- 0) us 
Pos-consensus latency = 3.9687990579911E7 (+/- 0) us 
Propose latency = 587.340608 (+/- 100) us 
Write latency = 196.690441 (+/- 178) us 
Accept latency = 1534.639388 (+/- 108) us 
Batch average size = NaN (+/- 0) requests
ConsensusMessage ByteCount = 1443965:21882
LCMessage ByteCount = 55:11
TOMMessage ByteCount = 137492060:426432
StandardSMMessage ByteCount = 424:22
--- Measurements after 284000 ops (1000 samples) ---
Throughput = 4784.689 operations/sec (Maximum observed: 9009.009 ops/sec)
Total latency = 3.9843427567742E7 (+/- 0) us 
Consensus latency = 2661.230907 (+/- 701) us 
Pre-consensus latency = 0.0 (+/- 0) us 
Pos-consensus latency = 3.984119220754E7 (+/- 0) us 
Propose latency = 772.368507 (+/- 349) us 
Write latency = 331.424283 (+/- 604) us 
Accept latency = 1557.4381170000001 (+/- 171) us 
Batch average size = NaN (+/- 0) requests
ConsensusMessage ByteCount = 1443965:21882
LCMessage ByteCount = 55:11
TOMMessage ByteCount = 137782203:426711
StandardSMMessage ByteCount = 424:22
--- Measurements after 285000 ops (1000 samples) ---
Throughput = 4761.905 operations/sec (Maximum observed: 9009.009 ops/sec)
Total latency = 3.9995993362582E7 (+/- 0) us 
Consensus latency = 2411.8157880000003 (+/- 958) us 
Pre-consensus latency = 0.0 (+/- 0) us 
Pos-consensus latency = 3.9994179492082E7 (+/- 0) us 
Propose latency = 833.780491 (+/- 965) us 
Write latency = 88.844166 (+/- 21) us 
Accept latency = 1489.191131 (+/- 210) us 
Batch average size = NaN (+/- 0) requests
ConsensusMessage ByteCount = 1443965:21882
LCMessage ByteCount = 55:11
TOMMessage ByteCount = 137952755:426875
StandardSMMessage ByteCount = 424:22
--- Measurements after 286000 ops (1000 samples) ---
Throughput = 2710.027 operations/sec (Maximum observed: 9009.009 ops/sec)
Total latency = 4.0235422755732E7 (+/- 0) us 
Consensus latency = 2261.805977 (+/- 151) us 
Pre-consensus latency = 0.0 (+/- 0) us 
Pos-consensus latency = 4.0233496288972996E7 (+/- 0) us 
Propose latency = 565.7161169999999 (+/- 66) us 
Write latency = 227.4247 (+/- 175) us 
Accept latency = 1468.66516 (+/- 126) us 
Batch average size = NaN (+/- 0) requests
ConsensusMessage ByteCount = 1443965:21882
LCMessage ByteCount = 55:11
TOMMessage ByteCount = 138460241:427363
StandardSMMessage ByteCount = 424:22
--- Measurements after 287000 ops (1000 samples) ---
Throughput = 4405.286 operations/sec (Maximum observed: 9009.009 ops/sec)
Total latency = 4.0479073869839996E7 (+/- 0) us 
Consensus latency = 2295.7165750000004 (+/- 207) us 
Pre-consensus latency = 0.0 (+/- 0) us 
Pos-consensus latency = 4.0477119999655E7 (+/- 0) us 
Propose latency = 609.340792 (+/- 102) us 
Write latency = 109.394382 (+/- 64) us 
Accept latency = 1576.981401 (+/- 182) us 
Batch average size = NaN (+/- 0) requests
ConsensusMessage ByteCount = 1443965:21882
LCMessage ByteCount = 55:11
TOMMessage ByteCount = 138832534:427721
StandardSMMessage ByteCount = 424:22
--- Measurements after 288000 ops (1000 samples) ---
Throughput = 4504.5044 operations/sec (Maximum observed: 9009.009 ops/sec)
Total latency = 4.0647043808721E7 (+/- 0) us 
Consensus latency = 2256.287893 (+/- 202) us 
Pre-consensus latency = 0.0 (+/- 0) us 
Pos-consensus latency = 4.0645115320961E7 (+/- 0) us 
Propose latency = 562.691652 (+/- 80) us 
Write latency = 181.608916 (+/- 180) us 
Accept latency = 1511.987325 (+/- 81) us 
Batch average size = NaN (+/- 0) requests
ConsensusMessage ByteCount = 1443965:21882
LCMessage ByteCount = 55:11
TOMMessage ByteCount = 139176749:428052
StandardSMMessage ByteCount = 424:22
--- Measurements after 289000 ops (1000 samples) ---
Throughput = 3508.772 operations/sec (Maximum observed: 9009.009 ops/sec)
Total latency = 4.0824350415509E7 (+/- 0) us 
Consensus latency = 2223.50943 (+/- 104) us 
Pre-consensus latency = 0.0 (+/- 0) us 
Pos-consensus latency = 4.0822473130952E7 (+/- 0) us 
Propose latency = 593.02735 (+/- 56) us 
Write latency = 109.509164 (+/- 79) us 
Accept latency = 1520.972916 (+/- 114) us 
Batch average size = NaN (+/- 0) requests
ConsensusMessage ByteCount = 1443965:21882
LCMessage ByteCount = 55:11
TOMMessage ByteCount = 139548006:428409
StandardSMMessage ByteCount = 424:22
--- Measurements after 290000 ops (1000 samples) ---
Throughput = 4545.4546 operations/sec (Maximum observed: 9009.009 ops/sec)
Total latency = 4.1037901474164E7 (+/- 0) us 
Consensus latency = 2359.752883 (+/- 300) us 
Pre-consensus latency = 0.0 (+/- 0) us 
Pos-consensus latency = 4.1036006039191E7 (+/- 0) us 
Propose latency = 766.641177 (+/- 324) us 
Write latency = 161.685158 (+/- 166) us 
Accept latency = 1431.426548 (+/- 86) us 
Batch average size = NaN (+/- 0) requests
ConsensusMessage ByteCount = 1443965:21882
LCMessage ByteCount = 55:11
TOMMessage ByteCount = 139793425:428645
StandardSMMessage ByteCount = 424:22
--- Measurements after 291000 ops (1000 samples) ---
Throughput = 4784.689 operations/sec (Maximum observed: 9009.009 ops/sec)
Total latency = 4.119561670576999E7 (+/- 0) us 
Consensus latency = 2886.985158 (+/- 2672) us 
Pre-consensus latency = 0.0 (+/- 0) us 
Pos-consensus latency = 4.1193087295333E7 (+/- 0) us 
Propose latency = 600.467369 (+/- 89) us 
Write latency = 152.470336 (+/- 137) us 
Accept latency = 2134.047453 (+/- 2685) us 
Batch average size = NaN (+/- 0) requests
ConsensusMessage ByteCount = 1443965:21882
LCMessage ByteCount = 55:11
TOMMessage ByteCount = 139802785:428654
StandardSMMessage ByteCount = 424:22
--- Measurements after 292000 ops (1000 samples) ---
Throughput = 4784.689 operations/sec (Maximum observed: 9009.009 ops/sec)
Total latency = 4.1352831762214E7 (+/- 0) us 
Consensus latency = 2244.251624 (+/- 143) us 
Pre-consensus latency = 0.0 (+/- 0) us 
Pos-consensus latency = 4.1350922284924E7 (+/- 0) us 
Propose latency = 567.4832070000001 (+/- 68) us 
Write latency = 196.258478 (+/- 132) us 
Accept latency = 1480.509939 (+/- 111) us 
Batch average size = NaN (+/- 0) requests
ConsensusMessage ByteCount = 1443965:21882
LCMessage ByteCount = 55:11
TOMMessage ByteCount = 139817344:428668
StandardSMMessage ByteCount = 424:22
--- Measurements after 293000 ops (1000 samples) ---
Throughput = 3802.2812 operations/sec (Maximum observed: 9009.009 ops/sec)
Total latency = 4.1531410109411E7 (+/- 0) us 
Consensus latency = 2177.640643 (+/- 142) us 
Pre-consensus latency = 0.0 (+/- 0) us 
Pos-consensus latency = 4.1529577965636E7 (+/- 0) us 
Propose latency = 543.362549 (+/- 66) us 
Write latency = 173.798763 (+/- 161) us 
Accept latency = 1460.479331 (+/- 85) us 
Batch average size = NaN (+/- 0) requests
ConsensusMessage ByteCount = 1443965:21882
LCMessage ByteCount = 55:11
TOMMessage ByteCount = 139831904:428682
StandardSMMessage ByteCount = 424:22
--- Measurements after 294000 ops (1000 samples) ---
Throughput = 4784.689 operations/sec (Maximum observed: 9009.009 ops/sec)
Total latency = 4.1713927592109E7 (+/- 0) us 
Consensus latency = 2213.437077 (+/- 169) us 
Pre-consensus latency = 0.0 (+/- 0) us 
Pos-consensus latency = 4.1712059335876E7 (+/- 0) us 
Propose latency = 567.672421 (+/- 71) us 
Write latency = 128.434406 (+/- 103) us 
Accept latency = 1517.33025 (+/- 131) us 
Batch average size = NaN (+/- 0) requests
ConsensusMessage ByteCount = 1443965:21882
LCMessage ByteCount = 55:11
TOMMessage ByteCount = 139845424:428695
StandardSMMessage ByteCount = 424:22
--- Measurements after 295000 ops (1000 samples) ---
Throughput = 4784.689 operations/sec (Maximum observed: 9009.009 ops/sec)
Total latency = 4.1867703905307E7 (+/- 0) us 
Consensus latency = 2179.339918 (+/- 146) us 
Pre-consensus latency = 0.0 (+/- 0) us 
Pos-consensus latency = 4.1865853102207E7 (+/- 0) us 
Propose latency = 556.971639 (+/- 66) us 
Write latency = 145.41856099999998 (+/- 141) us 
Accept latency = 1476.949718 (+/- 75) us 
Batch average size = NaN (+/- 0) requests
ConsensusMessage ByteCount = 1443965:21882
LCMessage ByteCount = 55:11
TOMMessage ByteCount = 139856864:428706
StandardSMMessage ByteCount = 424:22
--- Measurements after 296000 ops (1000 samples) ---
Throughput = 4784.689 operations/sec (Maximum observed: 9009.009 ops/sec)
Total latency = 4.2019305301993E7 (+/- 0) us 
Consensus latency = 2461.440803 (+/- 668) us 
Pre-consensus latency = 0.0 (+/- 0) us 
Pos-consensus latency = 4.2017282587224E7 (+/- 0) us 
Propose latency = 860.373916 (+/- 693) us 
Write latency = 95.20537300000001 (+/- 11) us 
Accept latency = 1505.861514 (+/- 127) us 
Batch average size = NaN (+/- 0) requests
ConsensusMessage ByteCount = 1443965:21882
LCMessage ByteCount = 55:11
TOMMessage ByteCount = 139862063:428711
StandardSMMessage ByteCount = 424:22
--- Measurements after 297000 ops (1000 samples) ---
Throughput = 3558.7188 operations/sec (Maximum observed: 9009.009 ops/sec)
Total latency = 4.2233131633162E7 (+/- 0) us 
Consensus latency = 2480.037681 (+/- 713) us 
Pre-consensus latency = 0.0 (+/- 0) us 
Pos-consensus latency = 4.2231085516802005E7 (+/- 0) us 
Propose latency = 893.793843 (+/- 742) us 
Write latency = 93.306011 (+/- 9) us 
Accept latency = 1492.937827 (+/- 85) us 
Batch average size = NaN (+/- 0) requests
ConsensusMessage ByteCount = 1443965:21882
LCMessage ByteCount = 55:11
TOMMessage ByteCount = 139870383:428719
StandardSMMessage ByteCount = 424:22
--- Measurements after 298000 ops (1000 samples) ---
Throughput = 4784.689 operations/sec (Maximum observed: 9009.009 ops/sec)
Total latency = 4.2399785137583E7 (+/- 0) us 
Consensus latency = 2278.790918 (+/- 122) us 
Pre-consensus latency = 0.0 (+/- 0) us 
Pos-consensus latency = 4.2397865108919E7 (+/- 0) us 
Propose latency = 583.800787 (+/- 102) us 
Write latency = 153.862992 (+/- 177) us 
Accept latency = 1541.127139 (+/- 103) us 
Batch average size = NaN (+/- 0) requests
ConsensusMessage ByteCount = 1443965:21882
LCMessage ByteCount = 55:11
TOMMessage ByteCount = 139871423:428720
StandardSMMessage ByteCount = 424:22
--- Measurements after 299000 ops (1000 samples) ---
Throughput = 4784.689 operations/sec (Maximum observed: 9009.009 ops/sec)
Total latency = 4.2553191220989E7 (+/- 0) us 
Consensus latency = 2164.534721 (+/- 121) us 
Pre-consensus latency = 0.0 (+/- 0) us 
Pos-consensus latency = 4.2551362805087E7 (+/- 0) us 
Propose latency = 561.204515 (+/- 56) us 
Write latency = 118.455426 (+/- 91) us 
Accept latency = 1484.87478 (+/- 102) us 
Batch average size = NaN (+/- 0) requests
ConsensusMessage ByteCount = 1443965:21882
LCMessage ByteCount = 55:11
TOMMessage ByteCount = 139878703:428727
StandardSMMessage ByteCount = 424:22
--- Measurements after 300000 ops (1000 samples) ---
Throughput = 4016.0642 operations/sec (Maximum observed: 9009.009 ops/sec)
Total latency = 4.2713386879268E7 (+/- 0) us 
Consensus latency = 2375.680738 (+/- 210) us 
Pre-consensus latency = 0.0 (+/- 0) us 
Pos-consensus latency = 4.2711335749409E7 (+/- 0) us 
Propose latency = 569.918981 (+/- 65) us 
Write latency = 164.439896 (+/- 138) us 
Accept latency = 1641.3218610000001 (+/- 236) us 
Batch average size = NaN (+/- 0) requests
ConsensusMessage ByteCount = 1443965:21882
LCMessage ByteCount = 55:11
TOMMessage ByteCount = 139899502:428747
StandardSMMessage ByteCount = 424:22
--- Measurements after 301000 ops (1000 samples) ---
Throughput = 3906.25 operations/sec (Maximum observed: 9009.009 ops/sec)
Total latency = 4.2946651475406E7 (+/- 0) us 
Consensus latency = 2234.537082 (+/- 141) us 
Pre-consensus latency = 0.0 (+/- 0) us 
Pos-consensus latency = 4.2944739065698996E7 (+/- 0) us 
Propose latency = 571.538047 (+/- 62) us 
Write latency = 124.63884399999999 (+/- 82) us 
Accept latency = 1538.3601910000002 (+/- 156) us 
Batch average size = NaN (+/- 0) requests
ConsensusMessage ByteCount = 1443965:21882
LCMessage ByteCount = 55:11
TOMMessage ByteCount = 139903662:428751
StandardSMMessage ByteCount = 424:22
--- Measurements after 302000 ops (1000 samples) ---
Throughput = 4807.6924 operations/sec (Maximum observed: 9009.009 ops/sec)
Total latency = 4.3100169366435E7 (+/- 0) us 
Consensus latency = 2329.80673 (+/- 255) us 
Pre-consensus latency = 0.0 (+/- 0) us 
Pos-consensus latency = 4.3098208230215E7 (+/- 0) us 
Propose latency = 684.757888 (+/- 253) us 
Write latency = 236.40158799999998 (+/- 425) us 
Accept latency = 1408.647254 (+/- 419) us 
Batch average size = NaN (+/- 0) requests
ConsensusMessage ByteCount = 1443965:21882
LCMessage ByteCount = 55:11
TOMMessage ByteCount = 139907822:428755
StandardSMMessage ByteCount = 424:22
--- Measurements after 303000 ops (1000 samples) ---
Throughput = 4545.4546 operations/sec (Maximum observed: 9009.009 ops/sec)
Total latency = 4.3254217696327E7 (+/- 0) us 
Consensus latency = 2350.311932 (+/- 237) us 
Pre-consensus latency = 0.0 (+/- 0) us 
Pos-consensus latency = 4.3252231727237E7 (+/- 0) us 
Propose latency = 652.5331219999999 (+/- 155) us 
Write latency = 256.308127 (+/- 247) us 
Accept latency = 1441.470683 (+/- 96) us 
Batch average size = NaN (+/- 0) requests
ConsensusMessage ByteCount = 1443965:21882
LCMessage ByteCount = 55:11
TOMMessage ByteCount = 139916142:428763
StandardSMMessage ByteCount = 424:22
--- Measurements after 304000 ops (1000 samples) ---
Throughput = 3937.0078 operations/sec (Maximum observed: 9009.009 ops/sec)
Total latency = 4.3442483551233E7 (+/- 0) us 
Consensus latency = 2268.440818 (+/- 133) us 
Pre-consensus latency = 0.0 (+/- 0) us 
Pos-consensus latency = 4.3440567147165E7 (+/- 0) us 
Propose latency = 580.7637480000001 (+/- 62) us 
Write latency = 138.68830400000002 (+/- 145) us 
Accept latency = 1548.9887660000002 (+/- 113) us 
Batch average size = NaN (+/- 0) requests
ConsensusMessage ByteCount = 1443965:21882
LCMessage ByteCount = 55:11
TOMMessage ByteCount = 139923422:428770
StandardSMMessage ByteCount = 424:22
--- Measurements after 305000 ops (1000 samples) ---
Throughput = 4761.905 operations/sec (Maximum observed: 9009.009 ops/sec)
Total latency = 4.3615300205931E7 (+/- 0) us 
Consensus latency = 2201.048742 (+/- 118) us 
Pre-consensus latency = 0.0 (+/- 0) us 
Pos-consensus latency = 4.361345758862E7 (+/- 0) us 
Propose latency = 577.922069 (+/- 79) us 
Write latency = 109.706983 (+/- 70) us 
Accept latency = 1513.41969 (+/- 147) us 
Batch average size = NaN (+/- 0) requests
ConsensusMessage ByteCount = 1443965:21882
LCMessage ByteCount = 55:11
TOMMessage ByteCount = 139932782:428779
StandardSMMessage ByteCount = 424:22
--- Measurements after 306000 ops (1000 samples) ---
Throughput = 4784.689 operations/sec (Maximum observed: 9009.009 ops/sec)
Total latency = 4.3769342760095E7 (+/- 0) us 
Consensus latency = 2262.4359219999997 (+/- 119) us 
Pre-consensus latency = 0.0 (+/- 0) us 
Pos-consensus latency = 4.3767436429556E7 (+/- 0) us 
Propose latency = 587.358549 (+/- 47) us 
Write latency = 116.700334 (+/- 68) us 
Accept latency = 1558.3770390000002 (+/- 133) us 
Batch average size = NaN (+/- 0) requests
ConsensusMessage ByteCount = 1443965:21882
LCMessage ByteCount = 55:11
TOMMessage ByteCount = 139940060:428786
StandardSMMessage ByteCount = 424:22
--- Measurements after 307000 ops (1000 samples) ---
Throughput = 4784.689 operations/sec (Maximum observed: 9009.009 ops/sec)
Total latency = 4.3922163894703E7 (+/- 0) us 
Consensus latency = 2239.1817349999997 (+/- 144) us 
Pre-consensus latency = 0.0 (+/- 0) us 
Pos-consensus latency = 4.3920282075655E7 (+/- 0) us 
Propose latency = 617.677571 (+/- 57) us 
Write latency = 189.334012 (+/- 170) us 
Accept latency = 1432.170152 (+/- 246) us 
Batch average size = NaN (+/- 0) requests
ConsensusMessage ByteCount = 1443965:21882
LCMessage ByteCount = 55:11
TOMMessage ByteCount = 139942140:428788
StandardSMMessage ByteCount = 424:22
--- Measurements after 308000 ops (1000 samples) ---
Throughput = 2967.3591 operations/sec (Maximum observed: 9009.009 ops/sec)
Total latency = 4.414261036737E7 (+/- 0) us 
Consensus latency = 2621.4966919999997 (+/- 1186) us 
Pre-consensus latency = 0.0 (+/- 0) us 
Pos-consensus latency = 4.4140335704931E7 (+/- 0) us 
Propose latency = 615.708515 (+/- 153) us 
Write latency = 177.71329999999998 (+/- 189) us 
Accept latency = 1828.074877 (+/- 1205) us 
Batch average size = NaN (+/- 0) requests
ConsensusMessage ByteCount = 1443965:21882
LCMessage ByteCount = 55:11
TOMMessage ByteCount = 139958780:428804
StandardSMMessage ByteCount = 424:22
--- Measurements after 309000 ops (1000 samples) ---
Throughput = 3012.048 operations/sec (Maximum observed: 9009.009 ops/sec)
Total latency = 4.4417435839874E7 (+/- 0) us 
Consensus latency = 2548.8917859999997 (+/- 588) us 
Pre-consensus latency = 0.0 (+/- 0) us 
Pos-consensus latency = 4.4415331978584E7 (+/- 0) us 
Propose latency = 740.845371 (+/- 299) us 
Write latency = 255.673687 (+/- 281) us 
Accept latency = 1552.3727279999998 (+/- 132) us 
Batch average size = NaN (+/- 0) requests
ConsensusMessage ByteCount = 1443965:21882
LCMessage ByteCount = 55:11
TOMMessage ByteCount = 139969180:428814
StandardSMMessage ByteCount = 424:22
--- Measurements after 310000 ops (1000 samples) ---
Throughput = 3571.4285 operations/sec (Maximum observed: 9009.009 ops/sec)
Total latency = 4.4684456154089995E7 (+/- 0) us 
Consensus latency = 2565.1297480000003 (+/- 666) us 
Pre-consensus latency = 0.0 (+/- 0) us 
Pos-consensus latency = 4.4682349213102E7 (+/- 0) us 
Propose latency = 762.104383 (+/- 341) us 
Write latency = 231.36441200000002 (+/- 293) us 
Accept latency = 1571.660953 (+/- 76) us 
Batch average size = NaN (+/- 0) requests
ConsensusMessage ByteCount = 1443965:21882
LCMessage ByteCount = 55:11
TOMMessage ByteCount = 139976460:428821
StandardSMMessage ByteCount = 424:22
--- Measurements after 311000 ops (1000 samples) ---
Throughput = 4761.905 operations/sec (Maximum observed: 9009.009 ops/sec)
Total latency = 4.4859513993021004E7 (+/- 0) us 
Consensus latency = 2268.086728 (+/- 132) us 
Pre-consensus latency = 0.0 (+/- 0) us 
Pos-consensus latency = 4.4857611993734E7 (+/- 0) us 
Propose latency = 617.453106 (+/- 45) us 
Write latency = 130.197664 (+/- 89) us 
Accept latency = 1520.435958 (+/- 125) us 
Batch average size = NaN (+/- 0) requests
ConsensusMessage ByteCount = 1443965:21882
LCMessage ByteCount = 55:11
TOMMessage ByteCount = 139977500:428822
StandardSMMessage ByteCount = 424:22
--- Measurements after 312000 ops (1000 samples) ---
Throughput = 4784.689 operations/sec (Maximum observed: 9009.009 ops/sec)
Total latency = 4.5012932198437E7 (+/- 0) us 
Consensus latency = 2222.730905 (+/- 112) us 
Pre-consensus latency = 0.0 (+/- 0) us 
Pos-consensus latency = 4.501105288796E7 (+/- 0) us 
Propose latency = 593.300086 (+/- 39) us 
Write latency = 138.88419399999998 (+/- 134) us 
Accept latency = 1490.546625 (+/- 61) us 
Batch average size = NaN (+/- 0) requests
ConsensusMessage ByteCount = 1443965:21882
LCMessage ByteCount = 55:11
TOMMessage ByteCount = 139978540:428823
StandardSMMessage ByteCount = 424:22
--- Measurements after 313000 ops (1000 samples) ---
Throughput = 3095.9753 operations/sec (Maximum observed: 9009.009 ops/sec)
Total latency = 4.5247192438153E7 (+/- 0) us 
Consensus latency = 2211.534729 (+/- 101) us 
Pre-consensus latency = 0.0 (+/- 0) us 
Pos-consensus latency = 4.5245328111225E7 (+/- 0) us 
Propose latency = 595.837029 (+/- 65) us 
Write latency = 106.995204 (+/- 62) us 
Accept latency = 1508.702496 (+/- 65) us 
Batch average size = NaN (+/- 0) requests
ConsensusMessage ByteCount = 1443965:21882
LCMessage ByteCount = 55:11
TOMMessage ByteCount = 139994140:428838
StandardSMMessage ByteCount = 424:22
--- Measurements after 314000 ops (1000 samples) ---
Throughput = 4807.6924 operations/sec (Maximum observed: 9009.009 ops/sec)
Total latency = 4.5432246844173E7 (+/- 0) us 
Consensus latency = 2725.120249 (+/- 2456) us 
Pre-consensus latency = 0.0 (+/- 0) us 
Pos-consensus latency = 4.542983899722E7 (+/- 0) us 
Propose latency = 549.7576339999999 (+/- 132) us 
Write latency = 94.73298799999999 (+/- 48) us 
Accept latency = 2080.6296270000003 (+/- 2435) us 
Batch average size = NaN (+/- 0) requests
ConsensusMessage ByteCount = 1443965:21882
LCMessage ByteCount = 55:11
TOMMessage ByteCount = 139994140:428838
StandardSMMessage ByteCount = 424:22
--- Measurements after 315000 ops (1000 samples) ---
Throughput = 4807.6924 operations/sec (Maximum observed: 9009.009 ops/sec)
Total latency = 4.5585828293391995E7 (+/- 0) us 
Consensus latency = 2097.055543 (+/- 210) us 
Pre-consensus latency = 0.0 (+/- 0) us 
Pos-consensus latency = 4.5584093688644E7 (+/- 0) us 
Propose latency = 590.0281650000001 (+/- 102) us 
Write latency = 136.40655999999998 (+/- 109) us 
Accept latency = 1370.6208179999999 (+/- 239) us 
Batch average size = NaN (+/- 0) requests
ConsensusMessage ByteCount = 1443965:21882
LCMessage ByteCount = 55:11
TOMMessage ByteCount = 139994140:428838
StandardSMMessage ByteCount = 424:22
--- Measurements after 316000 ops (1000 samples) ---
Throughput = 3816.794 operations/sec (Maximum observed: 9009.009 ops/sec)
Total latency = 4.5745857804111E7 (+/- 0) us 
Consensus latency = 2211.5731140000003 (+/- 281) us 
Pre-consensus latency = 0.0 (+/- 0) us 
Pos-consensus latency = 4.5744018590957E7 (+/- 0) us 
Propose latency = 618.945426 (+/- 95) us 
Write latency = 133.327149 (+/- 53) us 
Accept latency = 1459.300539 (+/- 191) us 
Batch average size = NaN (+/- 0) requests
ConsensusMessage ByteCount = 1443965:21882
LCMessage ByteCount = 55:11
TOMMessage ByteCount = 139995180:428839
StandardSMMessage ByteCount = 424:22
--- Measurements after 317000 ops (1000 samples) ---
Throughput = 4545.4546 operations/sec (Maximum observed: 9009.009 ops/sec)
Total latency = 4.5957143947036006E7 (+/- 0) us 
Consensus latency = 2234.696434 (+/- 258) us 
Pre-consensus latency = 0.0 (+/- 0) us 
Pos-consensus latency = 4.5955282307656996E7 (+/- 0) us 
Propose latency = 611.76798 (+/- 111) us 
Write latency = 158.912589 (+/- 147) us 
Accept latency = 1464.015865 (+/- 220) us 
Batch average size = NaN (+/- 0) requests
ConsensusMessage ByteCount = 1443965:21882
LCMessage ByteCount = 55:11
TOMMessage ByteCount = 139999339:428843
StandardSMMessage ByteCount = 424:22
--- Measurements after 318000 ops (1000 samples) ---
Throughput = 4784.689 operations/sec (Maximum observed: 9009.009 ops/sec)
Total latency = 4.6111967247306E7 (+/- 0) us 
Consensus latency = 2188.671734 (+/- 118) us 
Pre-consensus latency = 0.0 (+/- 0) us 
Pos-consensus latency = 4.6110137013056E7 (+/- 0) us 
Propose latency = 569.176424 (+/- 41) us 
Write latency = 84.38964299999999 (+/- 20) us 
Accept latency = 1535.1056669999998 (+/- 131) us 
Batch average size = NaN (+/- 0) requests
ConsensusMessage ByteCount = 1443965:21882
LCMessage ByteCount = 55:11
TOMMessage ByteCount = 139999339:428843
StandardSMMessage ByteCount = 424:22
--- Measurements after 319000 ops (1000 samples) ---
Throughput = 4807.6924 operations/sec (Maximum observed: 9009.009 ops/sec)
Total latency = 4.6264863913916E7 (+/- 0) us 
Consensus latency = 2189.579098 (+/- 140) us 
Pre-consensus latency = 0.0 (+/- 0) us 
Pos-consensus latency = 4.6263028995222E7 (+/- 0) us 
Propose latency = 547.524275 (+/- 52) us 
Write latency = 169.48935200000003 (+/- 199) us 
Accept latency = 1472.565471 (+/- 176) us 
Batch average size = NaN (+/- 0) requests
ConsensusMessage ByteCount = 1443965:21882
LCMessage ByteCount = 55:11
TOMMessage ByteCount = 140005578:428849
StandardSMMessage ByteCount = 424:22
--- Measurements after 320000 ops (1000 samples) ---
Throughput = 3717.4722 operations/sec (Maximum observed: 9009.009 ops/sec)
Total latency = 4.6439968354301006E7 (+/- 0) us 
Consensus latency = 2684.80728 (+/- 1713) us 
Pre-consensus latency = 0.0 (+/- 0) us 
Pos-consensus latency = 4.643763146468E7 (+/- 0) us 
Propose latency = 585.388124 (+/- 53) us 
Write latency = 270.444254 (+/- 619) us 
Accept latency = 1828.974902 (+/- 1612) us 
Batch average size = NaN (+/- 0) requests
ConsensusMessage ByteCount = 1443965:21882
LCMessage ByteCount = 55:11
TOMMessage ByteCount = 140015976:428859
StandardSMMessage ByteCount = 424:22
--- Measurements after 321000 ops (1000 samples) ---
Throughput = 4784.689 operations/sec (Maximum observed: 9009.009 ops/sec)
Total latency = 4.6630225044295E7 (+/- 0) us 
Consensus latency = 2225.0675440000005 (+/- 138) us 
Pre-consensus latency = 0.0 (+/- 0) us 
Pos-consensus latency = 4.6628350911259E7 (+/- 0) us 
Propose latency = 594.036554 (+/- 54) us 
Write latency = 91.69326 (+/- 7) us 
Accept latency = 1539.33773 (+/- 135) us 
Batch average size = NaN (+/- 0) requests
ConsensusMessage ByteCount = 1443965:21882
LCMessage ByteCount = 55:11
TOMMessage ByteCount = 140090852:428931
StandardSMMessage ByteCount = 424:22
--- Measurements after 322000 ops (1000 samples) ---
Throughput = 4784.689 operations/sec (Maximum observed: 9009.009 ops/sec)
Total latency = 4.6781359045149E7 (+/- 0) us 
Consensus latency = 2348.099816 (+/- 202) us 
Pre-consensus latency = 0.0 (+/- 0) us 
Pos-consensus latency = 4.6779429942402E7 (+/- 0) us 
Propose latency = 674.926685 (+/- 169) us 
Write latency = 127.348193 (+/- 138) us 
Accept latency = 1545.824938 (+/- 173) us 
Batch average size = NaN (+/- 0) requests
ConsensusMessage ByteCount = 1443965:21882
LCMessage ByteCount = 55:11
TOMMessage ByteCount = 140108531:428948
StandardSMMessage ByteCount = 424:22
--- Measurements after 323000 ops (1000 samples) ---
Throughput = 4761.905 operations/sec (Maximum observed: 9009.009 ops/sec)
Total latency = 4.693562682439601E7 (+/- 0) us 
Consensus latency = 2215.2301979999997 (+/- 163) us 
Pre-consensus latency = 0.0 (+/- 0) us 
Pos-consensus latency = 4.6933726023529E7 (+/- 0) us 
Propose latency = 558.503117 (+/- 92) us 
Write latency = 113.225902 (+/- 81) us 
Accept latency = 1543.501179 (+/- 119) us 
Batch average size = NaN (+/- 0) requests
ConsensusMessage ByteCount = 1443965:21882
LCMessage ByteCount = 55:11
TOMMessage ByteCount = 140138691:428977
StandardSMMessage ByteCount = 424:22
--- Measurements after 324000 ops (1000 samples) ---
Throughput = 3787.879 operations/sec (Maximum observed: 9009.009 ops/sec)
Total latency = 4.7125062740061E7 (+/- 0) us 
Consensus latency = 2290.897962 (+/- 215) us 
Pre-consensus latency = 0.0 (+/- 0) us 
Pos-consensus latency = 4.7123133640071E7 (+/- 0) us 
Propose latency = 656.215941 (+/- 165) us 
Write latency = 93.086989 (+/- 10) us 
Accept latency = 1541.595032 (+/- 155) us 
Batch average size = NaN (+/- 0) requests
ConsensusMessage ByteCount = 1443965:21882
LCMessage ByteCount = 55:11
TOMMessage ByteCount = 140168847:429006
StandardSMMessage ByteCount = 424:22
--- Measurements after 325000 ops (1000 samples) ---
Throughput = 4784.689 operations/sec (Maximum observed: 9009.009 ops/sec)
Total latency = 4.7295852931189E7 (+/- 0) us 
Consensus latency = 2769.609782 (+/- 1746) us 
Pre-consensus latency = 0.0 (+/- 0) us 
Pos-consensus latency = 4.7293510685670994E7 (+/- 0) us 
Propose latency = 662.940029 (+/- 278) us 
Write latency = 112.497688 (+/- 61) us 
Accept latency = 1994.172065 (+/- 1768) us 
Batch average size = NaN (+/- 0) requests
ConsensusMessage ByteCount = 1443965:21882
LCMessage ByteCount = 55:11
TOMMessage ByteCount = 140271800:429105
StandardSMMessage ByteCount = 424:22
--- Measurements after 326000 ops (1000 samples) ---
Throughput = 6451.613 operations/sec (Maximum observed: 9009.009 ops/sec)
Total latency = 4.7424535260119006E7 (+/- 0) us 
Consensus latency = 2244.227674 (+/- 172) us 
Pre-consensus latency = 0.0 (+/- 0) us 
Pos-consensus latency = 4.7422639461107E7 (+/- 0) us 
Propose latency = 593.052952 (+/- 56) us 
Write latency = 112.33355 (+/- 67) us 
Accept latency = 1538.841172 (+/- 97) us 
Batch average size = NaN (+/- 0) requests
ConsensusMessage ByteCount = 1443965:21882
LCMessage ByteCount = 55:11
TOMMessage ByteCount = 140362275:429192
StandardSMMessage ByteCount = 424:22
--- Measurements after 327000 ops (1000 samples) ---
Throughput = 5714.2856 operations/sec (Maximum observed: 9009.009 ops/sec)
Total latency = 4.7519979289286E7 (+/- 0) us 
Consensus latency = 2185.593175 (+/- 107) us 
Pre-consensus latency = 0.0 (+/- 0) us 
Pos-consensus latency = 4.7518149109988E7 (+/- 0) us 
Propose latency = 587.034589 (+/- 53) us 
Write latency = 147.006688 (+/- 124) us 
Accept latency = 1451.551898 (+/- 114) us 
Batch average size = NaN (+/- 0) requests
ConsensusMessage ByteCount = 1443965:21882
LCMessage ByteCount = 55:11
TOMMessage ByteCount = 140489144:429314
StandardSMMessage ByteCount = 424:22
--- Measurements after 328000 ops (1000 samples) ---
Throughput = 4166.6665 operations/sec (Maximum observed: 9009.009 ops/sec)
Total latency = 4.7694880342521004E7 (+/- 0) us 
Consensus latency = 2249.271303 (+/- 176) us 
Pre-consensus latency = 0.0 (+/- 0) us 
Pos-consensus latency = 4.7693018140370004E7 (+/- 0) us 
Propose latency = 631.365446 (+/- 227) us 
Write latency = 177.80278099999998 (+/- 172) us 
Accept latency = 1440.1030759999999 (+/- 114) us 
Batch average size = NaN (+/- 0) requests
ConsensusMessage ByteCount = 1443965:21882
LCMessage ByteCount = 55:11
TOMMessage ByteCount = 140624335:429444
StandardSMMessage ByteCount = 424:22
--- Measurements after 329000 ops (1000 samples) ---
Throughput = 4761.905 operations/sec (Maximum observed: 9009.009 ops/sec)
Total latency = 4.7854892468697E7 (+/- 0) us 
Consensus latency = 2182.526163 (+/- 88) us 
Pre-consensus latency = 0.0 (+/- 0) us 
Pos-consensus latency = 4.7853059998865E7 (+/- 0) us 
Propose latency = 592.048174 (+/- 69) us 
Write latency = 106.064067 (+/- 72) us 
Accept latency = 1484.413922 (+/- 79) us 
Batch average size = NaN (+/- 0) requests
ConsensusMessage ByteCount = 1443965:21882
LCMessage ByteCount = 55:11
TOMMessage ByteCount = 140707531:429524
StandardSMMessage ByteCount = 424:22
--- Measurements after 330000 ops (1000 samples) ---
Throughput = 4807.6924 operations/sec (Maximum observed: 9009.009 ops/sec)
Total latency = 4.8008121277745E7 (+/- 0) us 
Consensus latency = 2233.433907 (+/- 158) us 
Pre-consensus latency = 0.0 (+/- 0) us 
Pos-consensus latency = 4.8006215445063E7 (+/- 0) us 
Propose latency = 580.6392900000001 (+/- 47) us 
Write latency = 199.545768 (+/- 182) us 
Accept latency = 1453.2488489999998 (+/- 123) us 
Batch average size = NaN (+/- 0) requests
ConsensusMessage ByteCount = 1443965:21882
LCMessage ByteCount = 55:11
TOMMessage ByteCount = 140761605:429576
StandardSMMessage ByteCount = 424:22
--- Measurements after 331000 ops (1000 samples) ---
Throughput = 3597.1223 operations/sec (Maximum observed: 9009.009 ops/sec)
Total latency = 4.8183850805359E7 (+/- 0) us 
Consensus latency = 2639.66882 (+/- 1925) us 
Pre-consensus latency = 0.0 (+/- 0) us 
Pos-consensus latency = 4.818195244189E7 (+/- 0) us 
Propose latency = 1084.561764 (+/- 1889) us 
Write latency = 117.580636 (+/- 61) us 
Accept latency = 1437.52642 (+/- 151) us 
Batch average size = NaN (+/- 0) requests
ConsensusMessage ByteCount = 1443965:21882
LCMessage ByteCount = 55:11
TOMMessage ByteCount = 140835436:429647
StandardSMMessage ByteCount = 424:22
--- Measurements after 332000 ops (1000 samples) ---
Throughput = 4784.689 operations/sec (Maximum observed: 9009.009 ops/sec)
Total latency = 4.8381681329862E7 (+/- 0) us 
Consensus latency = 2058.433773 (+/- 222) us 
Pre-consensus latency = 0.0 (+/- 0) us 
Pos-consensus latency = 4.8379968410128996E7 (+/- 0) us 
Propose latency = 591.152321 (+/- 57) us 
Write latency = 141.361754 (+/- 134) us 
Accept latency = 1325.9196980000002 (+/- 141) us 
Batch average size = NaN (+/- 0) requests
ConsensusMessage ByteCount = 1443965:21882
LCMessage ByteCount = 55:11
TOMMessage ByteCount = 140872873:429683
StandardSMMessage ByteCount = 424:22
--- Measurements after 333000 ops (1000 samples) ---
Throughput = 4784.689 operations/sec (Maximum observed: 9009.009 ops/sec)
Total latency = 4.8534922866379E7 (+/- 0) us 
Consensus latency = 2156.471744 (+/- 207) us 
Pre-consensus latency = 0.0 (+/- 0) us 
Pos-consensus latency = 4.8533124181489E7 (+/- 0) us 
Propose latency = 594.367356 (+/- 61) us 
Write latency = 131.244386 (+/- 94) us 
Accept latency = 1430.8600020000001 (+/- 209) us 
Batch average size = NaN (+/- 0) requests
ConsensusMessage ByteCount = 1443965:21882
LCMessage ByteCount = 55:11
TOMMessage ByteCount = 140919668:429728
StandardSMMessage ByteCount = 424:22
--- Measurements after 334000 ops (1000 samples) ---
Throughput = 4761.905 operations/sec (Maximum observed: 9009.009 ops/sec)
Total latency = 4.8687281424684994E7 (+/- 0) us 
Consensus latency = 2295.393409 (+/- 324) us 
Pre-consensus latency = 0.0 (+/- 0) us 
Pos-consensus latency = 4.8685343115867995E7 (+/- 0) us 
Propose latency = 610.720693 (+/- 132) us 
Write latency = 178.423314 (+/- 120) us 
Accept latency = 1506.249402 (+/- 198) us 
Batch average size = NaN (+/- 0) requests
ConsensusMessage ByteCount = 1443965:21882
LCMessage ByteCount = 55:11
TOMMessage ByteCount = 140960228:429767
StandardSMMessage ByteCount = 424:22
--- Measurements after 335000 ops (1000 samples) ---
Throughput = 3968.254 operations/sec (Maximum observed: 9009.009 ops/sec)
Total latency = 4.8870743418115E7 (+/- 0) us 
Consensus latency = 2211.442634 (+/- 203) us 
Pre-consensus latency = 0.0 (+/- 0) us 
Pos-consensus latency = 4.8868859003478E7 (+/- 0) us 
Propose latency = 536.0453120000001 (+/- 107) us 
Write latency = 101.6805 (+/- 28) us 
Accept latency = 1573.7168219999999 (+/- 204) us 
Batch average size = NaN (+/- 0) requests
ConsensusMessage ByteCount = 1443965:21882
LCMessage ByteCount = 55:11
TOMMessage ByteCount = 140995585:429801
StandardSMMessage ByteCount = 424:22
--- Measurements after 336000 ops (1000 samples) ---
Throughput = 4629.6294 operations/sec (Maximum observed: 9009.009 ops/sec)
Total latency = 4.904320471243E7 (+/- 0) us 
Consensus latency = 2274.5852889999996 (+/- 250) us 
Pre-consensus latency = 0.0 (+/- 0) us 
Pos-consensus latency = 4.9041279981438E7 (+/- 0) us 
Propose latency = 598.280534 (+/- 25) us 
Write latency = 115.627153 (+/- 46) us 
Accept latency = 1560.677602 (+/- 248) us 
Batch average size = NaN (+/- 0) requests
ConsensusMessage ByteCount = 1443965:21882
LCMessage ByteCount = 55:11
TOMMessage ByteCount = 140995585:429801
StandardSMMessage ByteCount = 424:22
--- Measurements after 337000 ops (1000 samples) ---
Throughput = 4694.8354 operations/sec (Maximum observed: 9009.009 ops/sec)
Total latency = 4.9200233691704005E7 (+/- 0) us 
Consensus latency = 2318.030063 (+/- 440) us 
Pre-consensus latency = 0.0 (+/- 0) us 
Pos-consensus latency = 4.9198287522919E7 (+/- 0) us 
Propose latency = 740.6291580000001 (+/- 419) us 
Write latency = 156.37724 (+/- 114) us 
Accept latency = 1421.023665 (+/- 131) us 
Batch average size = NaN (+/- 0) requests
ConsensusMessage ByteCount = 1443965:21882
LCMessage ByteCount = 55:11
TOMMessage ByteCount = 140995585:429801
StandardSMMessage ByteCount = 424:22
--- Measurements after 338000 ops (1000 samples) ---
Throughput = 4608.295 operations/sec (Maximum observed: 9009.009 ops/sec)
Total latency = 4.9358469407671995E7 (+/- 0) us 
Consensus latency = 2255.0610619999998 (+/- 148) us 
Pre-consensus latency = 0.0 (+/- 0) us 
Pos-consensus latency = 4.9356551699653E7 (+/- 0) us 
Propose latency = 575.931882 (+/- 70) us 
Write latency = 142.668777 (+/- 106) us 
Accept latency = 1536.460403 (+/- 145) us 
Batch average size = NaN (+/- 0) requests
ConsensusMessage ByteCount = 1443965:21882
LCMessage ByteCount = 55:11
TOMMessage ByteCount = 140995585:429801
StandardSMMessage ByteCount = 424:22
--- Measurements after 339000 ops (1000 samples) ---
Throughput = 3076.923 operations/sec (Maximum observed: 9009.009 ops/sec)
Total latency = 4.9605893191461995E7 (+/- 0) us 
Consensus latency = 2207.9403509999997 (+/- 87) us 
Pre-consensus latency = 0.0 (+/- 0) us 
Pos-consensus latency = 4.9604029618626E7 (+/- 0) us 
Propose latency = 579.373138 (+/- 73) us 
Write latency = 108.981617 (+/- 64) us 
Accept latency = 1519.585596 (+/- 81) us 
Batch average size = NaN (+/- 0) requests
ConsensusMessage ByteCount = 1443965:21882
LCMessage ByteCount = 55:11
TOMMessage ByteCount = 140995585:429801
StandardSMMessage ByteCount = 424:22
--- Measurements after 340000 ops (1000 samples) ---
Throughput = 4694.8354 operations/sec (Maximum observed: 9009.009 ops/sec)
Total latency = 4.9786659448619E7 (+/- 0) us 
Consensus latency = 2332.268607 (+/- 250) us 
Pre-consensus latency = 0.0 (+/- 0) us 
Pos-consensus latency = 4.9784733833396E7 (+/- 0) us 
Propose latency = 657.145966 (+/- 145) us 
Write latency = 96.025538 (+/- 9) us 
Accept latency = 1579.0971029999998 (+/- 191) us 
Batch average size = NaN (+/- 0) requests
ConsensusMessage ByteCount = 1443965:21882
LCMessage ByteCount = 55:11
TOMMessage ByteCount = 140996625:429802
StandardSMMessage ByteCount = 424:22
--- Measurements after 341000 ops (1000 samples) ---
Throughput = 4694.8354 operations/sec (Maximum observed: 9009.009 ops/sec)
Total latency = 4.9944722835057996E7 (+/- 0) us 
Consensus latency = 2259.2254120000002 (+/- 138) us 
Pre-consensus latency = 0.0 (+/- 0) us 
Pos-consensus latency = 4.9942846391424E7 (+/- 0) us 
Propose latency = 647.8882759999999 (+/- 130) us 
Write latency = 122.043803 (+/- 76) us 
Accept latency = 1489.293333 (+/- 118) us 
Batch average size = NaN (+/- 0) requests
ConsensusMessage ByteCount = 1443965:21882
LCMessage ByteCount = 55:11
TOMMessage ByteCount = 140997665:429803
StandardSMMessage ByteCount = 424:22
--- Measurements after 342000 ops (1000 samples) ---
Throughput = 3846.1538 operations/sec (Maximum observed: 9009.009 ops/sec)
Total latency = 5.0109181127431E7 (+/- 0) us 
Consensus latency = 2268.23425 (+/- 165) us 
Pre-consensus latency = 0.0 (+/- 0) us 
Pos-consensus latency = 5.0107268842807E7 (+/- 0) us 
Propose latency = 591.960421 (+/- 45) us 
Write latency = 111.47794400000001 (+/- 69) us 
Accept latency = 1564.795885 (+/- 124) us 
Batch average size = NaN (+/- 0) requests
ConsensusMessage ByteCount = 1443965:21882
LCMessage ByteCount = 55:11
TOMMessage ByteCount = 141001825:429807
StandardSMMessage ByteCount = 424:22
--- Measurements after 343000 ops (1000 samples) ---
Throughput = 6849.315 operations/sec (Maximum observed: 9009.009 ops/sec)
Total latency = 5.0274356514737E7 (+/- 0) us 
Consensus latency = 2234.2049190000002 (+/- 139) us 
Pre-consensus latency = 0.0 (+/- 0) us 
Pos-consensus latency = 5.0272474574079E7 (+/- 0) us 
Propose latency = 620.8402269999999 (+/- 70) us 
Write latency = 92.71488000000001 (+/- 6) us 
Accept latency = 1520.6498119999999 (+/- 137) us 
Batch average size = NaN (+/- 0) requests
ConsensusMessage ByteCount = 1443965:21882
LCMessage ByteCount = 55:11
TOMMessage ByteCount = 141001825:429807
StandardSMMessage ByteCount = 424:22
--- Measurements after 344000 ops (1000 samples) ---
Throughput = 6622.5166 operations/sec (Maximum observed: 9009.009 ops/sec)
Total latency = 5.0366149571392E7 (+/- 0) us 
Consensus latency = 2292.448554 (+/- 167) us 
Pre-consensus latency = 0.0 (+/- 0) us 
Pos-consensus latency = 5.0364190208992995E7 (+/- 0) us 
Propose latency = 570.258996 (+/- 111) us 
Write latency = 165.948821 (+/- 163) us 
Accept latency = 1556.2407369999999 (+/- 85) us 
Batch average size = NaN (+/- 0) requests
ConsensusMessage ByteCount = 1443965:21882
LCMessage ByteCount = 55:11
TOMMessage ByteCount = 141001825:429807
StandardSMMessage ByteCount = 424:22
--- Measurements after 345000 ops (1000 samples) ---
Throughput = 7299.27 operations/sec (Maximum observed: 9009.009 ops/sec)
Total latency = 5.0459313662918E7 (+/- 0) us 
Consensus latency = 2225.873433 (+/- 129) us 
Pre-consensus latency = 0.0 (+/- 0) us 
Pos-consensus latency = 5.0457440691194E7 (+/- 0) us 
Propose latency = 582.446147 (+/- 52) us 
Write latency = 147.480212 (+/- 123) us 
Accept latency = 1495.947074 (+/- 139) us 
Batch average size = NaN (+/- 0) requests
ConsensusMessage ByteCount = 1443965:21882
LCMessage ByteCount = 55:11
TOMMessage ByteCount = 141001825:429807
StandardSMMessage ByteCount = 424:22
--- Measurements after 346000 ops (1000 samples) ---
Throughput = 6578.9473 operations/sec (Maximum observed: 9009.009 ops/sec)
Total latency = 5.0541213847614996E7 (+/- 0) us 
Consensus latency = 2390.156892 (+/- 228) us 
Pre-consensus latency = 0.0 (+/- 0) us 
Pos-consensus latency = 5.0539167209776E7 (+/- 0) us 
Propose latency = 591.230647 (+/- 50) us 
Write latency = 173.687956 (+/- 183) us 
Accept latency = 1625.2382890000001 (+/- 217) us 
Batch average size = NaN (+/- 0) requests
ConsensusMessage ByteCount = 1443965:21882
LCMessage ByteCount = 55:11
TOMMessage ByteCount = 141003905:429809
StandardSMMessage ByteCount = 424:22
--- Measurements after 347000 ops (1000 samples) ---
Throughput = 7194.2446 operations/sec (Maximum observed: 9009.009 ops/sec)
Total latency = 5.0630246584810995E7 (+/- 0) us 
Consensus latency = 2647.922929 (+/- 646) us 
Pre-consensus latency = 0.0 (+/- 0) us 
Pos-consensus latency = 5.0628053454554E7 (+/- 0) us 
Propose latency = 789.329585 (+/- 319) us 
Write latency = 290.395749 (+/- 255) us 
Accept latency = 1568.1975949999999 (+/- 131) us 
Batch average size = NaN (+/- 0) requests
ConsensusMessage ByteCount = 1443965:21882
LCMessage ByteCount = 55:11
TOMMessage ByteCount = 141003905:429809
StandardSMMessage ByteCount = 424:22
--- Measurements after 348000 ops (1000 samples) ---
Throughput = 6535.9478 operations/sec (Maximum observed: 9009.009 ops/sec)
Total latency = 5.0722225495734E7 (+/- 0) us 
Consensus latency = 2351.846761 (+/- 223) us 
Pre-consensus latency = 0.0 (+/- 0) us 
Pos-consensus latency = 5.0720212349699E7 (+/- 0) us 
Propose latency = 655.6892909999999 (+/- 173) us 
Write latency = 242.755719 (+/- 578) us 
Accept latency = 1453.4017509999999 (+/- 389) us 
Batch average size = NaN (+/- 0) requests
ConsensusMessage ByteCount = 1443965:21882
LCMessage ByteCount = 55:11
TOMMessage ByteCount = 141003905:429809
StandardSMMessage ByteCount = 424:22
--- Measurements after 349000 ops (1000 samples) ---
Throughput = 6493.5063 operations/sec (Maximum observed: 9009.009 ops/sec)
Total latency = 5.0822030326946996E7 (+/- 0) us 
Consensus latency = 2225.45511 (+/- 169) us 
Pre-consensus latency = 0.0 (+/- 0) us 
Pos-consensus latency = 5.082012798808999E7 (+/- 0) us 
Propose latency = 517.098955 (+/- 78) us 
Write latency = 179.828369 (+/- 185) us 
Accept latency = 1528.527786 (+/- 170) us 
Batch average size = NaN (+/- 0) requests
ConsensusMessage ByteCount = 1443965:21882
LCMessage ByteCount = 55:11
TOMMessage ByteCount = 141005985:429811
StandardSMMessage ByteCount = 424:22
--- Measurements after 350000 ops (1000 samples) ---
Throughput = 4694.8354 operations/sec (Maximum observed: 9009.009 ops/sec)
Total latency = 5.0945380133775E7 (+/- 0) us 
Consensus latency = 2244.96211 (+/- 129) us 
Pre-consensus latency = 0.0 (+/- 0) us 
Pos-consensus latency = 5.0943484830193E7 (+/- 0) us 
Propose latency = 595.988526 (+/- 96) us 
Write latency = 97.645869 (+/- 10) us 
Accept latency = 1551.3277150000001 (+/- 110) us 
Batch average size = NaN (+/- 0) requests
ConsensusMessage ByteCount = 1443965:21882
LCMessage ByteCount = 55:11
TOMMessage ByteCount = 141005985:429811
StandardSMMessage ByteCount = 424:22
--- Measurements after 351000 ops (1000 samples) ---
Throughput = 4716.981 operations/sec (Maximum observed: 9009.009 ops/sec)
Total latency = 5.1108308981721E7 (+/- 0) us 
Consensus latency = 2270.0641349999996 (+/- 144) us 
Pre-consensus latency = 0.0 (+/- 0) us 
Pos-consensus latency = 5.1106388878405E7 (+/- 0) us 
Propose latency = 591.576062 (+/- 61) us 
Write latency = 166.449054 (+/- 127) us 
Accept latency = 1512.039019 (+/- 97) us 
Batch average size = NaN (+/- 0) requests
ConsensusMessage ByteCount = 1443965:21882
LCMessage ByteCount = 55:11
TOMMessage ByteCount = 141014304:429819
StandardSMMessage ByteCount = 424:22
--- Measurements after 352000 ops (1000 samples) ---
Throughput = 4739.3364 operations/sec (Maximum observed: 9009.009 ops/sec)
Total latency = 5.1263530097829E7 (+/- 0) us 
Consensus latency = 2191.731817 (+/- 103) us 
Pre-consensus latency = 0.0 (+/- 0) us 
Pos-consensus latency = 5.1261674246029995E7 (+/- 0) us 
Propose latency = 574.016364 (+/- 54) us 
Write latency = 100.045034 (+/- 13) us 
Accept latency = 1517.670419 (+/- 85) us 
Batch average size = NaN (+/- 0) requests
ConsensusMessage ByteCount = 1443965:21882
LCMessage ByteCount = 55:11
TOMMessage ByteCount = 141016384:429821
StandardSMMessage ByteCount = 424:22
--- Measurements after 353000 ops (1000 samples) ---
Throughput = 4761.905 operations/sec (Maximum observed: 9009.009 ops/sec)
Total latency = 5.141625578978E7 (+/- 0) us 
Consensus latency = 2332.5883089999998 (+/- 167) us 
Pre-consensus latency = 0.0 (+/- 0) us 
Pos-consensus latency = 5.1414349302544E7 (+/- 0) us 
Propose latency = 723.0608370000001 (+/- 189) us 
Write latency = 120.18925999999999 (+/- 83) us 
Accept latency = 1489.338212 (+/- 142) us 
Batch average size = NaN (+/- 0) requests
ConsensusMessage ByteCount = 1443965:21882
LCMessage ByteCount = 55:11
TOMMessage ByteCount = 141017424:429822
StandardSMMessage ByteCount = 424:22
--- Measurements after 354000 ops (1000 samples) ---
Throughput = 3802.2812 operations/sec (Maximum observed: 9009.009 ops/sec)
Total latency = 5.1610315253138E7 (+/- 0) us 
Consensus latency = 2207.3568309999996 (+/- 276) us 
Pre-consensus latency = 0.0 (+/- 0) us 
Pos-consensus latency = 5.1608496600077E7 (+/- 0) us 
Propose latency = 602.601837 (+/- 200) us 
Write latency = 142.51163200000002 (+/- 116) us 
Accept latency = 1462.243362 (+/- 170) us 
Batch average size = NaN (+/- 0) requests
ConsensusMessage ByteCount = 1443965:21882
LCMessage ByteCount = 55:11
TOMMessage ByteCount = 141017424:429822
StandardSMMessage ByteCount = 424:22
--- Measurements after 355000 ops (1000 samples) ---
Throughput = 4830.918 operations/sec (Maximum observed: 9009.009 ops/sec)
Total latency = 5.1779029969932996E7 (+/- 0) us 
Consensus latency = 2263.451033 (+/- 176) us 
Pre-consensus latency = 0.0 (+/- 0) us 
Pos-consensus latency = 5.1777112218977995E7 (+/- 0) us 
Propose latency = 562.082981 (+/- 99) us 
Write latency = 147.760208 (+/- 148) us 
Accept latency = 1553.6078440000001 (+/- 185) us 
Batch average size = NaN (+/- 0) requests
ConsensusMessage ByteCount = 1443965:21882
LCMessage ByteCount = 55:11
TOMMessage ByteCount = 141017424:429822
StandardSMMessage ByteCount = 424:22
--- Measurements after 356000 ops (1000 samples) ---
Throughput = 4739.3364 operations/sec (Maximum observed: 9009.009 ops/sec)
Total latency = 5.1930532420917E7 (+/- 0) us 
Consensus latency = 2358.238734 (+/- 217) us 
Pre-consensus latency = 0.0 (+/- 0) us 
Pos-consensus latency = 5.1928524268766E7 (+/- 0) us 
Propose latency = 561.673551 (+/- 80) us 
Write latency = 269.25789299999997 (+/- 263) us 
Accept latency = 1527.30729 (+/- 145) us 
Batch average size = NaN (+/- 0) requests
ConsensusMessage ByteCount = 1443965:21882
LCMessage ByteCount = 55:11
TOMMessage ByteCount = 141018464:429823
StandardSMMessage ByteCount = 424:22
--- Measurements after 357000 ops (1000 samples) ---
Throughput = 4016.0642 operations/sec (Maximum observed: 9009.009 ops/sec)
Total latency = 5.2088701073983E7 (+/- 0) us 
Consensus latency = 2254.5358480000004 (+/- 132) us 
Pre-consensus latency = 0.0 (+/- 0) us 
Pos-consensus latency = 5.2086784119741E7 (+/- 0) us 
Propose latency = 584.774033 (+/- 71) us 
Write latency = 123.144023 (+/- 89) us 
Accept latency = 1546.617792 (+/- 149) us 
Batch average size = NaN (+/- 0) requests
ConsensusMessage ByteCount = 1443965:21882
LCMessage ByteCount = 55:11
TOMMessage ByteCount = 141018464:429823
StandardSMMessage ByteCount = 424:22
--- Measurements after 358000 ops (1000 samples) ---
Throughput = 4524.8867 operations/sec (Maximum observed: 9009.009 ops/sec)
Total latency = 5.2287148292745E7 (+/- 0) us 
Consensus latency = 2318.026347 (+/- 209) us 
Pre-consensus latency = 0.0 (+/- 0) us 
Pos-consensus latency = 5.2285164269471E7 (+/- 0) us 
Propose latency = 532.493715 (+/- 94) us 
Write latency = 187.221233 (+/- 193) us 
Accept latency = 1598.311399 (+/- 253) us 
Batch average size = NaN (+/- 0) requests
ConsensusMessage ByteCount = 1443965:21882
LCMessage ByteCount = 55:11
TOMMessage ByteCount = 141020544:429825
StandardSMMessage ByteCount = 424:22
--- Measurements after 359000 ops (1000 samples) ---
Throughput = 4716.981 operations/sec (Maximum observed: 9009.009 ops/sec)
Total latency = 5.244538310899E7 (+/- 0) us 
Consensus latency = 3057.5742480000004 (+/- 2715) us 
Pre-consensus latency = 0.0 (+/- 0) us 
Pos-consensus latency = 5.2442700651002E7 (+/- 0) us 
Propose latency = 647.02315 (+/- 141) us 
Write latency = 935.5536539999999 (+/- 2952) us 
Accept latency = 1474.9974439999999 (+/- 262) us 
Batch average size = NaN (+/- 0) requests
ConsensusMessage ByteCount = 1443965:21882
LCMessage ByteCount = 55:11
TOMMessage ByteCount = 141022624:429827
StandardSMMessage ByteCount = 424:22
--- Measurements after 360000 ops (1000 samples) ---
Throughput = 4694.8354 operations/sec (Maximum observed: 9009.009 ops/sec)
Total latency = 5.2600332906049006E7 (+/- 0) us 
Consensus latency = 2165.8378549999998 (+/- 116) us 
Pre-consensus latency = 0.0 (+/- 0) us 
Pos-consensus latency = 5.2598493232087E7 (+/- 0) us 
Propose latency = 565.22531 (+/- 97) us 
Write latency = 97.883322 (+/- 51) us 
Accept latency = 1502.729223 (+/- 74) us 
Batch average size = NaN (+/- 0) requests
ConsensusMessage ByteCount = 1443965:21882
LCMessage ByteCount = 55:11
TOMMessage ByteCount = 141027824:429832
StandardSMMessage ByteCount = 424:22
--- Measurements after 361000 ops (1000 samples) ---
Throughput = 4329.0044 operations/sec (Maximum observed: 9009.009 ops/sec)
Total latency = 5.2766732038938E7 (+/- 0) us 
Consensus latency = 2218.569754 (+/- 165) us 
Pre-consensus latency = 0.0 (+/- 0) us 
Pos-consensus latency = 5.2764831107555E7 (+/- 0) us 
Propose latency = 543.09888 (+/- 62) us 
Write latency = 154.68732500000002 (+/- 118) us 
Accept latency = 1520.7835490000002 (+/- 175) us 
Batch average size = NaN (+/- 0) requests
ConsensusMessage ByteCount = 1443965:21882
LCMessage ByteCount = 55:11
TOMMessage ByteCount = 141035104:429839
StandardSMMessage ByteCount = 424:22
--- Measurements after 362000 ops (1000 samples) ---
Throughput = 6666.6665 operations/sec (Maximum observed: 9009.009 ops/sec)
Total latency = 5.2904376627942E7 (+/- 0) us 
Consensus latency = 2220.575664 (+/- 109) us 
Pre-consensus latency = 0.0 (+/- 0) us 
Pos-consensus latency = 5.2902491246667E7 (+/- 0) us 
Propose latency = 576.82974 (+/- 39) us 
Write latency = 147.26143 (+/- 112) us 
Accept latency = 1496.484494 (+/- 138) us 
Batch average size = NaN (+/- 0) requests
ConsensusMessage ByteCount = 1443965:21882
LCMessage ByteCount = 55:11
TOMMessage ByteCount = 141040304:429844
StandardSMMessage ByteCount = 424:22
--- Measurements after 363000 ops (1000 samples) ---
Throughput = 6493.5063 operations/sec (Maximum observed: 9009.009 ops/sec)
Total latency = 5.3001426694802E7 (+/- 0) us 
Consensus latency = 2309.77367 (+/- 177) us 
Pre-consensus latency = 0.0 (+/- 0) us 
Pos-consensus latency = 5.2999458408925004E7 (+/- 0) us 
Propose latency = 596.014587 (+/- 32) us 
Write latency = 130.10613899999998 (+/- 118) us 
Accept latency = 1583.652944 (+/- 151) us 
Batch average size = NaN (+/- 0) requests
ConsensusMessage ByteCount = 1443965:21882
LCMessage ByteCount = 55:11
TOMMessage ByteCount = 141050704:429854
StandardSMMessage ByteCount = 424:22
--- Measurements after 364000 ops (1000 samples) ---
Throughput = 6756.757 operations/sec (Maximum observed: 9009.009 ops/sec)
Total latency = 5.309707515222E7 (+/- 0) us 
Consensus latency = 2287.00375 (+/- 235) us 
Pre-consensus latency = 0.0 (+/- 0) us 
Pos-consensus latency = 5.3095096507362E7 (+/- 0) us 
Propose latency = 552.748495 (+/- 45) us 
Write latency = 165.80318100000002 (+/- 184) us 
Accept latency = 1568.452074 (+/- 180) us 
Batch average size = NaN (+/- 0) requests
ConsensusMessage ByteCount = 1443965:21882
LCMessage ByteCount = 55:11
TOMMessage ByteCount = 141054863:429858
StandardSMMessage ByteCount = 424:22
--- Measurements after 365000 ops (1000 samples) ---
Throughput = 5681.8184 operations/sec (Maximum observed: 9009.009 ops/sec)
Total latency = 5.3202661522844E7 (+/- 0) us 
Consensus latency = 2838.123785 (+/- 1707) us 
Pre-consensus latency = 0.0 (+/- 0) us 
Pos-consensus latency = 5.3200191733118E7 (+/- 0) us 
Propose latency = 730.2504640000001 (+/- 366) us 
Write latency = 120.311751 (+/- 103) us 
Accept latency = 1987.56157 (+/- 1707) us 
Batch average size = NaN (+/- 0) requests
ConsensusMessage ByteCount = 1443965:21882
LCMessage ByteCount = 55:11
TOMMessage ByteCount = 141068383:429871
StandardSMMessage ByteCount = 424:22
--- Measurements after 366000 ops (1000 samples) ---
Throughput = 6535.9478 operations/sec (Maximum observed: 9009.009 ops/sec)
Total latency = 5.3313969993643E7 (+/- 0) us 
Consensus latency = 2215.379579 (+/- 173) us 
Pre-consensus latency = 0.0 (+/- 0) us 
Pos-consensus latency = 5.3312059077318E7 (+/- 0) us 
Propose latency = 539.2707750000001 (+/- 67) us 
Write latency = 129.979965 (+/- 68) us 
Accept latency = 1546.128839 (+/- 156) us 
Batch average size = NaN (+/- 0) requests
ConsensusMessage ByteCount = 1443965:21882
LCMessage ByteCount = 55:11
TOMMessage ByteCount = 141091261:429893
StandardSMMessage ByteCount = 424:22
--- Measurements after 367000 ops (1000 samples) ---
Throughput = 6535.9478 operations/sec (Maximum observed: 9009.009 ops/sec)
Total latency = 5.34113028184E7 (+/- 0) us 
Consensus latency = 2219.7926820000002 (+/- 165) us 
Pre-consensus latency = 0.0 (+/- 0) us 
Pos-consensus latency = 5.3409401283989E7 (+/- 0) us 
Propose latency = 486.129974 (+/- 54) us 
Write latency = 144.127209 (+/- 115) us 
Accept latency = 1589.535499 (+/- 157) us 
Batch average size = NaN (+/- 0) requests
ConsensusMessage ByteCount = 1443965:21882
LCMessage ByteCount = 55:11
TOMMessage ByteCount = 141109980:429911
StandardSMMessage ByteCount = 424:22
--- Measurements after 368000 ops (1000 samples) ---
Throughput = 6578.9473 operations/sec (Maximum observed: 9009.009 ops/sec)
Total latency = 5.3508846153349996E7 (+/- 0) us 
Consensus latency = 2227.701543 (+/- 228) us 
Pre-consensus latency = 0.0 (+/- 0) us 
Pos-consensus latency = 5.3506931654883005E7 (+/- 0) us 
Propose latency = 526.774306 (+/- 66) us 
Write latency = 144.10531 (+/- 80) us 
Accept latency = 1556.821927 (+/- 191) us 
Batch average size = NaN (+/- 0) requests
ConsensusMessage ByteCount = 1443965:21882
LCMessage ByteCount = 55:11
TOMMessage ByteCount = 141122459:429923
StandardSMMessage ByteCount = 424:22
--- Measurements after 369000 ops (1000 samples) ---
Throughput = 5235.602 operations/sec (Maximum observed: 9009.009 ops/sec)
Total latency = 5.3633228859485E7 (+/- 0) us 
Consensus latency = 2278.054029 (+/- 268) us 
Pre-consensus latency = 0.0 (+/- 0) us 
Pos-consensus latency = 5.3631254782711E7 (+/- 0) us 
Propose latency = 546.578807 (+/- 68) us 
Write latency = 169.912473 (+/- 172) us 
Accept latency = 1561.5627490000002 (+/- 167) us 
Batch average size = NaN (+/- 0) requests
ConsensusMessage ByteCount = 1443965:21882
LCMessage ByteCount = 55:11
TOMMessage ByteCount = 141132859:429933
StandardSMMessage ByteCount = 424:22
--- Measurements after 370000 ops (1000 samples) ---
Throughput = 8264.463 operations/sec (Maximum observed: 9009.009 ops/sec)
Total latency = 5.3725543949771E7 (+/- 0) us 
Consensus latency = 2160.578188 (+/- 246) us 
Pre-consensus latency = 0.0 (+/- 0) us 
Pos-consensus latency = 5.3723710683705E7 (+/- 0) us 
Propose latency = 562.248161 (+/- 56) us 
Write latency = 157.27309 (+/- 157) us 
Accept latency = 1441.0569369999998 (+/- 181) us 
Batch average size = NaN (+/- 0) requests
ConsensusMessage ByteCount = 1443965:21882
LCMessage ByteCount = 55:11
TOMMessage ByteCount = 141143259:429943
StandardSMMessage ByteCount = 424:22
--- Measurements after 371000 ops (1000 samples) ---
Throughput = 7751.938 operations/sec (Maximum observed: 9009.009 ops/sec)
Total latency = 5.37919255455E7 (+/- 0) us 
Consensus latency = 2615.0224559999997 (+/- 1575) us 
Pre-consensus latency = 0.0 (+/- 0) us 
Pos-consensus latency = 5.3789657159842E7 (+/- 0) us 
Propose latency = 658.616299 (+/- 156) us 
Write latency = 147.242894 (+/- 157) us 
Accept latency = 1809.1632630000001 (+/- 1607) us 
Batch average size = NaN (+/- 0) requests
ConsensusMessage ByteCount = 1443965:21882
LCMessage ByteCount = 55:11
TOMMessage ByteCount = 141160937:429960
StandardSMMessage ByteCount = 424:22
--- Measurements after 372000 ops (1000 samples) ---
Throughput = 6024.096 operations/sec (Maximum observed: 9009.009 ops/sec)
Total latency = 5.3867409894316E7 (+/- 0) us 
Consensus latency = 2195.197123 (+/- 218) us 
Pre-consensus latency = 0.0 (+/- 0) us 
Pos-consensus latency = 5.3865565765579E7 (+/- 0) us 
Propose latency = 590.5575749999999 (+/- 75) us 
Write latency = 140.31615299999999 (+/- 111) us 
Accept latency = 1464.3233950000001 (+/- 193) us 
Batch average size = NaN (+/- 0) requests
ConsensusMessage ByteCount = 1443965:21882
LCMessage ByteCount = 55:11
TOMMessage ByteCount = 141192134:429990
StandardSMMessage ByteCount = 424:22
--- Measurements after 373000 ops (1000 samples) ---
Throughput = 7812.5 operations/sec (Maximum observed: 9009.009 ops/sec)
Total latency = 5.3979292219432E7 (+/- 0) us 
Consensus latency = 2184.8112730000003 (+/- 176) us 
Pre-consensus latency = 0.0 (+/- 0) us 
Pos-consensus latency = 5.3977403405254E7 (+/- 0) us 
Propose latency = 480.309798 (+/- 92) us 
Write latency = 178.150171 (+/- 124) us 
Accept latency = 1526.351304 (+/- 149) us 
Batch average size = NaN (+/- 0) requests
ConsensusMessage ByteCount = 1443965:21882
LCMessage ByteCount = 55:11
TOMMessage ByteCount = 141228534:430025
StandardSMMessage ByteCount = 424:22
--- Measurements after 374000 ops (1000 samples) ---
Throughput = 7575.758 operations/sec (Maximum observed: 9009.009 ops/sec)
Total latency = 5.4050434126535006E7 (+/- 0) us 
Consensus latency = 2274.357369 (+/- 217) us 
Pre-consensus latency = 0.0 (+/- 0) us 
Pos-consensus latency = 5.4048454270466E7 (+/- 0) us 
Propose latency = 459.01613000000003 (+/- 91) us 
Write latency = 226.032119 (+/- 178) us 
Accept latency = 1589.3091200000001 (+/- 176) us 
Batch average size = NaN (+/- 0) requests
ConsensusMessage ByteCount = 1443965:21882
LCMessage ByteCount = 55:11
TOMMessage ByteCount = 141255572:430051
StandardSMMessage ByteCount = 424:22
--- Measurements after 375000 ops (1000 samples) ---
Throughput = 7194.2446 operations/sec (Maximum observed: 9009.009 ops/sec)
Total latency = 5.4129429547723E7 (+/- 0) us 
Consensus latency = 2255.949904 (+/- 344) us 
Pre-consensus latency = 0.0 (+/- 0) us 
Pos-consensus latency = 5.4127485131269E7 (+/- 0) us 
Propose latency = 556.674356 (+/- 44) us 
Write latency = 260.915971 (+/- 257) us 
Accept latency = 1438.359577 (+/- 190) us 
Batch average size = NaN (+/- 0) requests
ConsensusMessage ByteCount = 1443965:21882
LCMessage ByteCount = 55:11
TOMMessage ByteCount = 141272209:430067
StandardSMMessage ByteCount = 424:22
--- Measurements after 376000 ops (1000 samples) ---
Throughput = 5555.5557 operations/sec (Maximum observed: 9009.009 ops/sec)
Total latency = 5.4233122902554E7 (+/- 0) us 
Consensus latency = 2165.853483 (+/- 229) us 
Pre-consensus latency = 0.0 (+/- 0) us 
Pos-consensus latency = 5.4231229163532E7 (+/- 0) us 
Propose latency = 508.944985 (+/- 57) us 
Write latency = 147.05042600000002 (+/- 85) us 
Accept latency = 1509.858072 (+/- 204) us 
Batch average size = NaN (+/- 0) requests
ConsensusMessage ByteCount = 1443965:21882
LCMessage ByteCount = 55:11
TOMMessage ByteCount = 141321085:430114
StandardSMMessage ByteCount = 424:22
--- Measurements after 377000 ops (1000 samples) ---
Throughput = 6711.409 operations/sec (Maximum observed: 9009.009 ops/sec)
Total latency = 5.4340619453715E7 (+/- 0) us 
Consensus latency = 2238.910616 (+/- 279) us 
Pre-consensus latency = 0.0 (+/- 0) us 
Pos-consensus latency = 5.43387073653E7 (+/- 0) us 
Propose latency = 554.842213 (+/- 105) us 
Write latency = 105.075883 (+/- 58) us 
Accept latency = 1578.99252 (+/- 248) us 
Batch average size = NaN (+/- 0) requests
ConsensusMessage ByteCount = 1443965:21882
LCMessage ByteCount = 55:11
TOMMessage ByteCount = 141343965:430136
StandardSMMessage ByteCount = 424:22
--- Measurements after 378000 ops (1000 samples) ---
Throughput = 6666.6665 operations/sec (Maximum observed: 9009.009 ops/sec)
Total latency = 5.4436365712876E7 (+/- 0) us 
Consensus latency = 2244.424831 (+/- 248) us 
Pre-consensus latency = 0.0 (+/- 0) us 
Pos-consensus latency = 5.4434476761048E7 (+/- 0) us 
Propose latency = 605.4806040000001 (+/- 169) us 
Write latency = 129.298066 (+/- 115) us 
Accept latency = 1509.6461610000001 (+/- 165) us 
Batch average size = NaN (+/- 0) requests
ConsensusMessage ByteCount = 1443965:21882
LCMessage ByteCount = 55:11
TOMMessage ByteCount = 141438600:430227
StandardSMMessage ByteCount = 424:22
--- Measurements after 379000 ops (1000 samples) ---
Throughput = 6711.409 operations/sec (Maximum observed: 9009.009 ops/sec)
Total latency = 5.4531383670618E7 (+/- 0) us 
Consensus latency = 2221.788826 (+/- 136) us 
Pre-consensus latency = 0.0 (+/- 0) us 
Pos-consensus latency = 5.452945590941001E7 (+/- 0) us 
Propose latency = 505.661531 (+/- 73) us 
Write latency = 156.739704 (+/- 119) us 
Accept latency = 1559.387591 (+/- 149) us 
Batch average size = NaN (+/- 0) requests
ConsensusMessage ByteCount = 1443965:21882
LCMessage ByteCount = 55:11
TOMMessage ByteCount = 141629946:430411
StandardSMMessage ByteCount = 424:22
--- Measurements after 380000 ops (1000 samples) ---
Throughput = 5649.7173 operations/sec (Maximum observed: 9009.009 ops/sec)
Total latency = 5.4652975703563005E7 (+/- 0) us 
Consensus latency = 2252.9937480000003 (+/- 237) us 
Pre-consensus latency = 0.0 (+/- 0) us 
Pos-consensus latency = 5.4651044781974E7 (+/- 0) us 
Propose latency = 505.467287 (+/- 53) us 
Write latency = 193.834234 (+/- 167) us 
Accept latency = 1553.692227 (+/- 293) us 
Batch average size = NaN (+/- 0) requests
ConsensusMessage ByteCount = 1443965:21882
LCMessage ByteCount = 55:11
TOMMessage ByteCount = 141746417:430523
StandardSMMessage ByteCount = 424:22
--- Measurements after 381000 ops (1000 samples) ---
Throughput = 6666.6665 operations/sec (Maximum observed: 9009.009 ops/sec)
Total latency = 5.4748014281581E7 (+/- 0) us 
Consensus latency = 2241.063183 (+/- 188) us 
Pre-consensus latency = 0.0 (+/- 0) us 
Pos-consensus latency = 5.4746078381446E7 (+/- 0) us 
Propose latency = 493.514996 (+/- 70) us 
Write latency = 132.815291 (+/- 97) us 
Accept latency = 1614.732896 (+/- 188) us 
Batch average size = NaN (+/- 0) requests
ConsensusMessage ByteCount = 1443965:21882
LCMessage ByteCount = 55:11
TOMMessage ByteCount = 141757857:430534
StandardSMMessage ByteCount = 424:22
--- Measurements after 382000 ops (1000 samples) ---
Throughput = 6535.9478 operations/sec (Maximum observed: 9009.009 ops/sec)
Total latency = 5.484495979879E7 (+/- 0) us 
Consensus latency = 2313.729227 (+/- 198) us 
Pre-consensus latency = 0.0 (+/- 0) us 
Pos-consensus latency = 5.4842956243103996E7 (+/- 0) us 
Propose latency = 531.891941 (+/- 62) us 
Write latency = 202.27418 (+/- 155) us 
Accept latency = 1579.5631059999998 (+/- 153) us 
Batch average size = NaN (+/- 0) requests
ConsensusMessage ByteCount = 1443965:21882
LCMessage ByteCount = 55:11
TOMMessage ByteCount = 141764097:430540
StandardSMMessage ByteCount = 424:22
--- Measurements after 383000 ops (1000 samples) ---
Throughput = 4504.5044 operations/sec (Maximum observed: 9009.009 ops/sec)
Total latency = 5.4949404832934E7 (+/- 0) us 
Consensus latency = 2681.524291 (+/- 2159) us 
Pre-consensus latency = 0.0 (+/- 0) us 
Pos-consensus latency = 5.4947055490335E7 (+/- 0) us 
Propose latency = 535.351771 (+/- 107) us 
Write latency = 112.729618 (+/- 88) us 
Accept latency = 2033.442902 (+/- 2158) us 
Batch average size = NaN (+/- 0) requests
ConsensusMessage ByteCount = 1443965:21882
LCMessage ByteCount = 55:11
TOMMessage ByteCount = 141772416:430548
StandardSMMessage ByteCount = 424:22
--- Measurements after 384000 ops (1000 samples) ---
Throughput = 8000.0 operations/sec (Maximum observed: 9009.009 ops/sec)
Total latency = 5.5095535771791E7 (+/- 0) us 
Consensus latency = 2407.373232 (+/- 345) us 
Pre-consensus latency = 0.0 (+/- 0) us 
Pos-consensus latency = 5.5093495677172996E7 (+/- 0) us 
Propose latency = 621.837345 (+/- 128) us 
Write latency = 243.951778 (+/- 204) us 
Accept latency = 1541.584109 (+/- 148) us 
Batch average size = NaN (+/- 0) requests
ConsensusMessage ByteCount = 1443965:21882
LCMessage ByteCount = 55:11
TOMMessage ByteCount = 141777616:430553
StandardSMMessage ByteCount = 424:22
--- Measurements after 385000 ops (1000 samples) ---
Throughput = 7812.5 operations/sec (Maximum observed: 9009.009 ops/sec)
Total latency = 5.5166081548652E7 (+/- 0) us 
Consensus latency = 2341.5485129999997 (+/- 293) us 
Pre-consensus latency = 0.0 (+/- 0) us 
Pos-consensus latency = 5.5164071338688E7 (+/- 0) us 
Propose latency = 571.373137 (+/- 55) us 
Write latency = 212.360492 (+/- 283) us 
Accept latency = 1557.8148840000001 (+/- 210) us 
Batch average size = NaN (+/- 0) requests
ConsensusMessage ByteCount = 1443965:21882
LCMessage ByteCount = 55:11
TOMMessage ByteCount = 141783856:430559
StandardSMMessage ByteCount = 424:22
--- Measurements after 386000 ops (1000 samples) ---
Throughput = 7246.377 operations/sec (Maximum observed: 9009.009 ops/sec)
Total latency = 5.5241200841154E7 (+/- 0) us 
Consensus latency = 2217.920761 (+/- 131) us 
Pre-consensus latency = 0.0 (+/- 0) us 
Pos-consensus latency = 5.5239322174759E7 (+/- 0) us 
Propose latency = 580.756443 (+/- 56) us 
Write latency = 130.815557 (+/- 88) us 
Accept latency = 1506.348761 (+/- 57) us 
Batch average size = NaN (+/- 0) requests
ConsensusMessage ByteCount = 1443965:21882
LCMessage ByteCount = 55:11
TOMMessage ByteCount = 141809854:430584
StandardSMMessage ByteCount = 424:22
--- Measurements after 387000 ops (1000 samples) ---
Throughput = 5780.3467 operations/sec (Maximum observed: 9009.009 ops/sec)
Total latency = 5.5345076589485E7 (+/- 0) us 
Consensus latency = 2253.755716 (+/- 123) us 
Pre-consensus latency = 0.0 (+/- 0) us 
Pos-consensus latency = 5.5343153566002995E7 (+/- 0) us 
Propose latency = 596.2576700000001 (+/- 85) us 
Write latency = 135.295976 (+/- 84) us 
Accept latency = 1522.20207 (+/- 112) us 
Batch average size = NaN (+/- 0) requests
ConsensusMessage ByteCount = 1443965:21882
LCMessage ByteCount = 55:11
TOMMessage ByteCount = 141836892:430610
StandardSMMessage ByteCount = 424:22
--- Measurements after 388000 ops (1000 samples) ---
Throughput = 6666.6665 operations/sec (Maximum observed: 9009.009 ops/sec)
Total latency = 5.5448136098231E7 (+/- 0) us 
Consensus latency = 2197.298807 (+/- 86) us 
Pre-consensus latency = 0.0 (+/- 0) us 
Pos-consensus latency = 5.5446252425184995E7 (+/- 0) us 
Propose latency = 552.58667 (+/- 46) us 
Write latency = 135.835976 (+/- 111) us 
Accept latency = 1508.8761610000001 (+/- 63) us 
Batch average size = NaN (+/- 0) requests
ConsensusMessage ByteCount = 1443965:21882
LCMessage ByteCount = 55:11
TOMMessage ByteCount = 141885767:430657
StandardSMMessage ByteCount = 424:22
--- Measurements after 389000 ops (1000 samples) ---
Throughput = 6896.552 operations/sec (Maximum observed: 9009.009 ops/sec)
Total latency = 5.5539514208719E7 (+/- 0) us 
Consensus latency = 2311.5598790000004 (+/- 228) us 
Pre-consensus latency = 0.0 (+/- 0) us 
Pos-consensus latency = 5.5537585490568E7 (+/- 0) us 
Propose latency = 666.446966 (+/- 202) us 
Write latency = 182.930294 (+/- 337) us 
Accept latency = 1462.182619 (+/- 327) us 
Batch average size = NaN (+/- 0) requests
ConsensusMessage ByteCount = 1443965:21882
LCMessage ByteCount = 55:11
TOMMessage ByteCount = 141932564:430702
StandardSMMessage ByteCount = 424:22
--- Measurements after 390000 ops (1000 samples) ---
Throughput = 6578.9473 operations/sec (Maximum observed: 9009.009 ops/sec)
Total latency = 5.5631731864067E7 (+/- 0) us 
Consensus latency = 2323.056063 (+/- 322) us 
Pre-consensus latency = 0.0 (+/- 0) us 
Pos-consensus latency = 5.5629731862025E7 (+/- 0) us 
Propose latency = 597.110683 (+/- 87) us 
Write latency = 245.326123 (+/- 299) us 
Accept latency = 1480.619257 (+/- 82) us 
Batch average size = NaN (+/- 0) requests
ConsensusMessage ByteCount = 1443965:21882
LCMessage ByteCount = 55:11
TOMMessage ByteCount = 142057355:430822
StandardSMMessage ByteCount = 424:22
--- Measurements after 391000 ops (1000 samples) ---
Throughput = 5649.7173 operations/sec (Maximum observed: 9009.009 ops/sec)
Total latency = 5.575369121409E7 (+/- 0) us 
Consensus latency = 2161.146604 (+/- 146) us 
Pre-consensus latency = 0.0 (+/- 0) us 
Pos-consensus latency = 5.5751831093176E7 (+/- 0) us 
Propose latency = 530.044818 (+/- 69) us 
Write latency = 120.526557 (+/- 72) us 
Accept latency = 1510.575229 (+/- 123) us 
Batch average size = NaN (+/- 0) requests
ConsensusMessage ByteCount = 1443965:21882
LCMessage ByteCount = 55:11
TOMMessage ByteCount = 142092712:430856
StandardSMMessage ByteCount = 424:22
--- Measurements after 392000 ops (1000 samples) ---
Throughput = 6535.9478 operations/sec (Maximum observed: 9009.009 ops/sec)
Total latency = 5.5852907577628E7 (+/- 0) us 
Consensus latency = 2229.770339 (+/- 199) us 
Pre-consensus latency = 0.0 (+/- 0) us 
Pos-consensus latency = 5.5850985412721E7 (+/- 0) us 
Propose latency = 535.656916 (+/- 61) us 
Write latency = 133.16447200000002 (+/- 92) us 
Accept latency = 1560.9489509999999 (+/- 165) us 
Batch average size = NaN (+/- 0) requests
ConsensusMessage ByteCount = 1443965:21882
LCMessage ByteCount = 55:11
TOMMessage ByteCount = 142158230:430919
StandardSMMessage ByteCount = 424:22
--- Measurements after 393000 ops (1000 samples) ---
Throughput = 6578.9473 operations/sec (Maximum observed: 9009.009 ops/sec)
Total latency = 5.5950526270673E7 (+/- 0) us 
Consensus latency = 2232.7951630000002 (+/- 138) us 
Pre-consensus latency = 0.0 (+/- 0) us 
Pos-consensus latency = 5.5948608960621E7 (+/- 0) us 
Propose latency = 528.195372 (+/- 65) us 
Write latency = 183.627468 (+/- 185) us 
Accept latency = 1520.9723230000002 (+/- 185) us 
Batch average size = NaN (+/- 0) requests
ConsensusMessage ByteCount = 1443965:21882
LCMessage ByteCount = 55:11
TOMMessage ByteCount = 142172788:430933
StandardSMMessage ByteCount = 424:22
--- Measurements after 394000 ops (1000 samples) ---
Throughput = 5050.505 operations/sec (Maximum observed: 9009.009 ops/sec)
Total latency = 5.6054261717167996E7 (+/- 0) us 
Consensus latency = 2274.8917930000002 (+/- 362) us 
Pre-consensus latency = 0.0 (+/- 0) us 
Pos-consensus latency = 5.6052312205836E7 (+/- 0) us 
Propose latency = 562.394437 (+/- 58) us 
Write latency = 292.880827 (+/- 693) us 
Accept latency = 1419.6165290000001 (+/- 377) us 
Batch average size = NaN (+/- 0) requests
ConsensusMessage ByteCount = 1443965:21882
LCMessage ByteCount = 55:11
TOMMessage ByteCount = 142197746:430957
StandardSMMessage ByteCount = 424:22
--- Measurements after 395000 ops (1000 samples) ---
Throughput = 8196.722 operations/sec (Maximum observed: 9009.009 ops/sec)
Total latency = 5.6172588939474E7 (+/- 0) us 
Consensus latency = 2192.540739 (+/- 130) us 
Pre-consensus latency = 0.0 (+/- 0) us 
Pos-consensus latency = 5.6170746311246E7 (+/- 0) us 
Propose latency = 596.628431 (+/- 101) us 
Write latency = 114.652089 (+/- 98) us 
Accept latency = 1481.260219 (+/- 47) us 
Batch average size = NaN (+/- 0) requests
ConsensusMessage ByteCount = 1443965:21882
LCMessage ByteCount = 55:11
TOMMessage ByteCount = 142216464:430975
StandardSMMessage ByteCount = 424:22
--- Measurements after 396000 ops (1000 samples) ---
Throughput = 8547.009 operations/sec (Maximum observed: 9009.009 ops/sec)
Total latency = 5.6235014795299E7 (+/- 0) us 
Consensus latency = 2260.256857 (+/- 168) us 
Pre-consensus latency = 0.0 (+/- 0) us 
Pos-consensus latency = 5.6233119276953004E7 (+/- 0) us 
Propose latency = 625.9551090000001 (+/- 98) us 
Write latency = 121.574473 (+/- 49) us 
Accept latency = 1512.727275 (+/- 105) us 
Batch average size = NaN (+/- 0) requests
ConsensusMessage ByteCount = 1443965:21882
LCMessage ByteCount = 55:11
TOMMessage ByteCount = 142226863:430985
StandardSMMessage ByteCount = 424:22
--- Measurements after 397000 ops (1000 samples) ---
Throughput = 8547.009 operations/sec (Maximum observed: 9009.009 ops/sec)
Total latency = 5.6298696819885E7 (+/- 0) us 
Consensus latency = 2158.75037 (+/- 128) us 
Pre-consensus latency = 0.0 (+/- 0) us 
Pos-consensus latency = 5.6296850868066005E7 (+/- 0) us 
Propose latency = 549.6481779999999 (+/- 38) us 
Write latency = 130.88912200000001 (+/- 103) us 
Accept latency = 1478.21307 (+/- 122) us 
Batch average size = NaN (+/- 0) requests
ConsensusMessage ByteCount = 1443965:21882
LCMessage ByteCount = 55:11
TOMMessage ByteCount = 142227903:430986
StandardSMMessage ByteCount = 424:22
--- Measurements after 398000 ops (1000 samples) ---
Throughput = 4385.965 operations/sec (Maximum observed: 9009.009 ops/sec)
Total latency = 5.6410737363038E7 (+/- 0) us 
Consensus latency = 2167.412828 (+/- 74) us 
Pre-consensus latency = 0.0 (+/- 0) us 
Pos-consensus latency = 5.6408914072964E7 (+/- 0) us 
Propose latency = 582.860175 (+/- 51) us 
Write latency = 92.459652 (+/- 14) us 
Accept latency = 1492.093001 (+/- 59) us 
Batch average size = NaN (+/- 0) requests
ConsensusMessage ByteCount = 1443965:21882
LCMessage ByteCount = 55:11
TOMMessage ByteCount = 142253903:431011
StandardSMMessage ByteCount = 424:22
--- Measurements after 399000 ops (1000 samples) ---
Throughput = 4807.6924 operations/sec (Maximum observed: 9009.009 ops/sec)
Total latency = 5.6578582935692005E7 (+/- 0) us 
Consensus latency = 2155.399193 (+/- 112) us 
Pre-consensus latency = 0.0 (+/- 0) us 
Pos-consensus latency = 5.6576757411369E7 (+/- 0) us 
Propose latency = 568.064698 (+/- 35) us 
Write latency = 99.72774700000001 (+/- 53) us 
Accept latency = 1487.606748 (+/- 83) us 
Batch average size = NaN (+/- 0) requests
ConsensusMessage ByteCount = 1443965:21882
LCMessage ByteCount = 55:11
TOMMessage ByteCount = 142273662:431030
StandardSMMessage ByteCount = 424:22
--- Measurements after 400000 ops (1000 samples) ---
Throughput = 4608.295 operations/sec (Maximum observed: 9009.009 ops/sec)
Total latency = 5.6737633029278E7 (+/- 0) us 
Consensus latency = 2182.880777 (+/- 94) us 
Pre-consensus latency = 0.0 (+/- 0) us 
Pos-consensus latency = 5.6735768963525005E7 (+/- 0) us 
Propose latency = 574.3501180000001 (+/- 27) us 
Write latency = 193.075933 (+/- 326) us 
Accept latency = 1415.454726 (+/- 350) us 
Batch average size = NaN (+/- 0) requests
ConsensusMessage ByteCount = 1443965:21882
LCMessage ByteCount = 55:11
TOMMessage ByteCount = 142275742:431032
StandardSMMessage ByteCount = 424:22
--- Measurements after 401000 ops (1000 samples) ---
Throughput = 4784.689 operations/sec (Maximum observed: 9009.009 ops/sec)
Total latency = 5.689314949576E7 (+/- 0) us 
Consensus latency = 2164.927985 (+/- 142) us 
Pre-consensus latency = 0.0 (+/- 0) us 
Pos-consensus latency = 5.6891285351779E7 (+/- 0) us 
Propose latency = 544.709317 (+/- 50) us 
Write latency = 119.330342 (+/- 84) us 
Accept latency = 1500.8883259999998 (+/- 50) us 
Batch average size = NaN (+/- 0) requests
ConsensusMessage ByteCount = 1443965:21882
LCMessage ByteCount = 55:11
TOMMessage ByteCount = 142275742:431032
StandardSMMessage ByteCount = 424:22
--- Measurements after 402000 ops (1000 samples) ---
Throughput = 3921.5686 operations/sec (Maximum observed: 9009.009 ops/sec)
Total latency = 5.7086409540577E7 (+/- 0) us 
Consensus latency = 2233.110553 (+/- 129) us 
Pre-consensus latency = 0.0 (+/- 0) us 
Pos-consensus latency = 5.7084533590057E7 (+/- 0) us 
Propose latency = 608.491714 (+/- 113) us 
Write latency = 118.59298 (+/- 90) us 
Accept latency = 1506.0258589999999 (+/- 83) us 
Batch average size = NaN (+/- 0) requests
ConsensusMessage ByteCount = 1443965:21882
LCMessage ByteCount = 55:11
TOMMessage ByteCount = 142441095:431191
StandardSMMessage ByteCount = 424:22
--- Measurements after 403000 ops (1000 samples) ---
Throughput = 4784.689 operations/sec (Maximum observed: 9009.009 ops/sec)
Total latency = 5.7245553182801E7 (+/- 0) us 
Consensus latency = 2188.368577 (+/- 91) us 
Pre-consensus latency = 0.0 (+/- 0) us 
Pos-consensus latency = 5.7243687428472E7 (+/- 0) us 
Propose latency = 570.285632 (+/- 49) us 
Write latency = 132.202701 (+/- 81) us 
Accept latency = 1485.880244 (+/- 49) us 
Batch average size = NaN (+/- 0) requests
ConsensusMessage ByteCount = 1443965:21882
LCMessage ByteCount = 55:11
TOMMessage ByteCount = 142481650:431230
StandardSMMessage ByteCount = 424:22
--- Measurements after 404000 ops (1000 samples) ---
Throughput = 4761.905 operations/sec (Maximum observed: 9009.009 ops/sec)
Total latency = 5.7400132019327E7 (+/- 0) us 
Consensus latency = 2335.471537 (+/- 580) us 
Pre-consensus latency = 0.0 (+/- 0) us 
Pos-consensus latency = 5.7398108978657E7 (+/- 0) us 
Propose latency = 549.793849 (+/- 63) us 
Write latency = 282.112216 (+/- 652) us 
Accept latency = 1503.565472 (+/- 137) us 
Batch average size = NaN (+/- 0) requests
ConsensusMessage ByteCount = 1443965:21882
LCMessage ByteCount = 55:11
TOMMessage ByteCount = 142523246:431270
StandardSMMessage ByteCount = 424:22
--- Measurements after 405000 ops (1000 samples) ---
Throughput = 3787.879 operations/sec (Maximum observed: 9009.009 ops/sec)
Total latency = 5.7582318314449996E7 (+/- 0) us 
Consensus latency = 2137.0492999999997 (+/- 134) us 
Pre-consensus latency = 0.0 (+/- 0) us 
Pos-consensus latency = 5.7580489058003E7 (+/- 0) us 
Propose latency = 539.407506 (+/- 98) us 
Write latency = 142.62896700000002 (+/- 135) us 
Accept latency = 1455.012827 (+/- 66) us 
Batch average size = NaN (+/- 0) requests
ConsensusMessage ByteCount = 1443965:21882
LCMessage ByteCount = 55:11
TOMMessage ByteCount = 142863300:431597
StandardSMMessage ByteCount = 424:22
--- Measurements after 406000 ops (1000 samples) ---
Throughput = 4807.6924 operations/sec (Maximum observed: 9009.009 ops/sec)
Total latency = 5.776012004078E7 (+/- 0) us 
Consensus latency = 2374.559568 (+/- 890) us 
Pre-consensus latency = 0.0 (+/- 0) us 
Pos-consensus latency = 5.7758287242466E7 (+/- 0) us 
Propose latency = 793.172512 (+/- 887) us 
Write latency = 103.71122100000001 (+/- 76) us 
Accept latency = 1477.675835 (+/- 53) us 
Batch average size = NaN (+/- 0) requests
ConsensusMessage ByteCount = 1443965:21882
LCMessage ByteCount = 55:11
TOMMessage ByteCount = 143077526:431803
StandardSMMessage ByteCount = 424:22
--- Measurements after 407000 ops (1000 samples) ---
Throughput = 4761.905 operations/sec (Maximum observed: 9009.009 ops/sec)
Total latency = 5.7918474201179E7 (+/- 0) us 
Consensus latency = 2183.193095 (+/- 177) us 
Pre-consensus latency = 0.0 (+/- 0) us 
Pos-consensus latency = 5.7916575846884005E7 (+/- 0) us 
Propose latency = 470.870226 (+/- 112) us 
Write latency = 173.27766699999998 (+/- 153) us 
Accept latency = 1539.045202 (+/- 190) us 
Batch average size = NaN (+/- 0) requests
ConsensusMessage ByteCount = 1443965:21882
LCMessage ByteCount = 55:11
TOMMessage ByteCount = 143235594:431955
StandardSMMessage ByteCount = 424:22
--- Measurements after 408000 ops (1000 samples) ---
Throughput = 3861.004 operations/sec (Maximum observed: 9009.009 ops/sec)
Total latency = 5.8096719873966E7 (+/- 0) us 
Consensus latency = 2284.9566400000003 (+/- 282) us 
Pre-consensus latency = 0.0 (+/- 0) us 
Pos-consensus latency = 5.8094799378318004E7 (+/- 0) us 
Propose latency = 625.179683 (+/- 258) us 
Write latency = 104.9109 (+/- 102) us 
Accept latency = 1554.866057 (+/- 188) us 
Batch average size = NaN (+/- 0) requests
ConsensusMessage ByteCount = 1443965:21882
LCMessage ByteCount = 55:11
TOMMessage ByteCount = 143378062:432092
StandardSMMessage ByteCount = 424:22
--- Measurements after 409000 ops (1000 samples) ---
Throughput = 7936.508 operations/sec (Maximum observed: 9009.009 ops/sec)
Total latency = 5.8236069924246006E7 (+/- 0) us 
Consensus latency = 2357.3164049999996 (+/- 327) us 
Pre-consensus latency = 0.0 (+/- 0) us 
Pos-consensus latency = 5.8234060747708E7 (+/- 0) us 
Propose latency = 637.468347 (+/- 269) us 
Write latency = 217.945956 (+/- 239) us 
Accept latency = 1501.902102 (+/- 162) us 
Batch average size = NaN (+/- 0) requests
ConsensusMessage ByteCount = 1443965:21882
LCMessage ByteCount = 55:11
TOMMessage ByteCount = 143488296:432198
StandardSMMessage ByteCount = 424:22
--- Measurements after 410000 ops (1000 samples) ---
Throughput = 7874.0156 operations/sec (Maximum observed: 9009.009 ops/sec)
Total latency = 5.8307060327778E7 (+/- 0) us 
Consensus latency = 2174.962676 (+/- 132) us 
Pre-consensus latency = 0.0 (+/- 0) us 
Pos-consensus latency = 5.8305207287444E7 (+/- 0) us 
Propose latency = 547.646878 (+/- 29) us 
Write latency = 126.177595 (+/- 96) us 
Accept latency = 1501.138203 (+/- 115) us 
Batch average size = NaN (+/- 0) requests
ConsensusMessage ByteCount = 1443965:21882
LCMessage ByteCount = 55:11
TOMMessage ByteCount = 143550693:432258
StandardSMMessage ByteCount = 424:22
--- Measurements after 411000 ops (1000 samples) ---
Throughput = 5747.1265 operations/sec (Maximum observed: 9009.009 ops/sec)
Total latency = 5.8393923368822E7 (+/- 0) us 
Consensus latency = 2227.278517 (+/- 154) us 
Pre-consensus latency = 0.0 (+/- 0) us 
Pos-consensus latency = 5.8392040711334996E7 (+/- 0) us 
Propose latency = 594.261951 (+/- 57) us 
Write latency = 106.95088700000001 (+/- 27) us 
Accept latency = 1526.065679 (+/- 165) us 
Batch average size = NaN (+/- 0) requests
ConsensusMessage ByteCount = 1443965:21882
LCMessage ByteCount = 55:11
TOMMessage ByteCount = 143603729:432309
StandardSMMessage ByteCount = 424:22
--- Measurements after 412000 ops (1000 samples) ---
Throughput = 8333.333 operations/sec (Maximum observed: 9009.009 ops/sec)
Total latency = 5.8492591927489E7 (+/- 0) us 
Consensus latency = 2186.629301 (+/- 187) us 
Pre-consensus latency = 0.0 (+/- 0) us 
Pos-consensus latency = 5.8490731204429E7 (+/- 0) us 
Propose latency = 625.5763860000001 (+/- 161) us 
Write latency = 165.12115 (+/- 290) us 
Accept latency = 1395.9317649999998 (+/- 291) us 
Batch average size = NaN (+/- 0) requests
ConsensusMessage ByteCount = 1443965:21882
LCMessage ByteCount = 55:11
TOMMessage ByteCount = 143607889:432313
StandardSMMessage ByteCount = 424:22
--- Measurements after 413000 ops (1000 samples) ---
Throughput = 8403.361 operations/sec (Maximum observed: 9009.009 ops/sec)
Total latency = 5.8556315113592006E7 (+/- 0) us 
Consensus latency = 2177.3209589999997 (+/- 118) us 
Pre-consensus latency = 0.0 (+/- 0) us 
Pos-consensus latency = 5.8554469546573E7 (+/- 0) us 
Propose latency = 565.120426 (+/- 58) us 
Write latency = 97.921511 (+/- 26) us 
Accept latency = 1514.2790220000002 (+/- 124) us 
Batch average size = NaN (+/- 0) requests
ConsensusMessage ByteCount = 1443965:21882
LCMessage ByteCount = 55:11
TOMMessage ByteCount = 143609968:432315
StandardSMMessage ByteCount = 424:22
--- Measurements after 414000 ops (1000 samples) ---
Throughput = 8403.361 operations/sec (Maximum observed: 9009.009 ops/sec)
Total latency = 5.8619170734809E7 (+/- 0) us 
Consensus latency = 2281.877653 (+/- 242) us 
Pre-consensus latency = 0.0 (+/- 0) us 
Pos-consensus latency = 5.8617222872058E7 (+/- 0) us 
Propose latency = 575.831854 (+/- 40) us 
Write latency = 155.808141 (+/- 150) us 
Accept latency = 1550.237658 (+/- 207) us 
Batch average size = NaN (+/- 0) requests
ConsensusMessage ByteCount = 1443965:21882
LCMessage ByteCount = 55:11
TOMMessage ByteCount = 143611008:432316
StandardSMMessage ByteCount = 424:22
--- Measurements after 415000 ops (1000 samples) ---
Throughput = 4484.305 operations/sec (Maximum observed: 9009.009 ops/sec)
Total latency = 5.8738734075226E7 (+/- 0) us 
Consensus latency = 2400.296893 (+/- 372) us 
Pre-consensus latency = 0.0 (+/- 0) us 
Pos-consensus latency = 5.8736684237269E7 (+/- 0) us 
Propose latency = 628.422993 (+/- 119) us 
Write latency = 252.825933 (+/- 239) us 
Accept latency = 1519.047967 (+/- 208) us 
Batch average size = NaN (+/- 0) requests
ConsensusMessage ByteCount = 1443965:21882
LCMessage ByteCount = 55:11
TOMMessage ByteCount = 143614128:432319
StandardSMMessage ByteCount = 424:22
--- Measurements after 416000 ops (1000 samples) ---
Throughput = 5235.602 operations/sec (Maximum observed: 9009.009 ops/sec)
Total latency = 5.8887825703011E7 (+/- 0) us 
Consensus latency = 2297.0957820000003 (+/- 170) us 
Pre-consensus latency = 0.0 (+/- 0) us 
Pos-consensus latency = 5.8885872387913E7 (+/- 0) us 
Propose latency = 559.056851 (+/- 64) us 
Write latency = 132.467566 (+/- 85) us 
Accept latency = 1605.571365 (+/- 156) us 
Batch average size = NaN (+/- 0) requests
ConsensusMessage ByteCount = 1443965:21882
LCMessage ByteCount = 55:11
TOMMessage ByteCount = 143625567:432330
StandardSMMessage ByteCount = 424:22
--- Measurements after 417000 ops (1000 samples) ---
Throughput = 5263.1577 operations/sec (Maximum observed: 9009.009 ops/sec)
Total latency = 5.9025014949977994E7 (+/- 0) us 
Consensus latency = 2847.907204 (+/- 1626) us 
Pre-consensus latency = 0.0 (+/- 0) us 
Pos-consensus latency = 5.9022704915975E7 (+/- 0) us 
Propose latency = 784.49476 (+/- 869) us 
Write latency = 111.191521 (+/- 68) us 
Accept latency = 1952.2209229999999 (+/- 1462) us 
Batch average size = NaN (+/- 0) requests
ConsensusMessage ByteCount = 1443965:21882
LCMessage ByteCount = 55:11
TOMMessage ByteCount = 143642207:432346
StandardSMMessage ByteCount = 424:22
--- Measurements after 418000 ops (1000 samples) ---
Throughput = 7042.2534 operations/sec (Maximum observed: 9009.009 ops/sec)
Total latency = 5.913311793431E7 (+/- 0) us 
Consensus latency = 2216.510902 (+/- 165) us 
Pre-consensus latency = 0.0 (+/- 0) us 
Pos-consensus latency = 5.9131223913236E7 (+/- 0) us 
Propose latency = 551.178579 (+/- 70) us 
Write latency = 134.042484 (+/- 120) us 
Accept latency = 1531.289839 (+/- 147) us 
Batch average size = NaN (+/- 0) requests
ConsensusMessage ByteCount = 1443965:21882
LCMessage ByteCount = 55:11
TOMMessage ByteCount = 143658847:432362
StandardSMMessage ByteCount = 424:22
--- Measurements after 419000 ops (1000 samples) ---
Throughput = 7299.27 operations/sec (Maximum observed: 9009.009 ops/sec)
Total latency = 5.9217217128759004E7 (+/- 0) us 
Consensus latency = 2171.6785299999997 (+/- 120) us 
Pre-consensus latency = 0.0 (+/- 0) us 
Pos-consensus latency = 5.92153828728E7 (+/- 0) us 
Propose latency = 581.032491 (+/- 58) us 
Write latency = 135.904356 (+/- 89) us 
Accept latency = 1454.741683 (+/- 108) us 
Batch average size = NaN (+/- 0) requests
ConsensusMessage ByteCount = 1443965:21882
LCMessage ByteCount = 55:11
TOMMessage ByteCount = 143773238:432472
StandardSMMessage ByteCount = 424:22
--- Measurements after 420000 ops (1000 samples) ---
Throughput = 6024.096 operations/sec (Maximum observed: 9009.009 ops/sec)
Total latency = 5.9322011245609E7 (+/- 0) us 
Consensus latency = 2170.91846 (+/- 159) us 
Pre-consensus latency = 0.0 (+/- 0) us 
Pos-consensus latency = 5.9320167031432E7 (+/- 0) us 
Propose latency = 564.368392 (+/- 30) us 
Write latency = 132.316862 (+/- 104) us 
Accept latency = 1474.233206 (+/- 148) us 
Batch average size = NaN (+/- 0) requests
ConsensusMessage ByteCount = 1443965:21882
LCMessage ByteCount = 55:11
TOMMessage ByteCount = 143790917:432489
StandardSMMessage ByteCount = 424:22
--- Measurements after 421000 ops (1000 samples) ---
Throughput = 7936.508 operations/sec (Maximum observed: 9009.009 ops/sec)
Total latency = 5.9396565413593E7 (+/- 0) us 
Consensus latency = 2379.248398 (+/- 290) us 
Pre-consensus latency = 0.0 (+/- 0) us 
Pos-consensus latency = 5.9394668010923E7 (+/- 0) us 
Propose latency = 803.183602 (+/- 280) us 
Write latency = 112.799259 (+/- 71) us 
Accept latency = 1463.265537 (+/- 69) us 
Batch average size = NaN (+/- 0) requests
ConsensusMessage ByteCount = 1443965:21882
LCMessage ByteCount = 55:11
TOMMessage ByteCount = 143832514:432529
StandardSMMessage ByteCount = 424:22
--- Measurements after 422000 ops (1000 samples) ---
Throughput = 7462.6865 operations/sec (Maximum observed: 9009.009 ops/sec)
Total latency = 5.9477568324946E7 (+/- 0) us 
Consensus latency = 2288.902834 (+/- 250) us 
Pre-consensus latency = 0.0 (+/- 0) us 
Pos-consensus latency = 5.9475581896425E7 (+/- 0) us 
Propose latency = 548.913597 (+/- 47) us 
Write latency = 162.650518 (+/- 152) us 
Accept latency = 1577.338719 (+/- 258) us 
Batch average size = NaN (+/- 0) requests
ConsensusMessage ByteCount = 1443965:21882
LCMessage ByteCount = 55:11
TOMMessage ByteCount = 143887628:432582
StandardSMMessage ByteCount = 424:22
--- Measurements after 423000 ops (1000 samples) ---
Throughput = 7462.6865 operations/sec (Maximum observed: 9009.009 ops/sec)
Total latency = 5.9552569399682E7 (+/- 0) us 
Consensus latency = 2864.588895 (+/- 2306) us 
Pre-consensus latency = 0.0 (+/- 0) us 
Pos-consensus latency = 5.9550021414472E7 (+/- 0) us 
Propose latency = 566.653899 (+/- 124) us 
Write latency = 774.3612519999999 (+/- 2356) us 
Accept latency = 1523.573744 (+/- 189) us 
Batch average size = NaN (+/- 0) requests
ConsensusMessage ByteCount = 1443965:21882
LCMessage ByteCount = 55:11
TOMMessage ByteCount = 144024898:432714
StandardSMMessage ByteCount = 424:22
--- Measurements after 424000 ops (1000 samples) ---
Throughput = 4132.2314 operations/sec (Maximum observed: 9009.009 ops/sec)
Total latency = 5.9691833891227E7 (+/- 0) us 
Consensus latency = 2267.073536 (+/- 240) us 
Pre-consensus latency = 0.0 (+/- 0) us 
Pos-consensus latency = 5.968988279563E7 (+/- 0) us 
Propose latency = 555.435153 (+/- 63) us 
Write latency = 147.87918299999998 (+/- 209) us 
Accept latency = 1563.7592 (+/- 184) us 
Batch average size = NaN (+/- 0) requests
ConsensusMessage ByteCount = 1443965:21882
LCMessage ByteCount = 55:11
TOMMessage ByteCount = 144219365:432901
StandardSMMessage ByteCount = 424:22
--- Measurements after 425000 ops (1000 samples) ---
Throughput = 4694.8354 operations/sec (Maximum observed: 9009.009 ops/sec)
Total latency = 5.9857991505660005E7 (+/- 0) us 
Consensus latency = 2235.613169 (+/- 145) us 
Pre-consensus latency = 0.0 (+/- 0) us 
Pos-consensus latency = 5.985608914357E7 (+/- 0) us 
Propose latency = 568.545011 (+/- 70) us 
Write latency = 160.976631 (+/- 167) us 
Accept latency = 1506.091527 (+/- 123) us 
Batch average size = NaN (+/- 0) requests
ConsensusMessage ByteCount = 1443965:21882
LCMessage ByteCount = 55:11
TOMMessage ByteCount = 144361833:433038
StandardSMMessage ByteCount = 424:22
--- Measurements after 426000 ops (1000 samples) ---
Throughput = 4784.689 operations/sec (Maximum observed: 9009.009 ops/sec)
Total latency = 6.0013636338323E7 (+/- 0) us 
Consensus latency = 2223.134889 (+/- 194) us 
Pre-consensus latency = 0.0 (+/- 0) us 
Pos-consensus latency = 6.0011730793524005E7 (+/- 0) us 
Propose latency = 560.1494620000001 (+/- 74) us 
Write latency = 162.709587 (+/- 193) us 
Accept latency = 1500.27584 (+/- 70) us 
Batch average size = NaN (+/- 0) requests
ConsensusMessage ByteCount = 1443965:21882
LCMessage ByteCount = 55:11
TOMMessage ByteCount = 144617654:433284
StandardSMMessage ByteCount = 424:22
--- Measurements after 427000 ops (1000 samples) ---
Throughput = 3521.1267 operations/sec (Maximum observed: 9009.009 ops/sec)
Total latency = 6.0218023204329E7 (+/- 0) us 
Consensus latency = 2412.612103 (+/- 261) us 
Pre-consensus latency = 0.0 (+/- 0) us 
Pos-consensus latency = 6.0215944370873004E7 (+/- 0) us 
Propose latency = 602.994698 (+/- 101) us 
Write latency = 137.82004 (+/- 129) us 
Accept latency = 1671.797365 (+/- 210) us 
Batch average size = NaN (+/- 0) requests
ConsensusMessage ByteCount = 1443965:21882
LCMessage ByteCount = 55:11
TOMMessage ByteCount = 144955634:433609
StandardSMMessage ByteCount = 424:22
--- Measurements after 428000 ops (1000 samples) ---
Throughput = 4694.8354 operations/sec (Maximum observed: 9009.009 ops/sec)
Total latency = 6.0397505954525E7 (+/- 0) us 
Consensus latency = 2651.7028539999997 (+/- 1013) us 
Pre-consensus latency = 0.0 (+/- 0) us 
Pos-consensus latency = 6.0395282114502996E7 (+/- 0) us 
Propose latency = 939.236483 (+/- 907) us 
Write latency = 276.059954 (+/- 642) us 
Accept latency = 1436.406417 (+/- 387) us 
Batch average size = NaN (+/- 0) requests
ConsensusMessage ByteCount = 1443965:21882
LCMessage ByteCount = 55:11
TOMMessage ByteCount = 144992031:433644
StandardSMMessage ByteCount = 424:22
--- Measurements after 429000 ops (1000 samples) ---
Throughput = 3571.4285 operations/sec (Maximum observed: 9009.009 ops/sec)
Total latency = 6.0590187928566E7 (+/- 0) us 
Consensus latency = 2272.2800580000003 (+/- 636) us 
Pre-consensus latency = 0.0 (+/- 0) us 
Pos-consensus latency = 6.0588244831764E7 (+/- 0) us 
Propose latency = 647.834578 (+/- 606) us 
Write latency = 123.100523 (+/- 106) us 
Accept latency = 1501.344957 (+/- 96) us 
Batch average size = NaN (+/- 0) requests
ConsensusMessage ByteCount = 1443965:21882
LCMessage ByteCount = 55:11
TOMMessage ByteCount = 145004511:433656
StandardSMMessage ByteCount = 424:22
--- Measurements after 430000 ops (1000 samples) ---
Throughput = 4608.295 operations/sec (Maximum observed: 9009.009 ops/sec)
Total latency = 6.0779633929806E7 (+/- 0) us 
Consensus latency = 2252.9925980000003 (+/- 113) us 
Pre-consensus latency = 0.0 (+/- 0) us 
Pos-consensus latency = 6.0777708517512E7 (+/- 0) us 
Propose latency = 545.403016 (+/- 69) us 
Write latency = 118.798726 (+/- 75) us 
Accept latency = 1588.7908559999998 (+/- 158) us 
Batch average size = NaN (+/- 0) requests
ConsensusMessage ByteCount = 1443965:21882
LCMessage ByteCount = 55:11
TOMMessage ByteCount = 145015951:433667
StandardSMMessage ByteCount = 424:22
--- Measurements after 431000 ops (1000 samples) ---
Throughput = 4464.2856 operations/sec (Maximum observed: 9009.009 ops/sec)
Total latency = 6.095041521278E7 (+/- 0) us 
Consensus latency = 2270.801518 (+/- 233) us 
Pre-consensus latency = 0.0 (+/- 0) us 
Pos-consensus latency = 6.0948497791317E7 (+/- 0) us 
Propose latency = 572.2657730000001 (+/- 70) us 
Write latency = 164.614058 (+/- 143) us 
Accept latency = 1533.921687 (+/- 210) us 
Batch average size = NaN (+/- 0) requests
ConsensusMessage ByteCount = 1443965:21882
LCMessage ByteCount = 55:11
TOMMessage ByteCount = 145066908:433716
StandardSMMessage ByteCount = 424:22
--- Measurements after 432000 ops (1000 samples) ---
Throughput = 3831.4177 operations/sec (Maximum observed: 9009.009 ops/sec)
Total latency = 6.1116603531780995E7 (+/- 0) us 
Consensus latency = 2267.1617459999998 (+/- 207) us 
Pre-consensus latency = 0.0 (+/- 0) us 
Pos-consensus latency = 6.1114649431786E7 (+/- 0) us 
Propose latency = 526.602616 (+/- 76) us 
Write latency = 103.458511 (+/- 65) us 
Accept latency = 1637.100619 (+/- 228) us 
Batch average size = NaN (+/- 0) requests
ConsensusMessage ByteCount = 1443965:21882
LCMessage ByteCount = 55:11
TOMMessage ByteCount = 145279052:433920
StandardSMMessage ByteCount = 424:22
--- Measurements after 433000 ops (1000 samples) ---
Throughput = 4608.295 operations/sec (Maximum observed: 9009.009 ops/sec)
Total latency = 6.1314292117639E7 (+/- 0) us 
Consensus latency = 2560.800201 (+/- 388) us 
Pre-consensus latency = 0.0 (+/- 0) us 
Pos-consensus latency = 6.1312173134163E7 (+/- 0) us 
Propose latency = 803.2292389999999 (+/- 393) us 
Write latency = 211.426899 (+/- 338) us 
Accept latency = 1546.1440630000002 (+/- 121) us 
Batch average size = NaN (+/- 0) requests
ConsensusMessage ByteCount = 1443965:21882
LCMessage ByteCount = 55:11
TOMMessage ByteCount = 145470401:434104
StandardSMMessage ByteCount = 424:22
--- Measurements after 434000 ops (1000 samples) ---
Throughput = 7874.0156 operations/sec (Maximum observed: 9009.009 ops/sec)
Total latency = 6.1429576083499E7 (+/- 0) us 
Consensus latency = 2882.822693 (+/- 2331) us 
Pre-consensus latency = 0.0 (+/- 0) us 
Pos-consensus latency = 6.1427659031701E7 (+/- 0) us 
Propose latency = 1241.472064 (+/- 2347) us 
Write latency = 158.85387 (+/- 123) us 
Accept latency = 1482.496759 (+/- 153) us 
Batch average size = NaN (+/- 0) requests
ConsensusMessage ByteCount = 1443965:21882
LCMessage ByteCount = 55:11
TOMMessage ByteCount = 145516158:434148
StandardSMMessage ByteCount = 424:22
--- Measurements after 435000 ops (1000 samples) ---
Throughput = 7874.0156 operations/sec (Maximum observed: 9009.009 ops/sec)
Total latency = 6.1504024925596E7 (+/- 0) us 
Consensus latency = 2270.3292650000003 (+/- 178) us 
Pre-consensus latency = 0.0 (+/- 0) us 
Pos-consensus latency = 6.1502055541691005E7 (+/- 0) us 
Propose latency = 531.250156 (+/- 69) us 
Write latency = 177.13353 (+/- 160) us 
Accept latency = 1561.945579 (+/- 196) us 
Batch average size = NaN (+/- 0) requests
ConsensusMessage ByteCount = 1443965:21882
LCMessage ByteCount = 55:11
TOMMessage ByteCount = 145582713:434212
StandardSMMessage ByteCount = 424:22
--- Measurements after 436000 ops (1000 samples) ---
Throughput = 5154.639 operations/sec (Maximum observed: 9009.009 ops/sec)
Total latency = 6.1622463003971E7 (+/- 0) us 
Consensus latency = 2214.243989 (+/- 180) us 
Pre-consensus latency = 0.0 (+/- 0) us 
Pos-consensus latency = 6.1620567491709E7 (+/- 0) us 
Propose latency = 539.6351010000001 (+/- 67) us 
Write latency = 144.503381 (+/- 126) us 
Accept latency = 1530.105507 (+/- 139) us 
Batch average size = NaN (+/- 0) requests
ConsensusMessage ByteCount = 1443965:21882
LCMessage ByteCount = 55:11
TOMMessage ByteCount = 145799014:434420
StandardSMMessage ByteCount = 424:22
--- Measurements after 437000 ops (1000 samples) ---
Throughput = 6493.5063 operations/sec (Maximum observed: 9009.009 ops/sec)
Total latency = 6.1726932896958E7 (+/- 0) us 
Consensus latency = 2182.309636 (+/- 135) us 
Pre-consensus latency = 0.0 (+/- 0) us 
Pos-consensus latency = 6.1725048958785005E7 (+/- 0) us 
Propose latency = 507.142196 (+/- 61) us 
Write latency = 174.73599299999998 (+/- 163) us 
Accept latency = 1500.431447 (+/- 136) us 
Batch average size = NaN (+/- 0) requests
ConsensusMessage ByteCount = 1443965:21882
LCMessage ByteCount = 55:11
TOMMessage ByteCount = 146072521:434683
StandardSMMessage ByteCount = 424:22
--- Measurements after 438000 ops (1000 samples) ---
Throughput = 6493.5063 operations/sec (Maximum observed: 9009.009 ops/sec)
Total latency = 6.1825796160914004E7 (+/- 0) us 
Consensus latency = 2242.967744 (+/- 241) us 
Pre-consensus latency = 0.0 (+/- 0) us 
Pos-consensus latency = 6.1823894634963E7 (+/- 0) us 
Propose latency = 572.520747 (+/- 72) us 
Write latency = 184.154922 (+/- 171) us 
Accept latency = 1486.2920749999998 (+/- 149) us 
Batch average size = NaN (+/- 0) requests
ConsensusMessage ByteCount = 1443965:21882
LCMessage ByteCount = 55:11
TOMMessage ByteCount = 146176514:434783
StandardSMMessage ByteCount = 424:22
--- Measurements after 439000 ops (1000 samples) ---
Throughput = 5102.041 operations/sec (Maximum observed: 9009.009 ops/sec)
Total latency = 6.1933551171725996E7 (+/- 0) us 
Consensus latency = 4553.712629 (+/- 4780) us 
Pre-consensus latency = 0.0 (+/- 0) us 
Pos-consensus latency = 6.1929372616883E7 (+/- 0) us 
Propose latency = 655.7294109999999 (+/- 217) us 
Write latency = 275.10434100000003 (+/- 313) us 
Accept latency = 3622.8788769999996 (+/- 4726) us 
Batch average size = NaN (+/- 0) requests
ConsensusMessage ByteCount = 1443965:21882
LCMessage ByteCount = 55:11
TOMMessage ByteCount = 146191073:434797
StandardSMMessage ByteCount = 424:22
--- Measurements after 440000 ops (1000 samples) ---
Throughput = 6993.007 operations/sec (Maximum observed: 9009.009 ops/sec)
Total latency = 6.2057729147699E7 (+/- 0) us 
Consensus latency = 2206.3788050000003 (+/- 177) us 
Pre-consensus latency = 0.0 (+/- 0) us 
Pos-consensus latency = 6.2055884435498E7 (+/- 0) us 
Propose latency = 650.083271 (+/- 212) us 
Write latency = 116.771756 (+/- 88) us 
Accept latency = 1439.523778 (+/- 139) us 
Batch average size = NaN (+/- 0) requests
ConsensusMessage ByteCount = 1443965:21882
LCMessage ByteCount = 55:11
TOMMessage ByteCount = 146208753:434814
StandardSMMessage ByteCount = 424:22
--- Measurements after 441000 ops (1000 samples) ---
Throughput = 6622.5166 operations/sec (Maximum observed: 9009.009 ops/sec)
Total latency = 6.2150611426168E7 (+/- 0) us 
Consensus latency = 2199.664837 (+/- 206) us 
Pre-consensus latency = 0.0 (+/- 0) us 
Pos-consensus latency = 6.2148739168287E7 (+/- 0) us 
Propose latency = 538.6944 (+/- 58) us 
Write latency = 183.07603400000002 (+/- 159) us 
Accept latency = 1477.894403 (+/- 202) us 
Batch average size = NaN (+/- 0) requests
ConsensusMessage ByteCount = 1443965:21882
LCMessage ByteCount = 55:11
TOMMessage ByteCount = 146244108:434848
StandardSMMessage ByteCount = 424:22
--- Measurements after 442000 ops (1000 samples) ---
Throughput = 6493.5063 operations/sec (Maximum observed: 9009.009 ops/sec)
Total latency = 6.2246817337559E7 (+/- 0) us 
Consensus latency = 2221.046199 (+/- 212) us 
Pre-consensus latency = 0.0 (+/- 0) us 
Pos-consensus latency = 6.2244912627952E7 (+/- 0) us 
Propose latency = 549.753755 (+/- 72) us 
Write latency = 142.339236 (+/- 114) us 
Accept latency = 1528.9532080000001 (+/- 109) us 
Batch average size = NaN (+/- 0) requests
ConsensusMessage ByteCount = 1443965:21882
LCMessage ByteCount = 55:11
TOMMessage ByteCount = 146398015:434996
StandardSMMessage ByteCount = 424:22
--- Measurements after 443000 ops (1000 samples) ---
Throughput = 5780.3467 operations/sec (Maximum observed: 9009.009 ops/sec)
Total latency = 6.2360367941459E7 (+/- 0) us 
Consensus latency = 2297.4639559999996 (+/- 292) us 
Pre-consensus latency = 0.0 (+/- 0) us 
Pos-consensus latency = 6.2358416033489E7 (+/- 0) us 
Propose latency = 584.725993 (+/- 44) us 
Write latency = 221.950266 (+/- 261) us 
Accept latency = 1490.787697 (+/- 74) us 
Batch average size = NaN (+/- 0) requests
ConsensusMessage ByteCount = 1443965:21882
LCMessage ByteCount = 55:11
TOMMessage ByteCount = 146601833:435192
StandardSMMessage ByteCount = 424:22
--- Measurements after 444000 ops (1000 samples) ---
Throughput = 6535.9478 operations/sec (Maximum observed: 9009.009 ops/sec)
Total latency = 6.2460457653222E7 (+/- 0) us 
Consensus latency = 2213.2792790000003 (+/- 229) us 
Pre-consensus latency = 0.0 (+/- 0) us 
Pos-consensus latency = 6.2458560681807E7 (+/- 0) us 
Propose latency = 545.343448 (+/- 48) us 
Write latency = 129.779488 (+/- 93) us 
Accept latency = 1538.156343 (+/- 188) us 
Batch average size = NaN (+/- 0) requests
ConsensusMessage ByteCount = 1443965:21882
LCMessage ByteCount = 55:11
TOMMessage ByteCount = 146662150:435250
StandardSMMessage ByteCount = 424:22
--- Measurements after 445000 ops (1000 samples) ---
Throughput = 6535.9478 operations/sec (Maximum observed: 9009.009 ops/sec)
Total latency = 6.2553578663780995E7 (+/- 0) us 
Consensus latency = 3096.0070210000003 (+/- 2250) us 
Pre-consensus latency = 0.0 (+/- 0) us 
Pos-consensus latency = 6.2550826296791E7 (+/- 0) us 
Propose latency = 705.299644 (+/- 386) us 
Write latency = 142.97415900000001 (+/- 107) us 
Accept latency = 2247.733218 (+/- 2298) us 
Batch average size = NaN (+/- 0) requests
ConsensusMessage ByteCount = 1443965:21882
LCMessage ByteCount = 55:11
TOMMessage ByteCount = 146783823:435367
StandardSMMessage ByteCount = 424:22
--- Measurements after 446000 ops (1000 samples) ---
Throughput = 5681.8184 operations/sec (Maximum observed: 9009.009 ops/sec)
Total latency = 6.2662422147234E7 (+/- 0) us 
Consensus latency = 2216.4389810000002 (+/- 181) us 
Pre-consensus latency = 0.0 (+/- 0) us 
Pos-consensus latency = 6.2660514140444E7 (+/- 0) us 
Propose latency = 537.096559 (+/- 78) us 
Write latency = 155.068397 (+/- 150) us 
Accept latency = 1524.274025 (+/- 213) us 
Batch average size = NaN (+/- 0) requests
ConsensusMessage ByteCount = 1443965:21882
LCMessage ByteCount = 55:11
TOMMessage ByteCount = 146947090:435524
StandardSMMessage ByteCount = 424:22
--- Measurements after 447000 ops (1000 samples) ---
Throughput = 4854.369 operations/sec (Maximum observed: 9009.009 ops/sec)
Total latency = 6.2789915916053005E7 (+/- 0) us 
Consensus latency = 2182.924949 (+/- 112) us 
Pre-consensus latency = 0.0 (+/- 0) us 
Pos-consensus latency = 6.278806706864601E7 (+/- 0) us 
Propose latency = 546.278679 (+/- 48) us 
Write latency = 134.352783 (+/- 103) us 
Accept latency = 1502.293487 (+/- 61) us 
Batch average size = NaN (+/- 0) requests
ConsensusMessage ByteCount = 1443965:21882
LCMessage ByteCount = 55:11
TOMMessage ByteCount = 147160276:435729
StandardSMMessage ByteCount = 424:22
--- Measurements after 448000 ops (1000 samples) ---
Throughput = 4149.3774 operations/sec (Maximum observed: 9009.009 ops/sec)
Total latency = 6.2968594061900005E7 (+/- 0) us 
Consensus latency = 2372.415238 (+/- 184) us 
Pre-consensus latency = 0.0 (+/- 0) us 
Pos-consensus latency = 6.2966552137942E7 (+/- 0) us 
Propose latency = 546.571377 (+/- 80) us 
Write latency = 179.274816 (+/- 200) us 
Accept latency = 1646.569045 (+/- 185) us 
Batch average size = NaN (+/- 0) requests
ConsensusMessage ByteCount = 1443965:21882
LCMessage ByteCount = 55:11
TOMMessage ByteCount = 147352661:435914
StandardSMMessage ByteCount = 424:22
--- Measurements after 449000 ops (1000 samples) ---
Throughput = 6172.8394 operations/sec (Maximum observed: 9009.009 ops/sec)
Total latency = 6.3126062532981E7 (+/- 0) us 
Consensus latency = 2274.708369 (+/- 182) us 
Pre-consensus latency = 0.0 (+/- 0) us 
Pos-consensus latency = 6.3124109730269E7 (+/- 0) us 
Propose latency = 580.8507979999999 (+/- 83) us 
Write latency = 130.187329 (+/- 103) us 
Accept latency = 1563.6702420000001 (+/- 132) us 
Batch average size = NaN (+/- 0) requests
ConsensusMessage ByteCount = 1443965:21882
LCMessage ByteCount = 55:11
TOMMessage ByteCount = 147380741:435941
StandardSMMessage ByteCount = 424:22
--- Measurements after 450000 ops (1000 samples) ---
Throughput = 8547.009 operations/sec (Maximum observed: 9009.009 ops/sec)
Total latency = 6.3196859223891996E7 (+/- 0) us 
Consensus latency = 2514.416014 (+/- 903) us 
Pre-consensus latency = 0.0 (+/- 0) us 
Pos-consensus latency = 6.3194937007637E7 (+/- 0) us 
Propose latency = 826.783646 (+/- 906) us 
Write latency = 116.412758 (+/- 98) us 
Accept latency = 1571.21961 (+/- 224) us 
Batch average size = NaN (+/- 0) requests
ConsensusMessage ByteCount = 1443965:21882
LCMessage ByteCount = 55:11
TOMMessage ByteCount = 147380741:435941
StandardSMMessage ByteCount = 424:22
--- Measurements after 451000 ops (1000 samples) ---
Throughput = 4115.2266 operations/sec (Maximum observed: 9009.009 ops/sec)
Total latency = 6.3303679734607E7 (+/- 0) us 
Consensus latency = 2240.199844 (+/- 258) us 
Pre-consensus latency = 0.0 (+/- 0) us 
Pos-consensus latency = 6.3301763957716E7 (+/- 0) us 
Propose latency = 565.7245790000001 (+/- 153) us 
Write latency = 136.539454 (+/- 107) us 
Accept latency = 1537.935811 (+/- 157) us 
Batch average size = NaN (+/- 0) requests
ConsensusMessage ByteCount = 1443965:21882
LCMessage ByteCount = 55:11
TOMMessage ByteCount = 147389061:435949
StandardSMMessage ByteCount = 424:22
--- Measurements after 452000 ops (1000 samples) ---
Throughput = 8620.689 operations/sec (Maximum observed: 9009.009 ops/sec)
Total latency = 6.3448041808986E7 (+/- 0) us 
Consensus latency = 2249.110425 (+/- 162) us 
Pre-consensus latency = 0.0 (+/- 0) us 
Pos-consensus latency = 6.3446106570349E7 (+/- 0) us 
Propose latency = 560.5494699999999 (+/- 65) us 
Write latency = 138.230139 (+/- 126) us 
Accept latency = 1550.3308160000001 (+/- 155) us 
Batch average size = NaN (+/- 0) requests
ConsensusMessage ByteCount = 1443965:21882
LCMessage ByteCount = 55:11
TOMMessage ByteCount = 147391140:435951
StandardSMMessage ByteCount = 424:22
--- Measurements after 453000 ops (1000 samples) ---
Throughput = 8695.652 operations/sec (Maximum observed: 9009.009 ops/sec)
Total latency = 6.3507704534125E7 (+/- 0) us 
Consensus latency = 2358.954458 (+/- 224) us 
Pre-consensus latency = 0.0 (+/- 0) us 
Pos-consensus latency = 6.3505654529078E7 (+/- 0) us 
Propose latency = 552.86475 (+/- 57) us 
Write latency = 253.81887799999998 (+/- 315) us 
Accept latency = 1552.2708300000002 (+/- 258) us 
Batch average size = NaN (+/- 0) requests
ConsensusMessage ByteCount = 1443965:21882
LCMessage ByteCount = 55:11
TOMMessage ByteCount = 147392180:435952
StandardSMMessage ByteCount = 424:22
--- Measurements after 454000 ops (1000 samples) ---
Throughput = 8474.576 operations/sec (Maximum observed: 9009.009 ops/sec)
Total latency = 6.3568841363121E7 (+/- 0) us 
Consensus latency = 2273.046343 (+/- 200) us 
Pre-consensus latency = 0.0 (+/- 0) us 
Pos-consensus latency = 6.3566870259161E7 (+/- 0) us 
Propose latency = 576.864972 (+/- 129) us 
Write latency = 196.55521299999998 (+/- 141) us 
Accept latency = 1499.626158 (+/- 160) us 
Batch average size = NaN (+/- 0) requests
ConsensusMessage ByteCount = 1443965:21882
LCMessage ByteCount = 55:11
TOMMessage ByteCount = 147392180:435952
StandardSMMessage ByteCount = 424:22
--- Measurements after 455000 ops (1000 samples) ---
Throughput = 6134.969 operations/sec (Maximum observed: 9009.009 ops/sec)
Total latency = 6.3665854215397E7 (+/- 0) us 
Consensus latency = 2308.71504 (+/- 470) us 
Pre-consensus latency = 0.0 (+/- 0) us 
Pos-consensus latency = 6.366400312211E7 (+/- 0) us 
Propose latency = 704.4307269999999 (+/- 425) us 
Write latency = 134.262245 (+/- 109) us 
Accept latency = 1470.022068 (+/- 189) us 
Batch average size = NaN (+/- 0) requests
ConsensusMessage ByteCount = 1443965:21882
LCMessage ByteCount = 55:11
TOMMessage ByteCount = 147395300:435955
StandardSMMessage ByteCount = 424:22
--- Measurements after 456000 ops (1000 samples) ---
Throughput = 8403.361 operations/sec (Maximum observed: 9009.009 ops/sec)
Total latency = 6.3736896299515E7 (+/- 0) us 
Consensus latency = 2193.1775869999997 (+/- 155) us 
Pre-consensus latency = 0.0 (+/- 0) us 
Pos-consensus latency = 6.3735026588108E7 (+/- 0) us 
Propose latency = 556.235409 (+/- 80) us 
Write latency = 152.712399 (+/- 142) us 
Accept latency = 1484.229779 (+/- 102) us 
Batch average size = NaN (+/- 0) requests
ConsensusMessage ByteCount = 1443965:21882
LCMessage ByteCount = 55:11
TOMMessage ByteCount = 147399459:435959
StandardSMMessage ByteCount = 424:22
--- Measurements after 457000 ops (1000 samples) ---
Throughput = 8620.689 operations/sec (Maximum observed: 9009.009 ops/sec)
Total latency = 6.3797938843072E7 (+/- 0) us 
Consensus latency = 2364.8172969999996 (+/- 182) us 
Pre-consensus latency = 0.0 (+/- 0) us 
Pos-consensus latency = 6.3795924794346E7 (+/- 0) us 
Propose latency = 605.720233 (+/- 93) us 
Write latency = 179.030791 (+/- 150) us 
Accept latency = 1580.0662730000001 (+/- 145) us 
Batch average size = NaN (+/- 0) requests
ConsensusMessage ByteCount = 1443965:21882
LCMessage ByteCount = 55:11
TOMMessage ByteCount = 147400499:435960
StandardSMMessage ByteCount = 424:22
--- Measurements after 458000 ops (1000 samples) ---
Throughput = 5464.481 operations/sec (Maximum observed: 9009.009 ops/sec)
Total latency = 6.387210217637E7 (+/- 0) us 
Consensus latency = 2243.58609 (+/- 213) us 
Pre-consensus latency = 0.0 (+/- 0) us 
Pos-consensus latency = 6.3870179160203E7 (+/- 0) us 
Propose latency = 561.297758 (+/- 89) us 
Write latency = 117.690988 (+/- 86) us 
Accept latency = 1564.597344 (+/- 202) us 
Batch average size = NaN (+/- 0) requests
ConsensusMessage ByteCount = 1443965:21882
LCMessage ByteCount = 55:11
TOMMessage ByteCount = 147404659:435964
StandardSMMessage ByteCount = 424:22
--- Measurements after 459000 ops (1000 samples) ---
Throughput = 7692.3076 operations/sec (Maximum observed: 9009.009 ops/sec)
Total latency = 6.3988040851478994E7 (+/- 0) us 
Consensus latency = 2195.921455 (+/- 124) us 
Pre-consensus latency = 0.0 (+/- 0) us 
Pos-consensus latency = 6.3986185914156E7 (+/- 0) us 
Propose latency = 567.529421 (+/- 73) us 
Write latency = 107.300664 (+/- 80) us 
Accept latency = 1521.09137 (+/- 99) us 
Batch average size = NaN (+/- 0) requests
ConsensusMessage ByteCount = 1443965:21882
LCMessage ByteCount = 55:11
TOMMessage ByteCount = 147406739:435966
StandardSMMessage ByteCount = 424:22
--- Measurements after 460000 ops (1000 samples) ---
Throughput = 8620.689 operations/sec (Maximum observed: 9009.009 ops/sec)
Total latency = 6.4051738898886E7 (+/- 0) us 
Consensus latency = 2569.892499 (+/- 1404) us 
Pre-consensus latency = 0.0 (+/- 0) us 
Pos-consensus latency = 6.4049473843996E7 (+/- 0) us 
Propose latency = 555.702315 (+/- 102) us 
Write latency = 162.725148 (+/- 149) us 
Accept latency = 1851.465036 (+/- 1329) us 
Batch average size = NaN (+/- 0) requests
ConsensusMessage ByteCount = 1443965:21882
LCMessage ByteCount = 55:11
TOMMessage ByteCount = 147409858:435969
StandardSMMessage ByteCount = 424:22
--- Measurements after 461000 ops (1000 samples) ---
Throughput = 8620.689 operations/sec (Maximum observed: 9009.009 ops/sec)
Total latency = 6.411278439139701E7 (+/- 0) us 
Consensus latency = 2132.539159 (+/- 115) us 
Pre-consensus latency = 0.0 (+/- 0) us 
Pos-consensus latency = 6.4110933221638E7 (+/- 0) us 
Propose latency = 515.514544 (+/- 65) us 
Write latency = 114.48706200000001 (+/- 93) us 
Accept latency = 1502.5375530000001 (+/- 86) us 
Batch average size = NaN (+/- 0) requests
ConsensusMessage ByteCount = 1443965:21882
LCMessage ByteCount = 55:11
TOMMessage ByteCount = 147409858:435969
StandardSMMessage ByteCount = 424:22
--- Measurements after 462000 ops (1000 samples) ---
Throughput = 6097.561 operations/sec (Maximum observed: 9009.009 ops/sec)
Total latency = 6.4191909431425005E7 (+/- 0) us 
Consensus latency = 2288.6523190000003 (+/- 526) us 
Pre-consensus latency = 0.0 (+/- 0) us 
Pos-consensus latency = 6.4189940194179E7 (+/- 0) us 
Propose latency = 561.644988 (+/- 61) us 
Write latency = 318.615032 (+/- 621) us 
Accept latency = 1408.392299 (+/- 121) us 
Batch average size = NaN (+/- 0) requests
ConsensusMessage ByteCount = 1443965:21882
LCMessage ByteCount = 55:11
TOMMessage ByteCount = 147534651:436089
StandardSMMessage ByteCount = 424:22
--- Measurements after 463000 ops (1000 samples) ---
Throughput = 7692.3076 operations/sec (Maximum observed: 9009.009 ops/sec)
Total latency = 6.4289699373774E7 (+/- 0) us 
Consensus latency = 2275.992516 (+/- 171) us 
Pre-consensus latency = 0.0 (+/- 0) us 
Pos-consensus latency = 6.4287794921072E7 (+/- 0) us 
Propose latency = 645.8474259999999 (+/- 134) us 
Write latency = 111.479787 (+/- 71) us 
Accept latency = 1518.665303 (+/- 120) us 
Batch average size = NaN (+/- 0) requests
ConsensusMessage ByteCount = 1443965:21882
LCMessage ByteCount = 55:11
TOMMessage ByteCount = 147610565:436162
StandardSMMessage ByteCount = 424:22
--- Measurements after 464000 ops (1000 samples) ---
Throughput = 7246.377 operations/sec (Maximum observed: 9009.009 ops/sec)
Total latency = 6.4365397618676E7 (+/- 0) us 
Consensus latency = 2260.3316090000003 (+/- 198) us 
Pre-consensus latency = 0.0 (+/- 0) us 
Pos-consensus latency = 6.436345519106E7 (+/- 0) us 
Propose latency = 554.164277 (+/- 49) us 
Write latency = 139.85376000000002 (+/- 128) us 
Accept latency = 1566.313572 (+/- 194) us 
Batch average size = NaN (+/- 0) requests
ConsensusMessage ByteCount = 1443965:21882
LCMessage ByteCount = 55:11
TOMMessage ByteCount = 147815429:436359
StandardSMMessage ByteCount = 424:22
--- Measurements after 465000 ops (1000 samples) ---
Throughput = 5617.9775 operations/sec (Maximum observed: 9009.009 ops/sec)
Total latency = 6.4454003133874E7 (+/- 0) us 
Consensus latency = 2462.67464 (+/- 1266) us 
Pre-consensus latency = 0.0 (+/- 0) us 
Pos-consensus latency = 6.4452185760005E7 (+/- 0) us 
Propose latency = 879.695176 (+/- 1234) us 
Write latency = 121.766474 (+/- 90) us 
Accept latency = 1461.21299 (+/- 41) us 
Batch average size = NaN (+/- 0) requests
ConsensusMessage ByteCount = 1443965:21882
LCMessage ByteCount = 55:11
TOMMessage ByteCount = 148054605:436589
StandardSMMessage ByteCount = 424:22
--- Measurements after 466000 ops (1000 samples) ---
Throughput = 7462.6865 operations/sec (Maximum observed: 9009.009 ops/sec)
Total latency = 6.4568573010759E7 (+/- 0) us 
Consensus latency = 2154.4910809999997 (+/- 379) us 
Pre-consensus latency = 0.0 (+/- 0) us 
Pos-consensus latency = 6.4566734611834E7 (+/- 0) us 
Propose latency = 509.300529 (+/- 341) us 
Write latency = 122.06068300000001 (+/- 111) us 
Accept latency = 1523.1298689999999 (+/- 127) us 
Batch average size = NaN (+/- 0) requests
ConsensusMessage ByteCount = 1443965:21882
LCMessage ByteCount = 55:11
TOMMessage ByteCount = 148178358:436708
StandardSMMessage ByteCount = 424:22
--- Measurements after 467000 ops (1000 samples) ---
Throughput = 7692.3076 operations/sec (Maximum observed: 9009.009 ops/sec)
Total latency = 6.4648543131066E7 (+/- 0) us 
Consensus latency = 2106.91378 (+/- 203) us 
Pre-consensus latency = 0.0 (+/- 0) us 
Pos-consensus latency = 6.4646749175762E7 (+/- 0) us 
Propose latency = 511.017592 (+/- 75) us 
Write latency = 108.225203 (+/- 110) us 
Accept latency = 1487.6709850000002 (+/- 175) us 
Batch average size = NaN (+/- 0) requests
ConsensusMessage ByteCount = 1443965:21882
LCMessage ByteCount = 55:11
TOMMessage ByteCount = 148249075:436776
StandardSMMessage ByteCount = 424:22
--- Measurements after 468000 ops (1000 samples) ---
Throughput = 8264.463 operations/sec (Maximum observed: 9009.009 ops/sec)
Total latency = 6.4716368972139E7 (+/- 0) us 
Consensus latency = 2081.289608 (+/- 156) us 
Pre-consensus latency = 0.0 (+/- 0) us 
Pos-consensus latency = 6.471459951933999E7 (+/- 0) us 
Propose latency = 514.916023 (+/- 78) us 
Write latency = 87.257996 (+/- 58) us 
Accept latency = 1479.115589 (+/- 149) us 
Batch average size = NaN (+/- 0) requests
ConsensusMessage ByteCount = 1443965:21882
LCMessage ByteCount = 55:11
TOMMessage ByteCount = 148249075:436776
StandardSMMessage ByteCount = 424:22
--- Measurements after 469000 ops (1000 samples) ---
Throughput = 3558.7188 operations/sec (Maximum observed: 9009.009 ops/sec)
Total latency = 6.4830376637793E7 (+/- 0) us 
Consensus latency = 2204.189744 (+/- 232) us 
Pre-consensus latency = 0.0 (+/- 0) us 
Pos-consensus latency = 6.4828523612584E7 (+/- 0) us 
Propose latency = 584.773587 (+/- 140) us 
Write latency = 93.779447 (+/- 62) us 
Accept latency = 1525.63671 (+/- 115) us 
Batch average size = NaN (+/- 0) requests
ConsensusMessage ByteCount = 1443965:21882
LCMessage ByteCount = 55:11
TOMMessage ByteCount = 148249075:436776
StandardSMMessage ByteCount = 424:22
--- Measurements after 470000 ops (1000 samples) ---
Throughput = 4830.918 operations/sec (Maximum observed: 9009.009 ops/sec)
Total latency = 6.5049306482695E7 (+/- 0) us 
Consensus latency = 2238.967209 (+/- 210) us 
Pre-consensus latency = 0.0 (+/- 0) us 
Pos-consensus latency = 6.5047367878415E7 (+/- 0) us 
Propose latency = 539.0252859999999 (+/- 87) us 
Write latency = 177.141834 (+/- 183) us 
Accept latency = 1522.8000889999998 (+/- 185) us 
Batch average size = NaN (+/- 0) requests
ConsensusMessage ByteCount = 1443965:21882
LCMessage ByteCount = 55:11
TOMMessage ByteCount = 148249075:436776
StandardSMMessage ByteCount = 424:22
--- Measurements after 471000 ops (1000 samples) ---
Throughput = 4807.6924 operations/sec (Maximum observed: 9009.009 ops/sec)
Total latency = 6.5200120501072E7 (+/- 0) us 
Consensus latency = 2212.089723 (+/- 289) us 
Pre-consensus latency = 0.0 (+/- 0) us 
Pos-consensus latency = 6.5198229253301E7 (+/- 0) us 
Propose latency = 543.1733909999999 (+/- 177) us 
Write latency = 246.050567 (+/- 247) us 
Accept latency = 1422.865765 (+/- 195) us 
Batch average size = NaN (+/- 0) requests
ConsensusMessage ByteCount = 1443965:21882
LCMessage ByteCount = 55:11
TOMMessage ByteCount = 148254275:436781
StandardSMMessage ByteCount = 424:22
--- Measurements after 472000 ops (1000 samples) ---
Throughput = 4651.1626 operations/sec (Maximum observed: 9009.009 ops/sec)
Total latency = 6.5355850446972E7 (+/- 0) us 
Consensus latency = 2252.985831 (+/- 278) us 
Pre-consensus latency = 0.0 (+/- 0) us 
Pos-consensus latency = 6.5353928116542E7 (+/- 0) us 
Propose latency = 532.056011 (+/- 61) us 
Write latency = 173.53760699999998 (+/- 153) us 
Accept latency = 1547.392213 (+/- 215) us 
Batch average size = NaN (+/- 0) requests
ConsensusMessage ByteCount = 1443965:21882
LCMessage ByteCount = 55:11
TOMMessage ByteCount = 148254275:436781
StandardSMMessage ByteCount = 424:22
--- Measurements after 473000 ops (1000 samples) ---
Throughput = 4149.3774 operations/sec (Maximum observed: 9009.009 ops/sec)
Total latency = 6.5536713775598E7 (+/- 0) us 
Consensus latency = 2170.160789 (+/- 104) us 
Pre-consensus latency = 0.0 (+/- 0) us 
Pos-consensus latency = 6.5534861917086E7 (+/- 0) us 
Propose latency = 532.160755 (+/- 70) us 
Write latency = 112.972374 (+/- 83) us 
Accept latency = 1525.02766 (+/- 145) us 
Batch average size = NaN (+/- 0) requests
ConsensusMessage ByteCount = 1443965:21882
LCMessage ByteCount = 55:11
TOMMessage ByteCount = 148256354:436783
StandardSMMessage ByteCount = 424:22
--- Measurements after 474000 ops (1000 samples) ---
Throughput = 4739.3364 operations/sec (Maximum observed: 9009.009 ops/sec)
Total latency = 6.5699930829224996E7 (+/- 0) us 
Consensus latency = 2158.010025 (+/- 132) us 
Pre-consensus latency = 0.0 (+/- 0) us 
Pos-consensus latency = 6.5698122745525E7 (+/- 0) us 
Propose latency = 571.6493360000001 (+/- 69) us 
Write latency = 88.925344 (+/- 18) us 
Accept latency = 1497.4353449999999 (+/- 155) us 
Batch average size = NaN (+/- 0) requests
ConsensusMessage ByteCount = 1443965:21882
LCMessage ByteCount = 55:11
TOMMessage ByteCount = 148256354:436783
StandardSMMessage ByteCount = 424:22
--- Measurements after 475000 ops (1000 samples) ---
Throughput = 4739.3364 operations/sec (Maximum observed: 9009.009 ops/sec)
Total latency = 6.5854200487676E7 (+/- 0) us 
Consensus latency = 2330.558156 (+/- 326) us 
Pre-consensus latency = 0.0 (+/- 0) us 
Pos-consensus latency = 6.5852233193114996E7 (+/- 0) us 
Propose latency = 602.211514 (+/- 113) us 
Write latency = 224.17296100000002 (+/- 301) us 
Accept latency = 1504.173681 (+/- 97) us 
Batch average size = NaN (+/- 0) requests
ConsensusMessage ByteCount = 1443965:21882
LCMessage ByteCount = 55:11
TOMMessage ByteCount = 148256354:436783
StandardSMMessage ByteCount = 424:22
--- Measurements after 476000 ops (1000 samples) ---
Throughput = 3937.0078 operations/sec (Maximum observed: 9009.009 ops/sec)
Total latency = 6.6017213850388E7 (+/- 0) us 
Consensus latency = 2623.408088 (+/- 1366) us 
Pre-consensus latency = 0.0 (+/- 0) us 
Pos-consensus latency = 6.6014892191268995E7 (+/- 0) us 
Propose latency = 603.6156629999999 (+/- 205) us 
Write latency = 191.338826 (+/- 232) us 
Accept latency = 1828.453599 (+/- 1231) us 
Batch average size = NaN (+/- 0) requests
ConsensusMessage ByteCount = 1443965:21882
LCMessage ByteCount = 55:11
TOMMessage ByteCount = 148256354:436783
StandardSMMessage ByteCount = 424:22
--- Measurements after 477000 ops (1000 samples) ---
Throughput = 4761.905 operations/sec (Maximum observed: 9009.009 ops/sec)
Total latency = 6.6209870775282994E7 (+/- 0) us 
Consensus latency = 2150.004287 (+/- 101) us 
Pre-consensus latency = 0.0 (+/- 0) us 
Pos-consensus latency = 6.6208044150677E7 (+/- 0) us 
Propose latency = 554.257932 (+/- 53) us 
Write latency = 126.225915 (+/- 77) us 
Accept latency = 1469.52044 (+/- 155) us 
Batch average size = NaN (+/- 0) requests
ConsensusMessage ByteCount = 1443965:21882
LCMessage ByteCount = 55:11
TOMMessage ByteCount = 148262593:436789
StandardSMMessage ByteCount = 424:22
--- Measurements after 478000 ops (1000 samples) ---
Throughput = 4784.689 operations/sec (Maximum observed: 9009.009 ops/sec)
Total latency = 6.6364213923588E7 (+/- 0) us 
Consensus latency = 2149.664866 (+/- 131) us 
Pre-consensus latency = 0.0 (+/- 0) us 
Pos-consensus latency = 6.6362366104198E7 (+/- 0) us 
Propose latency = 537.34738 (+/- 54) us 
Write latency = 126.267723 (+/- 90) us 
Accept latency = 1486.049763 (+/- 90) us 
Batch average size = NaN (+/- 0) requests
ConsensusMessage ByteCount = 1443965:21882
LCMessage ByteCount = 55:11
TOMMessage ByteCount = 148264673:436791
StandardSMMessage ByteCount = 424:22
--- Measurements after 479000 ops (1000 samples) ---
Throughput = 4807.6924 operations/sec (Maximum observed: 9009.009 ops/sec)
Total latency = 6.6517123233078E7 (+/- 0) us 
Consensus latency = 2151.660297 (+/- 137) us 
Pre-consensus latency = 0.0 (+/- 0) us 
Pos-consensus latency = 6.6515310221336E7 (+/- 0) us 
Propose latency = 574.258789 (+/- 69) us 
Write latency = 83.982053 (+/- 6) us 
Accept latency = 1493.419455 (+/- 137) us 
Batch average size = NaN (+/- 0) requests
ConsensusMessage ByteCount = 1443965:21882
LCMessage ByteCount = 55:11
TOMMessage ByteCount = 148265712:436792
StandardSMMessage ByteCount = 424:22
--- Measurements after 480000 ops (1000 samples) ---
Throughput = 4115.2266 operations/sec (Maximum observed: 9009.009 ops/sec)
Total latency = 6.6684077533681E7 (+/- 0) us 
Consensus latency = 2218.539545 (+/- 309) us 
Pre-consensus latency = 0.0 (+/- 0) us 
Pos-consensus latency = 6.6682201906293996E7 (+/- 0) us 
Propose latency = 602.014245 (+/- 226) us 
Write latency = 91.100624 (+/- 27) us 
Accept latency = 1525.424676 (+/- 203) us 
Batch average size = NaN (+/- 0) requests
ConsensusMessage ByteCount = 1443965:21882
LCMessage ByteCount = 55:11
TOMMessage ByteCount = 148266752:436793
StandardSMMessage ByteCount = 424:22
--- Measurements after 481000 ops (1000 samples) ---
Throughput = 6578.9473 operations/sec (Maximum observed: 9009.009 ops/sec)
Total latency = 6.6840810354797E7 (+/- 0) us 
Consensus latency = 3124.349457 (+/- 2423) us 
Pre-consensus latency = 0.0 (+/- 0) us 
Pos-consensus latency = 6.6838040285187E7 (+/- 0) us 
Propose latency = 740.7700500000001 (+/- 459) us 
Write latency = 171.096143 (+/- 184) us 
Accept latency = 2212.483264 (+/- 2235) us 
Batch average size = NaN (+/- 0) requests
ConsensusMessage ByteCount = 1443965:21882
LCMessage ByteCount = 55:11
TOMMessage ByteCount = 148267792:436794
StandardSMMessage ByteCount = 424:22
--- Measurements after 482000 ops (1000 samples) ---
Throughput = 8403.361 operations/sec (Maximum observed: 9009.009 ops/sec)
Total latency = 6.6907284018738E7 (+/- 0) us 
Consensus latency = 2142.7863650000004 (+/- 116) us 
Pre-consensus latency = 0.0 (+/- 0) us 
Pos-consensus latency = 6.6905440035386E7 (+/- 0) us 
Propose latency = 531.877868 (+/- 73) us 
Write latency = 128.52994999999999 (+/- 101) us 
Accept latency = 1482.378547 (+/- 153) us 
Batch average size = NaN (+/- 0) requests
ConsensusMessage ByteCount = 1443965:21882
LCMessage ByteCount = 55:11
TOMMessage ByteCount = 148267792:436794
StandardSMMessage ByteCount = 424:22
--- Measurements after 483000 ops (1000 samples) ---
Throughput = 8695.652 operations/sec (Maximum observed: 9009.009 ops/sec)
Total latency = 6.6968763571219005E7 (+/- 0) us 
Consensus latency = 2147.463767 (+/- 110) us 
Pre-consensus latency = 0.0 (+/- 0) us 
Pos-consensus latency = 6.6966906791961E7 (+/- 0) us 
Propose latency = 511.042614 (+/- 78) us 
Write latency = 136.86749700000001 (+/- 92) us 
Accept latency = 1499.553656 (+/- 116) us 
Batch average size = NaN (+/- 0) requests
ConsensusMessage ByteCount = 1443965:21882
LCMessage ByteCount = 55:11
TOMMessage ByteCount = 148267792:436794
StandardSMMessage ByteCount = 424:22
--- Measurements after 484000 ops (1000 samples) ---
Throughput = 5555.5557 operations/sec (Maximum observed: 9009.009 ops/sec)
Total latency = 6.7068151833533E7 (+/- 0) us 
Consensus latency = 2129.688733 (+/- 192) us 
Pre-consensus latency = 0.0 (+/- 0) us 
Pos-consensus latency = 6.7066304176966004E7 (+/- 0) us 
Propose latency = 450.08083799999997 (+/- 91) us 
Write latency = 131.906889 (+/- 118) us 
Accept latency = 1547.701006 (+/- 196) us 
Batch average size = NaN (+/- 0) requests
ConsensusMessage ByteCount = 1443965:21882
LCMessage ByteCount = 55:11
TOMMessage ByteCount = 148268832:436795
StandardSMMessage ByteCount = 424:22
--- Measurements after 485000 ops (1000 samples) ---
Throughput = 8333.333 operations/sec (Maximum observed: 9009.009 ops/sec)
Total latency = 6.7155758840462E7 (+/- 0) us 
Consensus latency = 2236.9283840000003 (+/- 182) us 
Pre-consensus latency = 0.0 (+/- 0) us 
Pos-consensus latency = 6.7153810528393E7 (+/- 0) us 
Propose latency = 473.698669 (+/- 88) us 
Write latency = 309.666081 (+/- 293) us 
Accept latency = 1453.563634 (+/- 119) us 
Batch average size = NaN (+/- 0) requests
ConsensusMessage ByteCount = 1443965:21882
LCMessage ByteCount = 55:11
TOMMessage ByteCount = 148268832:436795
StandardSMMessage ByteCount = 424:22
--- Measurements after 486000 ops (1000 samples) ---
Throughput = 8771.93 operations/sec (Maximum observed: 9009.009 ops/sec)
Total latency = 6.7214516516554E7 (+/- 0) us 
Consensus latency = 2319.420937 (+/- 360) us 
Pre-consensus latency = 0.0 (+/- 0) us 
Pos-consensus latency = 6.7212520656513E7 (+/- 0) us 
Propose latency = 605.198397 (+/- 282) us 
Write latency = 216.223731 (+/- 219) us 
Accept latency = 1497.998809 (+/- 134) us 
Batch average size = NaN (+/- 0) requests
ConsensusMessage ByteCount = 1443965:21882
LCMessage ByteCount = 55:11
TOMMessage ByteCount = 148268832:436795
StandardSMMessage ByteCount = 424:22
--- Measurements after 487000 ops (1000 samples) ---
Throughput = 7633.588 operations/sec (Maximum observed: 9009.009 ops/sec)
Total latency = 6.728328354402E7 (+/- 0) us 
Consensus latency = 2151.7156090000003 (+/- 148) us 
Pre-consensus latency = 0.0 (+/- 0) us 
Pos-consensus latency = 6.7281461810384E7 (+/- 0) us 
Propose latency = 539.287243 (+/- 85) us 
Write latency = 162.04215200000002 (+/- 136) us 
Accept latency = 1450.3862139999999 (+/- 164) us 
Batch average size = NaN (+/- 0) requests
ConsensusMessage ByteCount = 1443965:21882
LCMessage ByteCount = 55:11
TOMMessage ByteCount = 148268832:436795
StandardSMMessage ByteCount = 424:22
--- Measurements after 488000 ops (1000 samples) ---
Throughput = 6097.561 operations/sec (Maximum observed: 9009.009 ops/sec)
Total latency = 6.7391576040757E7 (+/- 0) us 
Consensus latency = 2105.044097 (+/- 144) us 
Pre-consensus latency = 0.0 (+/- 0) us 
Pos-consensus latency = 6.7389752559496E7 (+/- 0) us 
Propose latency = 488.852858 (+/- 75) us 
Write latency = 144.56715499999999 (+/- 158) us 
Accept latency = 1471.624084 (+/- 102) us 
Batch average size = NaN (+/- 0) requests
ConsensusMessage ByteCount = 1443965:21882
LCMessage ByteCount = 55:11
TOMMessage ByteCount = 148268832:436795
StandardSMMessage ByteCount = 424:22
--- Measurements after 489000 ops (1000 samples) ---
Throughput = 6711.409 operations/sec (Maximum observed: 9009.009 ops/sec)
Total latency = 6.7475652461213E7 (+/- 0) us 
Consensus latency = 2193.821775 (+/- 139) us 
Pre-consensus latency = 0.0 (+/- 0) us 
Pos-consensus latency = 6.7473777105792E7 (+/- 0) us 
Propose latency = 549.192892 (+/- 48) us 
Write latency = 115.378128 (+/- 70) us 
Accept latency = 1529.2507549999998 (+/- 165) us 
Batch average size = NaN (+/- 0) requests
ConsensusMessage ByteCount = 1443965:21882
LCMessage ByteCount = 55:11
TOMMessage ByteCount = 148268832:436795
StandardSMMessage ByteCount = 424:22
--- Measurements after 490000 ops (1000 samples) ---
Throughput = 6535.9478 operations/sec (Maximum observed: 9009.009 ops/sec)
Total latency = 6.7570614779341E7 (+/- 0) us 
Consensus latency = 2233.967199 (+/- 230) us 
Pre-consensus latency = 0.0 (+/- 0) us 
Pos-consensus latency = 6.7568691124561E7 (+/- 0) us 
Propose latency = 571.353295 (+/- 89) us 
Write latency = 191.402668 (+/- 243) us 
Accept latency = 1471.211236 (+/- 56) us 
Batch average size = NaN (+/- 0) requests
ConsensusMessage ByteCount = 1443965:21882
LCMessage ByteCount = 55:11
TOMMessage ByteCount = 148268832:436795
StandardSMMessage ByteCount = 424:22
--- Measurements after 491000 ops (1000 samples) ---
Throughput = 5813.9536 operations/sec (Maximum observed: 9009.009 ops/sec)
Total latency = 6.7668318894822E7 (+/- 0) us 
Consensus latency = 2550.591245 (+/- 1496) us 
Pre-consensus latency = 0.0 (+/- 0) us 
Pos-consensus latency = 6.766610043758799E7 (+/- 0) us 
Propose latency = 580.9769399999999 (+/- 65) us 
Write latency = 91.029427 (+/- 13) us 
Accept latency = 1878.5848780000001 (+/- 1498) us 
Batch average size = NaN (+/- 0) requests
ConsensusMessage ByteCount = 1443965:21882
LCMessage ByteCount = 55:11
TOMMessage ByteCount = 148271952:436798
StandardSMMessage ByteCount = 424:22
--- Measurements after 492000 ops (1000 samples) ---
Throughput = 7936.508 operations/sec (Maximum observed: 9009.009 ops/sec)
Total latency = 6.7766379134384E7 (+/- 0) us 
Consensus latency = 2350.6874730000004 (+/- 283) us 
Pre-consensus latency = 0.0 (+/- 0) us 
Pos-consensus latency = 6.7764431474272E7 (+/- 0) us 
Propose latency = 686.1331899999999 (+/- 242) us 
Write latency = 121.539174 (+/- 105) us 
Accept latency = 1543.015109 (+/- 110) us 
Batch average size = NaN (+/- 0) requests
ConsensusMessage ByteCount = 1443965:21882
LCMessage ByteCount = 55:11
TOMMessage ByteCount = 148277152:436803
StandardSMMessage ByteCount = 424:22
--- Measurements after 493000 ops (1000 samples) ---
Throughput = 7299.27 operations/sec (Maximum observed: 9009.009 ops/sec)
Total latency = 6.7843660116391E7 (+/- 0) us 
Consensus latency = 2133.659552 (+/- 158) us 
Pre-consensus latency = 0.0 (+/- 0) us 
Pos-consensus latency = 6.7841803093492E7 (+/- 0) us 
Propose latency = 505.325924 (+/- 63) us 
Write latency = 120.333158 (+/- 104) us 
Accept latency = 1508.00047 (+/- 131) us 
Batch average size = NaN (+/- 0) requests
ConsensusMessage ByteCount = 1443965:21882
LCMessage ByteCount = 55:11
TOMMessage ByteCount = 148279232:436805
StandardSMMessage ByteCount = 424:22
--- Measurements after 494000 ops (1000 samples) ---
Throughput = 8474.576 operations/sec (Maximum observed: 9009.009 ops/sec)
Total latency = 6.7914807164387E7 (+/- 0) us 
Consensus latency = 2287.226037 (+/- 551) us 
Pre-consensus latency = 0.0 (+/- 0) us 
Pos-consensus latency = 6.7912834556915E7 (+/- 0) us 
Propose latency = 544.263693 (+/- 63) us 
Write latency = 298.80725 (+/- 587) us 
Accept latency = 1444.155094 (+/- 158) us 
Batch average size = NaN (+/- 0) requests
ConsensusMessage ByteCount = 1443965:21882
LCMessage ByteCount = 55:11
TOMMessage ByteCount = 148281312:436807
StandardSMMessage ByteCount = 424:22
--- Measurements after 495000 ops (1000 samples) ---
Throughput = 4950.495 operations/sec (Maximum observed: 9009.009 ops/sec)
Total latency = 6.8000422698622E7 (+/- 0) us 
Consensus latency = 2107.830371 (+/- 110) us 
Pre-consensus latency = 0.0 (+/- 0) us 
Pos-consensus latency = 6.7998617831645E7 (+/- 0) us 
Propose latency = 530.691686 (+/- 49) us 
Write latency = 84.40461 (+/- 8) us 
Accept latency = 1492.7340749999998 (+/- 87) us 
Batch average size = NaN (+/- 0) requests
ConsensusMessage ByteCount = 1443965:21882
LCMessage ByteCount = 55:11
TOMMessage ByteCount = 148284432:436810
StandardSMMessage ByteCount = 424:22
--- Measurements after 496000 ops (1000 samples) ---
Throughput = 8000.0 operations/sec (Maximum observed: 9009.009 ops/sec)
Total latency = 6.8111222963738E7 (+/- 0) us 
Consensus latency = 2099.899148 (+/- 163) us 
Pre-consensus latency = 0.0 (+/- 0) us 
Pos-consensus latency = 6.8109398400962E7 (+/- 0) us 
Propose latency = 512.342632 (+/- 99) us 
Write latency = 110.706804 (+/- 92) us 
Accept latency = 1476.849712 (+/- 102) us 
Batch average size = NaN (+/- 0) requests
ConsensusMessage ByteCount = 1443965:21882
LCMessage ByteCount = 55:11
TOMMessage ByteCount = 148286512:436812
StandardSMMessage ByteCount = 424:22
--- Measurements after 497000 ops (1000 samples) ---
Throughput = 7194.2446 operations/sec (Maximum observed: 9009.009 ops/sec)
Total latency = 6.817050166503501E7 (+/- 0) us 
Consensus latency = 2187.261158 (+/- 175) us 
Pre-consensus latency = 0.0 (+/- 0) us 
Pos-consensus latency = 6.8168662531349E7 (+/- 0) us 
Propose latency = 600.102544 (+/- 212) us 
Write latency = 161.72339300000002 (+/- 153) us 
Accept latency = 1425.435221 (+/- 114) us 
Batch average size = NaN (+/- 0) requests
ConsensusMessage ByteCount = 1443965:21882
LCMessage ByteCount = 55:11
TOMMessage ByteCount = 148473699:436992
StandardSMMessage ByteCount = 424:22
--- Measurements after 498000 ops (1000 samples) ---
Throughput = 6622.5166 operations/sec (Maximum observed: 9009.009 ops/sec)
Total latency = 6.824369865519999E7 (+/- 0) us 
Consensus latency = 2057.44637 (+/- 154) us 
Pre-consensus latency = 0.0 (+/- 0) us 
Pos-consensus latency = 6.824189014646399E7 (+/- 0) us 
Propose latency = 445.53972899999997 (+/- 76) us 
Write latency = 91.92741099999999 (+/- 45) us 
Accept latency = 1519.97923 (+/- 141) us 
Batch average size = NaN (+/- 0) requests
ConsensusMessage ByteCount = 1443965:21882
LCMessage ByteCount = 55:11
TOMMessage ByteCount = 148798161:437304
StandardSMMessage ByteCount = 424:22
--- Measurements after 499000 ops (1000 samples) ---
Throughput = 3703.7036 operations/sec (Maximum observed: 9009.009 ops/sec)
Total latency = 6.8368807992806E7 (+/- 0) us 
Consensus latency = 2018.3117730000001 (+/- 183) us 
Pre-consensus latency = 0.0 (+/- 0) us 
Pos-consensus latency = 6.8367018837099E7 (+/- 0) us 
Propose latency = 392.522766 (+/- 62) us 
Write latency = 130.618698 (+/- 106) us 
Accept latency = 1495.1703089999999 (+/- 130) us 
Batch average size = NaN (+/- 0) requests
ConsensusMessage ByteCount = 1443965:21882
LCMessage ByteCount = 55:11
TOMMessage ByteCount = 149430439:437912
StandardSMMessage ByteCount = 424:22
--- Measurements after 500000 ops (1000 samples) ---
Throughput = 4444.4443 operations/sec (Maximum observed: 9009.009 ops/sec)
Total latency = 6.8373019644348E7 (+/- 0) us 
Consensus latency = 1952.9303799999998 (+/- 524) us 
Pre-consensus latency = 0.0 (+/- 0) us 
Pos-consensus latency = 6.8371256883431E7 (+/- 0) us 
Propose latency = 306.250081 (+/- 70) us 
Write latency = 137.68606 (+/- 109) us 
Accept latency = 1508.994239 (+/- 519) us 
Batch average size = NaN (+/- 0) requests
ConsensusMessage ByteCount = 1443965:21882
LCMessage ByteCount = 55:11
TOMMessage ByteCount = 149608270:438083
StandardSMMessage ByteCount = 424:22
