-- Using view stored on disk
-- SSL/TLS handshake complete!, Id:0  ## CipherSuite: TLS_ECDHE_ECDSA_WITH_AES_128_GCM_SHA256.
-- SSL/TLS handshake complete!, Id:1  ## CipherSuite: TLS_ECDHE_ECDSA_WITH_AES_128_GCM_SHA256.
-- ID = 2
-- N = 4
-- F = 1
-- Port (client <-> server) = 11020
-- Port (server <-> server) = 11021
-- requestTimeout = 2000
-- maxBatch = 1024
-- Binded replica to IP address 134.60.242.13
-- Optimizations:  Read-only Requests: disabled
-- SSL/TLS enabled, protocol version: TLSv1.2
-- In current view: ID:0; F:1; Processes:0(/134.60.242.11:11000),1(/134.60.242.12:11010),2(/134.60.242.13:11020),3(/134.60.242.14:11030),
-- Retrieving State
-- Replica state is up to date
-- 
		###################################
		    Ready to process operations    
		###################################
-- Session Created, active clients=0
-- Session Created, active clients=0
-- Session Created, active clients=0
-- Session Created, active clients=0
-- Session Created, active clients=0
-- Session Created, active clients=0
-- Session Created, active clients=0
-- Session Created, active clients=0
-- Session Created, active clients=0
-- Session Created, active clients=0
-- Session Created, active clients=0
-- Session Created, active clients=0
-- Session Created, active clients=0
-- Session Created, active clients=0
-- Session Created, active clients=0
-- Session Created, active clients=0
-- Session Created, active clients=0
-- Session Created, active clients=0
-- Session Created, active clients=0
-- Session Created, active clients=0
-- Session Created, active clients=0
-- Session Created, active clients=0
-- Session Created, active clients=0
-- Session Created, active clients=0
-- Session Created, active clients=0
-- Session Created, active clients=0
-- Session Created, active clients=0
-- Session Created, active clients=0
-- Session Created, active clients=0
-- Session Created, active clients=0
-- Session Created, active clients=0
-- Session Created, active clients=0
-- Session Created, active clients=0
-- Session Created, active clients=0
-- Session Created, active clients=0
-- Session Created, active clients=0
-- Session Created, active clients=0
-- Session Created, active clients=0
-- Session Created, active clients=0
-- Session Created, active clients=0
-- Session Created, active clients=0
-- Session Created, active clients=0
-- Session Created, active clients=0
-- Session Created, active clients=0
-- Session Created, active clients=0
-- Session Created, active clients=0
-- Session Created, active clients=0
-- Session Created, active clients=0
-- Session Created, active clients=0
-- Session Created, active clients=0
-- Session Created, active clients=0
-- Session Created, active clients=0
-- Session Created, active clients=0
-- Session Created, active clients=0
-- Session Created, active clients=0
-- Session Created, active clients=0
-- Session Created, active clients=0
-- Session Created, active clients=0
-- Session Created, active clients=0
-- Session Created, active clients=0
-- Session Created, active clients=0
-- Session Created, active clients=0
-- Session Created, active clients=0
-- Session Created, active clients=0
-- Session Created, active clients=0
-- Session Created, active clients=0
-- Session Created, active clients=0
-- Session Created, active clients=0
-- Session Created, active clients=0
-- Session Created, active clients=0
-- Session Created, active clients=0
-- Session Created, active clients=0
-- Session Created, active clients=0
-- Session Created, active clients=0
-- Session Created, active clients=0
-- Session Created, active clients=0
-- Session Created, active clients=0
-- Session Created, active clients=0
-- Session Created, active clients=0
-- Session Created, active clients=0
-- Session Created, active clients=0
-- Session Created, active clients=0
-- Session Created, active clients=0
-- Session Created, active clients=0
-- Session Created, active clients=0
-- Session Created, active clients=0
-- Session Created, active clients=0
-- Session Created, active clients=0
-- Session Created, active clients=0
-- Session Created, active clients=0
-- Session Created, active clients=0
-- Session Created, active clients=0
-- Session Created, active clients=0
-- Session Created, active clients=0
-- Session Created, active clients=0
-- Session Created, active clients=0
-- Session Created, active clients=0
-- Session Created, active clients=0
-- Session Created, active clients=0
-- Session Created, active clients=0
--- Measurements after 1000 ops (1000 samples) ---
Throughput = 15.257857 operations/sec (Maximum observed: 15.257857 ops/sec)
Total latency = 39457.18406 (+/- 22393) us 
Consensus latency = 8470.749577999999 (+/- 8877) us 
Pre-consensus latency = 0.0 (+/- 0) us 
Pos-consensus latency = 32504.179361000002 (+/- 19572) us 
Propose latency = 2397.646894 (+/- 2042) us 
Write latency = 1444.917985 (+/- 1201) us 
Accept latency = 4628.184699 (+/- 6283) us 
Batch average size = 43.47826086956522 (+/- 36) requests
TOMMessage ByteCount = 1051600:1860
StandardSMMessage ByteCount = 424:22
ConsensusMessage ByteCount = 4488:69
--- Measurements after 2000 ops (1000 samples) ---
Throughput = 60.664886 operations/sec (Maximum observed: 60.664886 ops/sec)
Total latency = 30087.074595 (+/- 16455) us 
Consensus latency = 4179.7239500000005 (+/- 344) us 
Pre-consensus latency = 0.0 (+/- 0) us 
Pos-consensus latency = 26494.742750999998 (+/- 16526) us 
Propose latency = 894.886797 (+/- 229) us 
Write latency = 1069.48768 (+/- 355) us 
Accept latency = 2215.349473 (+/- 285) us 
Batch average size = 33.333333333333336 (+/- 18) requests
TOMMessage ByteCount = 2191394:3876
StandardSMMessage ByteCount = 424:22
ConsensusMessage ByteCount = 10341:159
--- Measurements after 3000 ops (1000 samples) ---
Throughput = 153.84616 operations/sec (Maximum observed: 153.84616 ops/sec)
Total latency = 25581.764627 (+/- 13970) us 
Consensus latency = 3664.643967 (+/- 364) us 
Pre-consensus latency = 0.0 (+/- 0) us 
Pos-consensus latency = 22390.466842 (+/- 13968) us 
Propose latency = 788.5111899999999 (+/- 128) us 
Write latency = 917.457894 (+/- 260) us 
Accept latency = 1958.674883 (+/- 253) us 
Batch average size = 33.333333333333336 (+/- 26) requests
TOMMessage ByteCount = 3313100:5860
StandardSMMessage ByteCount = 424:22
ConsensusMessage ByteCount = 16249:249
--- Measurements after 4000 ops (1000 samples) ---
Throughput = 3058.104 operations/sec (Maximum observed: 3058.104 ops/sec)
Total latency = 131368.838155 (+/- 0) us 
Consensus latency = 4281.740086 (+/- 437) us 
Pre-consensus latency = 0.0 (+/- 0) us 
Pos-consensus latency = 127752.77527099999 (+/- 0) us 
Propose latency = 1240.8775249999999 (+/- 282) us 
Write latency = 890.926272 (+/- 286) us 
Accept latency = 2149.9362889999998 (+/- 166) us 
Batch average size = 706.25 (+/- 1089) requests
TOMMessage ByteCount = 3974597:7030
StandardSMMessage ByteCount = 424:22
ConsensusMessage ByteCount = 24967:381
--- Measurements after 5000 ops (1000 samples) ---
Throughput = 4366.812 operations/sec (Maximum observed: 4366.812 ops/sec)
Total latency = 317232.586322 (+/- 0) us 
Consensus latency = 3907.22151 (+/- 304) us 
Pre-consensus latency = 0.0 (+/- 0) us 
Pos-consensus latency = 313955.148881 (+/- 0) us 
Propose latency = 1071.876232 (+/- 83) us 
Write latency = 756.413107 (+/- 264) us 
Accept latency = 2078.932171 (+/- 140) us 
Batch average size = NaN (+/- 0) requests
TOMMessage ByteCount = 3974597:7030
StandardSMMessage ByteCount = 424:22
ConsensusMessage ByteCount = 33371:509
--- Measurements after 6000 ops (1000 samples) ---
Throughput = 3968.254 operations/sec (Maximum observed: 4366.812 ops/sec)
Total latency = 495538.599787 (+/- 0) us 
Consensus latency = 4136.691203 (+/- 1042) us 
Pre-consensus latency = 0.0 (+/- 0) us 
Pos-consensus latency = 492004.767107 (+/- 0) us 
Propose latency = 1149.421327 (+/- 196) us 
Write latency = 735.370505 (+/- 415) us 
Accept latency = 2251.899371 (+/- 889) us 
Batch average size = 9354.0 (+/- 0) requests
TOMMessage ByteCount = 6586610:11650
StandardSMMessage ByteCount = 424:22
ConsensusMessage ByteCount = 43856:668
--- Measurements after 7000 ops (1000 samples) ---
Throughput = 4405.286 operations/sec (Maximum observed: 4405.286 ops/sec)
Total latency = 669972.137508 (+/- 0) us 
Consensus latency = 4844.871526999999 (+/- 1723) us 
Pre-consensus latency = 0.0 (+/- 0) us 
Pos-consensus latency = 665723.710269 (+/- 0) us 
Propose latency = 1645.804773 (+/- 1390) us 
Write latency = 1318.68099 (+/- 1346) us 
Accept latency = 1880.3857639999999 (+/- 208) us 
Batch average size = NaN (+/- 0) requests
TOMMessage ByteCount = 6586610:11650
StandardSMMessage ByteCount = 424:22
ConsensusMessage ByteCount = 52090:792
--- Measurements after 8000 ops (1000 samples) ---
Throughput = 3508.772 operations/sec (Maximum observed: 4405.286 ops/sec)
Total latency = 869468.65348 (+/- 0) us 
Consensus latency = 3327.8789890000003 (+/- 368) us 
Pre-consensus latency = 0.0 (+/- 0) us 
Pos-consensus latency = 866562.389451 (+/- 0) us 
Propose latency = 801.218877 (+/- 111) us 
Write latency = 819.373938 (+/- 171) us 
Accept latency = 1707.286174 (+/- 335) us 
Batch average size = NaN (+/- 0) requests
TOMMessage ByteCount = 6586610:11650
StandardSMMessage ByteCount = 424:22
ConsensusMessage ByteCount = 60405:918
--- Measurements after 9000 ops (1000 samples) ---
Throughput = 4629.6294 operations/sec (Maximum observed: 4629.6294 ops/sec)
Total latency = 1066657.429285 (+/- 0) us 
Consensus latency = 3333.972231 (+/- 247) us 
Pre-consensus latency = 0.0 (+/- 0) us 
Pos-consensus latency = 1063762.396698 (+/- 0) us 
Propose latency = 828.967564 (+/- 89) us 
Write latency = 666.3129570000001 (+/- 224) us 
Accept latency = 1838.69171 (+/- 209) us 
Batch average size = NaN (+/- 0) requests
TOMMessage ByteCount = 6586610:11650
StandardSMMessage ByteCount = 424:22
ConsensusMessage ByteCount = 69395:1055
--- Measurements after 10000 ops (1000 samples) ---
Throughput = 4608.295 operations/sec (Maximum observed: 4629.6294 ops/sec)
Total latency = 1226859.331978 (+/- 0) us 
Consensus latency = 4309.5184850000005 (+/- 2069) us 
Pre-consensus latency = 0.0 (+/- 0) us 
Pos-consensus latency = 1223064.649518 (+/- 0) us 
Propose latency = 937.7584320000001 (+/- 323) us 
Write latency = 818.7198569999999 (+/- 283) us 
Accept latency = 2553.040196 (+/- 2173) us 
Batch average size = NaN (+/- 0) requests
TOMMessage ByteCount = 6586610:11650
StandardSMMessage ByteCount = 424:22
ConsensusMessage ByteCount = 78860:1198
--- Measurements after 11000 ops (1000 samples) ---
Throughput = 4761.905 operations/sec (Maximum observed: 4761.905 ops/sec)
Total latency = 1388973.553692 (+/- 0) us 
Consensus latency = 3212.205696 (+/- 485) us 
Pre-consensus latency = 0.0 (+/- 0) us 
Pos-consensus latency = 1386181.955825 (+/- 0) us 
Propose latency = 797.452232 (+/- 500) us 
Write latency = 568.601992 (+/- 282) us 
Accept latency = 1846.151472 (+/- 196) us 
Batch average size = NaN (+/- 0) requests
TOMMessage ByteCount = 6586610:11650
StandardSMMessage ByteCount = 424:22
ConsensusMessage ByteCount = 88802:1349
--- Measurements after 12000 ops (1000 samples) ---
Throughput = 4608.295 operations/sec (Maximum observed: 4761.905 ops/sec)
Total latency = 1552103.405947 (+/- 0) us 
Consensus latency = 3194.858707 (+/- 399) us 
Pre-consensus latency = 0.0 (+/- 0) us 
Pos-consensus latency = 1549321.093767 (+/- 0) us 
Propose latency = 614.139745 (+/- 78) us 
Write latency = 825.9851530000001 (+/- 428) us 
Accept latency = 1754.7338089999998 (+/- 231) us 
Batch average size = NaN (+/- 0) requests
TOMMessage ByteCount = 6586610:11650
StandardSMMessage ByteCount = 424:22
ConsensusMessage ByteCount = 99008:1503
--- Measurements after 13000 ops (1000 samples) ---
Throughput = 4608.295 operations/sec (Maximum observed: 4761.905 ops/sec)
Total latency = 1710778.236792 (+/- 0) us 
Consensus latency = 3370.076852 (+/- 214) us 
Pre-consensus latency = 0.0 (+/- 0) us 
Pos-consensus latency = 1707846.169351 (+/- 0) us 
Propose latency = 731.428086 (+/- 92) us 
Write latency = 776.894417 (+/- 252) us 
Accept latency = 1861.7543489999998 (+/- 117) us 
Batch average size = NaN (+/- 0) requests
TOMMessage ByteCount = 6586610:11650
StandardSMMessage ByteCount = 424:22
ConsensusMessage ByteCount = 109305:1659
--- Measurements after 14000 ops (1000 samples) ---
Throughput = 4587.156 operations/sec (Maximum observed: 4761.905 ops/sec)
Total latency = 1867056.1753800001 (+/- 0) us 
Consensus latency = 3701.293576 (+/- 2581) us 
Pre-consensus latency = 0.0 (+/- 0) us 
Pos-consensus latency = 1863813.643609 (+/- 0) us 
Propose latency = 801.401604 (+/- 235) us 
Write latency = 412.953129 (+/- 238) us 
Accept latency = 2486.938843 (+/- 2685) us 
Batch average size = NaN (+/- 0) requests
TOMMessage ByteCount = 6586610:11650
StandardSMMessage ByteCount = 424:22
ConsensusMessage ByteCount = 119592:1815
--- Measurements after 15000 ops (1000 samples) ---
Throughput = 4608.295 operations/sec (Maximum observed: 4761.905 ops/sec)
Total latency = 2027581.619045 (+/- 0) us 
Consensus latency = 3208.926505 (+/- 1531) us 
Pre-consensus latency = 0.0 (+/- 0) us 
Pos-consensus latency = 2024734.356263 (+/- 0) us 
Propose latency = 624.1629819999999 (+/- 132) us 
Write latency = 996.793936 (+/- 1402) us 
Accept latency = 1587.969587 (+/- 203) us 
Batch average size = NaN (+/- 0) requests
LCMessage ByteCount = 5:1
TOMMessage ByteCount = 6586610:11650
StandardSMMessage ByteCount = 424:22
ConsensusMessage ByteCount = 129487:1965
--- Measurements after 16000 ops (1000 samples) ---
Throughput = 2967.3591 operations/sec (Maximum observed: 4761.905 ops/sec)
Total latency = 2239152.820189 (+/- 0) us 
Consensus latency = 3000.174219 (+/- 1942) us 
Pre-consensus latency = 0.0 (+/- 0) us 
Pos-consensus latency = 2236539.029255 (+/- 0) us 
Propose latency = 689.331758 (+/- 480) us 
Write latency = 722.7879350000001 (+/- 304) us 
Accept latency = 1588.0545260000001 (+/- 1927) us 
Batch average size = 35727.0 (+/- 0) requests
LCMessage ByteCount = 5:1
TOMMessage ByteCount = 17198752:30358
StandardSMMessage ByteCount = 424:22
ConsensusMessage ByteCount = 140190:2127
--- Measurements after 17000 ops (1000 samples) ---
Throughput = 4310.3447 operations/sec (Maximum observed: 4761.905 ops/sec)
Total latency = 2361568.175406 (+/- 0) us 
Consensus latency = 2961.436031 (+/- 369) us 
Pre-consensus latency = 0.0 (+/- 0) us 
Pos-consensus latency = 2359149.705386 (+/- 0) us 
Propose latency = 973.829149 (+/- 299) us 
Write latency = 479.182613 (+/- 294) us 
Accept latency = 1508.424269 (+/- 263) us 
Batch average size = NaN (+/- 0) requests
LCMessage ByteCount = 5:1
TOMMessage ByteCount = 17198752:30358
StandardSMMessage ByteCount = 424:22
ConsensusMessage ByteCount = 152071:2307
--- Measurements after 18000 ops (1000 samples) ---
Throughput = 3875.969 operations/sec (Maximum observed: 4761.905 ops/sec)
Total latency = 2562459.95787 (+/- 0) us 
Consensus latency = 2689.7790440000003 (+/- 203) us 
Pre-consensus latency = 0.0 (+/- 0) us 
Pos-consensus latency = 2560204.775593 (+/- 0) us 
Propose latency = 709.0581010000001 (+/- 82) us 
Write latency = 485.215056 (+/- 201) us 
Accept latency = 1495.505887 (+/- 174) us 
Batch average size = NaN (+/- 0) requests
LCMessage ByteCount = 5:1
TOMMessage ByteCount = 17198752:30358
StandardSMMessage ByteCount = 424:22
ConsensusMessage ByteCount = 164349:2493
--- Measurements after 19000 ops (1000 samples) ---
Throughput = 4672.897 operations/sec (Maximum observed: 4761.905 ops/sec)
Total latency = 2745568.671854 (+/- 0) us 
Consensus latency = 2662.896378 (+/- 183) us 
Pre-consensus latency = 0.0 (+/- 0) us 
Pos-consensus latency = 2743300.6860809997 (+/- 0) us 
Propose latency = 626.265318 (+/- 109) us 
Write latency = 569.3565570000001 (+/- 274) us 
Accept latency = 1467.274503 (+/- 226) us 
Batch average size = NaN (+/- 0) requests
LCMessage ByteCount = 5:1
TOMMessage ByteCount = 17198752:30358
StandardSMMessage ByteCount = 424:22
ConsensusMessage ByteCount = 174728:2651
--- Measurements after 20000 ops (1000 samples) ---
Throughput = 4219.409 operations/sec (Maximum observed: 4761.905 ops/sec)
Total latency = 2921262.943637 (+/- 0) us 
Consensus latency = 5134.068728 (+/- 4571) us 
Pre-consensus latency = 0.0 (+/- 0) us 
Pos-consensus latency = 2917206.449608 (+/- 0) us 
Propose latency = 1451.4650390000002 (+/- 1973) us 
Write latency = 1847.791854 (+/- 4192) us 
Accept latency = 1834.811835 (+/- 399) us 
Batch average size = NaN (+/- 0) requests
LCMessage ByteCount = 5:1
TOMMessage ByteCount = 17198752:30358
StandardSMMessage ByteCount = 424:22
ConsensusMessage ByteCount = 185330:2811
--- Measurements after 21000 ops (1000 samples) ---
Throughput = 4545.4546 operations/sec (Maximum observed: 4761.905 ops/sec)
Total latency = 3080828.346585 (+/- 0) us 
Consensus latency = 7300.934824 (+/- 1459) us 
Pre-consensus latency = 0.0 (+/- 0) us 
Pos-consensus latency = 3076925.95768 (+/- 0) us 
Propose latency = 4713.341659 (+/- 1545) us 
Write latency = 219.80496100000002 (+/- 38) us 
Accept latency = 2367.788204 (+/- 143) us 
Batch average size = NaN (+/- 0) requests
LCMessage ByteCount = 5:1
TOMMessage ByteCount = 17198752:30358
StandardSMMessage ByteCount = 424:22
ConsensusMessage ByteCount = 195713:2969
--- Measurements after 22000 ops (1000 samples) ---
Throughput = 4566.21 operations/sec (Maximum observed: 4761.905 ops/sec)
Total latency = 3248690.615681 (+/- 0) us 
Consensus latency = 4709.34318 (+/- 312) us 
Pre-consensus latency = 0.0 (+/- 0) us 
Pos-consensus latency = 3245729.760218 (+/- 0) us 
Propose latency = 2096.859771 (+/- 208) us 
Write latency = 249.19024900000002 (+/- 143) us 
Accept latency = 2363.29316 (+/- 135) us 
Batch average size = NaN (+/- 0) requests
LCMessage ByteCount = 5:1
TOMMessage ByteCount = 17198752:30358
StandardSMMessage ByteCount = 424:22
ConsensusMessage ByteCount = 206367:3130
--- Measurements after 23000 ops (1000 samples) ---
Throughput = 4504.5044 operations/sec (Maximum observed: 4761.905 ops/sec)
Total latency = 3412057.352525 (+/- 0) us 
Consensus latency = 4848.587399 (+/- 567) us 
Pre-consensus latency = 0.0 (+/- 0) us 
Pos-consensus latency = 3408946.152935 (+/- 0) us 
Propose latency = 2147.208408 (+/- 718) us 
Write latency = 394.650771 (+/- 366) us 
Accept latency = 2306.7282200000004 (+/- 246) us 
Batch average size = NaN (+/- 0) requests
LCMessage ByteCount = 5:1
TOMMessage ByteCount = 17198752:30358
StandardSMMessage ByteCount = 424:22
ConsensusMessage ByteCount = 217612:3300
--- Measurements after 24000 ops (1000 samples) ---
Throughput = 4672.897 operations/sec (Maximum observed: 4761.905 ops/sec)
Total latency = 3579895.396785 (+/- 0) us 
Consensus latency = 3791.114025 (+/- 768) us 
Pre-consensus latency = 0.0 (+/- 0) us 
Pos-consensus latency = 3576523.059351 (+/- 0) us 
Propose latency = 710.818804 (+/- 189) us 
Write latency = 906.145149 (+/- 587) us 
Accept latency = 2174.1500720000004 (+/- 420) us 
Batch average size = NaN (+/- 0) requests
LCMessage ByteCount = 10:2
TOMMessage ByteCount = 17198752:30358
StandardSMMessage ByteCount = 424:22
ConsensusMessage ByteCount = 227511:3450
--- Measurements after 25000 ops (1000 samples) ---
Throughput = 4504.5044 operations/sec (Maximum observed: 4761.905 ops/sec)
Total latency = 3746324.073481 (+/- 0) us 
Consensus latency = 3022.618298 (+/- 304) us 
Pre-consensus latency = 0.0 (+/- 0) us 
Pos-consensus latency = 3743683.072617 (+/- 0) us 
Propose latency = 644.924204 (+/- 108) us 
Write latency = 610.191654 (+/- 210) us 
Accept latency = 1767.50244 (+/- 189) us 
Batch average size = NaN (+/- 0) requests
LCMessage ByteCount = 10:2
TOMMessage ByteCount = 17198752:30358
StandardSMMessage ByteCount = 424:22
ConsensusMessage ByteCount = 237842:3607
--- Measurements after 26000 ops (1000 samples) ---
Throughput = 4545.4546 operations/sec (Maximum observed: 4761.905 ops/sec)
Total latency = 3908824.750182 (+/- 0) us 
Consensus latency = 2957.166329 (+/- 297) us 
Pre-consensus latency = 0.0 (+/- 0) us 
Pos-consensus latency = 3906276.424962 (+/- 0) us 
Propose latency = 651.576811 (+/- 87) us 
Write latency = 576.847413 (+/- 336) us 
Accept latency = 1728.742105 (+/- 204) us 
Batch average size = NaN (+/- 0) requests
LCMessage ByteCount = 10:2
TOMMessage ByteCount = 17198752:30358
StandardSMMessage ByteCount = 424:22
ConsensusMessage ByteCount = 248495:3768
--- Measurements after 27000 ops (1000 samples) ---
Throughput = 4484.305 operations/sec (Maximum observed: 4761.905 ops/sec)
Total latency = 4071280.8966880003 (+/- 0) us 
Consensus latency = 3107.576978 (+/- 377) us 
Pre-consensus latency = 0.0 (+/- 0) us 
Pos-consensus latency = 4068580.3787930002 (+/- 0) us 
Propose latency = 631.950513 (+/- 124) us 
Write latency = 674.781882 (+/- 247) us 
Accept latency = 1800.844583 (+/- 364) us 
Batch average size = NaN (+/- 0) requests
LCMessage ByteCount = 10:2
TOMMessage ByteCount = 17198752:30358
StandardSMMessage ByteCount = 424:22
ConsensusMessage ByteCount = 259078:3929
--- Measurements after 28000 ops (1000 samples) ---
Throughput = 4545.4546 operations/sec (Maximum observed: 4761.905 ops/sec)
Total latency = 4237361.254638 (+/- 0) us 
Consensus latency = 2966.916276 (+/- 397) us 
Pre-consensus latency = 0.0 (+/- 0) us 
Pos-consensus latency = 4234776.264948 (+/- 0) us 
Propose latency = 648.0689080000001 (+/- 63) us 
Write latency = 585.9366530000001 (+/- 166) us 
Accept latency = 1732.910715 (+/- 286) us 
Batch average size = NaN (+/- 0) requests
LCMessage ByteCount = 10:2
TOMMessage ByteCount = 17198752:30358
StandardSMMessage ByteCount = 424:22
ConsensusMessage ByteCount = 269692:4089
--- Measurements after 29000 ops (1000 samples) ---
Throughput = 4566.21 operations/sec (Maximum observed: 4761.905 ops/sec)
Total latency = 4399845.040248 (+/- 0) us 
Consensus latency = 2999.549779 (+/- 274) us 
Pre-consensus latency = 0.0 (+/- 0) us 
Pos-consensus latency = 4397238.465472 (+/- 0) us 
Propose latency = 652.098086 (+/- 56) us 
Write latency = 757.652534 (+/- 169) us 
Accept latency = 1589.799159 (+/- 176) us 
Batch average size = NaN (+/- 0) requests
LCMessage ByteCount = 10:2
TOMMessage ByteCount = 17198752:30358
StandardSMMessage ByteCount = 424:22
ConsensusMessage ByteCount = 279833:4243
--- Measurements after 30000 ops (1000 samples) ---
Throughput = 4694.8354 operations/sec (Maximum observed: 4761.905 ops/sec)
Total latency = 4563719.6628870005 (+/- 0) us 
Consensus latency = 3027.907279 (+/- 441) us 
Pre-consensus latency = 0.0 (+/- 0) us 
Pos-consensus latency = 4561062.080808 (+/- 0) us 
Propose latency = 618.995934 (+/- 80) us 
Write latency = 810.250535 (+/- 305) us 
Accept latency = 1598.66081 (+/- 170) us 
Batch average size = NaN (+/- 0) requests
LCMessage ByteCount = 10:2
TOMMessage ByteCount = 17198752:30358
StandardSMMessage ByteCount = 424:22
ConsensusMessage ByteCount = 290324:4402
--- Measurements after 31000 ops (1000 samples) ---
Throughput = 4524.8867 operations/sec (Maximum observed: 4761.905 ops/sec)
Total latency = 4723033.735417 (+/- 0) us 
Consensus latency = 4021.473786 (+/- 2845) us 
Pre-consensus latency = 0.0 (+/- 0) us 
Pos-consensus latency = 4720352.697420999 (+/- 0) us 
Propose latency = 1608.882193 (+/- 3004) us 
Write latency = 576.776023 (+/- 335) us 
Accept latency = 1835.81557 (+/- 555) us 
Batch average size = NaN (+/- 0) requests
LCMessage ByteCount = 10:2
TOMMessage ByteCount = 17198752:30358
StandardSMMessage ByteCount = 424:22
ConsensusMessage ByteCount = 300586:4557
--- Measurements after 32000 ops (1000 samples) ---
Throughput = 4587.156 operations/sec (Maximum observed: 4761.905 ops/sec)
Total latency = 4886009.946792 (+/- 0) us 
Consensus latency = 2686.118634 (+/- 402) us 
Pre-consensus latency = 0.0 (+/- 0) us 
Pos-consensus latency = 4883782.070034999 (+/- 0) us 
Propose latency = 752.320425 (+/- 215) us 
Write latency = 481.047512 (+/- 230) us 
Accept latency = 1452.750697 (+/- 201) us 
Batch average size = NaN (+/- 0) requests
LCMessage ByteCount = 10:2
TOMMessage ByteCount = 17198752:30358
StandardSMMessage ByteCount = 424:22
ConsensusMessage ByteCount = 311761:4727
--- Measurements after 33000 ops (1000 samples) ---
Throughput = 4587.156 operations/sec (Maximum observed: 4761.905 ops/sec)
Total latency = 5050067.992987 (+/- 0) us 
Consensus latency = 2490.6297289999998 (+/- 215) us 
Pre-consensus latency = 0.0 (+/- 0) us 
Pos-consensus latency = 5047950.189392 (+/- 0) us 
Propose latency = 594.2057530000001 (+/- 98) us 
Write latency = 394.929542 (+/- 244) us 
Accept latency = 1501.494434 (+/- 198) us 
Batch average size = NaN (+/- 0) requests
LCMessage ByteCount = 15:3
TOMMessage ByteCount = 17198752:30358
StandardSMMessage ByteCount = 424:22
ConsensusMessage ByteCount = 322446:4889
--- Measurements after 34000 ops (1000 samples) ---
Throughput = 4587.156 operations/sec (Maximum observed: 4761.905 ops/sec)
Total latency = 5209093.105449 (+/- 0) us 
Consensus latency = 2703.2482999999997 (+/- 362) us 
Pre-consensus latency = 0.0 (+/- 0) us 
Pos-consensus latency = 5206745.593022999 (+/- 0) us 
Propose latency = 596.707463 (+/- 76) us 
Write latency = 549.026348 (+/- 295) us 
Accept latency = 1557.5144890000001 (+/- 216) us 
Batch average size = NaN (+/- 0) requests
LCMessage ByteCount = 15:3
TOMMessage ByteCount = 17198752:30358
StandardSMMessage ByteCount = 424:22
ConsensusMessage ByteCount = 333051:5049
--- Measurements after 35000 ops (1000 samples) ---
Throughput = 4694.8354 operations/sec (Maximum observed: 4761.905 ops/sec)
Total latency = 5370064.589553 (+/- 0) us 
Consensus latency = 2459.548682 (+/- 175) us 
Pre-consensus latency = 0.0 (+/- 0) us 
Pos-consensus latency = 5367997.719307 (+/- 0) us 
Propose latency = 610.2108989999999 (+/- 67) us 
Write latency = 305.874919 (+/- 198) us 
Accept latency = 1543.462864 (+/- 122) us 
Batch average size = NaN (+/- 0) requests
LCMessage ByteCount = 15:3
TOMMessage ByteCount = 17198752:30358
StandardSMMessage ByteCount = 424:22
ConsensusMessage ByteCount = 343431:5207
--- Measurements after 36000 ops (1000 samples) ---
Throughput = 4545.4546 operations/sec (Maximum observed: 4761.905 ops/sec)
Total latency = 5531382.861497 (+/- 0) us 
Consensus latency = 2533.621322 (+/- 263) us 
Pre-consensus latency = 0.0 (+/- 0) us 
Pos-consensus latency = 5529221.795548 (+/- 0) us 
Propose latency = 606.026106 (+/- 111) us 
Write latency = 395.665644 (+/- 237) us 
Accept latency = 1531.929572 (+/- 183) us 
Batch average size = NaN (+/- 0) requests
LCMessage ByteCount = 15:3
TOMMessage ByteCount = 17198752:30358
StandardSMMessage ByteCount = 424:22
ConsensusMessage ByteCount = 354524:5375
--- Measurements after 37000 ops (1000 samples) ---
Throughput = 4608.295 operations/sec (Maximum observed: 4761.905 ops/sec)
Total latency = 5693156.959635001 (+/- 0) us 
Consensus latency = 3568.109483 (+/- 1767) us 
Pre-consensus latency = 0.0 (+/- 0) us 
Pos-consensus latency = 5689963.55521 (+/- 0) us 
Propose latency = 643.498005 (+/- 96) us 
Write latency = 553.4872610000001 (+/- 321) us 
Accept latency = 2371.124217 (+/- 1854) us 
Batch average size = NaN (+/- 0) requests
LCMessage ByteCount = 15:3
TOMMessage ByteCount = 17198752:30358
StandardSMMessage ByteCount = 424:22
ConsensusMessage ByteCount = 365933:5547
--- Measurements after 38000 ops (1000 samples) ---
Throughput = 4566.21 operations/sec (Maximum observed: 4761.905 ops/sec)
Total latency = 5854101.166182 (+/- 0) us 
Consensus latency = 2908.7349900000004 (+/- 231) us 
Pre-consensus latency = 0.0 (+/- 0) us 
Pos-consensus latency = 5851552.010125 (+/- 0) us 
Propose latency = 606.124926 (+/- 79) us 
Write latency = 663.405792 (+/- 268) us 
Accept latency = 1639.2042720000002 (+/- 232) us 
Batch average size = NaN (+/- 0) requests
LCMessage ByteCount = 15:3
TOMMessage ByteCount = 17198752:30358
StandardSMMessage ByteCount = 424:22
ConsensusMessage ByteCount = 376232:5703
--- Measurements after 39000 ops (1000 samples) ---
Throughput = 4587.156 operations/sec (Maximum observed: 4761.905 ops/sec)
Total latency = 6015539.29441 (+/- 0) us 
Consensus latency = 2814.7833539999997 (+/- 346) us 
Pre-consensus latency = 0.0 (+/- 0) us 
Pos-consensus latency = 6013065.601873999 (+/- 0) us 
Propose latency = 591.8019300000001 (+/- 100) us 
Write latency = 635.448732 (+/- 270) us 
Accept latency = 1587.532692 (+/- 269) us 
Batch average size = NaN (+/- 0) requests
LCMessage ByteCount = 15:3
TOMMessage ByteCount = 17198752:30358
StandardSMMessage ByteCount = 424:22
ConsensusMessage ByteCount = 386525:5859
--- Measurements after 40000 ops (1000 samples) ---
Throughput = 4716.981 operations/sec (Maximum observed: 4761.905 ops/sec)
Total latency = 6176499.530665 (+/- 0) us 
Consensus latency = 2520.917102 (+/- 208) us 
Pre-consensus latency = 0.0 (+/- 0) us 
Pos-consensus latency = 6174318.090394 (+/- 0) us 
Propose latency = 576.553144 (+/- 109) us 
Write latency = 412.580713 (+/- 243) us 
Accept latency = 1531.783245 (+/- 222) us 
Batch average size = NaN (+/- 0) requests
LCMessage ByteCount = 15:3
TOMMessage ByteCount = 17198752:30358
StandardSMMessage ByteCount = 424:22
ConsensusMessage ByteCount = 397016:6018
--- Measurements after 41000 ops (1000 samples) ---
Throughput = 4608.295 operations/sec (Maximum observed: 4761.905 ops/sec)
Total latency = 6333562.343878999 (+/- 0) us 
Consensus latency = 3146.5791860000004 (+/- 1773) us 
Pre-consensus latency = 0.0 (+/- 0) us 
Pos-consensus latency = 6330769.646213001 (+/- 0) us 
Propose latency = 923.230769 (+/- 957) us 
Write latency = 828.083169 (+/- 1658) us 
Accept latency = 1395.265248 (+/- 203) us 
Batch average size = NaN (+/- 0) requests
LCMessage ByteCount = 15:3
TOMMessage ByteCount = 17198752:30358
StandardSMMessage ByteCount = 424:22
ConsensusMessage ByteCount = 407802:6182
--- Measurements after 42000 ops (1000 samples) ---
Throughput = 4566.21 operations/sec (Maximum observed: 4761.905 ops/sec)
Total latency = 6497311.200429 (+/- 0) us 
Consensus latency = 2897.426406 (+/- 328) us 
Pre-consensus latency = 0.0 (+/- 0) us 
Pos-consensus latency = 6494864.228664 (+/- 0) us 
Propose latency = 821.0645330000001 (+/- 406) us 
Write latency = 578.828102 (+/- 279) us 
Accept latency = 1497.533771 (+/- 145) us 
Batch average size = NaN (+/- 0) requests
LCMessage ByteCount = 20:4
TOMMessage ByteCount = 17198752:30358
StandardSMMessage ByteCount = 424:22
ConsensusMessage ByteCount = 418886:6350
--- Measurements after 43000 ops (1000 samples) ---
Throughput = 4566.21 operations/sec (Maximum observed: 4761.905 ops/sec)
Total latency = 6662483.764685 (+/- 0) us 
Consensus latency = 2849.849251 (+/- 272) us 
Pre-consensus latency = 0.0 (+/- 0) us 
Pos-consensus latency = 6659997.434811 (+/- 0) us 
Propose latency = 584.503464 (+/- 53) us 
Write latency = 690.741431 (+/- 188) us 
Accept latency = 1574.6043559999998 (+/- 194) us 
Batch average size = NaN (+/- 0) requests
LCMessage ByteCount = 20:4
TOMMessage ByteCount = 17198752:30358
StandardSMMessage ByteCount = 424:22
ConsensusMessage ByteCount = 429500:6510
--- Measurements after 44000 ops (1000 samples) ---
Throughput = 4587.156 operations/sec (Maximum observed: 4761.905 ops/sec)
Total latency = 6825808.580736 (+/- 0) us 
Consensus latency = 2849.923004 (+/- 301) us 
Pre-consensus latency = 0.0 (+/- 0) us 
Pos-consensus latency = 6823325.7267539995 (+/- 0) us 
Propose latency = 615.510313 (+/- 50) us 
Write latency = 706.273161 (+/- 259) us 
Accept latency = 1528.13953 (+/- 186) us 
Batch average size = NaN (+/- 0) requests
LCMessage ByteCount = 20:4
TOMMessage ByteCount = 17198752:30358
StandardSMMessage ByteCount = 424:22
ConsensusMessage ByteCount = 439676:6665
--- Measurements after 45000 ops (1000 samples) ---
Throughput = 4608.295 operations/sec (Maximum observed: 4761.905 ops/sec)
Total latency = 6986838.202508001 (+/- 0) us 
Consensus latency = 2835.363503 (+/- 88) us 
Pre-consensus latency = 0.0 (+/- 0) us 
Pos-consensus latency = 6984339.063448 (+/- 0) us 
Propose latency = 578.31723 (+/- 89) us 
Write latency = 696.892204 (+/- 151) us 
Accept latency = 1560.154069 (+/- 125) us 
Batch average size = NaN (+/- 0) requests
LCMessage ByteCount = 20:4
TOMMessage ByteCount = 17198752:30358
StandardSMMessage ByteCount = 424:22
ConsensusMessage ByteCount = 449486:6813
--- Measurements after 46000 ops (1000 samples) ---
Throughput = 4716.981 operations/sec (Maximum observed: 4761.905 ops/sec)
Total latency = 7146069.136737 (+/- 0) us 
Consensus latency = 2557.7456740000002 (+/- 367) us 
Pre-consensus latency = 0.0 (+/- 0) us 
Pos-consensus latency = 7143871.324425 (+/- 0) us 
Propose latency = 606.006411 (+/- 113) us 
Write latency = 496.43699699999996 (+/- 348) us 
Accept latency = 1455.3022660000001 (+/- 194) us 
Batch average size = NaN (+/- 0) requests
LCMessage ByteCount = 20:4
TOMMessage ByteCount = 17198752:30358
StandardSMMessage ByteCount = 424:22
ConsensusMessage ByteCount = 460185:6975
--- Measurements after 47000 ops (1000 samples) ---
Throughput = 4587.156 operations/sec (Maximum observed: 4761.905 ops/sec)
Total latency = 7307529.594543001 (+/- 0) us 
Consensus latency = 2888.6035469999997 (+/- 313) us 
Pre-consensus latency = 0.0 (+/- 0) us 
Pos-consensus latency = 7305038.766314 (+/- 0) us 
Propose latency = 634.995677 (+/- 176) us 
Write latency = 665.025845 (+/- 258) us 
Accept latency = 1588.582025 (+/- 177) us 
Batch average size = NaN (+/- 0) requests
LCMessage ByteCount = 20:4
TOMMessage ByteCount = 17198752:30358
StandardSMMessage ByteCount = 424:22
ConsensusMessage ByteCount = 470883:7137
--- Measurements after 48000 ops (1000 samples) ---
Throughput = 4587.156 operations/sec (Maximum observed: 4761.905 ops/sec)
Total latency = 7470709.180380999 (+/- 0) us 
Consensus latency = 3014.519164 (+/- 228) us 
Pre-consensus latency = 0.0 (+/- 0) us 
Pos-consensus latency = 7468047.04238 (+/- 0) us 
Propose latency = 566.176163 (+/- 103) us 
Write latency = 788.564046 (+/- 213) us 
Accept latency = 1659.778955 (+/- 168) us 
Batch average size = NaN (+/- 0) requests
LCMessage ByteCount = 20:4
TOMMessage ByteCount = 17198752:30358
StandardSMMessage ByteCount = 424:22
ConsensusMessage ByteCount = 481573:7299
--- Measurements after 49000 ops (1000 samples) ---
Throughput = 4566.21 operations/sec (Maximum observed: 4761.905 ops/sec)
Total latency = 7632334.751132 (+/- 0) us 
Consensus latency = 2645.4638769999997 (+/- 301) us 
Pre-consensus latency = 0.0 (+/- 0) us 
Pos-consensus latency = 7630034.993759 (+/- 0) us 
Propose latency = 536.389262 (+/- 98) us 
Write latency = 580.3949150000001 (+/- 291) us 
Accept latency = 1528.6797 (+/- 199) us 
Batch average size = NaN (+/- 0) requests
LCMessage ByteCount = 20:4
TOMMessage ByteCount = 17198752:30358
StandardSMMessage ByteCount = 424:22
ConsensusMessage ByteCount = 491863:7455
--- Measurements after 50000 ops (1000 samples) ---
Throughput = 4524.8867 operations/sec (Maximum observed: 4761.905 ops/sec)
Total latency = 7788977.52559 (+/- 0) us 
Consensus latency = 3040.034709 (+/- 295) us 
Pre-consensus latency = 0.0 (+/- 0) us 
Pos-consensus latency = 7786286.097657 (+/- 0) us 
Propose latency = 597.375951 (+/- 112) us 
Write latency = 819.1053029999999 (+/- 228) us 
Accept latency = 1623.553455 (+/- 272) us 
Batch average size = NaN (+/- 0) requests
LCMessage ByteCount = 20:4
TOMMessage ByteCount = 17198752:30358
StandardSMMessage ByteCount = 424:22
ConsensusMessage ByteCount = 502443:7616
-- Checkpoint is in position 28047
--- Measurements after 51000 ops (1000 samples) ---
Throughput = 2267.5737 operations/sec (Maximum observed: 4761.905 ops/sec)
Total latency = 7943246.966119001 (+/- 0) us 
Consensus latency = 3700.4963620000003 (+/- 2272) us 
Pre-consensus latency = 0.0 (+/- 0) us 
Pos-consensus latency = 7940403.821191 (+/- 0) us 
Propose latency = 1084.073807 (+/- 1613) us 
Write latency = 585.437083 (+/- 285) us 
Accept latency = 2030.985472 (+/- 1750) us 
Batch average size = 28048.0 (+/- 0) requests
LCMessage ByteCount = 20:4
TOMMessage ByteCount = 36345626:81239
StandardSMMessage ByteCount = 424:22
ConsensusMessage ByteCount = 519669:7877
--- Measurements after 52000 ops (1000 samples) ---
Throughput = 4115.2266 operations/sec (Maximum observed: 4761.905 ops/sec)
Total latency = 8281559.683472999 (+/- 0) us 
Consensus latency = 7296.069897 (+/- 4520) us 
Pre-consensus latency = 0.0 (+/- 0) us 
Pos-consensus latency = 8279554.572674 (+/- 0) us 
Propose latency = 5725.276161999999 (+/- 4347) us 
Write latency = 111.231272 (+/- 42) us 
Accept latency = 1459.562463 (+/- 196) us 
Batch average size = NaN (+/- 0) requests
LCMessage ByteCount = 20:4
TOMMessage ByteCount = 57740083:101812
StandardSMMessage ByteCount = 424:22
ConsensusMessage ByteCount = 533045:8079
--- Measurements after 53000 ops (1000 samples) ---
Throughput = 4545.4546 operations/sec (Maximum observed: 4761.905 ops/sec)
Total latency = 8472504.574925 (+/- 0) us 
Consensus latency = 4580.250103 (+/- 1371) us 
Pre-consensus latency = 0.0 (+/- 0) us 
Pos-consensus latency = 8468466.969965 (+/- 0) us 
Propose latency = 2983.274742 (+/- 1843) us 
Write latency = 311.03310700000003 (+/- 379) us 
Accept latency = 1285.942254 (+/- 295) us 
Batch average size = NaN (+/- 0) requests
LCMessage ByteCount = 20:4
TOMMessage ByteCount = 57740083:101812
StandardSMMessage ByteCount = 424:22
ConsensusMessage ByteCount = 543222:8234
--- Measurements after 54000 ops (1000 samples) ---
Throughput = 4273.5044 operations/sec (Maximum observed: 4761.905 ops/sec)
Total latency = 8641167.077952 (+/- 0) us 
Consensus latency = 3287.412296 (+/- 2313) us 
Pre-consensus latency = 0.0 (+/- 0) us 
Pos-consensus latency = 8638346.163561001 (+/- 0) us 
Propose latency = 663.8561189999999 (+/- 507) us 
Write latency = 519.762 (+/- 237) us 
Accept latency = 2103.794177 (+/- 2292) us 
Batch average size = NaN (+/- 0) requests
LCMessage ByteCount = 20:4
TOMMessage ByteCount = 57740083:101812
StandardSMMessage ByteCount = 424:22
ConsensusMessage ByteCount = 548175:8309
--- Measurements after 55000 ops (1000 samples) ---
Throughput = 3690.0369 operations/sec (Maximum observed: 4761.905 ops/sec)
Total latency = 8858201.803426001 (+/- 0) us 
Consensus latency = 4659.839187 (+/- 2121) us 
Pre-consensus latency = 0.0 (+/- 0) us 
Pos-consensus latency = 8854290.552844 (+/- 0) us 
Propose latency = 2232.780901 (+/- 1519) us 
Write latency = 897.746601 (+/- 598) us 
Accept latency = 1529.3116850000001 (+/- 264) us 
Batch average size = NaN (+/- 0) requests
LCMessage ByteCount = 20:4
TOMMessage ByteCount = 57740083:101812
StandardSMMessage ByteCount = 424:22
ConsensusMessage ByteCount = 557280:8447
--- Measurements after 56000 ops (1000 samples) ---
Throughput = 4629.6294 operations/sec (Maximum observed: 4761.905 ops/sec)
Total latency = 9027731.110464001 (+/- 0) us 
Consensus latency = 4487.060354 (+/- 1474) us 
Pre-consensus latency = 0.0 (+/- 0) us 
Pos-consensus latency = 9024123.017486 (+/- 0) us 
Propose latency = 2108.1211009999997 (+/- 974) us 
Write latency = 782.549213 (+/- 789) us 
Accept latency = 1596.39004 (+/- 163) us 
Batch average size = NaN (+/- 0) requests
LCMessage ByteCount = 20:4
TOMMessage ByteCount = 57740083:101812
StandardSMMessage ByteCount = 424:22
ConsensusMessage ByteCount = 569075:8625
--- Measurements after 57000 ops (1000 samples) ---
Throughput = 4761.905 operations/sec (Maximum observed: 4761.905 ops/sec)
Total latency = 9193309.403805 (+/- 0) us 
Consensus latency = 2691.96656 (+/- 296) us 
Pre-consensus latency = 0.0 (+/- 0) us 
Pos-consensus latency = 9190944.944523001 (+/- 0) us 
Propose latency = 496.317128 (+/- 74) us 
Write latency = 664.285711 (+/- 302) us 
Accept latency = 1531.363721 (+/- 284) us 
Batch average size = NaN (+/- 0) requests
LCMessage ByteCount = 20:4
TOMMessage ByteCount = 57740083:101812
StandardSMMessage ByteCount = 424:22
ConsensusMessage ByteCount = 574417:8706
--- Measurements after 58000 ops (1000 samples) ---
Throughput = 4608.295 operations/sec (Maximum observed: 4761.905 ops/sec)
Total latency = 9353115.126761999 (+/- 0) us 
Consensus latency = 2663.932414 (+/- 211) us 
Pre-consensus latency = 0.0 (+/- 0) us 
Pos-consensus latency = 9350814.965379 (+/- 0) us 
Propose latency = 556.148369 (+/- 77) us 
Write latency = 525.785605 (+/- 209) us 
Accept latency = 1581.9984399999998 (+/- 187) us 
Batch average size = NaN (+/- 0) requests
LCMessage ByteCount = 20:4
TOMMessage ByteCount = 57740083:101812
StandardSMMessage ByteCount = 424:22
ConsensusMessage ByteCount = 585701:8877
--- Measurements after 59000 ops (1000 samples) ---
Throughput = 4629.6294 operations/sec (Maximum observed: 4761.905 ops/sec)
Total latency = 9509866.61401 (+/- 0) us 
Consensus latency = 2428.301795 (+/- 234) us 
Pre-consensus latency = 0.0 (+/- 0) us 
Pos-consensus latency = 9507815.28666 (+/- 0) us 
Propose latency = 601.8629 (+/- 150) us 
Write latency = 340.751032 (+/- 262) us 
Accept latency = 1485.6878629999999 (+/- 135) us 
Batch average size = NaN (+/- 0) requests
LCMessage ByteCount = 20:4
TOMMessage ByteCount = 57740083:101812
StandardSMMessage ByteCount = 424:22
ConsensusMessage ByteCount = 596394:9039
--- Measurements after 60000 ops (1000 samples) ---
Throughput = 4761.905 operations/sec (Maximum observed: 4761.905 ops/sec)
Total latency = 9669340.309846 (+/- 0) us 
Consensus latency = 2755.4924530000003 (+/- 429) us 
Pre-consensus latency = 0.0 (+/- 0) us 
Pos-consensus latency = 9666979.149909 (+/- 0) us 
Propose latency = 596.931973 (+/- 138) us 
Write latency = 547.857635 (+/- 388) us 
Accept latency = 1610.702845 (+/- 191) us 
Batch average size = NaN (+/- 0) requests
LCMessage ByteCount = 20:4
TOMMessage ByteCount = 57740083:101812
StandardSMMessage ByteCount = 424:22
ConsensusMessage ByteCount = 607527:9208
--- Measurements after 61000 ops (1000 samples) ---
Throughput = 4651.1626 operations/sec (Maximum observed: 4761.905 ops/sec)
Total latency = 9826854.649951 (+/- 0) us 
Consensus latency = 3788.437202 (+/- 2545) us 
Pre-consensus latency = 0.0 (+/- 0) us 
Pos-consensus latency = 9823563.872538999 (+/- 0) us 
Propose latency = 824.8726210000001 (+/- 276) us 
Write latency = 1466.974003 (+/- 2586) us 
Accept latency = 1496.590578 (+/- 169) us 
Batch average size = NaN (+/- 0) requests
LCMessage ByteCount = 20:4
TOMMessage ByteCount = 57740083:101812
StandardSMMessage ByteCount = 424:22
ConsensusMessage ByteCount = 619842:9395
--- Measurements after 62000 ops (1000 samples) ---
Throughput = 4716.981 operations/sec (Maximum observed: 4761.905 ops/sec)
Total latency = 9986239.041565001 (+/- 0) us 
Consensus latency = 2667.059548 (+/- 291) us 
Pre-consensus latency = 0.0 (+/- 0) us 
Pos-consensus latency = 9983924.419676 (+/- 0) us 
Propose latency = 568.2207569999999 (+/- 96) us 
Write latency = 557.223109 (+/- 253) us 
Accept latency = 1541.615682 (+/- 172) us 
Batch average size = NaN (+/- 0) requests
LCMessage ByteCount = 25:5
TOMMessage ByteCount = 57740083:101812
StandardSMMessage ByteCount = 424:22
ConsensusMessage ByteCount = 631333:9569
--- Measurements after 63000 ops (1000 samples) ---
Throughput = 4651.1626 operations/sec (Maximum observed: 4761.905 ops/sec)
Total latency = 1.0144722232949E7 (+/- 0) us 
Consensus latency = 2687.963445 (+/- 292) us 
Pre-consensus latency = 0.0 (+/- 0) us 
Pos-consensus latency = 1.0142429168837E7 (+/- 0) us 
Propose latency = 604.600356 (+/- 71) us 
Write latency = 582.164737 (+/- 232) us 
Accept latency = 1501.1983519999999 (+/- 245) us 
Batch average size = NaN (+/- 0) requests
LCMessage ByteCount = 25:5
TOMMessage ByteCount = 57740083:101812
StandardSMMessage ByteCount = 424:22
ConsensusMessage ByteCount = 642981:9745
--- Measurements after 64000 ops (1000 samples) ---
Throughput = 4629.6294 operations/sec (Maximum observed: 4761.905 ops/sec)
Total latency = 1.0301449370896E7 (+/- 0) us 
Consensus latency = 2681.9942379999998 (+/- 253) us 
Pre-consensus latency = 0.0 (+/- 0) us 
Pos-consensus latency = 1.0299128743573E7 (+/- 0) us 
Propose latency = 572.472634 (+/- 75) us 
Write latency = 498.110338 (+/- 277) us 
Accept latency = 1611.411266 (+/- 283) us 
Batch average size = NaN (+/- 0) requests
LCMessage ByteCount = 25:5
TOMMessage ByteCount = 57740083:101812
StandardSMMessage ByteCount = 424:22
ConsensusMessage ByteCount = 654423:9918
--- Measurements after 65000 ops (1000 samples) ---
Throughput = 4739.3364 operations/sec (Maximum observed: 4761.905 ops/sec)
Total latency = 1.0459695332976999E7 (+/- 0) us 
Consensus latency = 3405.1055189999997 (+/- 1949) us 
Pre-consensus latency = 0.0 (+/- 0) us 
Pos-consensus latency = 1.0456648445101999E7 (+/- 0) us 
Propose latency = 1009.465371 (+/- 1691) us 
Write latency = 850.221348 (+/- 1118) us 
Accept latency = 1545.4188000000001 (+/- 226) us 
Batch average size = NaN (+/- 0) requests
LCMessage ByteCount = 25:5
TOMMessage ByteCount = 57740083:101812
StandardSMMessage ByteCount = 424:22
ConsensusMessage ByteCount = 665511:10086
--- Measurements after 66000 ops (1000 samples) ---
Throughput = 4651.1626 operations/sec (Maximum observed: 4761.905 ops/sec)
Total latency = 1.0619907519845E7 (+/- 0) us 
Consensus latency = 3197.862904 (+/- 1477) us 
Pre-consensus latency = 0.0 (+/- 0) us 
Pos-consensus latency = 1.0617086676956E7 (+/- 0) us 
Propose latency = 593.283346 (+/- 155) us 
Write latency = 1052.078853 (+/- 1233) us 
Accept latency = 1552.5007050000002 (+/- 207) us 
Batch average size = NaN (+/- 0) requests
LCMessage ByteCount = 25:5
TOMMessage ByteCount = 57740083:101812
StandardSMMessage ByteCount = 424:22
ConsensusMessage ByteCount = 676997:10260
--- Measurements after 67000 ops (1000 samples) ---
Throughput = 4608.295 operations/sec (Maximum observed: 4761.905 ops/sec)
Total latency = 1.0778698587128E7 (+/- 0) us 
Consensus latency = 2582.937503 (+/- 155) us 
Pre-consensus latency = 0.0 (+/- 0) us 
Pos-consensus latency = 1.0776458351984E7 (+/- 0) us 
Propose latency = 504.591653 (+/- 71) us 
Write latency = 614.173819 (+/- 253) us 
Accept latency = 1464.172031 (+/- 224) us 
Batch average size = NaN (+/- 0) requests
LCMessage ByteCount = 25:5
TOMMessage ByteCount = 57740083:101812
StandardSMMessage ByteCount = 424:22
ConsensusMessage ByteCount = 687581:10421
--- Measurements after 68000 ops (1000 samples) ---
Throughput = 4739.3364 operations/sec (Maximum observed: 4761.905 ops/sec)
Total latency = 1.0938512664896E7 (+/- 0) us 
Consensus latency = 2702.908839 (+/- 279) us 
Pre-consensus latency = 0.0 (+/- 0) us 
Pos-consensus latency = 1.0936144432759E7 (+/- 0) us 
Propose latency = 497.28019300000005 (+/- 94) us 
Write latency = 672.859148 (+/- 201) us 
Accept latency = 1532.7694979999999 (+/- 198) us 
Batch average size = NaN (+/- 0) requests
LCMessage ByteCount = 25:5
TOMMessage ByteCount = 57740083:101812
StandardSMMessage ByteCount = 424:22
ConsensusMessage ByteCount = 698664:10589
--- Measurements after 69000 ops (1000 samples) ---
Throughput = 4608.295 operations/sec (Maximum observed: 4761.905 ops/sec)
Total latency = 1.109749171834E7 (+/- 0) us 
Consensus latency = 2800.859239 (+/- 175) us 
Pre-consensus latency = 0.0 (+/- 0) us 
Pos-consensus latency = 1.1095076644248E7 (+/- 0) us 
Propose latency = 629.962431 (+/- 81) us 
Write latency = 654.553051 (+/- 224) us 
Accept latency = 1516.343757 (+/- 193) us 
Batch average size = NaN (+/- 0) requests
LCMessage ByteCount = 25:5
TOMMessage ByteCount = 57740083:101812
StandardSMMessage ByteCount = 424:22
ConsensusMessage ByteCount = 709949:10760
--- Measurements after 70000 ops (1000 samples) ---
Throughput = 4545.4546 operations/sec (Maximum observed: 4761.905 ops/sec)
Total latency = 1.1253294907143E7 (+/- 0) us 
Consensus latency = 4733.178002000001 (+/- 4130) us 
Pre-consensus latency = 0.0 (+/- 0) us 
Pos-consensus latency = 1.1248942432316E7 (+/- 0) us 
Propose latency = 606.221022 (+/- 234) us 
Write latency = 1813.4822339999998 (+/- 2850) us 
Accept latency = 2313.474746 (+/- 1845) us 
Batch average size = NaN (+/- 0) requests
LCMessage ByteCount = 25:5
TOMMessage ByteCount = 57740083:101812
StandardSMMessage ByteCount = 424:22
ConsensusMessage ByteCount = 721347:10932
--- Measurements after 71000 ops (1000 samples) ---
Throughput = 4716.981 operations/sec (Maximum observed: 4761.905 ops/sec)
Total latency = 1.1417943257449E7 (+/- 0) us 
Consensus latency = 3288.941813 (+/- 875) us 
Pre-consensus latency = 0.0 (+/- 0) us 
Pos-consensus latency = 1.141510230934E7 (+/- 0) us 
Propose latency = 775.98798 (+/- 385) us 
Write latency = 968.217325 (+/- 520) us 
Accept latency = 1544.736508 (+/- 129) us 
Batch average size = NaN (+/- 0) requests
LCMessage ByteCount = 25:5
TOMMessage ByteCount = 57740083:101812
StandardSMMessage ByteCount = 424:22
ConsensusMessage ByteCount = 733302:11114
--- Measurements after 72000 ops (1000 samples) ---
Throughput = 4587.156 operations/sec (Maximum observed: 4761.905 ops/sec)
Total latency = 1.1581257768658001E7 (+/- 0) us 
Consensus latency = 2613.117206 (+/- 228) us 
Pre-consensus latency = 0.0 (+/- 0) us 
Pos-consensus latency = 1.1579010033385001E7 (+/- 0) us 
Propose latency = 549.893532 (+/- 65) us 
Write latency = 473.662854 (+/- 243) us 
Accept latency = 1589.5608200000001 (+/- 106) us 
Batch average size = NaN (+/- 0) requests
LCMessage ByteCount = 25:5
TOMMessage ByteCount = 57740083:101812
StandardSMMessage ByteCount = 424:22
ConsensusMessage ByteCount = 744734:11287
--- Measurements after 73000 ops (1000 samples) ---
Throughput = 4608.295 operations/sec (Maximum observed: 4761.905 ops/sec)
Total latency = 1.1740165880422002E7 (+/- 0) us 
Consensus latency = 2788.940383 (+/- 314) us 
Pre-consensus latency = 0.0 (+/- 0) us 
Pos-consensus latency = 1.1737719528014E7 (+/- 0) us 
Propose latency = 582.37962 (+/- 45) us 
Write latency = 551.971416 (+/- 277) us 
Accept latency = 1654.589347 (+/- 225) us 
Batch average size = NaN (+/- 0) requests
LCMessage ByteCount = 25:5
TOMMessage ByteCount = 57740083:101812
StandardSMMessage ByteCount = 424:22
ConsensusMessage ByteCount = 755589:11451
--- Measurements after 74000 ops (1000 samples) ---
Throughput = 4739.3364 operations/sec (Maximum observed: 4761.905 ops/sec)
Total latency = 1.1902606426953E7 (+/- 0) us 
Consensus latency = 2721.09235 (+/- 214) us 
Pre-consensus latency = 0.0 (+/- 0) us 
Pos-consensus latency = 1.1900229054566E7 (+/- 0) us 
Propose latency = 571.216505 (+/- 68) us 
Write latency = 640.231306 (+/- 269) us 
Accept latency = 1509.6445390000001 (+/- 187) us 
Batch average size = NaN (+/- 0) requests
LCMessage ByteCount = 25:5
TOMMessage ByteCount = 57740083:101812
StandardSMMessage ByteCount = 424:22
ConsensusMessage ByteCount = 768268:11643
--- Measurements after 75000 ops (1000 samples) ---
Throughput = 4587.156 operations/sec (Maximum observed: 4761.905 ops/sec)
Total latency = 1.2059922195063999E7 (+/- 0) us 
Consensus latency = 2759.15992 (+/- 1038) us 
Pre-consensus latency = 0.0 (+/- 0) us 
Pos-consensus latency = 1.2057510929297E7 (+/- 0) us 
Propose latency = 579.163437 (+/- 116) us 
Write latency = 769.5691949999999 (+/- 1056) us 
Accept latency = 1410.4272879999999 (+/- 353) us 
Batch average size = NaN (+/- 0) requests
LCMessage ByteCount = 25:5
TOMMessage ByteCount = 57740083:101812
StandardSMMessage ByteCount = 424:22
ConsensusMessage ByteCount = 780154:11823
--- Measurements after 76000 ops (1000 samples) ---
Throughput = 4739.3364 operations/sec (Maximum observed: 4761.905 ops/sec)
Total latency = 1.2219248990371E7 (+/- 0) us 
Consensus latency = 2845.929917 (+/- 300) us 
Pre-consensus latency = 0.0 (+/- 0) us 
Pos-consensus latency = 1.2216820275964001E7 (+/- 0) us 
Propose latency = 674.999055 (+/- 175) us 
Write latency = 742.604241 (+/- 178) us 
Accept latency = 1428.326621 (+/- 146) us 
Batch average size = NaN (+/- 0) requests
LCMessage ByteCount = 25:5
TOMMessage ByteCount = 57740083:101812
StandardSMMessage ByteCount = 424:22
ConsensusMessage ByteCount = 792314:12008
--- Measurements after 77000 ops (1000 samples) ---
Throughput = 4587.156 operations/sec (Maximum observed: 4761.905 ops/sec)
Total latency = 1.2381077957432E7 (+/- 0) us 
Consensus latency = 2671.659138 (+/- 151) us 
Pre-consensus latency = 0.0 (+/- 0) us 
Pos-consensus latency = 1.2378743203463E7 (+/- 0) us 
Propose latency = 585.514929 (+/- 40) us 
Write latency = 579.881264 (+/- 146) us 
Accept latency = 1506.2629450000002 (+/- 129) us 
Batch average size = NaN (+/- 0) requests
LCMessage ByteCount = 30:6
TOMMessage ByteCount = 57740083:101812
StandardSMMessage ByteCount = 424:22
ConsensusMessage ByteCount = 803713:12180
--- Measurements after 78000 ops (1000 samples) ---
Throughput = 4587.156 operations/sec (Maximum observed: 4761.905 ops/sec)
Total latency = 1.2539257538541E7 (+/- 0) us 
Consensus latency = 2766.659202 (+/- 195) us 
Pre-consensus latency = 0.0 (+/- 0) us 
Pos-consensus latency = 1.2536856530648E7 (+/- 0) us 
Propose latency = 603.453897 (+/- 42) us 
Write latency = 598.794895 (+/- 283) us 
Accept latency = 1564.41041 (+/- 184) us 
Batch average size = NaN (+/- 0) requests
LCMessage ByteCount = 30:6
TOMMessage ByteCount = 57740083:101812
StandardSMMessage ByteCount = 424:22
ConsensusMessage ByteCount = 814882:12350
-- Performing checkpoint for consensus 1023
--- Measurements after 79000 ops (1000 samples) ---
Throughput = 4081.6326 operations/sec (Maximum observed: 4761.905 ops/sec)
Total latency = 1.2699678731424E7 (+/- 0) us 
Consensus latency = 2698.457361 (+/- 320) us 
Pre-consensus latency = 0.0 (+/- 0) us 
Pos-consensus latency = 1.2697363923275E7 (+/- 0) us 
Propose latency = 654.335215 (+/- 287) us 
Write latency = 630.947231 (+/- 343) us 
Accept latency = 1413.174915 (+/- 156) us 
Batch average size = 116392.0 (+/- 0) requests
LCMessage ByteCount = 30:6
TOMMessage ByteCount = 57740083:101812
StandardSMMessage ByteCount = 424:22
ConsensusMessage ByteCount = 828063:12549
--- Measurements after 80000 ops (1000 samples) ---
Throughput = 4566.21 operations/sec (Maximum observed: 4761.905 ops/sec)
Total latency = 1.2894888002571E7 (+/- 0) us 
Consensus latency = 2834.696849 (+/- 654) us 
Pre-consensus latency = 0.0 (+/- 0) us 
Pos-consensus latency = 1.2892420964603001E7 (+/- 0) us 
Propose latency = 590.329921 (+/- 142) us 
Write latency = 679.181763 (+/- 718) us 
Accept latency = 1565.185165 (+/- 184) us 
Batch average size = NaN (+/- 0) requests
LCMessage ByteCount = 30:6
TOMMessage ByteCount = 57740083:101812
StandardSMMessage ByteCount = 424:22
ConsensusMessage ByteCount = 838836:12713
--- Measurements after 81000 ops (1000 samples) ---
Throughput = 4545.4546 operations/sec (Maximum observed: 4761.905 ops/sec)
Total latency = 1.3054602858125E7 (+/- 0) us 
Consensus latency = 2801.880091 (+/- 241) us 
Pre-consensus latency = 0.0 (+/- 0) us 
Pos-consensus latency = 1.30521939873E7 (+/- 0) us 
Propose latency = 584.2809719999999 (+/- 188) us 
Write latency = 725.730475 (+/- 286) us 
Accept latency = 1491.8686440000001 (+/- 187) us 
Batch average size = NaN (+/- 0) requests
LCMessage ByteCount = 30:6
TOMMessage ByteCount = 57740083:101812
StandardSMMessage ByteCount = 424:22
ConsensusMessage ByteCount = 850312:12887
--- Measurements after 82000 ops (1000 samples) ---
Throughput = 4739.3364 operations/sec (Maximum observed: 4761.905 ops/sec)
Total latency = 1.3216561192822E7 (+/- 0) us 
Consensus latency = 2796.0094449999997 (+/- 230) us 
Pre-consensus latency = 0.0 (+/- 0) us 
Pos-consensus latency = 1.3214134536385E7 (+/- 0) us 
Propose latency = 582.346317 (+/- 98) us 
Write latency = 658.499999 (+/- 230) us 
Accept latency = 1555.163129 (+/- 159) us 
Batch average size = NaN (+/- 0) requests
LCMessage ByteCount = 30:6
TOMMessage ByteCount = 57740083:101812
StandardSMMessage ByteCount = 424:22
ConsensusMessage ByteCount = 861721:13059
--- Measurements after 83000 ops (1000 samples) ---
Throughput = 4587.156 operations/sec (Maximum observed: 4761.905 ops/sec)
Total latency = 1.3377014229026E7 (+/- 0) us 
Consensus latency = 2638.444613 (+/- 243) us 
Pre-consensus latency = 0.0 (+/- 0) us 
Pos-consensus latency = 1.3374743399653E7 (+/- 0) us 
Propose latency = 582.874263 (+/- 78) us 
Write latency = 600.793165 (+/- 257) us 
Accept latency = 1454.7771850000001 (+/- 153) us 
Batch average size = NaN (+/- 0) requests
LCMessage ByteCount = 30:6
TOMMessage ByteCount = 57740083:101812
StandardSMMessage ByteCount = 424:22
ConsensusMessage ByteCount = 873086:13232
--- Measurements after 84000 ops (1000 samples) ---
Throughput = 4566.21 operations/sec (Maximum observed: 4761.905 ops/sec)
Total latency = 1.3533021229786E7 (+/- 0) us 
Consensus latency = 3157.3586809999997 (+/- 2098) us 
Pre-consensus latency = 0.0 (+/- 0) us 
Pos-consensus latency = 1.353020459342E7 (+/- 0) us 
Propose latency = 583.094391 (+/- 126) us 
Write latency = 1123.787098 (+/- 2481) us 
Accept latency = 1450.477192 (+/- 402) us 
Batch average size = NaN (+/- 0) requests
LCMessage ByteCount = 30:6
TOMMessage ByteCount = 57740083:101812
StandardSMMessage ByteCount = 424:22
ConsensusMessage ByteCount = 884880:13410
--- Measurements after 85000 ops (1000 samples) ---
Throughput = 4716.981 operations/sec (Maximum observed: 4761.905 ops/sec)
Total latency = 1.3695779655588E7 (+/- 0) us 
Consensus latency = 2991.979424 (+/- 868) us 
Pre-consensus latency = 0.0 (+/- 0) us 
Pos-consensus latency = 1.3693189435012E7 (+/- 0) us 
Propose latency = 662.2445690000001 (+/- 164) us 
Write latency = 807.3568240000001 (+/- 819) us 
Accept latency = 1522.378031 (+/- 168) us 
Batch average size = NaN (+/- 0) requests
LCMessage ByteCount = 30:6
TOMMessage ByteCount = 57740083:101812
StandardSMMessage ByteCount = 424:22
ConsensusMessage ByteCount = 895847:13577
--- Measurements after 86000 ops (1000 samples) ---
Throughput = 4545.4546 operations/sec (Maximum observed: 4761.905 ops/sec)
Total latency = 1.3858817741859E7 (+/- 0) us 
Consensus latency = 2846.354273 (+/- 337) us 
Pre-consensus latency = 0.0 (+/- 0) us 
Pos-consensus latency = 1.3856412747639999E7 (+/- 0) us 
Propose latency = 714.9893079999999 (+/- 202) us 
Write latency = 551.461219 (+/- 245) us 
Accept latency = 1579.903746 (+/- 183) us 
Batch average size = NaN (+/- 0) requests
LCMessage ByteCount = 35:7
TOMMessage ByteCount = 57740083:101812
StandardSMMessage ByteCount = 424:22
ConsensusMessage ByteCount = 907730:13757
--- Measurements after 87000 ops (1000 samples) ---
Throughput = 4566.21 operations/sec (Maximum observed: 4761.905 ops/sec)
Total latency = 1.4020148817440001E7 (+/- 0) us 
Consensus latency = 2736.4430669999997 (+/- 226) us 
Pre-consensus latency = 0.0 (+/- 0) us 
Pos-consensus latency = 1.4017782380076999E7 (+/- 0) us 
Propose latency = 632.9926459999999 (+/- 55) us 
Write latency = 554.830961 (+/- 194) us 
Accept latency = 1548.61946 (+/- 172) us 
Batch average size = NaN (+/- 0) requests
LCMessage ByteCount = 35:7
TOMMessage ByteCount = 57740083:101812
StandardSMMessage ByteCount = 424:22
ConsensusMessage ByteCount = 919612:13937
--- Measurements after 88000 ops (1000 samples) ---
Throughput = 4761.905 operations/sec (Maximum observed: 4761.905 ops/sec)
Total latency = 1.4182322070264999E7 (+/- 0) us 
Consensus latency = 2680.1376299999997 (+/- 205) us 
Pre-consensus latency = 0.0 (+/- 0) us 
Pos-consensus latency = 1.4180018773971E7 (+/- 0) us 
Propose latency = 626.685459 (+/- 47) us 
Write latency = 570.975083 (+/- 196) us 
Accept latency = 1482.477088 (+/- 124) us 
Batch average size = NaN (+/- 0) requests
LCMessage ByteCount = 35:7
TOMMessage ByteCount = 57740083:101812
StandardSMMessage ByteCount = 424:22
ConsensusMessage ByteCount = 930424:14100
--- Measurements after 89000 ops (1000 samples) ---
Throughput = 4629.6294 operations/sec (Maximum observed: 4761.905 ops/sec)
Total latency = 1.4338839271768998E7 (+/- 0) us 
Consensus latency = 3308.615256 (+/- 2355) us 
Pre-consensus latency = 0.0 (+/- 0) us 
Pos-consensus latency = 1.4336008251938999E7 (+/- 0) us 
Propose latency = 737.503296 (+/- 519) us 
Write latency = 400.212009 (+/- 333) us 
Accept latency = 2170.899951 (+/- 2259) us 
Batch average size = NaN (+/- 0) requests
LCMessage ByteCount = 35:7
TOMMessage ByteCount = 57740083:101812
StandardSMMessage ByteCount = 424:22
ConsensusMessage ByteCount = 941711:14271
--- Measurements after 90000 ops (1000 samples) ---
Throughput = 4629.6294 operations/sec (Maximum observed: 4761.905 ops/sec)
Total latency = 1.4499241538627E7 (+/- 0) us 
Consensus latency = 2723.432596 (+/- 224) us 
Pre-consensus latency = 0.0 (+/- 0) us 
Pos-consensus latency = 1.4496888546232E7 (+/- 0) us 
Propose latency = 635.460008 (+/- 93) us 
Write latency = 618.032278 (+/- 160) us 
Accept latency = 1469.94031 (+/- 124) us 
Batch average size = NaN (+/- 0) requests
LCMessage ByteCount = 35:7
TOMMessage ByteCount = 57740083:101812
StandardSMMessage ByteCount = 424:22
ConsensusMessage ByteCount = 952875:14441
--- Measurements after 91000 ops (1000 samples) ---
Throughput = 4739.3364 operations/sec (Maximum observed: 4761.905 ops/sec)
Total latency = 1.4659050405229999E7 (+/- 0) us 
Consensus latency = 2815.5481609999997 (+/- 237) us 
Pre-consensus latency = 0.0 (+/- 0) us 
Pos-consensus latency = 1.4656643693715E7 (+/- 0) us 
Propose latency = 681.516538 (+/- 125) us 
Write latency = 627.9775089999999 (+/- 216) us 
Accept latency = 1506.054114 (+/- 122) us 
Batch average size = NaN (+/- 0) requests
LCMessage ByteCount = 35:7
TOMMessage ByteCount = 57740083:101812
StandardSMMessage ByteCount = 424:22
ConsensusMessage ByteCount = 964081:14610
--- Measurements after 92000 ops (1000 samples) ---
Throughput = 4587.156 operations/sec (Maximum observed: 4761.905 ops/sec)
Total latency = 1.4817537018844E7 (+/- 0) us 
Consensus latency = 2817.9562629999996 (+/- 234) us 
Pre-consensus latency = 0.0 (+/- 0) us 
Pos-consensus latency = 1.4815094383853002E7 (+/- 0) us 
Propose latency = 631.781066 (+/- 72) us 
Write latency = 715.069762 (+/- 195) us 
Accept latency = 1471.105435 (+/- 147) us 
Batch average size = NaN (+/- 0) requests
LCMessage ByteCount = 35:7
TOMMessage ByteCount = 57740083:101812
StandardSMMessage ByteCount = 424:22
ConsensusMessage ByteCount = 975955:14790
--- Measurements after 93000 ops (1000 samples) ---
Throughput = 4739.3364 operations/sec (Maximum observed: 4761.905 ops/sec)
Total latency = 1.4977847624149E7 (+/- 0) us 
Consensus latency = 2771.1050219999997 (+/- 179) us 
Pre-consensus latency = 0.0 (+/- 0) us 
Pos-consensus latency = 1.4975459968370002E7 (+/- 0) us 
Propose latency = 631.130009 (+/- 38) us 
Write latency = 636.053484 (+/- 231) us 
Accept latency = 1503.9215290000002 (+/- 98) us 
Batch average size = NaN (+/- 0) requests
LCMessage ByteCount = 35:7
TOMMessage ByteCount = 57740083:101812
StandardSMMessage ByteCount = 424:22
ConsensusMessage ByteCount = 987134:14960
--- Measurements after 94000 ops (1000 samples) ---
Throughput = 4587.156 operations/sec (Maximum observed: 4761.905 ops/sec)
Total latency = 1.5139774034271E7 (+/- 0) us 
Consensus latency = 2956.772232 (+/- 1749) us 
Pre-consensus latency = 0.0 (+/- 0) us 
Pos-consensus latency = 1.5137178663983E7 (+/- 0) us 
Propose latency = 633.803222 (+/- 209) us 
Write latency = 402.305129 (+/- 231) us 
Accept latency = 1920.663881 (+/- 1646) us 
Batch average size = NaN (+/- 0) requests
LCMessage ByteCount = 35:7
TOMMessage ByteCount = 57740083:101812
StandardSMMessage ByteCount = 424:22
ConsensusMessage ByteCount = 998525:15132
--- Measurements after 95000 ops (1000 samples) ---
Throughput = 4608.295 operations/sec (Maximum observed: 4761.905 ops/sec)
Total latency = 1.529956603094E7 (+/- 0) us 
Consensus latency = 2822.6213399999997 (+/- 170) us 
Pre-consensus latency = 0.0 (+/- 0) us 
Pos-consensus latency = 1.5297130609218E7 (+/- 0) us 
Propose latency = 636.385331 (+/- 64) us 
Write latency = 619.574316 (+/- 128) us 
Accept latency = 1566.661693 (+/- 185) us 
Batch average size = NaN (+/- 0) requests
LCMessage ByteCount = 40:8
TOMMessage ByteCount = 57740083:101812
StandardSMMessage ByteCount = 424:22
ConsensusMessage ByteCount = 1010999:15321
--- Measurements after 96000 ops (1000 samples) ---
Throughput = 4761.905 operations/sec (Maximum observed: 4761.905 ops/sec)
Total latency = 1.5458526177584998E7 (+/- 0) us 
Consensus latency = 2702.851527 (+/- 241) us 
Pre-consensus latency = 0.0 (+/- 0) us 
Pos-consensus latency = 1.5456220279471E7 (+/- 0) us 
Propose latency = 631.718198 (+/- 107) us 
Write latency = 576.45695 (+/- 169) us 
Accept latency = 1494.676379 (+/- 225) us 
Batch average size = NaN (+/- 0) requests
LCMessage ByteCount = 40:8
TOMMessage ByteCount = 57740083:101812
StandardSMMessage ByteCount = 424:22
ConsensusMessage ByteCount = 1022477:15495
--- Measurements after 97000 ops (1000 samples) ---
Throughput = 4629.6294 operations/sec (Maximum observed: 4761.905 ops/sec)
Total latency = 1.5619067469882E7 (+/- 0) us 
Consensus latency = 2689.247301 (+/- 125) us 
Pre-consensus latency = 0.0 (+/- 0) us 
Pos-consensus latency = 1.5616720399055E7 (+/- 0) us 
Propose latency = 575.214571 (+/- 54) us 
Write latency = 619.141485 (+/- 119) us 
Accept latency = 1494.891245 (+/- 110) us 
Batch average size = NaN (+/- 0) requests
LCMessage ByteCount = 40:8
TOMMessage ByteCount = 57740083:101812
StandardSMMessage ByteCount = 424:22
ConsensusMessage ByteCount = 1034359:15675
--- Measurements after 98000 ops (1000 samples) ---
Throughput = 4608.295 operations/sec (Maximum observed: 4761.905 ops/sec)
Total latency = 1.5776186174925E7 (+/- 0) us 
Consensus latency = 2750.009706 (+/- 184) us 
Pre-consensus latency = 0.0 (+/- 0) us 
Pos-consensus latency = 1.5773797169643E7 (+/- 0) us 
Propose latency = 602.99145 (+/- 54) us 
Write latency = 616.164401 (+/- 151) us 
Accept latency = 1530.853855 (+/- 136) us 
Batch average size = NaN (+/- 0) requests
LCMessage ByteCount = 40:8
TOMMessage ByteCount = 57740083:101812
StandardSMMessage ByteCount = 424:22
ConsensusMessage ByteCount = 1046916:15866
--- Measurements after 99000 ops (1000 samples) ---
Throughput = 4807.6924 operations/sec (Maximum observed: 4807.6924 ops/sec)
Total latency = 1.5932239303312E7 (+/- 0) us 
Consensus latency = 3107.632876 (+/- 2149) us 
Pre-consensus latency = 0.0 (+/- 0) us 
Pos-consensus latency = 1.5929621016712E7 (+/- 0) us 
Propose latency = 764.887925 (+/- 621) us 
Write latency = 371.28645 (+/- 362) us 
Accept latency = 1971.4585009999998 (+/- 2040) us 
Batch average size = NaN (+/- 0) requests
LCMessage ByteCount = 40:8
TOMMessage ByteCount = 57740083:101812
StandardSMMessage ByteCount = 424:22
ConsensusMessage ByteCount = 1058119:16035
--- Measurements after 100000 ops (1000 samples) ---
Throughput = 4629.6294 operations/sec (Maximum observed: 4807.6924 ops/sec)
Total latency = 1.609292181068E7 (+/- 0) us 
Consensus latency = 2713.1241069999996 (+/- 245) us 
Pre-consensus latency = 0.0 (+/- 0) us 
Pos-consensus latency = 1.6090571372047001E7 (+/- 0) us 
Propose latency = 604.053853 (+/- 113) us 
Write latency = 557.210539 (+/- 217) us 
Accept latency = 1551.859715 (+/- 126) us 
Batch average size = NaN (+/- 0) requests
LCMessage ByteCount = 40:8
TOMMessage ByteCount = 57740083:101812
StandardSMMessage ByteCount = 424:22
ConsensusMessage ByteCount = 1069999:16215
--- Measurements after 101000 ops (1000 samples) ---
Throughput = 4629.6294 operations/sec (Maximum observed: 4807.6924 ops/sec)
Total latency = 1.6249805115166001E7 (+/- 0) us 
Consensus latency = 2828.49648 (+/- 195) us 
Pre-consensus latency = 0.0 (+/- 0) us 
Pos-consensus latency = 1.6247386544600999E7 (+/- 0) us 
Propose latency = 677.498361 (+/- 121) us 
Write latency = 617.2041019999999 (+/- 134) us 
Accept latency = 1533.794017 (+/- 192) us 
Batch average size = NaN (+/- 0) requests
LCMessage ByteCount = 40:8
TOMMessage ByteCount = 57740083:101812
StandardSMMessage ByteCount = 424:22
ConsensusMessage ByteCount = 1081874:16395
--- Measurements after 102000 ops (1000 samples) ---
Throughput = 4807.6924 operations/sec (Maximum observed: 4807.6924 ops/sec)
Total latency = 1.6409206387389E7 (+/- 0) us 
Consensus latency = 2666.9121809999997 (+/- 248) us 
Pre-consensus latency = 0.0 (+/- 0) us 
Pos-consensus latency = 1.6406894978784E7 (+/- 0) us 
Propose latency = 593.236352 (+/- 47) us 
Write latency = 601.464127 (+/- 164) us 
Accept latency = 1472.211702 (+/- 125) us 
Batch average size = NaN (+/- 0) requests
LCMessage ByteCount = 40:8
TOMMessage ByteCount = 57740083:101812
StandardSMMessage ByteCount = 424:22
ConsensusMessage ByteCount = 1093163:16566
--- Measurements after 103000 ops (1000 samples) ---
Throughput = 4672.897 operations/sec (Maximum observed: 4807.6924 ops/sec)
Total latency = 1.6566528662431E7 (+/- 0) us 
Consensus latency = 2794.092374 (+/- 233) us 
Pre-consensus latency = 0.0 (+/- 0) us 
Pos-consensus latency = 1.65641244746E7 (+/- 0) us 
Propose latency = 631.9842140000001 (+/- 71) us 
Write latency = 662.2330400000001 (+/- 224) us 
Accept latency = 1499.8751200000002 (+/- 158) us 
Batch average size = NaN (+/- 0) requests
LCMessage ByteCount = 40:8
TOMMessage ByteCount = 57740083:101812
StandardSMMessage ByteCount = 424:22
ConsensusMessage ByteCount = 1104842:16743
--- Measurements after 104000 ops (1000 samples) ---
Throughput = 4672.897 operations/sec (Maximum observed: 4807.6924 ops/sec)
Total latency = 1.6722407903886E7 (+/- 0) us 
Consensus latency = 3502.7595770000003 (+/- 2123) us 
Pre-consensus latency = 0.0 (+/- 0) us 
Pos-consensus latency = 1.6719339847459E7 (+/- 0) us 
Propose latency = 730.502541 (+/- 201) us 
Write latency = 627.70169 (+/- 143) us 
Accept latency = 2144.555346 (+/- 2057) us 
Batch average size = NaN (+/- 0) requests
LCMessage ByteCount = 40:8
TOMMessage ByteCount = 57740083:101812
StandardSMMessage ByteCount = 424:22
ConsensusMessage ByteCount = 1115418:16904
--- Measurements after 105000 ops (1000 samples) ---
Throughput = 4784.689 operations/sec (Maximum observed: 4807.6924 ops/sec)
Total latency = 1.6880649018383E7 (+/- 0) us 
Consensus latency = 2907.9350750000003 (+/- 268) us 
Pre-consensus latency = 0.0 (+/- 0) us 
Pos-consensus latency = 1.6878134570637E7 (+/- 0) us 
Propose latency = 642.236111 (+/- 91) us 
Write latency = 716.03647 (+/- 187) us 
Accept latency = 1549.662494 (+/- 174) us 
Batch average size = NaN (+/- 0) requests
LCMessage ByteCount = 45:9
TOMMessage ByteCount = 57740083:101812
StandardSMMessage ByteCount = 424:22
ConsensusMessage ByteCount = 1127690:17090
--- Measurements after 106000 ops (1000 samples) ---
Throughput = 4629.6294 operations/sec (Maximum observed: 4807.6924 ops/sec)
Total latency = 1.7037357758207E7 (+/- 0) us 
Consensus latency = 2879.4599909999997 (+/- 364) us 
Pre-consensus latency = 0.0 (+/- 0) us 
Pos-consensus latency = 1.7034859132282E7 (+/- 0) us 
Propose latency = 634.7796979999999 (+/- 150) us 
Write latency = 735.771073 (+/- 272) us 
Accept latency = 1508.90922 (+/- 133) us 
Batch average size = NaN (+/- 0) requests
LCMessage ByteCount = 45:9
TOMMessage ByteCount = 57740083:101812
StandardSMMessage ByteCount = 424:22
ConsensusMessage ByteCount = 1139180:17264
--- Measurements after 107000 ops (1000 samples) ---
Throughput = 4784.689 operations/sec (Maximum observed: 4807.6924 ops/sec)
Total latency = 1.7195473694005E7 (+/- 0) us 
Consensus latency = 2780.551515 (+/- 142) us 
Pre-consensus latency = 0.0 (+/- 0) us 
Pos-consensus latency = 1.7193080143674E7 (+/- 0) us 
Propose latency = 629.150688 (+/- 49) us 
Write latency = 650.654499 (+/- 141) us 
Accept latency = 1500.746328 (+/- 115) us 
Batch average size = NaN (+/- 0) requests
LCMessage ByteCount = 45:9
TOMMessage ByteCount = 57740083:101812
StandardSMMessage ByteCount = 424:22
ConsensusMessage ByteCount = 1150266:17432
--- Measurements after 108000 ops (1000 samples) ---
Throughput = 4608.295 operations/sec (Maximum observed: 4807.6924 ops/sec)
Total latency = 1.7355319831778E7 (+/- 0) us 
Consensus latency = 3376.646514 (+/- 2161) us 
Pre-consensus latency = 0.0 (+/- 0) us 
Pos-consensus latency = 1.7352869180578E7 (+/- 0) us 
Propose latency = 1182.829862 (+/- 2268) us 
Write latency = 677.4002909999999 (+/- 223) us 
Accept latency = 1516.416361 (+/- 234) us 
Batch average size = NaN (+/- 0) requests
LCMessage ByteCount = 45:9
TOMMessage ByteCount = 57740083:101812
StandardSMMessage ByteCount = 424:22
ConsensusMessage ByteCount = 1162057:17610
--- Measurements after 109000 ops (1000 samples) ---
Throughput = 4629.6294 operations/sec (Maximum observed: 4807.6924 ops/sec)
Total latency = 1.7510228508777E7 (+/- 0) us 
Consensus latency = 2988.856151 (+/- 1132) us 
Pre-consensus latency = 0.0 (+/- 0) us 
Pos-consensus latency = 1.7507641380103E7 (+/- 0) us 
Propose latency = 654.931336 (+/- 105) us 
Write latency = 563.482123 (+/- 328) us 
Accept latency = 1770.442692 (+/- 944) us 
Batch average size = NaN (+/- 0) requests
LCMessage ByteCount = 45:9
TOMMessage ByteCount = 57740083:101812
StandardSMMessage ByteCount = 424:22
ConsensusMessage ByteCount = 1172957:17775
--- Measurements after 110000 ops (1000 samples) ---
Throughput = 4807.6924 operations/sec (Maximum observed: 4807.6924 ops/sec)
Total latency = 1.7668381977441E7 (+/- 0) us 
Consensus latency = 2591.885933 (+/- 281) us 
Pre-consensus latency = 0.0 (+/- 0) us 
Pos-consensus latency = 1.7666165405881E7 (+/- 0) us 
Propose latency = 630.1648240000001 (+/- 45) us 
Write latency = 460.983626 (+/- 247) us 
Accept latency = 1500.737483 (+/- 199) us 
Batch average size = NaN (+/- 0) requests
LCMessage ByteCount = 45:9
TOMMessage ByteCount = 57740083:101812
StandardSMMessage ByteCount = 424:22
ConsensusMessage ByteCount = 1184050:17943
--- Measurements after 111000 ops (1000 samples) ---
Throughput = 4651.1626 operations/sec (Maximum observed: 4807.6924 ops/sec)
Total latency = 1.7827892306819E7 (+/- 0) us 
Consensus latency = 2655.787168 (+/- 180) us 
Pre-consensus latency = 0.0 (+/- 0) us 
Pos-consensus latency = 1.7825622935535E7 (+/- 0) us 
Propose latency = 652.042044 (+/- 119) us 
Write latency = 515.952818 (+/- 254) us 
Accept latency = 1487.792306 (+/- 193) us 
Batch average size = NaN (+/- 0) requests
LCMessage ByteCount = 45:9
TOMMessage ByteCount = 57740083:101812
StandardSMMessage ByteCount = 424:22
ConsensusMessage ByteCount = 1195735:18120
--- Measurements after 112000 ops (1000 samples) ---
Throughput = 4587.156 operations/sec (Maximum observed: 4807.6924 ops/sec)
Total latency = 1.798506219687E7 (+/- 0) us 
Consensus latency = 2693.5098909999997 (+/- 180) us 
Pre-consensus latency = 0.0 (+/- 0) us 
Pos-consensus latency = 1.7982713586802E7 (+/- 0) us 
Propose latency = 593.781601 (+/- 37) us 
Write latency = 571.523221 (+/- 214) us 
Accept latency = 1528.2050689999999 (+/- 176) us 
Batch average size = NaN (+/- 0) requests
LCMessage ByteCount = 45:9
TOMMessage ByteCount = 57740083:101812
StandardSMMessage ByteCount = 424:22
ConsensusMessage ByteCount = 1206821:18288
--- Measurements after 113000 ops (1000 samples) ---
Throughput = 4807.6924 operations/sec (Maximum observed: 4807.6924 ops/sec)
Total latency = 1.8141617030927E7 (+/- 0) us 
Consensus latency = 2681.353156 (+/- 294) us 
Pre-consensus latency = 0.0 (+/- 0) us 
Pos-consensus latency = 1.8139286536736E7 (+/- 0) us 
Propose latency = 612.050457 (+/- 101) us 
Write latency = 566.124809 (+/- 309) us 
Accept latency = 1503.17789 (+/- 136) us 
Batch average size = NaN (+/- 0) requests
LCMessage ByteCount = 45:9
TOMMessage ByteCount = 57740083:101812
StandardSMMessage ByteCount = 424:22
ConsensusMessage ByteCount = 1218390:18464
--- Measurements after 114000 ops (1000 samples) ---
Throughput = 4651.1626 operations/sec (Maximum observed: 4807.6924 ops/sec)
Total latency = 1.8300336262577E7 (+/- 0) us 
Consensus latency = 3054.260071 (+/- 1424) us 
Pre-consensus latency = 0.0 (+/- 0) us 
Pos-consensus latency = 1.8297654143808E7 (+/- 0) us 
Propose latency = 593.49968 (+/- 78) us 
Write latency = 558.316591 (+/- 206) us 
Accept latency = 1902.4438 (+/- 1391) us 
Batch average size = NaN (+/- 0) requests
LCMessage ByteCount = 50:10
TOMMessage ByteCount = 57740083:101812
StandardSMMessage ByteCount = 424:22
ConsensusMessage ByteCount = 1229281:18629
--- Measurements after 115000 ops (1000 samples) ---
Throughput = 4651.1626 operations/sec (Maximum observed: 4807.6924 ops/sec)
Total latency = 1.8453202941291E7 (+/- 0) us 
Consensus latency = 2687.910265 (+/- 419) us 
Pre-consensus latency = 0.0 (+/- 0) us 
Pos-consensus latency = 1.8450954583962E7 (+/- 0) us 
Propose latency = 719.081572 (+/- 213) us 
Write latency = 525.444899 (+/- 313) us 
Accept latency = 1443.383794 (+/- 148) us 
Batch average size = NaN (+/- 0) requests
LCMessage ByteCount = 50:10
TOMMessage ByteCount = 57740083:101812
StandardSMMessage ByteCount = 424:22
ConsensusMessage ByteCount = 1240526:18799
--- Measurements after 116000 ops (1000 samples) ---
Throughput = 4830.918 operations/sec (Maximum observed: 4830.918 ops/sec)
Total latency = 1.8609858588188E7 (+/- 0) us 
Consensus latency = 2486.64094 (+/- 273) us 
Pre-consensus latency = 0.0 (+/- 0) us 
Pos-consensus latency = 1.8607761239E7 (+/- 0) us 
Propose latency = 693.4227950000001 (+/- 250) us 
Write latency = 321.14787 (+/- 284) us 
Accept latency = 1472.0702749999998 (+/- 161) us 
Batch average size = NaN (+/- 0) requests
LCMessage ByteCount = 50:10
TOMMessage ByteCount = 57740083:101812
StandardSMMessage ByteCount = 424:22
ConsensusMessage ByteCount = 1251767:18969
--- Measurements after 117000 ops (1000 samples) ---
Throughput = 4651.1626 operations/sec (Maximum observed: 4830.918 ops/sec)
Total latency = 1.8769237371446997E7 (+/- 0) us 
Consensus latency = 2412.7299249999996 (+/- 220) us 
Pre-consensus latency = 0.0 (+/- 0) us 
Pos-consensus latency = 1.8767203763469003E7 (+/- 0) us 
Propose latency = 606.935951 (+/- 99) us 
Write latency = 350.59931 (+/- 205) us 
Accept latency = 1455.194664 (+/- 150) us 
Batch average size = NaN (+/- 0) requests
LCMessage ByteCount = 50:10
TOMMessage ByteCount = 57740083:101812
StandardSMMessage ByteCount = 424:22
ConsensusMessage ByteCount = 1263736:19151
--- Measurements after 118000 ops (1000 samples) ---
Throughput = 4672.897 operations/sec (Maximum observed: 4830.918 ops/sec)
Total latency = 1.8922938306766E7 (+/- 0) us 
Consensus latency = 3025.687148 (+/- 2554) us 
Pre-consensus latency = 0.0 (+/- 0) us 
Pos-consensus latency = 1.8920266705196E7 (+/- 0) us 
Propose latency = 572.412809 (+/- 53) us 
Write latency = 1005.7198950000001 (+/- 2714) us 
Accept latency = 1447.5544439999999 (+/- 237) us 
Batch average size = NaN (+/- 0) requests
LCMessage ByteCount = 50:10
TOMMessage ByteCount = 57740083:101812
StandardSMMessage ByteCount = 424:22
ConsensusMessage ByteCount = 1275528:19329
--- Measurements after 119000 ops (1000 samples) ---
Throughput = 4608.295 operations/sec (Maximum observed: 4830.918 ops/sec)
Total latency = 1.9081659462683998E7 (+/- 0) us 
Consensus latency = 2432.5112129999998 (+/- 143) us 
Pre-consensus latency = 0.0 (+/- 0) us 
Pos-consensus latency = 1.9079586344115E7 (+/- 0) us 
Propose latency = 584.200498 (+/- 76) us 
Write latency = 405.371101 (+/- 185) us 
Accept latency = 1442.9396140000001 (+/- 143) us 
Batch average size = NaN (+/- 0) requests
LCMessage ByteCount = 50:10
TOMMessage ByteCount = 57740083:101812
StandardSMMessage ByteCount = 424:22
ConsensusMessage ByteCount = 1287288:19508
--- Measurements after 120000 ops (1000 samples) ---
Throughput = 4739.3364 operations/sec (Maximum observed: 4830.918 ops/sec)
Total latency = 1.9243925144208E7 (+/- 0) us 
Consensus latency = 2860.438147 (+/- 1436) us 
Pre-consensus latency = 0.0 (+/- 0) us 
Pos-consensus latency = 1.9241443810551E7 (+/- 0) us 
Propose latency = 645.549303 (+/- 90) us 
Write latency = 323.53874099999996 (+/- 173) us 
Accept latency = 1891.350103 (+/- 1353) us 
Batch average size = NaN (+/- 0) requests
LCMessage ByteCount = 50:10
TOMMessage ByteCount = 57740083:101812
StandardSMMessage ByteCount = 424:22
ConsensusMessage ByteCount = 1298693:19680
--- Measurements after 121000 ops (1000 samples) ---
Throughput = 4651.1626 operations/sec (Maximum observed: 4830.918 ops/sec)
Total latency = 1.9403274989525E7 (+/- 0) us 
Consensus latency = 2628.63168 (+/- 238) us 
Pre-consensus latency = 0.0 (+/- 0) us 
Pos-consensus latency = 1.9401032257409E7 (+/- 0) us 
Propose latency = 645.46439 (+/- 119) us 
Write latency = 546.4268000000001 (+/- 116) us 
Accept latency = 1436.74049 (+/- 137) us 
Batch average size = NaN (+/- 0) requests
LCMessage ByteCount = 50:10
TOMMessage ByteCount = 57740083:101812
StandardSMMessage ByteCount = 424:22
ConsensusMessage ByteCount = 1310170:19854
--- Measurements after 122000 ops (1000 samples) ---
Throughput = 4629.6294 operations/sec (Maximum observed: 4830.918 ops/sec)
Total latency = 1.9560362894784E7 (+/- 0) us 
Consensus latency = 2528.010358 (+/- 131) us 
Pre-consensus latency = 0.0 (+/- 0) us 
Pos-consensus latency = 1.9558203896695998E7 (+/- 0) us 
Propose latency = 595.993156 (+/- 87) us 
Write latency = 539.066068 (+/- 143) us 
Accept latency = 1392.9511340000001 (+/- 127) us 
Batch average size = NaN (+/- 0) requests
LCMessage ByteCount = 50:10
TOMMessage ByteCount = 57740083:101812
StandardSMMessage ByteCount = 424:22
ConsensusMessage ByteCount = 1322052:20034
--- Measurements after 123000 ops (1000 samples) ---
Throughput = 4784.689 operations/sec (Maximum observed: 4830.918 ops/sec)
Total latency = 1.9718741448862E7 (+/- 0) us 
Consensus latency = 2566.234537 (+/- 278) us 
Pre-consensus latency = 0.0 (+/- 0) us 
Pos-consensus latency = 1.9716512808907002E7 (+/- 0) us 
Propose latency = 584.6686679999999 (+/- 89) us 
Write latency = 492.41229200000004 (+/- 307) us 
Accept latency = 1489.153577 (+/- 152) us 
Batch average size = NaN (+/- 0) requests
LCMessage ByteCount = 50:10
TOMMessage ByteCount = 57740083:101812
StandardSMMessage ByteCount = 424:22
ConsensusMessage ByteCount = 1332828:20198
--- Measurements after 124000 ops (1000 samples) ---
Throughput = 4651.1626 operations/sec (Maximum observed: 4830.918 ops/sec)
Total latency = 1.9877224734604E7 (+/- 0) us 
Consensus latency = 2606.153166 (+/- 202) us 
Pre-consensus latency = 0.0 (+/- 0) us 
Pos-consensus latency = 1.9874993154898997E7 (+/- 0) us 
Propose latency = 630.340358 (+/- 113) us 
Write latency = 505.98485999999997 (+/- 232) us 
Accept latency = 1469.827948 (+/- 148) us 
Batch average size = NaN (+/- 0) requests
LCMessage ByteCount = 50:10
TOMMessage ByteCount = 57740083:101812
StandardSMMessage ByteCount = 424:22
ConsensusMessage ByteCount = 1343837:20364
--- Measurements after 125000 ops (1000 samples) ---
Throughput = 4672.897 operations/sec (Maximum observed: 4830.918 ops/sec)
Total latency = 2.0031686790981997E7 (+/- 0) us 
Consensus latency = 2808.627202 (+/- 442) us 
Pre-consensus latency = 0.0 (+/- 0) us 
Pos-consensus latency = 2.0029265432655E7 (+/- 0) us 
Propose latency = 695.145222 (+/- 190) us 
Write latency = 632.8591650000001 (+/- 216) us 
Accept latency = 1480.622815 (+/- 167) us 
Batch average size = NaN (+/- 0) requests
LCMessage ByteCount = 50:10
TOMMessage ByteCount = 57740083:101812
StandardSMMessage ByteCount = 424:22
ConsensusMessage ByteCount = 1355722:20544
--- Measurements after 126000 ops (1000 samples) ---
Throughput = 4830.918 operations/sec (Maximum observed: 4830.918 ops/sec)
Total latency = 2.0189875656701E7 (+/- 0) us 
Consensus latency = 2600.843639 (+/- 225) us 
Pre-consensus latency = 0.0 (+/- 0) us 
Pos-consensus latency = 2.0187637507365003E7 (+/- 0) us 
Propose latency = 605.951189 (+/- 33) us 
Write latency = 511.30391499999996 (+/- 143) us 
Accept latency = 1483.5885349999999 (+/- 211) us 
Batch average size = NaN (+/- 0) requests
LCMessage ByteCount = 50:10
TOMMessage ByteCount = 57740083:101812
StandardSMMessage ByteCount = 424:22
ConsensusMessage ByteCount = 1367211:20718
--- Measurements after 127000 ops (1000 samples) ---
Throughput = 4651.1626 operations/sec (Maximum observed: 4830.918 ops/sec)
Total latency = 2.0347936874986E7 (+/- 0) us 
Consensus latency = 2800.255917 (+/- 1073) us 
Pre-consensus latency = 0.0 (+/- 0) us 
Pos-consensus latency = 2.0345522394066002E7 (+/- 0) us 
Propose latency = 628.9288819999999 (+/- 67) us 
Write latency = 685.556117 (+/- 235) us 
Accept latency = 1485.7709180000002 (+/- 1040) us 
Batch average size = NaN (+/- 0) requests
LCMessage ByteCount = 50:10
TOMMessage ByteCount = 57740083:101812
StandardSMMessage ByteCount = 424:22
ConsensusMessage ByteCount = 1378177:20885
--- Measurements after 128000 ops (1000 samples) ---
Throughput = 4629.6294 operations/sec (Maximum observed: 4830.918 ops/sec)
Total latency = 2.0503366540356E7 (+/- 0) us 
Consensus latency = 3244.3190040000004 (+/- 2857) us 
Pre-consensus latency = 0.0 (+/- 0) us 
Pos-consensus latency = 2.0500498057871E7 (+/- 0) us 
Propose latency = 614.688666 (+/- 55) us 
Write latency = 403.688964 (+/- 323) us 
Accept latency = 2225.941374 (+/- 2722) us 
Batch average size = NaN (+/- 0) requests
LCMessage ByteCount = 55:11
TOMMessage ByteCount = 57740083:101812
StandardSMMessage ByteCount = 424:22
ConsensusMessage ByteCount = 1390374:21069
--- Measurements after 129000 ops (1000 samples) ---
Throughput = 4629.6294 operations/sec (Maximum observed: 4830.918 ops/sec)
Total latency = 2.0663333687044997E7 (+/- 0) us 
Consensus latency = 2674.82585 (+/- 251) us 
Pre-consensus latency = 0.0 (+/- 0) us 
Pos-consensus latency = 2.0661031781051997E7 (+/- 0) us 
Propose latency = 622.82526 (+/- 58) us 
Write latency = 660.322924 (+/- 319) us 
Accept latency = 1391.677666 (+/- 233) us 
Batch average size = NaN (+/- 0) requests
LCMessage ByteCount = 55:11
TOMMessage ByteCount = 57740083:101812
StandardSMMessage ByteCount = 424:22
ConsensusMessage ByteCount = 1402534:21254
--- Measurements after 130000 ops (1000 samples) ---
Throughput = 4807.6924 operations/sec (Maximum observed: 4830.918 ops/sec)
Total latency = 2.0820357295137E7 (+/- 0) us 
Consensus latency = 2801.111409 (+/- 546) us 
Pre-consensus latency = 0.0 (+/- 0) us 
Pos-consensus latency = 2.0817999643396E7 (+/- 0) us 
Propose latency = 819.9308229999999 (+/- 523) us 
Write latency = 538.045247 (+/- 194) us 
Accept latency = 1443.135339 (+/- 142) us 
Batch average size = NaN (+/- 0) requests
LCMessage ByteCount = 55:11
TOMMessage ByteCount = 57740083:101812
StandardSMMessage ByteCount = 424:22
ConsensusMessage ByteCount = 1415716:21453
--- Measurements after 131000 ops (1000 samples) ---
Throughput = 4672.897 operations/sec (Maximum observed: 4830.918 ops/sec)
Total latency = 2.0977211202434E7 (+/- 0) us 
Consensus latency = 2852.905557 (+/- 327) us 
Pre-consensus latency = 0.0 (+/- 0) us 
Pos-consensus latency = 2.0974753078203E7 (+/- 0) us 
Propose latency = 691.688943 (+/- 260) us 
Write latency = 716.902725 (+/- 202) us 
Accept latency = 1444.313889 (+/- 198) us 
Batch average size = NaN (+/- 0) requests
LCMessage ByteCount = 55:11
TOMMessage ByteCount = 57740083:101812
StandardSMMessage ByteCount = 424:22
ConsensusMessage ByteCount = 1429564:21663
--- Measurements after 132000 ops (1000 samples) ---
Throughput = 4672.897 operations/sec (Maximum observed: 4830.918 ops/sec)
Total latency = 2.113017369686E7 (+/- 0) us 
Consensus latency = 3323.560014 (+/- 2816) us 
Pre-consensus latency = 0.0 (+/- 0) us 
Pos-consensus latency = 2.1127212692837004E7 (+/- 0) us 
Propose latency = 599.3489930000001 (+/- 64) us 
Write latency = 1255.34382 (+/- 2810) us 
Accept latency = 1468.8672009999998 (+/- 142) us 
Batch average size = NaN (+/- 0) requests
LCMessage ByteCount = 55:11
TOMMessage ByteCount = 57740083:101812
StandardSMMessage ByteCount = 424:22
ConsensusMessage ByteCount = 1442129:21854
--- Measurements after 133000 ops (1000 samples) ---
Throughput = 4854.369 operations/sec (Maximum observed: 4854.369 ops/sec)
Total latency = 2.1287550584847998E7 (+/- 0) us 
Consensus latency = 2515.185079 (+/- 272) us 
Pre-consensus latency = 0.0 (+/- 0) us 
Pos-consensus latency = 2.1285396800602E7 (+/- 0) us 
Propose latency = 567.55078 (+/- 63) us 
Write latency = 471.62177 (+/- 304) us 
Accept latency = 1476.012529 (+/- 101) us 
Batch average size = NaN (+/- 0) requests
LCMessage ByteCount = 55:11
TOMMessage ByteCount = 57740083:101812
StandardSMMessage ByteCount = 424:22
ConsensusMessage ByteCount = 1444025:21882
--- Measurements after 134000 ops (1000 samples) ---
Throughput = 4672.897 operations/sec (Maximum observed: 4854.369 ops/sec)
Total latency = 2.1442332682736002E7 (+/- 0) us 
Consensus latency = 2671.28539 (+/- 218) us 
Pre-consensus latency = 0.0 (+/- 0) us 
Pos-consensus latency = 2.1440007095285E7 (+/- 0) us 
Propose latency = 551.9389229999999 (+/- 64) us 
Write latency = 708.077356 (+/- 180) us 
Accept latency = 1411.269111 (+/- 147) us 
Batch average size = NaN (+/- 0) requests
LCMessage ByteCount = 55:11
TOMMessage ByteCount = 57740083:101812
StandardSMMessage ByteCount = 424:22
ConsensusMessage ByteCount = 1444025:21882
--- Measurements after 135000 ops (1000 samples) ---
Throughput = 4830.918 operations/sec (Maximum observed: 4854.369 ops/sec)
Total latency = 2.1597235980312E7 (+/- 0) us 
Consensus latency = 2597.8424410000002 (+/- 289) us 
Pre-consensus latency = 0.0 (+/- 0) us 
Pos-consensus latency = 2.1595074523575E7 (+/- 0) us 
Propose latency = 694.5891720000001 (+/- 129) us 
Write latency = 540.881158 (+/- 202) us 
Accept latency = 1362.3721110000001 (+/- 210) us 
Batch average size = NaN (+/- 0) requests
LCMessage ByteCount = 55:11
TOMMessage ByteCount = 57740083:101812
StandardSMMessage ByteCount = 424:22
ConsensusMessage ByteCount = 1444025:21882
--- Measurements after 136000 ops (1000 samples) ---
Throughput = 4694.8354 operations/sec (Maximum observed: 4854.369 ops/sec)
Total latency = 2.1753174594995E7 (+/- 0) us 
Consensus latency = 2495.85571 (+/- 210) us 
Pre-consensus latency = 0.0 (+/- 0) us 
Pos-consensus latency = 2.1751027795259997E7 (+/- 0) us 
Propose latency = 574.9181169999999 (+/- 81) us 
Write latency = 417.713734 (+/- 222) us 
Accept latency = 1503.223859 (+/- 162) us 
Batch average size = NaN (+/- 0) requests
LCMessage ByteCount = 55:11
TOMMessage ByteCount = 57740083:101812
StandardSMMessage ByteCount = 424:22
ConsensusMessage ByteCount = 1444025:21882
--- Measurements after 137000 ops (1000 samples) ---
Throughput = 4830.918 operations/sec (Maximum observed: 4854.369 ops/sec)
Total latency = 2.1905899856183E7 (+/- 0) us 
Consensus latency = 2912.360645 (+/- 1990) us 
Pre-consensus latency = 0.0 (+/- 0) us 
Pos-consensus latency = 2.1903348345912E7 (+/- 0) us 
Propose latency = 605.638391 (+/- 65) us 
Write latency = 942.803954 (+/- 2331) us 
Accept latency = 1363.9183 (+/- 374) us 
Batch average size = NaN (+/- 0) requests
LCMessage ByteCount = 55:11
TOMMessage ByteCount = 57740083:101812
StandardSMMessage ByteCount = 424:22
ConsensusMessage ByteCount = 1444025:21882
--- Measurements after 138000 ops (1000 samples) ---
Throughput = 4672.897 operations/sec (Maximum observed: 4854.369 ops/sec)
Total latency = 2.2064881837858003E7 (+/- 0) us 
Consensus latency = 2496.277376 (+/- 201) us 
Pre-consensus latency = 0.0 (+/- 0) us 
Pos-consensus latency = 2.2062738730148997E7 (+/- 0) us 
Propose latency = 590.922685 (+/- 60) us 
Write latency = 520.081231 (+/- 261) us 
Accept latency = 1385.27346 (+/- 205) us 
Batch average size = NaN (+/- 0) requests
LCMessage ByteCount = 55:11
TOMMessage ByteCount = 57740083:101812
StandardSMMessage ByteCount = 424:22
ConsensusMessage ByteCount = 1444025:21882
--- Measurements after 139000 ops (1000 samples) ---
Throughput = 4716.981 operations/sec (Maximum observed: 4854.369 ops/sec)
Total latency = 2.2216771038140997E7 (+/- 0) us 
Consensus latency = 2628.3923999999997 (+/- 251) us 
Pre-consensus latency = 0.0 (+/- 0) us 
Pos-consensus latency = 2.2214519562249E7 (+/- 0) us 
Propose latency = 616.891917 (+/- 52) us 
Write latency = 548.806851 (+/- 206) us 
Accept latency = 1462.693632 (+/- 105) us 
Batch average size = NaN (+/- 0) requests
LCMessage ByteCount = 55:11
TOMMessage ByteCount = 57740083:101812
StandardSMMessage ByteCount = 424:22
ConsensusMessage ByteCount = 1444025:21882
--- Measurements after 140000 ops (1000 samples) ---
Throughput = 4830.918 operations/sec (Maximum observed: 4854.369 ops/sec)
Total latency = 2.2371803992798E7 (+/- 0) us 
Consensus latency = 2942.606715 (+/- 415) us 
Pre-consensus latency = 0.0 (+/- 0) us 
Pos-consensus latency = 2.2369331252402E7 (+/- 0) us 
Propose latency = 793.918594 (+/- 306) us 
Write latency = 666.3977600000001 (+/- 246) us 
Accept latency = 1482.290361 (+/- 175) us 
Batch average size = NaN (+/- 0) requests
LCMessage ByteCount = 55:11
TOMMessage ByteCount = 57740083:101812
StandardSMMessage ByteCount = 424:22
ConsensusMessage ByteCount = 1444025:21882
--- Measurements after 141000 ops (1000 samples) ---
Throughput = 4716.981 operations/sec (Maximum observed: 4854.369 ops/sec)
Total latency = 2.25264543134E7 (+/- 0) us 
Consensus latency = 2564.951454 (+/- 251) us 
Pre-consensus latency = 0.0 (+/- 0) us 
Pos-consensus latency = 2.2524275803945E7 (+/- 0) us 
Propose latency = 647.141524 (+/- 62) us 
Write latency = 434.853923 (+/- 213) us 
Accept latency = 1482.956007 (+/- 187) us 
Batch average size = NaN (+/- 0) requests
LCMessage ByteCount = 55:11
TOMMessage ByteCount = 57740083:101812
StandardSMMessage ByteCount = 424:22
ConsensusMessage ByteCount = 1444025:21882
--- Measurements after 142000 ops (1000 samples) ---
Throughput = 4830.918 operations/sec (Maximum observed: 4854.369 ops/sec)
Total latency = 2.2680452922131002E7 (+/- 0) us 
Consensus latency = 3320.709307 (+/- 2193) us 
Pre-consensus latency = 0.0 (+/- 0) us 
Pos-consensus latency = 2.2677626741947E7 (+/- 0) us 
Propose latency = 847.998019 (+/- 500) us 
Write latency = 877.681718 (+/- 1656) us 
Accept latency = 1595.0295700000001 (+/- 603) us 
Batch average size = NaN (+/- 0) requests
LCMessage ByteCount = 55:11
TOMMessage ByteCount = 57740083:101812
StandardSMMessage ByteCount = 424:22
ConsensusMessage ByteCount = 1444025:21882
--- Measurements after 143000 ops (1000 samples) ---
Throughput = 4694.8354 operations/sec (Maximum observed: 4854.369 ops/sec)
Total latency = 2.2835092891939E7 (+/- 0) us 
Consensus latency = 2649.705085 (+/- 247) us 
Pre-consensus latency = 0.0 (+/- 0) us 
Pos-consensus latency = 2.2832804462166E7 (+/- 0) us 
Propose latency = 582.7310180000001 (+/- 83) us 
Write latency = 698.850368 (+/- 211) us 
Accept latency = 1368.123699 (+/- 211) us 
Batch average size = NaN (+/- 0) requests
LCMessage ByteCount = 55:11
TOMMessage ByteCount = 57740083:101812
StandardSMMessage ByteCount = 424:22
ConsensusMessage ByteCount = 1444025:21882
--- Measurements after 144000 ops (1000 samples) ---
Throughput = 4830.918 operations/sec (Maximum observed: 4854.369 ops/sec)
Total latency = 2.2988444631088E7 (+/- 0) us 
Consensus latency = 2638.923499 (+/- 311) us 
Pre-consensus latency = 0.0 (+/- 0) us 
Pos-consensus latency = 2.2986161783115003E7 (+/- 0) us 
Propose latency = 555.8332839999999 (+/- 77) us 
Write latency = 668.959433 (+/- 266) us 
Accept latency = 1414.130782 (+/- 153) us 
Batch average size = NaN (+/- 0) requests
LCMessage ByteCount = 55:11
TOMMessage ByteCount = 57740083:101812
StandardSMMessage ByteCount = 424:22
ConsensusMessage ByteCount = 1444025:21882
--- Measurements after 145000 ops (1000 samples) ---
Throughput = 4716.981 operations/sec (Maximum observed: 4854.369 ops/sec)
Total latency = 2.3141630570703E7 (+/- 0) us 
Consensus latency = 2978.300872 (+/- 480) us 
Pre-consensus latency = 0.0 (+/- 0) us 
Pos-consensus latency = 2.3139211462493E7 (+/- 0) us 
Propose latency = 967.0918760000001 (+/- 543) us 
Write latency = 661.69578 (+/- 198) us 
Accept latency = 1349.513216 (+/- 230) us 
Batch average size = NaN (+/- 0) requests
LCMessage ByteCount = 55:11
TOMMessage ByteCount = 57740083:101812
StandardSMMessage ByteCount = 424:22
ConsensusMessage ByteCount = 1444025:21882
--- Measurements after 146000 ops (1000 samples) ---
Throughput = 4854.369 operations/sec (Maximum observed: 4854.369 ops/sec)
Total latency = 2.3297126413478002E7 (+/- 0) us 
Consensus latency = 2700.069335 (+/- 210) us 
Pre-consensus latency = 0.0 (+/- 0) us 
Pos-consensus latency = 2.3294773292641E7 (+/- 0) us 
Propose latency = 546.157282 (+/- 81) us 
Write latency = 678.056674 (+/- 261) us 
Accept latency = 1475.8553789999999 (+/- 206) us 
Batch average size = NaN (+/- 0) requests
LCMessage ByteCount = 55:11
TOMMessage ByteCount = 57740083:101812
StandardSMMessage ByteCount = 424:22
ConsensusMessage ByteCount = 1444025:21882
--- Measurements after 147000 ops (1000 samples) ---
Throughput = 4716.981 operations/sec (Maximum observed: 4854.369 ops/sec)
Total latency = 2.3450923266781E7 (+/- 0) us 
Consensus latency = 2659.756832 (+/- 353) us 
Pre-consensus latency = 0.0 (+/- 0) us 
Pos-consensus latency = 2.3448678253211E7 (+/- 0) us 
Propose latency = 653.512839 (+/- 109) us 
Write latency = 611.6363789999999 (+/- 392) us 
Accept latency = 1394.607614 (+/- 130) us 
Batch average size = NaN (+/- 0) requests
LCMessage ByteCount = 55:11
TOMMessage ByteCount = 57740083:101812
StandardSMMessage ByteCount = 424:22
ConsensusMessage ByteCount = 1444025:21882
--- Measurements after 148000 ops (1000 samples) ---
Throughput = 4716.981 operations/sec (Maximum observed: 4854.369 ops/sec)
Total latency = 2.3603750528485E7 (+/- 0) us 
Consensus latency = 2684.600065 (+/- 249) us 
Pre-consensus latency = 0.0 (+/- 0) us 
Pos-consensus latency = 2.3601441766712002E7 (+/- 0) us 
Propose latency = 651.4445330000001 (+/- 65) us 
Write latency = 610.5335 (+/- 184) us 
Accept latency = 1422.622032 (+/- 192) us 
Batch average size = NaN (+/- 0) requests
LCMessage ByteCount = 55:11
TOMMessage ByteCount = 57740083:101812
StandardSMMessage ByteCount = 424:22
ConsensusMessage ByteCount = 1444025:21882
--- Measurements after 149000 ops (1000 samples) ---
Throughput = 4830.918 operations/sec (Maximum observed: 4854.369 ops/sec)
Total latency = 2.3757421464091E7 (+/- 0) us 
Consensus latency = 2639.960031 (+/- 203) us 
Pre-consensus latency = 0.0 (+/- 0) us 
Pos-consensus latency = 2.3755152755351003E7 (+/- 0) us 
Propose latency = 613.412396 (+/- 80) us 
Write latency = 543.968252 (+/- 225) us 
Accept latency = 1482.579383 (+/- 137) us 
Batch average size = NaN (+/- 0) requests
LCMessage ByteCount = 55:11
TOMMessage ByteCount = 57740083:101812
StandardSMMessage ByteCount = 424:22
ConsensusMessage ByteCount = 1444025:21882
--- Measurements after 150000 ops (1000 samples) ---
Throughput = 4672.897 operations/sec (Maximum observed: 4854.369 ops/sec)
Total latency = 2.3909657731732E7 (+/- 0) us 
Consensus latency = 2674.262741 (+/- 248) us 
Pre-consensus latency = 0.0 (+/- 0) us 
Pos-consensus latency = 2.3907354704377998E7 (+/- 0) us 
Propose latency = 623.098778 (+/- 144) us 
Write latency = 497.937295 (+/- 311) us 
Accept latency = 1553.226668 (+/- 81) us 
Batch average size = NaN (+/- 0) requests
LCMessage ByteCount = 55:11
TOMMessage ByteCount = 57740083:101812
StandardSMMessage ByteCount = 424:22
ConsensusMessage ByteCount = 1444025:21882
--- Measurements after 151000 ops (1000 samples) ---
Throughput = 4854.369 operations/sec (Maximum observed: 4854.369 ops/sec)
Total latency = 2.4065664577395E7 (+/- 0) us 
Consensus latency = 3016.00034 (+/- 1875) us 
Pre-consensus latency = 0.0 (+/- 0) us 
Pos-consensus latency = 2.4063039671112E7 (+/- 0) us 
Propose latency = 631.316765 (+/- 119) us 
Write latency = 971.9358050000001 (+/- 1816) us 
Accept latency = 1412.74777 (+/- 167) us 
Batch average size = NaN (+/- 0) requests
LCMessage ByteCount = 55:11
TOMMessage ByteCount = 57740083:101812
StandardSMMessage ByteCount = 424:22
ConsensusMessage ByteCount = 1444025:21882
--- Measurements after 152000 ops (1000 samples) ---
Throughput = 4739.3364 operations/sec (Maximum observed: 4854.369 ops/sec)
Total latency = 2.4221473418585E7 (+/- 0) us 
Consensus latency = 2509.114749 (+/- 407) us 
Pre-consensus latency = 0.0 (+/- 0) us 
Pos-consensus latency = 2.4219336495435003E7 (+/- 0) us 
Propose latency = 591.715821 (+/- 80) us 
Write latency = 437.98578200000003 (+/- 300) us 
Accept latency = 1479.4131459999999 (+/- 179) us 
Batch average size = NaN (+/- 0) requests
LCMessage ByteCount = 55:11
TOMMessage ByteCount = 57740083:101812
StandardSMMessage ByteCount = 424:22
ConsensusMessage ByteCount = 1444025:21882
--- Measurements after 153000 ops (1000 samples) ---
Throughput = 4854.369 operations/sec (Maximum observed: 4854.369 ops/sec)
Total latency = 2.4375857047998E7 (+/- 0) us 
Consensus latency = 2666.7957370000004 (+/- 300) us 
Pre-consensus latency = 0.0 (+/- 0) us 
Pos-consensus latency = 2.4373563685233E7 (+/- 0) us 
Propose latency = 626.287612 (+/- 65) us 
Write latency = 623.508473 (+/- 262) us 
Accept latency = 1416.999652 (+/- 162) us 
Batch average size = NaN (+/- 0) requests
LCMessage ByteCount = 55:11
TOMMessage ByteCount = 57740083:101812
StandardSMMessage ByteCount = 424:22
ConsensusMessage ByteCount = 1444025:21882
--- Measurements after 154000 ops (1000 samples) ---
Throughput = 4545.4546 operations/sec (Maximum observed: 4854.369 ops/sec)
Total latency = 2.4536350340802E7 (+/- 0) us 
Consensus latency = 2677.571689 (+/- 186) us 
Pre-consensus latency = 0.0 (+/- 0) us 
Pos-consensus latency = 2.4534025345112998E7 (+/- 0) us 
Propose latency = 600.161019 (+/- 50) us 
Write latency = 631.967887 (+/- 213) us 
Accept latency = 1445.442783 (+/- 153) us 
Batch average size = NaN (+/- 0) requests
LCMessage ByteCount = 55:11
TOMMessage ByteCount = 57740083:101812
StandardSMMessage ByteCount = 424:22
ConsensusMessage ByteCount = 1444025:21882
--- Measurements after 155000 ops (1000 samples) ---
Throughput = 4694.8354 operations/sec (Maximum observed: 4854.369 ops/sec)
Total latency = 2.4691386977888E7 (+/- 0) us 
Consensus latency = 2748.701484 (+/- 255) us 
Pre-consensus latency = 0.0 (+/- 0) us 
Pos-consensus latency = 2.4689018318629E7 (+/- 0) us 
Propose latency = 691.775674 (+/- 257) us 
Write latency = 555.437895 (+/- 190) us 
Accept latency = 1501.487915 (+/- 230) us 
Batch average size = NaN (+/- 0) requests
LCMessage ByteCount = 55:11
TOMMessage ByteCount = 57740083:101812
StandardSMMessage ByteCount = 424:22
ConsensusMessage ByteCount = 1444025:21882
--- Measurements after 156000 ops (1000 samples) ---
Throughput = 4830.918 operations/sec (Maximum observed: 4854.369 ops/sec)
Total latency = 2.4845806940330002E7 (+/- 0) us 
Consensus latency = 3014.4204670000004 (+/- 1486) us 
Pre-consensus latency = 0.0 (+/- 0) us 
Pos-consensus latency = 2.4843195662657E7 (+/- 0) us 
Propose latency = 660.363674 (+/- 176) us 
Write latency = 454.733161 (+/- 263) us 
Accept latency = 1899.323632 (+/- 1382) us 
Batch average size = NaN (+/- 0) requests
LCMessage ByteCount = 55:11
TOMMessage ByteCount = 57740083:101812
StandardSMMessage ByteCount = 424:22
ConsensusMessage ByteCount = 1444025:21882
--- Measurements after 157000 ops (1000 samples) ---
Throughput = 4694.8354 operations/sec (Maximum observed: 4854.369 ops/sec)
Total latency = 2.4999966415821E7 (+/- 0) us 
Consensus latency = 2506.957068 (+/- 287) us 
Pre-consensus latency = 0.0 (+/- 0) us 
Pos-consensus latency = 2.4997804427146E7 (+/- 0) us 
Propose latency = 584.309718 (+/- 81) us 
Write latency = 486.712282 (+/- 296) us 
Accept latency = 1435.935068 (+/- 130) us 
Batch average size = NaN (+/- 0) requests
LCMessage ByteCount = 55:11
TOMMessage ByteCount = 57740083:101812
StandardSMMessage ByteCount = 424:22
ConsensusMessage ByteCount = 1444025:21882
--- Measurements after 158000 ops (1000 samples) ---
Throughput = 4854.369 operations/sec (Maximum observed: 4854.369 ops/sec)
Total latency = 2.5156410886429E7 (+/- 0) us 
Consensus latency = 2704.660862 (+/- 234) us 
Pre-consensus latency = 0.0 (+/- 0) us 
Pos-consensus latency = 2.5154083942945E7 (+/- 0) us 
Propose latency = 610.8435 (+/- 77) us 
Write latency = 580.22609 (+/- 305) us 
Accept latency = 1513.5912720000001 (+/- 181) us 
Batch average size = NaN (+/- 0) requests
LCMessage ByteCount = 55:11
TOMMessage ByteCount = 57740083:101812
StandardSMMessage ByteCount = 424:22
ConsensusMessage ByteCount = 1444025:21882
--- Measurements after 159000 ops (1000 samples) ---
Throughput = 4739.3364 operations/sec (Maximum observed: 4854.369 ops/sec)
Total latency = 2.5308429447633E7 (+/- 0) us 
Consensus latency = 2427.507585 (+/- 220) us 
Pre-consensus latency = 0.0 (+/- 0) us 
Pos-consensus latency = 2.5306373820047002E7 (+/- 0) us 
Propose latency = 628.1860720000001 (+/- 67) us 
Write latency = 497.844957 (+/- 189) us 
Accept latency = 1301.476556 (+/- 160) us 
Batch average size = NaN (+/- 0) requests
LCMessage ByteCount = 55:11
TOMMessage ByteCount = 57740083:101812
StandardSMMessage ByteCount = 424:22
ConsensusMessage ByteCount = 1444025:21882
--- Measurements after 160000 ops (1000 samples) ---
Throughput = 4830.918 operations/sec (Maximum observed: 4854.369 ops/sec)
Total latency = 2.5461452206818E7 (+/- 0) us 
Consensus latency = 2744.129366 (+/- 387) us 
Pre-consensus latency = 0.0 (+/- 0) us 
Pos-consensus latency = 2.5459138166131E7 (+/- 0) us 
Propose latency = 725.9424250000001 (+/- 237) us 
Write latency = 616.6911759999999 (+/- 235) us 
Accept latency = 1401.495765 (+/- 145) us 
Batch average size = NaN (+/- 0) requests
LCMessage ByteCount = 55:11
TOMMessage ByteCount = 57740083:101812
StandardSMMessage ByteCount = 424:22
ConsensusMessage ByteCount = 1444025:21882
--- Measurements after 161000 ops (1000 samples) ---
Throughput = 4739.3364 operations/sec (Maximum observed: 4854.369 ops/sec)
Total latency = 2.5613912083317E7 (+/- 0) us 
Consensus latency = 3014.055133 (+/- 2352) us 
Pre-consensus latency = 0.0 (+/- 0) us 
Pos-consensus latency = 2.5611270535258E7 (+/- 0) us 
Propose latency = 609.1601330000001 (+/- 90) us 
Write latency = 315.440838 (+/- 228) us 
Accept latency = 2089.454162 (+/- 2329) us 
Batch average size = NaN (+/- 0) requests
LCMessage ByteCount = 55:11
TOMMessage ByteCount = 57740083:101812
StandardSMMessage ByteCount = 424:22
ConsensusMessage ByteCount = 1444025:21882
--- Measurements after 162000 ops (1000 samples) ---
Throughput = 4830.918 operations/sec (Maximum observed: 4854.369 ops/sec)
Total latency = 2.5768484019585997E7 (+/- 0) us 
Consensus latency = 2512.513194 (+/- 207) us 
Pre-consensus latency = 0.0 (+/- 0) us 
Pos-consensus latency = 2.5766361808506E7 (+/- 0) us 
Propose latency = 634.917446 (+/- 79) us 
Write latency = 397.736766 (+/- 185) us 
Accept latency = 1479.858982 (+/- 170) us 
Batch average size = NaN (+/- 0) requests
LCMessage ByteCount = 55:11
TOMMessage ByteCount = 57740083:101812
StandardSMMessage ByteCount = 424:22
ConsensusMessage ByteCount = 1444025:21882
--- Measurements after 163000 ops (1000 samples) ---
Throughput = 4761.905 operations/sec (Maximum observed: 4854.369 ops/sec)
Total latency = 2.5920696676792E7 (+/- 0) us 
Consensus latency = 2558.440846 (+/- 296) us 
Pre-consensus latency = 0.0 (+/- 0) us 
Pos-consensus latency = 2.5918497596485E7 (+/- 0) us 
Propose latency = 586.583039 (+/- 74) us 
Write latency = 524.382581 (+/- 297) us 
Accept latency = 1447.475226 (+/- 265) us 
Batch average size = NaN (+/- 0) requests
LCMessage ByteCount = 55:11
TOMMessage ByteCount = 57740083:101812
StandardSMMessage ByteCount = 424:22
ConsensusMessage ByteCount = 1444025:21882
--- Measurements after 164000 ops (1000 samples) ---
Throughput = 5128.205 operations/sec (Maximum observed: 5128.205 ops/sec)
Total latency = 2.6071950671138E7 (+/- 0) us 
Consensus latency = 3266.115903 (+/- 1531) us 
Pre-consensus latency = 0.0 (+/- 0) us 
Pos-consensus latency = 2.6069092914625E7 (+/- 0) us 
Propose latency = 678.884698 (+/- 138) us 
Write latency = 755.566514 (+/- 392) us 
Accept latency = 1831.6646910000002 (+/- 1371) us 
Batch average size = NaN (+/- 0) requests
LCMessage ByteCount = 55:11
TOMMessage ByteCount = 57740083:101812
StandardSMMessage ByteCount = 424:22
ConsensusMessage ByteCount = 1444025:21882
--- Measurements after 165000 ops (1000 samples) ---
Throughput = 8264.463 operations/sec (Maximum observed: 8264.463 ops/sec)
Total latency = 2.6167325615475E7 (+/- 0) us 
Consensus latency = 2734.083591 (+/- 451) us 
Pre-consensus latency = 0.0 (+/- 0) us 
Pos-consensus latency = 2.6164995660166E7 (+/- 0) us 
Propose latency = 780.4779470000001 (+/- 359) us 
Write latency = 498.681152 (+/- 150) us 
Accept latency = 1454.924492 (+/- 146) us 
Batch average size = NaN (+/- 0) requests
LCMessage ByteCount = 55:11
TOMMessage ByteCount = 57740083:101812
StandardSMMessage ByteCount = 424:22
ConsensusMessage ByteCount = 1444025:21882
--- Measurements after 166000 ops (1000 samples) ---
Throughput = 8849.558 operations/sec (Maximum observed: 8849.558 ops/sec)
Total latency = 2.6227052939900003E7 (+/- 0) us 
Consensus latency = 3136.963747 (+/- 2584) us 
Pre-consensus latency = 0.0 (+/- 0) us 
Pos-consensus latency = 2.6224301622726E7 (+/- 0) us 
Propose latency = 639.3234520000001 (+/- 76) us 
Write latency = 319.97941 (+/- 225) us 
Accept latency = 2177.660885 (+/- 2498) us 
Batch average size = NaN (+/- 0) requests
LCMessage ByteCount = 55:11
TOMMessage ByteCount = 57740083:101812
StandardSMMessage ByteCount = 424:22
ConsensusMessage ByteCount = 1444025:21882
--- Measurements after 167000 ops (1000 samples) ---
Throughput = 8264.463 operations/sec (Maximum observed: 8849.558 ops/sec)
Total latency = 2.6289250094372E7 (+/- 0) us 
Consensus latency = 2643.555943 (+/- 246) us 
Pre-consensus latency = 0.0 (+/- 0) us 
Pos-consensus latency = 2.6286957562814E7 (+/- 0) us 
Propose latency = 591.43085 (+/- 57) us 
Write latency = 586.194645 (+/- 173) us 
Accept latency = 1465.930448 (+/- 138) us 
Batch average size = NaN (+/- 0) requests
LCMessage ByteCount = 55:11
TOMMessage ByteCount = 57740083:101812
StandardSMMessage ByteCount = 424:22
ConsensusMessage ByteCount = 1444025:21882
--- Measurements after 168000 ops (1000 samples) ---
Throughput = 8928.571 operations/sec (Maximum observed: 8928.571 ops/sec)
Total latency = 2.6350085195497002E7 (+/- 0) us 
Consensus latency = 2518.311415 (+/- 200) us 
Pre-consensus latency = 0.0 (+/- 0) us 
Pos-consensus latency = 2.6347935516532E7 (+/- 0) us 
Propose latency = 567.682521 (+/- 92) us 
Write latency = 511.937192 (+/- 220) us 
Accept latency = 1438.691702 (+/- 145) us 
Batch average size = NaN (+/- 0) requests
LCMessage ByteCount = 55:11
TOMMessage ByteCount = 57740083:101812
StandardSMMessage ByteCount = 424:22
ConsensusMessage ByteCount = 1444025:21882
--- Measurements after 169000 ops (1000 samples) ---
Throughput = 8264.463 operations/sec (Maximum observed: 8928.571 ops/sec)
Total latency = 2.6409328671981998E7 (+/- 0) us 
Consensus latency = 3558.446659 (+/- 2363) us 
Pre-consensus latency = 0.0 (+/- 0) us 
Pos-consensus latency = 2.6406249627836E7 (+/- 0) us 
Propose latency = 958.395478 (+/- 545) us 
Write latency = 1116.4602830000001 (+/- 2392) us 
Accept latency = 1483.5908980000002 (+/- 101) us 
Batch average size = NaN (+/- 0) requests
LCMessage ByteCount = 55:11
TOMMessage ByteCount = 57740083:101812
StandardSMMessage ByteCount = 424:22
ConsensusMessage ByteCount = 1444025:21882
--- Measurements after 170000 ops (1000 samples) ---
Throughput = 8547.009 operations/sec (Maximum observed: 8928.571 ops/sec)
Total latency = 2.6470853772432998E7 (+/- 0) us 
Consensus latency = 2771.726446 (+/- 311) us 
Pre-consensus latency = 0.0 (+/- 0) us 
Pos-consensus latency = 2.6468526675765E7 (+/- 0) us 
Propose latency = 735.787596 (+/- 241) us 
Write latency = 531.965688 (+/- 197) us 
Accept latency = 1503.973162 (+/- 145) us 
Batch average size = NaN (+/- 0) requests
LCMessage ByteCount = 55:11
TOMMessage ByteCount = 57740083:101812
StandardSMMessage ByteCount = 424:22
ConsensusMessage ByteCount = 1444025:21882
--- Measurements after 171000 ops (1000 samples) ---
Throughput = 8771.93 operations/sec (Maximum observed: 8928.571 ops/sec)
Total latency = 2.6531121339251E7 (+/- 0) us 
Consensus latency = 2461.154088 (+/- 315) us 
Pre-consensus latency = 0.0 (+/- 0) us 
Pos-consensus latency = 2.6529055411488E7 (+/- 0) us 
Propose latency = 647.4723789999999 (+/- 178) us 
Write latency = 382.72074 (+/- 253) us 
Accept latency = 1430.960969 (+/- 161) us 
Batch average size = NaN (+/- 0) requests
LCMessage ByteCount = 55:11
TOMMessage ByteCount = 57740083:101812
StandardSMMessage ByteCount = 424:22
ConsensusMessage ByteCount = 1444025:21882
--- Measurements after 172000 ops (1000 samples) ---
Throughput = 8928.571 operations/sec (Maximum observed: 8928.571 ops/sec)
Total latency = 2.6589534570552E7 (+/- 0) us 
Consensus latency = 2512.679179 (+/- 199) us 
Pre-consensus latency = 0.0 (+/- 0) us 
Pos-consensus latency = 2.6587376021266E7 (+/- 0) us 
Propose latency = 607.225897 (+/- 48) us 
Write latency = 446.83953399999996 (+/- 214) us 
Accept latency = 1458.613748 (+/- 132) us 
Batch average size = NaN (+/- 0) requests
LCMessage ByteCount = 55:11
TOMMessage ByteCount = 57740083:101812
StandardSMMessage ByteCount = 424:22
ConsensusMessage ByteCount = 1444025:21882
--- Measurements after 173000 ops (1000 samples) ---
Throughput = 8547.009 operations/sec (Maximum observed: 8928.571 ops/sec)
Total latency = 2.6649284527873002E7 (+/- 0) us 
Consensus latency = 2612.729776 (+/- 246) us 
Pre-consensus latency = 0.0 (+/- 0) us 
Pos-consensus latency = 2.6647030367706E7 (+/- 0) us 
Propose latency = 597.4279 (+/- 65) us 
Write latency = 667.497204 (+/- 180) us 
Accept latency = 1347.804672 (+/- 203) us 
Batch average size = NaN (+/- 0) requests
LCMessage ByteCount = 55:11
TOMMessage ByteCount = 57740083:101812
StandardSMMessage ByteCount = 424:22
ConsensusMessage ByteCount = 1444025:21882
--- Measurements after 174000 ops (1000 samples) ---
Throughput = 8849.558 operations/sec (Maximum observed: 8928.571 ops/sec)
Total latency = 2.6707830586503E7 (+/- 0) us 
Consensus latency = 2518.628503 (+/- 229) us 
Pre-consensus latency = 0.0 (+/- 0) us 
Pos-consensus latency = 2.6705681377154E7 (+/- 0) us 
Propose latency = 624.315216 (+/- 41) us 
Write latency = 584.876473 (+/- 106) us 
Accept latency = 1309.436814 (+/- 241) us 
Batch average size = NaN (+/- 0) requests
LCMessage ByteCount = 55:11
TOMMessage ByteCount = 57740083:101812
StandardSMMessage ByteCount = 424:22
ConsensusMessage ByteCount = 1444025:21882
--- Measurements after 175000 ops (1000 samples) ---
Throughput = 8474.576 operations/sec (Maximum observed: 8928.571 ops/sec)
Total latency = 2.6765549972306E7 (+/- 0) us 
Consensus latency = 2712.93194 (+/- 421) us 
Pre-consensus latency = 0.0 (+/- 0) us 
Pos-consensus latency = 2.6763443905046E7 (+/- 0) us 
Propose latency = 928.917846 (+/- 388) us 
Write latency = 288.450553 (+/- 317) us 
Accept latency = 1495.563541 (+/- 225) us 
Batch average size = NaN (+/- 0) requests
LCMessage ByteCount = 55:11
TOMMessage ByteCount = 57740083:101812
StandardSMMessage ByteCount = 424:22
ConsensusMessage ByteCount = 1444025:21882
--- Measurements after 176000 ops (1000 samples) ---
Throughput = 8771.93 operations/sec (Maximum observed: 8928.571 ops/sec)
Total latency = 2.6828544975149E7 (+/- 0) us 
Consensus latency = 2274.182091 (+/- 218) us 
Pre-consensus latency = 0.0 (+/- 0) us 
Pos-consensus latency = 2.6826629995911E7 (+/- 0) us 
Propose latency = 578.871604 (+/- 96) us 
Write latency = 361.09229999999997 (+/- 246) us 
Accept latency = 1334.218187 (+/- 177) us 
Batch average size = NaN (+/- 0) requests
LCMessage ByteCount = 55:11
TOMMessage ByteCount = 57740083:101812
StandardSMMessage ByteCount = 424:22
ConsensusMessage ByteCount = 1444025:21882
--- Measurements after 177000 ops (1000 samples) ---
Throughput = 8333.333 operations/sec (Maximum observed: 8928.571 ops/sec)
Total latency = 2.6891391654841E7 (+/- 0) us 
Consensus latency = 2494.0953 (+/- 226) us 
Pre-consensus latency = 0.0 (+/- 0) us 
Pos-consensus latency = 2.6889249712780997E7 (+/- 0) us 
Propose latency = 599.394157 (+/- 78) us 
Write latency = 438.9482 (+/- 189) us 
Accept latency = 1455.752943 (+/- 155) us 
Batch average size = NaN (+/- 0) requests
LCMessage ByteCount = 55:11
TOMMessage ByteCount = 57740083:101812
StandardSMMessage ByteCount = 424:22
ConsensusMessage ByteCount = 1444025:21882
--- Measurements after 178000 ops (1000 samples) ---
Throughput = 9009.009 operations/sec (Maximum observed: 9009.009 ops/sec)
Total latency = 2.6949115753511E7 (+/- 0) us 
Consensus latency = 2530.6331809999997 (+/- 289) us 
Pre-consensus latency = 0.0 (+/- 0) us 
Pos-consensus latency = 2.6946942714729E7 (+/- 0) us 
Propose latency = 593.5378860000001 (+/- 81) us 
Write latency = 446.688054 (+/- 236) us 
Accept latency = 1490.4072409999999 (+/- 182) us 
Batch average size = NaN (+/- 0) requests
LCMessage ByteCount = 55:11
TOMMessage ByteCount = 57740083:101812
StandardSMMessage ByteCount = 424:22
ConsensusMessage ByteCount = 1444025:21882
--- Measurements after 179000 ops (1000 samples) ---
Throughput = 8333.333 operations/sec (Maximum observed: 9009.009 ops/sec)
Total latency = 2.7011879075812E7 (+/- 0) us 
Consensus latency = 2608.74285 (+/- 237) us 
Pre-consensus latency = 0.0 (+/- 0) us 
Pos-consensus latency = 2.7009624675874002E7 (+/- 0) us 
Propose latency = 605.905706 (+/- 93) us 
Write latency = 519.432094 (+/- 217) us 
Accept latency = 1483.40505 (+/- 167) us 
Batch average size = NaN (+/- 0) requests
LCMessage ByteCount = 55:11
TOMMessage ByteCount = 57740083:101812
StandardSMMessage ByteCount = 424:22
ConsensusMessage ByteCount = 1444025:21882
--- Measurements after 180000 ops (1000 samples) ---
Throughput = 8928.571 operations/sec (Maximum observed: 9009.009 ops/sec)
Total latency = 2.7068268534636002E7 (+/- 0) us 
Consensus latency = 2755.155656 (+/- 696) us 
Pre-consensus latency = 0.0 (+/- 0) us 
Pos-consensus latency = 2.7066120778708E7 (+/- 0) us 
Propose latency = 876.320372 (+/- 706) us 
Write latency = 437.21059399999996 (+/- 296) us 
Accept latency = 1441.6246899999999 (+/- 279) us 
Batch average size = NaN (+/- 0) requests
LCMessage ByteCount = 55:11
TOMMessage ByteCount = 57740083:101812
StandardSMMessage ByteCount = 424:22
ConsensusMessage ByteCount = 1444025:21882
--- Measurements after 181000 ops (1000 samples) ---
Throughput = 8474.576 operations/sec (Maximum observed: 9009.009 ops/sec)
Total latency = 2.7133221255949E7 (+/- 0) us 
Consensus latency = 2696.0771910000003 (+/- 179) us 
Pre-consensus latency = 0.0 (+/- 0) us 
Pos-consensus latency = 2.7130907057186E7 (+/- 0) us 
Propose latency = 630.972818 (+/- 66) us 
Write latency = 628.1189009999999 (+/- 128) us 
Accept latency = 1436.985472 (+/- 146) us 
Batch average size = NaN (+/- 0) requests
LCMessage ByteCount = 55:11
TOMMessage ByteCount = 57740083:101812
StandardSMMessage ByteCount = 424:22
ConsensusMessage ByteCount = 1444025:21882
--- Measurements after 182000 ops (1000 samples) ---
Throughput = 8771.93 operations/sec (Maximum observed: 9009.009 ops/sec)
Total latency = 2.7190125695334E7 (+/- 0) us 
Consensus latency = 2729.47565 (+/- 151) us 
Pre-consensus latency = 0.0 (+/- 0) us 
Pos-consensus latency = 2.718777831015E7 (+/- 0) us 
Propose latency = 632.174487 (+/- 44) us 
Write latency = 592.464873 (+/- 191) us 
Accept latency = 1504.83629 (+/- 119) us 
Batch average size = NaN (+/- 0) requests
LCMessage ByteCount = 55:11
TOMMessage ByteCount = 57740083:101812
StandardSMMessage ByteCount = 424:22
ConsensusMessage ByteCount = 1444025:21882
--- Measurements after 183000 ops (1000 samples) ---
Throughput = 8695.652 operations/sec (Maximum observed: 9009.009 ops/sec)
Total latency = 2.7253029383101E7 (+/- 0) us 
Consensus latency = 2714.0559980000003 (+/- 184) us 
Pre-consensus latency = 0.0 (+/- 0) us 
Pos-consensus latency = 2.7250684606145002E7 (+/- 0) us 
Propose latency = 643.6095110000001 (+/- 54) us 
Write latency = 527.937512 (+/- 252) us 
Accept latency = 1542.5089750000002 (+/- 132) us 
Batch average size = NaN (+/- 0) requests
LCMessage ByteCount = 55:11
TOMMessage ByteCount = 57740083:101812
StandardSMMessage ByteCount = 424:22
ConsensusMessage ByteCount = 1444025:21882
--- Measurements after 184000 ops (1000 samples) ---
Throughput = 8620.689 operations/sec (Maximum observed: 9009.009 ops/sec)
Total latency = 2.7310820716287997E7 (+/- 0) us 
Consensus latency = 2731.6015350000002 (+/- 249) us 
Pre-consensus latency = 0.0 (+/- 0) us 
Pos-consensus latency = 2.7308463482947E7 (+/- 0) us 
Propose latency = 634.1048830000001 (+/- 45) us 
Write latency = 654.833028 (+/- 227) us 
Accept latency = 1442.663624 (+/- 106) us 
Batch average size = NaN (+/- 0) requests
LCMessage ByteCount = 55:11
TOMMessage ByteCount = 57740083:101812
StandardSMMessage ByteCount = 424:22
ConsensusMessage ByteCount = 1444025:21882
--- Measurements after 185000 ops (1000 samples) ---
Throughput = 8849.558 operations/sec (Maximum observed: 9009.009 ops/sec)
Total latency = 2.7364538997612998E7 (+/- 0) us 
Consensus latency = 5860.3970389999995 (+/- 5759) us 
Pre-consensus latency = 0.0 (+/- 0) us 
Pos-consensus latency = 2.7362218135619998E7 (+/- 0) us 
Propose latency = 4004.0909580000002 (+/- 5949) us 
Write latency = 426.300599 (+/- 317) us 
Accept latency = 1430.005482 (+/- 91) us 
Batch average size = NaN (+/- 0) requests
LCMessage ByteCount = 55:11
TOMMessage ByteCount = 57740083:101812
StandardSMMessage ByteCount = 424:22
ConsensusMessage ByteCount = 1444025:21882
--- Measurements after 186000 ops (1000 samples) ---
Throughput = 8620.689 operations/sec (Maximum observed: 9009.009 ops/sec)
Total latency = 2.7429923385694E7 (+/- 0) us 
Consensus latency = 2593.8853169999998 (+/- 260) us 
Pre-consensus latency = 0.0 (+/- 0) us 
Pos-consensus latency = 2.7427690329087E7 (+/- 0) us 
Propose latency = 569.785906 (+/- 78) us 
Write latency = 534.5206450000001 (+/- 202) us 
Accept latency = 1489.578766 (+/- 170) us 
Batch average size = NaN (+/- 0) requests
LCMessage ByteCount = 55:11
TOMMessage ByteCount = 57740083:101812
StandardSMMessage ByteCount = 424:22
ConsensusMessage ByteCount = 1444025:21882
--- Measurements after 187000 ops (1000 samples) ---
Throughput = 8849.558 operations/sec (Maximum observed: 9009.009 ops/sec)
Total latency = 2.7491675094217997E7 (+/- 0) us 
Consensus latency = 2578.0186120000003 (+/- 176) us 
Pre-consensus latency = 0.0 (+/- 0) us 
Pos-consensus latency = 2.7489458519981E7 (+/- 0) us 
Propose latency = 571.9709300000001 (+/- 91) us 
Write latency = 499.60015100000004 (+/- 183) us 
Accept latency = 1506.447531 (+/- 208) us 
Batch average size = NaN (+/- 0) requests
LCMessage ByteCount = 55:11
TOMMessage ByteCount = 57740083:101812
StandardSMMessage ByteCount = 424:22
ConsensusMessage ByteCount = 1444025:21882
--- Measurements after 188000 ops (1000 samples) ---
Throughput = 8620.689 operations/sec (Maximum observed: 9009.009 ops/sec)
Total latency = 2.7549211399565E7 (+/- 0) us 
Consensus latency = 2697.016825 (+/- 224) us 
Pre-consensus latency = 0.0 (+/- 0) us 
Pos-consensus latency = 2.7546896642396998E7 (+/- 0) us 
Propose latency = 633.8119919999999 (+/- 79) us 
Write latency = 490.78133399999996 (+/- 232) us 
Accept latency = 1572.423499 (+/- 160) us 
Batch average size = NaN (+/- 0) requests
LCMessage ByteCount = 55:11
TOMMessage ByteCount = 57740083:101812
StandardSMMessage ByteCount = 424:22
ConsensusMessage ByteCount = 1444025:21882
--- Measurements after 189000 ops (1000 samples) ---
Throughput = 8928.571 operations/sec (Maximum observed: 9009.009 ops/sec)
Total latency = 2.7608096658394E7 (+/- 0) us 
Consensus latency = 2603.938869 (+/- 168) us 
Pre-consensus latency = 0.0 (+/- 0) us 
Pos-consensus latency = 2.7605872305448003E7 (+/- 0) us 
Propose latency = 630.6192659999999 (+/- 102) us 
Write latency = 505.879359 (+/- 148) us 
Accept latency = 1467.440244 (+/- 166) us 
Batch average size = NaN (+/- 0) requests
LCMessage ByteCount = 55:11
TOMMessage ByteCount = 57740083:101812
StandardSMMessage ByteCount = 424:22
ConsensusMessage ByteCount = 1444025:21882
--- Measurements after 190000 ops (1000 samples) ---
Throughput = 8620.689 operations/sec (Maximum observed: 9009.009 ops/sec)
Total latency = 2.7661916096369E7 (+/- 0) us 
Consensus latency = 2960.358917 (+/- 448) us 
Pre-consensus latency = 0.0 (+/- 0) us 
Pos-consensus latency = 2.7659416672839E7 (+/- 0) us 
Propose latency = 725.87925 (+/- 225) us 
Write latency = 713.604303 (+/- 298) us 
Accept latency = 1520.875364 (+/- 121) us 
Batch average size = NaN (+/- 0) requests
LCMessage ByteCount = 55:11
TOMMessage ByteCount = 57740083:101812
StandardSMMessage ByteCount = 424:22
ConsensusMessage ByteCount = 1444025:21882
--- Measurements after 191000 ops (1000 samples) ---
Throughput = 9009.009 operations/sec (Maximum observed: 9009.009 ops/sec)
Total latency = 2.7718578090627998E7 (+/- 0) us 
Consensus latency = 2663.028146 (+/- 251) us 
Pre-consensus latency = 0.0 (+/- 0) us 
Pos-consensus latency = 2.7716262361722E7 (+/- 0) us 
Propose latency = 544.513488 (+/- 99) us 
Write latency = 600.80324 (+/- 219) us 
Accept latency = 1517.711418 (+/- 153) us 
Batch average size = NaN (+/- 0) requests
LCMessage ByteCount = 55:11
TOMMessage ByteCount = 57740083:101812
StandardSMMessage ByteCount = 424:22
ConsensusMessage ByteCount = 1444025:21882
--- Measurements after 192000 ops (1000 samples) ---
Throughput = 8474.576 operations/sec (Maximum observed: 9009.009 ops/sec)
Total latency = 2.7771412301736E7 (+/- 0) us 
Consensus latency = 2593.78617 (+/- 202) us 
Pre-consensus latency = 0.0 (+/- 0) us 
Pos-consensus latency = 2.7769191922075E7 (+/- 0) us 
Propose latency = 616.090106 (+/- 39) us 
Write latency = 484.123191 (+/- 240) us 
Accept latency = 1493.5728729999998 (+/- 197) us 
Batch average size = NaN (+/- 0) requests
LCMessage ByteCount = 55:11
TOMMessage ByteCount = 57740083:101812
StandardSMMessage ByteCount = 424:22
ConsensusMessage ByteCount = 1444025:21882
--- Measurements after 193000 ops (1000 samples) ---
Throughput = 8928.571 operations/sec (Maximum observed: 9009.009 ops/sec)
Total latency = 2.7828248336172E7 (+/- 0) us 
Consensus latency = 3971.931227 (+/- 2347) us 
Pre-consensus latency = 0.0 (+/- 0) us 
Pos-consensus latency = 2.7824729874778E7 (+/- 0) us 
Propose latency = 758.3805629999999 (+/- 271) us 
Write latency = 1757.0533400000002 (+/- 2287) us 
Accept latency = 1456.497324 (+/- 245) us 
Batch average size = NaN (+/- 0) requests
LCMessage ByteCount = 55:11
TOMMessage ByteCount = 57740083:101812
StandardSMMessage ByteCount = 424:22
ConsensusMessage ByteCount = 1444025:21882
--- Measurements after 194000 ops (1000 samples) ---
Throughput = 8403.361 operations/sec (Maximum observed: 9009.009 ops/sec)
Total latency = 2.7884696889835E7 (+/- 0) us 
Consensus latency = 2336.843051 (+/- 402) us 
Pre-consensus latency = 0.0 (+/- 0) us 
Pos-consensus latency = 2.7882730233027E7 (+/- 0) us 
Propose latency = 563.170189 (+/- 73) us 
Write latency = 286.228545 (+/- 347) us 
Accept latency = 1487.444317 (+/- 153) us 
Batch average size = NaN (+/- 0) requests
LCMessage ByteCount = 55:11
TOMMessage ByteCount = 57740083:101812
StandardSMMessage ByteCount = 424:22
ConsensusMessage ByteCount = 1444025:21882
--- Measurements after 195000 ops (1000 samples) ---
Throughput = 9009.009 operations/sec (Maximum observed: 9009.009 ops/sec)
Total latency = 2.7941453831342E7 (+/- 0) us 
Consensus latency = 2773.5812400000004 (+/- 1062) us 
Pre-consensus latency = 0.0 (+/- 0) us 
Pos-consensus latency = 2.7939492886308998E7 (+/- 0) us 
Propose latency = 1041.293503 (+/- 1062) us 
Write latency = 201.125055 (+/- 315) us 
Accept latency = 1531.1626820000001 (+/- 191) us 
Batch average size = NaN (+/- 0) requests
LCMessage ByteCount = 55:11
TOMMessage ByteCount = 57740083:101812
StandardSMMessage ByteCount = 424:22
ConsensusMessage ByteCount = 1444025:21882
-- Checkpoint is in position 38430
--- Measurements after 196000 ops (1000 samples) ---
Throughput = 1485.8842 operations/sec (Maximum observed: 9009.009 ops/sec)
Total latency = 2.8316969483301E7 (+/- 0) us 
Consensus latency = 8692.24855 (+/- 5830) us 
Pre-consensus latency = 0.0 (+/- 0) us 
Pos-consensus latency = 2.8314896593745E7 (+/- 0) us 
Propose latency = 6814.764579 (+/- 5868) us 
Write latency = 207.186448 (+/- 160) us 
Accept latency = 1670.297523 (+/- 515) us 
Batch average size = 38431.0 (+/- 0) requests
LCMessage ByteCount = 55:11
TOMMessage ByteCount = 85864321:365906
StandardSMMessage ByteCount = 424:22
ConsensusMessage ByteCount = 1444025:21882
--- Measurements after 197000 ops (1000 samples) ---
Throughput = 4291.8457 operations/sec (Maximum observed: 9009.009 ops/sec)
Total latency = 2.8598151758175E7 (+/- 0) us 
Consensus latency = 5767.661541 (+/- 1466) us 
Pre-consensus latency = 0.0 (+/- 0) us 
Pos-consensus latency = 2.8595739654648997E7 (+/- 0) us 
Propose latency = 3519.035744 (+/- 1317) us 
Write latency = 303.54183 (+/- 456) us 
Accept latency = 1945.083967 (+/- 611) us 
Batch average size = NaN (+/- 0) requests
LCMessage ByteCount = 55:11
TOMMessage ByteCount = 88317524:368265
StandardSMMessage ByteCount = 424:22
ConsensusMessage ByteCount = 1444025:21882
--- Measurements after 198000 ops (1000 samples) ---
Throughput = 5464.481 operations/sec (Maximum observed: 9009.009 ops/sec)
Total latency = 2.873046182435E7 (+/- 0) us 
Consensus latency = 7739.7962019999995 (+/- 5002) us 
Pre-consensus latency = 0.0 (+/- 0) us 
Pos-consensus latency = 2.8726892057576E7 (+/- 0) us 
Propose latency = 5890.886743 (+/- 5043) us 
Write latency = 333.50518900000003 (+/- 542) us 
Accept latency = 1515.40427 (+/- 348) us 
Batch average size = NaN (+/- 0) requests
LCMessage ByteCount = 55:11
TOMMessage ByteCount = 90015720:369898
StandardSMMessage ByteCount = 424:22
ConsensusMessage ByteCount = 1444025:21882
--- Measurements after 199000 ops (1000 samples) ---
Throughput = 6024.096 operations/sec (Maximum observed: 9009.009 ops/sec)
Total latency = 2.8845011266091E7 (+/- 0) us 
Consensus latency = 2002.880012 (+/- 351) us 
Pre-consensus latency = 0.0 (+/- 0) us 
Pos-consensus latency = 2.8843370683284E7 (+/- 0) us 
Propose latency = 554.95183 (+/- 158) us 
Write latency = 66.92417999999999 (+/- 30) us 
Accept latency = 1381.0040020000001 (+/- 204) us 
Batch average size = NaN (+/- 0) requests
LCMessage ByteCount = 55:11
TOMMessage ByteCount = 91292745:371126
StandardSMMessage ByteCount = 424:22
ConsensusMessage ByteCount = 1444025:21882
--- Measurements after 200000 ops (1000 samples) ---
Throughput = 6711.409 operations/sec (Maximum observed: 9009.009 ops/sec)
Total latency = 2.8976167749725E7 (+/- 0) us 
Consensus latency = 2210.125473 (+/- 120) us 
Pre-consensus latency = 0.0 (+/- 0) us 
Pos-consensus latency = 2.8974321757333E7 (+/- 0) us 
Propose latency = 537.711755 (+/- 101) us 
Write latency = 83.99731200000001 (+/- 19) us 
Accept latency = 1588.416406 (+/- 60) us 
Batch average size = NaN (+/- 0) requests
LCMessage ByteCount = 55:11
TOMMessage ByteCount = 92487627:372275
StandardSMMessage ByteCount = 424:22
ConsensusMessage ByteCount = 1444025:21882
--- Measurements after 201000 ops (1000 samples) ---
Throughput = 6666.6665 operations/sec (Maximum observed: 9009.009 ops/sec)
Total latency = 2.9093009183452997E7 (+/- 0) us 
Consensus latency = 2162.222813 (+/- 189) us 
Pre-consensus latency = 0.0 (+/- 0) us 
Pos-consensus latency = 2.90911838958E7 (+/- 0) us 
Propose latency = 504.006711 (+/- 112) us 
Write latency = 98.14824 (+/- 20) us 
Accept latency = 1560.0678619999999 (+/- 198) us 
Batch average size = NaN (+/- 0) requests
LCMessage ByteCount = 55:11
TOMMessage ByteCount = 93631550:373375
StandardSMMessage ByteCount = 424:22
ConsensusMessage ByteCount = 1444025:21882
--- Measurements after 202000 ops (1000 samples) ---
Throughput = 6211.18 operations/sec (Maximum observed: 9009.009 ops/sec)
Total latency = 2.9214643883509E7 (+/- 0) us 
Consensus latency = 3188.971012 (+/- 698) us 
Pre-consensus latency = 0.0 (+/- 0) us 
Pos-consensus latency = 2.9212249996732E7 (+/- 0) us 
Propose latency = 1475.517361 (+/- 758) us 
Write latency = 121.858942 (+/- 13) us 
Accept latency = 1591.594709 (+/- 247) us 
Batch average size = NaN (+/- 0) requests
LCMessage ByteCount = 55:11
TOMMessage ByteCount = 94703716:374406
StandardSMMessage ByteCount = 424:22
ConsensusMessage ByteCount = 1444025:21882
--- Measurements after 203000 ops (1000 samples) ---
Throughput = 6711.409 operations/sec (Maximum observed: 9009.009 ops/sec)
Total latency = 2.9334525130571E7 (+/- 0) us 
Consensus latency = 2314.8904810000004 (+/- 184) us 
Pre-consensus latency = 0.0 (+/- 0) us 
Pos-consensus latency = 2.9332592753149E7 (+/- 0) us 
Propose latency = 636.349117 (+/- 76) us 
Write latency = 164.989858 (+/- 159) us 
Accept latency = 1513.551506 (+/- 75) us 
Batch average size = NaN (+/- 0) requests
LCMessage ByteCount = 55:11
TOMMessage ByteCount = 95717641:375381
StandardSMMessage ByteCount = 424:22
ConsensusMessage ByteCount = 1444025:21882
--- Measurements after 204000 ops (1000 samples) ---
Throughput = 6711.409 operations/sec (Maximum observed: 9009.009 ops/sec)
Total latency = 2.9426175046071E7 (+/- 0) us 
Consensus latency = 3585.020875 (+/- 3306) us 
Pre-consensus latency = 0.0 (+/- 0) us 
Pos-consensus latency = 2.9423056988619998E7 (+/- 0) us 
Propose latency = 912.1830550000001 (+/- 594) us 
Write latency = 1299.771086 (+/- 3738) us 
Accept latency = 1373.066734 (+/- 400) us 
Batch average size = NaN (+/- 0) requests
LCMessage ByteCount = 55:11
TOMMessage ByteCount = 96696217:376322
StandardSMMessage ByteCount = 424:22
ConsensusMessage ByteCount = 1444025:21882
--- Measurements after 205000 ops (1000 samples) ---
Throughput = 6711.409 operations/sec (Maximum observed: 9009.009 ops/sec)
Total latency = 2.9522347950064998E7 (+/- 0) us 
Consensus latency = 2484.29692 (+/- 557) us 
Pre-consensus latency = 0.0 (+/- 0) us 
Pos-consensus latency = 2.9520326408306E7 (+/- 0) us 
Propose latency = 871.7727140000001 (+/- 550) us 
Write latency = 113.621709 (+/- 8) us 
Accept latency = 1498.902497 (+/- 43) us 
Batch average size = NaN (+/- 0) requests
LCMessage ByteCount = 55:11
TOMMessage ByteCount = 97634228:377224
StandardSMMessage ByteCount = 424:22
ConsensusMessage ByteCount = 1444025:21882
--- Measurements after 206000 ops (1000 samples) ---
Throughput = 5555.5557 operations/sec (Maximum observed: 9009.009 ops/sec)
Total latency = 2.9629268684467E7 (+/- 0) us 
Consensus latency = 2255.2697310000003 (+/- 141) us 
Pre-consensus latency = 0.0 (+/- 0) us 
Pos-consensus latency = 2.9627339138488997E7 (+/- 0) us 
Propose latency = 569.734927 (+/- 66) us 
Write latency = 163.582967 (+/- 111) us 
Accept latency = 1521.951837 (+/- 100) us 
Batch average size = NaN (+/- 0) requests
LCMessage ByteCount = 55:11
TOMMessage ByteCount = 98486976:378044
StandardSMMessage ByteCount = 424:22
ConsensusMessage ByteCount = 1444025:21882
--- Measurements after 207000 ops (1000 samples) ---
Throughput = 6622.5166 operations/sec (Maximum observed: 9009.009 ops/sec)
Total latency = 2.9722840290508E7 (+/- 0) us 
Consensus latency = 4290.01931 (+/- 4092) us 
Pre-consensus latency = 0.0 (+/- 0) us 
Pos-consensus latency = 2.9718942933883E7 (+/- 0) us 
Propose latency = 659.2792410000001 (+/- 198) us 
Write latency = 1728.5417790000001 (+/- 3396) us 
Accept latency = 1902.19829 (+/- 695) us 
Batch average size = NaN (+/- 0) requests
LCMessage ByteCount = 55:11
TOMMessage ByteCount = 99353241:378877
StandardSMMessage ByteCount = 424:22
ConsensusMessage ByteCount = 1444025:21882
--- Measurements after 208000 ops (1000 samples) ---
Throughput = 6711.409 operations/sec (Maximum observed: 9009.009 ops/sec)
Total latency = 2.9790340916519E7 (+/- 0) us 
Consensus latency = 47386.536086 (+/- 11576) us 
Pre-consensus latency = 0.0 (+/- 0) us 
Pos-consensus latency = 2.9746937201987E7 (+/- 0) us 
Propose latency = 7479.044854000001 (+/- 7875) us 
Write latency = 38965.116418 (+/- 13383) us 
Accept latency = 942.374814 (+/- 1287) us 
Batch average size = NaN (+/- 0) requests
LCMessage ByteCount = 55:11
TOMMessage ByteCount = 100202865:379694
StandardSMMessage ByteCount = 424:22
ConsensusMessage ByteCount = 1444025:21882
--- Measurements after 209000 ops (1000 samples) ---
Throughput = 6097.561 operations/sec (Maximum observed: 9009.009 ops/sec)
Total latency = 2.9854729063276E7 (+/- 0) us 
Consensus latency = 46658.307678000005 (+/- 4763) us 
Pre-consensus latency = 0.0 (+/- 0) us 
Pos-consensus latency = 2.983234164717E7 (+/- 0) us 
Propose latency = 29389.739628 (+/- 794) us 
Write latency = 15780.912789999998 (+/- 5819) us 
Accept latency = 1487.65526 (+/- 261) us 
Batch average size = NaN (+/- 0) requests
LCMessage ByteCount = 55:11
TOMMessage ByteCount = 101021295:380481
StandardSMMessage ByteCount = 424:22
ConsensusMessage ByteCount = 1444025:21882
--- Measurements after 210000 ops (1000 samples) ---
Throughput = 5988.024 operations/sec (Maximum observed: 9009.009 ops/sec)
Total latency = 2.9951205667793E7 (+/- 0) us 
Consensus latency = 33362.44576 (+/- 1562) us 
Pre-consensus latency = 0.0 (+/- 0) us 
Pos-consensus latency = 2.994313444473E7 (+/- 0) us 
Propose latency = 30998.140766 (+/- 1554) us 
Write latency = 178.134284 (+/- 0) us 
Accept latency = 2186.17071 (+/- 8) us 
Batch average size = NaN (+/- 0) requests
LCMessage ByteCount = 55:11
TOMMessage ByteCount = 102677897:382074
StandardSMMessage ByteCount = 424:22
ConsensusMessage ByteCount = 1444025:21882
--- Measurements after 211000 ops (1000 samples) ---
Throughput = 3215.434 operations/sec (Maximum observed: 9009.009 ops/sec)
Total latency = 3.0146494930679E7 (+/- 0) us 
Consensus latency = 26961.786594999998 (+/- 4229) us 
Pre-consensus latency = 0.0 (+/- 0) us 
Pos-consensus latency = 3.0137805180884E7 (+/- 0) us 
Propose latency = 24639.082565 (+/- 4190) us 
Write latency = 172.53421 (+/- 13) us 
Accept latency = 2150.1698199999996 (+/- 25) us 
Batch average size = NaN (+/- 0) requests
LCMessage ByteCount = 55:11
TOMMessage ByteCount = 105915198:385187
StandardSMMessage ByteCount = 424:22
ConsensusMessage ByteCount = 1444025:21882
--- Measurements after 212000 ops (1000 samples) ---
Throughput = 3115.265 operations/sec (Maximum observed: 9009.009 ops/sec)
Total latency = 3.0445488848602E7 (+/- 0) us 
Consensus latency = 6768.6705839999995 (+/- 5494) us 
Pre-consensus latency = 0.0 (+/- 0) us 
Pos-consensus latency = 3.0442856252323E7 (+/- 0) us 
Propose latency = 4673.949421 (+/- 5394) us 
Write latency = 136.242986 (+/- 52) us 
Accept latency = 1958.478177 (+/- 263) us 
Batch average size = NaN (+/- 0) requests
LCMessage ByteCount = 55:11
TOMMessage ByteCount = 109144177:388292
StandardSMMessage ByteCount = 424:22
ConsensusMessage ByteCount = 1444025:21882
--- Measurements after 213000 ops (1000 samples) ---
Throughput = 3484.3206 operations/sec (Maximum observed: 9009.009 ops/sec)
Total latency = 3.0694196629499E7 (+/- 0) us 
Consensus latency = 2243.1713879999998 (+/- 138) us 
Pre-consensus latency = 0.0 (+/- 0) us 
Pos-consensus latency = 3.0692355707894E7 (+/- 0) us 
Propose latency = 651.666784 (+/- 80) us 
Write latency = 83.089625 (+/- 21) us 
Accept latency = 1508.4149790000001 (+/- 69) us 
Batch average size = NaN (+/- 0) requests
LCMessage ByteCount = 55:11
TOMMessage ByteCount = 111390416:390452
StandardSMMessage ByteCount = 424:22
ConsensusMessage ByteCount = 1444025:21882
--- Measurements after 214000 ops (1000 samples) ---
Throughput = 3436.426 operations/sec (Maximum observed: 9009.009 ops/sec)
Total latency = 3.0943579845918E7 (+/- 0) us 
Consensus latency = 2655.141023 (+/- 639) us 
Pre-consensus latency = 0.0 (+/- 0) us 
Pos-consensus latency = 3.0941371526457E7 (+/- 0) us 
Propose latency = 837.608 (+/- 512) us 
Write latency = 219.39269000000002 (+/- 141) us 
Accept latency = 1598.140333 (+/- 145) us 
Batch average size = NaN (+/- 0) requests
LCMessage ByteCount = 55:11
TOMMessage ByteCount = 113572185:392550
StandardSMMessage ByteCount = 424:22
ConsensusMessage ByteCount = 1444025:21882
--- Measurements after 215000 ops (1000 samples) ---
Throughput = 4016.0642 operations/sec (Maximum observed: 9009.009 ops/sec)
Total latency = 3.1164112279733002E7 (+/- 0) us 
Consensus latency = 2371.138037 (+/- 458) us 
Pre-consensus latency = 0.0 (+/- 0) us 
Pos-consensus latency = 3.11621025997E7 (+/- 0) us 
Propose latency = 551.081414 (+/- 250) us 
Write latency = 368.011251 (+/- 310) us 
Accept latency = 1452.045372 (+/- 185) us 
Batch average size = NaN (+/- 0) requests
LCMessage ByteCount = 55:11
TOMMessage ByteCount = 115173677:394090
StandardSMMessage ByteCount = 424:22
ConsensusMessage ByteCount = 1444025:21882
--- Measurements after 216000 ops (1000 samples) ---
Throughput = 3610.1084 operations/sec (Maximum observed: 9009.009 ops/sec)
Total latency = 3.1374121300089E7 (+/- 0) us 
Consensus latency = 2166.768607 (+/- 154) us 
Pre-consensus latency = 0.0 (+/- 0) us 
Pos-consensus latency = 3.137228784595E7 (+/- 0) us 
Propose latency = 546.282491 (+/- 96) us 
Write latency = 108.033226 (+/- 77) us 
Accept latency = 1512.4528899999998 (+/- 118) us 
Batch average size = NaN (+/- 0) requests
LCMessage ByteCount = 55:11
TOMMessage ByteCount = 116923875:395773
StandardSMMessage ByteCount = 424:22
ConsensusMessage ByteCount = 1444025:21882
--- Measurements after 217000 ops (1000 samples) ---
Throughput = 4201.6807 operations/sec (Maximum observed: 9009.009 ops/sec)
Total latency = 3.1573981535477E7 (+/- 0) us 
Consensus latency = 2644.789691 (+/- 1504) us 
Pre-consensus latency = 0.0 (+/- 0) us 
Pos-consensus latency = 3.1571746784679E7 (+/- 0) us 
Propose latency = 635.495591 (+/- 369) us 
Write latency = 128.92495200000002 (+/- 89) us 
Accept latency = 1880.369148 (+/- 1427) us 
Batch average size = NaN (+/- 0) requests
LCMessage ByteCount = 55:11
TOMMessage ByteCount = 118095878:396900
StandardSMMessage ByteCount = 424:22
ConsensusMessage ByteCount = 1444025:21882
--- Measurements after 218000 ops (1000 samples) ---
Throughput = 3831.4177 operations/sec (Maximum observed: 9009.009 ops/sec)
Total latency = 3.176385981134E7 (+/- 0) us 
Consensus latency = 2429.604528 (+/- 254) us 
Pre-consensus latency = 0.0 (+/- 0) us 
Pos-consensus latency = 3.1761743692976E7 (+/- 0) us 
Propose latency = 540.223929 (+/- 72) us 
Write latency = 242.514356 (+/- 184) us 
Accept latency = 1646.866243 (+/- 154) us 
Batch average size = NaN (+/- 0) requests
LCMessage ByteCount = 55:11
TOMMessage ByteCount = 119580905:398328
StandardSMMessage ByteCount = 424:22
ConsensusMessage ByteCount = 1444025:21882
--- Measurements after 219000 ops (1000 samples) ---
Throughput = 3225.8064 operations/sec (Maximum observed: 9009.009 ops/sec)
Total latency = 3.1976979070634E7 (+/- 0) us 
Consensus latency = 3163.029669 (+/- 1632) us 
Pre-consensus latency = 0.0 (+/- 0) us 
Pos-consensus latency = 3.197433870247E7 (+/- 0) us 
Propose latency = 1395.844942 (+/- 1677) us 
Write latency = 218.910807 (+/- 189) us 
Accept latency = 1548.2739199999999 (+/- 128) us 
Batch average size = NaN (+/- 0) requests
LCMessage ByteCount = 55:11
TOMMessage ByteCount = 120446129:399160
StandardSMMessage ByteCount = 424:22
ConsensusMessage ByteCount = 1444025:21882
--- Measurements after 220000 ops (1000 samples) ---
Throughput = 3058.104 operations/sec (Maximum observed: 9009.009 ops/sec)
Total latency = 3.2253536728692003E7 (+/- 0) us 
Consensus latency = 4591.700191 (+/- 1185) us 
Pre-consensus latency = 0.0 (+/- 0) us 
Pos-consensus latency = 3.2249992371619E7 (+/- 0) us 
Propose latency = 2583.401518 (+/- 1301) us 
Write latency = 584.004602 (+/- 293) us 
Accept latency = 1424.294071 (+/- 122) us 
Batch average size = NaN (+/- 0) requests
LCMessage ByteCount = 55:11
TOMMessage ByteCount = 120451329:399165
StandardSMMessage ByteCount = 424:22
ConsensusMessage ByteCount = 1444025:21882
--- Measurements after 221000 ops (1000 samples) ---
Throughput = 4310.3447 operations/sec (Maximum observed: 9009.009 ops/sec)
Total latency = 3.24885280524E7 (+/- 0) us 
Consensus latency = 4041.86161 (+/- 1154) us 
Pre-consensus latency = 0.0 (+/- 0) us 
Pos-consensus latency = 3.2484986132606E7 (+/- 0) us 
Propose latency = 818.6209819999999 (+/- 159) us 
Write latency = 1554.4950549999999 (+/- 870) us 
Accept latency = 1668.7455730000001 (+/- 392) us 
Batch average size = NaN (+/- 0) requests
LCMessage ByteCount = 55:11
TOMMessage ByteCount = 120456528:399170
StandardSMMessage ByteCount = 424:22
ConsensusMessage ByteCount = 1444025:21882
--- Measurements after 222000 ops (1000 samples) ---
Throughput = 4761.905 operations/sec (Maximum observed: 9009.009 ops/sec)
Total latency = 3.2645414007668E7 (+/- 0) us 
Consensus latency = 3290.828384 (+/- 421) us 
Pre-consensus latency = 0.0 (+/- 0) us 
Pos-consensus latency = 3.2642639705632E7 (+/- 0) us 
Propose latency = 882.700208 (+/- 148) us 
Write latency = 978.4186629999999 (+/- 245) us 
Accept latency = 1429.709513 (+/- 177) us 
Batch average size = NaN (+/- 0) requests
LCMessage ByteCount = 55:11
TOMMessage ByteCount = 120465888:399179
StandardSMMessage ByteCount = 424:22
ConsensusMessage ByteCount = 1444025:21882
--- Measurements after 223000 ops (1000 samples) ---
Throughput = 4405.286 operations/sec (Maximum observed: 9009.009 ops/sec)
Total latency = 3.2806756880323E7 (+/- 0) us 
Consensus latency = 2913.2153829999997 (+/- 547) us 
Pre-consensus latency = 0.0 (+/- 0) us 
Pos-consensus latency = 3.2804359778281E7 (+/- 0) us 
Propose latency = 792.428216 (+/- 412) us 
Write latency = 651.594474 (+/- 488) us 
Accept latency = 1469.192693 (+/- 152) us 
Batch average size = NaN (+/- 0) requests
LCMessage ByteCount = 55:11
TOMMessage ByteCount = 120472128:399185
StandardSMMessage ByteCount = 424:22
ConsensusMessage ByteCount = 1444025:21882
--- Measurements after 224000 ops (1000 samples) ---
Throughput = 4784.689 operations/sec (Maximum observed: 9009.009 ops/sec)
Total latency = 3.2972572160983E7 (+/- 0) us 
Consensus latency = 2279.7766239999996 (+/- 148) us 
Pre-consensus latency = 0.0 (+/- 0) us 
Pos-consensus latency = 3.2970594518329E7 (+/- 0) us 
Propose latency = 451.397539 (+/- 87) us 
Write latency = 241.090111 (+/- 168) us 
Accept latency = 1587.2889739999998 (+/- 186) us 
Batch average size = NaN (+/- 0) requests
LCMessage ByteCount = 55:11
TOMMessage ByteCount = 120475248:399188
StandardSMMessage ByteCount = 424:22
ConsensusMessage ByteCount = 1444025:21882
--- Measurements after 225000 ops (1000 samples) ---
Throughput = 4784.689 operations/sec (Maximum observed: 9009.009 ops/sec)
Total latency = 3.3126938748617E7 (+/- 0) us 
Consensus latency = 2358.970375 (+/- 153) us 
Pre-consensus latency = 0.0 (+/- 0) us 
Pos-consensus latency = 3.3124893892274E7 (+/- 0) us 
Propose latency = 542.650038 (+/- 94) us 
Write latency = 250.655892 (+/- 214) us 
Accept latency = 1565.6644450000001 (+/- 110) us 
Batch average size = NaN (+/- 0) requests
LCMessage ByteCount = 55:11
TOMMessage ByteCount = 120489807:399202
StandardSMMessage ByteCount = 424:22
ConsensusMessage ByteCount = 1444025:21882
--- Measurements after 226000 ops (1000 samples) ---
Throughput = 5780.3467 operations/sec (Maximum observed: 9009.009 ops/sec)
Total latency = 3.3268667360636003E7 (+/- 0) us 
Consensus latency = 2182.253117 (+/- 154) us 
Pre-consensus latency = 0.0 (+/- 0) us 
Pos-consensus latency = 3.3266770286599997E7 (+/- 0) us 
Propose latency = 423.982608 (+/- 84) us 
Write latency = 233.804053 (+/- 132) us 
Accept latency = 1524.466456 (+/- 113) us 
Batch average size = NaN (+/- 0) requests
LCMessage ByteCount = 55:11
TOMMessage ByteCount = 120489807:399202
StandardSMMessage ByteCount = 424:22
ConsensusMessage ByteCount = 1444025:21882
--- Measurements after 227000 ops (1000 samples) ---
Throughput = 5952.381 operations/sec (Maximum observed: 9009.009 ops/sec)
Total latency = 3.3379702867312E7 (+/- 0) us 
Consensus latency = 2805.9672880000003 (+/- 1471) us 
Pre-consensus latency = 0.0 (+/- 0) us 
Pos-consensus latency = 3.3377267567541E7 (+/- 0) us 
Propose latency = 569.37075 (+/- 180) us 
Write latency = 319.292877 (+/- 280) us 
Accept latency = 1917.3036610000001 (+/- 1403) us 
Batch average size = NaN (+/- 0) requests
LCMessage ByteCount = 55:11
TOMMessage ByteCount = 120489807:399202
StandardSMMessage ByteCount = 424:22
ConsensusMessage ByteCount = 1444025:21882
--- Measurements after 228000 ops (1000 samples) ---
Throughput = 6578.9473 operations/sec (Maximum observed: 9009.009 ops/sec)
Total latency = 3.3481258628497E7 (+/- 0) us 
Consensus latency = 2274.131806 (+/- 72) us 
Pre-consensus latency = 0.0 (+/- 0) us 
Pos-consensus latency = 3.3479339515210997E7 (+/- 0) us 
Propose latency = 563.8616189999999 (+/- 94) us 
Write latency = 122.218227 (+/- 61) us 
Accept latency = 1588.05196 (+/- 99) us 
Batch average size = NaN (+/- 0) requests
LCMessage ByteCount = 55:11
TOMMessage ByteCount = 120492927:399205
StandardSMMessage ByteCount = 424:22
ConsensusMessage ByteCount = 1444025:21882
--- Measurements after 229000 ops (1000 samples) ---
Throughput = 6493.5063 operations/sec (Maximum observed: 9009.009 ops/sec)
Total latency = 3.3578852820551E7 (+/- 0) us 
Consensus latency = 2801.975258 (+/- 1623) us 
Pre-consensus latency = 0.0 (+/- 0) us 
Pos-consensus latency = 3.3576403440952E7 (+/- 0) us 
Propose latency = 580.927953 (+/- 95) us 
Write latency = 289.942251 (+/- 333) us 
Accept latency = 1931.105054 (+/- 1412) us 
Batch average size = NaN (+/- 0) requests
LCMessage ByteCount = 55:11
TOMMessage ByteCount = 120493967:399206
StandardSMMessage ByteCount = 424:22
ConsensusMessage ByteCount = 1444025:21882
--- Measurements after 230000 ops (1000 samples) ---
Throughput = 5847.953 operations/sec (Maximum observed: 9009.009 ops/sec)
Total latency = 3.367798484239E7 (+/- 0) us 
Consensus latency = 2338.294438 (+/- 184) us 
Pre-consensus latency = 0.0 (+/- 0) us 
Pos-consensus latency = 3.3676021419102E7 (+/- 0) us 
Propose latency = 586.0498249999999 (+/- 141) us 
Write latency = 140.210884 (+/- 124) us 
Accept latency = 1612.033729 (+/- 73) us 
Batch average size = NaN (+/- 0) requests
LCMessage ByteCount = 55:11
TOMMessage ByteCount = 120493967:399206
StandardSMMessage ByteCount = 424:22
ConsensusMessage ByteCount = 1444025:21882
--- Measurements after 231000 ops (1000 samples) ---
Throughput = 6024.096 operations/sec (Maximum observed: 9009.009 ops/sec)
Total latency = 3.3806432089337E7 (+/- 0) us 
Consensus latency = 2146.999903 (+/- 166) us 
Pre-consensus latency = 0.0 (+/- 0) us 
Pos-consensus latency = 3.3804607450577E7 (+/- 0) us 
Propose latency = 496.36937900000004 (+/- 89) us 
Write latency = 192.830799 (+/- 145) us 
Accept latency = 1457.799725 (+/- 173) us 
Batch average size = NaN (+/- 0) requests
LCMessage ByteCount = 55:11
TOMMessage ByteCount = 120596921:399305
StandardSMMessage ByteCount = 424:22
ConsensusMessage ByteCount = 1444025:21882
--- Measurements after 232000 ops (1000 samples) ---
Throughput = 6578.9473 operations/sec (Maximum observed: 9009.009 ops/sec)
Total latency = 3.3903834604113E7 (+/- 0) us 
Consensus latency = 2116.044539 (+/- 140) us 
Pre-consensus latency = 0.0 (+/- 0) us 
Pos-consensus latency = 3.3902019519746E7 (+/- 0) us 
Propose latency = 458.805878 (+/- 100) us 
Write latency = 169.899181 (+/- 127) us 
Accept latency = 1487.33948 (+/- 171) us 
Batch average size = NaN (+/- 0) requests
LCMessage ByteCount = 55:11
TOMMessage ByteCount = 120918256:399614
StandardSMMessage ByteCount = 424:22
ConsensusMessage ByteCount = 1444025:21882
--- Measurements after 233000 ops (1000 samples) ---
Throughput = 6578.9473 operations/sec (Maximum observed: 9009.009 ops/sec)
Total latency = 3.4000122087208E7 (+/- 0) us 
Consensus latency = 2593.2008530000003 (+/- 1449) us 
Pre-consensus latency = 0.0 (+/- 0) us 
Pos-consensus latency = 3.3997845810544E7 (+/- 0) us 
Propose latency = 506.558881 (+/- 112) us 
Write latency = 175.27611199999998 (+/- 322) us 
Accept latency = 1911.36586 (+/- 1392) us 
Batch average size = NaN (+/- 0) requests
LCMessage ByteCount = 55:11
TOMMessage ByteCount = 120994174:399687
StandardSMMessage ByteCount = 424:22
ConsensusMessage ByteCount = 1444025:21882
-- Performing checkpoint for consensus 3071
--- Measurements after 234000 ops (1000 samples) ---
Throughput = 4975.1245 operations/sec (Maximum observed: 9009.009 ops/sec)
Total latency = 3.4118151486803E7 (+/- 0) us 
Consensus latency = 3086.3853360000003 (+/- 675) us 
Pre-consensus latency = 0.0 (+/- 0) us 
Pos-consensus latency = 3.4115438816004E7 (+/- 0) us 
Propose latency = 652.643078 (+/- 164) us 
Write latency = 910.680302 (+/- 516) us 
Accept latency = 1523.061956 (+/- 189) us 
Batch average size = 266223.0 (+/- 0) requests
LCMessage ByteCount = 55:11
TOMMessage ByteCount = 121046169:399737
StandardSMMessage ByteCount = 424:22
ConsensusMessage ByteCount = 1444025:21882
--- Measurements after 235000 ops (1000 samples) ---
Throughput = 6622.5166 operations/sec (Maximum observed: 9009.009 ops/sec)
Total latency = 3.4241068247474E7 (+/- 0) us 
Consensus latency = 2680.279552 (+/- 170) us 
Pre-consensus latency = 0.0 (+/- 0) us 
Pos-consensus latency = 3.423872938848E7 (+/- 0) us 
Propose latency = 577.14502 (+/- 46) us 
Write latency = 479.43532400000004 (+/- 150) us 
Accept latency = 1623.699208 (+/- 132) us 
Batch average size = NaN (+/- 0) requests
LCMessage ByteCount = 55:11
TOMMessage ByteCount = 121330065:400010
StandardSMMessage ByteCount = 424:22
ConsensusMessage ByteCount = 1444025:21882
--- Measurements after 236000 ops (1000 samples) ---
Throughput = 6622.5166 operations/sec (Maximum observed: 9009.009 ops/sec)
Total latency = 3.4334962973856E7 (+/- 0) us 
Consensus latency = 2225.2669690000002 (+/- 235) us 
Pre-consensus latency = 0.0 (+/- 0) us 
Pos-consensus latency = 3.4333035249919E7 (+/- 0) us 
Propose latency = 544.077838 (+/- 170) us 
Write latency = 221.222495 (+/- 171) us 
Accept latency = 1459.9666359999999 (+/- 207) us 
Batch average size = NaN (+/- 0) requests
LCMessage ByteCount = 55:11
TOMMessage ByteCount = 121750200:400414
StandardSMMessage ByteCount = 424:22
ConsensusMessage ByteCount = 1444025:21882
--- Measurements after 237000 ops (1000 samples) ---
Throughput = 5291.0054 operations/sec (Maximum observed: 9009.009 ops/sec)
Total latency = 3.4439518297035E7 (+/- 0) us 
Consensus latency = 2219.983664 (+/- 147) us 
Pre-consensus latency = 0.0 (+/- 0) us 
Pos-consensus latency = 3.4437609269292E7 (+/- 0) us 
Propose latency = 511.643271 (+/- 93) us 
Write latency = 129.956536 (+/- 75) us 
Accept latency = 1578.383857 (+/- 125) us 
Batch average size = NaN (+/- 0) requests
LCMessage ByteCount = 55:11
TOMMessage ByteCount = 122198409:400845
StandardSMMessage ByteCount = 424:22
ConsensusMessage ByteCount = 1444025:21882
--- Measurements after 238000 ops (1000 samples) ---
Throughput = 4694.8354 operations/sec (Maximum observed: 9009.009 ops/sec)
Total latency = 3.459509003845099E7 (+/- 0) us 
Consensus latency = 2231.790504 (+/- 171) us 
Pre-consensus latency = 0.0 (+/- 0) us 
Pos-consensus latency = 3.4593126944995E7 (+/- 0) us 
Propose latency = 408.5607 (+/- 68) us 
Write latency = 276.185032 (+/- 218) us 
Accept latency = 1547.0447720000002 (+/- 149) us 
Batch average size = NaN (+/- 0) requests
LCMessage ByteCount = 55:11
TOMMessage ByteCount = 122277444:400921
StandardSMMessage ByteCount = 424:22
ConsensusMessage ByteCount = 1444025:21882
--- Measurements after 239000 ops (1000 samples) ---
Throughput = 4716.981 operations/sec (Maximum observed: 9009.009 ops/sec)
Total latency = 3.4751845111269996E7 (+/- 0) us 
Consensus latency = 2356.797521 (+/- 314) us 
Pre-consensus latency = 0.0 (+/- 0) us 
Pos-consensus latency = 3.4749820540075995E7 (+/- 0) us 
Propose latency = 547.221853 (+/- 99) us 
Write latency = 296.074108 (+/- 351) us 
Accept latency = 1513.5015600000002 (+/- 164) us 
Batch average size = NaN (+/- 0) requests
LCMessage ByteCount = 55:11
TOMMessage ByteCount = 122754773:401380
StandardSMMessage ByteCount = 424:22
ConsensusMessage ByteCount = 1444025:21882
--- Measurements after 240000 ops (1000 samples) ---
Throughput = 4784.689 operations/sec (Maximum observed: 9009.009 ops/sec)
Total latency = 3.4905196380461E7 (+/- 0) us 
Consensus latency = 2333.4466030000003 (+/- 377) us 
Pre-consensus latency = 0.0 (+/- 0) us 
Pos-consensus latency = 3.4903182649675004E7 (+/- 0) us 
Propose latency = 501.06451500000003 (+/- 101) us 
Write latency = 314.124122 (+/- 324) us 
Accept latency = 1518.2579660000001 (+/- 140) us 
Batch average size = NaN (+/- 0) requests
LCMessage ByteCount = 55:11
TOMMessage ByteCount = 123225858:401833
StandardSMMessage ByteCount = 424:22
ConsensusMessage ByteCount = 1444025:21882
--- Measurements after 241000 ops (1000 samples) ---
Throughput = 3787.879 operations/sec (Maximum observed: 9009.009 ops/sec)
Total latency = 3.5086702134106E7 (+/- 0) us 
Consensus latency = 2250.4128229999997 (+/- 191) us 
Pre-consensus latency = 0.0 (+/- 0) us 
Pos-consensus latency = 3.5084793562498E7 (+/- 0) us 
Propose latency = 556.681237 (+/- 62) us 
Write latency = 129.420172 (+/- 108) us 
Accept latency = 1564.311414 (+/- 118) us 
Batch average size = NaN (+/- 0) requests
LCMessage ByteCount = 55:11
TOMMessage ByteCount = 123743747:402331
StandardSMMessage ByteCount = 424:22
ConsensusMessage ByteCount = 1444025:21882
--- Measurements after 242000 ops (1000 samples) ---
Throughput = 4310.3447 operations/sec (Maximum observed: 9009.009 ops/sec)
Total latency = 3.5276434017845005E7 (+/- 0) us 
Consensus latency = 2243.4952230000004 (+/- 80) us 
Pre-consensus latency = 0.0 (+/- 0) us 
Pos-consensus latency = 3.5274545776094005E7 (+/- 0) us 
Propose latency = 611.613958 (+/- 60) us 
Write latency = 112.62797400000001 (+/- 58) us 
Accept latency = 1519.253291 (+/- 118) us 
Batch average size = NaN (+/- 0) requests
LCMessage ByteCount = 55:11
TOMMessage ByteCount = 124415536:402977
StandardSMMessage ByteCount = 424:22
ConsensusMessage ByteCount = 1444025:21882
--- Measurements after 243000 ops (1000 samples) ---
Throughput = 4329.0044 operations/sec (Maximum observed: 9009.009 ops/sec)
Total latency = 3.5455659229873E7 (+/- 0) us 
Consensus latency = 2249.448374 (+/- 88) us 
Pre-consensus latency = 0.0 (+/- 0) us 
Pos-consensus latency = 3.5453743043221004E7 (+/- 0) us 
Propose latency = 577.248129 (+/- 77) us 
Write latency = 113.31805899999999 (+/- 101) us 
Accept latency = 1558.882186 (+/- 80) us 
Batch average size = NaN (+/- 0) requests
LCMessage ByteCount = 55:11
TOMMessage ByteCount = 124851270:403396
StandardSMMessage ByteCount = 424:22
ConsensusMessage ByteCount = 1444025:21882
--- Measurements after 244000 ops (1000 samples) ---
Throughput = 4201.6807 operations/sec (Maximum observed: 9009.009 ops/sec)
Total latency = 3.5621902507182E7 (+/- 0) us 
Consensus latency = 2252.237315 (+/- 231) us 
Pre-consensus latency = 0.0 (+/- 0) us 
Pos-consensus latency = 3.5619992329708E7 (+/- 0) us 
Propose latency = 544.561708 (+/- 88) us 
Write latency = 211.120744 (+/- 190) us 
Accept latency = 1496.5548629999998 (+/- 153) us 
Batch average size = NaN (+/- 0) requests
LCMessage ByteCount = 55:11
TOMMessage ByteCount = 124893907:403437
StandardSMMessage ByteCount = 424:22
ConsensusMessage ByteCount = 1444025:21882
--- Measurements after 245000 ops (1000 samples) ---
Throughput = 4761.905 operations/sec (Maximum observed: 9009.009 ops/sec)
Total latency = 3.5802209770953E7 (+/- 0) us 
Consensus latency = 2220.202832 (+/- 153) us 
Pre-consensus latency = 0.0 (+/- 0) us 
Pos-consensus latency = 3.5800353208354E7 (+/- 0) us 
Propose latency = 539.7441729999999 (+/- 78) us 
Write latency = 126.178299 (+/- 87) us 
Accept latency = 1554.2803600000002 (+/- 126) us 
Batch average size = NaN (+/- 0) requests
LCMessage ByteCount = 55:11
TOMMessage ByteCount = 124995820:403535
StandardSMMessage ByteCount = 424:22
ConsensusMessage ByteCount = 1444025:21882
--- Measurements after 246000 ops (1000 samples) ---
Throughput = 4807.6924 operations/sec (Maximum observed: 9009.009 ops/sec)
Total latency = 3.5955224907432E7 (+/- 0) us 
Consensus latency = 2395.3663650000003 (+/- 257) us 
Pre-consensus latency = 0.0 (+/- 0) us 
Pos-consensus latency = 3.5953201283626996E7 (+/- 0) us 
Propose latency = 577.365325 (+/- 86) us 
Write latency = 132.031671 (+/- 84) us 
Accept latency = 1685.969369 (+/- 227) us 
Batch average size = NaN (+/- 0) requests
LCMessage ByteCount = 55:11
TOMMessage ByteCount = 125461702:403983
StandardSMMessage ByteCount = 424:22
ConsensusMessage ByteCount = 1444025:21882
--- Measurements after 247000 ops (1000 samples) ---
Throughput = 4784.689 operations/sec (Maximum observed: 9009.009 ops/sec)
Total latency = 3.6109868146327004E7 (+/- 0) us 
Consensus latency = 2217.028145 (+/- 142) us 
Pre-consensus latency = 0.0 (+/- 0) us 
Pos-consensus latency = 3.6108012992685996E7 (+/- 0) us 
Propose latency = 570.437848 (+/- 95) us 
Write latency = 114.034193 (+/- 52) us 
Accept latency = 1532.556104 (+/- 171) us 
Batch average size = NaN (+/- 0) requests
LCMessage ByteCount = 55:11
TOMMessage ByteCount = 125967103:404469
StandardSMMessage ByteCount = 424:22
ConsensusMessage ByteCount = 1444025:21882
--- Measurements after 248000 ops (1000 samples) ---
Throughput = 4926.1084 operations/sec (Maximum observed: 9009.009 ops/sec)
Total latency = 3.6268155288375996E7 (+/- 0) us 
Consensus latency = 2662.214546 (+/- 1409) us 
Pre-consensus latency = 0.0 (+/- 0) us 
Pos-consensus latency = 3.6265930745136E7 (+/- 0) us 
Propose latency = 652.9899810000001 (+/- 326) us 
Write latency = 107.096383 (+/- 80) us 
Accept latency = 1902.128182 (+/- 1365) us 
Batch average size = NaN (+/- 0) requests
LCMessage ByteCount = 55:11
TOMMessage ByteCount = 126449631:404933
StandardSMMessage ByteCount = 424:22
ConsensusMessage ByteCount = 1444025:21882
--- Measurements after 249000 ops (1000 samples) ---
Throughput = 6622.5166 operations/sec (Maximum observed: 9009.009 ops/sec)
Total latency = 3.6383410013801E7 (+/- 0) us 
Consensus latency = 2301.165196 (+/- 331) us 
Pre-consensus latency = 0.0 (+/- 0) us 
Pos-consensus latency = 3.638143910184E7 (+/- 0) us 
Propose latency = 538.338683 (+/- 70) us 
Write latency = 242.03217 (+/- 294) us 
Accept latency = 1520.794343 (+/- 228) us 
Batch average size = NaN (+/- 0) requests
LCMessage ByteCount = 55:11
TOMMessage ByteCount = 126726254:405199
StandardSMMessage ByteCount = 424:22
ConsensusMessage ByteCount = 1444025:21882
--- Measurements after 250000 ops (1000 samples) ---
Throughput = 6535.9478 operations/sec (Maximum observed: 9009.009 ops/sec)
Total latency = 3.6479746113295E7 (+/- 0) us 
Consensus latency = 2220.7145610000002 (+/- 168) us 
Pre-consensus latency = 0.0 (+/- 0) us 
Pos-consensus latency = 3.6477886358056E7 (+/- 0) us 
Propose latency = 580.5155139999999 (+/- 61) us 
Write latency = 156.14920800000002 (+/- 106) us 
Accept latency = 1484.049839 (+/- 120) us 
Batch average size = NaN (+/- 0) requests
LCMessage ByteCount = 55:11
TOMMessage ByteCount = 127030949:405492
StandardSMMessage ByteCount = 424:22
ConsensusMessage ByteCount = 1444025:21882
--- Measurements after 251000 ops (1000 samples) ---
Throughput = 6493.5063 operations/sec (Maximum observed: 9009.009 ops/sec)
Total latency = 3.6577016088375E7 (+/- 0) us 
Consensus latency = 2215.125188 (+/- 152) us 
Pre-consensus latency = 0.0 (+/- 0) us 
Pos-consensus latency = 3.6575149658927E7 (+/- 0) us 
Propose latency = 561.303856 (+/- 109) us 
Write latency = 119.773541 (+/- 77) us 
Accept latency = 1534.047791 (+/- 176) us 
Batch average size = NaN (+/- 0) requests
LCMessage ByteCount = 55:11
TOMMessage ByteCount = 127235814:405689
StandardSMMessage ByteCount = 424:22
ConsensusMessage ByteCount = 1444025:21882
--- Measurements after 252000 ops (1000 samples) ---
Throughput = 4784.689 operations/sec (Maximum observed: 9009.009 ops/sec)
Total latency = 3.6724743510309994E7 (+/- 0) us 
Consensus latency = 2357.677794 (+/- 248) us 
Pre-consensus latency = 0.0 (+/- 0) us 
Pos-consensus latency = 3.6722777166927E7 (+/- 0) us 
Propose latency = 630.320233 (+/- 158) us 
Write latency = 164.981208 (+/- 196) us 
Accept latency = 1562.3763529999999 (+/- 81) us 
Batch average size = NaN (+/- 0) requests
LCMessage ByteCount = 55:11
TOMMessage ByteCount = 127679860:406116
StandardSMMessage ByteCount = 424:22
ConsensusMessage ByteCount = 1444025:21882
--- Measurements after 253000 ops (1000 samples) ---
Throughput = 6993.007 operations/sec (Maximum observed: 9009.009 ops/sec)
Total latency = 3.6821230657695E7 (+/- 0) us 
Consensus latency = 2329.280472 (+/- 218) us 
Pre-consensus latency = 0.0 (+/- 0) us 
Pos-consensus latency = 3.681926614557E7 (+/- 0) us 
Propose latency = 553.0475379999999 (+/- 103) us 
Write latency = 251.01778099999999 (+/- 228) us 
Accept latency = 1525.2151529999999 (+/- 144) us 
Batch average size = NaN (+/- 0) requests
LCMessage ByteCount = 55:11
TOMMessage ByteCount = 127953356:406379
StandardSMMessage ByteCount = 424:22
ConsensusMessage ByteCount = 1444025:21882
--- Measurements after 254000 ops (1000 samples) ---
Throughput = 7042.2534 operations/sec (Maximum observed: 9009.009 ops/sec)
Total latency = 3.6904096119118E7 (+/- 0) us 
Consensus latency = 3121.626487 (+/- 2336) us 
Pre-consensus latency = 0.0 (+/- 0) us 
Pos-consensus latency = 3.6901308700598E7 (+/- 0) us 
Propose latency = 1166.370061 (+/- 2061) us 
Write latency = 432.118899 (+/- 1280) us 
Accept latency = 1523.137527 (+/- 91) us 
Batch average size = NaN (+/- 0) requests
LCMessage ByteCount = 55:11
TOMMessage ByteCount = 128251816:406666
StandardSMMessage ByteCount = 424:22
ConsensusMessage ByteCount = 1444025:21882
--- Measurements after 255000 ops (1000 samples) ---
Throughput = 5154.639 operations/sec (Maximum observed: 9009.009 ops/sec)
Total latency = 3.7017609347952E7 (+/- 0) us 
Consensus latency = 2175.216048 (+/- 191) us 
Pre-consensus latency = 0.0 (+/- 0) us 
Pos-consensus latency = 3.7015765360505E7 (+/- 0) us 
Propose latency = 515.820332 (+/- 70) us 
Write latency = 159.065203 (+/- 151) us 
Accept latency = 1500.330513 (+/- 133) us 
Batch average size = NaN (+/- 0) requests
LCMessage ByteCount = 55:11
TOMMessage ByteCount = 128759307:407154
StandardSMMessage ByteCount = 424:22
ConsensusMessage ByteCount = 1444025:21882
--- Measurements after 256000 ops (1000 samples) ---
Throughput = 6172.8394 operations/sec (Maximum observed: 9009.009 ops/sec)
Total latency = 3.7142040711598E7 (+/- 0) us 
Consensus latency = 2306.5418760000002 (+/- 180) us 
Pre-consensus latency = 0.0 (+/- 0) us 
Pos-consensus latency = 3.7140075230367996E7 (+/- 0) us 
Propose latency = 561.559432 (+/- 116) us 
Write latency = 175.99712599999998 (+/- 175) us 
Accept latency = 1568.985318 (+/- 129) us 
Batch average size = NaN (+/- 0) requests
LCMessage ByteCount = 55:11
TOMMessage ByteCount = 129286547:407661
StandardSMMessage ByteCount = 424:22
ConsensusMessage ByteCount = 1444025:21882
--- Measurements after 257000 ops (1000 samples) ---
Throughput = 6578.9473 operations/sec (Maximum observed: 9009.009 ops/sec)
Total latency = 3.7243279322523005E7 (+/- 0) us 
Consensus latency = 2192.9371929999998 (+/- 127) us 
Pre-consensus latency = 0.0 (+/- 0) us 
Pos-consensus latency = 3.7241423210245006E7 (+/- 0) us 
Propose latency = 542.100032 (+/- 59) us 
Write latency = 123.293928 (+/- 76) us 
Accept latency = 1527.543233 (+/- 145) us 
Batch average size = NaN (+/- 0) requests
LCMessage ByteCount = 55:11
TOMMessage ByteCount = 129565247:407929
StandardSMMessage ByteCount = 424:22
ConsensusMessage ByteCount = 1444025:21882
--- Measurements after 258000 ops (1000 samples) ---
Throughput = 6493.5063 operations/sec (Maximum observed: 9009.009 ops/sec)
Total latency = 3.7341115683225E7 (+/- 0) us 
Consensus latency = 2243.56007 (+/- 104) us 
Pre-consensus latency = 0.0 (+/- 0) us 
Pos-consensus latency = 3.7339219438897006E7 (+/- 0) us 
Propose latency = 592.975914 (+/- 65) us 
Write latency = 95.131068 (+/- 8) us 
Accept latency = 1555.453088 (+/- 74) us 
Batch average size = NaN (+/- 0) requests
LCMessage ByteCount = 55:11
TOMMessage ByteCount = 129733715:408091
StandardSMMessage ByteCount = 424:22
ConsensusMessage ByteCount = 1444025:21882
--- Measurements after 259000 ops (1000 samples) ---
Throughput = 5780.3467 operations/sec (Maximum observed: 9009.009 ops/sec)
Total latency = 3.7454053115995005E7 (+/- 0) us 
Consensus latency = 2719.721977 (+/- 530) us 
Pre-consensus latency = 0.0 (+/- 0) us 
Pos-consensus latency = 3.7451876132889E7 (+/- 0) us 
Propose latency = 882.809608 (+/- 394) us 
Write latency = 399.485739 (+/- 368) us 
Accept latency = 1437.42663 (+/- 237) us 
Batch average size = NaN (+/- 0) requests
LCMessage ByteCount = 55:11
TOMMessage ByteCount = 130198567:408538
StandardSMMessage ByteCount = 424:22
ConsensusMessage ByteCount = 1444025:21882
--- Measurements after 260000 ops (1000 samples) ---
Throughput = 6535.9478 operations/sec (Maximum observed: 9009.009 ops/sec)
Total latency = 3.7553254512167E7 (+/- 0) us 
Consensus latency = 2405.7075090000003 (+/- 742) us 
Pre-consensus latency = 0.0 (+/- 0) us 
Pos-consensus latency = 3.7551386502909E7 (+/- 0) us 
Propose latency = 790.084382 (+/- 728) us 
Write latency = 95.801755 (+/- 16) us 
Accept latency = 1519.8213719999999 (+/- 171) us 
Batch average size = NaN (+/- 0) requests
LCMessage ByteCount = 55:11
TOMMessage ByteCount = 130610381:408934
StandardSMMessage ByteCount = 424:22
ConsensusMessage ByteCount = 1444025:21882
--- Measurements after 261000 ops (1000 samples) ---
Throughput = 6622.5166 operations/sec (Maximum observed: 9009.009 ops/sec)
Total latency = 3.7650776328055E7 (+/- 0) us 
Consensus latency = 2260.655437 (+/- 121) us 
Pre-consensus latency = 0.0 (+/- 0) us 
Pos-consensus latency = 3.7648877383686E7 (+/- 0) us 
Propose latency = 624.574407 (+/- 88) us 
Write latency = 123.22167 (+/- 78) us 
Accept latency = 1512.8593600000002 (+/- 101) us 
Batch average size = NaN (+/- 0) requests
LCMessage ByteCount = 55:11
TOMMessage ByteCount = 130997227:409306
StandardSMMessage ByteCount = 424:22
ConsensusMessage ByteCount = 1444025:21882
--- Measurements after 262000 ops (1000 samples) ---
Throughput = 5747.1265 operations/sec (Maximum observed: 9009.009 ops/sec)
Total latency = 3.7759874427186E7 (+/- 0) us 
Consensus latency = 2192.841711 (+/- 176) us 
Pre-consensus latency = 0.0 (+/- 0) us 
Pos-consensus latency = 3.775800736496399E7 (+/- 0) us 
Propose latency = 546.957414 (+/- 61) us 
Write latency = 125.001975 (+/- 99) us 
Accept latency = 1520.882322 (+/- 139) us 
Batch average size = NaN (+/- 0) requests
LCMessage ByteCount = 55:11
TOMMessage ByteCount = 131289450:409587
StandardSMMessage ByteCount = 424:22
ConsensusMessage ByteCount = 1444025:21882
--- Measurements after 263000 ops (1000 samples) ---
Throughput = 6578.9473 operations/sec (Maximum observed: 9009.009 ops/sec)
Total latency = 3.7863859361332E7 (+/- 0) us 
Consensus latency = 2259.882022 (+/- 214) us 
Pre-consensus latency = 0.0 (+/- 0) us 
Pos-consensus latency = 3.7861934679487996E7 (+/- 0) us 
Propose latency = 560.4223020000001 (+/- 74) us 
Write latency = 148.069832 (+/- 138) us 
Accept latency = 1551.389888 (+/- 163) us 
Batch average size = NaN (+/- 0) requests
LCMessage ByteCount = 55:11
TOMMessage ByteCount = 131508874:409798
StandardSMMessage ByteCount = 424:22
ConsensusMessage ByteCount = 1444025:21882
--- Measurements after 264000 ops (1000 samples) ---
Throughput = 6622.5166 operations/sec (Maximum observed: 9009.009 ops/sec)
Total latency = 3.7959777922286004E7 (+/- 0) us 
Consensus latency = 2369.921011 (+/- 234) us 
Pre-consensus latency = 0.0 (+/- 0) us 
Pos-consensus latency = 3.7957776678206004E7 (+/- 0) us 
Propose latency = 608.192593 (+/- 83) us 
Write latency = 202.924757 (+/- 218) us 
Accept latency = 1558.8036610000001 (+/- 146) us 
Batch average size = NaN (+/- 0) requests
LCMessage ByteCount = 55:11
TOMMessage ByteCount = 131755334:410035
StandardSMMessage ByteCount = 424:22
ConsensusMessage ByteCount = 1444025:21882
--- Measurements after 265000 ops (1000 samples) ---
Throughput = 5747.1265 operations/sec (Maximum observed: 9009.009 ops/sec)
Total latency = 3.8056469316567004E7 (+/- 0) us 
Consensus latency = 2392.296695 (+/- 197) us 
Pre-consensus latency = 0.0 (+/- 0) us 
Pos-consensus latency = 3.8054440464325994E7 (+/- 0) us 
Propose latency = 650.6310629999999 (+/- 147) us 
Write latency = 163.917201 (+/- 124) us 
Accept latency = 1577.7484310000002 (+/- 107) us 
Batch average size = NaN (+/- 0) requests
LCMessage ByteCount = 55:11
TOMMessage ByteCount = 132168184:410432
StandardSMMessage ByteCount = 424:22
ConsensusMessage ByteCount = 1444025:21882
--- Measurements after 266000 ops (1000 samples) ---
Throughput = 5917.1597 operations/sec (Maximum observed: 9009.009 ops/sec)
Total latency = 3.8187306956213E7 (+/- 0) us 
Consensus latency = 2441.220266 (+/- 645) us 
Pre-consensus latency = 0.0 (+/- 0) us 
Pos-consensus latency = 3.8185398784122005E7 (+/- 0) us 
Propose latency = 792.226721 (+/- 653) us 
Write latency = 137.25595800000002 (+/- 121) us 
Accept latency = 1511.737587 (+/- 124) us 
Batch average size = NaN (+/- 0) requests
LCMessage ByteCount = 55:11
TOMMessage ByteCount = 132456247:410709
StandardSMMessage ByteCount = 424:22
ConsensusMessage ByteCount = 1444025:21882
--- Measurements after 267000 ops (1000 samples) ---
Throughput = 7407.407 operations/sec (Maximum observed: 9009.009 ops/sec)
Total latency = 3.8281588894908994E7 (+/- 0) us 
Consensus latency = 2183.371554 (+/- 119) us 
Pre-consensus latency = 0.0 (+/- 0) us 
Pos-consensus latency = 3.8279725553311E7 (+/- 0) us 
Propose latency = 554.168238 (+/- 69) us 
Write latency = 110.35959299999999 (+/- 60) us 
Accept latency = 1518.843723 (+/- 110) us 
Batch average size = NaN (+/- 0) requests
LCMessage ByteCount = 55:11
TOMMessage ByteCount = 132597681:410845
StandardSMMessage ByteCount = 424:22
ConsensusMessage ByteCount = 1444025:21882
--- Measurements after 268000 ops (1000 samples) ---
Throughput = 7299.27 operations/sec (Maximum observed: 9009.009 ops/sec)
Total latency = 3.8358288231282994E7 (+/- 0) us 
Consensus latency = 2239.654191 (+/- 156) us 
Pre-consensus latency = 0.0 (+/- 0) us 
Pos-consensus latency = 3.8356369681361E7 (+/- 0) us 
Propose latency = 561.716243 (+/- 66) us 
Write latency = 150.413296 (+/- 119) us 
Accept latency = 1527.524652 (+/- 177) us 
Batch average size = NaN (+/- 0) requests
LCMessage ByteCount = 55:11
TOMMessage ByteCount = 132734952:410977
StandardSMMessage ByteCount = 424:22
ConsensusMessage ByteCount = 1444025:21882
--- Measurements after 269000 ops (1000 samples) ---
Throughput = 5291.0054 operations/sec (Maximum observed: 9009.009 ops/sec)
Total latency = 3.8467660853258006E7 (+/- 0) us 
Consensus latency = 2303.9395329999998 (+/- 155) us 
Pre-consensus latency = 0.0 (+/- 0) us 
Pos-consensus latency = 3.846571247496E7 (+/- 0) us 
Propose latency = 606.803522 (+/- 64) us 
Write latency = 172.18864499999998 (+/- 156) us 
Accept latency = 1524.9473659999999 (+/- 82) us 
Batch average size = NaN (+/- 0) requests
LCMessage ByteCount = 55:11
TOMMessage ByteCount = 132945018:411179
StandardSMMessage ByteCount = 424:22
ConsensusMessage ByteCount = 1444025:21882
--- Measurements after 270000 ops (1000 samples) ---
Throughput = 6493.5063 operations/sec (Maximum observed: 9009.009 ops/sec)
Total latency = 3.8582487407108E7 (+/- 0) us 
Consensus latency = 2287.886182 (+/- 191) us 
Pre-consensus latency = 0.0 (+/- 0) us 
Pos-consensus latency = 3.8580557487194E7 (+/- 0) us 
Propose latency = 608.11087 (+/- 32) us 
Write latency = 114.253374 (+/- 74) us 
Accept latency = 1565.521938 (+/- 133) us 
Batch average size = NaN (+/- 0) requests
LCMessage ByteCount = 55:11
TOMMessage ByteCount = 132956458:411190
StandardSMMessage ByteCount = 424:22
ConsensusMessage ByteCount = 1444025:21882
--- Measurements after 271000 ops (1000 samples) ---
Throughput = 6451.613 operations/sec (Maximum observed: 9009.009 ops/sec)
Total latency = 3.8680891818601996E7 (+/- 0) us 
Consensus latency = 2415.770513 (+/- 224) us 
Pre-consensus latency = 0.0 (+/- 0) us 
Pos-consensus latency = 3.8678863232954E7 (+/- 0) us 
Propose latency = 637.0384640000001 (+/- 73) us 
Write latency = 175.53029800000002 (+/- 232) us 
Accept latency = 1603.2017509999998 (+/- 206) us 
Batch average size = NaN (+/- 0) requests
LCMessage ByteCount = 55:11
TOMMessage ByteCount = 132960618:411194
StandardSMMessage ByteCount = 424:22
ConsensusMessage ByteCount = 1444025:21882
--- Measurements after 272000 ops (1000 samples) ---
Throughput = 6711.409 operations/sec (Maximum observed: 9009.009 ops/sec)
Total latency = 3.8774775725404E7 (+/- 0) us 
Consensus latency = 3037.222529 (+/- 3035) us 
Pre-consensus latency = 0.0 (+/- 0) us 
Pos-consensus latency = 3.8772086955454E7 (+/- 0) us 
Propose latency = 577.946871 (+/- 160) us 
Write latency = 153.850546 (+/- 220) us 
Accept latency = 2305.4251120000004 (+/- 3027) us 
Batch average size = NaN (+/- 0) requests
LCMessage ByteCount = 55:11
TOMMessage ByteCount = 132977255:411210
StandardSMMessage ByteCount = 424:22
ConsensusMessage ByteCount = 1444025:21882
--- Measurements after 273000 ops (1000 samples) ---
Throughput = 6369.427 operations/sec (Maximum observed: 9009.009 ops/sec)
Total latency = 3.8885749007892996E7 (+/- 0) us 
Consensus latency = 2306.904453 (+/- 214) us 
Pre-consensus latency = 0.0 (+/- 0) us 
Pos-consensus latency = 3.8883797221818E7 (+/- 0) us 
Propose latency = 546.37446 (+/- 58) us 
Write latency = 145.141875 (+/- 100) us 
Accept latency = 1615.388118 (+/- 193) us 
Batch average size = NaN (+/- 0) requests
LCMessage ByteCount = 55:11
TOMMessage ByteCount = 133006373:411238
StandardSMMessage ByteCount = 424:22
ConsensusMessage ByteCount = 1444025:21882
--- Measurements after 274000 ops (1000 samples) ---
Throughput = 7194.2446 operations/sec (Maximum observed: 9009.009 ops/sec)
Total latency = 3.8964449319218E7 (+/- 0) us 
Consensus latency = 2186.14494 (+/- 281) us 
Pre-consensus latency = 0.0 (+/- 0) us 
Pos-consensus latency = 3.8962566550426E7 (+/- 0) us 
Propose latency = 469.483544 (+/- 111) us 
Write latency = 165.076539 (+/- 136) us 
Accept latency = 1551.584857 (+/- 183) us 
Batch average size = NaN (+/- 0) requests
LCMessage ByteCount = 55:11
TOMMessage ByteCount = 133189401:411414
StandardSMMessage ByteCount = 424:22
ConsensusMessage ByteCount = 1444025:21882
--- Measurements after 275000 ops (1000 samples) ---
Throughput = 7518.797 operations/sec (Maximum observed: 9009.009 ops/sec)
Total latency = 3.9044458969142996E7 (+/- 0) us 
Consensus latency = 2233.5482700000002 (+/- 179) us 
Pre-consensus latency = 0.0 (+/- 0) us 
Pos-consensus latency = 3.904253706761E7 (+/- 0) us 
Propose latency = 495.825811 (+/- 83) us 
Write latency = 142.74770999999998 (+/- 107) us 
Accept latency = 1594.974749 (+/- 160) us 
Batch average size = NaN (+/- 0) requests
LCMessage ByteCount = 55:11
TOMMessage ByteCount = 133347469:411566
StandardSMMessage ByteCount = 424:22
ConsensusMessage ByteCount = 1444025:21882
--- Measurements after 276000 ops (1000 samples) ---
Throughput = 4807.6924 operations/sec (Maximum observed: 9009.009 ops/sec)
Total latency = 3.9147562354682E7 (+/- 0) us 
Consensus latency = 2319.8226400000003 (+/- 294) us 
Pre-consensus latency = 0.0 (+/- 0) us 
Pos-consensus latency = 3.9145578477085E7 (+/- 0) us 
Propose latency = 510.915884 (+/- 69) us 
Write latency = 202.204441 (+/- 155) us 
Accept latency = 1606.702315 (+/- 256) us 
Batch average size = NaN (+/- 0) requests
LCMessage ByteCount = 55:11
TOMMessage ByteCount = 133881984:412080
StandardSMMessage ByteCount = 424:22
ConsensusMessage ByteCount = 1444025:21882
--- Measurements after 277000 ops (1000 samples) ---
Throughput = 6896.552 operations/sec (Maximum observed: 9009.009 ops/sec)
Total latency = 3.9283039009904E7 (+/- 0) us 
Consensus latency = 2198.0589849999997 (+/- 161) us 
Pre-consensus latency = 0.0 (+/- 0) us 
Pos-consensus latency = 3.9281184596971E7 (+/- 0) us 
Propose latency = 510.81074800000005 (+/- 70) us 
Write latency = 133.092332 (+/- 88) us 
Accept latency = 1554.155905 (+/- 187) us 
Batch average size = NaN (+/- 0) requests
LCMessage ByteCount = 55:11
TOMMessage ByteCount = 134280276:412463
StandardSMMessage ByteCount = 424:22
ConsensusMessage ByteCount = 1444025:21882
--- Measurements after 278000 ops (1000 samples) ---
Throughput = 7042.2534 operations/sec (Maximum observed: 9009.009 ops/sec)
Total latency = 3.9366723635165E7 (+/- 0) us 
Consensus latency = 3002.209537 (+/- 2131) us 
Pre-consensus latency = 0.0 (+/- 0) us 
Pos-consensus latency = 3.9364165043425E7 (+/- 0) us 
Propose latency = 702.120857 (+/- 281) us 
Write latency = 189.532352 (+/- 150) us 
Accept latency = 2110.556328 (+/- 2107) us 
Batch average size = NaN (+/- 0) requests
LCMessage ByteCount = 55:11
TOMMessage ByteCount = 134662973:412831
StandardSMMessage ByteCount = 424:22
ConsensusMessage ByteCount = 1444025:21882
--- Measurements after 279000 ops (1000 samples) ---
Throughput = 7462.6865 operations/sec (Maximum observed: 9009.009 ops/sec)
Total latency = 3.9453967060579E7 (+/- 0) us 
Consensus latency = 2221.4347540000003 (+/- 147) us 
Pre-consensus latency = 0.0 (+/- 0) us 
Pos-consensus latency = 3.9452102349448994E7 (+/- 0) us 
Propose latency = 536.05774 (+/- 90) us 
Write latency = 180.513354 (+/- 155) us 
Accept latency = 1504.86366 (+/- 110) us 
Batch average size = NaN (+/- 0) requests
LCMessage ByteCount = 55:11
TOMMessage ByteCount = 134910476:413069
StandardSMMessage ByteCount = 424:22
ConsensusMessage ByteCount = 1444025:21882
--- Measurements after 280000 ops (1000 samples) ---
Throughput = 3831.4177 operations/sec (Maximum observed: 9009.009 ops/sec)
Total latency = 3.9599008120365E7 (+/- 0) us 
Consensus latency = 2144.038043 (+/- 151) us 
Pre-consensus latency = 0.0 (+/- 0) us 
Pos-consensus latency = 3.9597205273123E7 (+/- 0) us 
Propose latency = 518.341439 (+/- 66) us 
Write latency = 151.706532 (+/- 129) us 
Accept latency = 1473.9900719999998 (+/- 120) us 
Batch average size = NaN (+/- 0) requests
LCMessage ByteCount = 55:11
TOMMessage ByteCount = 135320208:413463
StandardSMMessage ByteCount = 424:22
ConsensusMessage ByteCount = 1444025:21882
--- Measurements after 281000 ops (1000 samples) ---
Throughput = 6896.552 operations/sec (Maximum observed: 9009.009 ops/sec)
Total latency = 3.9746182300138004E7 (+/- 0) us 
Consensus latency = 2209.2974700000004 (+/- 119) us 
Pre-consensus latency = 0.0 (+/- 0) us 
Pos-consensus latency = 3.9744351847897E7 (+/- 0) us 
Propose latency = 578.9798519999999 (+/- 72) us 
Write latency = 110.84096000000001 (+/- 92) us 
Accept latency = 1519.476658 (+/- 110) us 
Batch average size = NaN (+/- 0) requests
LCMessage ByteCount = 55:11
TOMMessage ByteCount = 135493879:413630
StandardSMMessage ByteCount = 424:22
ConsensusMessage ByteCount = 1444025:21882
--- Measurements after 282000 ops (1000 samples) ---
Throughput = 6410.2563 operations/sec (Maximum observed: 9009.009 ops/sec)
Total latency = 3.9844643720460996E7 (+/- 0) us 
Consensus latency = 2266.835358 (+/- 174) us 
Pre-consensus latency = 0.0 (+/- 0) us 
Pos-consensus latency = 3.9842784323212996E7 (+/- 0) us 
Propose latency = 625.455775 (+/- 168) us 
Write latency = 140.707168 (+/- 96) us 
Accept latency = 1500.672415 (+/- 120) us 
Batch average size = NaN (+/- 0) requests
LCMessage ByteCount = 55:11
TOMMessage ByteCount = 135778820:413904
StandardSMMessage ByteCount = 424:22
ConsensusMessage ByteCount = 1444025:21882
--- Measurements after 283000 ops (1000 samples) ---
Throughput = 4672.897 operations/sec (Maximum observed: 9009.009 ops/sec)
Total latency = 3.9934784339163005E7 (+/- 0) us 
Consensus latency = 2277.915156 (+/- 179) us 
Pre-consensus latency = 0.0 (+/- 0) us 
Pos-consensus latency = 3.9932873551238E7 (+/- 0) us 
Propose latency = 589.634098 (+/- 58) us 
Write latency = 219.382441 (+/- 200) us 
Accept latency = 1468.898617 (+/- 122) us 
Batch average size = NaN (+/- 0) requests
LCMessage ByteCount = 55:11
TOMMessage ByteCount = 135836016:413959
StandardSMMessage ByteCount = 424:22
ConsensusMessage ByteCount = 1444025:21882
--- Measurements after 284000 ops (1000 samples) ---
Throughput = 7462.6865 operations/sec (Maximum observed: 9009.009 ops/sec)
Total latency = 4.0086371792818E7 (+/- 0) us 
Consensus latency = 2321.997424 (+/- 203) us 
Pre-consensus latency = 0.0 (+/- 0) us 
Pos-consensus latency = 4.0084528383912005E7 (+/- 0) us 
Propose latency = 742.6164570000001 (+/- 226) us 
Write latency = 111.771754 (+/- 77) us 
Accept latency = 1467.609213 (+/- 89) us 
Batch average size = NaN (+/- 0) requests
LCMessage ByteCount = 55:11
TOMMessage ByteCount = 135846416:413969
StandardSMMessage ByteCount = 424:22
ConsensusMessage ByteCount = 1444025:21882
--- Measurements after 285000 ops (1000 samples) ---
Throughput = 8000.0 operations/sec (Maximum observed: 9009.009 ops/sec)
Total latency = 4.0161702976182E7 (+/- 0) us 
Consensus latency = 2221.487893 (+/- 149) us 
Pre-consensus latency = 0.0 (+/- 0) us 
Pos-consensus latency = 4.0159791822952E7 (+/- 0) us 
Propose latency = 520.392289 (+/- 105) us 
Write latency = 189.206407 (+/- 141) us 
Accept latency = 1511.889197 (+/- 196) us 
Batch average size = NaN (+/- 0) requests
LCMessage ByteCount = 55:11
TOMMessage ByteCount = 135852654:413975
StandardSMMessage ByteCount = 424:22
ConsensusMessage ByteCount = 1444025:21882
--- Measurements after 286000 ops (1000 samples) ---
Throughput = 8130.0815 operations/sec (Maximum observed: 9009.009 ops/sec)
Total latency = 4.0231505793187E7 (+/- 0) us 
Consensus latency = 2339.582829 (+/- 213) us 
Pre-consensus latency = 0.0 (+/- 0) us 
Pos-consensus latency = 4.0229506837585E7 (+/- 0) us 
Propose latency = 533.840758 (+/- 75) us 
Write latency = 247.59304600000002 (+/- 205) us 
Accept latency = 1558.149025 (+/- 201) us 
Batch average size = NaN (+/- 0) requests
LCMessage ByteCount = 55:11
TOMMessage ByteCount = 135864094:413986
StandardSMMessage ByteCount = 424:22
ConsensusMessage ByteCount = 1444025:21882
--- Measurements after 287000 ops (1000 samples) ---
Throughput = 5494.5054 operations/sec (Maximum observed: 9009.009 ops/sec)
Total latency = 4.0325172966638E7 (+/- 0) us 
Consensus latency = 2336.474275 (+/- 180) us 
Pre-consensus latency = 0.0 (+/- 0) us 
Pos-consensus latency = 4.0323186464200996E7 (+/- 0) us 
Propose latency = 562.188892 (+/- 66) us 
Write latency = 182.47333300000003 (+/- 110) us 
Accept latency = 1591.81205 (+/- 167) us 
Batch average size = NaN (+/- 0) requests
LCMessage ByteCount = 55:11
TOMMessage ByteCount = 135879693:414001
StandardSMMessage ByteCount = 424:22
ConsensusMessage ByteCount = 1444025:21882
--- Measurements after 288000 ops (1000 samples) ---
Throughput = 7518.797 operations/sec (Maximum observed: 9009.009 ops/sec)
Total latency = 4.042768355505E7 (+/- 0) us 
Consensus latency = 2296.636201 (+/- 237) us 
Pre-consensus latency = 0.0 (+/- 0) us 
Pos-consensus latency = 4.0425723598113E7 (+/- 0) us 
Propose latency = 538.702688 (+/- 60) us 
Write latency = 279.41373200000004 (+/- 250) us 
Accept latency = 1478.519781 (+/- 115) us 
Batch average size = NaN (+/- 0) requests
LCMessage ByteCount = 55:11
TOMMessage ByteCount = 136032565:414148
StandardSMMessage ByteCount = 424:22
ConsensusMessage ByteCount = 1444025:21882
--- Measurements after 289000 ops (1000 samples) ---
Throughput = 7462.6865 operations/sec (Maximum observed: 9009.009 ops/sec)
Total latency = 4.0508844816485E7 (+/- 0) us 
Consensus latency = 2196.593969 (+/- 222) us 
Pre-consensus latency = 0.0 (+/- 0) us 
Pos-consensus latency = 4.050695600745E7 (+/- 0) us 
Propose latency = 506.261597 (+/- 69) us 
Write latency = 151.394883 (+/- 91) us 
Accept latency = 1538.9374890000001 (+/- 168) us 
Batch average size = NaN (+/- 0) requests
LCMessage ByteCount = 55:11
TOMMessage ByteCount = 136213517:414322
StandardSMMessage ByteCount = 424:22
ConsensusMessage ByteCount = 1444025:21882
--- Measurements after 290000 ops (1000 samples) ---
Throughput = 7462.6865 operations/sec (Maximum observed: 9009.009 ops/sec)
Total latency = 4.0586153201239996E7 (+/- 0) us 
Consensus latency = 2556.381727 (+/- 509) us 
Pre-consensus latency = 0.0 (+/- 0) us 
Pos-consensus latency = 4.0584041958154E7 (+/- 0) us 
Propose latency = 867.7086330000001 (+/- 476) us 
Write latency = 212.71471 (+/- 278) us 
Accept latency = 1475.958384 (+/- 63) us 
Batch average size = NaN (+/- 0) requests
LCMessage ByteCount = 55:11
TOMMessage ByteCount = 136374701:414477
StandardSMMessage ByteCount = 424:22
ConsensusMessage ByteCount = 1444025:21882
--- Measurements after 291000 ops (1000 samples) ---
Throughput = 5376.344 operations/sec (Maximum observed: 9009.009 ops/sec)
Total latency = 4.0699313500004E7 (+/- 0) us 
Consensus latency = 2265.414158 (+/- 125) us 
Pre-consensus latency = 0.0 (+/- 0) us 
Pos-consensus latency = 4.0697382399122E7 (+/- 0) us 
Propose latency = 592.5067120000001 (+/- 65) us 
Write latency = 156.03713399999998 (+/- 115) us 
Accept latency = 1516.870312 (+/- 100) us 
Batch average size = NaN (+/- 0) requests
LCMessage ByteCount = 55:11
TOMMessage ByteCount = 136548374:414644
StandardSMMessage ByteCount = 424:22
ConsensusMessage ByteCount = 1444025:21882
--- Measurements after 292000 ops (1000 samples) ---
Throughput = 4672.897 operations/sec (Maximum observed: 9009.009 ops/sec)
Total latency = 4.0839160175466E7 (+/- 0) us 
Consensus latency = 2316.3002859999997 (+/- 196) us 
Pre-consensus latency = 0.0 (+/- 0) us 
Pos-consensus latency = 4.0837175532267E7 (+/- 0) us 
Propose latency = 570.121688 (+/- 68) us 
Write latency = 160.07953 (+/- 104) us 
Accept latency = 1586.099068 (+/- 153) us 
Batch average size = NaN (+/- 0) requests
LCMessage ByteCount = 55:11
TOMMessage ByteCount = 136882189:414965
StandardSMMessage ByteCount = 424:22
ConsensusMessage ByteCount = 1444025:21882
--- Measurements after 293000 ops (1000 samples) ---
Throughput = 4694.8354 operations/sec (Maximum observed: 9009.009 ops/sec)
Total latency = 4.09960356531E7 (+/- 0) us 
Consensus latency = 2302.255996 (+/- 273) us 
Pre-consensus latency = 0.0 (+/- 0) us 
Pos-consensus latency = 4.0994064899814E7 (+/- 0) us 
Propose latency = 576.776992 (+/- 66) us 
Write latency = 226.616308 (+/- 255) us 
Accept latency = 1498.862696 (+/- 192) us 
Batch average size = NaN (+/- 0) requests
LCMessage ByteCount = 55:11
TOMMessage ByteCount = 137138016:415211
StandardSMMessage ByteCount = 424:22
ConsensusMessage ByteCount = 1444025:21882
--- Measurements after 294000 ops (1000 samples) ---
Throughput = 5050.505 operations/sec (Maximum observed: 9009.009 ops/sec)
Total latency = 4.1153372160117E7 (+/- 0) us 
Consensus latency = 2202.772911 (+/- 140) us 
Pre-consensus latency = 0.0 (+/- 0) us 
Pos-consensus latency = 4.1151488228607E7 (+/- 0) us 
Propose latency = 565.0453229999999 (+/- 102) us 
Write latency = 118.03575 (+/- 59) us 
Accept latency = 1519.691838 (+/- 128) us 
Batch average size = NaN (+/- 0) requests
LCMessage ByteCount = 55:11
TOMMessage ByteCount = 137407361:415470
StandardSMMessage ByteCount = 424:22
ConsensusMessage ByteCount = 1444025:21882
--- Measurements after 295000 ops (1000 samples) ---
Throughput = 7518.797 operations/sec (Maximum observed: 9009.009 ops/sec)
Total latency = 4.1255206799610004E7 (+/- 0) us 
Consensus latency = 2159.296383 (+/- 243) us 
Pre-consensus latency = 0.0 (+/- 0) us 
Pos-consensus latency = 4.1253343073358E7 (+/- 0) us 
Propose latency = 447.70910200000003 (+/- 105) us 
Write latency = 257.501141 (+/- 188) us 
Accept latency = 1454.08614 (+/- 162) us 
Batch average size = NaN (+/- 0) requests
LCMessage ByteCount = 55:11
TOMMessage ByteCount = 137549831:415607
StandardSMMessage ByteCount = 424:22
ConsensusMessage ByteCount = 1444025:21882
--- Measurements after 296000 ops (1000 samples) ---
Throughput = 3690.0369 operations/sec (Maximum observed: 9009.009 ops/sec)
Total latency = 4.1383660671043E7 (+/- 0) us 
Consensus latency = 2748.94995 (+/- 1311) us 
Pre-consensus latency = 0.0 (+/- 0) us 
Pos-consensus latency = 4.1381276202206E7 (+/- 0) us 
Propose latency = 736.4273079999999 (+/- 579) us 
Write latency = 125.04089900000001 (+/- 97) us 
Accept latency = 1887.481743 (+/- 1291) us 
Batch average size = NaN (+/- 0) requests
LCMessage ByteCount = 55:11
TOMMessage ByteCount = 137737019:415787
StandardSMMessage ByteCount = 424:22
ConsensusMessage ByteCount = 1444025:21882
--- Measurements after 297000 ops (1000 samples) ---
Throughput = 4545.4546 operations/sec (Maximum observed: 9009.009 ops/sec)
Total latency = 4.1595928058246E7 (+/- 0) us 
Consensus latency = 2414.05604 (+/- 566) us 
Pre-consensus latency = 0.0 (+/- 0) us 
Pos-consensus latency = 4.1593915372209996E7 (+/- 0) us 
Propose latency = 782.625517 (+/- 610) us 
Write latency = 162.137112 (+/- 126) us 
Accept latency = 1469.293411 (+/- 136) us 
Batch average size = NaN (+/- 0) requests
LCMessage ByteCount = 55:11
TOMMessage ByteCount = 137766136:415815
StandardSMMessage ByteCount = 424:22
ConsensusMessage ByteCount = 1444025:21882
--- Measurements after 298000 ops (1000 samples) ---
Throughput = 4830.918 operations/sec (Maximum observed: 9009.009 ops/sec)
Total latency = 4.1750938991512E7 (+/- 0) us 
Consensus latency = 2302.840529 (+/- 206) us 
Pre-consensus latency = 0.0 (+/- 0) us 
Pos-consensus latency = 4.17489904871E7 (+/- 0) us 
Propose latency = 591.134488 (+/- 86) us 
Write latency = 178.050151 (+/- 148) us 
Accept latency = 1533.65589 (+/- 137) us 
Batch average size = NaN (+/- 0) requests
LCMessage ByteCount = 55:11
TOMMessage ByteCount = 137841009:415887
StandardSMMessage ByteCount = 424:22
ConsensusMessage ByteCount = 1444025:21882
--- Measurements after 299000 ops (1000 samples) ---
Throughput = 4830.918 operations/sec (Maximum observed: 9009.009 ops/sec)
Total latency = 4.1902495592124E7 (+/- 0) us 
Consensus latency = 2079.993004 (+/- 163) us 
Pre-consensus latency = 0.0 (+/- 0) us 
Pos-consensus latency = 4.1900717898150004E7 (+/- 0) us 
Propose latency = 474.91654 (+/- 95) us 
Write latency = 163.544285 (+/- 134) us 
Accept latency = 1441.532179 (+/- 121) us 
Batch average size = NaN (+/- 0) requests
LCMessage ByteCount = 55:11
TOMMessage ByteCount = 138259067:416289
StandardSMMessage ByteCount = 424:22
ConsensusMessage ByteCount = 1444025:21882
--- Measurements after 300000 ops (1000 samples) ---
Throughput = 3584.2295 operations/sec (Maximum observed: 9009.009 ops/sec)
Total latency = 4.2114770767826E7 (+/- 0) us 
Consensus latency = 2286.836101 (+/- 156) us 
Pre-consensus latency = 0.0 (+/- 0) us 
Pos-consensus latency = 4.2112829172061E7 (+/- 0) us 
Propose latency = 553.6079560000001 (+/- 94) us 
Write latency = 198.16423 (+/- 176) us 
Accept latency = 1535.063915 (+/- 170) us 
Batch average size = NaN (+/- 0) requests
LCMessage ByteCount = 55:11
TOMMessage ByteCount = 138880943:416887
StandardSMMessage ByteCount = 424:22
ConsensusMessage ByteCount = 1444025:21882
--- Measurements after 301000 ops (1000 samples) ---
Throughput = 4608.295 operations/sec (Maximum observed: 9009.009 ops/sec)
Total latency = 4.227886099386E7 (+/- 0) us 
Consensus latency = 2138.0074290000002 (+/- 128) us 
Pre-consensus latency = 0.0 (+/- 0) us 
Pos-consensus latency = 4.2277069282776E7 (+/- 0) us 
Propose latency = 530.624289 (+/- 72) us 
Write latency = 94.08928200000001 (+/- 29) us 
Accept latency = 1513.293858 (+/- 124) us 
Batch average size = NaN (+/- 0) requests
LCMessage ByteCount = 55:11
TOMMessage ByteCount = 138928780:416933
StandardSMMessage ByteCount = 424:22
ConsensusMessage ByteCount = 1444025:21882
--- Measurements after 302000 ops (1000 samples) ---
Throughput = 4807.6924 operations/sec (Maximum observed: 9009.009 ops/sec)
Total latency = 4.2439681990733005E7 (+/- 0) us 
Consensus latency = 2632.948623 (+/- 1478) us 
Pre-consensus latency = 0.0 (+/- 0) us 
Pos-consensus latency = 4.2437412887888E7 (+/- 0) us 
Propose latency = 566.597753 (+/- 123) us 
Write latency = 150.629873 (+/- 133) us 
Accept latency = 1915.720997 (+/- 1510) us 
Batch average size = NaN (+/- 0) requests
LCMessage ByteCount = 55:11
TOMMessage ByteCount = 138932939:416937
StandardSMMessage ByteCount = 424:22
ConsensusMessage ByteCount = 1444025:21882
--- Measurements after 303000 ops (1000 samples) ---
Throughput = 3891.0505 operations/sec (Maximum observed: 9009.009 ops/sec)
Total latency = 4.2600109471411005E7 (+/- 0) us 
Consensus latency = 2253.81069 (+/- 239) us 
Pre-consensus latency = 0.0 (+/- 0) us 
Pos-consensus latency = 4.2598221065969005E7 (+/- 0) us 
Propose latency = 606.3316659999999 (+/- 189) us 
Write latency = 271.22475799999995 (+/- 279) us 
Accept latency = 1376.2542660000001 (+/- 218) us 
Batch average size = NaN (+/- 0) requests
LCMessage ByteCount = 55:11
TOMMessage ByteCount = 138943337:416947
StandardSMMessage ByteCount = 424:22
ConsensusMessage ByteCount = 1444025:21882
--- Measurements after 304000 ops (1000 samples) ---
Throughput = 4807.6924 operations/sec (Maximum observed: 9009.009 ops/sec)
Total latency = 4.2793027176014E7 (+/- 0) us 
Consensus latency = 2206.178988 (+/- 179) us 
Pre-consensus latency = 0.0 (+/- 0) us 
Pos-consensus latency = 4.2791171100836E7 (+/- 0) us 
Propose latency = 540.3160379999999 (+/- 83) us 
Write latency = 166.16460800000002 (+/- 107) us 
Accept latency = 1499.698342 (+/- 202) us 
Batch average size = NaN (+/- 0) requests
LCMessage ByteCount = 55:11
TOMMessage ByteCount = 138956857:416960
StandardSMMessage ByteCount = 424:22
ConsensusMessage ByteCount = 1444025:21882
--- Measurements after 305000 ops (1000 samples) ---
Throughput = 4830.918 operations/sec (Maximum observed: 9009.009 ops/sec)
Total latency = 4.2943854995629996E7 (+/- 0) us 
Consensus latency = 2183.937497 (+/- 166) us 
Pre-consensus latency = 0.0 (+/- 0) us 
Pos-consensus latency = 4.2942017501645E7 (+/- 0) us 
Propose latency = 534.199382 (+/- 76) us 
Write latency = 140.93292000000002 (+/- 84) us 
Accept latency = 1508.8051950000001 (+/- 176) us 
Batch average size = NaN (+/- 0) requests
LCMessage ByteCount = 55:11
TOMMessage ByteCount = 138964137:416967
StandardSMMessage ByteCount = 424:22
ConsensusMessage ByteCount = 1444025:21882
--- Measurements after 306000 ops (1000 samples) ---
Throughput = 4807.6924 operations/sec (Maximum observed: 9009.009 ops/sec)
Total latency = 4.3094864607344E7 (+/- 0) us 
Consensus latency = 2250.874133 (+/- 157) us 
Pre-consensus latency = 0.0 (+/- 0) us 
Pos-consensus latency = 4.3092977317039E7 (+/- 0) us 
Propose latency = 563.617638 (+/- 57) us 
Write latency = 193.31356599999998 (+/- 196) us 
Accept latency = 1493.942929 (+/- 208) us 
Batch average size = NaN (+/- 0) requests
LCMessage ByteCount = 55:11
TOMMessage ByteCount = 138975575:416978
StandardSMMessage ByteCount = 424:22
ConsensusMessage ByteCount = 1444025:21882
--- Measurements after 307000 ops (1000 samples) ---
Throughput = 3816.794 operations/sec (Maximum observed: 9009.009 ops/sec)
Total latency = 4.3271896862925E7 (+/- 0) us 
Consensus latency = 2212.427231 (+/- 126) us 
Pre-consensus latency = 0.0 (+/- 0) us 
Pos-consensus latency = 4.3270043524875E7 (+/- 0) us 
Propose latency = 585.234959 (+/- 73) us 
Write latency = 161.08355799999998 (+/- 121) us 
Accept latency = 1466.108714 (+/- 124) us 
Batch average size = NaN (+/- 0) requests
LCMessage ByteCount = 55:11
TOMMessage ByteCount = 138978695:416981
StandardSMMessage ByteCount = 424:22
ConsensusMessage ByteCount = 1444025:21882
--- Measurements after 308000 ops (1000 samples) ---
Throughput = 4830.918 operations/sec (Maximum observed: 9009.009 ops/sec)
Total latency = 4.3451455166820996E7 (+/- 0) us 
Consensus latency = 2877.842275 (+/- 1845) us 
Pre-consensus latency = 0.0 (+/- 0) us 
Pos-consensus latency = 4.3448925292962E7 (+/- 0) us 
Propose latency = 1057.8113170000001 (+/- 1893) us 
Write latency = 242.13124100000002 (+/- 184) us 
Accept latency = 1577.899717 (+/- 141) us 
Batch average size = NaN (+/- 0) requests
LCMessage ByteCount = 55:11
TOMMessage ByteCount = 138982855:416985
StandardSMMessage ByteCount = 424:22
ConsensusMessage ByteCount = 1444025:21882
--- Measurements after 309000 ops (1000 samples) ---
Throughput = 4807.6924 operations/sec (Maximum observed: 9009.009 ops/sec)
Total latency = 4.360037944589601E7 (+/- 0) us 
Consensus latency = 2533.029712 (+/- 698) us 
Pre-consensus latency = 0.0 (+/- 0) us 
Pos-consensus latency = 4.3598286557283E7 (+/- 0) us 
Propose latency = 881.4253490000001 (+/- 703) us 
Write latency = 160.553058 (+/- 166) us 
Accept latency = 1491.051305 (+/- 39) us 
Batch average size = NaN (+/- 0) requests
LCMessage ByteCount = 55:11
TOMMessage ByteCount = 138983895:416986
StandardSMMessage ByteCount = 424:22
ConsensusMessage ByteCount = 1444025:21882
--- Measurements after 310000 ops (1000 samples) ---
Throughput = 4807.6924 operations/sec (Maximum observed: 9009.009 ops/sec)
Total latency = 4.3757050078307E7 (+/- 0) us 
Consensus latency = 2614.4220699999996 (+/- 775) us 
Pre-consensus latency = 0.0 (+/- 0) us 
Pos-consensus latency = 4.3754932227831E7 (+/- 0) us 
Propose latency = 969.686695 (+/- 793) us 
Write latency = 107.66274800000001 (+/- 51) us 
Accept latency = 1537.072627 (+/- 151) us 
Batch average size = NaN (+/- 0) requests
LCMessage ByteCount = 55:11
TOMMessage ByteCount = 138983895:416986
StandardSMMessage ByteCount = 424:22
ConsensusMessage ByteCount = 1444025:21882
--- Measurements after 311000 ops (1000 samples) ---
Throughput = 3412.9692 operations/sec (Maximum observed: 9009.009 ops/sec)
Total latency = 4.3966241952075E7 (+/- 0) us 
Consensus latency = 2263.426907 (+/- 229) us 
Pre-consensus latency = 0.0 (+/- 0) us 
Pos-consensus latency = 4.3964332026754E7 (+/- 0) us 
Propose latency = 551.819394 (+/- 69) us 
Write latency = 144.534996 (+/- 118) us 
Accept latency = 1567.072517 (+/- 219) us 
Batch average size = NaN (+/- 0) requests
LCMessage ByteCount = 55:11
TOMMessage ByteCount = 138993255:416995
StandardSMMessage ByteCount = 424:22
ConsensusMessage ByteCount = 1444025:21882
--- Measurements after 312000 ops (1000 samples) ---
Throughput = 4854.369 operations/sec (Maximum observed: 9009.009 ops/sec)
Total latency = 4.4145474894815005E7 (+/- 0) us 
Consensus latency = 2282.547631 (+/- 287) us 
Pre-consensus latency = 0.0 (+/- 0) us 
Pos-consensus latency = 4.4143566134712994E7 (+/- 0) us 
Propose latency = 574.639973 (+/- 103) us 
Write latency = 216.358781 (+/- 249) us 
Accept latency = 1491.5488770000002 (+/- 144) us 
Batch average size = NaN (+/- 0) requests
LCMessage ByteCount = 55:11
TOMMessage ByteCount = 139004694:417006
StandardSMMessage ByteCount = 424:22
ConsensusMessage ByteCount = 1444025:21882
--- Measurements after 313000 ops (1000 samples) ---
Throughput = 5076.142 operations/sec (Maximum observed: 9009.009 ops/sec)
Total latency = 4.4295810018484004E7 (+/- 0) us 
Consensus latency = 2248.924033 (+/- 214) us 
Pre-consensus latency = 0.0 (+/- 0) us 
Pos-consensus latency = 4.4293912880177E7 (+/- 0) us 
Propose latency = 589.9527830000001 (+/- 70) us 
Write latency = 156.819358 (+/- 158) us 
Accept latency = 1502.151892 (+/- 136) us 
Batch average size = NaN (+/- 0) requests
LCMessage ByteCount = 55:11
TOMMessage ByteCount = 139010933:417012
StandardSMMessage ByteCount = 424:22
ConsensusMessage ByteCount = 1444025:21882
--- Measurements after 314000 ops (1000 samples) ---
Throughput = 6172.8394 operations/sec (Maximum observed: 9009.009 ops/sec)
Total latency = 4.4392402004057E7 (+/- 0) us 
Consensus latency = 2171.47231 (+/- 131) us 
Pre-consensus latency = 0.0 (+/- 0) us 
Pos-consensus latency = 4.4390612154236004E7 (+/- 0) us 
Propose latency = 606.028662 (+/- 97) us 
Write latency = 93.609925 (+/- 11) us 
Accept latency = 1471.833723 (+/- 89) us 
Batch average size = NaN (+/- 0) requests
LCMessage ByteCount = 55:11
TOMMessage ByteCount = 139018213:417019
StandardSMMessage ByteCount = 424:22
ConsensusMessage ByteCount = 1444025:21882
--- Measurements after 315000 ops (1000 samples) ---
Throughput = 8547.009 operations/sec (Maximum observed: 9009.009 ops/sec)
Total latency = 4.4496955507309996E7 (+/- 0) us 
Consensus latency = 2113.1580639999997 (+/- 175) us 
Pre-consensus latency = 0.0 (+/- 0) us 
Pos-consensus latency = 4.4495158700734004E7 (+/- 0) us 
Propose latency = 548.955903 (+/- 123) us 
Write latency = 100.863537 (+/- 60) us 
Accept latency = 1463.338624 (+/- 97) us 
Batch average size = NaN (+/- 0) requests
LCMessage ByteCount = 55:11
TOMMessage ByteCount = 139021333:417022
StandardSMMessage ByteCount = 424:22
ConsensusMessage ByteCount = 1444025:21882
--- Measurements after 316000 ops (1000 samples) ---
Throughput = 8474.576 operations/sec (Maximum observed: 9009.009 ops/sec)
Total latency = 4.4561168217337996E7 (+/- 0) us 
Consensus latency = 2296.542653 (+/- 318) us 
Pre-consensus latency = 0.0 (+/- 0) us 
Pos-consensus latency = 4.4559227327519E7 (+/- 0) us 
Propose latency = 578.782561 (+/- 115) us 
Write latency = 195.815445 (+/- 173) us 
Accept latency = 1521.944647 (+/- 211) us 
Batch average size = NaN (+/- 0) requests
LCMessage ByteCount = 55:11
TOMMessage ByteCount = 139025493:417026
StandardSMMessage ByteCount = 424:22
ConsensusMessage ByteCount = 1444025:21882
--- Measurements after 317000 ops (1000 samples) ---
Throughput = 7751.938 operations/sec (Maximum observed: 9009.009 ops/sec)
Total latency = 4.4626739309135005E7 (+/- 0) us 
Consensus latency = 2317.4802179999997 (+/- 239) us 
Pre-consensus latency = 0.0 (+/- 0) us 
Pos-consensus latency = 4.4624791535038E7 (+/- 0) us 
Propose latency = 582.9911609999999 (+/- 83) us 
Write latency = 168.218637 (+/- 177) us 
Accept latency = 1566.2704199999998 (+/- 153) us 
Batch average size = NaN (+/- 0) requests
LCMessage ByteCount = 55:11
TOMMessage ByteCount = 139031733:417032
StandardSMMessage ByteCount = 424:22
ConsensusMessage ByteCount = 1444025:21882
--- Measurements after 318000 ops (1000 samples) ---
Throughput = 5347.5938 operations/sec (Maximum observed: 9009.009 ops/sec)
Total latency = 4.4722547060432E7 (+/- 0) us 
Consensus latency = 2253.588463 (+/- 160) us 
Pre-consensus latency = 0.0 (+/- 0) us 
Pos-consensus latency = 4.4720644176032E7 (+/- 0) us 
Propose latency = 609.5496019999999 (+/- 111) us 
Write latency = 140.310634 (+/- 116) us 
Accept latency = 1503.728227 (+/- 132) us 
Batch average size = NaN (+/- 0) requests
LCMessage ByteCount = 55:11
TOMMessage ByteCount = 139035893:417036
StandardSMMessage ByteCount = 424:22
ConsensusMessage ByteCount = 1444025:21882
--- Measurements after 319000 ops (1000 samples) ---
Throughput = 4784.689 operations/sec (Maximum observed: 9009.009 ops/sec)
Total latency = 4.4875458262943E7 (+/- 0) us 
Consensus latency = 2225.871122 (+/- 157) us 
Pre-consensus latency = 0.0 (+/- 0) us 
Pos-consensus latency = 4.487360587567E7 (+/- 0) us 
Propose latency = 604.939183 (+/- 110) us 
Write latency = 122.12589100000001 (+/- 93) us 
Accept latency = 1498.806048 (+/- 131) us 
Batch average size = NaN (+/- 0) requests
LCMessage ByteCount = 55:11
TOMMessage ByteCount = 139047332:417047
StandardSMMessage ByteCount = 424:22
ConsensusMessage ByteCount = 1444025:21882
--- Measurements after 320000 ops (1000 samples) ---
Throughput = 4672.897 operations/sec (Maximum observed: 9009.009 ops/sec)
Total latency = 4.5030220433081E7 (+/- 0) us 
Consensus latency = 2591.529845 (+/- 1871) us 
Pre-consensus latency = 0.0 (+/- 0) us 
Pos-consensus latency = 4.50279784889E7 (+/- 0) us 
Propose latency = 538.215006 (+/- 63) us 
Write latency = 201.17586799999998 (+/- 153) us 
Accept latency = 1852.1389709999999 (+/- 1877) us 
Batch average size = NaN (+/- 0) requests
LCMessage ByteCount = 55:11
TOMMessage ByteCount = 139053572:417053
StandardSMMessage ByteCount = 424:22
ConsensusMessage ByteCount = 1444025:21882
--- Measurements after 321000 ops (1000 samples) ---
Throughput = 4784.689 operations/sec (Maximum observed: 9009.009 ops/sec)
Total latency = 4.5185486048085E7 (+/- 0) us 
Consensus latency = 2379.5984550000003 (+/- 1256) us 
Pre-consensus latency = 0.0 (+/- 0) us 
Pos-consensus latency = 4.518350464836E7 (+/- 0) us 
Propose latency = 654.8330080000001 (+/- 205) us 
Write latency = 109.690227 (+/- 100) us 
Accept latency = 1615.07522 (+/- 1244) us 
Batch average size = NaN (+/- 0) requests
LCMessage ByteCount = 55:11
TOMMessage ByteCount = 139053572:417053
StandardSMMessage ByteCount = 424:22
ConsensusMessage ByteCount = 1444025:21882
--- Measurements after 322000 ops (1000 samples) ---
Throughput = 3194.8882 operations/sec (Maximum observed: 9009.009 ops/sec)
Total latency = 4.5378953335063E7 (+/- 0) us 
Consensus latency = 2379.583148 (+/- 303) us 
Pre-consensus latency = 0.0 (+/- 0) us 
Pos-consensus latency = 4.5376985666816E7 (+/- 0) us 
Propose latency = 668.77452 (+/- 195) us 
Write latency = 187.29900800000001 (+/- 159) us 
Accept latency = 1523.50962 (+/- 244) us 
Batch average size = NaN (+/- 0) requests
LCMessage ByteCount = 55:11
TOMMessage ByteCount = 139054612:417054
StandardSMMessage ByteCount = 424:22
ConsensusMessage ByteCount = 1444025:21882
--- Measurements after 323000 ops (1000 samples) ---
Throughput = 2985.0747 operations/sec (Maximum observed: 9009.009 ops/sec)
Total latency = 4.5658842619268E7 (+/- 0) us 
Consensus latency = 2196.54997 (+/- 146) us 
Pre-consensus latency = 0.0 (+/- 0) us 
Pos-consensus latency = 4.5656994636508E7 (+/- 0) us 
Propose latency = 564.7225629999999 (+/- 61) us 
Write latency = 136.720911 (+/- 118) us 
Accept latency = 1495.106496 (+/- 156) us 
Batch average size = NaN (+/- 0) requests
LCMessage ByteCount = 55:11
TOMMessage ByteCount = 139056692:417056
StandardSMMessage ByteCount = 424:22
ConsensusMessage ByteCount = 1444025:21882
--- Measurements after 324000 ops (1000 samples) ---
Throughput = 3021.148 operations/sec (Maximum observed: 9009.009 ops/sec)
Total latency = 4.5937804394053005E7 (+/- 0) us 
Consensus latency = 2147.41423 (+/- 145) us 
Pre-consensus latency = 0.0 (+/- 0) us 
Pos-consensus latency = 4.5936024023938E7 (+/- 0) us 
Propose latency = 573.385702 (+/- 62) us 
Write latency = 102.91353500000001 (+/- 73) us 
Accept latency = 1471.114993 (+/- 90) us 
Batch average size = NaN (+/- 0) requests
LCMessage ByteCount = 55:11
TOMMessage ByteCount = 139059812:417059
StandardSMMessage ByteCount = 424:22
ConsensusMessage ByteCount = 1444025:21882
--- Measurements after 325000 ops (1000 samples) ---
Throughput = 3584.2295 operations/sec (Maximum observed: 9009.009 ops/sec)
Total latency = 4.6203213469601996E7 (+/- 0) us 
Consensus latency = 2168.766624 (+/- 104) us 
Pre-consensus latency = 0.0 (+/- 0) us 
Pos-consensus latency = 4.620141765468901E7 (+/- 0) us 
Propose latency = 594.466811 (+/- 66) us 
Write latency = 117.544262 (+/- 109) us 
Accept latency = 1456.755551 (+/- 115) us 
Batch average size = NaN (+/- 0) requests
LCMessage ByteCount = 55:11
TOMMessage ByteCount = 139067092:417066
StandardSMMessage ByteCount = 424:22
ConsensusMessage ByteCount = 1444025:21882
--- Measurements after 326000 ops (1000 samples) ---
Throughput = 4761.905 operations/sec (Maximum observed: 9009.009 ops/sec)
Total latency = 4.6375406742195E7 (+/- 0) us 
Consensus latency = 2355.671982 (+/- 573) us 
Pre-consensus latency = 0.0 (+/- 0) us 
Pos-consensus latency = 4.6373410881752E7 (+/- 0) us 
Propose latency = 614.433165 (+/- 139) us 
Write latency = 378.820879 (+/- 832) us 
Accept latency = 1362.417938 (+/- 388) us 
Batch average size = NaN (+/- 0) requests
LCMessage ByteCount = 55:11
TOMMessage ByteCount = 139077490:417076
StandardSMMessage ByteCount = 424:22
ConsensusMessage ByteCount = 1444025:21882
--- Measurements after 327000 ops (1000 samples) ---
Throughput = 3816.794 operations/sec (Maximum observed: 9009.009 ops/sec)
Total latency = 4.6533208999026E7 (+/- 0) us 
Consensus latency = 2232.456219 (+/- 305) us 
Pre-consensus latency = 0.0 (+/- 0) us 
Pos-consensus latency = 4.6531295086908E7 (+/- 0) us 
Propose latency = 557.7997750000001 (+/- 73) us 
Write latency = 166.532833 (+/- 317) us 
Accept latency = 1508.123611 (+/- 214) us 
Batch average size = NaN (+/- 0) requests
LCMessage ByteCount = 55:11
TOMMessage ByteCount = 139082689:417081
StandardSMMessage ByteCount = 424:22
ConsensusMessage ByteCount = 1444025:21882
--- Measurements after 328000 ops (1000 samples) ---
Throughput = 4149.3774 operations/sec (Maximum observed: 9009.009 ops/sec)
Total latency = 4.6787904240378E7 (+/- 0) us 
Consensus latency = 2398.901763 (+/- 324) us 
Pre-consensus latency = 0.0 (+/- 0) us 
Pos-consensus latency = 4.6785899163576E7 (+/- 0) us 
Propose latency = 623.3441700000001 (+/- 143) us 
Write latency = 307.148641 (+/- 323) us 
Accept latency = 1468.408952 (+/- 168) us 
Batch average size = NaN (+/- 0) requests
LCMessage ByteCount = 55:11
TOMMessage ByteCount = 139082689:417081
StandardSMMessage ByteCount = 424:22
ConsensusMessage ByteCount = 1444025:21882
--- Measurements after 329000 ops (1000 samples) ---
Throughput = 8000.0 operations/sec (Maximum observed: 9009.009 ops/sec)
Total latency = 4.6880399726517E7 (+/- 0) us 
Consensus latency = 2187.979464 (+/- 119) us 
Pre-consensus latency = 0.0 (+/- 0) us 
Pos-consensus latency = 4.6878584058224E7 (+/- 0) us 
Propose latency = 582.58662 (+/- 80) us 
Write latency = 173.670722 (+/- 130) us 
Accept latency = 1431.722122 (+/- 165) us 
Batch average size = NaN (+/- 0) requests
LCMessage ByteCount = 55:11
TOMMessage ByteCount = 139085809:417084
StandardSMMessage ByteCount = 424:22
ConsensusMessage ByteCount = 1444025:21882
--- Measurements after 330000 ops (1000 samples) ---
Throughput = 8064.516 operations/sec (Maximum observed: 9009.009 ops/sec)
Total latency = 4.6949513524826E7 (+/- 0) us 
Consensus latency = 2195.2750720000004 (+/- 165) us 
Pre-consensus latency = 0.0 (+/- 0) us 
Pos-consensus latency = 4.69476680233E7 (+/- 0) us 
Propose latency = 580.5455890000001 (+/- 67) us 
Write latency = 242.023484 (+/- 194) us 
Accept latency = 1372.705999 (+/- 182) us 
Batch average size = NaN (+/- 0) requests
LCMessage ByteCount = 55:11
TOMMessage ByteCount = 139085809:417084
StandardSMMessage ByteCount = 424:22
ConsensusMessage ByteCount = 1444025:21882
--- Measurements after 331000 ops (1000 samples) ---
Throughput = 6211.18 operations/sec (Maximum observed: 9009.009 ops/sec)
Total latency = 4.7026619913792E7 (+/- 0) us 
Consensus latency = 2165.476623 (+/- 107) us 
Pre-consensus latency = 0.0 (+/- 0) us 
Pos-consensus latency = 4.7024830747208E7 (+/- 0) us 
Propose latency = 581.513733 (+/- 55) us 
Write latency = 105.999663 (+/- 43) us 
Accept latency = 1477.963227 (+/- 95) us 
Batch average size = NaN (+/- 0) requests
LCMessage ByteCount = 55:11
TOMMessage ByteCount = 139092048:417090
StandardSMMessage ByteCount = 424:22
ConsensusMessage ByteCount = 1444025:21882
--- Measurements after 332000 ops (1000 samples) ---
Throughput = 8333.333 operations/sec (Maximum observed: 9009.009 ops/sec)
Total latency = 4.7118357641600996E7 (+/- 0) us 
Consensus latency = 2927.9783190000003 (+/- 2816) us 
Pre-consensus latency = 0.0 (+/- 0) us 
Pos-consensus latency = 4.7115791415854E7 (+/- 0) us 
Propose latency = 1299.136933 (+/- 2759) us 
Write latency = 129.569525 (+/- 95) us 
Accept latency = 1499.271861 (+/- 114) us 
Batch average size = NaN (+/- 0) requests
LCMessage ByteCount = 55:11
TOMMessage ByteCount = 139094128:417092
StandardSMMessage ByteCount = 424:22
ConsensusMessage ByteCount = 1444025:21882
--- Measurements after 333000 ops (1000 samples) ---
Throughput = 8064.516 operations/sec (Maximum observed: 9009.009 ops/sec)
Total latency = 4.7181174249343E7 (+/- 0) us 
Consensus latency = 2195.7333369999997 (+/- 270) us 
Pre-consensus latency = 0.0 (+/- 0) us 
Pos-consensus latency = 4.7179282583381E7 (+/- 0) us 
Propose latency = 576.56858 (+/- 252) us 
Write latency = 80.820091 (+/- 15) us 
Accept latency = 1538.344666 (+/- 144) us 
Batch average size = NaN (+/- 0) requests
LCMessage ByteCount = 55:11
TOMMessage ByteCount = 139094128:417092
StandardSMMessage ByteCount = 424:22
ConsensusMessage ByteCount = 1444025:21882
--- Measurements after 334000 ops (1000 samples) ---
Throughput = 7246.377 operations/sec (Maximum observed: 9009.009 ops/sec)
Total latency = 4.725662602021E7 (+/- 0) us 
Consensus latency = 2286.69638 (+/- 262) us 
Pre-consensus latency = 0.0 (+/- 0) us 
Pos-consensus latency = 4.7254672025891E7 (+/- 0) us 
Propose latency = 574.650557 (+/- 118) us 
Write latency = 219.686293 (+/- 164) us 
Accept latency = 1492.35953 (+/- 130) us 
Batch average size = NaN (+/- 0) requests
LCMessage ByteCount = 55:11
TOMMessage ByteCount = 139095168:417093
StandardSMMessage ByteCount = 424:22
ConsensusMessage ByteCount = 1444025:21882
--- Measurements after 335000 ops (1000 samples) ---
Throughput = 5681.8184 operations/sec (Maximum observed: 9009.009 ops/sec)
Total latency = 4.7361648801966004E7 (+/- 0) us 
Consensus latency = 2187.3223089999997 (+/- 161) us 
Pre-consensus latency = 0.0 (+/- 0) us 
Pos-consensus latency = 4.7359808576602995E7 (+/- 0) us 
Propose latency = 536.940785 (+/- 81) us 
Write latency = 128.890949 (+/- 76) us 
Accept latency = 1521.490575 (+/- 138) us 
Batch average size = NaN (+/- 0) requests
LCMessage ByteCount = 55:11
TOMMessage ByteCount = 139096208:417094
StandardSMMessage ByteCount = 424:22
ConsensusMessage ByteCount = 1444025:21882
--- Measurements after 336000 ops (1000 samples) ---
Throughput = 6493.5063 operations/sec (Maximum observed: 9009.009 ops/sec)
Total latency = 4.7472533786567E7 (+/- 0) us 
Consensus latency = 2236.10579 (+/- 154) us 
Pre-consensus latency = 0.0 (+/- 0) us 
Pos-consensus latency = 4.7470642119892E7 (+/- 0) us 
Propose latency = 558.732755 (+/- 82) us 
Write latency = 169.94893900000002 (+/- 114) us 
Accept latency = 1507.424096 (+/- 116) us 
Batch average size = NaN (+/- 0) requests
LCMessage ByteCount = 55:11
TOMMessage ByteCount = 139102448:417100
StandardSMMessage ByteCount = 424:22
ConsensusMessage ByteCount = 1444025:21882
--- Measurements after 337000 ops (1000 samples) ---
Throughput = 6622.5166 operations/sec (Maximum observed: 9009.009 ops/sec)
Total latency = 4.7568175089754E7 (+/- 0) us 
Consensus latency = 2396.546021 (+/- 527) us 
Pre-consensus latency = 0.0 (+/- 0) us 
Pos-consensus latency = 4.7566151100899E7 (+/- 0) us 
Propose latency = 554.624887 (+/- 157) us 
Write latency = 347.90261300000003 (+/- 657) us 
Accept latency = 1494.018521 (+/- 237) us 
Batch average size = NaN (+/- 0) requests
LCMessage ByteCount = 55:11
TOMMessage ByteCount = 139105568:417103
StandardSMMessage ByteCount = 424:22
ConsensusMessage ByteCount = 1444025:21882
--- Measurements after 338000 ops (1000 samples) ---
Throughput = 6896.552 operations/sec (Maximum observed: 9009.009 ops/sec)
Total latency = 4.7660214437596E7 (+/- 0) us 
Consensus latency = 2506.031908 (+/- 1332) us 
Pre-consensus latency = 0.0 (+/- 0) us 
Pos-consensus latency = 4.7658369963301E7 (+/- 0) us 
Propose latency = 837.389127 (+/- 1352) us 
Write latency = 114.877105 (+/- 154) us 
Accept latency = 1553.765676 (+/- 247) us 
Batch average size = NaN (+/- 0) requests
LCMessage ByteCount = 55:11
TOMMessage ByteCount = 139107648:417105
StandardSMMessage ByteCount = 424:22
ConsensusMessage ByteCount = 1444025:21882
--- Measurements after 339000 ops (1000 samples) ---
Throughput = 6060.606 operations/sec (Maximum observed: 9009.009 ops/sec)
Total latency = 4.7763013621259004E7 (+/- 0) us 
Consensus latency = 2277.673492 (+/- 986) us 
Pre-consensus latency = 0.0 (+/- 0) us 
Pos-consensus latency = 4.7761231929082E7 (+/- 0) us 
Propose latency = 704.476836 (+/- 980) us 
Write latency = 99.167959 (+/- 107) us 
Accept latency = 1474.028697 (+/- 183) us 
Batch average size = NaN (+/- 0) requests
LCMessage ByteCount = 55:11
TOMMessage ByteCount = 139108687:417106
StandardSMMessage ByteCount = 424:22
ConsensusMessage ByteCount = 1444025:21882
--- Measurements after 340000 ops (1000 samples) ---
Throughput = 8064.516 operations/sec (Maximum observed: 9009.009 ops/sec)
Total latency = 4.784619731514499E7 (+/- 0) us 
Consensus latency = 2370.891089 (+/- 309) us 
Pre-consensus latency = 0.0 (+/- 0) us 
Pos-consensus latency = 4.7844220176141E7 (+/- 0) us 
Propose latency = 644.243114 (+/- 260) us 
Write latency = 150.792008 (+/- 94) us 
Accept latency = 1575.855967 (+/- 187) us 
Batch average size = NaN (+/- 0) requests
LCMessage ByteCount = 55:11
TOMMessage ByteCount = 139108687:417106
StandardSMMessage ByteCount = 424:22
ConsensusMessage ByteCount = 1444025:21882
--- Measurements after 341000 ops (1000 samples) ---
Throughput = 7692.3076 operations/sec (Maximum observed: 9009.009 ops/sec)
Total latency = 4.7914568919091E7 (+/- 0) us 
Consensus latency = 2275.0310240000003 (+/- 302) us 
Pre-consensus latency = 0.0 (+/- 0) us 
Pos-consensus latency = 4.7912653055486E7 (+/- 0) us 
Propose latency = 642.010507 (+/- 273) us 
Write latency = 199.311378 (+/- 209) us 
Accept latency = 1433.709139 (+/- 143) us 
Batch average size = NaN (+/- 0) requests
LCMessage ByteCount = 55:11
TOMMessage ByteCount = 139108687:417106
StandardSMMessage ByteCount = 424:22
ConsensusMessage ByteCount = 1444025:21882
--- Measurements after 342000 ops (1000 samples) ---
Throughput = 7462.6865 operations/sec (Maximum observed: 9009.009 ops/sec)
Total latency = 4.7992403598649E7 (+/- 0) us 
Consensus latency = 2261.755001 (+/- 190) us 
Pre-consensus latency = 0.0 (+/- 0) us 
Pos-consensus latency = 4.7990480149532996E7 (+/- 0) us 
Propose latency = 529.64752 (+/- 76) us 
Write latency = 128.510255 (+/- 85) us 
Accept latency = 1603.597226 (+/- 205) us 
Batch average size = NaN (+/- 0) requests
LCMessage ByteCount = 55:11
TOMMessage ByteCount = 139111807:417109
StandardSMMessage ByteCount = 424:22
ConsensusMessage ByteCount = 1444025:21882
--- Measurements after 343000 ops (1000 samples) ---
Throughput = 4950.495 operations/sec (Maximum observed: 9009.009 ops/sec)
Total latency = 4.8130324653078005E7 (+/- 0) us 
Consensus latency = 2248.240316 (+/- 198) us 
Pre-consensus latency = 0.0 (+/- 0) us 
Pos-consensus latency = 4.8128406987032995E7 (+/- 0) us 
Propose latency = 519.91914 (+/- 83) us 
Write latency = 158.01168299999998 (+/- 131) us 
Accept latency = 1570.309493 (+/- 163) us 
Batch average size = NaN (+/- 0) requests
LCMessage ByteCount = 55:11
TOMMessage ByteCount = 139114927:417112
StandardSMMessage ByteCount = 424:22
ConsensusMessage ByteCount = 1444025:21882
--- Measurements after 344000 ops (1000 samples) ---
Throughput = 8264.463 operations/sec (Maximum observed: 9009.009 ops/sec)
Total latency = 4.82101574411E7 (+/- 0) us 
Consensus latency = 2645.947448 (+/- 1551) us 
Pre-consensus latency = 0.0 (+/- 0) us 
Pos-consensus latency = 4.8207910818946E7 (+/- 0) us 
Propose latency = 583.5072610000001 (+/- 440) us 
Write latency = 120.94157399999999 (+/- 141) us 
Accept latency = 1941.498613 (+/- 1530) us 
Batch average size = NaN (+/- 0) requests
LCMessage ByteCount = 55:11
TOMMessage ByteCount = 139121167:417118
StandardSMMessage ByteCount = 424:22
ConsensusMessage ByteCount = 1444025:21882
--- Measurements after 345000 ops (1000 samples) ---
Throughput = 8547.009 operations/sec (Maximum observed: 9009.009 ops/sec)
Total latency = 4.8273367959612995E7 (+/- 0) us 
Consensus latency = 2336.770275 (+/- 834) us 
Pre-consensus latency = 0.0 (+/- 0) us 
Pos-consensus latency = 4.8271554266963996E7 (+/- 0) us 
Propose latency = 737.058888 (+/- 819) us 
Write latency = 109.69413899999999 (+/- 67) us 
Accept latency = 1490.0172479999999 (+/- 124) us 
Batch average size = NaN (+/- 0) requests
LCMessage ByteCount = 55:11
TOMMessage ByteCount = 139125326:417122
StandardSMMessage ByteCount = 424:22
ConsensusMessage ByteCount = 1444025:21882
--- Measurements after 346000 ops (1000 samples) ---
Throughput = 6289.308 operations/sec (Maximum observed: 9009.009 ops/sec)
Total latency = 4.8343123907689005E7 (+/- 0) us 
Consensus latency = 2374.3348379999998 (+/- 254) us 
Pre-consensus latency = 0.0 (+/- 0) us 
Pos-consensus latency = 4.834111185318E7 (+/- 0) us 
Propose latency = 586.724058 (+/- 76) us 
Write latency = 188.252256 (+/- 184) us 
Accept latency = 1599.358524 (+/- 253) us 
Batch average size = NaN (+/- 0) requests
LCMessage ByteCount = 55:11
TOMMessage ByteCount = 139129486:417126
StandardSMMessage ByteCount = 424:22
ConsensusMessage ByteCount = 1444025:21882
--- Measurements after 347000 ops (1000 samples) ---
Throughput = 8547.009 operations/sec (Maximum observed: 9009.009 ops/sec)
Total latency = 4.8438390601338E7 (+/- 0) us 
Consensus latency = 2643.994576 (+/- 674) us 
Pre-consensus latency = 0.0 (+/- 0) us 
Pos-consensus latency = 4.8436186906801E7 (+/- 0) us 
Propose latency = 901.519755 (+/- 561) us 
Write latency = 229.71560399999998 (+/- 179) us 
Accept latency = 1512.759217 (+/- 142) us 
Batch average size = NaN (+/- 0) requests
LCMessage ByteCount = 55:11
TOMMessage ByteCount = 139134686:417131
StandardSMMessage ByteCount = 424:22
ConsensusMessage ByteCount = 1444025:21882
--- Measurements after 348000 ops (1000 samples) ---
Throughput = 8403.361 operations/sec (Maximum observed: 9009.009 ops/sec)
Total latency = 4.8502281580891E7 (+/- 0) us 
Consensus latency = 2142.471482 (+/- 105) us 
Pre-consensus latency = 0.0 (+/- 0) us 
Pos-consensus latency = 4.8500502491639E7 (+/- 0) us 
Propose latency = 574.445624 (+/- 76) us 
Write latency = 142.16727600000002 (+/- 125) us 
Accept latency = 1425.8585819999998 (+/- 145) us 
Batch average size = NaN (+/- 0) requests
LCMessage ByteCount = 55:11
TOMMessage ByteCount = 139134686:417131
StandardSMMessage ByteCount = 424:22
ConsensusMessage ByteCount = 1444025:21882
--- Measurements after 349000 ops (1000 samples) ---
Throughput = 8771.93 operations/sec (Maximum observed: 9009.009 ops/sec)
Total latency = 4.8563523996115E7 (+/- 0) us 
Consensus latency = 2201.086922 (+/- 134) us 
Pre-consensus latency = 0.0 (+/- 0) us 
Pos-consensus latency = 4.8561665548310995E7 (+/- 0) us 
Propose latency = 571.248563 (+/- 55) us 
Write latency = 148.38350200000002 (+/- 95) us 
Accept latency = 1481.4548570000002 (+/- 106) us 
Batch average size = NaN (+/- 0) requests
LCMessage ByteCount = 55:11
TOMMessage ByteCount = 139136766:417133
StandardSMMessage ByteCount = 424:22
ConsensusMessage ByteCount = 1444025:21882
--- Measurements after 350000 ops (1000 samples) ---
Throughput = 4761.905 operations/sec (Maximum observed: 9009.009 ops/sec)
Total latency = 4.8652810637825E7 (+/- 0) us 
Consensus latency = 2606.8203160000003 (+/- 1545) us 
Pre-consensus latency = 0.0 (+/- 0) us 
Pos-consensus latency = 4.8650562497198E7 (+/- 0) us 
Propose latency = 596.841107 (+/- 92) us 
Write latency = 138.325723 (+/- 110) us 
Accept latency = 1871.653486 (+/- 1514) us 
Batch average size = NaN (+/- 0) requests
LCMessage ByteCount = 55:11
TOMMessage ByteCount = 139136766:417133
StandardSMMessage ByteCount = 424:22
ConsensusMessage ByteCount = 1444025:21882
--- Measurements after 351000 ops (1000 samples) ---
Throughput = 4807.6924 operations/sec (Maximum observed: 9009.009 ops/sec)
Total latency = 4.8823857731952004E7 (+/- 0) us 
Consensus latency = 2418.651727 (+/- 569) us 
Pre-consensus latency = 0.0 (+/- 0) us 
Pos-consensus latency = 4.8821877877651E7 (+/- 0) us 
Propose latency = 672.226679 (+/- 307) us 
Write latency = 153.227549 (+/- 150) us 
Accept latency = 1593.197499 (+/- 514) us 
Batch average size = NaN (+/- 0) requests
LCMessage ByteCount = 55:11
TOMMessage ByteCount = 139137806:417134
StandardSMMessage ByteCount = 424:22
ConsensusMessage ByteCount = 1444025:21882
--- Measurements after 352000 ops (1000 samples) ---
Throughput = 4830.918 operations/sec (Maximum observed: 9009.009 ops/sec)
Total latency = 4.8977163388231E7 (+/- 0) us 
Consensus latency = 2155.950432 (+/- 136) us 
Pre-consensus latency = 0.0 (+/- 0) us 
Pos-consensus latency = 4.8975348752331E7 (+/- 0) us 
Propose latency = 541.223978 (+/- 79) us 
Write latency = 110.110922 (+/- 71) us 
Accept latency = 1504.6155319999998 (+/- 163) us 
Batch average size = NaN (+/- 0) requests
LCMessage ByteCount = 55:11
TOMMessage ByteCount = 139141965:417138
StandardSMMessage ByteCount = 424:22
ConsensusMessage ByteCount = 1444025:21882
--- Measurements after 353000 ops (1000 samples) ---
Throughput = 4807.6924 operations/sec (Maximum observed: 9009.009 ops/sec)
Total latency = 4.9126941940693E7 (+/- 0) us 
Consensus latency = 2389.962276 (+/- 315) us 
Pre-consensus latency = 0.0 (+/- 0) us 
Pos-consensus latency = 4.9124994696693E7 (+/- 0) us 
Propose latency = 704.766183 (+/- 203) us 
Write latency = 299.161589 (+/- 284) us 
Accept latency = 1386.034504 (+/- 181) us 
Batch average size = NaN (+/- 0) requests
LCMessage ByteCount = 55:11
TOMMessage ByteCount = 139149245:417145
StandardSMMessage ByteCount = 424:22
ConsensusMessage ByteCount = 1444025:21882
--- Measurements after 354000 ops (1000 samples) ---
Throughput = 3676.4707 operations/sec (Maximum observed: 9009.009 ops/sec)
Total latency = 4.9321403457943E7 (+/- 0) us 
Consensus latency = 2267.607209 (+/- 173) us 
Pre-consensus latency = 0.0 (+/- 0) us 
Pos-consensus latency = 4.9319470857448E7 (+/- 0) us 
Propose latency = 533.721226 (+/- 84) us 
Write latency = 155.289035 (+/- 120) us 
Accept latency = 1578.596948 (+/- 220) us 
Batch average size = NaN (+/- 0) requests
LCMessage ByteCount = 55:11
TOMMessage ByteCount = 139153404:417149
StandardSMMessage ByteCount = 424:22
ConsensusMessage ByteCount = 1444025:21882
--- Measurements after 355000 ops (1000 samples) ---
Throughput = 4784.689 operations/sec (Maximum observed: 9009.009 ops/sec)
Total latency = 4.9498438552759E7 (+/- 0) us 
Consensus latency = 2225.4071910000002 (+/- 192) us 
Pre-consensus latency = 0.0 (+/- 0) us 
Pos-consensus latency = 4.9496541479624E7 (+/- 0) us 
Propose latency = 552.580738 (+/- 86) us 
Write latency = 181.78771700000001 (+/- 188) us 
Accept latency = 1491.038736 (+/- 124) us 
Batch average size = NaN (+/- 0) requests
LCMessage ByteCount = 55:11
TOMMessage ByteCount = 139207479:417201
StandardSMMessage ByteCount = 424:22
ConsensusMessage ByteCount = 1444025:21882
--- Measurements after 356000 ops (1000 samples) ---
Throughput = 4784.689 operations/sec (Maximum observed: 9009.009 ops/sec)
Total latency = 4.9651352456482E7 (+/- 0) us 
Consensus latency = 2308.861246 (+/- 186) us 
Pre-consensus latency = 0.0 (+/- 0) us 
Pos-consensus latency = 4.9649406802263E7 (+/- 0) us 
Propose latency = 584.4247780000001 (+/- 94) us 
Write latency = 239.82738500000002 (+/- 206) us 
Accept latency = 1484.609083 (+/- 101) us 
Batch average size = NaN (+/- 0) requests
LCMessage ByteCount = 55:11
TOMMessage ByteCount = 139243877:417236
StandardSMMessage ByteCount = 424:22
ConsensusMessage ByteCount = 1444025:21882
--- Measurements after 357000 ops (1000 samples) ---
Throughput = 4807.6924 operations/sec (Maximum observed: 9009.009 ops/sec)
Total latency = 4.9804523133493E7 (+/- 0) us 
Consensus latency = 2259.848107 (+/- 228) us 
Pre-consensus latency = 0.0 (+/- 0) us 
Pos-consensus latency = 4.9802604513551004E7 (+/- 0) us 
Propose latency = 540.831089 (+/- 85) us 
Write latency = 157.46162700000002 (+/- 192) us 
Accept latency = 1561.555391 (+/- 202) us 
Batch average size = NaN (+/- 0) requests
LCMessage ByteCount = 55:11
TOMMessage ByteCount = 139296914:417287
StandardSMMessage ByteCount = 424:22
ConsensusMessage ByteCount = 1444025:21882
--- Measurements after 358000 ops (1000 samples) ---
Throughput = 3663.0037 operations/sec (Maximum observed: 9009.009 ops/sec)
Total latency = 5.0011387627709E7 (+/- 0) us 
Consensus latency = 2351.477332 (+/- 264) us 
Pre-consensus latency = 0.0 (+/- 0) us 
Pos-consensus latency = 5.0009376895865E7 (+/- 0) us 
Propose latency = 553.744675 (+/- 95) us 
Write latency = 219.518721 (+/- 176) us 
Accept latency = 1578.2139359999999 (+/- 175) us 
Batch average size = NaN (+/- 0) requests
LCMessage ByteCount = 55:11
TOMMessage ByteCount = 139316672:417306
StandardSMMessage ByteCount = 424:22
ConsensusMessage ByteCount = 1444025:21882
--- Measurements after 359000 ops (1000 samples) ---
Throughput = 4716.981 operations/sec (Maximum observed: 9009.009 ops/sec)
Total latency = 5.0176108023184E7 (+/- 0) us 
Consensus latency = 2378.4029929999997 (+/- 270) us 
Pre-consensus latency = 0.0 (+/- 0) us 
Pos-consensus latency = 5.0174089032945E7 (+/- 0) us 
Propose latency = 603.110914 (+/- 187) us 
Write latency = 246.748434 (+/- 171) us 
Accept latency = 1528.543645 (+/- 170) us 
Batch average size = NaN (+/- 0) requests
LCMessage ByteCount = 55:11
TOMMessage ByteCount = 139360349:417348
StandardSMMessage ByteCount = 424:22
ConsensusMessage ByteCount = 1444025:21882
--- Measurements after 360000 ops (1000 samples) ---
Throughput = 4672.897 operations/sec (Maximum observed: 9009.009 ops/sec)
Total latency = 5.0333537916259006E7 (+/- 0) us 
Consensus latency = 2276.989639 (+/- 140) us 
Pre-consensus latency = 0.0 (+/- 0) us 
Pos-consensus latency = 5.0331582200944E7 (+/- 0) us 
Propose latency = 521.722665 (+/- 91) us 
Write latency = 212.889571 (+/- 157) us 
Accept latency = 1542.377403 (+/- 175) us 
Batch average size = NaN (+/- 0) requests
LCMessage ByteCount = 55:11
TOMMessage ByteCount = 139419625:417405
StandardSMMessage ByteCount = 424:22
ConsensusMessage ByteCount = 1444025:21882
--- Measurements after 361000 ops (1000 samples) ---
Throughput = 3952.569 operations/sec (Maximum observed: 9009.009 ops/sec)
Total latency = 5.0494511345633E7 (+/- 0) us 
Consensus latency = 2254.295709 (+/- 263) us 
Pre-consensus latency = 0.0 (+/- 0) us 
Pos-consensus latency = 5.0492540406664E7 (+/- 0) us 
Propose latency = 446.90782299999995 (+/- 48) us 
Write latency = 321.952007 (+/- 226) us 
Accept latency = 1485.4358789999999 (+/- 146) us 
Batch average size = NaN (+/- 0) requests
LCMessage ByteCount = 55:11
TOMMessage ByteCount = 139521543:417503
StandardSMMessage ByteCount = 424:22
ConsensusMessage ByteCount = 1444025:21882
--- Measurements after 362000 ops (1000 samples) ---
Throughput = 3875.969 operations/sec (Maximum observed: 9009.009 ops/sec)
Total latency = 5.0725271057498E7 (+/- 0) us 
Consensus latency = 2659.988259 (+/- 1934) us 
Pre-consensus latency = 0.0 (+/- 0) us 
Pos-consensus latency = 5.0722932603415E7 (+/- 0) us 
Propose latency = 503.431448 (+/- 88) us 
Write latency = 176.938911 (+/- 139) us 
Accept latency = 1979.6179 (+/- 1906) us 
Batch average size = NaN (+/- 0) requests
LCMessage ByteCount = 55:11
TOMMessage ByteCount = 139586017:417565
StandardSMMessage ByteCount = 424:22
ConsensusMessage ByteCount = 1444025:21882
--- Measurements after 363000 ops (1000 samples) ---
Throughput = 7092.1987 operations/sec (Maximum observed: 9009.009 ops/sec)
Total latency = 5.085841396376E7 (+/- 0) us 
Consensus latency = 2357.503509 (+/- 975) us 
Pre-consensus latency = 0.0 (+/- 0) us 
Pos-consensus latency = 5.0856379966095E7 (+/- 0) us 
Propose latency = 603.533634 (+/- 225) us 
Write latency = 93.89552400000001 (+/- 39) us 
Accept latency = 1660.074351 (+/- 939) us 
Batch average size = NaN (+/- 0) requests
LCMessage ByteCount = 55:11
TOMMessage ByteCount = 139635933:417613
StandardSMMessage ByteCount = 424:22
ConsensusMessage ByteCount = 1444025:21882
--- Measurements after 364000 ops (1000 samples) ---
Throughput = 8130.0815 operations/sec (Maximum observed: 9009.009 ops/sec)
Total latency = 5.0934107429170996E7 (+/- 0) us 
Consensus latency = 2239.900357 (+/- 166) us 
Pre-consensus latency = 0.0 (+/- 0) us 
Pos-consensus latency = 5.0932192872161E7 (+/- 0) us 
Propose latency = 534.846071 (+/- 76) us 
Write latency = 224.686065 (+/- 154) us 
Accept latency = 1480.368221 (+/- 153) us 
Batch average size = NaN (+/- 0) requests
LCMessage ByteCount = 55:11
TOMMessage ByteCount = 139673371:417649
StandardSMMessage ByteCount = 424:22
ConsensusMessage ByteCount = 1444025:21882
--- Measurements after 365000 ops (1000 samples) ---
Throughput = 5102.041 operations/sec (Maximum observed: 9009.009 ops/sec)
Total latency = 5.1027323061959E7 (+/- 0) us 
Consensus latency = 2860.400877 (+/- 1726) us 
Pre-consensus latency = 0.0 (+/- 0) us 
Pos-consensus latency = 5.1024868492841005E7 (+/- 0) us 
Propose latency = 646.143457 (+/- 117) us 
Write latency = 170.01282 (+/- 108) us 
Accept latency = 2044.2446 (+/- 1688) us 
Batch average size = NaN (+/- 0) requests
LCMessage ByteCount = 55:11
TOMMessage ByteCount = 139704569:417679
StandardSMMessage ByteCount = 424:22
ConsensusMessage ByteCount = 1444025:21882
--- Measurements after 366000 ops (1000 samples) ---
Throughput = 5181.347 operations/sec (Maximum observed: 9009.009 ops/sec)
Total latency = 5.1176303588304E7 (+/- 0) us 
Consensus latency = 2216.617272 (+/- 174) us 
Pre-consensus latency = 0.0 (+/- 0) us 
Pos-consensus latency = 5.1174411377821E7 (+/- 0) us 
Propose latency = 522.184888 (+/- 64) us 
Write latency = 201.320606 (+/- 222) us 
Accept latency = 1493.111778 (+/- 192) us 
Batch average size = NaN (+/- 0) requests
LCMessage ByteCount = 55:11
TOMMessage ByteCount = 139712888:417687
StandardSMMessage ByteCount = 424:22
ConsensusMessage ByteCount = 1444025:21882
--- Measurements after 367000 ops (1000 samples) ---
Throughput = 5208.3335 operations/sec (Maximum observed: 9009.009 ops/sec)
Total latency = 5.1312165141421996E7 (+/- 0) us 
Consensus latency = 2226.7726239999997 (+/- 152) us 
Pre-consensus latency = 0.0 (+/- 0) us 
Pos-consensus latency = 5.1310258870641E7 (+/- 0) us 
Propose latency = 506.807009 (+/- 92) us 
Write latency = 254.010727 (+/- 180) us 
Accept latency = 1465.954888 (+/- 149) us 
Batch average size = NaN (+/- 0) requests
LCMessage ByteCount = 55:11
TOMMessage ByteCount = 139720168:417694
StandardSMMessage ByteCount = 424:22
ConsensusMessage ByteCount = 1444025:21882
--- Measurements after 368000 ops (1000 samples) ---
Throughput = 4444.4443 operations/sec (Maximum observed: 9009.009 ops/sec)
Total latency = 5.1463772087257005E7 (+/- 0) us 
Consensus latency = 2152.80579 (+/- 170) us 
Pre-consensus latency = 0.0 (+/- 0) us 
Pos-consensus latency = 5.1461924743204005E7 (+/- 0) us 
Propose latency = 525.082794 (+/- 72) us 
Write latency = 160.75296799999998 (+/- 133) us 
Accept latency = 1466.970028 (+/- 147) us 
Batch average size = NaN (+/- 0) requests
LCMessage ByteCount = 55:11
TOMMessage ByteCount = 139752406:417725
StandardSMMessage ByteCount = 424:22
ConsensusMessage ByteCount = 1444025:21882
--- Measurements after 369000 ops (1000 samples) ---
Throughput = 4901.961 operations/sec (Maximum observed: 9009.009 ops/sec)
Total latency = 5.1632333509507E7 (+/- 0) us 
Consensus latency = 2181.3136320000003 (+/- 220) us 
Pre-consensus latency = 0.0 (+/- 0) us 
Pos-consensus latency = 5.1630483700482E7 (+/- 0) us 
Propose latency = 530.284014 (+/- 102) us 
Write latency = 154.55176 (+/- 159) us 
Accept latency = 1496.477858 (+/- 122) us 
Batch average size = NaN (+/- 0) requests
LCMessage ByteCount = 55:11
TOMMessage ByteCount = 139769045:417741
StandardSMMessage ByteCount = 424:22
ConsensusMessage ByteCount = 1444025:21882
--- Measurements after 370000 ops (1000 samples) ---
Throughput = 6535.9478 operations/sec (Maximum observed: 9009.009 ops/sec)
Total latency = 5.175006730064601E7 (+/- 0) us 
Consensus latency = 2211.150651 (+/- 194) us 
Pre-consensus latency = 0.0 (+/- 0) us 
Pos-consensus latency = 5.1748181683908E7 (+/- 0) us 
Propose latency = 552.5220350000001 (+/- 74) us 
Write latency = 172.67727100000002 (+/- 143) us 
Accept latency = 1485.951345 (+/- 199) us 
Batch average size = NaN (+/- 0) requests
LCMessage ByteCount = 55:11
TOMMessage ByteCount = 139915674:417882
StandardSMMessage ByteCount = 424:22
ConsensusMessage ByteCount = 1444025:21882
--- Measurements after 371000 ops (1000 samples) ---
Throughput = 5649.7173 operations/sec (Maximum observed: 9009.009 ops/sec)
Total latency = 5.1854408425411E7 (+/- 0) us 
Consensus latency = 2334.248762 (+/- 178) us 
Pre-consensus latency = 0.0 (+/- 0) us 
Pos-consensus latency = 5.1852436884706E7 (+/- 0) us 
Propose latency = 589.978433 (+/- 132) us 
Write latency = 168.882024 (+/- 164) us 
Accept latency = 1575.388305 (+/- 179) us 
Batch average size = NaN (+/- 0) requests
LCMessage ByteCount = 55:11
TOMMessage ByteCount = 140087259:418047
StandardSMMessage ByteCount = 424:22
ConsensusMessage ByteCount = 1444025:21882
--- Measurements after 372000 ops (1000 samples) ---
Throughput = 6410.2563 operations/sec (Maximum observed: 9009.009 ops/sec)
Total latency = 5.1969886629772E7 (+/- 0) us 
Consensus latency = 2275.3862209999998 (+/- 228) us 
Pre-consensus latency = 0.0 (+/- 0) us 
Pos-consensus latency = 5.1967940996433996E7 (+/- 0) us 
Propose latency = 530.3928070000001 (+/- 98) us 
Write latency = 142.581211 (+/- 94) us 
Accept latency = 1602.412203 (+/- 213) us 
Batch average size = NaN (+/- 0) requests
LCMessage ByteCount = 55:11
TOMMessage ByteCount = 140149655:418107
StandardSMMessage ByteCount = 424:22
ConsensusMessage ByteCount = 1444025:21882
--- Measurements after 373000 ops (1000 samples) ---
Throughput = 6535.9478 operations/sec (Maximum observed: 9009.009 ops/sec)
Total latency = 5.2069917499910004E7 (+/- 0) us 
Consensus latency = 2184.382213 (+/- 166) us 
Pre-consensus latency = 0.0 (+/- 0) us 
Pos-consensus latency = 5.2068046012241E7 (+/- 0) us 
Propose latency = 503.13618199999996 (+/- 99) us 
Write latency = 131.50750299999999 (+/- 93) us 
Accept latency = 1549.7385279999999 (+/- 119) us 
Batch average size = NaN (+/- 0) requests
LCMessage ByteCount = 55:11
TOMMessage ByteCount = 140151735:418109
StandardSMMessage ByteCount = 424:22
ConsensusMessage ByteCount = 1444025:21882
--- Measurements after 374000 ops (1000 samples) ---
Throughput = 6369.427 operations/sec (Maximum observed: 9009.009 ops/sec)
Total latency = 5.2167395494751E7 (+/- 0) us 
Consensus latency = 3005.678711 (+/- 2822) us 
Pre-consensus latency = 0.0 (+/- 0) us 
Pos-consensus latency = 5.2164732063694E7 (+/- 0) us 
Propose latency = 537.6232630000001 (+/- 72) us 
Write latency = 184.822002 (+/- 136) us 
Accept latency = 2283.233446 (+/- 2834) us 
Batch average size = NaN (+/- 0) requests
LCMessage ByteCount = 55:11
TOMMessage ByteCount = 140154855:418112
StandardSMMessage ByteCount = 424:22
ConsensusMessage ByteCount = 1444025:21882
--- Measurements after 375000 ops (1000 samples) ---
Throughput = 6493.5063 operations/sec (Maximum observed: 9009.009 ops/sec)
Total latency = 5.2264480331233E7 (+/- 0) us 
Consensus latency = 2229.290039 (+/- 286) us 
Pre-consensus latency = 0.0 (+/- 0) us 
Pos-consensus latency = 5.2262566576005995E7 (+/- 0) us 
Propose latency = 553.144983 (+/- 87) us 
Write latency = 237.083897 (+/- 289) us 
Accept latency = 1439.061159 (+/- 133) us 
Batch average size = NaN (+/- 0) requests
LCMessage ByteCount = 55:11
TOMMessage ByteCount = 140162135:418119
StandardSMMessage ByteCount = 424:22
ConsensusMessage ByteCount = 1444025:21882
--- Measurements after 376000 ops (1000 samples) ---
Throughput = 6493.5063 operations/sec (Maximum observed: 9009.009 ops/sec)
Total latency = 5.2365702157813005E7 (+/- 0) us 
Consensus latency = 2263.161045 (+/- 202) us 
Pre-consensus latency = 0.0 (+/- 0) us 
Pos-consensus latency = 5.2363731182718E7 (+/- 0) us 
Propose latency = 494.43359000000004 (+/- 58) us 
Write latency = 222.235918 (+/- 179) us 
Accept latency = 1546.491537 (+/- 151) us 
Batch average size = NaN (+/- 0) requests
LCMessage ByteCount = 55:11
TOMMessage ByteCount = 140166294:418123
StandardSMMessage ByteCount = 424:22
ConsensusMessage ByteCount = 1444025:21882
--- Measurements after 377000 ops (1000 samples) ---
Throughput = 5747.1265 operations/sec (Maximum observed: 9009.009 ops/sec)
Total latency = 5.2469510292664E7 (+/- 0) us 
Consensus latency = 2451.063244 (+/- 305) us 
Pre-consensus latency = 0.0 (+/- 0) us 
Pos-consensus latency = 5.2467386069035E7 (+/- 0) us 
Propose latency = 548.888827 (+/- 111) us 
Write latency = 256.159169 (+/- 291) us 
Accept latency = 1646.015248 (+/- 235) us 
Batch average size = NaN (+/- 0) requests
LCMessage ByteCount = 55:11
TOMMessage ByteCount = 140170453:418127
StandardSMMessage ByteCount = 424:22
ConsensusMessage ByteCount = 1444025:21882
--- Measurements after 378000 ops (1000 samples) ---
Throughput = 6802.721 operations/sec (Maximum observed: 9009.009 ops/sec)
Total latency = 5.2579491136806E7 (+/- 0) us 
Consensus latency = 2480.7130970000003 (+/- 454) us 
Pre-consensus latency = 0.0 (+/- 0) us 
Pos-consensus latency = 5.257734330552E7 (+/- 0) us 
Propose latency = 548.1309150000001 (+/- 148) us 
Write latency = 477.03593199999995 (+/- 364) us 
Accept latency = 1455.54625 (+/- 114) us 
Batch average size = NaN (+/- 0) requests
LCMessage ByteCount = 55:11
TOMMessage ByteCount = 140172533:418129
StandardSMMessage ByteCount = 424:22
ConsensusMessage ByteCount = 1444025:21882
--- Measurements after 379000 ops (1000 samples) ---
Throughput = 7042.2534 operations/sec (Maximum observed: 9009.009 ops/sec)
Total latency = 5.2667526758671E7 (+/- 0) us 
Consensus latency = 2334.968241 (+/- 311) us 
Pre-consensus latency = 0.0 (+/- 0) us 
Pos-consensus latency = 5.2665472021872E7 (+/- 0) us 
Propose latency = 442.92944300000005 (+/- 89) us 
Write latency = 355.431746 (+/- 232) us 
Accept latency = 1536.6070519999998 (+/- 220) us 
Batch average size = NaN (+/- 0) requests
LCMessage ByteCount = 55:11
TOMMessage ByteCount = 140181893:418138
StandardSMMessage ByteCount = 424:22
ConsensusMessage ByteCount = 1444025:21882
--- Measurements after 380000 ops (1000 samples) ---
Throughput = 7042.2534 operations/sec (Maximum observed: 9009.009 ops/sec)
Total latency = 5.2752104622558E7 (+/- 0) us 
Consensus latency = 3169.318444 (+/- 3397) us 
Pre-consensus latency = 0.0 (+/- 0) us 
Pos-consensus latency = 5.2749256918427005E7 (+/- 0) us 
Propose latency = 524.737276 (+/- 95) us 
Write latency = 273.168616 (+/- 282) us 
Accept latency = 2371.4125520000002 (+/- 3419) us 
Batch average size = NaN (+/- 0) requests
LCMessage ByteCount = 55:11
TOMMessage ByteCount = 140186053:418142
StandardSMMessage ByteCount = 424:22
ConsensusMessage ByteCount = 1444025:21882
--- Measurements after 381000 ops (1000 samples) ---
Throughput = 7042.2534 operations/sec (Maximum observed: 9009.009 ops/sec)
Total latency = 5.283802674305E7 (+/- 0) us 
Consensus latency = 2134.6888360000003 (+/- 199) us 
Pre-consensus latency = 0.0 (+/- 0) us 
Pos-consensus latency = 5.2836194278877996E7 (+/- 0) us 
Propose latency = 510.371012 (+/- 83) us 
Write latency = 148.039374 (+/- 128) us 
Accept latency = 1476.27845 (+/- 98) us 
Batch average size = NaN (+/- 0) requests
LCMessage ByteCount = 55:11
TOMMessage ByteCount = 140191253:418147
StandardSMMessage ByteCount = 424:22
ConsensusMessage ByteCount = 1444025:21882
--- Measurements after 382000 ops (1000 samples) ---
Throughput = 8474.576 operations/sec (Maximum observed: 9009.009 ops/sec)
Total latency = 5.2916063861051E7 (+/- 0) us 
Consensus latency = 2232.692712 (+/- 213) us 
Pre-consensus latency = 0.0 (+/- 0) us 
Pos-consensus latency = 5.2914138906048E7 (+/- 0) us 
Propose latency = 480.60062400000004 (+/- 73) us 
Write latency = 246.636 (+/- 207) us 
Accept latency = 1505.456088 (+/- 180) us 
Batch average size = NaN (+/- 0) requests
LCMessage ByteCount = 55:11
TOMMessage ByteCount = 140198533:418154
StandardSMMessage ByteCount = 424:22
ConsensusMessage ByteCount = 1444025:21882
--- Measurements after 383000 ops (1000 samples) ---
Throughput = 5747.1265 operations/sec (Maximum observed: 9009.009 ops/sec)
Total latency = 5.2986955025538005E7 (+/- 0) us 
Consensus latency = 2291.379841 (+/- 237) us 
Pre-consensus latency = 0.0 (+/- 0) us 
Pos-consensus latency = 5.2984953367169E7 (+/- 0) us 
Propose latency = 464.985495 (+/- 64) us 
Write latency = 175.111065 (+/- 116) us 
Accept latency = 1651.283281 (+/- 245) us 
Batch average size = NaN (+/- 0) requests
LCMessage ByteCount = 55:11
TOMMessage ByteCount = 140202693:418158
StandardSMMessage ByteCount = 424:22
ConsensusMessage ByteCount = 1444025:21882
--- Measurements after 384000 ops (1000 samples) ---
Throughput = 6535.9478 operations/sec (Maximum observed: 9009.009 ops/sec)
Total latency = 5.3124720724917E7 (+/- 0) us 
Consensus latency = 2344.896313 (+/- 336) us 
Pre-consensus latency = 0.0 (+/- 0) us 
Pos-consensus latency = 5.3122722595142E7 (+/- 0) us 
Propose latency = 650.486383 (+/- 206) us 
Write latency = 184.961657 (+/- 140) us 
Accept latency = 1509.448273 (+/- 231) us 
Batch average size = NaN (+/- 0) requests
LCMessage ByteCount = 55:11
TOMMessage ByteCount = 140215172:418170
StandardSMMessage ByteCount = 424:22
ConsensusMessage ByteCount = 1444025:21882
--- Measurements after 385000 ops (1000 samples) ---
Throughput = 8403.361 operations/sec (Maximum observed: 9009.009 ops/sec)
Total latency = 5.3194842425113E7 (+/- 0) us 
Consensus latency = 2237.9484780000003 (+/- 153) us 
Pre-consensus latency = 0.0 (+/- 0) us 
Pos-consensus latency = 5.3192929216206E7 (+/- 0) us 
Propose latency = 552.0135670000001 (+/- 78) us 
Write latency = 147.304813 (+/- 123) us 
Accept latency = 1538.630098 (+/- 197) us 
Batch average size = NaN (+/- 0) requests
LCMessage ByteCount = 55:11
TOMMessage ByteCount = 140218292:418173
StandardSMMessage ByteCount = 424:22
ConsensusMessage ByteCount = 1444025:21882
--- Measurements after 386000 ops (1000 samples) ---
Throughput = 8000.0 operations/sec (Maximum observed: 9009.009 ops/sec)
Total latency = 5.3258643316998E7 (+/- 0) us 
Consensus latency = 2494.016524 (+/- 1017) us 
Pre-consensus latency = 0.0 (+/- 0) us 
Pos-consensus latency = 5.3256732879473E7 (+/- 0) us 
Propose latency = 785.700834 (+/- 1029) us 
Write latency = 167.92994099999999 (+/- 178) us 
Accept latency = 1540.385749 (+/- 134) us 
Batch average size = NaN (+/- 0) requests
LCMessage ByteCount = 55:11
TOMMessage ByteCount = 140237011:418191
StandardSMMessage ByteCount = 424:22
ConsensusMessage ByteCount = 1444025:21882
--- Measurements after 387000 ops (1000 samples) ---
Throughput = 5882.353 operations/sec (Maximum observed: 9009.009 ops/sec)
Total latency = 5.3350691164134E7 (+/- 0) us 
Consensus latency = 2218.948591 (+/- 203) us 
Pre-consensus latency = 0.0 (+/- 0) us 
Pos-consensus latency = 5.3348779485046E7 (+/- 0) us 
Propose latency = 519.932924 (+/- 107) us 
Write latency = 202.668555 (+/- 189) us 
Accept latency = 1496.347112 (+/- 198) us 
Batch average size = NaN (+/- 0) requests
LCMessage ByteCount = 55:11
TOMMessage ByteCount = 140260931:418214
StandardSMMessage ByteCount = 424:22
ConsensusMessage ByteCount = 1444025:21882
--- Measurements after 388000 ops (1000 samples) ---
Throughput = 8771.93 operations/sec (Maximum observed: 9009.009 ops/sec)
Total latency = 5.3440326713624E7 (+/- 0) us 
Consensus latency = 2234.878003 (+/- 156) us 
Pre-consensus latency = 0.0 (+/- 0) us 
Pos-consensus latency = 5.3438418888347E7 (+/- 0) us 
Propose latency = 557.302848 (+/- 78) us 
Write latency = 117.731189 (+/- 77) us 
Accept latency = 1559.843966 (+/- 180) us 
Batch average size = NaN (+/- 0) requests
LCMessage ByteCount = 55:11
TOMMessage ByteCount = 140265090:418218
StandardSMMessage ByteCount = 424:22
ConsensusMessage ByteCount = 1444025:21882
--- Measurements after 389000 ops (1000 samples) ---
Throughput = 7751.938 operations/sec (Maximum observed: 9009.009 ops/sec)
Total latency = 5.3505345640880994E7 (+/- 0) us 
Consensus latency = 2261.492941 (+/- 221) us 
Pre-consensus latency = 0.0 (+/- 0) us 
Pos-consensus latency = 5.3503400144474E7 (+/- 0) us 
Propose latency = 521.221909 (+/- 79) us 
Write latency = 143.409928 (+/- 103) us 
Accept latency = 1596.861104 (+/- 236) us 
Batch average size = NaN (+/- 0) requests
LCMessage ByteCount = 55:11
TOMMessage ByteCount = 140269249:418222
StandardSMMessage ByteCount = 424:22
ConsensusMessage ByteCount = 1444025:21882
--- Measurements after 390000 ops (1000 samples) ---
Throughput = 7812.5 operations/sec (Maximum observed: 9009.009 ops/sec)
Total latency = 5.3575329066974E7 (+/- 0) us 
Consensus latency = 2239.99106 (+/- 168) us 
Pre-consensus latency = 0.0 (+/- 0) us 
Pos-consensus latency = 5.3573410650343E7 (+/- 0) us 
Propose latency = 557.5944529999999 (+/- 138) us 
Write latency = 139.217446 (+/- 106) us 
Accept latency = 1543.179161 (+/- 124) us 
Batch average size = NaN (+/- 0) requests
LCMessage ByteCount = 55:11
TOMMessage ByteCount = 140273409:418226
StandardSMMessage ByteCount = 424:22
ConsensusMessage ByteCount = 1444025:21882
--- Measurements after 391000 ops (1000 samples) ---
Throughput = 6024.096 operations/sec (Maximum observed: 9009.009 ops/sec)
Total latency = 5.3676719035606004E7 (+/- 0) us 
Consensus latency = 2171.903909 (+/- 214) us 
Pre-consensus latency = 0.0 (+/- 0) us 
Pos-consensus latency = 5.367486201182599E7 (+/- 0) us 
Propose latency = 499.478223 (+/- 95) us 
Write latency = 136.571766 (+/- 123) us 
Accept latency = 1535.85392 (+/- 149) us 
Batch average size = NaN (+/- 0) requests
LCMessage ByteCount = 55:11
TOMMessage ByteCount = 140280688:418233
StandardSMMessage ByteCount = 424:22
ConsensusMessage ByteCount = 1444025:21882
--- Measurements after 392000 ops (1000 samples) ---
Throughput = 6622.5166 operations/sec (Maximum observed: 9009.009 ops/sec)
Total latency = 5.3774624174231E7 (+/- 0) us 
Consensus latency = 2636.603099 (+/- 1496) us 
Pre-consensus latency = 0.0 (+/- 0) us 
Pos-consensus latency = 5.3772256247071E7 (+/- 0) us 
Propose latency = 517.722608 (+/- 232) us 
Write latency = 148.145961 (+/- 102) us 
Accept latency = 1970.73453 (+/- 1491) us 
Batch average size = NaN (+/- 0) requests
LCMessage ByteCount = 55:11
TOMMessage ByteCount = 140285888:418238
StandardSMMessage ByteCount = 424:22
ConsensusMessage ByteCount = 1444025:21882
--- Measurements after 393000 ops (1000 samples) ---
Throughput = 7633.588 operations/sec (Maximum observed: 9009.009 ops/sec)
Total latency = 5.3864106822712995E7 (+/- 0) us 
Consensus latency = 2137.397997 (+/- 145) us 
Pre-consensus latency = 0.0 (+/- 0) us 
Pos-consensus latency = 5.3862251360107005E7 (+/- 0) us 
Propose latency = 508.028363 (+/- 48) us 
Write latency = 105.73260400000001 (+/- 70) us 
Accept latency = 1523.63703 (+/- 146) us 
Batch average size = NaN (+/- 0) requests
LCMessage ByteCount = 55:11
TOMMessage ByteCount = 140295248:418247
StandardSMMessage ByteCount = 424:22
ConsensusMessage ByteCount = 1444025:21882
--- Measurements after 394000 ops (1000 samples) ---
Throughput = 6250.0 operations/sec (Maximum observed: 9009.009 ops/sec)
Total latency = 5.3941742709621005E7 (+/- 0) us 
Consensus latency = 2175.2338059999997 (+/- 239) us 
Pre-consensus latency = 0.0 (+/- 0) us 
Pos-consensus latency = 5.3939860228079006E7 (+/- 0) us 
Propose latency = 469.600587 (+/- 91) us 
Write latency = 184.01776500000003 (+/- 186) us 
Accept latency = 1521.615454 (+/- 213) us 
Batch average size = NaN (+/- 0) requests
LCMessage ByteCount = 55:11
TOMMessage ByteCount = 140424197:418371
StandardSMMessage ByteCount = 424:22
ConsensusMessage ByteCount = 1444025:21882
--- Measurements after 395000 ops (1000 samples) ---
Throughput = 6756.757 operations/sec (Maximum observed: 9009.009 ops/sec)
Total latency = 5.4048337956864E7 (+/- 0) us 
Consensus latency = 2418.8678250000003 (+/- 877) us 
Pre-consensus latency = 0.0 (+/- 0) us 
Pos-consensus latency = 5.4046210416054E7 (+/- 0) us 
Propose latency = 497.898956 (+/- 77) us 
Write latency = 138.621455 (+/- 116) us 
Accept latency = 1782.347414 (+/- 890) us 
Batch average size = NaN (+/- 0) requests
LCMessage ByteCount = 55:11
TOMMessage ByteCount = 140591625:418532
StandardSMMessage ByteCount = 424:22
ConsensusMessage ByteCount = 1444025:21882
--- Measurements after 396000 ops (1000 samples) ---
Throughput = 6896.552 operations/sec (Maximum observed: 9009.009 ops/sec)
Total latency = 5.4136099978794E7 (+/- 0) us 
Consensus latency = 2379.8626719999997 (+/- 426) us 
Pre-consensus latency = 0.0 (+/- 0) us 
Pos-consensus latency = 5.4134069082314E7 (+/- 0) us 
Propose latency = 571.1522 (+/- 145) us 
Write latency = 286.15769 (+/- 349) us 
Accept latency = 1522.552782 (+/- 263) us 
Batch average size = NaN (+/- 0) requests
LCMessage ByteCount = 55:11
TOMMessage ByteCount = 140787130:418720
StandardSMMessage ByteCount = 424:22
ConsensusMessage ByteCount = 1444025:21882
--- Measurements after 397000 ops (1000 samples) ---
Throughput = 5649.7173 operations/sec (Maximum observed: 9009.009 ops/sec)
Total latency = 5.4236234661768E7 (+/- 0) us 
Consensus latency = 2275.908856 (+/- 178) us 
Pre-consensus latency = 0.0 (+/- 0) us 
Pos-consensus latency = 5.4234287076977E7 (+/- 0) us 
Propose latency = 599.335677 (+/- 150) us 
Write latency = 105.316029 (+/- 67) us 
Accept latency = 1571.25715 (+/- 145) us 
Batch average size = NaN (+/- 0) requests
LCMessage ByteCount = 55:11
TOMMessage ByteCount = 141013833:418938
StandardSMMessage ByteCount = 424:22
ConsensusMessage ByteCount = 1444025:21882
--- Measurements after 398000 ops (1000 samples) ---
Throughput = 6024.096 operations/sec (Maximum observed: 9009.009 ops/sec)
Total latency = 5.4382748976274E7 (+/- 0) us 
Consensus latency = 2242.344025 (+/- 236) us 
Pre-consensus latency = 0.0 (+/- 0) us 
Pos-consensus latency = 5.438084732967E7 (+/- 0) us 
Propose latency = 549.8017020000001 (+/- 88) us 
Write latency = 138.416942 (+/- 126) us 
Accept latency = 1554.125381 (+/- 214) us 
Batch average size = NaN (+/- 0) requests
LCMessage ByteCount = 55:11
TOMMessage ByteCount = 141063749:418986
StandardSMMessage ByteCount = 424:22
ConsensusMessage ByteCount = 1444025:21882
--- Measurements after 399000 ops (1000 samples) ---
Throughput = 8403.361 operations/sec (Maximum observed: 9009.009 ops/sec)
Total latency = 5.4448592394935995E7 (+/- 0) us 
Consensus latency = 2233.82954 (+/- 172) us 
Pre-consensus latency = 0.0 (+/- 0) us 
Pos-consensus latency = 5.4446696208478995E7 (+/- 0) us 
Propose latency = 534.151043 (+/- 45) us 
Write latency = 137.805901 (+/- 103) us 
Accept latency = 1561.872596 (+/- 208) us 
Batch average size = NaN (+/- 0) requests
LCMessage ByteCount = 55:11
TOMMessage ByteCount = 141067909:418990
StandardSMMessage ByteCount = 424:22
ConsensusMessage ByteCount = 1444025:21882
--- Measurements after 400000 ops (1000 samples) ---
Throughput = 8474.576 operations/sec (Maximum observed: 9009.009 ops/sec)
Total latency = 5.4514076225763E7 (+/- 0) us 
Consensus latency = 2222.203355 (+/- 177) us 
Pre-consensus latency = 0.0 (+/- 0) us 
Pos-consensus latency = 5.4512157929047994E7 (+/- 0) us 
Propose latency = 506.695186 (+/- 100) us 
Write latency = 186.514951 (+/- 162) us 
Accept latency = 1528.993218 (+/- 170) us 
Batch average size = NaN (+/- 0) requests
LCMessage ByteCount = 55:11
TOMMessage ByteCount = 141068949:418991
StandardSMMessage ByteCount = 424:22
ConsensusMessage ByteCount = 1444025:21882
--- Measurements after 401000 ops (1000 samples) ---
Throughput = 6622.5166 operations/sec (Maximum observed: 9009.009 ops/sec)
Total latency = 5.4599136216999E7 (+/- 0) us 
Consensus latency = 2248.098952 (+/- 170) us 
Pre-consensus latency = 0.0 (+/- 0) us 
Pos-consensus latency = 5.4597201713941E7 (+/- 0) us 
Propose latency = 529.3669649999999 (+/- 66) us 
Write latency = 148.526708 (+/- 117) us 
Accept latency = 1570.205279 (+/- 155) us 
Batch average size = NaN (+/- 0) requests
LCMessage ByteCount = 55:11
TOMMessage ByteCount = 141089748:419011
StandardSMMessage ByteCount = 424:22
ConsensusMessage ByteCount = 1444025:21882
--- Measurements after 402000 ops (1000 samples) ---
Throughput = 8620.689 operations/sec (Maximum observed: 9009.009 ops/sec)
Total latency = 5.4667494240113E7 (+/- 0) us 
Consensus latency = 2417.528148 (+/- 340) us 
Pre-consensus latency = 0.0 (+/- 0) us 
Pos-consensus latency = 5.4665413449088E7 (+/- 0) us 
Propose latency = 536.011323 (+/- 74) us 
Write latency = 276.016328 (+/- 300) us 
Accept latency = 1605.500497 (+/- 164) us 
Batch average size = NaN (+/- 0) requests
LCMessage ByteCount = 55:11
TOMMessage ByteCount = 141098068:419019
StandardSMMessage ByteCount = 424:22
ConsensusMessage ByteCount = 1444025:21882
--- Measurements after 403000 ops (1000 samples) ---
Throughput = 8547.009 operations/sec (Maximum observed: 9009.009 ops/sec)
Total latency = 5.4730881402618E7 (+/- 0) us 
Consensus latency = 2270.9802769999997 (+/- 170) us 
Pre-consensus latency = 0.0 (+/- 0) us 
Pos-consensus latency = 5.47289354127E7 (+/- 0) us 
Propose latency = 527.2482090000001 (+/- 67) us 
Write latency = 191.026016 (+/- 143) us 
Accept latency = 1552.706052 (+/- 164) us 
Batch average size = NaN (+/- 0) requests
LCMessage ByteCount = 55:11
TOMMessage ByteCount = 141105348:419026
StandardSMMessage ByteCount = 424:22
ConsensusMessage ByteCount = 1444025:21882
--- Measurements after 404000 ops (1000 samples) ---
Throughput = 5917.1597 operations/sec (Maximum observed: 9009.009 ops/sec)
Total latency = 5.4789007574721E7 (+/- 0) us 
Consensus latency = 3151.434585 (+/- 3304) us 
Pre-consensus latency = 0.0 (+/- 0) us 
Pos-consensus latency = 5.4786226673418E7 (+/- 0) us 
Propose latency = 584.756443 (+/- 140) us 
Write latency = 143.060744 (+/- 158) us 
Accept latency = 2423.617398 (+/- 3295) us 
Batch average size = NaN (+/- 0) requests
LCMessage ByteCount = 55:11
TOMMessage ByteCount = 141109508:419030
StandardSMMessage ByteCount = 424:22
ConsensusMessage ByteCount = 1444025:21882
--- Measurements after 405000 ops (1000 samples) ---
Throughput = 5347.5938 operations/sec (Maximum observed: 9009.009 ops/sec)
Total latency = 5.4925450211623E7 (+/- 0) us 
Consensus latency = 2171.6067599999997 (+/- 196) us 
Pre-consensus latency = 0.0 (+/- 0) us 
Pos-consensus latency = 5.492359710948E7 (+/- 0) us 
Propose latency = 576.017129 (+/- 196) us 
Write latency = 136.28702600000003 (+/- 124) us 
Accept latency = 1459.302605 (+/- 157) us 
Batch average size = NaN (+/- 0) requests
LCMessage ByteCount = 55:11
TOMMessage ByteCount = 141116788:419037
StandardSMMessage ByteCount = 424:22
ConsensusMessage ByteCount = 1444025:21882
--- Measurements after 406000 ops (1000 samples) ---
Throughput = 4329.0044 operations/sec (Maximum observed: 9009.009 ops/sec)
Total latency = 5.5096039826827005E7 (+/- 0) us 
Consensus latency = 2155.10534 (+/- 197) us 
Pre-consensus latency = 0.0 (+/- 0) us 
Pos-consensus latency = 5.5094197061706E7 (+/- 0) us 
Propose latency = 487.74840600000005 (+/- 99) us 
Write latency = 175.510766 (+/- 123) us 
Accept latency = 1491.846168 (+/- 158) us 
Batch average size = NaN (+/- 0) requests
LCMessage ByteCount = 55:11
TOMMessage ByteCount = 141127188:419047
StandardSMMessage ByteCount = 424:22
ConsensusMessage ByteCount = 1444025:21882
--- Measurements after 407000 ops (1000 samples) ---
Throughput = 4329.0044 operations/sec (Maximum observed: 9009.009 ops/sec)
Total latency = 5.5272415251581E7 (+/- 0) us 
Consensus latency = 2157.325565 (+/- 207) us 
Pre-consensus latency = 0.0 (+/- 0) us 
Pos-consensus latency = 5.5270600597539E7 (+/- 0) us 
Propose latency = 543.239274 (+/- 83) us 
Write latency = 192.138798 (+/- 164) us 
Accept latency = 1421.9474930000001 (+/- 141) us 
Batch average size = NaN (+/- 0) requests
LCMessage ByteCount = 55:11
TOMMessage ByteCount = 141129268:419049
StandardSMMessage ByteCount = 424:22
ConsensusMessage ByteCount = 1444025:21882
--- Measurements after 408000 ops (1000 samples) ---
Throughput = 6060.606 operations/sec (Maximum observed: 9009.009 ops/sec)
Total latency = 5.5421772634666E7 (+/- 0) us 
Consensus latency = 2710.4749279999996 (+/- 1596) us 
Pre-consensus latency = 0.0 (+/- 0) us 
Pos-consensus latency = 5.5419435642842E7 (+/- 0) us 
Propose latency = 624.071996 (+/- 224) us 
Write latency = 597.185822 (+/- 1717) us 
Accept latency = 1489.21711 (+/- 197) us 
Batch average size = NaN (+/- 0) requests
LCMessage ByteCount = 55:11
TOMMessage ByteCount = 141136548:419056
StandardSMMessage ByteCount = 424:22
ConsensusMessage ByteCount = 1444025:21882
--- Measurements after 409000 ops (1000 samples) ---
Throughput = 6666.6665 operations/sec (Maximum observed: 9009.009 ops/sec)
Total latency = 5.5517419865313E7 (+/- 0) us 
Consensus latency = 2271.4800499999997 (+/- 203) us 
Pre-consensus latency = 0.0 (+/- 0) us 
Pos-consensus latency = 5.5515517649428E7 (+/- 0) us 
Propose latency = 610.691729 (+/- 241) us 
Write latency = 201.094166 (+/- 165) us 
Accept latency = 1459.6941550000001 (+/- 142) us 
Batch average size = NaN (+/- 0) requests
LCMessage ByteCount = 55:11
TOMMessage ByteCount = 141163586:419082
StandardSMMessage ByteCount = 424:22
ConsensusMessage ByteCount = 1444025:21882
--- Measurements after 410000 ops (1000 samples) ---
Throughput = 5847.953 operations/sec (Maximum observed: 9009.009 ops/sec)
Total latency = 5.5624297621164E7 (+/- 0) us 
Consensus latency = 2875.017238 (+/- 2335) us 
Pre-consensus latency = 0.0 (+/- 0) us 
Pos-consensus latency = 5.562177086169E7 (+/- 0) us 
Propose latency = 1190.520058 (+/- 2348) us 
Write latency = 161.418872 (+/- 180) us 
Accept latency = 1523.0783079999999 (+/- 176) us 
Batch average size = NaN (+/- 0) requests
LCMessage ByteCount = 55:11
TOMMessage ByteCount = 141188544:419106
StandardSMMessage ByteCount = 424:22
ConsensusMessage ByteCount = 1444025:21882
--- Measurements after 411000 ops (1000 samples) ---
Throughput = 6622.5166 operations/sec (Maximum observed: 9009.009 ops/sec)
Total latency = 5.5727429777427E7 (+/- 0) us 
Consensus latency = 2199.9977949999998 (+/- 193) us 
Pre-consensus latency = 0.0 (+/- 0) us 
Pos-consensus latency = 5.5725528093926005E7 (+/- 0) us 
Propose latency = 515.825818 (+/- 85) us 
Write latency = 197.730215 (+/- 137) us 
Accept latency = 1486.4417620000002 (+/- 287) us 
Batch average size = NaN (+/- 0) requests
LCMessage ByteCount = 55:11
TOMMessage ByteCount = 141215582:419132
StandardSMMessage ByteCount = 424:22
ConsensusMessage ByteCount = 1444025:21882
--- Measurements after 412000 ops (1000 samples) ---
Throughput = 6711.409 operations/sec (Maximum observed: 9009.009 ops/sec)
Total latency = 5.5823835306496E7 (+/- 0) us 
Consensus latency = 2246.068415 (+/- 208) us 
Pre-consensus latency = 0.0 (+/- 0) us 
Pos-consensus latency = 5.5821901244044E7 (+/- 0) us 
Propose latency = 539.184031 (+/- 93) us 
Write latency = 200.708213 (+/- 193) us 
Accept latency = 1506.176171 (+/- 255) us 
Batch average size = NaN (+/- 0) requests
LCMessage ByteCount = 55:11
TOMMessage ByteCount = 141253018:419168
StandardSMMessage ByteCount = 424:22
ConsensusMessage ByteCount = 1444025:21882
--- Measurements after 413000 ops (1000 samples) ---
Throughput = 8474.576 operations/sec (Maximum observed: 9009.009 ops/sec)
Total latency = 5.590244560603E7 (+/- 0) us 
Consensus latency = 2165.4380950000004 (+/- 177) us 
Pre-consensus latency = 0.0 (+/- 0) us 
Pos-consensus latency = 5.5900604096133E7 (+/- 0) us 
Propose latency = 509.769721 (+/- 91) us 
Write latency = 156.1297 (+/- 130) us 
Accept latency = 1499.5386740000001 (+/- 144) us 
Batch average size = NaN (+/- 0) requests
LCMessage ByteCount = 55:11
TOMMessage ByteCount = 141275896:419190
StandardSMMessage ByteCount = 424:22
ConsensusMessage ByteCount = 1444025:21882
--- Measurements after 414000 ops (1000 samples) ---
Throughput = 8547.009 operations/sec (Maximum observed: 9009.009 ops/sec)
Total latency = 5.5962015048653E7 (+/- 0) us 
Consensus latency = 2284.878236 (+/- 292) us 
Pre-consensus latency = 0.0 (+/- 0) us 
Pos-consensus latency = 5.5960059511377E7 (+/- 0) us 
Propose latency = 543.675543 (+/- 78) us 
Write latency = 158.702574 (+/- 209) us 
Accept latency = 1582.500119 (+/- 271) us 
Batch average size = NaN (+/- 0) requests
LCMessage ByteCount = 55:11
TOMMessage ByteCount = 141284215:419198
StandardSMMessage ByteCount = 424:22
ConsensusMessage ByteCount = 1444025:21882
--- Measurements after 415000 ops (1000 samples) ---
Throughput = 5747.1265 operations/sec (Maximum observed: 9009.009 ops/sec)
Total latency = 5.6051482716098E7 (+/- 0) us 
Consensus latency = 2283.376741 (+/- 318) us 
Pre-consensus latency = 0.0 (+/- 0) us 
Pos-consensus latency = 5.6049572869752E7 (+/- 0) us 
Propose latency = 587.621186 (+/- 187) us 
Write latency = 216.553777 (+/- 159) us 
Accept latency = 1479.2017779999999 (+/- 193) us 
Batch average size = NaN (+/- 0) requests
LCMessage ByteCount = 55:11
TOMMessage ByteCount = 141305013:419218
StandardSMMessage ByteCount = 424:22
ConsensusMessage ByteCount = 1444025:21882
--- Measurements after 416000 ops (1000 samples) ---
Throughput = 6666.6665 operations/sec (Maximum observed: 9009.009 ops/sec)
Total latency = 5.6158602336963E7 (+/- 0) us 
Consensus latency = 2651.9995630000003 (+/- 1613) us 
Pre-consensus latency = 0.0 (+/- 0) us 
Pos-consensus latency = 5.6156346585179E7 (+/- 0) us 
Propose latency = 567.222316 (+/- 399) us 
Write latency = 137.872665 (+/- 118) us 
Accept latency = 1946.904582 (+/- 1529) us 
Batch average size = NaN (+/- 0) requests
LCMessage ByteCount = 55:11
TOMMessage ByteCount = 141341411:419253
StandardSMMessage ByteCount = 424:22
ConsensusMessage ByteCount = 1444025:21882
--- Measurements after 417000 ops (1000 samples) ---
Throughput = 6711.409 operations/sec (Maximum observed: 9009.009 ops/sec)
Total latency = 5.6254273892888E7 (+/- 0) us 
Consensus latency = 2216.155897 (+/- 212) us 
Pre-consensus latency = 0.0 (+/- 0) us 
Pos-consensus latency = 5.6252392683372E7 (+/- 0) us 
Propose latency = 542.718549 (+/- 76) us 
Write latency = 139.07056500000002 (+/- 98) us 
Accept latency = 1534.366783 (+/- 177) us 
Batch average size = NaN (+/- 0) requests
LCMessage ByteCount = 55:11
TOMMessage ByteCount = 141362209:419273
StandardSMMessage ByteCount = 424:22
ConsensusMessage ByteCount = 1444025:21882
--- Measurements after 418000 ops (1000 samples) ---
Throughput = 6711.409 operations/sec (Maximum observed: 9009.009 ops/sec)
Total latency = 5.6348533764391E7 (+/- 0) us 
Consensus latency = 2306.446313 (+/- 180) us 
Pre-consensus latency = 0.0 (+/- 0) us 
Pos-consensus latency = 5.634657255371E7 (+/- 0) us 
Propose latency = 561.384537 (+/- 64) us 
Write latency = 170.21232 (+/- 164) us 
Accept latency = 1574.849456 (+/- 166) us 
Batch average size = NaN (+/- 0) requests
LCMessage ByteCount = 55:11
TOMMessage ByteCount = 141386126:419296
StandardSMMessage ByteCount = 424:22
ConsensusMessage ByteCount = 1444025:21882
--- Measurements after 419000 ops (1000 samples) ---
Throughput = 7246.377 operations/sec (Maximum observed: 9009.009 ops/sec)
Total latency = 5.6437026817609005E7 (+/- 0) us 
Consensus latency = 2306.681577 (+/- 291) us 
Pre-consensus latency = 0.0 (+/- 0) us 
Pos-consensus latency = 5.6435057708382E7 (+/- 0) us 
Propose latency = 535.9579229999999 (+/- 64) us 
Write latency = 212.44393 (+/- 229) us 
Accept latency = 1558.279724 (+/- 222) us 
Batch average size = NaN (+/- 0) requests
LCMessage ByteCount = 55:11
TOMMessage ByteCount = 141413163:419322
StandardSMMessage ByteCount = 424:22
ConsensusMessage ByteCount = 1444025:21882
--- Measurements after 420000 ops (1000 samples) ---
Throughput = 3906.25 operations/sec (Maximum observed: 9009.009 ops/sec)
Total latency = 5.6563754480182E7 (+/- 0) us 
Consensus latency = 2235.688111 (+/- 180) us 
Pre-consensus latency = 0.0 (+/- 0) us 
Pos-consensus latency = 5.6561867500052005E7 (+/- 0) us 
Propose latency = 573.136997 (+/- 81) us 
Write latency = 199.98690599999998 (+/- 198) us 
Accept latency = 1462.564208 (+/- 114) us 
Batch average size = NaN (+/- 0) requests
LCMessage ByteCount = 55:11
TOMMessage ByteCount = 141443323:419351
StandardSMMessage ByteCount = 424:22
ConsensusMessage ByteCount = 1444025:21882
--- Measurements after 421000 ops (1000 samples) ---
Throughput = 4694.8354 operations/sec (Maximum observed: 9009.009 ops/sec)
Total latency = 5.675056198300701E7 (+/- 0) us 
Consensus latency = 2520.438229 (+/- 486) us 
Pre-consensus latency = 0.0 (+/- 0) us 
Pos-consensus latency = 5.6748480139561996E7 (+/- 0) us 
Propose latency = 870.421041 (+/- 480) us 
Write latency = 106.18410899999999 (+/- 58) us 
Accept latency = 1543.833079 (+/- 171) us 
Batch average size = NaN (+/- 0) requests
LCMessage ByteCount = 55:11
TOMMessage ByteCount = 141499479:419405
StandardSMMessage ByteCount = 424:22
ConsensusMessage ByteCount = 1444025:21882
--- Measurements after 422000 ops (1000 samples) ---
Throughput = 4830.918 operations/sec (Maximum observed: 9009.009 ops/sec)
Total latency = 5.6907405885685E7 (+/- 0) us 
Consensus latency = 2596.020478 (+/- 2180) us 
Pre-consensus latency = 0.0 (+/- 0) us 
Pos-consensus latency = 5.6905125072282E7 (+/- 0) us 
Propose latency = 527.488223 (+/- 83) us 
Write latency = 84.452966 (+/- 20) us 
Accept latency = 1984.079289 (+/- 2191) us 
Batch average size = NaN (+/- 0) requests
LCMessage ByteCount = 55:11
TOMMessage ByteCount = 141533796:419438
StandardSMMessage ByteCount = 424:22
ConsensusMessage ByteCount = 1444025:21882
--- Measurements after 423000 ops (1000 samples) ---
Throughput = 3759.3984 operations/sec (Maximum observed: 9009.009 ops/sec)
Total latency = 5.7067603147208E7 (+/- 0) us 
Consensus latency = 2252.359145 (+/- 174) us 
Pre-consensus latency = 0.0 (+/- 0) us 
Pos-consensus latency = 5.7065689816391E7 (+/- 0) us 
Propose latency = 541.055156 (+/- 63) us 
Write latency = 197.54301 (+/- 146) us 
Accept latency = 1513.7609790000001 (+/- 156) us 
Batch average size = NaN (+/- 0) requests
LCMessage ByteCount = 55:11
TOMMessage ByteCount = 141583711:419486
StandardSMMessage ByteCount = 424:22
ConsensusMessage ByteCount = 1444025:21882
--- Measurements after 424000 ops (1000 samples) ---
Throughput = 4830.918 operations/sec (Maximum observed: 9009.009 ops/sec)
Total latency = 5.7270881458549E7 (+/- 0) us 
Consensus latency = 2157.984493 (+/- 130) us 
Pre-consensus latency = 0.0 (+/- 0) us 
Pos-consensus latency = 5.7269068062165E7 (+/- 0) us 
Propose latency = 566.7630379999999 (+/- 63) us 
Write latency = 114.979722 (+/- 79) us 
Accept latency = 1476.241733 (+/- 141) us 
Batch average size = NaN (+/- 0) requests
LCMessage ByteCount = 55:11
TOMMessage ByteCount = 141596191:419498
StandardSMMessage ByteCount = 424:22
ConsensusMessage ByteCount = 1444025:21882
--- Measurements after 425000 ops (1000 samples) ---
Throughput = 4716.981 operations/sec (Maximum observed: 9009.009 ops/sec)
Total latency = 5.7424090679743E7 (+/- 0) us 
Consensus latency = 2268.101252 (+/- 197) us 
Pre-consensus latency = 0.0 (+/- 0) us 
Pos-consensus latency = 5.7422171071795E7 (+/- 0) us 
Propose latency = 556.3318370000001 (+/- 72) us 
Write latency = 160.19980600000002 (+/- 136) us 
Accept latency = 1551.569609 (+/- 129) us 
Batch average size = NaN (+/- 0) requests
LCMessage ByteCount = 55:11
TOMMessage ByteCount = 141607631:419509
StandardSMMessage ByteCount = 424:22
ConsensusMessage ByteCount = 1444025:21882
--- Measurements after 426000 ops (1000 samples) ---
Throughput = 4629.6294 operations/sec (Maximum observed: 9009.009 ops/sec)
Total latency = 5.7587937870636E7 (+/- 0) us 
Consensus latency = 2191.6201889999998 (+/- 135) us 
Pre-consensus latency = 0.0 (+/- 0) us 
Pos-consensus latency = 5.7586079621452E7 (+/- 0) us 
Propose latency = 534.949835 (+/- 59) us 
Write latency = 166.964007 (+/- 157) us 
Accept latency = 1489.706347 (+/- 160) us 
Batch average size = NaN (+/- 0) requests
LCMessage ByteCount = 55:11
TOMMessage ByteCount = 141613871:419515
StandardSMMessage ByteCount = 424:22
ConsensusMessage ByteCount = 1444025:21882
--- Measurements after 427000 ops (1000 samples) ---
Throughput = 5847.953 operations/sec (Maximum observed: 9009.009 ops/sec)
Total latency = 5.7713486344855E7 (+/- 0) us 
Consensus latency = 2254.893212 (+/- 158) us 
Pre-consensus latency = 0.0 (+/- 0) us 
Pos-consensus latency = 5.7711572355372004E7 (+/- 0) us 
Propose latency = 590.168162 (+/- 152) us 
Write latency = 176.45824299999998 (+/- 163) us 
Accept latency = 1488.266807 (+/- 129) us 
Batch average size = NaN (+/- 0) requests
LCMessage ByteCount = 55:11
TOMMessage ByteCount = 141622191:419523
StandardSMMessage ByteCount = 424:22
ConsensusMessage ByteCount = 1444025:21882
--- Measurements after 428000 ops (1000 samples) ---
Throughput = 6622.5166 operations/sec (Maximum observed: 9009.009 ops/sec)
Total latency = 5.7822379920705006E7 (+/- 0) us 
Consensus latency = 3091.4161379999996 (+/- 3574) us 
Pre-consensus latency = 0.0 (+/- 0) us 
Pos-consensus latency = 5.7819637894E7 (+/- 0) us 
Propose latency = 587.968931 (+/- 123) us 
Write latency = 94.539233 (+/- 63) us 
Accept latency = 2408.9079739999997 (+/- 3584) us 
Batch average size = NaN (+/- 0) requests
LCMessage ByteCount = 55:11
TOMMessage ByteCount = 141626351:419527
StandardSMMessage ByteCount = 424:22
ConsensusMessage ByteCount = 1444025:21882
--- Measurements after 429000 ops (1000 samples) ---
Throughput = 6666.6665 operations/sec (Maximum observed: 9009.009 ops/sec)
Total latency = 5.7921800296193E7 (+/- 0) us 
Consensus latency = 2418.1297560000003 (+/- 658) us 
Pre-consensus latency = 0.0 (+/- 0) us 
Pos-consensus latency = 5.7919676914665E7 (+/- 0) us 
Propose latency = 459.93445299999996 (+/- 127) us 
Write latency = 451.630151 (+/- 784) us 
Accept latency = 1506.565152 (+/- 216) us 
Batch average size = NaN (+/- 0) requests
LCMessage ByteCount = 55:11
TOMMessage ByteCount = 141638831:419539
StandardSMMessage ByteCount = 424:22
ConsensusMessage ByteCount = 1444025:21882
--- Measurements after 430000 ops (1000 samples) ---
Throughput = 6711.409 operations/sec (Maximum observed: 9009.009 ops/sec)
Total latency = 5.8014272924586E7 (+/- 0) us 
Consensus latency = 2201.996685 (+/- 264) us 
Pre-consensus latency = 0.0 (+/- 0) us 
Pos-consensus latency = 5.8012380482965E7 (+/- 0) us 
Propose latency = 499.640889 (+/- 56) us 
Write latency = 175.742947 (+/- 200) us 
Accept latency = 1526.6128489999999 (+/- 137) us 
Batch average size = NaN (+/- 0) requests
LCMessage ByteCount = 55:11
TOMMessage ByteCount = 141774020:419669
StandardSMMessage ByteCount = 424:22
ConsensusMessage ByteCount = 1444025:21882
--- Measurements after 431000 ops (1000 samples) ---
Throughput = 6369.427 operations/sec (Maximum observed: 9009.009 ops/sec)
Total latency = 5.8119336308709E7 (+/- 0) us 
Consensus latency = 2172.3886899999998 (+/- 171) us 
Pre-consensus latency = 0.0 (+/- 0) us 
Pos-consensus latency = 5.8117456307566E7 (+/- 0) us 
Propose latency = 474.68055699999996 (+/- 75) us 
Write latency = 181.907698 (+/- 164) us 
Accept latency = 1515.800435 (+/- 184) us 
Batch average size = NaN (+/- 0) requests
LCMessage ByteCount = 55:11
TOMMessage ByteCount = 141886333:419777
StandardSMMessage ByteCount = 424:22
ConsensusMessage ByteCount = 1444025:21882
--- Measurements after 432000 ops (1000 samples) ---
Throughput = 6993.007 operations/sec (Maximum observed: 9009.009 ops/sec)
Total latency = 5.8204729449002E7 (+/- 0) us 
Consensus latency = 2244.636671 (+/- 124) us 
Pre-consensus latency = 0.0 (+/- 0) us 
Pos-consensus latency = 5.8202807629589E7 (+/- 0) us 
Propose latency = 476.642488 (+/- 77) us 
Write latency = 195.552368 (+/- 140) us 
Accept latency = 1572.441815 (+/- 158) us 
Batch average size = NaN (+/- 0) requests
LCMessage ByteCount = 55:11
TOMMessage ByteCount = 142050643:419935
StandardSMMessage ByteCount = 424:22
ConsensusMessage ByteCount = 1444025:21882
--- Measurements after 433000 ops (1000 samples) ---
Throughput = 7518.797 operations/sec (Maximum observed: 9009.009 ops/sec)
Total latency = 5.8284587151324995E7 (+/- 0) us 
Consensus latency = 2705.836855 (+/- 713) us 
Pre-consensus latency = 0.0 (+/- 0) us 
Pos-consensus latency = 5.8282317750502E7 (+/- 0) us 
Propose latency = 990.5706319999999 (+/- 799) us 
Write latency = 166.69813399999998 (+/- 149) us 
Accept latency = 1548.5680889999999 (+/- 252) us 
Batch average size = NaN (+/- 0) requests
LCMessage ByteCount = 55:11
TOMMessage ByteCount = 142213909:420092
StandardSMMessage ByteCount = 424:22
ConsensusMessage ByteCount = 1444025:21882
--- Measurements after 434000 ops (1000 samples) ---
Throughput = 5434.7827 operations/sec (Maximum observed: 9009.009 ops/sec)
Total latency = 5.8373222084227994E7 (+/- 0) us 
Consensus latency = 2257.0055899999998 (+/- 233) us 
Pre-consensus latency = 0.0 (+/- 0) us 
Pos-consensus latency = 5.8371340851578005E7 (+/- 0) us 
Propose latency = 627.220488 (+/- 197) us 
Write latency = 224.864353 (+/- 172) us 
Accept latency = 1404.9207490000001 (+/- 134) us 
Batch average size = NaN (+/- 0) requests
LCMessage ByteCount = 55:11
TOMMessage ByteCount = 142508215:420375
StandardSMMessage ByteCount = 424:22
ConsensusMessage ByteCount = 1444025:21882
--- Measurements after 435000 ops (1000 samples) ---
Throughput = 5494.5054 operations/sec (Maximum observed: 9009.009 ops/sec)
Total latency = 5.8532007000416E7 (+/- 0) us 
Consensus latency = 2224.018122 (+/- 184) us 
Pre-consensus latency = 0.0 (+/- 0) us 
Pos-consensus latency = 5.8530106709800005E7 (+/- 0) us 
Propose latency = 539.80766 (+/- 63) us 
Write latency = 140.654267 (+/- 118) us 
Accept latency = 1543.5561950000001 (+/- 157) us 
Batch average size = NaN (+/- 0) requests
LCMessage ByteCount = 55:11
TOMMessage ByteCount = 142929384:420780
StandardSMMessage ByteCount = 424:22
ConsensusMessage ByteCount = 1444025:21882
--- Measurements after 436000 ops (1000 samples) ---
Throughput = 6993.007 operations/sec (Maximum observed: 9009.009 ops/sec)
Total latency = 5.8626625656454004E7 (+/- 0) us 
Consensus latency = 2088.9841 (+/- 142) us 
Pre-consensus latency = 0.0 (+/- 0) us 
Pos-consensus latency = 5.8624828350337E7 (+/- 0) us 
Propose latency = 512.611476 (+/- 88) us 
Write latency = 124.259861 (+/- 108) us 
Accept latency = 1452.112763 (+/- 118) us 
Batch average size = NaN (+/- 0) requests
LCMessage ByteCount = 55:11
TOMMessage ByteCount = 143167528:421009
StandardSMMessage ByteCount = 424:22
ConsensusMessage ByteCount = 1444025:21882
--- Measurements after 437000 ops (1000 samples) ---
Throughput = 7936.508 operations/sec (Maximum observed: 9009.009 ops/sec)
Total latency = 5.870489023232701E7 (+/- 0) us 
Consensus latency = 2145.858085 (+/- 113) us 
Pre-consensus latency = 0.0 (+/- 0) us 
Pos-consensus latency = 5.870304293239E7 (+/- 0) us 
Propose latency = 522.270708 (+/- 79) us 
Write latency = 128.936252 (+/- 83) us 
Accept latency = 1494.651125 (+/- 132) us 
Batch average size = NaN (+/- 0) requests
LCMessage ByteCount = 55:11
TOMMessage ByteCount = 143294397:421131
StandardSMMessage ByteCount = 424:22
ConsensusMessage ByteCount = 1444025:21882
--- Measurements after 438000 ops (1000 samples) ---
Throughput = 5524.862 operations/sec (Maximum observed: 9009.009 ops/sec)
Total latency = 5.8814399840138E7 (+/- 0) us 
Consensus latency = 2231.839671 (+/- 190) us 
Pre-consensus latency = 0.0 (+/- 0) us 
Pos-consensus latency = 5.8812500713041E7 (+/- 0) us 
Propose latency = 544.56285 (+/- 60) us 
Write latency = 116.161657 (+/- 130) us 
Accept latency = 1571.115164 (+/- 114) us 
Batch average size = NaN (+/- 0) requests
LCMessage ByteCount = 55:11
TOMMessage ByteCount = 143454546:421285
StandardSMMessage ByteCount = 424:22
ConsensusMessage ByteCount = 1444025:21882
--- Measurements after 439000 ops (1000 samples) ---
Throughput = 6711.409 operations/sec (Maximum observed: 9009.009 ops/sec)
Total latency = 5.8910839904176004E7 (+/- 0) us 
Consensus latency = 2936.5589210000003 (+/- 1641) us 
Pre-consensus latency = 0.0 (+/- 0) us 
Pos-consensus latency = 5.8908312493818E7 (+/- 0) us 
Propose latency = 723.1184910000001 (+/- 324) us 
Write latency = 150.66756400000003 (+/- 121) us 
Accept latency = 2062.772866 (+/- 1665) us 
Batch average size = NaN (+/- 0) requests
LCMessage ByteCount = 55:11
TOMMessage ByteCount = 143719733:421540
StandardSMMessage ByteCount = 424:22
ConsensusMessage ByteCount = 1444025:21882
--- Measurements after 440000 ops (1000 samples) ---
Throughput = 6622.5166 operations/sec (Maximum observed: 9009.009 ops/sec)
Total latency = 5.900622223517E7 (+/- 0) us 
Consensus latency = 2245.9302740000003 (+/- 338) us 
Pre-consensus latency = 0.0 (+/- 0) us 
Pos-consensus latency = 5.9004366610916E7 (+/- 0) us 
Propose latency = 685.400486 (+/- 380) us 
Write latency = 100.922215 (+/- 30) us 
Accept latency = 1459.607573 (+/- 214) us 
Batch average size = NaN (+/- 0) requests
LCMessage ByteCount = 55:11
TOMMessage ByteCount = 143931879:421744
StandardSMMessage ByteCount = 424:22
ConsensusMessage ByteCount = 1444025:21882
--- Measurements after 441000 ops (1000 samples) ---
Throughput = 5076.142 operations/sec (Maximum observed: 9009.009 ops/sec)
Total latency = 5.9116750394875996E7 (+/- 0) us 
Consensus latency = 2243.408859 (+/- 148) us 
Pre-consensus latency = 0.0 (+/- 0) us 
Pos-consensus latency = 5.9114839794029996E7 (+/- 0) us 
Propose latency = 567.3171850000001 (+/- 58) us 
Write latency = 147.355559 (+/- 116) us 
Accept latency = 1528.736115 (+/- 116) us 
Batch average size = NaN (+/- 0) requests
LCMessage ByteCount = 55:11
TOMMessage ByteCount = 144063953:421871
StandardSMMessage ByteCount = 424:22
ConsensusMessage ByteCount = 1444025:21882
--- Measurements after 442000 ops (1000 samples) ---
Throughput = 7246.377 operations/sec (Maximum observed: 9009.009 ops/sec)
Total latency = 5.9238807032515E7 (+/- 0) us 
Consensus latency = 2252.188225 (+/- 183) us 
Pre-consensus latency = 0.0 (+/- 0) us 
Pos-consensus latency = 5.9236859188278E7 (+/- 0) us 
Propose latency = 516.64428 (+/- 98) us 
Write latency = 187.242876 (+/- 173) us 
Accept latency = 1548.3010689999999 (+/- 131) us 
Batch average size = NaN (+/- 0) requests
LCMessage ByteCount = 55:11
TOMMessage ByteCount = 144116987:421922
StandardSMMessage ByteCount = 424:22
ConsensusMessage ByteCount = 1444025:21882
--- Measurements after 443000 ops (1000 samples) ---
Throughput = 8130.0815 operations/sec (Maximum observed: 9009.009 ops/sec)
Total latency = 5.9309880967404E7 (+/- 0) us 
Consensus latency = 2248.535477 (+/- 202) us 
Pre-consensus latency = 0.0 (+/- 0) us 
Pos-consensus latency = 5.9307951501154E7 (+/- 0) us 
Propose latency = 515.511744 (+/- 50) us 
Write latency = 205.42842000000002 (+/- 146) us 
Accept latency = 1527.595313 (+/- 157) us 
Batch average size = NaN (+/- 0) requests
LCMessage ByteCount = 55:11
TOMMessage ByteCount = 144177301:421980
StandardSMMessage ByteCount = 424:22
ConsensusMessage ByteCount = 1444025:21882
--- Measurements after 444000 ops (1000 samples) ---
Throughput = 6802.721 operations/sec (Maximum observed: 9009.009 ops/sec)
Total latency = 5.9389270785497E7 (+/- 0) us 
Consensus latency = 2161.752231 (+/- 119) us 
Pre-consensus latency = 0.0 (+/- 0) us 
Pos-consensus latency = 5.9387422413322E7 (+/- 0) us 
Propose latency = 535.77053 (+/- 47) us 
Write latency = 97.63686100000001 (+/- 36) us 
Accept latency = 1528.34484 (+/- 114) us 
Batch average size = NaN (+/- 0) requests
LCMessage ByteCount = 55:11
TOMMessage ByteCount = 144206419:422008
StandardSMMessage ByteCount = 424:22
ConsensusMessage ByteCount = 1444025:21882
--- Measurements after 445000 ops (1000 samples) ---
Throughput = 4524.8867 operations/sec (Maximum observed: 9009.009 ops/sec)
Total latency = 5.9523238640391E7 (+/- 0) us 
Consensus latency = 2887.479931 (+/- 2199) us 
Pre-consensus latency = 0.0 (+/- 0) us 
Pos-consensus latency = 5.952069247823001E7 (+/- 0) us 
Propose latency = 683.030831 (+/- 340) us 
Write latency = 699.45201 (+/- 2119) us 
Accept latency = 1504.99709 (+/- 125) us 
Batch average size = NaN (+/- 0) requests
LCMessage ByteCount = 55:11
TOMMessage ByteCount = 144231377:422032
StandardSMMessage ByteCount = 424:22
ConsensusMessage ByteCount = 1444025:21882
--- Measurements after 446000 ops (1000 samples) ---
Throughput = 5291.0054 operations/sec (Maximum observed: 9009.009 ops/sec)
Total latency = 5.9667946278734E7 (+/- 0) us 
Consensus latency = 2193.518234 (+/- 158) us 
Pre-consensus latency = 0.0 (+/- 0) us 
Pos-consensus latency = 5.9666067553985E7 (+/- 0) us 
Propose latency = 532.804544 (+/- 53) us 
Write latency = 154.819944 (+/- 114) us 
Accept latency = 1505.893746 (+/- 209) us 
Batch average size = NaN (+/- 0) requests
LCMessage ByteCount = 55:11
TOMMessage ByteCount = 144252177:422052
StandardSMMessage ByteCount = 424:22
ConsensusMessage ByteCount = 1444025:21882
--- Measurements after 447000 ops (1000 samples) ---
Throughput = 5208.3335 operations/sec (Maximum observed: 9009.009 ops/sec)
Total latency = 5.97988845939E7 (+/- 0) us 
Consensus latency = 2193.895705 (+/- 144) us 
Pre-consensus latency = 0.0 (+/- 0) us 
Pos-consensus latency = 5.9797033533599995E7 (+/- 0) us 
Propose latency = 548.187824 (+/- 90) us 
Write latency = 184.81383 (+/- 156) us 
Accept latency = 1460.894051 (+/- 125) us 
Batch average size = NaN (+/- 0) requests
LCMessage ByteCount = 55:11
TOMMessage ByteCount = 144277134:422076
StandardSMMessage ByteCount = 424:22
ConsensusMessage ByteCount = 1444025:21882
--- Measurements after 448000 ops (1000 samples) ---
Throughput = 7299.27 operations/sec (Maximum observed: 9009.009 ops/sec)
Total latency = 5.9913303911261E7 (+/- 0) us 
Consensus latency = 2329.0742259999997 (+/- 158) us 
Pre-consensus latency = 0.0 (+/- 0) us 
Pos-consensus latency = 5.99112691268E7 (+/- 0) us 
Propose latency = 496.76622100000003 (+/- 77) us 
Write latency = 290.981011 (+/- 177) us 
Accept latency = 1541.326994 (+/- 147) us 
Batch average size = NaN (+/- 0) requests
LCMessage ByteCount = 55:11
TOMMessage ByteCount = 144282334:422081
StandardSMMessage ByteCount = 424:22
ConsensusMessage ByteCount = 1444025:21882
--- Measurements after 449000 ops (1000 samples) ---
Throughput = 8130.0815 operations/sec (Maximum observed: 9009.009 ops/sec)
Total latency = 5.9983312099491E7 (+/- 0) us 
Consensus latency = 2336.7718059999997 (+/- 148) us 
Pre-consensus latency = 0.0 (+/- 0) us 
Pos-consensus latency = 5.9981309995053E7 (+/- 0) us 
Propose latency = 580.215385 (+/- 63) us 
Write latency = 178.584892 (+/- 134) us 
Accept latency = 1577.9715290000001 (+/- 157) us 
Batch average size = NaN (+/- 0) requests
LCMessage ByteCount = 55:11
TOMMessage ByteCount = 144286494:422085
StandardSMMessage ByteCount = 424:22
ConsensusMessage ByteCount = 1444025:21882
--- Measurements after 450000 ops (1000 samples) ---
Throughput = 4545.4546 operations/sec (Maximum observed: 9009.009 ops/sec)
Total latency = 6.0079634352644E7 (+/- 0) us 
Consensus latency = 2202.4475660000003 (+/- 157) us 
Pre-consensus latency = 0.0 (+/- 0) us 
Pos-consensus latency = 6.0077758241146006E7 (+/- 0) us 
Propose latency = 538.4265359999999 (+/- 103) us 
Write latency = 217.961564 (+/- 168) us 
Accept latency = 1446.059466 (+/- 125) us 
Batch average size = NaN (+/- 0) requests
LCMessage ByteCount = 55:11
TOMMessage ByteCount = 144307291:422105
StandardSMMessage ByteCount = 424:22
ConsensusMessage ByteCount = 1444025:21882
--- Measurements after 451000 ops (1000 samples) ---
Throughput = 4694.8354 operations/sec (Maximum observed: 9009.009 ops/sec)
Total latency = 6.0261331471859E7 (+/- 0) us 
Consensus latency = 2291.191341 (+/- 314) us 
Pre-consensus latency = 0.0 (+/- 0) us 
Pos-consensus latency = 6.0259378809711E7 (+/- 0) us 
Propose latency = 584.898721 (+/- 149) us 
Write latency = 318.52099400000003 (+/- 612) us 
Accept latency = 1387.771626 (+/- 345) us 
Batch average size = NaN (+/- 0) requests
LCMessage ByteCount = 55:11
TOMMessage ByteCount = 144430002:422223
StandardSMMessage ByteCount = 424:22
ConsensusMessage ByteCount = 1444025:21882
--- Measurements after 452000 ops (1000 samples) ---
Throughput = 4830.918 operations/sec (Maximum observed: 9009.009 ops/sec)
Total latency = 6.0416814782126E7 (+/- 0) us 
Consensus latency = 2270.727753 (+/- 177) us 
Pre-consensus latency = 0.0 (+/- 0) us 
Pos-consensus latency = 6.0414858509496E7 (+/- 0) us 
Propose latency = 508.76893800000005 (+/- 70) us 
Write latency = 220.221195 (+/- 210) us 
Accept latency = 1541.73762 (+/- 185) us 
Batch average size = NaN (+/- 0) requests
LCMessage ByteCount = 55:11
TOMMessage ByteCount = 144621341:422407
StandardSMMessage ByteCount = 424:22
ConsensusMessage ByteCount = 1444025:21882
--- Measurements after 453000 ops (1000 samples) ---
Throughput = 3533.5688 operations/sec (Maximum observed: 9009.009 ops/sec)
Total latency = 6.0580688373093E7 (+/- 0) us 
Consensus latency = 2284.245074 (+/- 175) us 
Pre-consensus latency = 0.0 (+/- 0) us 
Pos-consensus latency = 6.0578726181781E7 (+/- 0) us 
Propose latency = 550.0800019999999 (+/- 75) us 
Write latency = 166.42478 (+/- 149) us 
Accept latency = 1567.740292 (+/- 157) us 
Batch average size = NaN (+/- 0) requests
LCMessage ByteCount = 55:11
TOMMessage ByteCount = 144726378:422508
StandardSMMessage ByteCount = 424:22
ConsensusMessage ByteCount = 1444025:21882
--- Measurements after 454000 ops (1000 samples) ---
Throughput = 4672.897 operations/sec (Maximum observed: 9009.009 ops/sec)
Total latency = 6.0795423548006E7 (+/- 0) us 
Consensus latency = 2193.541302 (+/- 166) us 
Pre-consensus latency = 0.0 (+/- 0) us 
Pos-consensus latency = 6.0793536096297994E7 (+/- 0) us 
Propose latency = 506.60796999999997 (+/- 68) us 
Write latency = 203.893013 (+/- 192) us 
Accept latency = 1483.040319 (+/- 152) us 
Batch average size = NaN (+/- 0) requests
LCMessage ByteCount = 55:11
TOMMessage ByteCount = 144831412:422609
StandardSMMessage ByteCount = 424:22
ConsensusMessage ByteCount = 1444025:21882
--- Measurements after 455000 ops (1000 samples) ---
Throughput = 4830.918 operations/sec (Maximum observed: 9009.009 ops/sec)
Total latency = 6.0952960615683995E7 (+/- 0) us 
Consensus latency = 2231.758676 (+/- 169) us 
Pre-consensus latency = 0.0 (+/- 0) us 
Pos-consensus latency = 6.095106195183E7 (+/- 0) us 
Propose latency = 537.4865450000001 (+/- 46) us 
Write latency = 226.016421 (+/- 184) us 
Accept latency = 1468.25571 (+/- 186) us 
Batch average size = NaN (+/- 0) requests
LCMessage ByteCount = 55:11
TOMMessage ByteCount = 144926043:422700
StandardSMMessage ByteCount = 424:22
ConsensusMessage ByteCount = 1444025:21882
--- Measurements after 456000 ops (1000 samples) ---
Throughput = 4672.897 operations/sec (Maximum observed: 9009.009 ops/sec)
Total latency = 6.1106263668800004E7 (+/- 0) us 
Consensus latency = 2833.387977 (+/- 2239) us 
Pre-consensus latency = 0.0 (+/- 0) us 
Pos-consensus latency = 6.1103786327493E7 (+/- 0) us 
Propose latency = 567.097155 (+/- 76) us 
Write latency = 155.062318 (+/- 118) us 
Accept latency = 2111.228504 (+/- 2231) us 
Batch average size = NaN (+/- 0) requests
LCMessage ByteCount = 55:11
TOMMessage ByteCount = 144942681:422716
StandardSMMessage ByteCount = 424:22
ConsensusMessage ByteCount = 1444025:21882
--- Measurements after 457000 ops (1000 samples) ---
Throughput = 3508.772 operations/sec (Maximum observed: 9009.009 ops/sec)
Total latency = 6.1312093448367E7 (+/- 0) us 
Consensus latency = 2323.765134 (+/- 341) us 
Pre-consensus latency = 0.0 (+/- 0) us 
Pos-consensus latency = 6.1310107909086E7 (+/- 0) us 
Propose latency = 543.447403 (+/- 94) us 
Write latency = 271.97341 (+/- 312) us 
Accept latency = 1508.344321 (+/- 211) us 
Batch average size = NaN (+/- 0) requests
LCMessage ByteCount = 55:11
TOMMessage ByteCount = 144954121:422727
StandardSMMessage ByteCount = 424:22
ConsensusMessage ByteCount = 1444025:21882
--- Measurements after 458000 ops (1000 samples) ---
Throughput = 4761.905 operations/sec (Maximum observed: 9009.009 ops/sec)
Total latency = 6.1494627365279E7 (+/- 0) us 
Consensus latency = 2181.267489 (+/- 163) us 
Pre-consensus latency = 0.0 (+/- 0) us 
Pos-consensus latency = 6.1492755163536005E7 (+/- 0) us 
Propose latency = 531.519639 (+/- 100) us 
Write latency = 133.074457 (+/- 105) us 
Accept latency = 1516.673393 (+/- 148) us 
Batch average size = NaN (+/- 0) requests
LCMessage ByteCount = 55:11
TOMMessage ByteCount = 144958281:422731
StandardSMMessage ByteCount = 424:22
ConsensusMessage ByteCount = 1444025:21882
--- Measurements after 459000 ops (1000 samples) ---
Throughput = 4587.156 operations/sec (Maximum observed: 9009.009 ops/sec)
Total latency = 6.1641425316732004E7 (+/- 0) us 
Consensus latency = 2123.64345 (+/- 138) us 
Pre-consensus latency = 0.0 (+/- 0) us 
Pos-consensus latency = 6.1639593509869E7 (+/- 0) us 
Propose latency = 504.061712 (+/- 86) us 
Write latency = 172.703487 (+/- 118) us 
Accept latency = 1446.8782509999999 (+/- 151) us 
Batch average size = NaN (+/- 0) requests
LCMessage ByteCount = 55:11
TOMMessage ByteCount = 144961400:422734
StandardSMMessage ByteCount = 424:22
ConsensusMessage ByteCount = 1444025:21882
--- Measurements after 460000 ops (1000 samples) ---
Throughput = 4784.689 operations/sec (Maximum observed: 9009.009 ops/sec)
Total latency = 6.1801589675939E7 (+/- 0) us 
Consensus latency = 2161.481628 (+/- 248) us 
Pre-consensus latency = 0.0 (+/- 0) us 
Pos-consensus latency = 6.1799746202496E7 (+/- 0) us 
Propose latency = 481.374158 (+/- 85) us 
Write latency = 132.513375 (+/- 125) us 
Accept latency = 1547.594095 (+/- 195) us 
Batch average size = NaN (+/- 0) requests
LCMessage ByteCount = 55:11
TOMMessage ByteCount = 144980119:422752
StandardSMMessage ByteCount = 424:22
ConsensusMessage ByteCount = 1444025:21882
--- Measurements after 461000 ops (1000 samples) ---
Throughput = 3745.3184 operations/sec (Maximum observed: 9009.009 ops/sec)
Total latency = 6.2009562679418996E7 (+/- 0) us 
Consensus latency = 2106.863496 (+/- 201) us 
Pre-consensus latency = 0.0 (+/- 0) us 
Pos-consensus latency = 6.2007763911166E7 (+/- 0) us 
Propose latency = 492.429058 (+/- 50) us 
Write latency = 118.72631600000001 (+/- 102) us 
Accept latency = 1495.708122 (+/- 180) us 
Batch average size = NaN (+/- 0) requests
LCMessage ByteCount = 55:11
TOMMessage ByteCount = 145173550:422938
StandardSMMessage ByteCount = 424:22
ConsensusMessage ByteCount = 1444025:21882
--- Measurements after 462000 ops (1000 samples) ---
Throughput = 4807.6924 operations/sec (Maximum observed: 9009.009 ops/sec)
Total latency = 6.2164252250866994E7 (+/- 0) us 
Consensus latency = 2594.002912 (+/- 1967) us 
Pre-consensus latency = 0.0 (+/- 0) us 
Pos-consensus latency = 6.2161953408529E7 (+/- 0) us 
Propose latency = 513.144844 (+/- 158) us 
Write latency = 127.457255 (+/- 106) us 
Accept latency = 1953.400813 (+/- 2011) us 
Batch average size = NaN (+/- 0) requests
LCMessage ByteCount = 55:11
TOMMessage ByteCount = 145353455:423111
StandardSMMessage ByteCount = 424:22
ConsensusMessage ByteCount = 1444025:21882
--- Measurements after 463000 ops (1000 samples) ---
Throughput = 4784.689 operations/sec (Maximum observed: 9009.009 ops/sec)
Total latency = 6.231822357729799E7 (+/- 0) us 
Consensus latency = 2387.530574 (+/- 352) us 
Pre-consensus latency = 0.0 (+/- 0) us 
Pos-consensus latency = 6.2316157251378E7 (+/- 0) us 
Propose latency = 562.211638 (+/- 104) us 
Write latency = 247.585229 (+/- 205) us 
Accept latency = 1577.7337069999999 (+/- 160) us 
Batch average size = NaN (+/- 0) requests
LCMessage ByteCount = 55:11
TOMMessage ByteCount = 145547923:423298
StandardSMMessage ByteCount = 424:22
ConsensusMessage ByteCount = 1444025:21882
--- Measurements after 464000 ops (1000 samples) ---
Throughput = 3125.0 operations/sec (Maximum observed: 9009.009 ops/sec)
Total latency = 6.2516906320746005E7 (+/- 0) us 
Consensus latency = 2264.656128 (+/- 216) us 
Pre-consensus latency = 0.0 (+/- 0) us 
Pos-consensus latency = 6.2514961756253E7 (+/- 0) us 
Propose latency = 522.217312 (+/- 71) us 
Write latency = 182.72726999999998 (+/- 123) us 
Accept latency = 1559.711546 (+/- 219) us 
Batch average size = NaN (+/- 0) requests
LCMessage ByteCount = 55:11
TOMMessage ByteCount = 146130286:423858
StandardSMMessage ByteCount = 424:22
ConsensusMessage ByteCount = 1444025:21882
--- Measurements after 465000 ops (1000 samples) ---
Throughput = 4830.918 operations/sec (Maximum observed: 9009.009 ops/sec)
Total latency = 6.273794821965899E7 (+/- 0) us 
Consensus latency = 2166.8860839999998 (+/- 165) us 
Pre-consensus latency = 0.0 (+/- 0) us 
Pos-consensus latency = 6.2736070971291E7 (+/- 0) us 
Propose latency = 492.639891 (+/- 70) us 
Write latency = 115.33367299999999 (+/- 65) us 
Accept latency = 1558.91252 (+/- 133) us 
Batch average size = NaN (+/- 0) requests
LCMessage ByteCount = 55:11
TOMMessage ByteCount = 146396510:424114
StandardSMMessage ByteCount = 424:22
ConsensusMessage ByteCount = 1444025:21882
--- Measurements after 466000 ops (1000 samples) ---
Throughput = 4672.897 operations/sec (Maximum observed: 9009.009 ops/sec)
Total latency = 6.2893512819372E7 (+/- 0) us 
Consensus latency = 2139.701719 (+/- 196) us 
Pre-consensus latency = 0.0 (+/- 0) us 
Pos-consensus latency = 6.2891688133219E7 (+/- 0) us 
Propose latency = 559.764882 (+/- 64) us 
Write latency = 118.527178 (+/- 78) us 
Accept latency = 1461.409659 (+/- 134) us 
Batch average size = NaN (+/- 0) requests
LCMessage ByteCount = 55:11
TOMMessage ByteCount = 146427708:424144
StandardSMMessage ByteCount = 424:22
ConsensusMessage ByteCount = 1444025:21882
--- Measurements after 467000 ops (1000 samples) ---
Throughput = 3521.1267 operations/sec (Maximum observed: 9009.009 ops/sec)
Total latency = 6.305893651318E7 (+/- 0) us 
Consensus latency = 2728.156637 (+/- 2217) us 
Pre-consensus latency = 0.0 (+/- 0) us 
Pos-consensus latency = 6.3056525179605E7 (+/- 0) us 
Propose latency = 550.23883 (+/- 61) us 
Write latency = 108.221878 (+/- 72) us 
Accept latency = 2069.695929 (+/- 2233) us 
Batch average size = NaN (+/- 0) requests
LCMessage ByteCount = 55:11
TOMMessage ByteCount = 146585777:424296
StandardSMMessage ByteCount = 424:22
ConsensusMessage ByteCount = 1444025:21882
--- Measurements after 468000 ops (1000 samples) ---
Throughput = 4784.689 operations/sec (Maximum observed: 9009.009 ops/sec)
Total latency = 6.3276829756396E7 (+/- 0) us 
Consensus latency = 2161.1206669999997 (+/- 116) us 
Pre-consensus latency = 0.0 (+/- 0) us 
Pos-consensus latency = 6.3274979943191E7 (+/- 0) us 
Propose latency = 557.24418 (+/- 46) us 
Write latency = 106.425349 (+/- 72) us 
Accept latency = 1497.4511380000001 (+/- 130) us 
Batch average size = NaN (+/- 0) requests
LCMessage ByteCount = 55:11
TOMMessage ByteCount = 147002789:424697
StandardSMMessage ByteCount = 424:22
ConsensusMessage ByteCount = 1444025:21882
--- Measurements after 469000 ops (1000 samples) ---
Throughput = 4807.6924 operations/sec (Maximum observed: 9009.009 ops/sec)
Total latency = 6.3426090171513E7 (+/- 0) us 
Consensus latency = 2193.627981 (+/- 235) us 
Pre-consensus latency = 0.0 (+/- 0) us 
Pos-consensus latency = 6.3424242984572E7 (+/- 0) us 
Propose latency = 578.644851 (+/- 121) us 
Write latency = 94.612308 (+/- 29) us 
Accept latency = 1520.3708219999999 (+/- 127) us 
Batch average size = NaN (+/- 0) requests
LCMessage ByteCount = 55:11
TOMMessage ByteCount = 147446840:425124
StandardSMMessage ByteCount = 424:22
ConsensusMessage ByteCount = 1444025:21882
--- Measurements after 470000 ops (1000 samples) ---
Throughput = 3584.2295 operations/sec (Maximum observed: 9009.009 ops/sec)
Total latency = 6.3596812258551E7 (+/- 0) us 
Consensus latency = 2185.064665 (+/- 160) us 
Pre-consensus latency = 0.0 (+/- 0) us 
Pos-consensus latency = 6.3594935452037E7 (+/- 0) us 
Propose latency = 519.103403 (+/- 73) us 
Write latency = 123.228911 (+/- 91) us 
Accept latency = 1542.732351 (+/- 205) us 
Batch average size = NaN (+/- 0) requests
LCMessage ByteCount = 55:11
TOMMessage ByteCount = 147465559:425142
StandardSMMessage ByteCount = 424:22
ConsensusMessage ByteCount = 1444025:21882
--- Measurements after 471000 ops (1000 samples) ---
Throughput = 4807.6924 operations/sec (Maximum observed: 9009.009 ops/sec)
Total latency = 6.3802441616963E7 (+/- 0) us 
Consensus latency = 2256.864087 (+/- 189) us 
Pre-consensus latency = 0.0 (+/- 0) us 
Pos-consensus latency = 6.3800500881069E7 (+/- 0) us 
Propose latency = 533.354078 (+/- 62) us 
Write latency = 185.53757000000002 (+/- 126) us 
Accept latency = 1537.9724390000001 (+/- 218) us 
Batch average size = NaN (+/- 0) requests
LCMessage ByteCount = 55:11
TOMMessage ByteCount = 147469719:425146
StandardSMMessage ByteCount = 424:22
ConsensusMessage ByteCount = 1444025:21882
--- Measurements after 472000 ops (1000 samples) ---
Throughput = 4807.6924 operations/sec (Maximum observed: 9009.009 ops/sec)
Total latency = 6.3953751044903E7 (+/- 0) us 
Consensus latency = 2249.0627459999996 (+/- 174) us 
Pre-consensus latency = 0.0 (+/- 0) us 
Pos-consensus latency = 6.3951815290938005E7 (+/- 0) us 
Propose latency = 551.130737 (+/- 91) us 
Write latency = 148.841748 (+/- 111) us 
Accept latency = 1549.0902609999998 (+/- 160) us 
Batch average size = NaN (+/- 0) requests
LCMessage ByteCount = 55:11
TOMMessage ByteCount = 147473879:425150
StandardSMMessage ByteCount = 424:22
ConsensusMessage ByteCount = 1444025:21882
--- Measurements after 473000 ops (1000 samples) ---
Throughput = 4807.6924 operations/sec (Maximum observed: 9009.009 ops/sec)
Total latency = 6.4104434799883E7 (+/- 0) us 
Consensus latency = 2475.731975 (+/- 1237) us 
Pre-consensus latency = 0.0 (+/- 0) us 
Pos-consensus latency = 6.4102273075182E7 (+/- 0) us 
Propose latency = 581.653645 (+/- 112) us 
Write latency = 97.97779200000001 (+/- 47) us 
Accept latency = 1796.100538 (+/- 1242) us 
Batch average size = NaN (+/- 0) requests
LCMessage ByteCount = 55:11
TOMMessage ByteCount = 147474919:425151
StandardSMMessage ByteCount = 424:22
ConsensusMessage ByteCount = 1444025:21882
--- Measurements after 474000 ops (1000 samples) ---
Throughput = 3717.4722 operations/sec (Maximum observed: 9009.009 ops/sec)
Total latency = 6.427734565444E7 (+/- 0) us 
Consensus latency = 2196.527704 (+/- 110) us 
Pre-consensus latency = 0.0 (+/- 0) us 
Pos-consensus latency = 6.4275472796628E7 (+/- 0) us 
Propose latency = 533.650051 (+/- 64) us 
Write latency = 121.75883 (+/- 75) us 
Accept latency = 1541.118823 (+/- 112) us 
Batch average size = NaN (+/- 0) requests
LCMessage ByteCount = 55:11
TOMMessage ByteCount = 147478039:425154
StandardSMMessage ByteCount = 424:22
ConsensusMessage ByteCount = 1444025:21882
--- Measurements after 475000 ops (1000 samples) ---
Throughput = 3048.7805 operations/sec (Maximum observed: 9009.009 ops/sec)
Total latency = 6.4531523627739E7 (+/- 0) us 
Consensus latency = 2229.135057 (+/- 212) us 
Pre-consensus latency = 0.0 (+/- 0) us 
Pos-consensus latency = 6.4529643848362E7 (+/- 0) us 
Propose latency = 645.17948 (+/- 204) us 
Write latency = 130.484186 (+/- 90) us 
Accept latency = 1453.471391 (+/- 63) us 
Batch average size = NaN (+/- 0) requests
LCMessage ByteCount = 55:11
TOMMessage ByteCount = 147480119:425156
StandardSMMessage ByteCount = 424:22
ConsensusMessage ByteCount = 1444025:21882
--- Measurements after 476000 ops (1000 samples) ---
Throughput = 3174.6033 operations/sec (Maximum observed: 9009.009 ops/sec)
Total latency = 6.4795154214918E7 (+/- 0) us 
Consensus latency = 2310.412291 (+/- 203) us 
Pre-consensus latency = 0.0 (+/- 0) us 
Pos-consensus latency = 6.4793142425614E7 (+/- 0) us 
Propose latency = 540.73879 (+/- 67) us 
Write latency = 155.335589 (+/- 121) us 
Accept latency = 1614.337912 (+/- 233) us 
Batch average size = NaN (+/- 0) requests
LCMessage ByteCount = 55:11
TOMMessage ByteCount = 147483239:425159
StandardSMMessage ByteCount = 424:22
ConsensusMessage ByteCount = 1444025:21882
--- Measurements after 477000 ops (1000 samples) ---
Throughput = 3012.048 operations/sec (Maximum observed: 9009.009 ops/sec)
Total latency = 6.5067460974786006E7 (+/- 0) us 
Consensus latency = 2220.521588 (+/- 151) us 
Pre-consensus latency = 0.0 (+/- 0) us 
Pos-consensus latency = 6.5065555288137004E7 (+/- 0) us 
Propose latency = 532.721081 (+/- 75) us 
Write latency = 131.503372 (+/- 106) us 
Accept latency = 1556.297135 (+/- 166) us 
Batch average size = NaN (+/- 0) requests
LCMessage ByteCount = 55:11
TOMMessage ByteCount = 148151916:425802
StandardSMMessage ByteCount = 424:22
ConsensusMessage ByteCount = 1444025:21882
--- Measurements after 478000 ops (1000 samples) ---
Throughput = 4149.3774 operations/sec (Maximum observed: 9009.009 ops/sec)
Total latency = 6.530861390654E7 (+/- 0) us 
Consensus latency = 2145.694389 (+/- 102) us 
Pre-consensus latency = 0.0 (+/- 0) us 
Pos-consensus latency = 6.5306754814888E7 (+/- 0) us 
Propose latency = 501.672446 (+/- 87) us 
Write latency = 115.797068 (+/- 101) us 
Accept latency = 1528.224875 (+/- 114) us 
Batch average size = NaN (+/- 0) requests
LCMessage ByteCount = 55:11
TOMMessage ByteCount = 148684364:426314
StandardSMMessage ByteCount = 424:22
ConsensusMessage ByteCount = 1444025:21882
--- Measurements after 479000 ops (1000 samples) ---
Throughput = 3521.1267 operations/sec (Maximum observed: 9009.009 ops/sec)
Total latency = 6.5482968268700995E7 (+/- 0) us 
Consensus latency = 2191.324315 (+/- 185) us 
Pre-consensus latency = 0.0 (+/- 0) us 
Pos-consensus latency = 6.5481083958193004E7 (+/- 0) us 
Propose latency = 504.204842 (+/- 69) us 
Write latency = 133.075378 (+/- 107) us 
Accept latency = 1554.044095 (+/- 125) us 
Batch average size = NaN (+/- 0) requests
LCMessage ByteCount = 55:11
TOMMessage ByteCount = 148736361:426364
StandardSMMessage ByteCount = 424:22
ConsensusMessage ByteCount = 1444025:21882
--- Measurements after 480000 ops (1000 samples) ---
Throughput = 3436.426 operations/sec (Maximum observed: 9009.009 ops/sec)
Total latency = 6.5767597030148E7 (+/- 0) us 
Consensus latency = 2269.857262 (+/- 405) us 
Pre-consensus latency = 0.0 (+/- 0) us 
Pos-consensus latency = 6.576566156561E7 (+/- 0) us 
Propose latency = 572.413349 (+/- 129) us 
Write latency = 175.309007 (+/- 287) us 
Accept latency = 1522.134906 (+/- 148) us 
Batch average size = NaN (+/- 0) requests
LCMessage ByteCount = 55:11
TOMMessage ByteCount = 148741560:426369
StandardSMMessage ByteCount = 424:22
ConsensusMessage ByteCount = 1444025:21882
--- Measurements after 481000 ops (1000 samples) ---
Throughput = 4830.918 operations/sec (Maximum observed: 9009.009 ops/sec)
Total latency = 6.5930135697039E7 (+/- 0) us 
Consensus latency = 2666.742863 (+/- 851) us 
Pre-consensus latency = 0.0 (+/- 0) us 
Pos-consensus latency = 6.5927837222577006E7 (+/- 0) us 
Propose latency = 653.269528 (+/- 240) us 
Write latency = 524.260075 (+/- 538) us 
Accept latency = 1489.21326 (+/- 325) us 
Batch average size = NaN (+/- 0) requests
LCMessage ByteCount = 55:11
TOMMessage ByteCount = 148836195:426460
StandardSMMessage ByteCount = 424:22
ConsensusMessage ByteCount = 1444025:21882
--- Measurements after 482000 ops (1000 samples) ---
Throughput = 4694.8354 operations/sec (Maximum observed: 9009.009 ops/sec)
Total latency = 6.6086358478752E7 (+/- 0) us 
Consensus latency = 2197.594696 (+/- 161) us 
Pre-consensus latency = 0.0 (+/- 0) us 
Pos-consensus latency = 6.6084475093476996E7 (+/- 0) us 
Propose latency = 536.970683 (+/- 75) us 
Write latency = 150.59381 (+/- 131) us 
Accept latency = 1510.030203 (+/- 181) us 
Batch average size = NaN (+/- 0) requests
LCMessage ByteCount = 55:11
TOMMessage ByteCount = 148907949:426529
StandardSMMessage ByteCount = 424:22
ConsensusMessage ByteCount = 1444025:21882
--- Measurements after 483000 ops (1000 samples) ---
Throughput = 4219.409 operations/sec (Maximum observed: 9009.009 ops/sec)
Total latency = 6.6266981587038E7 (+/- 0) us 
Consensus latency = 2223.36164 (+/- 205) us 
Pre-consensus latency = 0.0 (+/- 0) us 
Pos-consensus latency = 6.6265047292873E7 (+/- 0) us 
Propose latency = 482.456893 (+/- 74) us 
Write latency = 217.481674 (+/- 158) us 
Accept latency = 1523.4230730000002 (+/- 172) us 
Batch average size = NaN (+/- 0) requests
LCMessage ByteCount = 55:11
TOMMessage ByteCount = 149005701:426623
StandardSMMessage ByteCount = 424:22
ConsensusMessage ByteCount = 1444025:21882
--- Measurements after 484000 ops (1000 samples) ---
Throughput = 7407.407 operations/sec (Maximum observed: 9009.009 ops/sec)
Total latency = 6.6381202491718E7 (+/- 0) us 
Consensus latency = 2240.524196 (+/- 406) us 
Pre-consensus latency = 0.0 (+/- 0) us 
Pos-consensus latency = 6.6379370132511005E7 (+/- 0) us 
Propose latency = 626.556738 (+/- 420) us 
Write latency = 134.535892 (+/- 115) us 
Accept latency = 1479.4315660000002 (+/- 138) us 
Batch average size = NaN (+/- 0) requests
LCMessage ByteCount = 55:11
TOMMessage ByteCount = 149148170:426760
StandardSMMessage ByteCount = 424:22
ConsensusMessage ByteCount = 1444025:21882
--- Measurements after 485000 ops (1000 samples) ---
Throughput = 7092.1987 operations/sec (Maximum observed: 9009.009 ops/sec)
Total latency = 6.6463621872247E7 (+/- 0) us 
Consensus latency = 2218.5682659999998 (+/- 176) us 
Pre-consensus latency = 0.0 (+/- 0) us 
Pos-consensus latency = 6.6461706986563005E7 (+/- 0) us 
Propose latency = 506.636419 (+/- 112) us 
Write latency = 238.16235999999998 (+/- 249) us 
Accept latency = 1473.769487 (+/- 156) us 
Batch average size = NaN (+/- 0) requests
LCMessage ByteCount = 55:11
TOMMessage ByteCount = 149225123:426834
StandardSMMessage ByteCount = 424:22
ConsensusMessage ByteCount = 1444025:21882
--- Measurements after 486000 ops (1000 samples) ---
Throughput = 7575.758 operations/sec (Maximum observed: 9009.009 ops/sec)
Total latency = 6.6548339775412E7 (+/- 0) us 
Consensus latency = 2389.345776 (+/- 643) us 
Pre-consensus latency = 0.0 (+/- 0) us 
Pos-consensus latency = 6.6546273562367E7 (+/- 0) us 
Propose latency = 536.9033499999999 (+/- 118) us 
Write latency = 188.682188 (+/- 155) us 
Accept latency = 1663.7602379999998 (+/- 610) us 
Batch average size = NaN (+/- 0) requests
LCMessage ByteCount = 55:11
TOMMessage ByteCount = 149238643:426847
StandardSMMessage ByteCount = 424:22
ConsensusMessage ByteCount = 1444025:21882
--- Measurements after 487000 ops (1000 samples) ---
Throughput = 5747.1265 operations/sec (Maximum observed: 9009.009 ops/sec)
Total latency = 6.6656833912412E7 (+/- 0) us 
Consensus latency = 2262.2098020000003 (+/- 217) us 
Pre-consensus latency = 0.0 (+/- 0) us 
Pos-consensus latency = 6.6654857411814004E7 (+/- 0) us 
Propose latency = 504.61361999999997 (+/- 83) us 
Write latency = 202.348965 (+/- 222) us 
Accept latency = 1555.2472169999999 (+/- 110) us 
Batch average size = NaN (+/- 0) requests
LCMessage ByteCount = 55:11
TOMMessage ByteCount = 149276081:426883
StandardSMMessage ByteCount = 424:22
ConsensusMessage ByteCount = 1444025:21882
--- Measurements after 488000 ops (1000 samples) ---
Throughput = 7299.27 operations/sec (Maximum observed: 9009.009 ops/sec)
Total latency = 6.6744642847001E7 (+/- 0) us 
Consensus latency = 2251.133694 (+/- 232) us 
Pre-consensus latency = 0.0 (+/- 0) us 
Pos-consensus latency = 6.6742686028969005E7 (+/- 0) us 
Propose latency = 498.966113 (+/- 60) us 
Write latency = 145.529713 (+/- 112) us 
Accept latency = 1606.637868 (+/- 185) us 
Batch average size = NaN (+/- 0) requests
LCMessage ByteCount = 55:11
TOMMessage ByteCount = 149287521:426894
StandardSMMessage ByteCount = 424:22
ConsensusMessage ByteCount = 1444025:21882
--- Measurements after 489000 ops (1000 samples) ---
Throughput = 6622.5166 operations/sec (Maximum observed: 9009.009 ops/sec)
Total latency = 6.683061804159E7 (+/- 0) us 
Consensus latency = 2271.079566 (+/- 294) us 
Pre-consensus latency = 0.0 (+/- 0) us 
Pos-consensus latency = 6.6828665464022E7 (+/- 0) us 
Propose latency = 525.936016 (+/- 89) us 
Write latency = 152.38599100000002 (+/- 131) us 
Accept latency = 1592.757559 (+/- 230) us 
Batch average size = NaN (+/- 0) requests
LCMessage ByteCount = 55:11
TOMMessage ByteCount = 149346798:426951
StandardSMMessage ByteCount = 424:22
ConsensusMessage ByteCount = 1444025:21882
--- Measurements after 490000 ops (1000 samples) ---
Throughput = 5780.3467 operations/sec (Maximum observed: 9009.009 ops/sec)
Total latency = 6.6926818808705E7 (+/- 0) us 
Consensus latency = 2234.737739 (+/- 214) us 
Pre-consensus latency = 0.0 (+/- 0) us 
Pos-consensus latency = 6.6924914375632E7 (+/- 0) us 
Propose latency = 557.691081 (+/- 80) us 
Write latency = 167.12265599999998 (+/- 160) us 
Accept latency = 1509.9240020000002 (+/- 159) us 
Batch average size = NaN (+/- 0) requests
LCMessage ByteCount = 55:11
TOMMessage ByteCount = 149356157:426960
StandardSMMessage ByteCount = 424:22
ConsensusMessage ByteCount = 1444025:21882
--- Measurements after 491000 ops (1000 samples) ---
Throughput = 6622.5166 operations/sec (Maximum observed: 9009.009 ops/sec)
Total latency = 6.7043094283769995E7 (+/- 0) us 
Consensus latency = 2257.676371 (+/- 150) us 
Pre-consensus latency = 0.0 (+/- 0) us 
Pos-consensus latency = 6.7041146037419E7 (+/- 0) us 
Propose latency = 520.269552 (+/- 74) us 
Write latency = 138.70452600000002 (+/- 122) us 
Accept latency = 1598.702293 (+/- 175) us 
Batch average size = NaN (+/- 0) requests
LCMessage ByteCount = 55:11
TOMMessage ByteCount = 149368637:426972
StandardSMMessage ByteCount = 424:22
ConsensusMessage ByteCount = 1444025:21882
--- Measurements after 492000 ops (1000 samples) ---
Throughput = 6666.6665 operations/sec (Maximum observed: 9009.009 ops/sec)
Total latency = 6.7135977780336E7 (+/- 0) us 
Consensus latency = 2630.847865 (+/- 553) us 
Pre-consensus latency = 0.0 (+/- 0) us 
Pos-consensus latency = 6.7133704287779E7 (+/- 0) us 
Propose latency = 721.8309549999999 (+/- 299) us 
Write latency = 407.943461 (+/- 384) us 
Accept latency = 1501.073449 (+/- 232) us 
Batch average size = NaN (+/- 0) requests
LCMessage ByteCount = 55:11
TOMMessage ByteCount = 149373837:426977
StandardSMMessage ByteCount = 424:22
ConsensusMessage ByteCount = 1444025:21882
--- Measurements after 493000 ops (1000 samples) ---
Throughput = 6711.409 operations/sec (Maximum observed: 9009.009 ops/sec)
Total latency = 6.723031120392801E7 (+/- 0) us 
Consensus latency = 2281.174516 (+/- 180) us 
Pre-consensus latency = 0.0 (+/- 0) us 
Pos-consensus latency = 6.7228338903042E7 (+/- 0) us 
Propose latency = 513.358534 (+/- 86) us 
Write latency = 185.791538 (+/- 133) us 
Accept latency = 1582.024444 (+/- 183) us 
Batch average size = NaN (+/- 0) requests
LCMessage ByteCount = 55:11
TOMMessage ByteCount = 149380077:426983
StandardSMMessage ByteCount = 424:22
ConsensusMessage ByteCount = 1444025:21882
--- Measurements after 494000 ops (1000 samples) ---
Throughput = 5813.9536 operations/sec (Maximum observed: 9009.009 ops/sec)
Total latency = 6.7321697700397E7 (+/- 0) us 
Consensus latency = 2708.682814 (+/- 1747) us 
Pre-consensus latency = 0.0 (+/- 0) us 
Pos-consensus latency = 6.7319300801397E7 (+/- 0) us 
Propose latency = 961.164321 (+/- 1338) us 
Write latency = 245.811073 (+/- 386) us 
Accept latency = 1501.70742 (+/- 123) us 
Batch average size = NaN (+/- 0) requests
LCMessage ByteCount = 55:11
TOMMessage ByteCount = 149386316:426989
StandardSMMessage ByteCount = 424:22
ConsensusMessage ByteCount = 1444025:21882
--- Measurements after 495000 ops (1000 samples) ---
Throughput = 5847.953 operations/sec (Maximum observed: 9009.009 ops/sec)
Total latency = 6.7466792168927E7 (+/- 0) us 
Consensus latency = 2144.1704130000003 (+/- 159) us 
Pre-consensus latency = 0.0 (+/- 0) us 
Pos-consensus latency = 6.7464961778171E7 (+/- 0) us 
Propose latency = 507.520059 (+/- 93) us 
Write latency = 122.969197 (+/- 102) us 
Accept latency = 1513.681157 (+/- 121) us 
Batch average size = NaN (+/- 0) requests
LCMessage ByteCount = 55:11
TOMMessage ByteCount = 149392556:426995
StandardSMMessage ByteCount = 424:22
ConsensusMessage ByteCount = 1444025:21882
--- Measurements after 496000 ops (1000 samples) ---
Throughput = 8196.722 operations/sec (Maximum observed: 9009.009 ops/sec)
Total latency = 6.752555115331301E7 (+/- 0) us 
Consensus latency = 2280.572108 (+/- 209) us 
Pre-consensus latency = 0.0 (+/- 0) us 
Pos-consensus latency = 6.7523561076567E7 (+/- 0) us 
Propose latency = 470.587988 (+/- 74) us 
Write latency = 214.437321 (+/- 169) us 
Accept latency = 1595.5467990000002 (+/- 154) us 
Batch average size = NaN (+/- 0) requests
LCMessage ByteCount = 55:11
TOMMessage ByteCount = 149399836:427002
StandardSMMessage ByteCount = 424:22
ConsensusMessage ByteCount = 1444025:21882
--- Measurements after 497000 ops (1000 samples) ---
Throughput = 8771.93 operations/sec (Maximum observed: 9009.009 ops/sec)
Total latency = 6.7571709446594E7 (+/- 0) us 
Consensus latency = 2348.8889249999997 (+/- 386) us 
Pre-consensus latency = 0.0 (+/- 0) us 
Pos-consensus latency = 6.7569700755659E7 (+/- 0) us 
Propose latency = 574.553681 (+/- 221) us 
Write latency = 313.376599 (+/- 221) us 
Accept latency = 1460.958645 (+/- 165) us 
Batch average size = NaN (+/- 0) requests
LCMessage ByteCount = 55:11
TOMMessage ByteCount = 149399836:427002
StandardSMMessage ByteCount = 424:22
ConsensusMessage ByteCount = 1444025:21882
--- Measurements after 498000 ops (1000 samples) ---
Throughput = 6024.096 operations/sec (Maximum observed: 9009.009 ops/sec)
Total latency = 6.7635202091805E7 (+/- 0) us 
Consensus latency = 2220.545066 (+/- 302) us 
Pre-consensus latency = 0.0 (+/- 0) us 
Pos-consensus latency = 6.7633205482383E7 (+/- 0) us 
Propose latency = 350.15113 (+/- 90) us 
Write latency = 220.95654199999998 (+/- 191) us 
Accept latency = 1649.437394 (+/- 339) us 
Batch average size = NaN (+/- 0) requests
LCMessage ByteCount = 55:11
TOMMessage ByteCount = 149399836:427002
StandardSMMessage ByteCount = 424:22
ConsensusMessage ByteCount = 1444025:21882
--- Measurements after 499000 ops (1000 samples) ---
Throughput = 8771.93 operations/sec (Maximum observed: 9009.009 ops/sec)
Total latency = 6.7678961982361E7 (+/- 0) us 
Consensus latency = 2117.761438 (+/- 176) us 
Pre-consensus latency = 0.0 (+/- 0) us 
Pos-consensus latency = 6.767707302026999E7 (+/- 0) us 
Propose latency = 389.31113799999997 (+/- 71) us 
Write latency = 173.704508 (+/- 145) us 
Accept latency = 1554.745792 (+/- 183) us 
Batch average size = NaN (+/- 0) requests
LCMessage ByteCount = 55:11
TOMMessage ByteCount = 149400876:427003
StandardSMMessage ByteCount = 424:22
ConsensusMessage ByteCount = 1444025:21882
--- Measurements after 500000 ops (1000 samples) ---
Throughput = 8928.571 operations/sec (Maximum observed: 9009.009 ops/sec)
Total latency = 6.756494225031E7 (+/- 0) us 
Consensus latency = 2010.928751 (+/- 464) us 
Pre-consensus latency = 0.0 (+/- 0) us 
Pos-consensus latency = 6.756310755562E7 (+/- 0) us 
Propose latency = 297.694708 (+/- 75) us 
Write latency = 195.020214 (+/- 149) us 
Accept latency = 1518.2138289999998 (+/- 461) us 
Batch average size = NaN (+/- 0) requests
LCMessage ByteCount = 55:11
TOMMessage ByteCount = 149401916:427004
StandardSMMessage ByteCount = 424:22
ConsensusMessage ByteCount = 1444025:21882
