-- Using view stored on disk
-- SSL/TLS handshake complete!, Id:0  ## CipherSuite: TLS_ECDHE_ECDSA_WITH_AES_128_GCM_SHA256.
-- SSL/TLS handshake complete!, Id:1  ## CipherSuite: TLS_ECDHE_ECDSA_WITH_AES_128_GCM_SHA256.
-- ID = 2
-- N = 4
-- F = 1
-- Port (client <-> server) = 11020
-- Port (server <-> server) = 11021
-- requestTimeout = 2000
-- maxBatch = 1024
-- Binded replica to IP address 134.60.242.13
-- Optimizations:  Read-only Requests: disabled
-- SSL/TLS enabled, protocol version: TLSv1.2
-- In current view: ID:0; F:1; Processes:0(/134.60.242.11:11000),1(/134.60.242.12:11010),2(/134.60.242.13:11020),3(/134.60.242.14:11030),
-- Retrieving State
-- Replica state is up to date
-- 
		###################################
		    Ready to process operations    
		###################################
-- Session Created, active clients=0
-- Session Created, active clients=0
-- Session Created, active clients=0
-- Session Created, active clients=0
-- Session Created, active clients=0
-- Session Created, active clients=0
-- Session Created, active clients=0
-- Session Created, active clients=0
-- Session Created, active clients=0
-- Session Created, active clients=0
-- Session Created, active clients=0
-- Session Created, active clients=0
-- Session Created, active clients=0
-- Session Created, active clients=0
-- Session Created, active clients=0
-- Session Created, active clients=0
-- Session Created, active clients=0
-- Session Created, active clients=0
-- Session Created, active clients=0
-- Session Created, active clients=0
-- Session Created, active clients=0
-- Session Created, active clients=0
-- Session Created, active clients=0
-- Session Created, active clients=0
-- Session Created, active clients=0
-- Session Created, active clients=0
-- Session Created, active clients=0
-- Session Created, active clients=0
-- Session Created, active clients=0
-- Session Created, active clients=0
-- Session Created, active clients=0
-- Session Created, active clients=0
-- Session Created, active clients=0
-- Session Created, active clients=0
-- Session Created, active clients=0
-- Session Created, active clients=0
-- Session Created, active clients=0
-- Session Created, active clients=0
-- Session Created, active clients=0
-- Session Created, active clients=0
-- Session Created, active clients=0
-- Session Created, active clients=0
-- Session Created, active clients=0
-- Session Created, active clients=0
-- Session Created, active clients=0
-- Session Created, active clients=0
-- Session Created, active clients=0
-- Session Created, active clients=0
-- Session Created, active clients=0
-- Session Created, active clients=0
-- Session Created, active clients=0
-- Session Created, active clients=0
-- Session Created, active clients=0
-- Session Created, active clients=0
-- Session Created, active clients=0
-- Session Created, active clients=0
-- Session Created, active clients=0
-- Session Created, active clients=0
-- Session Created, active clients=0
-- Session Created, active clients=0
-- Session Created, active clients=0
-- Session Created, active clients=0
-- Session Created, active clients=0
-- Session Created, active clients=0
-- Session Created, active clients=0
-- Session Created, active clients=0
-- Session Created, active clients=0
-- Session Created, active clients=0
-- Session Created, active clients=0
-- Session Created, active clients=0
-- Session Created, active clients=0
-- Session Created, active clients=0
-- Session Created, active clients=0
-- Session Created, active clients=0
-- Session Created, active clients=0
-- Session Created, active clients=0
-- Session Created, active clients=0
-- Session Created, active clients=0
-- Session Created, active clients=0
-- Session Created, active clients=0
-- Session Created, active clients=0
-- Session Created, active clients=0
-- Session Created, active clients=0
-- Session Created, active clients=0
-- Session Created, active clients=0
-- Session Created, active clients=0
-- Session Created, active clients=0
-- Session Created, active clients=0
-- Session Created, active clients=0
-- Session Created, active clients=0
-- Session Created, active clients=0
-- Session Created, active clients=0
-- Session Created, active clients=0
-- Session Created, active clients=0
-- Session Created, active clients=0
-- Session Created, active clients=0
-- Session Created, active clients=0
-- Session Created, active clients=0
-- Session Created, active clients=0
-- Session Created, active clients=0
--- Measurements after 1000 ops (1000 samples) ---
Throughput = 21.702332 operations/sec (Maximum observed: 21.702332 ops/sec)
Total latency = 42952.274047 (+/- 28022) us 
Consensus latency = 8113.7419 (+/- 6642) us 
Pre-consensus latency = 0.0 (+/- 0) us 
Pos-consensus latency = 36811.114768 (+/- 25691) us 
Propose latency = 3148.606054 (+/- 2731) us 
Write latency = 1434.007544 (+/- 1779) us 
Accept latency = 3531.128302 (+/- 2478) us 
Batch average size = 50.0 (+/- 40) requests
TOMMessage ByteCount = 1055899:1808
StandardSMMessage ByteCount = 6337:20
ConsensusMessage ByteCount = 2574:60
--- Measurements after 2000 ops (1000 samples) ---
Throughput = 60.668568 operations/sec (Maximum observed: 60.668568 ops/sec)
Total latency = 23856.181409 (+/- 12742) us 
Consensus latency = 4700.9065279999995 (+/- 460) us 
Pre-consensus latency = 0.0 (+/- 0) us 
Pos-consensus latency = 19802.385636 (+/- 12782) us 
Propose latency = 1078.312402 (+/- 323) us 
Write latency = 1383.1073729999998 (+/- 374) us 
Accept latency = 2239.486753 (+/- 439) us 
Batch average size = 50.0 (+/- 28) requests
TOMMessage ByteCount = 2250527:3852
StandardSMMessage ByteCount = 6337:20
ConsensusMessage ByteCount = 5154:120
--- Measurements after 3000 ops (1000 samples) ---
Throughput = 153.7279 operations/sec (Maximum observed: 153.7279 ops/sec)
Total latency = 25990.886008 (+/- 14042) us 
Consensus latency = 4161.019095000001 (+/- 324) us 
Pre-consensus latency = 0.0 (+/- 0) us 
Pos-consensus latency = 22513.719435 (+/- 14066) us 
Propose latency = 1159.454995 (+/- 395) us 
Write latency = 832.312637 (+/- 359) us 
Accept latency = 2169.251463 (+/- 166) us 
Batch average size = 50.0 (+/- 28) requests
TOMMessage ByteCount = 3407741:5832
StandardSMMessage ByteCount = 6337:20
ConsensusMessage ByteCount = 7863:183
--- Measurements after 4000 ops (1000 samples) ---
Throughput = 3134.7961 operations/sec (Maximum observed: 3134.7961 ops/sec)
Total latency = 130491.573545 (+/- 0) us 
Consensus latency = 4621.331774 (+/- 401) us 
Pre-consensus latency = 0.0 (+/- 0) us 
Pos-consensus latency = 126866.117178 (+/- 0) us 
Propose latency = 1560.8456569999998 (+/- 333) us 
Write latency = 778.8478909999999 (+/- 486) us 
Accept latency = 2281.6382259999996 (+/- 527) us 
Batch average size = 507.3333333333333 (+/- 709) requests
TOMMessage ByteCount = 3741987:6404
StandardSMMessage ByteCount = 6337:20
ConsensusMessage ByteCount = 11862:276
--- Measurements after 5000 ops (1000 samples) ---
Throughput = 4132.2314 operations/sec (Maximum observed: 4132.2314 ops/sec)
Total latency = 313744.403316 (+/- 0) us 
Consensus latency = 4086.128408 (+/- 366) us 
Pre-consensus latency = 0.0 (+/- 0) us 
Pos-consensus latency = 310482.09937300003 (+/- 0) us 
Propose latency = 1319.839197 (+/- 141) us 
Write latency = 727.0124989999999 (+/- 412) us 
Accept latency = 2039.276712 (+/- 157) us 
Batch average size = 5676.0 (+/- 0) requests
TOMMessage ByteCount = 5284926:9044
StandardSMMessage ByteCount = 6337:20
ConsensusMessage ByteCount = 16726:389
--- Measurements after 6000 ops (1000 samples) ---
Throughput = 4347.826 operations/sec (Maximum observed: 4347.826 ops/sec)
Total latency = 493199.654602 (+/- 0) us 
Consensus latency = 4258.569057 (+/- 368) us 
Pre-consensus latency = 0.0 (+/- 0) us 
Pos-consensus latency = 489768.700699 (+/- 0) us 
Propose latency = 1376.2199779999999 (+/- 248) us 
Write latency = 818.233501 (+/- 384) us 
Accept latency = 2064.115578 (+/- 70) us 
Batch average size = NaN (+/- 0) requests
TOMMessage ByteCount = 5284926:9044
StandardSMMessage ByteCount = 6337:20
ConsensusMessage ByteCount = 22314:516
--- Measurements after 7000 ops (1000 samples) ---
Throughput = 4329.0044 operations/sec (Maximum observed: 4347.826 ops/sec)
Total latency = 671241.35414 (+/- 0) us 
Consensus latency = 4243.944708 (+/- 278) us 
Pre-consensus latency = 0.0 (+/- 0) us 
Pos-consensus latency = 667846.30071 (+/- 0) us 
Propose latency = 1372.799019 (+/- 223) us 
Write latency = 899.93854 (+/- 299) us 
Accept latency = 1971.207149 (+/- 243) us 
Batch average size = NaN (+/- 0) requests
TOMMessage ByteCount = 5284926:9044
StandardSMMessage ByteCount = 6337:20
ConsensusMessage ByteCount = 27990:645
--- Measurements after 8000 ops (1000 samples) ---
Throughput = 4424.779 operations/sec (Maximum observed: 4424.779 ops/sec)
Total latency = 845616.847903 (+/- 0) us 
Consensus latency = 4067.233511 (+/- 350) us 
Pre-consensus latency = 0.0 (+/- 0) us 
Pos-consensus latency = 842213.9398739999 (+/- 0) us 
Propose latency = 1146.560585 (+/- 272) us 
Write latency = 680.645162 (+/- 457) us 
Accept latency = 2240.027764 (+/- 125) us 
Batch average size = NaN (+/- 0) requests
TOMMessage ByteCount = 5284926:9044
StandardSMMessage ByteCount = 6337:20
ConsensusMessage ByteCount = 33358:767
--- Measurements after 9000 ops (1000 samples) ---
Throughput = 3610.1084 operations/sec (Maximum observed: 4424.779 ops/sec)
Total latency = 1055565.220898 (+/- 0) us 
Consensus latency = 3170.7298459999997 (+/- 300) us 
Pre-consensus latency = 0.0 (+/- 0) us 
Pos-consensus latency = 1052981.853314 (+/- 0) us 
Propose latency = 896.5942210000001 (+/- 84) us 
Write latency = 231.81007 (+/- 16) us 
Accept latency = 2042.325555 (+/- 282) us 
Batch average size = NaN (+/- 0) requests
TOMMessage ByteCount = 5284926:9044
StandardSMMessage ByteCount = 6337:20
ConsensusMessage ByteCount = 39474:906
--- Measurements after 10000 ops (1000 samples) ---
Throughput = 4524.8867 operations/sec (Maximum observed: 4524.8867 ops/sec)
Total latency = 1233666.3606470001 (+/- 0) us 
Consensus latency = 3623.04113 (+/- 755) us 
Pre-consensus latency = 0.0 (+/- 0) us 
Pos-consensus latency = 1230726.251304 (+/- 0) us 
Propose latency = 1380.205591 (+/- 723) us 
Write latency = 369.198256 (+/- 157) us 
Accept latency = 1873.637283 (+/- 147) us 
Batch average size = NaN (+/- 0) requests
TOMMessage ByteCount = 5284926:9044
StandardSMMessage ByteCount = 6337:20
ConsensusMessage ByteCount = 45414:1041
--- Measurements after 11000 ops (1000 samples) ---
Throughput = 3571.4285 operations/sec (Maximum observed: 4524.8867 ops/sec)
Total latency = 1437114.568984 (+/- 0) us 
Consensus latency = 4464.693706 (+/- 1530) us 
Pre-consensus latency = 0.0 (+/- 0) us 
Pos-consensus latency = 1433116.680408 (+/- 0) us 
Propose latency = 1233.754258 (+/- 1078) us 
Write latency = 1218.746807 (+/- 801) us 
Accept latency = 2012.192641 (+/- 725) us 
Batch average size = 24076.0 (+/- 0) requests
TOMMessage ByteCount = 11919528:20396
StandardSMMessage ByteCount = 6337:20
ConsensusMessage ByteCount = 54258:1242
--- Measurements after 12000 ops (1000 samples) ---
Throughput = 4201.6807 operations/sec (Maximum observed: 4524.8867 ops/sec)
Total latency = 1606067.2018469998 (+/- 0) us 
Consensus latency = 3455.402177 (+/- 715) us 
Pre-consensus latency = 0.0 (+/- 0) us 
Pos-consensus latency = 1603049.299082 (+/- 0) us 
Propose latency = 898.060637 (+/- 130) us 
Write latency = 596.51203 (+/- 503) us 
Accept latency = 1960.82951 (+/- 513) us 
Batch average size = NaN (+/- 0) requests
LCMessage ByteCount = 27:1
TOMMessage ByteCount = 11919528:20396
StandardSMMessage ByteCount = 6337:20
ConsensusMessage ByteCount = 61386:1404
--- Measurements after 13000 ops (1000 samples) ---
Throughput = 4651.1626 operations/sec (Maximum observed: 4651.1626 ops/sec)
Total latency = 1782171.463949 (+/- 0) us 
Consensus latency = 3415.740722 (+/- 285) us 
Pre-consensus latency = 0.0 (+/- 0) us 
Pos-consensus latency = 1779206.300543 (+/- 0) us 
Propose latency = 848.468579 (+/- 141) us 
Write latency = 786.129123 (+/- 281) us 
Accept latency = 1781.14302 (+/- 133) us 
Batch average size = NaN (+/- 0) requests
LCMessage ByteCount = 27:1
TOMMessage ByteCount = 11919528:20396
StandardSMMessage ByteCount = 6337:20
ConsensusMessage ByteCount = 67590:1545
--- Measurements after 14000 ops (1000 samples) ---
Throughput = 4651.1626 operations/sec (Maximum observed: 4651.1626 ops/sec)
Total latency = 1936442.315794 (+/- 0) us 
Consensus latency = 5379.37616 (+/- 2597) us 
Pre-consensus latency = 0.0 (+/- 0) us 
Pos-consensus latency = 1931657.533312 (+/- 0) us 
Propose latency = 3461.662258 (+/- 2669) us 
Write latency = 382.074184 (+/- 401) us 
Accept latency = 1535.6397180000001 (+/- 231) us 
Batch average size = NaN (+/- 0) requests
LCMessage ByteCount = 27:1
TOMMessage ByteCount = 11919528:20396
StandardSMMessage ByteCount = 6337:20
ConsensusMessage ByteCount = 73662:1683
--- Measurements after 15000 ops (1000 samples) ---
Throughput = 4672.897 operations/sec (Maximum observed: 4672.897 ops/sec)
Total latency = 2099818.264629 (+/- 0) us 
Consensus latency = 2948.708381 (+/- 173) us 
Pre-consensus latency = 0.0 (+/- 0) us 
Pos-consensus latency = 2097164.84632 (+/- 0) us 
Propose latency = 550.138838 (+/- 151) us 
Write latency = 719.146164 (+/- 256) us 
Accept latency = 1679.423379 (+/- 219) us 
Batch average size = NaN (+/- 0) requests
LCMessage ByteCount = 27:1
TOMMessage ByteCount = 11919528:20396
StandardSMMessage ByteCount = 6337:20
ConsensusMessage ByteCount = 80526:1839
--- Measurements after 16000 ops (1000 samples) ---
Throughput = 4608.295 operations/sec (Maximum observed: 4672.897 ops/sec)
Total latency = 2256738.51008 (+/- 0) us 
Consensus latency = 2691.696821 (+/- 173) us 
Pre-consensus latency = 0.0 (+/- 0) us 
Pos-consensus latency = 2254452.28374 (+/- 0) us 
Propose latency = 668.107213 (+/- 49) us 
Write latency = 405.163283 (+/- 216) us 
Accept latency = 1618.426325 (+/- 192) us 
Batch average size = NaN (+/- 0) requests
LCMessage ByteCount = 27:1
TOMMessage ByteCount = 11919528:20396
StandardSMMessage ByteCount = 6337:20
ConsensusMessage ByteCount = 87258:1992
--- Measurements after 17000 ops (1000 samples) ---
Throughput = 4784.689 operations/sec (Maximum observed: 4784.689 ops/sec)
Total latency = 2416051.20377 (+/- 0) us 
Consensus latency = 3034.549883 (+/- 470) us 
Pre-consensus latency = 0.0 (+/- 0) us 
Pos-consensus latency = 2413474.975243 (+/- 0) us 
Propose latency = 911.178944 (+/- 467) us 
Write latency = 412.53620400000005 (+/- 284) us 
Accept latency = 1710.8347350000001 (+/- 172) us 
Batch average size = NaN (+/- 0) requests
LCMessage ByteCount = 27:1
TOMMessage ByteCount = 11919528:20396
StandardSMMessage ByteCount = 6337:20
ConsensusMessage ByteCount = 93814:2141
--- Measurements after 18000 ops (1000 samples) ---
Throughput = 3676.4707 operations/sec (Maximum observed: 4784.689 ops/sec)
Total latency = 2611356.859796 (+/- 0) us 
Consensus latency = 3587.268869 (+/- 791) us 
Pre-consensus latency = 0.0 (+/- 0) us 
Pos-consensus latency = 2608380.84017 (+/- 0) us 
Propose latency = 1345.638729 (+/- 901) us 
Write latency = 498.596855 (+/- 348) us 
Accept latency = 1743.033285 (+/- 96) us 
Batch average size = NaN (+/- 0) requests
LCMessage ByteCount = 27:1
TOMMessage ByteCount = 11919528:20396
StandardSMMessage ByteCount = 6337:20
ConsensusMessage ByteCount = 101734:2321
--- Measurements after 19000 ops (1000 samples) ---
Throughput = 4608.295 operations/sec (Maximum observed: 4784.689 ops/sec)
Total latency = 2790437.0669029998 (+/- 0) us 
Consensus latency = 2916.3446719999997 (+/- 244) us 
Pre-consensus latency = 0.0 (+/- 0) us 
Pos-consensus latency = 2787903.8240879998 (+/- 0) us 
Propose latency = 702.1311469999999 (+/- 79) us 
Write latency = 458.831545 (+/- 233) us 
Accept latency = 1755.3819799999999 (+/- 152) us 
Batch average size = NaN (+/- 0) requests
LCMessage ByteCount = 27:1
TOMMessage ByteCount = 11919528:20396
StandardSMMessage ByteCount = 6337:20
ConsensusMessage ByteCount = 108070:2465
--- Measurements after 20000 ops (1000 samples) ---
Throughput = 4545.4546 operations/sec (Maximum observed: 4784.689 ops/sec)
Total latency = 2952239.96373 (+/- 0) us 
Consensus latency = 2769.122952 (+/- 189) us 
Pre-consensus latency = 0.0 (+/- 0) us 
Pos-consensus latency = 2949852.3329640003 (+/- 0) us 
Propose latency = 675.1104780000001 (+/- 64) us 
Write latency = 421.870201 (+/- 212) us 
Accept latency = 1672.142273 (+/- 144) us 
Batch average size = NaN (+/- 0) requests
LCMessage ByteCount = 54:2
TOMMessage ByteCount = 11919528:20396
StandardSMMessage ByteCount = 6337:20
ConsensusMessage ByteCount = 114450:2610
--- Measurements after 21000 ops (1000 samples) ---
Throughput = 4716.981 operations/sec (Maximum observed: 4784.689 ops/sec)
Total latency = 3113335.841196 (+/- 0) us 
Consensus latency = 3651.1331889999997 (+/- 1952) us 
Pre-consensus latency = 0.0 (+/- 0) us 
Pos-consensus latency = 3110136.533214 (+/- 0) us 
Propose latency = 1013.7685280000001 (+/- 815) us 
Write latency = 354.87907299999995 (+/- 185) us 
Accept latency = 2282.485588 (+/- 1858) us 
Batch average size = NaN (+/- 0) requests
LCMessage ByteCount = 54:2
TOMMessage ByteCount = 11919528:20396
StandardSMMessage ByteCount = 6337:20
ConsensusMessage ByteCount = 121446:2769
--- Measurements after 22000 ops (1000 samples) ---
Throughput = 4566.21 operations/sec (Maximum observed: 4784.689 ops/sec)
Total latency = 3273587.977281 (+/- 0) us 
Consensus latency = 3382.455494 (+/- 502) us 
Pre-consensus latency = 0.0 (+/- 0) us 
Pos-consensus latency = 3270717.191624 (+/- 0) us 
Propose latency = 1134.282925 (+/- 599) us 
Write latency = 455.18895299999997 (+/- 231) us 
Accept latency = 1792.983616 (+/- 169) us 
Batch average size = NaN (+/- 0) requests
LCMessage ByteCount = 54:2
TOMMessage ByteCount = 11919528:20396
StandardSMMessage ByteCount = 6337:20
ConsensusMessage ByteCount = 128442:2928
--- Measurements after 23000 ops (1000 samples) ---
Throughput = 4587.156 operations/sec (Maximum observed: 4784.689 ops/sec)
Total latency = 3436500.946518 (+/- 0) us 
Consensus latency = 3142.331355 (+/- 335) us 
Pre-consensus latency = 0.0 (+/- 0) us 
Pos-consensus latency = 3433787.5935219997 (+/- 0) us 
Propose latency = 736.06099 (+/- 148) us 
Write latency = 658.682413 (+/- 341) us 
Accept latency = 1747.587952 (+/- 222) us 
Batch average size = NaN (+/- 0) requests
LCMessage ByteCount = 54:2
TOMMessage ByteCount = 11919528:20396
StandardSMMessage ByteCount = 6337:20
ConsensusMessage ByteCount = 135306:3084
--- Measurements after 24000 ops (1000 samples) ---
Throughput = 4716.981 operations/sec (Maximum observed: 4784.689 ops/sec)
Total latency = 3597878.5304590003 (+/- 0) us 
Consensus latency = 3414.118304 (+/- 247) us 
Pre-consensus latency = 0.0 (+/- 0) us 
Pos-consensus latency = 3594899.08223 (+/- 0) us 
Propose latency = 673.5524819999999 (+/- 80) us 
Write latency = 983.013482 (+/- 312) us 
Accept latency = 1757.5523400000002 (+/- 189) us 
Batch average size = NaN (+/- 0) requests
LCMessage ByteCount = 54:2
TOMMessage ByteCount = 11919528:20396
StandardSMMessage ByteCount = 6337:20
ConsensusMessage ByteCount = 141730:3230
--- Measurements after 25000 ops (1000 samples) ---
Throughput = 4587.156 operations/sec (Maximum observed: 4784.689 ops/sec)
Total latency = 3757111.278717 (+/- 0) us 
Consensus latency = 5860.244941999999 (+/- 4018) us 
Pre-consensus latency = 0.0 (+/- 0) us 
Pos-consensus latency = 3752122.1347870003 (+/- 0) us 
Propose latency = 1808.869192 (+/- 1796) us 
Write latency = 906.756548 (+/- 488) us 
Accept latency = 3144.619202 (+/- 3927) us 
Batch average size = NaN (+/- 0) requests
LCMessage ByteCount = 54:2
TOMMessage ByteCount = 11919528:20396
StandardSMMessage ByteCount = 6337:20
ConsensusMessage ByteCount = 148770:3390
--- Measurements after 26000 ops (1000 samples) ---
Throughput = 4566.21 operations/sec (Maximum observed: 4784.689 ops/sec)
Total latency = 3919362.884848 (+/- 0) us 
Consensus latency = 5491.587391 (+/- 1090) us 
Pre-consensus latency = 0.0 (+/- 0) us 
Pos-consensus latency = 3915580.695906 (+/- 0) us 
Propose latency = 2265.6279130000003 (+/- 833) us 
Write latency = 921.697405 (+/- 698) us 
Accept latency = 2304.262073 (+/- 156) us 
Batch average size = NaN (+/- 0) requests
LCMessage ByteCount = 54:2
TOMMessage ByteCount = 11919528:20396
StandardSMMessage ByteCount = 6337:20
ConsensusMessage ByteCount = 155634:3546
--- Measurements after 27000 ops (1000 samples) ---
Throughput = 4587.156 operations/sec (Maximum observed: 4784.689 ops/sec)
Total latency = 4083184.6832789998 (+/- 0) us 
Consensus latency = 4489.322428 (+/- 390) us 
Pre-consensus latency = 0.0 (+/- 0) us 
Pos-consensus latency = 4079838.6195489997 (+/- 0) us 
Propose latency = 1464.5437 (+/- 107) us 
Write latency = 778.477164 (+/- 257) us 
Accept latency = 2246.301564 (+/- 237) us 
Batch average size = NaN (+/- 0) requests
LCMessage ByteCount = 54:2
TOMMessage ByteCount = 11919528:20396
StandardSMMessage ByteCount = 6337:20
ConsensusMessage ByteCount = 162366:3699
--- Measurements after 28000 ops (1000 samples) ---
Throughput = 4739.3364 operations/sec (Maximum observed: 4784.689 ops/sec)
Total latency = 4246207.517062 (+/- 0) us 
Consensus latency = 3539.260384 (+/- 358) us 
Pre-consensus latency = 0.0 (+/- 0) us 
Pos-consensus latency = 4243218.158975 (+/- 0) us 
Propose latency = 842.880864 (+/- 323) us 
Write latency = 930.2910089999999 (+/- 311) us 
Accept latency = 1766.088511 (+/- 260) us 
Batch average size = NaN (+/- 0) requests
LCMessage ByteCount = 54:2
TOMMessage ByteCount = 11919528:20396
StandardSMMessage ByteCount = 6337:20
ConsensusMessage ByteCount = 169318:3857
--- Measurements after 29000 ops (1000 samples) ---
Throughput = 4587.156 operations/sec (Maximum observed: 4784.689 ops/sec)
Total latency = 4407285.972181 (+/- 0) us 
Consensus latency = 3183.3872370000004 (+/- 269) us 
Pre-consensus latency = 0.0 (+/- 0) us 
Pos-consensus latency = 4404498.031625 (+/- 0) us 
Propose latency = 657.566571 (+/- 84) us 
Write latency = 807.508911 (+/- 222) us 
Accept latency = 1718.311755 (+/- 141) us 
Batch average size = NaN (+/- 0) requests
LCMessage ByteCount = 54:2
TOMMessage ByteCount = 11919528:20396
StandardSMMessage ByteCount = 6337:20
ConsensusMessage ByteCount = 176182:4013
--- Measurements after 30000 ops (1000 samples) ---
Throughput = 4566.21 operations/sec (Maximum observed: 4784.689 ops/sec)
Total latency = 4568491.137947 (+/- 0) us 
Consensus latency = 3031.94149 (+/- 235) us 
Pre-consensus latency = 0.0 (+/- 0) us 
Pos-consensus latency = 4565868.184115 (+/- 0) us 
Propose latency = 657.950168 (+/- 46) us 
Write latency = 703.449074 (+/- 175) us 
Accept latency = 1670.542248 (+/- 162) us 
Batch average size = NaN (+/- 0) requests
LCMessage ByteCount = 81:3
TOMMessage ByteCount = 11919528:20396
StandardSMMessage ByteCount = 6337:20
ConsensusMessage ByteCount = 183090:4170
--- Measurements after 31000 ops (1000 samples) ---
Throughput = 4608.295 operations/sec (Maximum observed: 4784.689 ops/sec)
Total latency = 4725374.2926280005 (+/- 0) us 
Consensus latency = 6100.78147 (+/- 3507) us 
Pre-consensus latency = 0.0 (+/- 0) us 
Pos-consensus latency = 4719795.9493350005 (+/- 0) us 
Propose latency = 1758.119189 (+/- 1962) us 
Write latency = 1479.9703729999999 (+/- 2271) us 
Accept latency = 2862.691908 (+/- 2284) us 
Batch average size = NaN (+/- 0) requests
LCMessage ByteCount = 81:3
TOMMessage ByteCount = 11919528:20396
StandardSMMessage ByteCount = 6337:20
ConsensusMessage ByteCount = 190086:4329
--- Measurements after 32000 ops (1000 samples) ---
Throughput = 4739.3364 operations/sec (Maximum observed: 4784.689 ops/sec)
Total latency = 4890046.039586 (+/- 0) us 
Consensus latency = 2879.519514 (+/- 264) us 
Pre-consensus latency = 0.0 (+/- 0) us 
Pos-consensus latency = 4887570.81857 (+/- 0) us 
Propose latency = 685.021802 (+/- 97) us 
Write latency = 517.527205 (+/- 176) us 
Accept latency = 1676.970507 (+/- 186) us 
Batch average size = NaN (+/- 0) requests
LCMessage ByteCount = 81:3
TOMMessage ByteCount = 11919528:20396
StandardSMMessage ByteCount = 6337:20
ConsensusMessage ByteCount = 197214:4491
--- Measurements after 33000 ops (1000 samples) ---
Throughput = 4566.21 operations/sec (Maximum observed: 4784.689 ops/sec)
Total latency = 5050103.209812 (+/- 0) us 
Consensus latency = 2989.474159 (+/- 297) us 
Pre-consensus latency = 0.0 (+/- 0) us 
Pos-consensus latency = 5047523.293640001 (+/- 0) us 
Propose latency = 648.12013 (+/- 121) us 
Write latency = 536.6914300000001 (+/- 243) us 
Accept latency = 1804.662599 (+/- 220) us 
Batch average size = NaN (+/- 0) requests
LCMessage ByteCount = 81:3
TOMMessage ByteCount = 11919528:20396
StandardSMMessage ByteCount = 6337:20
ConsensusMessage ByteCount = 204034:4646
--- Measurements after 34000 ops (1000 samples) ---
Throughput = 4524.8867 operations/sec (Maximum observed: 4784.689 ops/sec)
Total latency = 5212889.809962 (+/- 0) us 
Consensus latency = 2958.5404559999997 (+/- 205) us 
Pre-consensus latency = 0.0 (+/- 0) us 
Pos-consensus latency = 5210345.960475001 (+/- 0) us 
Propose latency = 649.140527 (+/- 73) us 
Write latency = 660.730805 (+/- 155) us 
Accept latency = 1648.669124 (+/- 185) us 
Batch average size = NaN (+/- 0) requests
LCMessage ByteCount = 81:3
TOMMessage ByteCount = 11919528:20396
StandardSMMessage ByteCount = 6337:20
ConsensusMessage ByteCount = 210854:4801
-- Checkpoint is in position 50207
--- Measurements after 35000 ops (1000 samples) ---
Throughput = 2272.7273 operations/sec (Maximum observed: 4784.689 ops/sec)
Total latency = 5524062.789387999 (+/- 0) us 
Consensus latency = 3711.568926 (+/- 1041) us 
Pre-consensus latency = 0.0 (+/- 0) us 
Pos-consensus latency = 5520877.024055 (+/- 0) us 
Propose latency = 945.994589 (+/- 686) us 
Write latency = 806.568966 (+/- 425) us 
Accept latency = 1959.005371 (+/- 1000) us 
Batch average size = 50208.0 (+/- 0) requests
LCMessage ByteCount = 81:3
TOMMessage ByteCount = 40147840:68548
StandardSMMessage ByteCount = 6337:20
ConsensusMessage ByteCount = 225682:5138
--- Measurements after 36000 ops (1000 samples) ---
Throughput = 4484.305 operations/sec (Maximum observed: 4784.689 ops/sec)
Total latency = 5709931.460136 (+/- 0) us 
Consensus latency = 3931.2585559999998 (+/- 1234) us 
Pre-consensus latency = 0.0 (+/- 0) us 
Pos-consensus latency = 5706656.951571999 (+/- 0) us 
Propose latency = 1425.0366629999999 (+/- 842) us 
Write latency = 905.550686 (+/- 448) us 
Accept latency = 1600.6712069999999 (+/- 301) us 
Batch average size = NaN (+/- 0) requests
LCMessage ByteCount = 81:3
TOMMessage ByteCount = 40147840:68548
StandardSMMessage ByteCount = 6337:20
ConsensusMessage ByteCount = 232414:5291
--- Measurements after 37000 ops (1000 samples) ---
Throughput = 4524.8867 operations/sec (Maximum observed: 4784.689 ops/sec)
Total latency = 5865701.504497 (+/- 0) us 
Consensus latency = 2867.479969 (+/- 1183) us 
Pre-consensus latency = 0.0 (+/- 0) us 
Pos-consensus latency = 5863351.819123 (+/- 0) us 
Propose latency = 929.3334980000001 (+/- 663) us 
Write latency = 534.347876 (+/- 485) us 
Accept latency = 1403.798595 (+/- 187) us 
Batch average size = NaN (+/- 0) requests
LCMessage ByteCount = 81:3
TOMMessage ByteCount = 40147840:68548
StandardSMMessage ByteCount = 6337:20
ConsensusMessage ByteCount = 239454:5451
--- Measurements after 38000 ops (1000 samples) ---
Throughput = 4694.8354 operations/sec (Maximum observed: 4784.689 ops/sec)
Total latency = 6031144.530803001 (+/- 0) us 
Consensus latency = 2716.2693339999996 (+/- 251) us 
Pre-consensus latency = 0.0 (+/- 0) us 
Pos-consensus latency = 6028786.897024 (+/- 0) us 
Propose latency = 629.852165 (+/- 98) us 
Write latency = 634.1282389999999 (+/- 175) us 
Accept latency = 1452.28893 (+/- 251) us 
Batch average size = NaN (+/- 0) requests
LCMessage ByteCount = 108:4
TOMMessage ByteCount = 40147840:68548
StandardSMMessage ByteCount = 6337:20
ConsensusMessage ByteCount = 246054:5601
--- Measurements after 39000 ops (1000 samples) ---
Throughput = 4545.4546 operations/sec (Maximum observed: 4784.689 ops/sec)
Total latency = 6194155.875882 (+/- 0) us 
Consensus latency = 3138.967652 (+/- 1995) us 
Pre-consensus latency = 0.0 (+/- 0) us 
Pos-consensus latency = 6191375.778941 (+/- 0) us 
Propose latency = 582.524003 (+/- 105) us 
Write latency = 1017.236419 (+/- 1577) us 
Accept latency = 1539.20723 (+/- 449) us 
Batch average size = NaN (+/- 0) requests
LCMessage ByteCount = 108:4
TOMMessage ByteCount = 40147840:68548
StandardSMMessage ByteCount = 6337:20
ConsensusMessage ByteCount = 253534:5771
--- Measurements after 40000 ops (1000 samples) ---
Throughput = 4524.8867 operations/sec (Maximum observed: 4784.689 ops/sec)
Total latency = 6353232.777804 (+/- 0) us 
Consensus latency = 3213.4807450000003 (+/- 462) us 
Pre-consensus latency = 0.0 (+/- 0) us 
Pos-consensus latency = 6350458.595129 (+/- 0) us 
Propose latency = 718.311403 (+/- 275) us 
Write latency = 817.845551 (+/- 190) us 
Accept latency = 1677.323791 (+/- 225) us 
Batch average size = NaN (+/- 0) requests
LCMessage ByteCount = 108:4
TOMMessage ByteCount = 40147840:68548
StandardSMMessage ByteCount = 6337:20
ConsensusMessage ByteCount = 260838:5937
--- Measurements after 41000 ops (1000 samples) ---
Throughput = 4545.4546 operations/sec (Maximum observed: 4784.689 ops/sec)
Total latency = 6516335.97799 (+/- 0) us 
Consensus latency = 3027.82757 (+/- 256) us 
Pre-consensus latency = 0.0 (+/- 0) us 
Pos-consensus latency = 6513691.471302 (+/- 0) us 
Propose latency = 638.786787 (+/- 73) us 
Write latency = 784.227864 (+/- 268) us 
Accept latency = 1604.812919 (+/- 187) us 
Batch average size = NaN (+/- 0) requests
LCMessage ByteCount = 108:4
TOMMessage ByteCount = 40147840:68548
StandardSMMessage ByteCount = 6337:20
ConsensusMessage ByteCount = 267922:6098
--- Measurements after 42000 ops (1000 samples) ---
Throughput = 4694.8354 operations/sec (Maximum observed: 4784.689 ops/sec)
Total latency = 6680235.845349 (+/- 0) us 
Consensus latency = 2792.773053 (+/- 252) us 
Pre-consensus latency = 0.0 (+/- 0) us 
Pos-consensus latency = 6677782.268839 (+/- 0) us 
Propose latency = 576.482535 (+/- 89) us 
Write latency = 684.66066 (+/- 185) us 
Accept latency = 1531.629858 (+/- 230) us 
Batch average size = NaN (+/- 0) requests
LCMessage ByteCount = 108:4
TOMMessage ByteCount = 40147840:68548
StandardSMMessage ByteCount = 6337:20
ConsensusMessage ByteCount = 275358:6267
--- Measurements after 43000 ops (1000 samples) ---
Throughput = 4587.156 operations/sec (Maximum observed: 4784.689 ops/sec)
Total latency = 6841831.013611 (+/- 0) us 
Consensus latency = 2739.1989360000002 (+/- 363) us 
Pre-consensus latency = 0.0 (+/- 0) us 
Pos-consensus latency = 6839469.278324001 (+/- 0) us 
Propose latency = 636.527142 (+/- 37) us 
Write latency = 642.2812240000001 (+/- 298) us 
Accept latency = 1460.39057 (+/- 186) us 
Batch average size = NaN (+/- 0) requests
LCMessage ByteCount = 108:4
TOMMessage ByteCount = 40147840:68548
StandardSMMessage ByteCount = 6337:20
ConsensusMessage ByteCount = 282706:6434
--- Measurements after 44000 ops (1000 samples) ---
Throughput = 4291.8457 operations/sec (Maximum observed: 4784.689 ops/sec)
Total latency = 7000876.025206001 (+/- 0) us 
Consensus latency = 3743.570749 (+/- 1921) us 
Pre-consensus latency = 0.0 (+/- 0) us 
Pos-consensus latency = 6997589.495036 (+/- 0) us 
Propose latency = 1060.370769 (+/- 1107) us 
Write latency = 993.78115 (+/- 1839) us 
Accept latency = 1689.41883 (+/- 192) us 
Batch average size = NaN (+/- 0) requests
LCMessage ByteCount = 108:4
TOMMessage ByteCount = 40147840:68548
StandardSMMessage ByteCount = 6337:20
ConsensusMessage ByteCount = 290274:6606
--- Measurements after 45000 ops (1000 samples) ---
Throughput = 4716.981 operations/sec (Maximum observed: 4784.689 ops/sec)
Total latency = 7176573.146177 (+/- 0) us 
Consensus latency = 2901.1554610000003 (+/- 233) us 
Pre-consensus latency = 0.0 (+/- 0) us 
Pos-consensus latency = 7174051.029772 (+/- 0) us 
Propose latency = 649.5387659999999 (+/- 152) us 
Write latency = 785.328258 (+/- 172) us 
Accept latency = 1466.288437 (+/- 156) us 
Batch average size = NaN (+/- 0) requests
LCMessage ByteCount = 108:4
TOMMessage ByteCount = 40147840:68548
StandardSMMessage ByteCount = 6337:20
ConsensusMessage ByteCount = 297402:6768
--- Measurements after 46000 ops (1000 samples) ---
Throughput = 4545.4546 operations/sec (Maximum observed: 4784.689 ops/sec)
Total latency = 7339741.834096 (+/- 0) us 
Consensus latency = 2927.59333 (+/- 293) us 
Pre-consensus latency = 0.0 (+/- 0) us 
Pos-consensus latency = 7337163.616323 (+/- 0) us 
Propose latency = 574.497137 (+/- 154) us 
Write latency = 778.405893 (+/- 327) us 
Accept latency = 1574.6903 (+/- 246) us 
Batch average size = NaN (+/- 0) requests
LCMessage ByteCount = 108:4
TOMMessage ByteCount = 40147840:68548
StandardSMMessage ByteCount = 6337:20
ConsensusMessage ByteCount = 304750:6935
--- Measurements after 47000 ops (1000 samples) ---
Throughput = 4587.156 operations/sec (Maximum observed: 4784.689 ops/sec)
Total latency = 7499861.205764 (+/- 0) us 
Consensus latency = 3048.026707 (+/- 198) us 
Pre-consensus latency = 0.0 (+/- 0) us 
Pos-consensus latency = 7497148.612812 (+/- 0) us 
Propose latency = 526.925171 (+/- 91) us 
Write latency = 947.770554 (+/- 184) us 
Accept latency = 1573.3309820000002 (+/- 142) us 
Batch average size = NaN (+/- 0) requests
LCMessage ByteCount = 135:5
TOMMessage ByteCount = 40147840:68548
StandardSMMessage ByteCount = 6337:20
ConsensusMessage ByteCount = 311790:7095
--- Measurements after 48000 ops (1000 samples) ---
Throughput = 4608.295 operations/sec (Maximum observed: 4784.689 ops/sec)
Total latency = 7658046.946930001 (+/- 0) us 
Consensus latency = 3570.8075440000002 (+/- 1811) us 
Pre-consensus latency = 0.0 (+/- 0) us 
Pos-consensus latency = 7654822.79241 (+/- 0) us 
Propose latency = 879.353246 (+/- 747) us 
Write latency = 522.908074 (+/- 268) us 
Accept latency = 2168.5462239999997 (+/- 1722) us 
Batch average size = NaN (+/- 0) requests
LCMessage ByteCount = 135:5
TOMMessage ByteCount = 40147840:68548
StandardSMMessage ByteCount = 6337:20
ConsensusMessage ByteCount = 318390:7245
--- Measurements after 49000 ops (1000 samples) ---
Throughput = 4739.3364 operations/sec (Maximum observed: 4784.689 ops/sec)
Total latency = 7817906.696532 (+/- 0) us 
Consensus latency = 3281.597282 (+/- 631) us 
Pre-consensus latency = 0.0 (+/- 0) us 
Pos-consensus latency = 7815100.036745 (+/- 0) us 
Propose latency = 876.799707 (+/- 395) us 
Write latency = 787.179406 (+/- 338) us 
Accept latency = 1617.618169 (+/- 143) us 
Batch average size = NaN (+/- 0) requests
LCMessage ByteCount = 135:5
TOMMessage ByteCount = 40147840:68548
StandardSMMessage ByteCount = 6337:20
ConsensusMessage ByteCount = 325518:7407
--- Measurements after 50000 ops (1000 samples) ---
Throughput = 4608.295 operations/sec (Maximum observed: 4784.689 ops/sec)
Total latency = 7980257.018298 (+/- 0) us 
Consensus latency = 2783.817997 (+/- 199) us 
Pre-consensus latency = 0.0 (+/- 0) us 
Pos-consensus latency = 7977810.158892 (+/- 0) us 
Propose latency = 528.7517680000001 (+/- 114) us 
Write latency = 724.019539 (+/- 217) us 
Accept latency = 1531.04669 (+/- 156) us 
Batch average size = NaN (+/- 0) requests
LCMessage ByteCount = 135:5
TOMMessage ByteCount = 40147840:68548
StandardSMMessage ByteCount = 6337:20
ConsensusMessage ByteCount = 332338:7562
--- Measurements after 51000 ops (1000 samples) ---
Throughput = 4545.4546 operations/sec (Maximum observed: 4784.689 ops/sec)
Total latency = 8138699.704975001 (+/- 0) us 
Consensus latency = 2728.976678 (+/- 285) us 
Pre-consensus latency = 0.0 (+/- 0) us 
Pos-consensus latency = 8136319.065425999 (+/- 0) us 
Propose latency = 543.338962 (+/- 63) us 
Write latency = 591.937486 (+/- 319) us 
Accept latency = 1593.70023 (+/- 217) us 
Batch average size = NaN (+/- 0) requests
LCMessage ByteCount = 135:5
TOMMessage ByteCount = 40147840:68548
StandardSMMessage ByteCount = 6337:20
ConsensusMessage ByteCount = 338982:7713
--- Measurements after 52000 ops (1000 samples) ---
Throughput = 4739.3364 operations/sec (Maximum observed: 4784.689 ops/sec)
Total latency = 8299531.25909 (+/- 0) us 
Consensus latency = 2854.368803 (+/- 254) us 
Pre-consensus latency = 0.0 (+/- 0) us 
Pos-consensus latency = 8296996.201611 (+/- 0) us 
Propose latency = 561.3542219999999 (+/- 101) us 
Write latency = 759.825904 (+/- 251) us 
Accept latency = 1533.1886769999999 (+/- 164) us 
Batch average size = NaN (+/- 0) requests
LCMessage ByteCount = 135:5
TOMMessage ByteCount = 40147840:68548
StandardSMMessage ByteCount = 6337:20
ConsensusMessage ByteCount = 345582:7863
--- Measurements after 53000 ops (1000 samples) ---
Throughput = 4587.156 operations/sec (Maximum observed: 4784.689 ops/sec)
Total latency = 8457267.055452 (+/- 0) us 
Consensus latency = 3125.064139 (+/- 748) us 
Pre-consensus latency = 0.0 (+/- 0) us 
Pos-consensus latency = 8454544.060637001 (+/- 0) us 
Propose latency = 987.582388 (+/- 679) us 
Write latency = 584.149076 (+/- 303) us 
Accept latency = 1553.332675 (+/- 172) us 
Batch average size = NaN (+/- 0) requests
LCMessage ByteCount = 135:5
TOMMessage ByteCount = 40147840:68548
StandardSMMessage ByteCount = 6337:20
ConsensusMessage ByteCount = 352578:8022
--- Measurements after 54000 ops (1000 samples) ---
Throughput = 4587.156 operations/sec (Maximum observed: 4784.689 ops/sec)
Total latency = 8617750.258927999 (+/- 0) us 
Consensus latency = 3035.784957 (+/- 641) us 
Pre-consensus latency = 0.0 (+/- 0) us 
Pos-consensus latency = 8615148.871641 (+/- 0) us 
Propose latency = 669.112303 (+/- 317) us 
Write latency = 932.713957 (+/- 334) us 
Accept latency = 1433.958697 (+/- 129) us 
Batch average size = NaN (+/- 0) requests
LCMessage ByteCount = 135:5
TOMMessage ByteCount = 40147840:68548
StandardSMMessage ByteCount = 6337:20
ConsensusMessage ByteCount = 359574:8181
--- Measurements after 55000 ops (1000 samples) ---
Throughput = 4608.295 operations/sec (Maximum observed: 4784.689 ops/sec)
Total latency = 8778441.578378 (+/- 0) us 
Consensus latency = 2684.891529 (+/- 230) us 
Pre-consensus latency = 0.0 (+/- 0) us 
Pos-consensus latency = 8776049.87112 (+/- 0) us 
Propose latency = 477.293602 (+/- 104) us 
Write latency = 705.209111 (+/- 213) us 
Accept latency = 1502.3888160000001 (+/- 166) us 
Batch average size = NaN (+/- 0) requests
LCMessage ByteCount = 135:5
TOMMessage ByteCount = 40147840:68548
StandardSMMessage ByteCount = 6337:20
ConsensusMessage ByteCount = 366306:8334
--- Measurements after 56000 ops (1000 samples) ---
Throughput = 4716.981 operations/sec (Maximum observed: 4784.689 ops/sec)
Total latency = 8939020.795474 (+/- 0) us 
Consensus latency = 2798.047718 (+/- 207) us 
Pre-consensus latency = 0.0 (+/- 0) us 
Pos-consensus latency = 8936545.749316 (+/- 0) us 
Propose latency = 492.06888 (+/- 85) us 
Write latency = 739.460118 (+/- 232) us 
Accept latency = 1566.51872 (+/- 123) us 
Batch average size = NaN (+/- 0) requests
LCMessage ByteCount = 162:6
TOMMessage ByteCount = 40147840:68548
StandardSMMessage ByteCount = 6337:20
ConsensusMessage ByteCount = 373302:8493
--- Measurements after 57000 ops (1000 samples) ---
Throughput = 4566.21 operations/sec (Maximum observed: 4784.689 ops/sec)
Total latency = 9099680.664038 (+/- 0) us 
Consensus latency = 4165.764035 (+/- 2070) us 
Pre-consensus latency = 0.0 (+/- 0) us 
Pos-consensus latency = 9095879.412555 (+/- 0) us 
Propose latency = 1390.858128 (+/- 1948) us 
Write latency = 1239.506804 (+/- 1331) us 
Accept latency = 1535.399103 (+/- 116) us 
Batch average size = NaN (+/- 0) requests
LCMessage ByteCount = 162:6
TOMMessage ByteCount = 40147840:68548
StandardSMMessage ByteCount = 6337:20
ConsensusMessage ByteCount = 380298:8652
--- Measurements after 58000 ops (1000 samples) ---
Throughput = 4587.156 operations/sec (Maximum observed: 4784.689 ops/sec)
Total latency = 9260262.305351 (+/- 0) us 
Consensus latency = 3086.115338 (+/- 356) us 
Pre-consensus latency = 0.0 (+/- 0) us 
Pos-consensus latency = 9257617.030048 (+/- 0) us 
Propose latency = 697.8162149999999 (+/- 314) us 
Write latency = 871.9046060000001 (+/- 269) us 
Accept latency = 1516.394517 (+/- 133) us 
Batch average size = NaN (+/- 0) requests
LCMessage ByteCount = 162:6
TOMMessage ByteCount = 40147840:68548
StandardSMMessage ByteCount = 6337:20
ConsensusMessage ByteCount = 387294:8811
--- Measurements after 59000 ops (1000 samples) ---
Throughput = 4524.8867 operations/sec (Maximum observed: 4784.689 ops/sec)
Total latency = 9422220.719628999 (+/- 0) us 
Consensus latency = 2785.147266 (+/- 260) us 
Pre-consensus latency = 0.0 (+/- 0) us 
Pos-consensus latency = 9419736.086021999 (+/- 0) us 
Propose latency = 435.880357 (+/- 76) us 
Write latency = 802.289975 (+/- 310) us 
Accept latency = 1546.9769339999998 (+/- 163) us 
Batch average size = NaN (+/- 0) requests
LCMessage ByteCount = 162:6
TOMMessage ByteCount = 40147840:68548
StandardSMMessage ByteCount = 6337:20
ConsensusMessage ByteCount = 394290:8970
--- Measurements after 60000 ops (1000 samples) ---
Throughput = 4716.981 operations/sec (Maximum observed: 4784.689 ops/sec)
Total latency = 9586068.00602 (+/- 0) us 
Consensus latency = 2800.130446 (+/- 247) us 
Pre-consensus latency = 0.0 (+/- 0) us 
Pos-consensus latency = 9583592.269083 (+/- 0) us 
Propose latency = 473.02238400000005 (+/- 86) us 
Write latency = 829.291662 (+/- 245) us 
Accept latency = 1497.8164 (+/- 171) us 
Batch average size = NaN (+/- 0) requests
LCMessage ByteCount = 162:6
TOMMessage ByteCount = 40147840:68548
StandardSMMessage ByteCount = 6337:20
ConsensusMessage ByteCount = 401814:9141
--- Measurements after 61000 ops (1000 samples) ---
Throughput = 4545.4546 operations/sec (Maximum observed: 4784.689 ops/sec)
Total latency = 9747422.444849001 (+/- 0) us 
Consensus latency = 3017.314113 (+/- 675) us 
Pre-consensus latency = 0.0 (+/- 0) us 
Pos-consensus latency = 9744733.728213 (+/- 0) us 
Propose latency = 508.17609899999997 (+/- 91) us 
Write latency = 839.62802 (+/- 208) us 
Accept latency = 1669.509994 (+/- 656) us 
Batch average size = NaN (+/- 0) requests
LCMessage ByteCount = 162:6
TOMMessage ByteCount = 40147840:68548
StandardSMMessage ByteCount = 6337:20
ConsensusMessage ByteCount = 408546:9294
--- Measurements after 62000 ops (1000 samples) ---
Throughput = 4587.156 operations/sec (Maximum observed: 4784.689 ops/sec)
Total latency = 9905805.288659 (+/- 0) us 
Consensus latency = 4885.929586 (+/- 2043) us 
Pre-consensus latency = 0.0 (+/- 0) us 
Pos-consensus latency = 9901969.352676 (+/- 0) us 
Propose latency = 2054.531374 (+/- 1679) us 
Write latency = 310.10546600000004 (+/- 288) us 
Accept latency = 2521.2927459999996 (+/- 1507) us 
Batch average size = NaN (+/- 0) requests
LCMessage ByteCount = 162:6
TOMMessage ByteCount = 40147840:68548
StandardSMMessage ByteCount = 6337:20
ConsensusMessage ByteCount = 414970:9440
--- Measurements after 63000 ops (1000 samples) ---
Throughput = 4739.3364 operations/sec (Maximum observed: 4784.689 ops/sec)
Total latency = 1.0065924439393999E7 (+/- 0) us 
Consensus latency = 3449.237429 (+/- 389) us 
Pre-consensus latency = 0.0 (+/- 0) us 
Pos-consensus latency = 1.0063427917934E7 (+/- 0) us 
Propose latency = 1223.59538 (+/- 279) us 
Write latency = 197.882904 (+/- 118) us 
Accept latency = 2027.759145 (+/- 222) us 
Batch average size = NaN (+/- 0) requests
LCMessage ByteCount = 162:6
TOMMessage ByteCount = 40147840:68548
StandardSMMessage ByteCount = 6337:20
ConsensusMessage ByteCount = 421966:9599
--- Measurements after 64000 ops (1000 samples) ---
Throughput = 4608.295 operations/sec (Maximum observed: 4784.689 ops/sec)
Total latency = 1.0227661560349E7 (+/- 0) us 
Consensus latency = 3198.797133 (+/- 304) us 
Pre-consensus latency = 0.0 (+/- 0) us 
Pos-consensus latency = 1.0225125400687E7 (+/- 0) us 
Propose latency = 933.0379819999999 (+/- 191) us 
Write latency = 456.822429 (+/- 330) us 
Accept latency = 1808.9367220000001 (+/- 399) us 
Batch average size = NaN (+/- 0) requests
LCMessage ByteCount = 162:6
TOMMessage ByteCount = 40147840:68548
StandardSMMessage ByteCount = 6337:20
ConsensusMessage ByteCount = 429006:9759
--- Measurements after 65000 ops (1000 samples) ---
Throughput = 4587.156 operations/sec (Maximum observed: 4784.689 ops/sec)
Total latency = 1.0388207957091998E7 (+/- 0) us 
Consensus latency = 2864.220315 (+/- 192) us 
Pre-consensus latency = 0.0 (+/- 0) us 
Pos-consensus latency = 1.0385697264558E7 (+/- 0) us 
Propose latency = 593.163781 (+/- 79) us 
Write latency = 744.906537 (+/- 195) us 
Accept latency = 1526.149997 (+/- 187) us 
Batch average size = NaN (+/- 0) requests
LCMessage ByteCount = 189:7
TOMMessage ByteCount = 40147840:68548
StandardSMMessage ByteCount = 6337:20
ConsensusMessage ByteCount = 435870:9915
--- Measurements after 66000 ops (1000 samples) ---
Throughput = 4587.156 operations/sec (Maximum observed: 4784.689 ops/sec)
Total latency = 1.0549190110023001E7 (+/- 0) us 
Consensus latency = 2952.4333420000003 (+/- 198) us 
Pre-consensus latency = 0.0 (+/- 0) us 
Pos-consensus latency = 1.0546592293082E7 (+/- 0) us 
Propose latency = 602.5843540000001 (+/- 43) us 
Write latency = 808.354273 (+/- 185) us 
Accept latency = 1541.494715 (+/- 191) us 
Batch average size = NaN (+/- 0) requests
LCMessage ByteCount = 189:7
TOMMessage ByteCount = 40147840:68548
StandardSMMessage ByteCount = 6337:20
ConsensusMessage ByteCount = 442866:10074
--- Measurements after 67000 ops (1000 samples) ---
Throughput = 4716.981 operations/sec (Maximum observed: 4784.689 ops/sec)
Total latency = 1.0708267073353E7 (+/- 0) us 
Consensus latency = 3266.7411660000002 (+/- 505) us 
Pre-consensus latency = 0.0 (+/- 0) us 
Pos-consensus latency = 1.0705486471437E7 (+/- 0) us 
Propose latency = 821.584529 (+/- 306) us 
Write latency = 926.1845209999999 (+/- 261) us 
Accept latency = 1518.972116 (+/- 162) us 
Batch average size = NaN (+/- 0) requests
LCMessage ByteCount = 189:7
TOMMessage ByteCount = 40147840:68548
StandardSMMessage ByteCount = 6337:20
ConsensusMessage ByteCount = 450258:10242
--- Measurements after 68000 ops (1000 samples) ---
Throughput = 4608.295 operations/sec (Maximum observed: 4784.689 ops/sec)
Total latency = 1.086629044283E7 (+/- 0) us 
Consensus latency = 3456.574486 (+/- 1762) us 
Pre-consensus latency = 0.0 (+/- 0) us 
Pos-consensus latency = 1.086322023549E7 (+/- 0) us 
Propose latency = 960.063757 (+/- 1063) us 
Write latency = 964.743226 (+/- 1650) us 
Accept latency = 1531.767503 (+/- 159) us 
Batch average size = NaN (+/- 0) requests
LCMessage ByteCount = 189:7
TOMMessage ByteCount = 40147840:68548
StandardSMMessage ByteCount = 6337:20
ConsensusMessage ByteCount = 457122:10398
--- Measurements after 69000 ops (1000 samples) ---
Throughput = 4587.156 operations/sec (Maximum observed: 4784.689 ops/sec)
Total latency = 1.1030268269428E7 (+/- 0) us 
Consensus latency = 2995.957489 (+/- 157) us 
Pre-consensus latency = 0.0 (+/- 0) us 
Pos-consensus latency = 1.1027617021729E7 (+/- 0) us 
Propose latency = 575.802444 (+/- 83) us 
Write latency = 809.553122 (+/- 216) us 
Accept latency = 1610.601923 (+/- 174) us 
Batch average size = NaN (+/- 0) requests
LCMessage ByteCount = 189:7
TOMMessage ByteCount = 40147840:68548
StandardSMMessage ByteCount = 6337:20
ConsensusMessage ByteCount = 464118:10557
--- Measurements after 70000 ops (1000 samples) ---
Throughput = 4587.156 operations/sec (Maximum observed: 4784.689 ops/sec)
Total latency = 1.119060405885E7 (+/- 0) us 
Consensus latency = 2921.419556 (+/- 146) us 
Pre-consensus latency = 0.0 (+/- 0) us 
Pos-consensus latency = 1.1188044276548E7 (+/- 0) us 
Propose latency = 573.52742 (+/- 105) us 
Write latency = 768.0481139999999 (+/- 216) us 
Accept latency = 1579.8440220000002 (+/- 185) us 
Batch average size = NaN (+/- 0) requests
LCMessage ByteCount = 189:7
TOMMessage ByteCount = 40147840:68548
StandardSMMessage ByteCount = 6337:20
ConsensusMessage ByteCount = 470982:10713
--- Measurements after 71000 ops (1000 samples) ---
Throughput = 4716.981 operations/sec (Maximum observed: 4784.689 ops/sec)
Total latency = 1.1353478302327E7 (+/- 0) us 
Consensus latency = 3096.673554 (+/- 692) us 
Pre-consensus latency = 0.0 (+/- 0) us 
Pos-consensus latency = 1.1350744828598E7 (+/- 0) us 
Propose latency = 572.350242 (+/- 84) us 
Write latency = 891.405538 (+/- 647) us 
Accept latency = 1632.917774 (+/- 207) us 
Batch average size = NaN (+/- 0) requests
LCMessage ByteCount = 189:7
TOMMessage ByteCount = 40147840:68548
StandardSMMessage ByteCount = 6337:20
ConsensusMessage ByteCount = 478594:10886
--- Measurements after 72000 ops (1000 samples) ---
Throughput = 4587.156 operations/sec (Maximum observed: 4784.689 ops/sec)
Total latency = 1.151143825882E7 (+/- 0) us 
Consensus latency = 3919.258841 (+/- 1043) us 
Pre-consensus latency = 0.0 (+/- 0) us 
Pos-consensus latency = 1.1507930406368999E7 (+/- 0) us 
Propose latency = 682.919855 (+/- 173) us 
Write latency = 1236.648933 (+/- 922) us 
Accept latency = 1999.690053 (+/- 158) us 
Batch average size = NaN (+/- 0) requests
LCMessage ByteCount = 189:7
TOMMessage ByteCount = 40147840:68548
StandardSMMessage ByteCount = 6337:20
ConsensusMessage ByteCount = 485502:11043
--- Measurements after 73000 ops (1000 samples) ---
Throughput = 4566.21 operations/sec (Maximum observed: 4784.689 ops/sec)
Total latency = 1.1668892026916001E7 (+/- 0) us 
Consensus latency = 3081.015412 (+/- 742) us 
Pre-consensus latency = 0.0 (+/- 0) us 
Pos-consensus latency = 1.1666152689756E7 (+/- 0) us 
Propose latency = 776.0369059999999 (+/- 825) us 
Write latency = 503.974965 (+/- 349) us 
Accept latency = 1801.003541 (+/- 221) us 
Batch average size = NaN (+/- 0) requests
LCMessage ByteCount = 189:7
TOMMessage ByteCount = 40147840:68548
StandardSMMessage ByteCount = 6337:20
ConsensusMessage ByteCount = 492454:11201
--- Measurements after 74000 ops (1000 samples) ---
Throughput = 4716.981 operations/sec (Maximum observed: 4784.689 ops/sec)
Total latency = 1.1831235097507E7 (+/- 0) us 
Consensus latency = 2907.784199 (+/- 307) us 
Pre-consensus latency = 0.0 (+/- 0) us 
Pos-consensus latency = 1.1828645060117E7 (+/- 0) us 
Propose latency = 516.229372 (+/- 103) us 
Write latency = 783.514587 (+/- 294) us 
Accept latency = 1608.04024 (+/- 163) us 
Batch average size = NaN (+/- 0) requests
LCMessage ByteCount = 189:7
TOMMessage ByteCount = 40147840:68548
StandardSMMessage ByteCount = 6337:20
ConsensusMessage ByteCount = 499450:11360
--- Measurements after 75000 ops (1000 samples) ---
Throughput = 4566.21 operations/sec (Maximum observed: 4784.689 ops/sec)
Total latency = 1.1995169767858E7 (+/- 0) us 
Consensus latency = 2780.30357 (+/- 188) us 
Pre-consensus latency = 0.0 (+/- 0) us 
Pos-consensus latency = 1.199271770138E7 (+/- 0) us 
Propose latency = 581.692022 (+/- 75) us 
Write latency = 600.779735 (+/- 137) us 
Accept latency = 1597.831813 (+/- 210) us 
Batch average size = NaN (+/- 0) requests
LCMessage ByteCount = 216:8
TOMMessage ByteCount = 40147840:68548
StandardSMMessage ByteCount = 6337:20
ConsensusMessage ByteCount = 506842:11528
--- Measurements after 76000 ops (1000 samples) ---
Throughput = 4587.156 operations/sec (Maximum observed: 4784.689 ops/sec)
Total latency = 1.2156096005899E7 (+/- 0) us 
Consensus latency = 2774.942486 (+/- 180) us 
Pre-consensus latency = 0.0 (+/- 0) us 
Pos-consensus latency = 1.2153667066954E7 (+/- 0) us 
Propose latency = 581.9731770000001 (+/- 91) us 
Write latency = 640.9776119999999 (+/- 191) us 
Accept latency = 1551.991697 (+/- 139) us 
Batch average size = NaN (+/- 0) requests
LCMessage ByteCount = 216:8
TOMMessage ByteCount = 40147840:68548
StandardSMMessage ByteCount = 6337:20
ConsensusMessage ByteCount = 513882:11688
--- Measurements after 77000 ops (1000 samples) ---
Throughput = 4587.156 operations/sec (Maximum observed: 4784.689 ops/sec)
Total latency = 1.2315107484431999E7 (+/- 0) us 
Consensus latency = 2863.973407 (+/- 361) us 
Pre-consensus latency = 0.0 (+/- 0) us 
Pos-consensus latency = 1.2312585559466999E7 (+/- 0) us 
Propose latency = 562.752794 (+/- 57) us 
Write latency = 762.766248 (+/- 323) us 
Accept latency = 1538.454365 (+/- 232) us 
Batch average size = NaN (+/- 0) requests
LCMessage ByteCount = 216:8
TOMMessage ByteCount = 40147840:68548
StandardSMMessage ByteCount = 6337:20
ConsensusMessage ByteCount = 520614:11841
--- Measurements after 78000 ops (1000 samples) ---
Throughput = 4716.981 operations/sec (Maximum observed: 4784.689 ops/sec)
Total latency = 1.247597947606E7 (+/- 0) us 
Consensus latency = 2965.249765 (+/- 229) us 
Pre-consensus latency = 0.0 (+/- 0) us 
Pos-consensus latency = 1.2473388468703E7 (+/- 0) us 
Propose latency = 624.391851 (+/- 126) us 
Write latency = 767.079234 (+/- 203) us 
Accept latency = 1573.77868 (+/- 220) us 
Batch average size = NaN (+/- 0) requests
LCMessage ByteCount = 216:8
TOMMessage ByteCount = 40147840:68548
StandardSMMessage ByteCount = 6337:20
ConsensusMessage ByteCount = 527742:12003
--- Measurements after 79000 ops (1000 samples) ---
Throughput = 4587.156 operations/sec (Maximum observed: 4784.689 ops/sec)
Total latency = 1.2635608458206E7 (+/- 0) us 
Consensus latency = 2859.3319610000003 (+/- 1334) us 
Pre-consensus latency = 0.0 (+/- 0) us 
Pos-consensus latency = 1.2633070052133E7 (+/- 0) us 
Propose latency = 971.4798619999999 (+/- 1407) us 
Write latency = 348.114089 (+/- 342) us 
Accept latency = 1539.73801 (+/- 118) us 
Batch average size = NaN (+/- 0) requests
LCMessage ByteCount = 216:8
TOMMessage ByteCount = 40147840:68548
StandardSMMessage ByteCount = 6337:20
ConsensusMessage ByteCount = 534958:12167
--- Measurements after 80000 ops (1000 samples) ---
Throughput = 4587.156 operations/sec (Maximum observed: 4784.689 ops/sec)
Total latency = 1.2798031152956E7 (+/- 0) us 
Consensus latency = 2764.3914210000003 (+/- 320) us 
Pre-consensus latency = 0.0 (+/- 0) us 
Pos-consensus latency = 1.2795600290055001E7 (+/- 0) us 
Propose latency = 566.9218510000001 (+/- 93) us 
Write latency = 755.989286 (+/- 224) us 
Accept latency = 1441.480284 (+/- 226) us 
Batch average size = NaN (+/- 0) requests
LCMessage ByteCount = 216:8
TOMMessage ByteCount = 40147840:68548
StandardSMMessage ByteCount = 6337:20
ConsensusMessage ByteCount = 541954:12326
--- Measurements after 81000 ops (1000 samples) ---
Throughput = 4566.21 operations/sec (Maximum observed: 4784.689 ops/sec)
Total latency = 1.2958571671469E7 (+/- 0) us 
Consensus latency = 2851.720213 (+/- 246) us 
Pre-consensus latency = 0.0 (+/- 0) us 
Pos-consensus latency = 1.2956078043075E7 (+/- 0) us 
Propose latency = 658.1526729999999 (+/- 139) us 
Write latency = 730.7329279999999 (+/- 251) us 
Accept latency = 1462.8346119999999 (+/- 215) us 
Batch average size = NaN (+/- 0) requests
LCMessage ByteCount = 216:8
TOMMessage ByteCount = 40147840:68548
StandardSMMessage ByteCount = 6337:20
ConsensusMessage ByteCount = 548862:12483
--- Measurements after 82000 ops (1000 samples) ---
Throughput = 4694.8354 operations/sec (Maximum observed: 4784.689 ops/sec)
Total latency = 1.3122625514973E7 (+/- 0) us 
Consensus latency = 2837.077741 (+/- 282) us 
Pre-consensus latency = 0.0 (+/- 0) us 
Pos-consensus latency = 1.3120132618895E7 (+/- 0) us 
Propose latency = 580.295404 (+/- 98) us 
Write latency = 708.70978 (+/- 204) us 
Accept latency = 1548.072557 (+/- 201) us 
Batch average size = NaN (+/- 0) requests
LCMessage ByteCount = 216:8
TOMMessage ByteCount = 40147840:68548
StandardSMMessage ByteCount = 6337:20
ConsensusMessage ByteCount = 556342:12653
--- Measurements after 83000 ops (1000 samples) ---
Throughput = 4566.21 operations/sec (Maximum observed: 4784.689 ops/sec)
Total latency = 1.3283117848423E7 (+/- 0) us 
Consensus latency = 2881.575104 (+/- 267) us 
Pre-consensus latency = 0.0 (+/- 0) us 
Pos-consensus latency = 1.3280636517858E7 (+/- 0) us 
Propose latency = 763.580821 (+/- 341) us 
Write latency = 557.2928340000001 (+/- 335) us 
Accept latency = 1560.701449 (+/- 98) us 
Batch average size = NaN (+/- 0) requests
LCMessage ByteCount = 216:8
TOMMessage ByteCount = 40147840:68548
StandardSMMessage ByteCount = 6337:20
ConsensusMessage ByteCount = 563514:12816
--- Measurements after 84000 ops (1000 samples) ---
Throughput = 4587.156 operations/sec (Maximum observed: 4784.689 ops/sec)
Total latency = 1.3441193018447E7 (+/- 0) us 
Consensus latency = 2823.073214 (+/- 1324) us 
Pre-consensus latency = 0.0 (+/- 0) us 
Pos-consensus latency = 1.3438700011961E7 (+/- 0) us 
Propose latency = 965.977555 (+/- 1354) us 
Write latency = 276.75150099999996 (+/- 221) us 
Accept latency = 1580.344158 (+/- 57) us 
Batch average size = NaN (+/- 0) requests
LCMessage ByteCount = 243:9
TOMMessage ByteCount = 40147840:68548
StandardSMMessage ByteCount = 6337:20
ConsensusMessage ByteCount = 570510:12975
-- Performing checkpoint for consensus 1023
--- Measurements after 85000 ops (1000 samples) ---
Throughput = 3300.33 operations/sec (Maximum observed: 4784.689 ops/sec)
Total latency = 1.3646595628463E7 (+/- 0) us 
Consensus latency = 2712.4827429999996 (+/- 212) us 
Pre-consensus latency = 0.0 (+/- 0) us 
Pos-consensus latency = 1.3644227066596001E7 (+/- 0) us 
Propose latency = 590.7406119999999 (+/- 56) us 
Write latency = 624.5480729999999 (+/- 141) us 
Accept latency = 1497.194058 (+/- 179) us 
Batch average size = 45846.0 (+/- 0) requests
LCMessage ByteCount = 243:9
TOMMessage ByteCount = 40147840:68548
StandardSMMessage ByteCount = 6337:20
ConsensusMessage ByteCount = 580542:13203
--- Measurements after 86000 ops (1000 samples) ---
Throughput = 4716.981 operations/sec (Maximum observed: 4784.689 ops/sec)
Total latency = 1.3853236531304E7 (+/- 0) us 
Consensus latency = 2771.901248 (+/- 159) us 
Pre-consensus latency = 0.0 (+/- 0) us 
Pos-consensus latency = 1.3850808270406999E7 (+/- 0) us 
Propose latency = 587.388526 (+/- 61) us 
Write latency = 631.773908 (+/- 157) us 
Accept latency = 1552.738814 (+/- 130) us 
Batch average size = NaN (+/- 0) requests
LCMessage ByteCount = 243:9
TOMMessage ByteCount = 40147840:68548
StandardSMMessage ByteCount = 6337:20
ConsensusMessage ByteCount = 587802:13368
--- Measurements after 87000 ops (1000 samples) ---
Throughput = 4464.2856 operations/sec (Maximum observed: 4784.689 ops/sec)
Total latency = 1.4018211553179001E7 (+/- 0) us 
Consensus latency = 2874.962704 (+/- 232) us 
Pre-consensus latency = 0.0 (+/- 0) us 
Pos-consensus latency = 1.4015693184499001E7 (+/- 0) us 
Propose latency = 574.686605 (+/- 71) us 
Write latency = 669.677912 (+/- 238) us 
Accept latency = 1630.5981869999998 (+/- 134) us 
Batch average size = NaN (+/- 0) requests
LCMessage ByteCount = 243:9
TOMMessage ByteCount = 40147840:68548
StandardSMMessage ByteCount = 6337:20
ConsensusMessage ByteCount = 595722:13548
--- Measurements after 88000 ops (1000 samples) ---
Throughput = 4524.8867 operations/sec (Maximum observed: 4784.689 ops/sec)
Total latency = 1.4181259212589001E7 (+/- 0) us 
Consensus latency = 2880.238034 (+/- 163) us 
Pre-consensus latency = 0.0 (+/- 0) us 
Pos-consensus latency = 1.4178740578295E7 (+/- 0) us 
Propose latency = 600.0685679999999 (+/- 100) us 
Write latency = 647.1956 (+/- 212) us 
Accept latency = 1632.9738659999998 (+/- 155) us 
Batch average size = NaN (+/- 0) requests
LCMessage ByteCount = 243:9
TOMMessage ByteCount = 40147840:68548
StandardSMMessage ByteCount = 6337:20
ConsensusMessage ByteCount = 603114:13716
--- Measurements after 89000 ops (1000 samples) ---
Throughput = 4694.8354 operations/sec (Maximum observed: 4784.689 ops/sec)
Total latency = 1.4342368440736E7 (+/- 0) us 
Consensus latency = 3353.4067880000002 (+/- 1078) us 
Pre-consensus latency = 0.0 (+/- 0) us 
Pos-consensus latency = 1.4339444405228E7 (+/- 0) us 
Propose latency = 1044.429203 (+/- 1128) us 
Write latency = 613.881141 (+/- 350) us 
Accept latency = 1695.0964439999998 (+/- 145) us 
Batch average size = NaN (+/- 0) requests
LCMessage ByteCount = 243:9
TOMMessage ByteCount = 40147840:68548
StandardSMMessage ByteCount = 6337:20
ConsensusMessage ByteCount = 610198:13877
--- Measurements after 90000 ops (1000 samples) ---
Throughput = 4545.4546 operations/sec (Maximum observed: 4784.689 ops/sec)
Total latency = 1.4509757166051E7 (+/- 0) us 
Consensus latency = 2793.029427 (+/- 288) us 
Pre-consensus latency = 0.0 (+/- 0) us 
Pos-consensus latency = 1.4507290357009001E7 (+/- 0) us 
Propose latency = 489.52774300000004 (+/- 88) us 
Write latency = 810.018533 (+/- 351) us 
Accept latency = 1493.4831510000001 (+/- 99) us 
Batch average size = NaN (+/- 0) requests
LCMessage ByteCount = 243:9
TOMMessage ByteCount = 40147840:68548
StandardSMMessage ByteCount = 6337:20
ConsensusMessage ByteCount = 617898:14052
--- Measurements after 91000 ops (1000 samples) ---
Throughput = 4545.4546 operations/sec (Maximum observed: 4784.689 ops/sec)
Total latency = 1.4671218633198E7 (+/- 0) us 
Consensus latency = 2871.002941 (+/- 289) us 
Pre-consensus latency = 0.0 (+/- 0) us 
Pos-consensus latency = 1.4668674105489E7 (+/- 0) us 
Propose latency = 513.671552 (+/- 98) us 
Write latency = 766.343773 (+/- 227) us 
Accept latency = 1590.987616 (+/- 165) us 
Batch average size = NaN (+/- 0) requests
LCMessage ByteCount = 243:9
TOMMessage ByteCount = 40147840:68548
StandardSMMessage ByteCount = 6337:20
ConsensusMessage ByteCount = 625378:14222
--- Measurements after 92000 ops (1000 samples) ---
Throughput = 4694.8354 operations/sec (Maximum observed: 4784.689 ops/sec)
Total latency = 1.4831594333223E7 (+/- 0) us 
Consensus latency = 2862.430168 (+/- 243) us 
Pre-consensus latency = 0.0 (+/- 0) us 
Pos-consensus latency = 1.4829062303709999E7 (+/- 0) us 
Propose latency = 533.598431 (+/- 80) us 
Write latency = 737.593344 (+/- 216) us 
Accept latency = 1591.2383929999999 (+/- 117) us 
Batch average size = NaN (+/- 0) requests
LCMessage ByteCount = 243:9
TOMMessage ByteCount = 40147840:68548
StandardSMMessage ByteCount = 6337:20
ConsensusMessage ByteCount = 632638:14387
--- Measurements after 93000 ops (1000 samples) ---
Throughput = 4566.21 operations/sec (Maximum observed: 4784.689 ops/sec)
Total latency = 1.4994841613153E7 (+/- 0) us 
Consensus latency = 2733.178508 (+/- 190) us 
Pre-consensus latency = 0.0 (+/- 0) us 
Pos-consensus latency = 1.4992479900757E7 (+/- 0) us 
Propose latency = 618.4376530000001 (+/- 45) us 
Write latency = 599.401614 (+/- 134) us 
Accept latency = 1515.339241 (+/- 194) us 
Batch average size = NaN (+/- 0) requests
LCMessage ByteCount = 270:10
TOMMessage ByteCount = 40147840:68548
StandardSMMessage ByteCount = 6337:20
ConsensusMessage ByteCount = 640206:14559
--- Measurements after 94000 ops (1000 samples) ---
Throughput = 4524.8867 operations/sec (Maximum observed: 4784.689 ops/sec)
Total latency = 1.5155375146367E7 (+/- 0) us 
Consensus latency = 2889.542382 (+/- 454) us 
Pre-consensus latency = 0.0 (+/- 0) us 
Pos-consensus latency = 1.5152913549719999E7 (+/- 0) us 
Propose latency = 750.938177 (+/- 258) us 
Write latency = 591.409492 (+/- 270) us 
Accept latency = 1547.194713 (+/- 156) us 
Batch average size = NaN (+/- 0) requests
LCMessage ByteCount = 270:10
TOMMessage ByteCount = 40147840:68548
StandardSMMessage ByteCount = 6337:20
ConsensusMessage ByteCount = 648038:14737
--- Measurements after 95000 ops (1000 samples) ---
Throughput = 4566.21 operations/sec (Maximum observed: 4784.689 ops/sec)
Total latency = 1.531488063436E7 (+/- 0) us 
Consensus latency = 3232.4875070000003 (+/- 2325) us 
Pre-consensus latency = 0.0 (+/- 0) us 
Pos-consensus latency = 1.531196951917E7 (+/- 0) us 
Propose latency = 833.765387 (+/- 851) us 
Write latency = 266.554444 (+/- 212) us 
Accept latency = 2132.167676 (+/- 2164) us 
Batch average size = NaN (+/- 0) requests
LCMessage ByteCount = 270:10
TOMMessage ByteCount = 40147840:68548
StandardSMMessage ByteCount = 6337:20
ConsensusMessage ByteCount = 655122:14898
--- Measurements after 96000 ops (1000 samples) ---
Throughput = 4716.981 operations/sec (Maximum observed: 4784.689 ops/sec)
Total latency = 1.5482889523351E7 (+/- 0) us 
Consensus latency = 2918.9063659999997 (+/- 270) us 
Pre-consensus latency = 0.0 (+/- 0) us 
Pos-consensus latency = 1.5480293774674999E7 (+/- 0) us 
Propose latency = 566.147547 (+/- 113) us 
Write latency = 864.753377 (+/- 310) us 
Accept latency = 1488.0054420000001 (+/- 219) us 
Batch average size = NaN (+/- 0) requests
LCMessage ByteCount = 270:10
TOMMessage ByteCount = 40147840:68548
StandardSMMessage ByteCount = 6337:20
ConsensusMessage ByteCount = 662338:15062
--- Measurements after 97000 ops (1000 samples) ---
Throughput = 4545.4546 operations/sec (Maximum observed: 4784.689 ops/sec)
Total latency = 1.5647034897962E7 (+/- 0) us 
Consensus latency = 2894.772755 (+/- 194) us 
Pre-consensus latency = 0.0 (+/- 0) us 
Pos-consensus latency = 1.5644487446415002E7 (+/- 0) us 
Propose latency = 566.199762 (+/- 56) us 
Write latency = 724.909931 (+/- 175) us 
Accept latency = 1603.6630619999999 (+/- 137) us 
Batch average size = NaN (+/- 0) requests
LCMessage ByteCount = 270:10
TOMMessage ByteCount = 40147840:68548
StandardSMMessage ByteCount = 6337:20
ConsensusMessage ByteCount = 669598:15227
--- Measurements after 98000 ops (1000 samples) ---
Throughput = 4545.4546 operations/sec (Maximum observed: 4784.689 ops/sec)
Total latency = 1.5810717276827E7 (+/- 0) us 
Consensus latency = 2798.504394 (+/- 305) us 
Pre-consensus latency = 0.0 (+/- 0) us 
Pos-consensus latency = 1.5808253005743E7 (+/- 0) us 
Propose latency = 587.187344 (+/- 50) us 
Write latency = 689.837312 (+/- 241) us 
Accept latency = 1521.479738 (+/- 151) us 
Batch average size = NaN (+/- 0) requests
LCMessage ByteCount = 270:10
TOMMessage ByteCount = 40147840:68548
StandardSMMessage ByteCount = 6337:20
ConsensusMessage ByteCount = 677298:15402
--- Measurements after 99000 ops (1000 samples) ---
Throughput = 4716.981 operations/sec (Maximum observed: 4784.689 ops/sec)
Total latency = 1.5971912166798001E7 (+/- 0) us 
Consensus latency = 2771.9156669999998 (+/- 157) us 
Pre-consensus latency = 0.0 (+/- 0) us 
Pos-consensus latency = 1.5969495319068002E7 (+/- 0) us 
Propose latency = 635.421692 (+/- 144) us 
Write latency = 632.025873 (+/- 127) us 
Accept latency = 1504.468102 (+/- 119) us 
Batch average size = NaN (+/- 0) requests
LCMessage ByteCount = 270:10
TOMMessage ByteCount = 40147840:68548
StandardSMMessage ByteCount = 6337:20
ConsensusMessage ByteCount = 684294:15561
--- Measurements after 100000 ops (1000 samples) ---
Throughput = 4464.2856 operations/sec (Maximum observed: 4784.689 ops/sec)
Total latency = 1.6131538124435E7 (+/- 0) us 
Consensus latency = 3080.5386519999997 (+/- 1012) us 
Pre-consensus latency = 0.0 (+/- 0) us 
Pos-consensus latency = 1.6128967621337999E7 (+/- 0) us 
Propose latency = 1168.316662 (+/- 969) us 
Write latency = 416.300953 (+/- 304) us 
Accept latency = 1495.921037 (+/- 109) us 
Batch average size = NaN (+/- 0) requests
LCMessage ByteCount = 270:10
TOMMessage ByteCount = 40147840:68548
StandardSMMessage ByteCount = 6337:20
ConsensusMessage ByteCount = 691686:15729
--- Measurements after 101000 ops (1000 samples) ---
Throughput = 4405.286 operations/sec (Maximum observed: 4784.689 ops/sec)
Total latency = 1.6304273966544E7 (+/- 0) us 
Consensus latency = 2926.601963 (+/- 353) us 
Pre-consensus latency = 0.0 (+/- 0) us 
Pos-consensus latency = 1.6301706679235E7 (+/- 0) us 
Propose latency = 599.558855 (+/- 50) us 
Write latency = 805.6502399999999 (+/- 334) us 
Accept latency = 1521.392868 (+/- 102) us 
Batch average size = NaN (+/- 0) requests
LCMessage ByteCount = 270:10
TOMMessage ByteCount = 40147840:68548
StandardSMMessage ByteCount = 6337:20
ConsensusMessage ByteCount = 699870:15915
--- Measurements after 102000 ops (1000 samples) ---
Throughput = 4545.4546 operations/sec (Maximum observed: 4784.689 ops/sec)
Total latency = 1.6470555016207E7 (+/- 0) us 
Consensus latency = 2744.547384 (+/- 234) us 
Pre-consensus latency = 0.0 (+/- 0) us 
Pos-consensus latency = 1.6468136424678E7 (+/- 0) us 
Propose latency = 570.061996 (+/- 57) us 
Write latency = 672.101632 (+/- 282) us 
Accept latency = 1502.383756 (+/- 136) us 
Batch average size = NaN (+/- 0) requests
LCMessage ByteCount = 297:11
TOMMessage ByteCount = 40147840:68548
StandardSMMessage ByteCount = 6337:20
ConsensusMessage ByteCount = 706866:16074
--- Measurements after 103000 ops (1000 samples) ---
Throughput = 4694.8354 operations/sec (Maximum observed: 4784.689 ops/sec)
Total latency = 1.6633461808942E7 (+/- 0) us 
Consensus latency = 2928.161301 (+/- 177) us 
Pre-consensus latency = 0.0 (+/- 0) us 
Pos-consensus latency = 1.6630886629278E7 (+/- 0) us 
Propose latency = 608.28995 (+/- 69) us 
Write latency = 822.159222 (+/- 201) us 
Accept latency = 1497.712129 (+/- 147) us 
Batch average size = NaN (+/- 0) requests
LCMessage ByteCount = 297:11
TOMMessage ByteCount = 40147840:68548
StandardSMMessage ByteCount = 6337:20
ConsensusMessage ByteCount = 713862:16233
--- Measurements after 104000 ops (1000 samples) ---
Throughput = 4587.156 operations/sec (Maximum observed: 4784.689 ops/sec)
Total latency = 1.6794667931044E7 (+/- 0) us 
Consensus latency = 2812.221237 (+/- 245) us 
Pre-consensus latency = 0.0 (+/- 0) us 
Pos-consensus latency = 1.6792204720233E7 (+/- 0) us 
Propose latency = 570.690206 (+/- 49) us 
Write latency = 658.347935 (+/- 186) us 
Accept latency = 1583.183096 (+/- 194) us 
Batch average size = NaN (+/- 0) requests
LCMessage ByteCount = 297:11
TOMMessage ByteCount = 40147840:68548
StandardSMMessage ByteCount = 6337:20
ConsensusMessage ByteCount = 721078:16397
--- Measurements after 105000 ops (1000 samples) ---
Throughput = 4587.156 operations/sec (Maximum observed: 4784.689 ops/sec)
Total latency = 1.6952741389803E7 (+/- 0) us 
Consensus latency = 3103.456312 (+/- 808) us 
Pre-consensus latency = 0.0 (+/- 0) us 
Pos-consensus latency = 1.6950043190714E7 (+/- 0) us 
Propose latency = 890.4251409999999 (+/- 871) us 
Write latency = 741.62405 (+/- 269) us 
Accept latency = 1471.407121 (+/- 144) us 
Batch average size = NaN (+/- 0) requests
LCMessage ByteCount = 297:11
TOMMessage ByteCount = 40147840:68548
StandardSMMessage ByteCount = 6337:20
ConsensusMessage ByteCount = 728514:16566
--- Measurements after 106000 ops (1000 samples) ---
Throughput = 4587.156 operations/sec (Maximum observed: 4784.689 ops/sec)
Total latency = 1.7112183817461E7 (+/- 0) us 
Consensus latency = 2623.582091 (+/- 362) us 
Pre-consensus latency = 0.0 (+/- 0) us 
Pos-consensus latency = 1.7109900292936E7 (+/- 0) us 
Propose latency = 550.158608 (+/- 69) us 
Write latency = 490.328468 (+/- 358) us 
Accept latency = 1583.0950149999999 (+/- 155) us 
Batch average size = NaN (+/- 0) requests
LCMessage ByteCount = 297:11
TOMMessage ByteCount = 40147840:68548
StandardSMMessage ByteCount = 6337:20
ConsensusMessage ByteCount = 735378:16722
--- Measurements after 107000 ops (1000 samples) ---
Throughput = 4694.8354 operations/sec (Maximum observed: 4784.689 ops/sec)
Total latency = 1.7277309146275003E7 (+/- 0) us 
Consensus latency = 2876.85698 (+/- 176) us 
Pre-consensus latency = 0.0 (+/- 0) us 
Pos-consensus latency = 1.7274764281294E7 (+/- 0) us 
Propose latency = 576.115775 (+/- 80) us 
Write latency = 761.76111 (+/- 115) us 
Accept latency = 1538.980095 (+/- 99) us 
Batch average size = NaN (+/- 0) requests
LCMessage ByteCount = 297:11
TOMMessage ByteCount = 40147840:68548
StandardSMMessage ByteCount = 6337:20
ConsensusMessage ByteCount = 742506:16884
--- Measurements after 108000 ops (1000 samples) ---
Throughput = 4566.21 operations/sec (Maximum observed: 4784.689 ops/sec)
Total latency = 1.7440004373529E7 (+/- 0) us 
Consensus latency = 2712.079323 (+/- 207) us 
Pre-consensus latency = 0.0 (+/- 0) us 
Pos-consensus latency = 1.7437639670179002E7 (+/- 0) us 
Propose latency = 589.760549 (+/- 62) us 
Write latency = 624.103494 (+/- 267) us 
Accept latency = 1498.2152800000001 (+/- 142) us 
Batch average size = NaN (+/- 0) requests
LCMessage ByteCount = 297:11
TOMMessage ByteCount = 40147840:68548
StandardSMMessage ByteCount = 6337:20
ConsensusMessage ByteCount = 750162:17058
--- Measurements after 109000 ops (1000 samples) ---
Throughput = 4629.6294 operations/sec (Maximum observed: 4784.689 ops/sec)
Total latency = 1.760043769984E7 (+/- 0) us 
Consensus latency = 2717.7122200000003 (+/- 333) us 
Pre-consensus latency = 0.0 (+/- 0) us 
Pos-consensus latency = 1.7598066733926997E7 (+/- 0) us 
Propose latency = 559.581422 (+/- 83) us 
Write latency = 690.259433 (+/- 329) us 
Accept latency = 1467.871365 (+/- 170) us 
Batch average size = NaN (+/- 0) requests
LCMessage ByteCount = 297:11
TOMMessage ByteCount = 40147840:68548
StandardSMMessage ByteCount = 6337:20
ConsensusMessage ByteCount = 758082:17238
--- Measurements after 110000 ops (1000 samples) ---
Throughput = 4629.6294 operations/sec (Maximum observed: 4784.689 ops/sec)
Total latency = 1.7760728062977E7 (+/- 0) us 
Consensus latency = 2788.4395750000003 (+/- 274) us 
Pre-consensus latency = 0.0 (+/- 0) us 
Pos-consensus latency = 1.7758332683927E7 (+/- 0) us 
Propose latency = 642.243838 (+/- 224) us 
Write latency = 686.5821559999999 (+/- 193) us 
Accept latency = 1459.613581 (+/- 218) us 
Batch average size = NaN (+/- 0) requests
LCMessage ByteCount = 297:11
TOMMessage ByteCount = 40147840:68548
StandardSMMessage ByteCount = 6337:20
ConsensusMessage ByteCount = 765606:17409
--- Measurements after 111000 ops (1000 samples) ---
Throughput = 4739.3364 operations/sec (Maximum observed: 4784.689 ops/sec)
Total latency = 1.7917247387215E7 (+/- 0) us 
Consensus latency = 3216.789128 (+/- 2046) us 
Pre-consensus latency = 0.0 (+/- 0) us 
Pos-consensus latency = 1.7914377112884E7 (+/- 0) us 
Propose latency = 922.7598889999999 (+/- 1328) us 
Write latency = 330.48138900000004 (+/- 264) us 
Accept latency = 1963.5478500000002 (+/- 1540) us 
Batch average size = NaN (+/- 0) requests
LCMessage ByteCount = 324:12
TOMMessage ByteCount = 40147840:68548
StandardSMMessage ByteCount = 6337:20
ConsensusMessage ByteCount = 772866:17574
--- Measurements after 112000 ops (1000 samples) ---
Throughput = 4587.156 operations/sec (Maximum observed: 4784.689 ops/sec)
Total latency = 1.8082424191427E7 (+/- 0) us 
Consensus latency = 2645.033412 (+/- 192) us 
Pre-consensus latency = 0.0 (+/- 0) us 
Pos-consensus latency = 1.8080139941532E7 (+/- 0) us 
Propose latency = 641.27932 (+/- 63) us 
Write latency = 579.5058959999999 (+/- 201) us 
Accept latency = 1424.248196 (+/- 138) us 
Batch average size = NaN (+/- 0) requests
LCMessage ByteCount = 324:12
TOMMessage ByteCount = 40147840:68548
StandardSMMessage ByteCount = 6337:20
ConsensusMessage ByteCount = 780390:17745
--- Measurements after 113000 ops (1000 samples) ---
Throughput = 4608.295 operations/sec (Maximum observed: 4784.689 ops/sec)
Total latency = 1.8242599981478002E7 (+/- 0) us 
Consensus latency = 2630.24983 (+/- 208) us 
Pre-consensus latency = 0.0 (+/- 0) us 
Pos-consensus latency = 1.8240328080911E7 (+/- 0) us 
Propose latency = 629.1188020000001 (+/- 72) us 
Write latency = 504.647574 (+/- 233) us 
Accept latency = 1496.483454 (+/- 84) us 
Batch average size = NaN (+/- 0) requests
LCMessage ByteCount = 324:12
TOMMessage ByteCount = 40147840:68548
StandardSMMessage ByteCount = 6337:20
ConsensusMessage ByteCount = 788442:17928
--- Measurements after 114000 ops (1000 samples) ---
Throughput = 4629.6294 operations/sec (Maximum observed: 4784.689 ops/sec)
Total latency = 1.8403796000957E7 (+/- 0) us 
Consensus latency = 2460.8085720000004 (+/- 225) us 
Pre-consensus latency = 0.0 (+/- 0) us 
Pos-consensus latency = 1.8401674986453E7 (+/- 0) us 
Propose latency = 569.135622 (+/- 76) us 
Write latency = 366.46761599999996 (+/- 246) us 
Accept latency = 1525.205334 (+/- 159) us 
Batch average size = NaN (+/- 0) requests
LCMessage ByteCount = 324:12
TOMMessage ByteCount = 40147840:68548
StandardSMMessage ByteCount = 6337:20
ConsensusMessage ByteCount = 796450:18110
--- Measurements after 115000 ops (1000 samples) ---
Throughput = 4739.3364 operations/sec (Maximum observed: 4784.689 ops/sec)
Total latency = 1.8564501081768002E7 (+/- 0) us 
Consensus latency = 2356.004817 (+/- 249) us 
Pre-consensus latency = 0.0 (+/- 0) us 
Pos-consensus latency = 1.8562473709868E7 (+/- 0) us 
Propose latency = 537.760377 (+/- 56) us 
Write latency = 514.032542 (+/- 186) us 
Accept latency = 1304.211898 (+/- 189) us 
Batch average size = NaN (+/- 0) requests
LCMessage ByteCount = 324:12
TOMMessage ByteCount = 40147840:68548
StandardSMMessage ByteCount = 6337:20
ConsensusMessage ByteCount = 803842:18278
--- Measurements after 116000 ops (1000 samples) ---
Throughput = 4587.156 operations/sec (Maximum observed: 4784.689 ops/sec)
Total latency = 1.8721373557137E7 (+/- 0) us 
Consensus latency = 2799.9130499999997 (+/- 956) us 
Pre-consensus latency = 0.0 (+/- 0) us 
Pos-consensus latency = 1.8719009934632998E7 (+/- 0) us 
Propose latency = 1140.938103 (+/- 976) us 
Write latency = 297.728205 (+/- 283) us 
Accept latency = 1361.246742 (+/- 163) us 
Batch average size = NaN (+/- 0) requests
LCMessage ByteCount = 324:12
TOMMessage ByteCount = 40147840:68548
StandardSMMessage ByteCount = 6337:20
ConsensusMessage ByteCount = 811058:18442
--- Measurements after 117000 ops (1000 samples) ---
Throughput = 4545.4546 operations/sec (Maximum observed: 4784.689 ops/sec)
Total latency = 1.8885920932108E7 (+/- 0) us 
Consensus latency = 2437.420767 (+/- 296) us 
Pre-consensus latency = 0.0 (+/- 0) us 
Pos-consensus latency = 1.8883803669465E7 (+/- 0) us 
Propose latency = 532.1852299999999 (+/- 81) us 
Write latency = 532.52304 (+/- 247) us 
Accept latency = 1372.712497 (+/- 216) us 
Batch average size = NaN (+/- 0) requests
LCMessage ByteCount = 324:12
TOMMessage ByteCount = 40147840:68548
StandardSMMessage ByteCount = 6337:20
ConsensusMessage ByteCount = 818758:18617
--- Measurements after 118000 ops (1000 samples) ---
Throughput = 4608.295 operations/sec (Maximum observed: 4784.689 ops/sec)
Total latency = 1.9046473964036E7 (+/- 0) us 
Consensus latency = 2758.642164 (+/- 330) us 
Pre-consensus latency = 0.0 (+/- 0) us 
Pos-consensus latency = 1.9044049434743E7 (+/- 0) us 
Propose latency = 550.8515570000001 (+/- 70) us 
Write latency = 723.779294 (+/- 199) us 
Accept latency = 1484.011313 (+/- 247) us 
Batch average size = NaN (+/- 0) requests
LCMessage ByteCount = 324:12
TOMMessage ByteCount = 40147840:68548
StandardSMMessage ByteCount = 6337:20
ConsensusMessage ByteCount = 826326:18789
--- Measurements after 119000 ops (1000 samples) ---
Throughput = 4545.4546 operations/sec (Maximum observed: 4784.689 ops/sec)
Total latency = 1.9206827398416E7 (+/- 0) us 
Consensus latency = 3194.876497 (+/- 345) us 
Pre-consensus latency = 0.0 (+/- 0) us 
Pos-consensus latency = 1.9203976489272E7 (+/- 0) us 
Propose latency = 550.893769 (+/- 107) us 
Write latency = 838.390504 (+/- 211) us 
Accept latency = 1805.592224 (+/- 266) us 
Batch average size = NaN (+/- 0) requests
LCMessage ByteCount = 324:12
TOMMessage ByteCount = 40147840:68548
StandardSMMessage ByteCount = 6337:20
ConsensusMessage ByteCount = 833322:18948
--- Measurements after 120000 ops (1000 samples) ---
Throughput = 4739.3364 operations/sec (Maximum observed: 4784.689 ops/sec)
Total latency = 1.9369845553789E7 (+/- 0) us 
Consensus latency = 2785.108162 (+/- 227) us 
Pre-consensus latency = 0.0 (+/- 0) us 
Pos-consensus latency = 1.936739053242E7 (+/- 0) us 
Propose latency = 541.1396500000001 (+/- 81) us 
Write latency = 681.167503 (+/- 305) us 
Accept latency = 1562.801009 (+/- 179) us 
Batch average size = NaN (+/- 0) requests
LCMessage ByteCount = 351:13
TOMMessage ByteCount = 40147840:68548
StandardSMMessage ByteCount = 6337:20
ConsensusMessage ByteCount = 840318:19107
--- Measurements after 121000 ops (1000 samples) ---
Throughput = 4115.2266 operations/sec (Maximum observed: 4784.689 ops/sec)
Total latency = 1.9538845583334E7 (+/- 0) us 
Consensus latency = 3137.7876979999996 (+/- 286) us 
Pre-consensus latency = 0.0 (+/- 0) us 
Pos-consensus latency = 1.9536151696029E7 (+/- 0) us 
Propose latency = 762.988218 (+/- 322) us 
Write latency = 672.173097 (+/- 198) us 
Accept latency = 1702.6263829999998 (+/- 142) us 
Batch average size = NaN (+/- 0) requests
LCMessage ByteCount = 351:13
TOMMessage ByteCount = 40147840:68548
StandardSMMessage ByteCount = 6337:20
ConsensusMessage ByteCount = 848194:19286
--- Measurements after 122000 ops (1000 samples) ---
Throughput = 3816.794 operations/sec (Maximum observed: 4784.689 ops/sec)
Total latency = 1.9738770946983002E7 (+/- 0) us 
Consensus latency = 2738.619255 (+/- 855) us 
Pre-consensus latency = 0.0 (+/- 0) us 
Pos-consensus latency = 1.9736344597434E7 (+/- 0) us 
Propose latency = 776.483189 (+/- 892) us 
Write latency = 382.626831 (+/- 236) us 
Accept latency = 1579.509235 (+/- 115) us 
Batch average size = NaN (+/- 0) requests
LCMessage ByteCount = 351:13
TOMMessage ByteCount = 40147840:68548
StandardSMMessage ByteCount = 6337:20
ConsensusMessage ByteCount = 856906:19484
--- Measurements after 123000 ops (1000 samples) ---
Throughput = 4608.295 operations/sec (Maximum observed: 4784.689 ops/sec)
Total latency = 1.9920266480236E7 (+/- 0) us 
Consensus latency = 2707.34539 (+/- 214) us 
Pre-consensus latency = 0.0 (+/- 0) us 
Pos-consensus latency = 1.9917873199052E7 (+/- 0) us 
Propose latency = 510.016083 (+/- 109) us 
Write latency = 736.547019 (+/- 219) us 
Accept latency = 1460.7822879999999 (+/- 117) us 
Batch average size = NaN (+/- 0) requests
LCMessage ByteCount = 351:13
TOMMessage ByteCount = 40147840:68548
StandardSMMessage ByteCount = 6337:20
ConsensusMessage ByteCount = 864342:19653
--- Measurements after 124000 ops (1000 samples) ---
Throughput = 4608.295 operations/sec (Maximum observed: 4784.689 ops/sec)
Total latency = 2.0081502899138E7 (+/- 0) us 
Consensus latency = 2712.367427 (+/- 317) us 
Pre-consensus latency = 0.0 (+/- 0) us 
Pos-consensus latency = 2.0079133620869998E7 (+/- 0) us 
Propose latency = 515.971978 (+/- 47) us 
Write latency = 792.658112 (+/- 291) us 
Accept latency = 1403.737337 (+/- 101) us 
Batch average size = NaN (+/- 0) requests
LCMessage ByteCount = 351:13
TOMMessage ByteCount = 40147840:68548
StandardSMMessage ByteCount = 6337:20
ConsensusMessage ByteCount = 871690:19820
--- Measurements after 125000 ops (1000 samples) ---
Throughput = 4587.156 operations/sec (Maximum observed: 4784.689 ops/sec)
Total latency = 2.0242594443198003E7 (+/- 0) us 
Consensus latency = 2649.566586 (+/- 152) us 
Pre-consensus latency = 0.0 (+/- 0) us 
Pos-consensus latency = 2.0240269425731E7 (+/- 0) us 
Propose latency = 516.925683 (+/- 61) us 
Write latency = 653.742797 (+/- 152) us 
Accept latency = 1478.8981059999999 (+/- 140) us 
Batch average size = NaN (+/- 0) requests
LCMessage ByteCount = 351:13
TOMMessage ByteCount = 40147840:68548
StandardSMMessage ByteCount = 6337:20
ConsensusMessage ByteCount = 879522:19998
--- Measurements after 126000 ops (1000 samples) ---
Throughput = 4739.3364 operations/sec (Maximum observed: 4784.689 ops/sec)
Total latency = 2.0404180744686E7 (+/- 0) us 
Consensus latency = 2725.8560639999996 (+/- 444) us 
Pre-consensus latency = 0.0 (+/- 0) us 
Pos-consensus latency = 2.0401830205674E7 (+/- 0) us 
Propose latency = 685.298995 (+/- 387) us 
Write latency = 518.350147 (+/- 168) us 
Accept latency = 1522.206922 (+/- 285) us 
Batch average size = NaN (+/- 0) requests
LCMessage ByteCount = 351:13
TOMMessage ByteCount = 40147840:68548
StandardSMMessage ByteCount = 6337:20
ConsensusMessage ByteCount = 887002:20168
--- Measurements after 127000 ops (1000 samples) ---
Throughput = 4566.21 operations/sec (Maximum observed: 4784.689 ops/sec)
Total latency = 2.0565738104771998E7 (+/- 0) us 
Consensus latency = 3071.308903 (+/- 1007) us 
Pre-consensus latency = 0.0 (+/- 0) us 
Pos-consensus latency = 2.0563095701008998E7 (+/- 0) us 
Propose latency = 1169.553773 (+/- 981) us 
Write latency = 411.72558100000003 (+/- 295) us 
Accept latency = 1490.029549 (+/- 108) us 
Batch average size = NaN (+/- 0) requests
LCMessage ByteCount = 351:13
TOMMessage ByteCount = 40147840:68548
StandardSMMessage ByteCount = 6337:20
ConsensusMessage ByteCount = 894966:20349
--- Measurements after 128000 ops (1000 samples) ---
Throughput = 4629.6294 operations/sec (Maximum observed: 4784.689 ops/sec)
Total latency = 2.0731371935749E7 (+/- 0) us 
Consensus latency = 2542.3503990000004 (+/- 218) us 
Pre-consensus latency = 0.0 (+/- 0) us 
Pos-consensus latency = 2.0729169482855E7 (+/- 0) us 
Propose latency = 546.393367 (+/- 82) us 
Write latency = 583.6194790000001 (+/- 169) us 
Accept latency = 1412.337553 (+/- 210) us 
Batch average size = NaN (+/- 0) requests
LCMessage ByteCount = 351:13
TOMMessage ByteCount = 40147840:68548
StandardSMMessage ByteCount = 6337:20
ConsensusMessage ByteCount = 903238:20537
--- Measurements after 129000 ops (1000 samples) ---
Throughput = 4672.897 operations/sec (Maximum observed: 4784.689 ops/sec)
Total latency = 2.0890923963088002E7 (+/- 0) us 
Consensus latency = 2643.292327 (+/- 587) us 
Pre-consensus latency = 0.0 (+/- 0) us 
Pos-consensus latency = 2.0888641894435E7 (+/- 0) us 
Propose latency = 557.4449960000001 (+/- 77) us 
Write latency = 639.715257 (+/- 595) us 
Accept latency = 1446.132074 (+/- 145) us 
Batch average size = NaN (+/- 0) requests
LCMessage ByteCount = 378:14
TOMMessage ByteCount = 40147840:68548
StandardSMMessage ByteCount = 6337:20
ConsensusMessage ByteCount = 911950:20735
--- Measurements after 130000 ops (1000 samples) ---
Throughput = 4716.981 operations/sec (Maximum observed: 4784.689 ops/sec)
Total latency = 2.1047688710605998E7 (+/- 0) us 
Consensus latency = 3169.616973 (+/- 1543) us 
Pre-consensus latency = 0.0 (+/- 0) us 
Pos-consensus latency = 2.1044927192522E7 (+/- 0) us 
Propose latency = 656.116193 (+/- 263) us 
Write latency = 1080.485654 (+/- 1593) us 
Accept latency = 1433.015126 (+/- 109) us 
Batch average size = NaN (+/- 0) requests
LCMessage ByteCount = 378:14
TOMMessage ByteCount = 40147840:68548
StandardSMMessage ByteCount = 6337:20
ConsensusMessage ByteCount = 918990:20895
-- Checkpoint is in position 29850
--- Measurements after 131000 ops (1000 samples) ---
Throughput = 1915.7089 operations/sec (Maximum observed: 4784.689 ops/sec)
Total latency = 2.1417004087360002E7 (+/- 0) us 
Consensus latency = 2802.260003 (+/- 548) us 
Pre-consensus latency = 0.0 (+/- 0) us 
Pos-consensus latency = 2.1414635604853E7 (+/- 0) us 
Propose latency = 569.702626 (+/- 753) us 
Write latency = 931.955217 (+/- 822) us 
Accept latency = 1300.60216 (+/- 453) us 
Batch average size = 29851.0 (+/- 0) requests
LCMessage ByteCount = 378:14
TOMMessage ByteCount = 59000382:213123
StandardSMMessage ByteCount = 6337:20
ConsensusMessage ByteCount = 919122:20898
--- Measurements after 132000 ops (1000 samples) ---
Throughput = 4291.8457 operations/sec (Maximum observed: 4784.689 ops/sec)
Total latency = 2.1679692741859E7 (+/- 0) us 
Consensus latency = 3660.2062149999997 (+/- 1770) us 
Pre-consensus latency = 0.0 (+/- 0) us 
Pos-consensus latency = 2.1676925653289E7 (+/- 0) us 
Propose latency = 1421.636517 (+/- 2097) us 
Write latency = 751.589557 (+/- 548) us 
Accept latency = 1486.980141 (+/- 283) us 
Batch average size = NaN (+/- 0) requests
LCMessage ByteCount = 378:14
TOMMessage ByteCount = 60780191:214802
StandardSMMessage ByteCount = 6337:20
ConsensusMessage ByteCount = 919122:20898
--- Measurements after 133000 ops (1000 samples) ---
Throughput = 4016.0642 operations/sec (Maximum observed: 4784.689 ops/sec)
Total latency = 2.1859490967337E7 (+/- 0) us 
Consensus latency = 2510.2673250000003 (+/- 206) us 
Pre-consensus latency = 0.0 (+/- 0) us 
Pos-consensus latency = 2.18572557287E7 (+/- 0) us 
Propose latency = 437.70915399999996 (+/- 91) us 
Write latency = 541.096883 (+/- 224) us 
Accept latency = 1531.461288 (+/- 147) us 
Batch average size = NaN (+/- 0) requests
LCMessage ByteCount = 378:14
TOMMessage ByteCount = 62337407:216271
StandardSMMessage ByteCount = 6337:20
ConsensusMessage ByteCount = 919122:20898
--- Measurements after 134000 ops (1000 samples) ---
Throughput = 4464.2856 operations/sec (Maximum observed: 4784.689 ops/sec)
Total latency = 2.2039806192205E7 (+/- 0) us 
Consensus latency = 2248.935472 (+/- 346) us 
Pre-consensus latency = 0.0 (+/- 0) us 
Pos-consensus latency = 2.203787163177E7 (+/- 0) us 
Propose latency = 502.43676899999997 (+/- 87) us 
Write latency = 336.784853 (+/- 258) us 
Accept latency = 1409.71385 (+/- 142) us 
Batch average size = NaN (+/- 0) requests
LCMessage ByteCount = 378:14
TOMMessage ByteCount = 63859571:217707
StandardSMMessage ByteCount = 6337:20
ConsensusMessage ByteCount = 919122:20898
--- Measurements after 135000 ops (1000 samples) ---
Throughput = 4566.21 operations/sec (Maximum observed: 4784.689 ops/sec)
Total latency = 2.2208376513627E7 (+/- 0) us 
Consensus latency = 2157.065998 (+/- 236) us 
Pre-consensus latency = 0.0 (+/- 0) us 
Pos-consensus latency = 2.2206542317709E7 (+/- 0) us 
Propose latency = 508.156506 (+/- 85) us 
Write latency = 295.72928499999995 (+/- 212) us 
Accept latency = 1353.1802069999999 (+/- 208) us 
Batch average size = NaN (+/- 0) requests
LCMessage ByteCount = 378:14
TOMMessage ByteCount = 65286384:219053
StandardSMMessage ByteCount = 6337:20
ConsensusMessage ByteCount = 919122:20898
--- Measurements after 136000 ops (1000 samples) ---
Throughput = 4219.409 operations/sec (Maximum observed: 4784.689 ops/sec)
Total latency = 2.2381291402525E7 (+/- 0) us 
Consensus latency = 2558.326435 (+/- 306) us 
Pre-consensus latency = 0.0 (+/- 0) us 
Pos-consensus latency = 2.2379087739606E7 (+/- 0) us 
Propose latency = 569.1387129999999 (+/- 70) us 
Write latency = 453.863339 (+/- 168) us 
Accept latency = 1535.324383 (+/- 316) us 
Batch average size = NaN (+/- 0) requests
LCMessage ByteCount = 378:14
TOMMessage ByteCount = 66602975:220295
StandardSMMessage ByteCount = 6337:20
ConsensusMessage ByteCount = 919122:20898
--- Measurements after 137000 ops (1000 samples) ---
Throughput = 4545.4546 operations/sec (Maximum observed: 4784.689 ops/sec)
Total latency = 2.2545667680049E7 (+/- 0) us 
Consensus latency = 2809.945784 (+/- 625) us 
Pre-consensus latency = 0.0 (+/- 0) us 
Pos-consensus latency = 2.2543241442069E7 (+/- 0) us 
Propose latency = 876.731258 (+/- 691) us 
Write latency = 292.61695299999997 (+/- 252) us 
Accept latency = 1640.597573 (+/- 305) us 
Batch average size = NaN (+/- 0) requests
LCMessage ByteCount = 378:14
TOMMessage ByteCount = 67809303:221433
StandardSMMessage ByteCount = 6337:20
ConsensusMessage ByteCount = 919122:20898
--- Measurements after 138000 ops (1000 samples) ---
Throughput = 3076.923 operations/sec (Maximum observed: 4784.689 ops/sec)
Total latency = 2.2791068152932E7 (+/- 0) us 
Consensus latency = 2389.8255550000003 (+/- 434) us 
Pre-consensus latency = 0.0 (+/- 0) us 
Pos-consensus latency = 2.2789034278411E7 (+/- 0) us 
Propose latency = 613.9441400000001 (+/- 106) us 
Write latency = 333.092591 (+/- 287) us 
Accept latency = 1442.788824 (+/- 150) us 
Batch average size = NaN (+/- 0) requests
LCMessage ByteCount = 378:14
TOMMessage ByteCount = 69349416:222886
StandardSMMessage ByteCount = 6337:20
ConsensusMessage ByteCount = 919122:20898
--- Measurements after 139000 ops (1000 samples) ---
Throughput = 4830.918 operations/sec (Maximum observed: 4830.918 ops/sec)
Total latency = 2.2977411892672002E7 (+/- 0) us 
Consensus latency = 3504.7012910000003 (+/- 2817) us 
Pre-consensus latency = 0.0 (+/- 0) us 
Pos-consensus latency = 2.2974412761786997E7 (+/- 0) us 
Propose latency = 888.390848 (+/- 492) us 
Write latency = 1247.3506 (+/- 2844) us 
Accept latency = 1368.959843 (+/- 198) us 
Batch average size = NaN (+/- 0) requests
LCMessage ByteCount = 378:14
TOMMessage ByteCount = 70438053:223913
StandardSMMessage ByteCount = 6337:20
ConsensusMessage ByteCount = 919122:20898
--- Measurements after 140000 ops (1000 samples) ---
Throughput = 4424.779 operations/sec (Maximum observed: 4830.918 ops/sec)
Total latency = 2.3145753105529997E7 (+/- 0) us 
Consensus latency = 2511.7318020000002 (+/- 130) us 
Pre-consensus latency = 0.0 (+/- 0) us 
Pos-consensus latency = 2.314355567704E7 (+/- 0) us 
Propose latency = 532.919111 (+/- 56) us 
Write latency = 537.653424 (+/- 179) us 
Accept latency = 1441.159267 (+/- 149) us 
Batch average size = NaN (+/- 0) requests
LCMessage ByteCount = 378:14
TOMMessage ByteCount = 71419583:224839
StandardSMMessage ByteCount = 6337:20
ConsensusMessage ByteCount = 919122:20898
--- Measurements after 141000 ops (1000 samples) ---
Throughput = 4273.5044 operations/sec (Maximum observed: 4830.918 ops/sec)
Total latency = 2.3303732684077E7 (+/- 0) us 
Consensus latency = 3458.203065 (+/- 1139) us 
Pre-consensus latency = 0.0 (+/- 0) us 
Pos-consensus latency = 2.3300724775739E7 (+/- 0) us 
Propose latency = 1082.4866710000001 (+/- 667) us 
Write latency = 856.0849790000001 (+/- 490) us 
Accept latency = 1519.631415 (+/- 229) us 
Batch average size = NaN (+/- 0) requests
LCMessage ByteCount = 378:14
TOMMessage ByteCount = 73349883:226660
StandardSMMessage ByteCount = 6337:20
ConsensusMessage ByteCount = 919122:20898
--- Measurements after 142000 ops (1000 samples) ---
Throughput = 3831.4177 operations/sec (Maximum observed: 4830.918 ops/sec)
Total latency = 2.3494119958465E7 (+/- 0) us 
Consensus latency = 2471.860074 (+/- 208) us 
Pre-consensus latency = 0.0 (+/- 0) us 
Pos-consensus latency = 2.3491912231739E7 (+/- 0) us 
Propose latency = 390.826166 (+/- 33) us 
Write latency = 576.503779 (+/- 204) us 
Accept latency = 1504.530129 (+/- 151) us 
Batch average size = NaN (+/- 0) requests
LCMessage ByteCount = 378:14
TOMMessage ByteCount = 75515630:228703
StandardSMMessage ByteCount = 6337:20
ConsensusMessage ByteCount = 919122:20898
--- Measurements after 143000 ops (1000 samples) ---
Throughput = 4201.6807 operations/sec (Maximum observed: 4830.918 ops/sec)
Total latency = 2.3700918073965E7 (+/- 0) us 
Consensus latency = 2434.3497979999997 (+/- 407) us 
Pre-consensus latency = 0.0 (+/- 0) us 
Pos-consensus latency = 2.3698794318361E7 (+/- 0) us 
Propose latency = 578.8115670000001 (+/- 393) us 
Write latency = 405.072459 (+/- 255) us 
Accept latency = 1450.465772 (+/- 150) us 
Batch average size = NaN (+/- 0) requests
LCMessage ByteCount = 378:14
TOMMessage ByteCount = 77283737:230371
StandardSMMessage ByteCount = 6337:20
ConsensusMessage ByteCount = 919122:20898
--- Measurements after 144000 ops (1000 samples) ---
Throughput = 4291.8457 operations/sec (Maximum observed: 4830.918 ops/sec)
Total latency = 2.3882810425015997E7 (+/- 0) us 
Consensus latency = 2961.6007 (+/- 217) us 
Pre-consensus latency = 0.0 (+/- 0) us 
Pos-consensus latency = 2.3880191031476002E7 (+/- 0) us 
Propose latency = 526.9906480000001 (+/- 72) us 
Write latency = 851.560124 (+/- 291) us 
Accept latency = 1583.0499280000001 (+/- 176) us 
Batch average size = NaN (+/- 0) requests
LCMessage ByteCount = 378:14
TOMMessage ByteCount = 78783746:231786
StandardSMMessage ByteCount = 6337:20
ConsensusMessage ByteCount = 919122:20898
--- Measurements after 145000 ops (1000 samples) ---
Throughput = 3472.2222 operations/sec (Maximum observed: 4830.918 ops/sec)
Total latency = 2.4085792801386002E7 (+/- 0) us 
Consensus latency = 2806.448895 (+/- 293) us 
Pre-consensus latency = 0.0 (+/- 0) us 
Pos-consensus latency = 2.4083313685973E7 (+/- 0) us 
Propose latency = 538.134895 (+/- 88) us 
Write latency = 655.1053449999999 (+/- 272) us 
Accept latency = 1613.2086550000001 (+/- 156) us 
Batch average size = NaN (+/- 0) requests
LCMessage ByteCount = 378:14
TOMMessage ByteCount = 80604856:233504
StandardSMMessage ByteCount = 6337:20
ConsensusMessage ByteCount = 919122:20898
--- Measurements after 146000 ops (1000 samples) ---
Throughput = 3597.1223 operations/sec (Maximum observed: 4830.918 ops/sec)
Total latency = 2.4291930406084E7 (+/- 0) us 
Consensus latency = 2997.204551 (+/- 410) us 
Pre-consensus latency = 0.0 (+/- 0) us 
Pos-consensus latency = 2.4289407527154997E7 (+/- 0) us 
Propose latency = 781.213662 (+/- 334) us 
Write latency = 671.954109 (+/- 194) us 
Accept latency = 1544.0367800000001 (+/- 164) us 
Batch average size = NaN (+/- 0) requests
LCMessage ByteCount = 378:14
TOMMessage ByteCount = 82176890:234987
StandardSMMessage ByteCount = 6337:20
ConsensusMessage ByteCount = 919122:20898
--- Measurements after 147000 ops (1000 samples) ---
Throughput = 3355.7046 operations/sec (Maximum observed: 4830.918 ops/sec)
Total latency = 2.4548018625786997E7 (+/- 0) us 
Consensus latency = 2693.308846 (+/- 230) us 
Pre-consensus latency = 0.0 (+/- 0) us 
Pos-consensus latency = 2.4545659590340998E7 (+/- 0) us 
Propose latency = 517.2808190000001 (+/- 124) us 
Write latency = 603.767466 (+/- 214) us 
Accept latency = 1572.260561 (+/- 172) us 
Batch average size = NaN (+/- 0) requests
LCMessage ByteCount = 378:14
TOMMessage ByteCount = 83595186:236325
StandardSMMessage ByteCount = 6337:20
ConsensusMessage ByteCount = 919122:20898
--- Measurements after 148000 ops (1000 samples) ---
Throughput = 3144.654 operations/sec (Maximum observed: 4830.918 ops/sec)
Total latency = 2.4806372291255E7 (+/- 0) us 
Consensus latency = 2844.2986570000003 (+/- 842) us 
Pre-consensus latency = 0.0 (+/- 0) us 
Pos-consensus latency = 2.4803861500388E7 (+/- 0) us 
Propose latency = 789.536324 (+/- 899) us 
Write latency = 590.137631 (+/- 292) us 
Accept latency = 1464.624702 (+/- 145) us 
Batch average size = NaN (+/- 0) requests
LCMessage ByteCount = 378:14
TOMMessage ByteCount = 85320818:237953
StandardSMMessage ByteCount = 6337:20
ConsensusMessage ByteCount = 919122:20898
--- Measurements after 149000 ops (1000 samples) ---
Throughput = 3717.4722 operations/sec (Maximum observed: 4830.918 ops/sec)
Total latency = 2.503293526459E7 (+/- 0) us 
Consensus latency = 2709.004343 (+/- 376) us 
Pre-consensus latency = 0.0 (+/- 0) us 
Pos-consensus latency = 2.5030558138703E7 (+/- 0) us 
Propose latency = 546.7580479999999 (+/- 110) us 
Write latency = 635.2554259999999 (+/- 352) us 
Accept latency = 1526.990869 (+/- 147) us 
Batch average size = NaN (+/- 0) requests
LCMessage ByteCount = 378:14
TOMMessage ByteCount = 86559943:239122
StandardSMMessage ByteCount = 6337:20
ConsensusMessage ByteCount = 919122:20898
--- Measurements after 150000 ops (1000 samples) ---
Throughput = 3378.3784 operations/sec (Maximum observed: 4830.918 ops/sec)
Total latency = 2.525829755616E7 (+/- 0) us 
Consensus latency = 2700.5851949999997 (+/- 190) us 
Pre-consensus latency = 0.0 (+/- 0) us 
Pos-consensus latency = 2.5255946088512E7 (+/- 0) us 
Propose latency = 578.117785 (+/- 50) us 
Write latency = 548.628768 (+/- 146) us 
Accept latency = 1573.838642 (+/- 120) us 
Batch average size = NaN (+/- 0) requests
LCMessage ByteCount = 378:14
TOMMessage ByteCount = 87170556:239698
StandardSMMessage ByteCount = 6337:20
ConsensusMessage ByteCount = 919122:20898
--- Measurements after 151000 ops (1000 samples) ---
Throughput = 3875.969 operations/sec (Maximum observed: 4830.918 ops/sec)
Total latency = 2.5488038858636003E7 (+/- 0) us 
Consensus latency = 2618.5987099999998 (+/- 146) us 
Pre-consensus latency = 0.0 (+/- 0) us 
Pos-consensus latency = 2.5485751189104E7 (+/- 0) us 
Propose latency = 584.502389 (+/- 63) us 
Write latency = 453.933187 (+/- 202) us 
Accept latency = 1580.1631340000001 (+/- 212) us 
Batch average size = NaN (+/- 0) requests
LCMessage ByteCount = 378:14
TOMMessage ByteCount = 87184325:239711
StandardSMMessage ByteCount = 6337:20
ConsensusMessage ByteCount = 919122:20898
--- Measurements after 152000 ops (1000 samples) ---
Throughput = 4784.689 operations/sec (Maximum observed: 4830.918 ops/sec)
Total latency = 2.5664631160027E7 (+/- 0) us 
Consensus latency = 2727.077541 (+/- 268) us 
Pre-consensus latency = 0.0 (+/- 0) us 
Pos-consensus latency = 2.5662278737537E7 (+/- 0) us 
Propose latency = 617.292299 (+/- 168) us 
Write latency = 525.061917 (+/- 172) us 
Accept latency = 1584.723325 (+/- 143) us 
Batch average size = NaN (+/- 0) requests
LCMessage ByteCount = 378:14
TOMMessage ByteCount = 87188568:239715
StandardSMMessage ByteCount = 6337:20
ConsensusMessage ByteCount = 919122:20898
--- Measurements after 153000 ops (1000 samples) ---
Throughput = 3816.794 operations/sec (Maximum observed: 4830.918 ops/sec)
Total latency = 2.5834357470111E7 (+/- 0) us 
Consensus latency = 2614.638445 (+/- 166) us 
Pre-consensus latency = 0.0 (+/- 0) us 
Pos-consensus latency = 2.5832068807926E7 (+/- 0) us 
Propose latency = 564.52639 (+/- 46) us 
Write latency = 563.344255 (+/- 151) us 
Accept latency = 1486.7678 (+/- 125) us 
Batch average size = NaN (+/- 0) requests
LCMessage ByteCount = 378:14
TOMMessage ByteCount = 87189630:239716
StandardSMMessage ByteCount = 6337:20
ConsensusMessage ByteCount = 919122:20898
--- Measurements after 154000 ops (1000 samples) ---
Throughput = 4672.897 operations/sec (Maximum observed: 4830.918 ops/sec)
Total latency = 2.6026810656242E7 (+/- 0) us 
Consensus latency = 3242.688681 (+/- 1727) us 
Pre-consensus latency = 0.0 (+/- 0) us 
Pos-consensus latency = 2.6023926783194E7 (+/- 0) us 
Propose latency = 907.169 (+/- 1058) us 
Write latency = 362.10838 (+/- 303) us 
Accept latency = 1973.4113009999999 (+/- 1551) us 
Batch average size = NaN (+/- 0) requests
LCMessage ByteCount = 378:14
TOMMessage ByteCount = 87190692:239717
StandardSMMessage ByteCount = 6337:20
ConsensusMessage ByteCount = 919122:20898
--- Measurements after 155000 ops (1000 samples) ---
Throughput = 4830.918 operations/sec (Maximum observed: 4830.918 ops/sec)
Total latency = 2.6183027265614E7 (+/- 0) us 
Consensus latency = 2719.238651 (+/- 251) us 
Pre-consensus latency = 0.0 (+/- 0) us 
Pos-consensus latency = 2.618065426882E7 (+/- 0) us 
Propose latency = 599.638327 (+/- 48) us 
Write latency = 545.668572 (+/- 200) us 
Accept latency = 1573.9317520000002 (+/- 155) us 
Batch average size = NaN (+/- 0) requests
LCMessage ByteCount = 378:14
TOMMessage ByteCount = 87190692:239717
StandardSMMessage ByteCount = 6337:20
ConsensusMessage ByteCount = 919122:20898
--- Measurements after 156000 ops (1000 samples) ---
Throughput = 4761.905 operations/sec (Maximum observed: 4830.918 ops/sec)
Total latency = 2.6336523757151E7 (+/- 0) us 
Consensus latency = 2626.3323139999998 (+/- 223) us 
Pre-consensus latency = 0.0 (+/- 0) us 
Pos-consensus latency = 2.6334244814192E7 (+/- 0) us 
Propose latency = 562.757134 (+/- 67) us 
Write latency = 629.459022 (+/- 132) us 
Accept latency = 1434.116158 (+/- 164) us 
Batch average size = NaN (+/- 0) requests
LCMessage ByteCount = 378:14
TOMMessage ByteCount = 87194930:239721
StandardSMMessage ByteCount = 6337:20
ConsensusMessage ByteCount = 919122:20898
--- Measurements after 157000 ops (1000 samples) ---
Throughput = 4149.3774 operations/sec (Maximum observed: 4830.918 ops/sec)
Total latency = 2.6513038938615E7 (+/- 0) us 
Consensus latency = 2586.230696 (+/- 187) us 
Pre-consensus latency = 0.0 (+/- 0) us 
Pos-consensus latency = 2.6510804183041E7 (+/- 0) us 
Propose latency = 564.2050770000001 (+/- 65) us 
Write latency = 500.72303999999997 (+/- 216) us 
Accept latency = 1521.302579 (+/- 158) us 
Batch average size = NaN (+/- 0) requests
LCMessage ByteCount = 378:14
TOMMessage ByteCount = 87203411:239729
StandardSMMessage ByteCount = 6337:20
ConsensusMessage ByteCount = 919122:20898
--- Measurements after 158000 ops (1000 samples) ---
Throughput = 4629.6294 operations/sec (Maximum observed: 4830.918 ops/sec)
Total latency = 2.6680713297064E7 (+/- 0) us 
Consensus latency = 2825.955808 (+/- 353) us 
Pre-consensus latency = 0.0 (+/- 0) us 
Pos-consensus latency = 2.6678287574038E7 (+/- 0) us 
Propose latency = 702.484947 (+/- 188) us 
Write latency = 634.221263 (+/- 182) us 
Accept latency = 1489.249598 (+/- 203) us 
Batch average size = NaN (+/- 0) requests
LCMessage ByteCount = 378:14
TOMMessage ByteCount = 87204473:239730
StandardSMMessage ByteCount = 6337:20
ConsensusMessage ByteCount = 919122:20898
--- Measurements after 159000 ops (1000 samples) ---
Throughput = 4761.905 operations/sec (Maximum observed: 4830.918 ops/sec)
Total latency = 2.6840014492654998E7 (+/- 0) us 
Consensus latency = 2958.4719219999997 (+/- 1565) us 
Pre-consensus latency = 0.0 (+/- 0) us 
Pos-consensus latency = 2.6837399322513E7 (+/- 0) us 
Propose latency = 586.9492240000001 (+/- 66) us 
Write latency = 918.6032280000001 (+/- 1593) us 
Accept latency = 1452.91947 (+/- 203) us 
Batch average size = NaN (+/- 0) requests
LCMessage ByteCount = 378:14
TOMMessage ByteCount = 87208711:239734
StandardSMMessage ByteCount = 6337:20
ConsensusMessage ByteCount = 919122:20898
--- Measurements after 160000 ops (1000 samples) ---
Throughput = 4716.981 operations/sec (Maximum observed: 4830.918 ops/sec)
Total latency = 2.6993376882819E7 (+/- 0) us 
Consensus latency = 2392.1212459999997 (+/- 313) us 
Pre-consensus latency = 0.0 (+/- 0) us 
Pos-consensus latency = 2.6991283580402E7 (+/- 0) us 
Propose latency = 541.119194 (+/- 77) us 
Write latency = 408.845679 (+/- 325) us 
Accept latency = 1442.1563729999998 (+/- 180) us 
Batch average size = NaN (+/- 0) requests
LCMessage ByteCount = 378:14
TOMMessage ByteCount = 87208711:239734
StandardSMMessage ByteCount = 6337:20
ConsensusMessage ByteCount = 919122:20898
-- Performing checkpoint for consensus 2047
--- Measurements after 161000 ops (1000 samples) ---
Throughput = 3861.004 operations/sec (Maximum observed: 4830.918 ops/sec)
Total latency = 2.7196108257859003E7 (+/- 0) us 
Consensus latency = 2583.030085 (+/- 180) us 
Pre-consensus latency = 0.0 (+/- 0) us 
Pos-consensus latency = 2.7193866078494E7 (+/- 0) us 
Propose latency = 552.93295 (+/- 56) us 
Write latency = 465.011097 (+/- 219) us 
Accept latency = 1565.086038 (+/- 163) us 
Batch average size = 339821.0 (+/- 0) requests
LCMessage ByteCount = 378:14
TOMMessage ByteCount = 87499136:240008
StandardSMMessage ByteCount = 6337:20
ConsensusMessage ByteCount = 919122:20898
--- Measurements after 162000 ops (1000 samples) ---
Throughput = 4830.918 operations/sec (Maximum observed: 4830.918 ops/sec)
Total latency = 2.735223810823E7 (+/- 0) us 
Consensus latency = 2591.271807 (+/- 293) us 
Pre-consensus latency = 0.0 (+/- 0) us 
Pos-consensus latency = 2.7349981044846002E7 (+/- 0) us 
Propose latency = 563.235319 (+/- 56) us 
Write latency = 581.8748860000001 (+/- 176) us 
Accept latency = 1446.161602 (+/- 290) us 
Batch average size = NaN (+/- 0) requests
LCMessage ByteCount = 378:14
TOMMessage ByteCount = 87900902:240387
StandardSMMessage ByteCount = 6337:20
ConsensusMessage ByteCount = 919122:20898
--- Measurements after 163000 ops (1000 samples) ---
Throughput = 4807.6924 operations/sec (Maximum observed: 4830.918 ops/sec)
Total latency = 2.7503054797609E7 (+/- 0) us 
Consensus latency = 2543.499694 (+/- 272) us 
Pre-consensus latency = 0.0 (+/- 0) us 
Pos-consensus latency = 2.7500862952672E7 (+/- 0) us 
Propose latency = 617.885468 (+/- 94) us 
Write latency = 497.906051 (+/- 280) us 
Accept latency = 1427.708175 (+/- 238) us 
Batch average size = NaN (+/- 0) requests
LCMessage ByteCount = 378:14
TOMMessage ByteCount = 88106582:240581
StandardSMMessage ByteCount = 6337:20
ConsensusMessage ByteCount = 919122:20898
--- Measurements after 164000 ops (1000 samples) ---
Throughput = 4504.5044 operations/sec (Maximum observed: 4830.918 ops/sec)
Total latency = 2.7668055326700002E7 (+/- 0) us 
Consensus latency = 2566.688622 (+/- 259) us 
Pre-consensus latency = 0.0 (+/- 0) us 
Pos-consensus latency = 2.7665842759634E7 (+/- 0) us 
Propose latency = 621.71484 (+/- 67) us 
Write latency = 459.550285 (+/- 180) us 
Accept latency = 1485.423497 (+/- 185) us 
Batch average size = NaN (+/- 0) requests
LCMessage ByteCount = 378:14
TOMMessage ByteCount = 88511527:240963
StandardSMMessage ByteCount = 6337:20
ConsensusMessage ByteCount = 919122:20898
--- Measurements after 165000 ops (1000 samples) ---
Throughput = 4784.689 operations/sec (Maximum observed: 4830.918 ops/sec)
Total latency = 2.7820252414457E7 (+/- 0) us 
Consensus latency = 2684.0034920000003 (+/- 775) us 
Pre-consensus latency = 0.0 (+/- 0) us 
Pos-consensus latency = 2.7817904930336E7 (+/- 0) us 
Propose latency = 814.458562 (+/- 773) us 
Write latency = 383.63329100000004 (+/- 234) us 
Accept latency = 1485.911639 (+/- 223) us 
Batch average size = NaN (+/- 0) requests
LCMessage ByteCount = 378:14
TOMMessage ByteCount = 88954648:241381
StandardSMMessage ByteCount = 6337:20
ConsensusMessage ByteCount = 919122:20898
--- Measurements after 166000 ops (1000 samples) ---
Throughput = 4807.6924 operations/sec (Maximum observed: 4830.918 ops/sec)
Total latency = 2.7975019092189E7 (+/- 0) us 
Consensus latency = 2620.8344530000004 (+/- 232) us 
Pre-consensus latency = 0.0 (+/- 0) us 
Pos-consensus latency = 2.7972742393417E7 (+/- 0) us 
Propose latency = 584.094998 (+/- 54) us 
Write latency = 583.6333989999999 (+/- 226) us 
Accept latency = 1453.106056 (+/- 106) us 
Batch average size = NaN (+/- 0) requests
LCMessage ByteCount = 378:14
TOMMessage ByteCount = 89230242:241641
StandardSMMessage ByteCount = 6337:20
ConsensusMessage ByteCount = 919122:20898
--- Measurements after 167000 ops (1000 samples) ---
Throughput = 4464.2856 operations/sec (Maximum observed: 4830.918 ops/sec)
Total latency = 2.8130412913208E7 (+/- 0) us 
Consensus latency = 2678.221305 (+/- 171) us 
Pre-consensus latency = 0.0 (+/- 0) us 
Pos-consensus latency = 2.8128079446226E7 (+/- 0) us 
Propose latency = 588.1559139999999 (+/- 50) us 
Write latency = 593.598586 (+/- 146) us 
Accept latency = 1496.466805 (+/- 124) us 
Batch average size = NaN (+/- 0) requests
LCMessage ByteCount = 378:14
TOMMessage ByteCount = 89703066:242087
StandardSMMessage ByteCount = 6337:20
ConsensusMessage ByteCount = 919122:20898
--- Measurements after 168000 ops (1000 samples) ---
Throughput = 4761.905 operations/sec (Maximum observed: 4830.918 ops/sec)
Total latency = 2.8296517464514E7 (+/- 0) us 
Consensus latency = 2713.384887 (+/- 198) us 
Pre-consensus latency = 0.0 (+/- 0) us 
Pos-consensus latency = 2.829414575327E7 (+/- 0) us 
Propose latency = 616.137876 (+/- 107) us 
Write latency = 584.260434 (+/- 208) us 
Accept latency = 1512.9865770000001 (+/- 112) us 
Batch average size = NaN (+/- 0) requests
LCMessage ByteCount = 378:14
TOMMessage ByteCount = 90061333:242425
StandardSMMessage ByteCount = 6337:20
ConsensusMessage ByteCount = 919122:20898
--- Measurements after 169000 ops (1000 samples) ---
Throughput = 4807.6924 operations/sec (Maximum observed: 4830.918 ops/sec)
Total latency = 2.8450012636228E7 (+/- 0) us 
Consensus latency = 2717.4993870000003 (+/- 186) us 
Pre-consensus latency = 0.0 (+/- 0) us 
Pos-consensus latency = 2.8447677217744E7 (+/- 0) us 
Propose latency = 646.720098 (+/- 139) us 
Write latency = 549.871435 (+/- 212) us 
Accept latency = 1520.907854 (+/- 166) us 
Batch average size = NaN (+/- 0) requests
LCMessage ByteCount = 378:14
TOMMessage ByteCount = 90356043:242703
StandardSMMessage ByteCount = 6337:20
ConsensusMessage ByteCount = 919122:20898
--- Measurements after 170000 ops (1000 samples) ---
Throughput = 4807.6924 operations/sec (Maximum observed: 4830.918 ops/sec)
Total latency = 2.8592956397314E7 (+/- 0) us 
Consensus latency = 4269.2278590000005 (+/- 5379) us 
Pre-consensus latency = 0.0 (+/- 0) us 
Pos-consensus latency = 2.858899968654E7 (+/- 0) us 
Propose latency = 928.021906 (+/- 929) us 
Write latency = 460.760952 (+/- 323) us 
Accept latency = 2880.445001 (+/- 5283) us 
Batch average size = NaN (+/- 0) requests
LCMessage ByteCount = 378:14
TOMMessage ByteCount = 90593425:242927
StandardSMMessage ByteCount = 6337:20
ConsensusMessage ByteCount = 919122:20898
--- Measurements after 171000 ops (1000 samples) ---
Throughput = 4184.1006 operations/sec (Maximum observed: 4830.918 ops/sec)
Total latency = 2.8762428431009E7 (+/- 0) us 
Consensus latency = 2492.306957 (+/- 338) us 
Pre-consensus latency = 0.0 (+/- 0) us 
Pos-consensus latency = 2.8760367384112E7 (+/- 0) us 
Propose latency = 766.80584 (+/- 297) us 
Write latency = 250.663984 (+/- 221) us 
Accept latency = 1474.837133 (+/- 146) us 
Batch average size = NaN (+/- 0) requests
LCMessage ByteCount = 378:14
TOMMessage ByteCount = 90978206:243290
StandardSMMessage ByteCount = 6337:20
ConsensusMessage ByteCount = 919122:20898
--- Measurements after 172000 ops (1000 samples) ---
Throughput = 4651.1626 operations/sec (Maximum observed: 4830.918 ops/sec)
Total latency = 2.8940766239833E7 (+/- 0) us 
Consensus latency = 2639.0217570000004 (+/- 182) us 
Pre-consensus latency = 0.0 (+/- 0) us 
Pos-consensus latency = 2.8938466256847E7 (+/- 0) us 
Propose latency = 567.0999350000001 (+/- 100) us 
Write latency = 542.47292 (+/- 247) us 
Accept latency = 1529.448902 (+/- 113) us 
Batch average size = NaN (+/- 0) requests
LCMessage ByteCount = 378:14
TOMMessage ByteCount = 91296223:243590
StandardSMMessage ByteCount = 6337:20
ConsensusMessage ByteCount = 919122:20898
--- Measurements after 173000 ops (1000 samples) ---
Throughput = 4807.6924 operations/sec (Maximum observed: 4830.918 ops/sec)
Total latency = 2.9096948918652E7 (+/- 0) us 
Consensus latency = 2678.228171 (+/- 213) us 
Pre-consensus latency = 0.0 (+/- 0) us 
Pos-consensus latency = 2.9094635280605998E7 (+/- 0) us 
Propose latency = 591.323287 (+/- 60) us 
Write latency = 569.4057310000001 (+/- 200) us 
Accept latency = 1517.499153 (+/- 126) us 
Batch average size = NaN (+/- 0) requests
LCMessage ByteCount = 378:14
TOMMessage ByteCount = 91307867:243601
StandardSMMessage ByteCount = 6337:20
ConsensusMessage ByteCount = 919122:20898
--- Measurements after 174000 ops (1000 samples) ---
Throughput = 4784.689 operations/sec (Maximum observed: 4830.918 ops/sec)
Total latency = 2.9249710946310002E7 (+/- 0) us 
Consensus latency = 2460.704678 (+/- 259) us 
Pre-consensus latency = 0.0 (+/- 0) us 
Pos-consensus latency = 2.9247587541132E7 (+/- 0) us 
Propose latency = 556.8297879999999 (+/- 78) us 
Write latency = 447.96622499999995 (+/- 308) us 
Accept latency = 1455.908665 (+/- 140) us 
Batch average size = NaN (+/- 0) requests
LCMessage ByteCount = 378:14
TOMMessage ByteCount = 91543250:243823
StandardSMMessage ByteCount = 6337:20
ConsensusMessage ByteCount = 919122:20898
--- Measurements after 175000 ops (1000 samples) ---
Throughput = 4444.4443 operations/sec (Maximum observed: 4830.918 ops/sec)
Total latency = 2.9416791835903E7 (+/- 0) us 
Consensus latency = 2737.58819 (+/- 196) us 
Pre-consensus latency = 0.0 (+/- 0) us 
Pos-consensus latency = 2.9414433671071E7 (+/- 0) us 
Propose latency = 567.308181 (+/- 156) us 
Write latency = 685.539617 (+/- 215) us 
Accept latency = 1484.740392 (+/- 199) us 
Batch average size = NaN (+/- 0) requests
LCMessage ByteCount = 378:14
TOMMessage ByteCount = 91842146:244105
StandardSMMessage ByteCount = 6337:20
ConsensusMessage ByteCount = 919122:20898
--- Measurements after 176000 ops (1000 samples) ---
Throughput = 4854.369 operations/sec (Maximum observed: 4854.369 ops/sec)
Total latency = 2.9568461093688E7 (+/- 0) us 
Consensus latency = 2845.598696 (+/- 1310) us 
Pre-consensus latency = 0.0 (+/- 0) us 
Pos-consensus latency = 2.9565928951848E7 (+/- 0) us 
Propose latency = 494.742864 (+/- 74) us 
Write latency = 527.801598 (+/- 373) us 
Accept latency = 1823.054234 (+/- 1265) us 
Batch average size = NaN (+/- 0) requests
LCMessage ByteCount = 378:14
TOMMessage ByteCount = 92077510:244327
StandardSMMessage ByteCount = 6337:20
ConsensusMessage ByteCount = 919122:20898
--- Measurements after 177000 ops (1000 samples) ---
Throughput = 4807.6924 operations/sec (Maximum observed: 4854.369 ops/sec)
Total latency = 2.9721050237452E7 (+/- 0) us 
Consensus latency = 2663.1051260000004 (+/- 240) us 
Pre-consensus latency = 0.0 (+/- 0) us 
Pos-consensus latency = 2.9718714310078997E7 (+/- 0) us 
Propose latency = 515.462826 (+/- 115) us 
Write latency = 628.700775 (+/- 246) us 
Accept latency = 1518.941525 (+/- 184) us 
Batch average size = NaN (+/- 0) requests
LCMessage ByteCount = 378:14
TOMMessage ByteCount = 92338233:244573
StandardSMMessage ByteCount = 6337:20
ConsensusMessage ByteCount = 919122:20898
--- Measurements after 178000 ops (1000 samples) ---
Throughput = 4237.288 operations/sec (Maximum observed: 4854.369 ops/sec)
Total latency = 2.987524401248E7 (+/- 0) us 
Consensus latency = 2545.5581770000003 (+/- 112) us 
Pre-consensus latency = 0.0 (+/- 0) us 
Pos-consensus latency = 2.9873073076033E7 (+/- 0) us 
Propose latency = 619.916249 (+/- 102) us 
Write latency = 449.889549 (+/- 173) us 
Accept latency = 1475.752379 (+/- 144) us 
Batch average size = NaN (+/- 0) requests
LCMessage ByteCount = 378:14
TOMMessage ByteCount = 92630809:244849
StandardSMMessage ByteCount = 6337:20
ConsensusMessage ByteCount = 919122:20898
--- Measurements after 179000 ops (1000 samples) ---
Throughput = 4807.6924 operations/sec (Maximum observed: 4854.369 ops/sec)
Total latency = 3.0053037186942E7 (+/- 0) us 
Consensus latency = 2645.115169 (+/- 186) us 
Pre-consensus latency = 0.0 (+/- 0) us 
Pos-consensus latency = 3.0050744262245E7 (+/- 0) us 
Propose latency = 571.6886139999999 (+/- 76) us 
Write latency = 512.701038 (+/- 213) us 
Accept latency = 1560.725517 (+/- 131) us 
Batch average size = NaN (+/- 0) requests
LCMessage ByteCount = 378:14
TOMMessage ByteCount = 92979578:245178
StandardSMMessage ByteCount = 6337:20
ConsensusMessage ByteCount = 919122:20898
--- Measurements after 180000 ops (1000 samples) ---
Throughput = 5952.381 operations/sec (Maximum observed: 5952.381 ops/sec)
Total latency = 3.0190902103541E7 (+/- 0) us 
Consensus latency = 2694.497994 (+/- 263) us 
Pre-consensus latency = 0.0 (+/- 0) us 
Pos-consensus latency = 3.0188607906071E7 (+/- 0) us 
Propose latency = 637.86238 (+/- 95) us 
Write latency = 538.401355 (+/- 189) us 
Accept latency = 1518.234259 (+/- 151) us 
Batch average size = NaN (+/- 0) requests
LCMessage ByteCount = 378:14
TOMMessage ByteCount = 93203241:245389
StandardSMMessage ByteCount = 6337:20
ConsensusMessage ByteCount = 919122:20898
--- Measurements after 181000 ops (1000 samples) ---
Throughput = 6711.409 operations/sec (Maximum observed: 6711.409 ops/sec)
Total latency = 3.0288800747507E7 (+/- 0) us 
Consensus latency = 2892.9484300000004 (+/- 1310) us 
Pre-consensus latency = 0.0 (+/- 0) us 
Pos-consensus latency = 3.0286228505218E7 (+/- 0) us 
Propose latency = 549.0250500000001 (+/- 78) us 
Write latency = 889.405439 (+/- 1407) us 
Accept latency = 1454.517941 (+/- 175) us 
Batch average size = NaN (+/- 0) requests
LCMessage ByteCount = 378:14
TOMMessage ByteCount = 93433268:245606
StandardSMMessage ByteCount = 6337:20
ConsensusMessage ByteCount = 919122:20898
--- Measurements after 182000 ops (1000 samples) ---
Throughput = 5405.4053 operations/sec (Maximum observed: 6711.409 ops/sec)
Total latency = 3.0392733454559E7 (+/- 0) us 
Consensus latency = 2447.039742 (+/- 263) us 
Pre-consensus latency = 0.0 (+/- 0) us 
Pos-consensus latency = 3.0390585916676E7 (+/- 0) us 
Propose latency = 519.778948 (+/- 146) us 
Write latency = 484.92578499999996 (+/- 254) us 
Accept latency = 1442.3350090000001 (+/- 135) us 
Batch average size = NaN (+/- 0) requests
LCMessage ByteCount = 378:14
TOMMessage ByteCount = 93652711:245813
StandardSMMessage ByteCount = 6337:20
ConsensusMessage ByteCount = 919122:20898
--- Measurements after 183000 ops (1000 samples) ---
Throughput = 7299.27 operations/sec (Maximum observed: 7299.27 ops/sec)
Total latency = 3.0508206487820998E7 (+/- 0) us 
Consensus latency = 2679.492574 (+/- 159) us 
Pre-consensus latency = 0.0 (+/- 0) us 
Pos-consensus latency = 3.0505835166117E7 (+/- 0) us 
Propose latency = 445.881347 (+/- 59) us 
Write latency = 735.8469279999999 (+/- 148) us 
Accept latency = 1497.7642990000002 (+/- 116) us 
Batch average size = NaN (+/- 0) requests
LCMessage ByteCount = 378:14
TOMMessage ByteCount = 93797931:245950
StandardSMMessage ByteCount = 6337:20
ConsensusMessage ByteCount = 919122:20898
--- Measurements after 184000 ops (1000 samples) ---
Throughput = 7246.377 operations/sec (Maximum observed: 7299.27 ops/sec)
Total latency = 3.0589874608801E7 (+/- 0) us 
Consensus latency = 2571.58368 (+/- 241) us 
Pre-consensus latency = 0.0 (+/- 0) us 
Pos-consensus latency = 3.0587602223976E7 (+/- 0) us 
Propose latency = 431.15243 (+/- 60) us 
Write latency = 688.3669570000001 (+/- 171) us 
Accept latency = 1452.0642930000001 (+/- 195) us 
Batch average size = NaN (+/- 0) requests
LCMessage ByteCount = 378:14
TOMMessage ByteCount = 93909212:246055
StandardSMMessage ByteCount = 6337:20
ConsensusMessage ByteCount = 919122:20898
--- Measurements after 185000 ops (1000 samples) ---
Throughput = 6802.721 operations/sec (Maximum observed: 7299.27 ops/sec)
Total latency = 3.0678661700284E7 (+/- 0) us 
Consensus latency = 2592.159664 (+/- 235) us 
Pre-consensus latency = 0.0 (+/- 0) us 
Pos-consensus latency = 3.0676429846355E7 (+/- 0) us 
Propose latency = 617.4620309999999 (+/- 76) us 
Write latency = 418.580401 (+/- 220) us 
Accept latency = 1556.117232 (+/- 210) us 
Batch average size = NaN (+/- 0) requests
LCMessage ByteCount = 378:14
TOMMessage ByteCount = 94084100:246220
StandardSMMessage ByteCount = 6337:20
ConsensusMessage ByteCount = 919122:20898
--- Measurements after 186000 ops (1000 samples) ---
Throughput = 6024.096 operations/sec (Maximum observed: 7299.27 ops/sec)
Total latency = 3.0781456033813998E7 (+/- 0) us 
Consensus latency = 2750.8751389999998 (+/- 495) us 
Pre-consensus latency = 0.0 (+/- 0) us 
Pos-consensus latency = 3.0779206080516E7 (+/- 0) us 
Propose latency = 825.539321 (+/- 309) us 
Write latency = 574.5101099999999 (+/- 235) us 
Accept latency = 1350.825708 (+/- 124) us 
Batch average size = NaN (+/- 0) requests
LCMessage ByteCount = 378:14
TOMMessage ByteCount = 94187982:246318
StandardSMMessage ByteCount = 6337:20
ConsensusMessage ByteCount = 919122:20898
--- Measurements after 187000 ops (1000 samples) ---
Throughput = 6622.5166 operations/sec (Maximum observed: 7299.27 ops/sec)
Total latency = 3.0881745464575E7 (+/- 0) us 
Consensus latency = 3110.5668769999997 (+/- 1414) us 
Pre-consensus latency = 0.0 (+/- 0) us 
Pos-consensus latency = 3.0879013544288E7 (+/- 0) us 
Propose latency = 772.9708810000001 (+/- 469) us 
Write latency = 408.48233500000003 (+/- 188) us 
Accept latency = 1929.113661 (+/- 1444) us 
Batch average size = NaN (+/- 0) requests
LCMessage ByteCount = 378:14
TOMMessage ByteCount = 94631116:246736
StandardSMMessage ByteCount = 6337:20
ConsensusMessage ByteCount = 919122:20898
--- Measurements after 188000 ops (1000 samples) ---
Throughput = 6666.6665 operations/sec (Maximum observed: 7299.27 ops/sec)
Total latency = 3.0978552772490002E7 (+/- 0) us 
Consensus latency = 2552.894812 (+/- 197) us 
Pre-consensus latency = 0.0 (+/- 0) us 
Pos-consensus latency = 3.0976324175188E7 (+/- 0) us 
Propose latency = 543.281702 (+/- 103) us 
Write latency = 488.376604 (+/- 188) us 
Accept latency = 1521.236506 (+/- 189) us 
Batch average size = NaN (+/- 0) requests
LCMessage ByteCount = 378:14
TOMMessage ByteCount = 95183381:247257
StandardSMMessage ByteCount = 6337:20
ConsensusMessage ByteCount = 919122:20898
--- Measurements after 189000 ops (1000 samples) ---
Throughput = 5988.024 operations/sec (Maximum observed: 7299.27 ops/sec)
Total latency = 3.1075485630012E7 (+/- 0) us 
Consensus latency = 2479.1650010000003 (+/- 281) us 
Pre-consensus latency = 0.0 (+/- 0) us 
Pos-consensus latency = 3.1073349372326E7 (+/- 0) us 
Propose latency = 541.568634 (+/- 92) us 
Write latency = 431.85541600000005 (+/- 223) us 
Accept latency = 1505.740951 (+/- 251) us 
Batch average size = NaN (+/- 0) requests
LCMessage ByteCount = 378:14
TOMMessage ByteCount = 95763158:247804
StandardSMMessage ByteCount = 6337:20
ConsensusMessage ByteCount = 919122:20898
--- Measurements after 190000 ops (1000 samples) ---
Throughput = 6711.409 operations/sec (Maximum observed: 7299.27 ops/sec)
Total latency = 3.1183167410532E7 (+/- 0) us 
Consensus latency = 2523.896841 (+/- 185) us 
Pre-consensus latency = 0.0 (+/- 0) us 
Pos-consensus latency = 3.1180945005581003E7 (+/- 0) us 
Propose latency = 457.919556 (+/- 114) us 
Write latency = 599.2783810000001 (+/- 177) us 
Accept latency = 1466.698904 (+/- 179) us 
Batch average size = NaN (+/- 0) requests
LCMessage ByteCount = 378:14
TOMMessage ByteCount = 96125759:248146
StandardSMMessage ByteCount = 6337:20
ConsensusMessage ByteCount = 919122:20898
--- Measurements after 191000 ops (1000 samples) ---
Throughput = 6711.409 operations/sec (Maximum observed: 7299.27 ops/sec)
Total latency = 3.1275931150817003E7 (+/- 0) us 
Consensus latency = 2570.0723900000003 (+/- 284) us 
Pre-consensus latency = 0.0 (+/- 0) us 
Pos-consensus latency = 3.1273703526134998E7 (+/- 0) us 
Propose latency = 497.605394 (+/- 110) us 
Write latency = 593.1840559999999 (+/- 250) us 
Accept latency = 1479.28294 (+/- 180) us 
Batch average size = NaN (+/- 0) requests
LCMessage ByteCount = 378:14
TOMMessage ByteCount = 96512630:248511
StandardSMMessage ByteCount = 6337:20
ConsensusMessage ByteCount = 919122:20898
--- Measurements after 192000 ops (1000 samples) ---
Throughput = 6711.409 operations/sec (Maximum observed: 7299.27 ops/sec)
Total latency = 3.1368324770599E7 (+/- 0) us 
Consensus latency = 3154.8922039999998 (+/- 1670) us 
Pre-consensus latency = 0.0 (+/- 0) us 
Pos-consensus latency = 3.1365569437352E7 (+/- 0) us 
Propose latency = 977.6059 (+/- 1267) us 
Write latency = 336.216148 (+/- 293) us 
Accept latency = 1841.070156 (+/- 1179) us 
Batch average size = NaN (+/- 0) requests
LCMessage ByteCount = 378:14
TOMMessage ByteCount = 96936592:248911
StandardSMMessage ByteCount = 6337:20
ConsensusMessage ByteCount = 919122:20898
--- Measurements after 193000 ops (1000 samples) ---
Throughput = 5263.1577 operations/sec (Maximum observed: 7299.27 ops/sec)
Total latency = 3.1482969272092998E7 (+/- 0) us 
Consensus latency = 2805.436106 (+/- 180) us 
Pre-consensus latency = 0.0 (+/- 0) us 
Pos-consensus latency = 3.1480511859963E7 (+/- 0) us 
Propose latency = 560.892826 (+/- 161) us 
Write latency = 803.747659 (+/- 235) us 
Accept latency = 1440.795621 (+/- 179) us 
Batch average size = NaN (+/- 0) requests
LCMessage ByteCount = 378:14
TOMMessage ByteCount = 97414718:249362
StandardSMMessage ByteCount = 6337:20
ConsensusMessage ByteCount = 919122:20898
--- Measurements after 194000 ops (1000 samples) ---
Throughput = 7042.2534 operations/sec (Maximum observed: 7299.27 ops/sec)
Total latency = 3.1594643855126E7 (+/- 0) us 
Consensus latency = 2707.1186310000003 (+/- 253) us 
Pre-consensus latency = 0.0 (+/- 0) us 
Pos-consensus latency = 3.1592264591668E7 (+/- 0) us 
Propose latency = 584.259703 (+/- 55) us 
Write latency = 623.557913 (+/- 243) us 
Accept latency = 1499.301015 (+/- 154) us 
Batch average size = NaN (+/- 0) requests
LCMessage ByteCount = 378:14
TOMMessage ByteCount = 97712610:249643
StandardSMMessage ByteCount = 6337:20
ConsensusMessage ByteCount = 919122:20898
--- Measurements after 195000 ops (1000 samples) ---
Throughput = 6849.315 operations/sec (Maximum observed: 7299.27 ops/sec)
Total latency = 3.1681882734936003E7 (+/- 0) us 
Consensus latency = 2605.0293650000003 (+/- 203) us 
Pre-consensus latency = 0.0 (+/- 0) us 
Pos-consensus latency = 3.1679630759591E7 (+/- 0) us 
Propose latency = 600.3603029999999 (+/- 47) us 
Write latency = 536.1069 (+/- 191) us 
Accept latency = 1468.562162 (+/- 137) us 
Batch average size = NaN (+/- 0) requests
LCMessage ByteCount = 378:14
TOMMessage ByteCount = 97930929:249849
StandardSMMessage ByteCount = 6337:20
ConsensusMessage ByteCount = 919122:20898
--- Measurements after 196000 ops (1000 samples) ---
Throughput = 6711.409 operations/sec (Maximum observed: 7299.27 ops/sec)
Total latency = 3.1772536093064997E7 (+/- 0) us 
Consensus latency = 2684.117551 (+/- 257) us 
Pre-consensus latency = 0.0 (+/- 0) us 
Pos-consensus latency = 3.1770222760902E7 (+/- 0) us 
Propose latency = 643.9499470000001 (+/- 159) us 
Write latency = 615.844424 (+/- 184) us 
Accept latency = 1424.3231799999999 (+/- 165) us 
Batch average size = NaN (+/- 0) requests
LCMessage ByteCount = 378:14
TOMMessage ByteCount = 98366524:250260
StandardSMMessage ByteCount = 6337:20
ConsensusMessage ByteCount = 919122:20898
--- Measurements after 197000 ops (1000 samples) ---
Throughput = 4385.965 operations/sec (Maximum observed: 7299.27 ops/sec)
Total latency = 3.1913061844646E7 (+/- 0) us 
Consensus latency = 3227.389064 (+/- 1860) us 
Pre-consensus latency = 0.0 (+/- 0) us 
Pos-consensus latency = 3.1910442684253E7 (+/- 0) us 
Propose latency = 1062.3157350000001 (+/- 1957) us 
Write latency = 618.477287 (+/- 184) us 
Accept latency = 1546.596042 (+/- 149) us 
Batch average size = NaN (+/- 0) requests
LCMessage ByteCount = 378:14
TOMMessage ByteCount = 98872191:250737
StandardSMMessage ByteCount = 6337:20
ConsensusMessage ByteCount = 919122:20898
--- Measurements after 198000 ops (1000 samples) ---
Throughput = 4830.918 operations/sec (Maximum observed: 7299.27 ops/sec)
Total latency = 3.2065123043002E7 (+/- 0) us 
Consensus latency = 3177.7655520000003 (+/- 2847) us 
Pre-consensus latency = 0.0 (+/- 0) us 
Pos-consensus latency = 3.2062705386654E7 (+/- 0) us 
Propose latency = 1316.247668 (+/- 2899) us 
Write latency = 354.71075 (+/- 278) us 
Accept latency = 1506.8071340000001 (+/- 101) us 
Batch average size = NaN (+/- 0) requests
LCMessage ByteCount = 378:14
TOMMessage ByteCount = 99354504:251192
StandardSMMessage ByteCount = 6337:20
ConsensusMessage ByteCount = 919122:20898
--- Measurements after 199000 ops (1000 samples) ---
Throughput = 4784.689 operations/sec (Maximum observed: 7299.27 ops/sec)
Total latency = 3.2219331754261002E7 (+/- 0) us 
Consensus latency = 2603.072126 (+/- 194) us 
Pre-consensus latency = 0.0 (+/- 0) us 
Pos-consensus latency = 3.221708120788E7 (+/- 0) us 
Propose latency = 595.096293 (+/- 49) us 
Write latency = 612.656702 (+/- 132) us 
Accept latency = 1395.319131 (+/- 179) us 
Batch average size = NaN (+/- 0) requests
LCMessage ByteCount = 378:14
TOMMessage ByteCount = 99532546:251360
StandardSMMessage ByteCount = 6337:20
ConsensusMessage ByteCount = 919122:20898
--- Measurements after 200000 ops (1000 samples) ---
Throughput = 3921.5686 operations/sec (Maximum observed: 7299.27 ops/sec)
Total latency = 3.2382138385969E7 (+/- 0) us 
Consensus latency = 2648.197999 (+/- 228) us 
Pre-consensus latency = 0.0 (+/- 0) us 
Pos-consensus latency = 3.2379827157478E7 (+/- 0) us 
Propose latency = 581.8815139999999 (+/- 41) us 
Write latency = 585.965061 (+/- 179) us 
Accept latency = 1480.3514240000002 (+/- 127) us 
Batch average size = NaN (+/- 0) requests
LCMessage ByteCount = 378:14
TOMMessage ByteCount = 99619483:251442
StandardSMMessage ByteCount = 6337:20
ConsensusMessage ByteCount = 919122:20898
--- Measurements after 201000 ops (1000 samples) ---
Throughput = 4784.689 operations/sec (Maximum observed: 7299.27 ops/sec)
Total latency = 3.2571909745681997E7 (+/- 0) us 
Consensus latency = 2692.978543 (+/- 232) us 
Pre-consensus latency = 0.0 (+/- 0) us 
Pos-consensus latency = 3.2569554092256002E7 (+/- 0) us 
Propose latency = 596.727709 (+/- 48) us 
Write latency = 571.077436 (+/- 176) us 
Accept latency = 1525.1733980000001 (+/- 112) us 
Batch average size = NaN (+/- 0) requests
LCMessage ByteCount = 378:14
TOMMessage ByteCount = 99935368:251740
StandardSMMessage ByteCount = 6337:20
ConsensusMessage ByteCount = 919122:20898
--- Measurements after 202000 ops (1000 samples) ---
Throughput = 4761.905 operations/sec (Maximum observed: 7299.27 ops/sec)
Total latency = 3.2721061675155997E7 (+/- 0) us 
Consensus latency = 2843.949666 (+/- 288) us 
Pre-consensus latency = 0.0 (+/- 0) us 
Pos-consensus latency = 3.2718642401442003E7 (+/- 0) us 
Propose latency = 730.034852 (+/- 252) us 
Write latency = 590.23778 (+/- 195) us 
Accept latency = 1523.677034 (+/- 182) us 
Batch average size = NaN (+/- 0) requests
LCMessage ByteCount = 378:14
TOMMessage ByteCount = 100321244:252104
StandardSMMessage ByteCount = 6337:20
ConsensusMessage ByteCount = 919122:20898
--- Measurements after 203000 ops (1000 samples) ---
Throughput = 4784.689 operations/sec (Maximum observed: 7299.27 ops/sec)
Total latency = 3.2877355583984002E7 (+/- 0) us 
Consensus latency = 3671.2459049999998 (+/- 1863) us 
Pre-consensus latency = 0.0 (+/- 0) us 
Pos-consensus latency = 3.2874098942896E7 (+/- 0) us 
Propose latency = 1828.17279 (+/- 1945) us 
Write latency = 389.106939 (+/- 264) us 
Accept latency = 1453.966176 (+/- 115) us 
Batch average size = NaN (+/- 0) requests
LCMessage ByteCount = 378:14
TOMMessage ByteCount = 100555474:252325
StandardSMMessage ByteCount = 6337:20
ConsensusMessage ByteCount = 919122:20898
--- Measurements after 204000 ops (1000 samples) ---
Throughput = 3448.276 operations/sec (Maximum observed: 7299.27 ops/sec)
Total latency = 3.3065296787895E7 (+/- 0) us 
Consensus latency = 2551.821568 (+/- 246) us 
Pre-consensus latency = 0.0 (+/- 0) us 
Pos-consensus latency = 3.3063073908637002E7 (+/- 0) us 
Propose latency = 589.047661 (+/- 52) us 
Write latency = 492.97096899999997 (+/- 207) us 
Accept latency = 1469.802938 (+/- 213) us 
Batch average size = NaN (+/- 0) requests
LCMessage ByteCount = 378:14
TOMMessage ByteCount = 101154426:252890
StandardSMMessage ByteCount = 6337:20
ConsensusMessage ByteCount = 919122:20898
--- Measurements after 205000 ops (1000 samples) ---
Throughput = 5847.953 operations/sec (Maximum observed: 7299.27 ops/sec)
Total latency = 3.3255067732447E7 (+/- 0) us 
Consensus latency = 2604.8791549999996 (+/- 286) us 
Pre-consensus latency = 0.0 (+/- 0) us 
Pos-consensus latency = 3.3252799059584998E7 (+/- 0) us 
Propose latency = 612.308675 (+/- 35) us 
Write latency = 534.563375 (+/- 241) us 
Accept latency = 1458.007105 (+/- 205) us 
Batch average size = NaN (+/- 0) requests
LCMessage ByteCount = 378:14
TOMMessage ByteCount = 101257229:252987
StandardSMMessage ByteCount = 6337:20
ConsensusMessage ByteCount = 919122:20898
--- Measurements after 206000 ops (1000 samples) ---
Throughput = 6622.5166 operations/sec (Maximum observed: 7299.27 ops/sec)
Total latency = 3.3353702105649E7 (+/- 0) us 
Consensus latency = 2563.1409909999998 (+/- 242) us 
Pre-consensus latency = 0.0 (+/- 0) us 
Pos-consensus latency = 3.3351490242993E7 (+/- 0) us 
Propose latency = 607.145681 (+/- 57) us 
Write latency = 436.572116 (+/- 239) us 
Accept latency = 1519.423194 (+/- 151) us 
Batch average size = NaN (+/- 0) requests
LCMessage ByteCount = 378:14
TOMMessage ByteCount = 101291149:253019
StandardSMMessage ByteCount = 6337:20
ConsensusMessage ByteCount = 919122:20898
--- Measurements after 207000 ops (1000 samples) ---
Throughput = 6666.6665 operations/sec (Maximum observed: 7299.27 ops/sec)
Total latency = 3.3447490807914E7 (+/- 0) us 
Consensus latency = 2787.2760070000004 (+/- 325) us 
Pre-consensus latency = 0.0 (+/- 0) us 
Pos-consensus latency = 3.3445113715473E7 (+/- 0) us 
Propose latency = 839.937998 (+/- 443) us 
Write latency = 516.487086 (+/- 273) us 
Accept latency = 1430.850923 (+/- 165) us 
Batch average size = NaN (+/- 0) requests
LCMessage ByteCount = 378:14
TOMMessage ByteCount = 101321888:253048
StandardSMMessage ByteCount = 6337:20
ConsensusMessage ByteCount = 919122:20898
--- Measurements after 208000 ops (1000 samples) ---
Throughput = 5988.024 operations/sec (Maximum observed: 7299.27 ops/sec)
Total latency = 3.3554377556937E7 (+/- 0) us 
Consensus latency = 2724.787745 (+/- 935) us 
Pre-consensus latency = 0.0 (+/- 0) us 
Pos-consensus latency = 3.3551978878314E7 (+/- 0) us 
Propose latency = 829.006876 (+/- 910) us 
Write latency = 399.651414 (+/- 226) us 
Accept latency = 1496.129455 (+/- 119) us 
Batch average size = NaN (+/- 0) requests
LCMessage ByteCount = 378:14
TOMMessage ByteCount = 101357930:253082
StandardSMMessage ByteCount = 6337:20
ConsensusMessage ByteCount = 919122:20898
--- Measurements after 209000 ops (1000 samples) ---
Throughput = 6711.409 operations/sec (Maximum observed: 7299.27 ops/sec)
Total latency = 3.3654337552693E7 (+/- 0) us 
Consensus latency = 2459.84164 (+/- 227) us 
Pre-consensus latency = 0.0 (+/- 0) us 
Pos-consensus latency = 3.3652222019478E7 (+/- 0) us 
Propose latency = 578.047776 (+/- 60) us 
Write latency = 375.259723 (+/- 200) us 
Accept latency = 1506.534141 (+/- 163) us 
Batch average size = NaN (+/- 0) requests
LCMessage ByteCount = 378:14
TOMMessage ByteCount = 101410931:253132
StandardSMMessage ByteCount = 6337:20
ConsensusMessage ByteCount = 919122:20898
--- Measurements after 210000 ops (1000 samples) ---
Throughput = 6622.5166 operations/sec (Maximum observed: 7299.27 ops/sec)
Total latency = 3.3751145125691004E7 (+/- 0) us 
Consensus latency = 2603.361619 (+/- 217) us 
Pre-consensus latency = 0.0 (+/- 0) us 
Pos-consensus latency = 3.3748878816749E7 (+/- 0) us 
Propose latency = 530.893825 (+/- 75) us 
Write latency = 621.970392 (+/- 229) us 
Accept latency = 1450.497402 (+/- 215) us 
Batch average size = NaN (+/- 0) requests
LCMessage ByteCount = 378:14
TOMMessage ByteCount = 101481972:253199
StandardSMMessage ByteCount = 6337:20
ConsensusMessage ByteCount = 919122:20898
--- Measurements after 211000 ops (1000 samples) ---
Throughput = 6711.409 operations/sec (Maximum observed: 7299.27 ops/sec)
Total latency = 3.3846379256872E7 (+/- 0) us 
Consensus latency = 2612.8623820000003 (+/- 268) us 
Pre-consensus latency = 0.0 (+/- 0) us 
Pos-consensus latency = 3.3844115082466E7 (+/- 0) us 
Propose latency = 551.251108 (+/- 73) us 
Write latency = 580.7671829999999 (+/- 236) us 
Accept latency = 1480.844091 (+/- 201) us 
Batch average size = NaN (+/- 0) requests
LCMessage ByteCount = 378:14
TOMMessage ByteCount = 101522246:253237
StandardSMMessage ByteCount = 6337:20
ConsensusMessage ByteCount = 919122:20898
--- Measurements after 212000 ops (1000 samples) ---
Throughput = 5882.353 operations/sec (Maximum observed: 7299.27 ops/sec)
Total latency = 3.3958581526653E7 (+/- 0) us 
Consensus latency = 2697.489293 (+/- 263) us 
Pre-consensus latency = 0.0 (+/- 0) us 
Pos-consensus latency = 3.3956241429337E7 (+/- 0) us 
Propose latency = 612.735676 (+/- 57) us 
Write latency = 626.279126 (+/- 225) us 
Accept latency = 1458.474491 (+/- 156) us 
Batch average size = NaN (+/- 0) requests
LCMessage ByteCount = 378:14
TOMMessage ByteCount = 101530731:253245
StandardSMMessage ByteCount = 6337:20
ConsensusMessage ByteCount = 919122:20898
--- Measurements after 213000 ops (1000 samples) ---
Throughput = 6578.9473 operations/sec (Maximum observed: 7299.27 ops/sec)
Total latency = 3.4053164937012E7 (+/- 0) us 
Consensus latency = 2855.975144 (+/- 427) us 
Pre-consensus latency = 0.0 (+/- 0) us 
Pos-consensus latency = 3.405079920557E7 (+/- 0) us 
Propose latency = 955.7521700000001 (+/- 504) us 
Write latency = 399.18260300000003 (+/- 196) us 
Accept latency = 1501.040371 (+/- 136) us 
Batch average size = NaN (+/- 0) requests
LCMessage ByteCount = 378:14
TOMMessage ByteCount = 101582682:253294
StandardSMMessage ByteCount = 6337:20
ConsensusMessage ByteCount = 919122:20898
--- Measurements after 214000 ops (1000 samples) ---
Throughput = 6849.315 operations/sec (Maximum observed: 7299.27 ops/sec)
Total latency = 3.4147741477474995E7 (+/- 0) us 
Consensus latency = 2911.562258 (+/- 1551) us 
Pre-consensus latency = 0.0 (+/- 0) us 
Pos-consensus latency = 3.4145192608862996E7 (+/- 0) us 
Propose latency = 620.033875 (+/- 69) us 
Write latency = 793.50553 (+/- 1569) us 
Accept latency = 1498.022853 (+/- 201) us 
Batch average size = NaN (+/- 0) requests
LCMessage ByteCount = 378:14
TOMMessage ByteCount = 101618717:253328
StandardSMMessage ByteCount = 6337:20
ConsensusMessage ByteCount = 919122:20898
--- Measurements after 215000 ops (1000 samples) ---
Throughput = 5714.2856 operations/sec (Maximum observed: 7299.27 ops/sec)
Total latency = 3.4248754399673E7 (+/- 0) us 
Consensus latency = 2611.2544730000004 (+/- 207) us 
Pre-consensus latency = 0.0 (+/- 0) us 
Pos-consensus latency = 3.4246493578141995E7 (+/- 0) us 
Propose latency = 596.741261 (+/- 56) us 
Write latency = 610.193332 (+/- 145) us 
Accept latency = 1404.3198799999998 (+/- 171) us 
Batch average size = NaN (+/- 0) requests
LCMessage ByteCount = 378:14
TOMMessage ByteCount = 101719411:253423
StandardSMMessage ByteCount = 6337:20
ConsensusMessage ByteCount = 919122:20898
--- Measurements after 216000 ops (1000 samples) ---
Throughput = 6329.114 operations/sec (Maximum observed: 7299.27 ops/sec)
Total latency = 3.4374897339814E7 (+/- 0) us 
Consensus latency = 2688.539622 (+/- 176) us 
Pre-consensus latency = 0.0 (+/- 0) us 
Pos-consensus latency = 3.4372570218318E7 (+/- 0) us 
Propose latency = 611.330498 (+/- 32) us 
Write latency = 629.435892 (+/- 148) us 
Accept latency = 1447.773232 (+/- 121) us 
Batch average size = NaN (+/- 0) requests
LCMessage ByteCount = 378:14
TOMMessage ByteCount = 101865695:253561
StandardSMMessage ByteCount = 6337:20
ConsensusMessage ByteCount = 919122:20898
--- Measurements after 217000 ops (1000 samples) ---
Throughput = 6849.315 operations/sec (Maximum observed: 7299.27 ops/sec)
Total latency = 3.4461230933672994E7 (+/- 0) us 
Consensus latency = 2639.006776 (+/- 213) us 
Pre-consensus latency = 0.0 (+/- 0) us 
Pos-consensus latency = 3.4458929408386E7 (+/- 0) us 
Propose latency = 587.455959 (+/- 49) us 
Write latency = 593.253329 (+/- 175) us 
Accept latency = 1458.297488 (+/- 152) us 
Batch average size = NaN (+/- 0) requests
LCMessage ByteCount = 378:14
TOMMessage ByteCount = 102054342:253739
StandardSMMessage ByteCount = 6337:20
ConsensusMessage ByteCount = 919122:20898
--- Measurements after 218000 ops (1000 samples) ---
Throughput = 6666.6665 operations/sec (Maximum observed: 7299.27 ops/sec)
Total latency = 3.455398303066E7 (+/- 0) us 
Consensus latency = 2893.304658 (+/- 216) us 
Pre-consensus latency = 0.0 (+/- 0) us 
Pos-consensus latency = 3.4551528064387E7 (+/- 0) us 
Propose latency = 743.04205 (+/- 196) us 
Write latency = 599.8832510000001 (+/- 250) us 
Accept latency = 1550.379357 (+/- 126) us 
Batch average size = NaN (+/- 0) requests
LCMessage ByteCount = 378:14
TOMMessage ByteCount = 102117973:253799
StandardSMMessage ByteCount = 6337:20
ConsensusMessage ByteCount = 919122:20898
--- Measurements after 219000 ops (1000 samples) ---
Throughput = 6172.8394 operations/sec (Maximum observed: 7299.27 ops/sec)
Total latency = 3.4655925913748E7 (+/- 0) us 
Consensus latency = 2637.437978 (+/- 513) us 
Pre-consensus latency = 0.0 (+/- 0) us 
Pos-consensus latency = 3.4653610557406E7 (+/- 0) us 
Propose latency = 724.3322909999999 (+/- 497) us 
Write latency = 420.70243300000004 (+/- 255) us 
Accept latency = 1492.403254 (+/- 114) us 
Batch average size = NaN (+/- 0) requests
LCMessage ByteCount = 378:14
TOMMessage ByteCount = 102163571:253842
StandardSMMessage ByteCount = 6337:20
ConsensusMessage ByteCount = 919122:20898
--- Measurements after 220000 ops (1000 samples) ---
Throughput = 6666.6665 operations/sec (Maximum observed: 7299.27 ops/sec)
Total latency = 3.4758244291404E7 (+/- 0) us 
Consensus latency = 2696.5785849999997 (+/- 204) us 
Pre-consensus latency = 0.0 (+/- 0) us 
Pos-consensus latency = 3.4755894924234E7 (+/- 0) us 
Propose latency = 583.2475330000001 (+/- 74) us 
Write latency = 587.3004159999999 (+/- 154) us 
Accept latency = 1526.030636 (+/- 188) us 
Batch average size = NaN (+/- 0) requests
LCMessage ByteCount = 378:14
TOMMessage ByteCount = 102183723:253861
StandardSMMessage ByteCount = 6337:20
ConsensusMessage ByteCount = 919122:20898
--- Measurements after 221000 ops (1000 samples) ---
Throughput = 6711.409 operations/sec (Maximum observed: 7299.27 ops/sec)
Total latency = 3.485139503443699E7 (+/- 0) us 
Consensus latency = 2558.5750350000003 (+/- 186) us 
Pre-consensus latency = 0.0 (+/- 0) us 
Pos-consensus latency = 3.4849206645893E7 (+/- 0) us 
Propose latency = 620.861174 (+/- 41) us 
Write latency = 500.899689 (+/- 204) us 
Accept latency = 1436.814172 (+/- 136) us 
Batch average size = NaN (+/- 0) requests
LCMessage ByteCount = 378:14
TOMMessage ByteCount = 102196441:253873
StandardSMMessage ByteCount = 6337:20
ConsensusMessage ByteCount = 919122:20898
--- Measurements after 222000 ops (1000 samples) ---
Throughput = 7518.797 operations/sec (Maximum observed: 7518.797 ops/sec)
Total latency = 3.4937822501123E7 (+/- 0) us 
Consensus latency = 2572.736437 (+/- 159) us 
Pre-consensus latency = 0.0 (+/- 0) us 
Pos-consensus latency = 3.4935617060529E7 (+/- 0) us 
Propose latency = 618.480786 (+/- 30) us 
Write latency = 522.348622 (+/- 157) us 
Accept latency = 1431.9070290000002 (+/- 116) us 
Batch average size = NaN (+/- 0) requests
LCMessage ByteCount = 378:14
TOMMessage ByteCount = 102207035:253883
StandardSMMessage ByteCount = 6337:20
ConsensusMessage ByteCount = 919122:20898
--- Measurements after 223000 ops (1000 samples) ---
Throughput = 5988.024 operations/sec (Maximum observed: 7518.797 ops/sec)
Total latency = 3.5031152359549E7 (+/- 0) us 
Consensus latency = 3091.463116 (+/- 1632) us 
Pre-consensus latency = 0.0 (+/- 0) us 
Pos-consensus latency = 3.5028408700185E7 (+/- 0) us 
Propose latency = 599.474346 (+/- 46) us 
Write latency = 601.896426 (+/- 134) us 
Accept latency = 1890.0923440000001 (+/- 1669) us 
Batch average size = NaN (+/- 0) requests
LCMessage ByteCount = 378:14
TOMMessage ByteCount = 102224000:253899
StandardSMMessage ByteCount = 6337:20
ConsensusMessage ByteCount = 919122:20898
--- Measurements after 224000 ops (1000 samples) ---
Throughput = 6666.6665 operations/sec (Maximum observed: 7518.797 ops/sec)
Total latency = 3.5129035771815E7 (+/- 0) us 
Consensus latency = 3658.252897 (+/- 1764) us 
Pre-consensus latency = 0.0 (+/- 0) us 
Pos-consensus latency = 3.5125826863016E7 (+/- 0) us 
Propose latency = 1432.769129 (+/- 1449) us 
Write latency = 416.373338 (+/- 336) us 
Accept latency = 1809.11043 (+/- 1321) us 
Batch average size = NaN (+/- 0) requests
LCMessage ByteCount = 378:14
TOMMessage ByteCount = 102243080:253917
StandardSMMessage ByteCount = 6337:20
ConsensusMessage ByteCount = 919122:20898
--- Measurements after 225000 ops (1000 samples) ---
Throughput = 6666.6665 operations/sec (Maximum observed: 7518.797 ops/sec)
Total latency = 3.5224569611278E7 (+/- 0) us 
Consensus latency = 2450.8490699999998 (+/- 286) us 
Pre-consensus latency = 0.0 (+/- 0) us 
Pos-consensus latency = 3.5222442630334E7 (+/- 0) us 
Propose latency = 573.927897 (+/- 66) us 
Write latency = 410.63721100000004 (+/- 283) us 
Accept latency = 1466.283962 (+/- 161) us 
Batch average size = NaN (+/- 0) requests
LCMessage ByteCount = 378:14
TOMMessage ByteCount = 102256865:253930
StandardSMMessage ByteCount = 6337:20
ConsensusMessage ByteCount = 919122:20898
--- Measurements after 226000 ops (1000 samples) ---
Throughput = 6711.409 operations/sec (Maximum observed: 7518.797 ops/sec)
Total latency = 3.5319869586614E7 (+/- 0) us 
Consensus latency = 2606.766221 (+/- 192) us 
Pre-consensus latency = 0.0 (+/- 0) us 
Pos-consensus latency = 3.5317599251509E7 (+/- 0) us 
Propose latency = 564.7768540000001 (+/- 47) us 
Write latency = 570.3994799999999 (+/- 275) us 
Accept latency = 1471.589887 (+/- 136) us 
Batch average size = NaN (+/- 0) requests
LCMessage ByteCount = 378:14
TOMMessage ByteCount = 102265361:253938
StandardSMMessage ByteCount = 6337:20
ConsensusMessage ByteCount = 919122:20898
--- Measurements after 227000 ops (1000 samples) ---
Throughput = 5988.024 operations/sec (Maximum observed: 7518.797 ops/sec)
Total latency = 3.5434371993144E7 (+/- 0) us 
Consensus latency = 2624.726073 (+/- 206) us 
Pre-consensus latency = 0.0 (+/- 0) us 
Pos-consensus latency = 3.5432088775915004E7 (+/- 0) us 
Propose latency = 568.3818299999999 (+/- 58) us 
Write latency = 490.832603 (+/- 170) us 
Accept latency = 1565.51164 (+/- 132) us 
Batch average size = NaN (+/- 0) requests
LCMessage ByteCount = 378:14
TOMMessage ByteCount = 102273841:253946
StandardSMMessage ByteCount = 6337:20
ConsensusMessage ByteCount = 919122:20898
--- Measurements after 228000 ops (1000 samples) ---
Throughput = 7692.3076 operations/sec (Maximum observed: 7692.3076 ops/sec)
Total latency = 3.5514659013544E7 (+/- 0) us 
Consensus latency = 2620.3728220000003 (+/- 216) us 
Pre-consensus latency = 0.0 (+/- 0) us 
Pos-consensus latency = 3.5512365517028E7 (+/- 0) us 
Propose latency = 514.14145 (+/- 83) us 
Write latency = 622.980499 (+/- 182) us 
Accept latency = 1483.250873 (+/- 164) us 
Batch average size = NaN (+/- 0) requests
LCMessage ByteCount = 378:14
TOMMessage ByteCount = 102281249:253953
StandardSMMessage ByteCount = 6337:20
ConsensusMessage ByteCount = 919122:20898
--- Measurements after 229000 ops (1000 samples) ---
Throughput = 7194.2446 operations/sec (Maximum observed: 7692.3076 ops/sec)
Total latency = 3.5591666689301E7 (+/- 0) us 
Consensus latency = 3198.404751 (+/- 1411) us 
Pre-consensus latency = 0.0 (+/- 0) us 
Pos-consensus latency = 3.5588860909353994E7 (+/- 0) us 
Propose latency = 653.338477 (+/- 135) us 
Write latency = 718.7818510000001 (+/- 293) us 
Accept latency = 1826.284423 (+/- 1336) us 
Batch average size = NaN (+/- 0) requests
LCMessage ByteCount = 378:14
TOMMessage ByteCount = 102286559:253958
StandardSMMessage ByteCount = 6337:20
ConsensusMessage ByteCount = 919122:20898
--- Measurements after 230000 ops (1000 samples) ---
Throughput = 5988.024 operations/sec (Maximum observed: 7692.3076 ops/sec)
Total latency = 3.5679959709195E7 (+/- 0) us 
Consensus latency = 2493.3761400000003 (+/- 783) us 
Pre-consensus latency = 0.0 (+/- 0) us 
Pos-consensus latency = 3.5677781523214E7 (+/- 0) us 
Propose latency = 723.505812 (+/- 822) us 
Write latency = 380.17263799999995 (+/- 314) us 
Accept latency = 1389.69769 (+/- 167) us 
Batch average size = NaN (+/- 0) requests
LCMessage ByteCount = 378:14
TOMMessage ByteCount = 102291859:253963
StandardSMMessage ByteCount = 6337:20
ConsensusMessage ByteCount = 919122:20898
--- Measurements after 231000 ops (1000 samples) ---
Throughput = 7092.1987 operations/sec (Maximum observed: 7692.3076 ops/sec)
Total latency = 3.5784443922404E7 (+/- 0) us 
Consensus latency = 2608.871318 (+/- 190) us 
Pre-consensus latency = 0.0 (+/- 0) us 
Pos-consensus latency = 3.5782191337789E7 (+/- 0) us 
Propose latency = 557.198686 (+/- 61) us 
Write latency = 518.46249 (+/- 224) us 
Accept latency = 1533.210142 (+/- 137) us 
Batch average size = NaN (+/- 0) requests
LCMessage ByteCount = 378:14
TOMMessage ByteCount = 102297169:253968
StandardSMMessage ByteCount = 6337:20
ConsensusMessage ByteCount = 919122:20898
--- Measurements after 232000 ops (1000 samples) ---
Throughput = 6711.409 operations/sec (Maximum observed: 7692.3076 ops/sec)
Total latency = 3.5876662117836E7 (+/- 0) us 
Consensus latency = 2505.446579 (+/- 267) us 
Pre-consensus latency = 0.0 (+/- 0) us 
Pos-consensus latency = 3.5874491338493E7 (+/- 0) us 
Propose latency = 528.0414159999999 (+/- 56) us 
Write latency = 579.8249930000001 (+/- 191) us 
Accept latency = 1397.58017 (+/- 147) us 
Batch average size = NaN (+/- 0) requests
LCMessage ByteCount = 378:14
TOMMessage ByteCount = 102302464:253973
StandardSMMessage ByteCount = 6337:20
ConsensusMessage ByteCount = 919122:20898
--- Measurements after 233000 ops (1000 samples) ---
Throughput = 6666.6665 operations/sec (Maximum observed: 7692.3076 ops/sec)
Total latency = 3.5970242474379994E7 (+/- 0) us 
Consensus latency = 2648.199983 (+/- 204) us 
Pre-consensus latency = 0.0 (+/- 0) us 
Pos-consensus latency = 3.5967904601073995E7 (+/- 0) us 
Propose latency = 499.96689399999997 (+/- 85) us 
Write latency = 683.893039 (+/- 153) us 
Accept latency = 1464.34005 (+/- 145) us 
Batch average size = NaN (+/- 0) requests
LCMessage ByteCount = 378:14
TOMMessage ByteCount = 102315166:253985
StandardSMMessage ByteCount = 6337:20
ConsensusMessage ByteCount = 919122:20898
--- Measurements after 234000 ops (1000 samples) ---
Throughput = 6060.606 operations/sec (Maximum observed: 7692.3076 ops/sec)
Total latency = 3.6066508069611E7 (+/- 0) us 
Consensus latency = 3466.931457 (+/- 1451) us 
Pre-consensus latency = 0.0 (+/- 0) us 
Pos-consensus latency = 3.6063557526016E7 (+/- 0) us 
Propose latency = 867.2896679999999 (+/- 415) us 
Write latency = 1147.19206 (+/- 1361) us 
Accept latency = 1452.4497290000002 (+/- 150) us 
Batch average size = NaN (+/- 0) requests
LCMessage ByteCount = 378:14
TOMMessage ByteCount = 102330008:253999
StandardSMMessage ByteCount = 6337:20
ConsensusMessage ByteCount = 919122:20898
--- Measurements after 235000 ops (1000 samples) ---
Throughput = 6711.409 operations/sec (Maximum observed: 7692.3076 ops/sec)
Total latency = 3.6173940072897E7 (+/- 0) us 
Consensus latency = 2957.782647 (+/- 1753) us 
Pre-consensus latency = 0.0 (+/- 0) us 
Pos-consensus latency = 3.6171335278257005E7 (+/- 0) us 
Propose latency = 784.085517 (+/- 657) us 
Write latency = 402.860733 (+/- 359) us 
Accept latency = 1770.836397 (+/- 1616) us 
Batch average size = NaN (+/- 0) requests
LCMessage ByteCount = 378:14
TOMMessage ByteCount = 102344851:254013
StandardSMMessage ByteCount = 6337:20
ConsensusMessage ByteCount = 919122:20898
--- Measurements after 236000 ops (1000 samples) ---
Throughput = 6666.6665 operations/sec (Maximum observed: 7692.3076 ops/sec)
Total latency = 3.6269786544861004E7 (+/- 0) us 
Consensus latency = 2754.1164959999996 (+/- 275) us 
Pre-consensus latency = 0.0 (+/- 0) us 
Pos-consensus latency = 3.6267375132075995E7 (+/- 0) us 
Propose latency = 599.3532280000001 (+/- 67) us 
Write latency = 630.629824 (+/- 201) us 
Accept latency = 1524.1334439999998 (+/- 164) us 
Batch average size = NaN (+/- 0) requests
LCMessage ByteCount = 378:14
TOMMessage ByteCount = 102351212:254019
StandardSMMessage ByteCount = 6337:20
ConsensusMessage ByteCount = 919122:20898
--- Measurements after 237000 ops (1000 samples) ---
Throughput = 6666.6665 operations/sec (Maximum observed: 7692.3076 ops/sec)
Total latency = 3.6364886534212E7 (+/- 0) us 
Consensus latency = 2609.5459640000004 (+/- 221) us 
Pre-consensus latency = 0.0 (+/- 0) us 
Pos-consensus latency = 3.6362625585016E7 (+/- 0) us 
Propose latency = 588.593671 (+/- 53) us 
Write latency = 539.3884429999999 (+/- 104) us 
Accept latency = 1481.56385 (+/- 177) us 
Batch average size = NaN (+/- 0) requests
LCMessage ByteCount = 378:14
TOMMessage ByteCount = 102360744:254028
StandardSMMessage ByteCount = 6337:20
ConsensusMessage ByteCount = 919122:20898
--- Measurements after 238000 ops (1000 samples) ---
Throughput = 5464.481 operations/sec (Maximum observed: 7692.3076 ops/sec)
Total latency = 3.6468789712012E7 (+/- 0) us 
Consensus latency = 2665.0647000000004 (+/- 236) us 
Pre-consensus latency = 0.0 (+/- 0) us 
Pos-consensus latency = 3.6466436273453005E7 (+/- 0) us 
Propose latency = 588.49041 (+/- 103) us 
Write latency = 595.3089520000001 (+/- 178) us 
Accept latency = 1481.265338 (+/- 148) us 
Batch average size = NaN (+/- 0) requests
LCMessage ByteCount = 378:14
TOMMessage ByteCount = 102386185:254052
StandardSMMessage ByteCount = 6337:20
ConsensusMessage ByteCount = 919122:20898
--- Measurements after 239000 ops (1000 samples) ---
Throughput = 6666.6665 operations/sec (Maximum observed: 7692.3076 ops/sec)
Total latency = 3.6584464464738E7 (+/- 0) us 
Consensus latency = 2560.612573 (+/- 241) us 
Pre-consensus latency = 0.0 (+/- 0) us 
Pos-consensus latency = 3.6582242685488E7 (+/- 0) us 
Propose latency = 576.258533 (+/- 51) us 
Write latency = 555.553206 (+/- 141) us 
Accept latency = 1428.8008340000001 (+/- 204) us 
Batch average size = NaN (+/- 0) requests
LCMessage ByteCount = 378:14
TOMMessage ByteCount = 102409529:254074
StandardSMMessage ByteCount = 6337:20
ConsensusMessage ByteCount = 919122:20898
--- Measurements after 240000 ops (1000 samples) ---
Throughput = 6711.409 operations/sec (Maximum observed: 7692.3076 ops/sec)
Total latency = 3.6674344673837E7 (+/- 0) us 
Consensus latency = 4401.523194 (+/- 1829) us 
Pre-consensus latency = 0.0 (+/- 0) us 
Pos-consensus latency = 3.6670548168875E7 (+/- 0) us 
Propose latency = 2178.8405559999997 (+/- 1836) us 
Write latency = 346.067414 (+/- 310) us 
Accept latency = 1876.615224 (+/- 1480) us 
Batch average size = NaN (+/- 0) requests
LCMessage ByteCount = 378:14
TOMMessage ByteCount = 102435001:254098
StandardSMMessage ByteCount = 6337:20
ConsensusMessage ByteCount = 919122:20898
--- Measurements after 241000 ops (1000 samples) ---
Throughput = 6711.409 operations/sec (Maximum observed: 7692.3076 ops/sec)
Total latency = 3.6772416074065E7 (+/- 0) us 
Consensus latency = 2764.359588 (+/- 984) us 
Pre-consensus latency = 0.0 (+/- 0) us 
Pos-consensus latency = 3.6769998490806E7 (+/- 0) us 
Propose latency = 833.00247 (+/- 1026) us 
Write latency = 418.496609 (+/- 311) us 
Accept latency = 1512.860509 (+/- 133) us 
Batch average size = NaN (+/- 0) requests
LCMessage ByteCount = 378:14
TOMMessage ByteCount = 102445611:254108
StandardSMMessage ByteCount = 6337:20
ConsensusMessage ByteCount = 919122:20898
--- Measurements after 242000 ops (1000 samples) ---
Throughput = 6097.561 operations/sec (Maximum observed: 7692.3076 ops/sec)
Total latency = 3.687524979186E7 (+/- 0) us 
Consensus latency = 2561.838604 (+/- 203) us 
Pre-consensus latency = 0.0 (+/- 0) us 
Pos-consensus latency = 3.6873036814209E7 (+/- 0) us 
Propose latency = 584.116425 (+/- 55) us 
Write latency = 505.616914 (+/- 172) us 
Accept latency = 1472.105265 (+/- 227) us 
Batch average size = NaN (+/- 0) requests
LCMessage ByteCount = 378:14
TOMMessage ByteCount = 102492266:254152
StandardSMMessage ByteCount = 6337:20
ConsensusMessage ByteCount = 919122:20898
--- Measurements after 243000 ops (1000 samples) ---
Throughput = 6711.409 operations/sec (Maximum observed: 7692.3076 ops/sec)
Total latency = 3.6975223576312E7 (+/- 0) us 
Consensus latency = 2448.127719 (+/- 149) us 
Pre-consensus latency = 0.0 (+/- 0) us 
Pos-consensus latency = 3.6973112462088E7 (+/- 0) us 
Propose latency = 574.77069 (+/- 66) us 
Write latency = 483.63711099999995 (+/- 179) us 
Accept latency = 1389.719918 (+/- 113) us 
Batch average size = NaN (+/- 0) requests
LCMessage ByteCount = 378:14
TOMMessage ByteCount = 102507107:254166
StandardSMMessage ByteCount = 6337:20
ConsensusMessage ByteCount = 919122:20898
--- Measurements after 244000 ops (1000 samples) ---
Throughput = 6711.409 operations/sec (Maximum observed: 7692.3076 ops/sec)
Total latency = 3.7068711268631E7 (+/- 0) us 
Consensus latency = 2380.8640950000004 (+/- 201) us 
Pre-consensus latency = 0.0 (+/- 0) us 
Pos-consensus latency = 3.7066673867758006E7 (+/- 0) us 
Propose latency = 590.43425 (+/- 39) us 
Write latency = 335.04169 (+/- 192) us 
Accept latency = 1455.388155 (+/- 129) us 
Batch average size = NaN (+/- 0) requests
LCMessage ByteCount = 378:14
TOMMessage ByteCount = 102513457:254172
StandardSMMessage ByteCount = 6337:20
ConsensusMessage ByteCount = 919122:20898
--- Measurements after 245000 ops (1000 samples) ---
Throughput = 6711.409 operations/sec (Maximum observed: 7692.3076 ops/sec)
Total latency = 3.7161950602730006E7 (+/- 0) us 
Consensus latency = 2651.052926 (+/- 375) us 
Pre-consensus latency = 0.0 (+/- 0) us 
Pos-consensus latency = 3.7159696612265E7 (+/- 0) us 
Propose latency = 681.3152879999999 (+/- 117) us 
Write latency = 510.220927 (+/- 203) us 
Accept latency = 1459.516711 (+/- 161) us 
Batch average size = NaN (+/- 0) requests
LCMessage ByteCount = 378:14
TOMMessage ByteCount = 102524052:254182
StandardSMMessage ByteCount = 6337:20
ConsensusMessage ByteCount = 919122:20898
--- Measurements after 246000 ops (1000 samples) ---
Throughput = 6024.096 operations/sec (Maximum observed: 7692.3076 ops/sec)
Total latency = 3.7265204798521005E7 (+/- 0) us 
Consensus latency = 3697.8460099999998 (+/- 3834) us 
Pre-consensus latency = 0.0 (+/- 0) us 
Pos-consensus latency = 3.7262323854675E7 (+/- 0) us 
Propose latency = 1835.53471 (+/- 3972) us 
Write latency = 441.12871 (+/- 302) us 
Accept latency = 1421.1825900000001 (+/- 212) us 
Batch average size = NaN (+/- 0) requests
LCMessage ByteCount = 378:14
TOMMessage ByteCount = 102548443:254205
StandardSMMessage ByteCount = 6337:20
ConsensusMessage ByteCount = 919122:20898
--- Measurements after 247000 ops (1000 samples) ---
Throughput = 6711.409 operations/sec (Maximum observed: 7692.3076 ops/sec)
Total latency = 3.7365417727332E7 (+/- 0) us 
Consensus latency = 2570.534964 (+/- 195) us 
Pre-consensus latency = 0.0 (+/- 0) us 
Pos-consensus latency = 3.7363158819916E7 (+/- 0) us 
Propose latency = 498.827378 (+/- 79) us 
Write latency = 679.559378 (+/- 198) us 
Accept latency = 1392.148208 (+/- 188) us 
Batch average size = NaN (+/- 0) requests
LCMessage ByteCount = 378:14
TOMMessage ByteCount = 102569663:254225
StandardSMMessage ByteCount = 6337:20
ConsensusMessage ByteCount = 919122:20898
--- Measurements after 248000 ops (1000 samples) ---
Throughput = 6711.409 operations/sec (Maximum observed: 7692.3076 ops/sec)
Total latency = 3.745779975893801E7 (+/- 0) us 
Consensus latency = 2568.2213309999997 (+/- 180) us 
Pre-consensus latency = 0.0 (+/- 0) us 
Pos-consensus latency = 3.7455550468619004E7 (+/- 0) us 
Propose latency = 556.348042 (+/- 59) us 
Write latency = 566.836669 (+/- 135) us 
Accept latency = 1445.03662 (+/- 139) us 
Batch average size = NaN (+/- 0) requests
LCMessage ByteCount = 378:14
TOMMessage ByteCount = 102590851:254245
StandardSMMessage ByteCount = 6337:20
ConsensusMessage ByteCount = 919122:20898
--- Measurements after 249000 ops (1000 samples) ---
Throughput = 6711.409 operations/sec (Maximum observed: 7692.3076 ops/sec)
Total latency = 3.7549435387956E7 (+/- 0) us 
Consensus latency = 2663.992644 (+/- 213) us 
Pre-consensus latency = 0.0 (+/- 0) us 
Pos-consensus latency = 3.7547113151035E7 (+/- 0) us 
Propose latency = 602.5778419999999 (+/- 35) us 
Write latency = 633.2691609999999 (+/- 173) us 
Accept latency = 1428.145641 (+/- 161) us 
Batch average size = NaN (+/- 0) requests
LCMessage ByteCount = 378:14
TOMMessage ByteCount = 102607811:254261
StandardSMMessage ByteCount = 6337:20
ConsensusMessage ByteCount = 919122:20898
--- Measurements after 250000 ops (1000 samples) ---
Throughput = 5291.0054 operations/sec (Maximum observed: 7692.3076 ops/sec)
Total latency = 3.7669152922816E7 (+/- 0) us 
Consensus latency = 2660.400813 (+/- 182) us 
Pre-consensus latency = 0.0 (+/- 0) us 
Pos-consensus latency = 3.766689164789E7 (+/- 0) us 
Propose latency = 659.309667 (+/- 202) us 
Write latency = 611.958392 (+/- 172) us 
Accept latency = 1389.132754 (+/- 206) us 
Batch average size = NaN (+/- 0) requests
LCMessage ByteCount = 378:14
TOMMessage ByteCount = 102627953:254280
StandardSMMessage ByteCount = 6337:20
ConsensusMessage ByteCount = 919122:20898
--- Measurements after 251000 ops (1000 samples) ---
Throughput = 6711.409 operations/sec (Maximum observed: 7692.3076 ops/sec)
Total latency = 3.77726326091E7 (+/- 0) us 
Consensus latency = 2970.917048 (+/- 834) us 
Pre-consensus latency = 0.0 (+/- 0) us 
Pos-consensus latency = 3.7770030765063E7 (+/- 0) us 
Propose latency = 774.598377 (+/- 672) us 
Write latency = 735.3943909999999 (+/- 564) us 
Accept latency = 1460.92428 (+/- 177) us 
Batch average size = NaN (+/- 0) requests
LCMessage ByteCount = 378:14
TOMMessage ByteCount = 102863268:254502
StandardSMMessage ByteCount = 6337:20
ConsensusMessage ByteCount = 919122:20898
--- Measurements after 252000 ops (1000 samples) ---
Throughput = 6756.757 operations/sec (Maximum observed: 7692.3076 ops/sec)
Total latency = 3.7866341091393E7 (+/- 0) us 
Consensus latency = 2600.161965 (+/- 208) us 
Pre-consensus latency = 0.0 (+/- 0) us 
Pos-consensus latency = 3.786409202568E7 (+/- 0) us 
Propose latency = 555.380164 (+/- 64) us 
Write latency = 544.218576 (+/- 197) us 
Accept latency = 1500.563225 (+/- 82) us 
Batch average size = NaN (+/- 0) requests
LCMessage ByteCount = 378:14
TOMMessage ByteCount = 103050882:254679
StandardSMMessage ByteCount = 6337:20
ConsensusMessage ByteCount = 919122:20898
--- Measurements after 253000 ops (1000 samples) ---
Throughput = 6097.561 operations/sec (Maximum observed: 7692.3076 ops/sec)
Total latency = 3.7960943073009E7 (+/- 0) us 
Consensus latency = 2545.349668 (+/- 211) us 
Pre-consensus latency = 0.0 (+/- 0) us 
Pos-consensus latency = 3.795870879357E7 (+/- 0) us 
Propose latency = 542.669808 (+/- 68) us 
Write latency = 598.2531319999999 (+/- 173) us 
Accept latency = 1404.426728 (+/- 179) us 
Batch average size = NaN (+/- 0) requests
LCMessage ByteCount = 378:14
TOMMessage ByteCount = 103255469:254872
StandardSMMessage ByteCount = 6337:20
ConsensusMessage ByteCount = 919122:20898
--- Measurements after 254000 ops (1000 samples) ---
Throughput = 6711.409 operations/sec (Maximum observed: 7692.3076 ops/sec)
Total latency = 3.8066162225252E7 (+/- 0) us 
Consensus latency = 2626.7083709999997 (+/- 260) us 
Pre-consensus latency = 0.0 (+/- 0) us 
Pos-consensus latency = 3.8063884085276E7 (+/- 0) us 
Propose latency = 562.858185 (+/- 55) us 
Write latency = 636.843469 (+/- 230) us 
Accept latency = 1427.006717 (+/- 166) us 
Batch average size = NaN (+/- 0) requests
LCMessage ByteCount = 378:14
TOMMessage ByteCount = 103355121:254966
StandardSMMessage ByteCount = 6337:20
ConsensusMessage ByteCount = 919122:20898
--- Measurements after 255000 ops (1000 samples) ---
Throughput = 6711.409 operations/sec (Maximum observed: 7692.3076 ops/sec)
Total latency = 3.8157941039694004E7 (+/- 0) us 
Consensus latency = 2620.301255 (+/- 246) us 
Pre-consensus latency = 0.0 (+/- 0) us 
Pos-consensus latency = 3.815568587922E7 (+/- 0) us 
Propose latency = 577.1642469999999 (+/- 94) us 
Write latency = 593.590398 (+/- 231) us 
Accept latency = 1449.54661 (+/- 105) us 
Batch average size = NaN (+/- 0) requests
LCMessage ByteCount = 378:14
TOMMessage ByteCount = 103367839:254978
StandardSMMessage ByteCount = 6337:20
ConsensusMessage ByteCount = 919122:20898
--- Measurements after 256000 ops (1000 samples) ---
Throughput = 6711.409 operations/sec (Maximum observed: 7692.3076 ops/sec)
Total latency = 3.824962693327E7 (+/- 0) us 
Consensus latency = 2949.933005 (+/- 1393) us 
Pre-consensus latency = 0.0 (+/- 0) us 
Pos-consensus latency = 3.8247083707127996E7 (+/- 0) us 
Propose latency = 678.868534 (+/- 157) us 
Write latency = 865.717933 (+/- 1497) us 
Accept latency = 1405.346538 (+/- 184) us 
Batch average size = NaN (+/- 0) requests
LCMessage ByteCount = 378:14
TOMMessage ByteCount = 103395398:255004
StandardSMMessage ByteCount = 6337:20
ConsensusMessage ByteCount = 919122:20898
--- Measurements after 257000 ops (1000 samples) ---
Throughput = 5988.024 operations/sec (Maximum observed: 7692.3076 ops/sec)
Total latency = 3.8351025982688E7 (+/- 0) us 
Consensus latency = 3222.028051 (+/- 1628) us 
Pre-consensus latency = 0.0 (+/- 0) us 
Pos-consensus latency = 3.8348183177641E7 (+/- 0) us 
Propose latency = 620.341175 (+/- 189) us 
Write latency = 1184.164256 (+/- 1514) us 
Accept latency = 1417.5226200000002 (+/- 171) us 
Batch average size = NaN (+/- 0) requests
LCMessage ByteCount = 378:14
TOMMessage ByteCount = 103482328:255086
StandardSMMessage ByteCount = 6337:20
ConsensusMessage ByteCount = 919122:20898
--- Measurements after 258000 ops (1000 samples) ---
Throughput = 6666.6665 operations/sec (Maximum observed: 7692.3076 ops/sec)
Total latency = 3.8456589724057E7 (+/- 0) us 
Consensus latency = 2744.768553 (+/- 204) us 
Pre-consensus latency = 0.0 (+/- 0) us 
Pos-consensus latency = 3.8454156078041E7 (+/- 0) us 
Propose latency = 457.619331 (+/- 54) us 
Write latency = 846.574846 (+/- 251) us 
Accept latency = 1440.574376 (+/- 91) us 
Batch average size = NaN (+/- 0) requests
LCMessage ByteCount = 378:14
TOMMessage ByteCount = 103549139:255149
StandardSMMessage ByteCount = 6337:20
ConsensusMessage ByteCount = 919122:20898
--- Measurements after 259000 ops (1000 samples) ---
Throughput = 7246.377 operations/sec (Maximum observed: 7692.3076 ops/sec)
Total latency = 3.854460848562E7 (+/- 0) us 
Consensus latency = 2714.574484 (+/- 250) us 
Pre-consensus latency = 0.0 (+/- 0) us 
Pos-consensus latency = 3.8542238362565E7 (+/- 0) us 
Propose latency = 535.410104 (+/- 64) us 
Write latency = 680.637847 (+/- 203) us 
Accept latency = 1498.526533 (+/- 197) us 
Batch average size = NaN (+/- 0) requests
LCMessage ByteCount = 378:14
TOMMessage ByteCount = 103584112:255182
StandardSMMessage ByteCount = 6337:20
ConsensusMessage ByteCount = 919122:20898
--- Measurements after 260000 ops (1000 samples) ---
Throughput = 6849.315 operations/sec (Maximum observed: 7692.3076 ops/sec)
Total latency = 3.8633369567228E7 (+/- 0) us 
Consensus latency = 2789.4150729999997 (+/- 244) us 
Pre-consensus latency = 0.0 (+/- 0) us 
Pos-consensus latency = 3.8630906183175005E7 (+/- 0) us 
Propose latency = 494.49820400000004 (+/- 61) us 
Write latency = 791.2732269999999 (+/- 186) us 
Accept latency = 1503.643642 (+/- 167) us 
Batch average size = NaN (+/- 0) requests
LCMessage ByteCount = 378:14
TOMMessage ByteCount = 103611651:255208
StandardSMMessage ByteCount = 6337:20
ConsensusMessage ByteCount = 919122:20898
--- Measurements after 261000 ops (1000 samples) ---
Throughput = 4901.961 operations/sec (Maximum observed: 7692.3076 ops/sec)
Total latency = 3.8745044868942E7 (+/- 0) us 
Consensus latency = 2970.181795 (+/- 367) us 
Pre-consensus latency = 0.0 (+/- 0) us 
Pos-consensus latency = 3.8742533311602E7 (+/- 0) us 
Propose latency = 679.839443 (+/- 234) us 
Write latency = 853.182841 (+/- 231) us 
Accept latency = 1437.1595109999998 (+/- 226) us 
Batch average size = NaN (+/- 0) requests
LCMessage ByteCount = 378:14
TOMMessage ByteCount = 103677375:255270
StandardSMMessage ByteCount = 6337:20
ConsensusMessage ByteCount = 919122:20898
--- Measurements after 262000 ops (1000 samples) ---
Throughput = 8130.0815 operations/sec (Maximum observed: 8130.0815 ops/sec)
Total latency = 3.8856716375667E7 (+/- 0) us 
Consensus latency = 3642.981076 (+/- 2727) us 
Pre-consensus latency = 0.0 (+/- 0) us 
Pos-consensus latency = 3.8853469749474995E7 (+/- 0) us 
Propose latency = 1471.752863 (+/- 2766) us 
Write latency = 607.091509 (+/- 407) us 
Accept latency = 1564.136704 (+/- 142) us 
Batch average size = NaN (+/- 0) requests
LCMessage ByteCount = 378:14
TOMMessage ByteCount = 103710271:255301
StandardSMMessage ByteCount = 6337:20
ConsensusMessage ByteCount = 919122:20898
--- Measurements after 263000 ops (1000 samples) ---
Throughput = 8130.0815 operations/sec (Maximum observed: 8130.0815 ops/sec)
Total latency = 3.892839923772E7 (+/- 0) us 
Consensus latency = 2580.393725 (+/- 275) us 
Pre-consensus latency = 0.0 (+/- 0) us 
Pos-consensus latency = 3.8926134517978E7 (+/- 0) us 
Propose latency = 518.0083030000001 (+/- 62) us 
Write latency = 622.9547070000001 (+/- 204) us 
Accept latency = 1439.4307150000002 (+/- 186) us 
Batch average size = NaN (+/- 0) requests
LCMessage ByteCount = 378:14
TOMMessage ByteCount = 103713452:255304
StandardSMMessage ByteCount = 6337:20
ConsensusMessage ByteCount = 919122:20898
--- Measurements after 264000 ops (1000 samples) ---
Throughput = 7194.2446 operations/sec (Maximum observed: 8130.0815 ops/sec)
Total latency = 3.9000803043957E7 (+/- 0) us 
Consensus latency = 2607.480411 (+/- 233) us 
Pre-consensus latency = 0.0 (+/- 0) us 
Pos-consensus latency = 3.8998541687835E7 (+/- 0) us 
Propose latency = 529.329431 (+/- 72) us 
Write latency = 626.161791 (+/- 270) us 
Accept latency = 1451.9891890000001 (+/- 123) us 
Batch average size = NaN (+/- 0) requests
LCMessage ByteCount = 378:14
TOMMessage ByteCount = 103788679:255375
StandardSMMessage ByteCount = 6337:20
ConsensusMessage ByteCount = 919122:20898
--- Measurements after 265000 ops (1000 samples) ---
Throughput = 5847.953 operations/sec (Maximum observed: 8130.0815 ops/sec)
Total latency = 3.910755437067E7 (+/- 0) us 
Consensus latency = 2514.7445070000003 (+/- 176) us 
Pre-consensus latency = 0.0 (+/- 0) us 
Pos-consensus latency = 3.9105381832944E7 (+/- 0) us 
Propose latency = 529.382215 (+/- 42) us 
Write latency = 590.022569 (+/- 206) us 
Accept latency = 1395.339723 (+/- 216) us 
Batch average size = NaN (+/- 0) requests
LCMessage ByteCount = 378:14
TOMMessage ByteCount = 103886194:255467
StandardSMMessage ByteCount = 6337:20
ConsensusMessage ByteCount = 919122:20898
--- Measurements after 266000 ops (1000 samples) ---
Throughput = 6802.721 operations/sec (Maximum observed: 8130.0815 ops/sec)
Total latency = 3.920198486046E7 (+/- 0) us 
Consensus latency = 2905.180826 (+/- 542) us 
Pre-consensus latency = 0.0 (+/- 0) us 
Pos-consensus latency = 3.9199550518920995E7 (+/- 0) us 
Propose latency = 992.855488 (+/- 735) us 
Write latency = 429.523 (+/- 324) us 
Accept latency = 1482.802338 (+/- 139) us 
Batch average size = NaN (+/- 0) requests
LCMessage ByteCount = 378:14
TOMMessage ByteCount = 103944498:255522
StandardSMMessage ByteCount = 6337:20
ConsensusMessage ByteCount = 919122:20898
--- Measurements after 267000 ops (1000 samples) ---
Throughput = 7194.2446 operations/sec (Maximum observed: 8130.0815 ops/sec)
Total latency = 3.928914031566001E7 (+/- 0) us 
Consensus latency = 3363.92675 (+/- 2874) us 
Pre-consensus latency = 0.0 (+/- 0) us 
Pos-consensus latency = 3.9286633413339E7 (+/- 0) us 
Propose latency = 1458.859063 (+/- 2947) us 
Write latency = 509.710266 (+/- 292) us 
Accept latency = 1395.3574210000002 (+/- 164) us 
Batch average size = NaN (+/- 0) requests
LCMessage ByteCount = 378:14
TOMMessage ByteCount = 104013354:255587
StandardSMMessage ByteCount = 6337:20
ConsensusMessage ByteCount = 919122:20898
--- Measurements after 268000 ops (1000 samples) ---
Throughput = 7246.377 operations/sec (Maximum observed: 8130.0815 ops/sec)
Total latency = 3.9376506729871005E7 (+/- 0) us 
Consensus latency = 2531.380502 (+/- 255) us 
Pre-consensus latency = 0.0 (+/- 0) us 
Pos-consensus latency = 3.9374308321068004E7 (+/- 0) us 
Propose latency = 535.441656 (+/- 91) us 
Write latency = 541.1703229999999 (+/- 283) us 
Accept latency = 1454.768523 (+/- 117) us 
Batch average size = NaN (+/- 0) requests
LCMessage ByteCount = 378:14
TOMMessage ByteCount = 104076938:255647
StandardSMMessage ByteCount = 6337:20
ConsensusMessage ByteCount = 919122:20898
--- Measurements after 269000 ops (1000 samples) ---
Throughput = 6024.096 operations/sec (Maximum observed: 8130.0815 ops/sec)
Total latency = 3.9483357977102995E7 (+/- 0) us 
Consensus latency = 2581.062513 (+/- 237) us 
Pre-consensus latency = 0.0 (+/- 0) us 
Pos-consensus latency = 3.9481109486980006E7 (+/- 0) us 
Propose latency = 544.396531 (+/- 62) us 
Write latency = 649.1705069999999 (+/- 185) us 
Accept latency = 1387.4954750000002 (+/- 178) us 
Batch average size = NaN (+/- 0) requests
LCMessage ByteCount = 378:14
TOMMessage ByteCount = 104108736:255677
StandardSMMessage ByteCount = 6337:20
ConsensusMessage ByteCount = 919122:20898
--- Measurements after 270000 ops (1000 samples) ---
Throughput = 7092.1987 operations/sec (Maximum observed: 8130.0815 ops/sec)
Total latency = 3.9569810853151E7 (+/- 0) us 
Consensus latency = 2552.199329 (+/- 264) us 
Pre-consensus latency = 0.0 (+/- 0) us 
Pos-consensus latency = 3.956757853457E7 (+/- 0) us 
Propose latency = 524.3052389999999 (+/- 133) us 
Write latency = 562.7702929999999 (+/- 317) us 
Accept latency = 1465.123797 (+/- 162) us 
Batch average size = NaN (+/- 0) requests
LCMessage ByteCount = 378:14
TOMMessage ByteCount = 104122521:255690
StandardSMMessage ByteCount = 6337:20
ConsensusMessage ByteCount = 919122:20898
--- Measurements after 271000 ops (1000 samples) ---
Throughput = 6944.4443 operations/sec (Maximum observed: 8130.0815 ops/sec)
Total latency = 3.9655940536368E7 (+/- 0) us 
Consensus latency = 2552.7410800000002 (+/- 252) us 
Pre-consensus latency = 0.0 (+/- 0) us 
Pos-consensus latency = 3.9653730084055E7 (+/- 0) us 
Propose latency = 550.952945 (+/- 91) us 
Write latency = 543.401355 (+/- 294) us 
Accept latency = 1458.38678 (+/- 203) us 
Batch average size = NaN (+/- 0) requests
LCMessage ByteCount = 378:14
TOMMessage ByteCount = 104236995:255798
StandardSMMessage ByteCount = 6337:20
ConsensusMessage ByteCount = 919122:20898
--- Measurements after 272000 ops (1000 samples) ---
Throughput = 5917.1597 operations/sec (Maximum observed: 8130.0815 ops/sec)
Total latency = 3.9743499994684994E7 (+/- 0) us 
Consensus latency = 3932.4134959999997 (+/- 4393) us 
Pre-consensus latency = 0.0 (+/- 0) us 
Pos-consensus latency = 3.9740424966726E7 (+/- 0) us 
Propose latency = 1992.414544 (+/- 4476) us 
Write latency = 509.629052 (+/- 330) us 
Accept latency = 1430.3699 (+/- 128) us 
Batch average size = NaN (+/- 0) requests
LCMessage ByteCount = 378:14
TOMMessage ByteCount = 104471329:256019
StandardSMMessage ByteCount = 6337:20
ConsensusMessage ByteCount = 919122:20898
--- Measurements after 273000 ops (1000 samples) ---
Throughput = 6535.9478 operations/sec (Maximum observed: 8130.0815 ops/sec)
Total latency = 3.9871201013485E7 (+/- 0) us 
Consensus latency = 2482.3092859999997 (+/- 354) us 
Pre-consensus latency = 0.0 (+/- 0) us 
Pos-consensus latency = 3.9869072386594005E7 (+/- 0) us 
Propose latency = 590.392544 (+/- 104) us 
Write latency = 431.8103 (+/- 336) us 
Accept latency = 1460.106442 (+/- 114) us 
Batch average size = NaN (+/- 0) requests
LCMessage ByteCount = 378:14
TOMMessage ByteCount = 104644108:256182
StandardSMMessage ByteCount = 6337:20
ConsensusMessage ByteCount = 919122:20898
--- Measurements after 274000 ops (1000 samples) ---
Throughput = 7575.758 operations/sec (Maximum observed: 8130.0815 ops/sec)
Total latency = 3.9951451910392E7 (+/- 0) us 
Consensus latency = 2479.0942990000003 (+/- 251) us 
Pre-consensus latency = 0.0 (+/- 0) us 
Pos-consensus latency = 3.9949297287283994E7 (+/- 0) us 
Propose latency = 508.75453600000003 (+/- 66) us 
Write latency = 449.063838 (+/- 232) us 
Accept latency = 1521.2759250000001 (+/- 185) us 
Batch average size = NaN (+/- 0) requests
LCMessage ByteCount = 378:14
TOMMessage ByteCount = 104782955:256313
StandardSMMessage ByteCount = 6337:20
ConsensusMessage ByteCount = 919122:20898
--- Measurements after 275000 ops (1000 samples) ---
Throughput = 7092.1987 operations/sec (Maximum observed: 8130.0815 ops/sec)
Total latency = 4.0032904082319E7 (+/- 0) us 
Consensus latency = 2590.38409 (+/- 224) us 
Pre-consensus latency = 0.0 (+/- 0) us 
Pos-consensus latency = 4.0030668495679E7 (+/- 0) us 
Propose latency = 565.613067 (+/- 48) us 
Write latency = 596.817491 (+/- 162) us 
Accept latency = 1427.953532 (+/- 191) us 
Batch average size = NaN (+/- 0) requests
LCMessage ByteCount = 378:14
TOMMessage ByteCount = 104931380:256453
StandardSMMessage ByteCount = 6337:20
ConsensusMessage ByteCount = 919122:20898
--- Measurements after 276000 ops (1000 samples) ---
Throughput = 5747.1265 operations/sec (Maximum observed: 8130.0815 ops/sec)
Total latency = 4.0125620411901005E7 (+/- 0) us 
Consensus latency = 2519.933894 (+/- 204) us 
Pre-consensus latency = 0.0 (+/- 0) us 
Pos-consensus latency = 4.0123417716357E7 (+/- 0) us 
Propose latency = 508.354761 (+/- 70) us 
Write latency = 552.190029 (+/- 207) us 
Accept latency = 1459.389104 (+/- 154) us 
Batch average size = NaN (+/- 0) requests
LCMessage ByteCount = 378:14
TOMMessage ByteCount = 105096736:256609
StandardSMMessage ByteCount = 6337:20
ConsensusMessage ByteCount = 919122:20898
--- Measurements after 277000 ops (1000 samples) ---
Throughput = 8000.0 operations/sec (Maximum observed: 8130.0815 ops/sec)
Total latency = 4.0228445858778E7 (+/- 0) us 
Consensus latency = 2793.641188 (+/- 298) us 
Pre-consensus latency = 0.0 (+/- 0) us 
Pos-consensus latency = 4.0226022572078004E7 (+/- 0) us 
Propose latency = 648.7997929999999 (+/- 207) us 
Write latency = 663.094696 (+/- 150) us 
Accept latency = 1481.746699 (+/- 124) us 
Batch average size = NaN (+/- 0) requests
LCMessage ByteCount = 378:14
TOMMessage ByteCount = 105141253:256651
StandardSMMessage ByteCount = 6337:20
ConsensusMessage ByteCount = 919122:20898
--- Measurements after 278000 ops (1000 samples) ---
Throughput = 7142.857 operations/sec (Maximum observed: 8130.0815 ops/sec)
Total latency = 4.030187834105001E7 (+/- 0) us 
Consensus latency = 2969.957216 (+/- 971) us 
Pre-consensus latency = 0.0 (+/- 0) us 
Pos-consensus latency = 4.0299299441837996E7 (+/- 0) us 
Propose latency = 976.29866 (+/- 1073) us 
Write latency = 570.031489 (+/- 243) us 
Accept latency = 1423.6270670000001 (+/- 109) us 
Batch average size = NaN (+/- 0) requests
LCMessage ByteCount = 378:14
TOMMessage ByteCount = 105239836:256744
StandardSMMessage ByteCount = 6337:20
ConsensusMessage ByteCount = 919122:20898
--- Measurements after 279000 ops (1000 samples) ---
Throughput = 7575.758 operations/sec (Maximum observed: 8130.0815 ops/sec)
Total latency = 4.03833965978E7 (+/- 0) us 
Consensus latency = 2542.67951 (+/- 266) us 
Pre-consensus latency = 0.0 (+/- 0) us 
Pos-consensus latency = 4.0381184936998E7 (+/- 0) us 
Propose latency = 556.357191 (+/- 80) us 
Write latency = 619.3325940000001 (+/- 280) us 
Accept latency = 1366.9897250000001 (+/- 165) us 
Batch average size = NaN (+/- 0) requests
LCMessage ByteCount = 378:14
TOMMessage ByteCount = 105351160:256849
StandardSMMessage ByteCount = 6337:20
ConsensusMessage ByteCount = 919122:20898
--- Measurements after 280000 ops (1000 samples) ---
Throughput = 5128.205 operations/sec (Maximum observed: 8130.0815 ops/sec)
Total latency = 4.0480454932825E7 (+/- 0) us 
Consensus latency = 2585.028676 (+/- 220) us 
Pre-consensus latency = 0.0 (+/- 0) us 
Pos-consensus latency = 4.0478212880552E7 (+/- 0) us 
Propose latency = 544.255015 (+/- 97) us 
Write latency = 618.2300479999999 (+/- 233) us 
Accept latency = 1422.5436129999998 (+/- 190) us 
Batch average size = NaN (+/- 0) requests
LCMessage ByteCount = 378:14
TOMMessage ByteCount = 105474096:256965
StandardSMMessage ByteCount = 6337:20
ConsensusMessage ByteCount = 919122:20898
--- Measurements after 281000 ops (1000 samples) ---
Throughput = 4761.905 operations/sec (Maximum observed: 8130.0815 ops/sec)
Total latency = 4.0638120890706E7 (+/- 0) us 
Consensus latency = 2598.393856 (+/- 241) us 
Pre-consensus latency = 0.0 (+/- 0) us 
Pos-consensus latency = 4.0635827154782996E7 (+/- 0) us 
Propose latency = 514.04925 (+/- 63) us 
Write latency = 681.682723 (+/- 249) us 
Accept latency = 1402.661883 (+/- 166) us 
Batch average size = NaN (+/- 0) requests
LCMessage ByteCount = 378:14
TOMMessage ByteCount = 105483616:256974
StandardSMMessage ByteCount = 6337:20
ConsensusMessage ByteCount = 919122:20898
--- Measurements after 282000 ops (1000 samples) ---
Throughput = 4761.905 operations/sec (Maximum observed: 8130.0815 ops/sec)
Total latency = 4.079140278146E7 (+/- 0) us 
Consensus latency = 2727.4418459999997 (+/- 355) us 
Pre-consensus latency = 0.0 (+/- 0) us 
Pos-consensus latency = 4.0789097144674E7 (+/- 0) us 
Propose latency = 655.533638 (+/- 143) us 
Write latency = 623.702138 (+/- 153) us 
Accept latency = 1448.20607 (+/- 199) us 
Batch average size = NaN (+/- 0) requests
LCMessage ByteCount = 378:14
TOMMessage ByteCount = 105521760:257010
StandardSMMessage ByteCount = 6337:20
ConsensusMessage ByteCount = 919122:20898
--- Measurements after 283000 ops (1000 samples) ---
Throughput = 4739.3364 operations/sec (Maximum observed: 8130.0815 ops/sec)
Total latency = 4.0948072209472E7 (+/- 0) us 
Consensus latency = 2899.056043 (+/- 602) us 
Pre-consensus latency = 0.0 (+/- 0) us 
Pos-consensus latency = 4.0945550018075995E7 (+/- 0) us 
Propose latency = 838.032655 (+/- 702) us 
Write latency = 663.3977460000001 (+/- 338) us 
Accept latency = 1397.625642 (+/- 123) us 
Batch average size = NaN (+/- 0) requests
LCMessage ByteCount = 378:14
TOMMessage ByteCount = 105733754:257210
StandardSMMessage ByteCount = 6337:20
ConsensusMessage ByteCount = 919122:20898
--- Measurements after 284000 ops (1000 samples) ---
Throughput = 3333.3333 operations/sec (Maximum observed: 8130.0815 ops/sec)
Total latency = 4.1150510054846E7 (+/- 0) us 
Consensus latency = 2688.284835 (+/- 250) us 
Pre-consensus latency = 0.0 (+/- 0) us 
Pos-consensus latency = 4.1148170098572E7 (+/- 0) us 
Propose latency = 523.599629 (+/- 34) us 
Write latency = 642.484664 (+/- 242) us 
Accept latency = 1522.2005419999998 (+/- 174) us 
Batch average size = NaN (+/- 0) requests
LCMessage ByteCount = 378:14
TOMMessage ByteCount = 106298755:257743
StandardSMMessage ByteCount = 6337:20
ConsensusMessage ByteCount = 919122:20898
--- Measurements after 285000 ops (1000 samples) ---
Throughput = 4629.6294 operations/sec (Maximum observed: 8130.0815 ops/sec)
Total latency = 4.1353166276204005E7 (+/- 0) us 
Consensus latency = 2689.613486 (+/- 189) us 
Pre-consensus latency = 0.0 (+/- 0) us 
Pos-consensus latency = 4.1350828505286E7 (+/- 0) us 
Propose latency = 543.520968 (+/- 86) us 
Write latency = 567.490676 (+/- 226) us 
Accept latency = 1578.601842 (+/- 179) us 
Batch average size = NaN (+/- 0) requests
LCMessage ByteCount = 378:14
TOMMessage ByteCount = 106310404:257754
StandardSMMessage ByteCount = 6337:20
ConsensusMessage ByteCount = 919122:20898
--- Measurements after 286000 ops (1000 samples) ---
Throughput = 4524.8867 operations/sec (Maximum observed: 8130.0815 ops/sec)
Total latency = 4.1518809851853E7 (+/- 0) us 
Consensus latency = 2614.156382 (+/- 231) us 
Pre-consensus latency = 0.0 (+/- 0) us 
Pos-consensus latency = 4.1516545404077E7 (+/- 0) us 
Propose latency = 532.846909 (+/- 55) us 
Write latency = 528.6162340000001 (+/- 248) us 
Accept latency = 1552.693239 (+/- 161) us 
Batch average size = NaN (+/- 0) requests
LCMessage ByteCount = 378:14
TOMMessage ByteCount = 106395249:257834
StandardSMMessage ByteCount = 6337:20
ConsensusMessage ByteCount = 919122:20898
--- Measurements after 287000 ops (1000 samples) ---
Throughput = 4716.981 operations/sec (Maximum observed: 8130.0815 ops/sec)
Total latency = 4.1677069737986E7 (+/- 0) us 
Consensus latency = 2744.40427 (+/- 410) us 
Pre-consensus latency = 0.0 (+/- 0) us 
Pos-consensus latency = 4.1674708988163E7 (+/- 0) us 
Propose latency = 624.385861 (+/- 272) us 
Write latency = 633.506973 (+/- 174) us 
Accept latency = 1486.511436 (+/- 170) us 
Batch average size = NaN (+/- 0) requests
LCMessage ByteCount = 378:14
TOMMessage ByteCount = 106574422:258003
StandardSMMessage ByteCount = 6337:20
ConsensusMessage ByteCount = 919122:20898
--- Measurements after 288000 ops (1000 samples) ---
Throughput = 4081.6326 operations/sec (Maximum observed: 8130.0815 ops/sec)
Total latency = 4.1866532944868E7 (+/- 0) us 
Consensus latency = 3838.021196 (+/- 1906) us 
Pre-consensus latency = 0.0 (+/- 0) us 
Pos-consensus latency = 4.1863136779052004E7 (+/- 0) us 
Propose latency = 1440.070559 (+/- 1723) us 
Write latency = 947.6462120000001 (+/- 1525) us 
Accept latency = 1450.304425 (+/- 129) us 
Batch average size = NaN (+/- 0) requests
LCMessage ByteCount = 378:14
TOMMessage ByteCount = 106909334:258319
StandardSMMessage ByteCount = 6337:20
ConsensusMessage ByteCount = 919122:20898
--- Measurements after 289000 ops (1000 samples) ---
Throughput = 4761.905 operations/sec (Maximum observed: 8130.0815 ops/sec)
Total latency = 4.2021368948696E7 (+/- 0) us 
Consensus latency = 2761.975981 (+/- 455) us 
Pre-consensus latency = 0.0 (+/- 0) us 
Pos-consensus latency = 4.2018977341983005E7 (+/- 0) us 
Propose latency = 674.5061979999999 (+/- 524) us 
Write latency = 650.94039 (+/- 307) us 
Accept latency = 1436.529393 (+/- 108) us 
Batch average size = NaN (+/- 0) requests
LCMessage ByteCount = 378:14
TOMMessage ByteCount = 106927371:258336
StandardSMMessage ByteCount = 6337:20
ConsensusMessage ByteCount = 919122:20898
--- Measurements after 290000 ops (1000 samples) ---
Throughput = 4830.918 operations/sec (Maximum observed: 8130.0815 ops/sec)
Total latency = 4.2174882389404E7 (+/- 0) us 
Consensus latency = 2542.8849440000004 (+/- 233) us 
Pre-consensus latency = 0.0 (+/- 0) us 
Pos-consensus latency = 4.2172681340361E7 (+/- 0) us 
Propose latency = 559.734856 (+/- 64) us 
Write latency = 563.237141 (+/- 219) us 
Accept latency = 1419.912947 (+/- 172) us 
Batch average size = NaN (+/- 0) requests
LCMessage ByteCount = 378:14
TOMMessage ByteCount = 107001605:258406
StandardSMMessage ByteCount = 6337:20
ConsensusMessage ByteCount = 919122:20898
--- Measurements after 291000 ops (1000 samples) ---
Throughput = 5988.024 operations/sec (Maximum observed: 8130.0815 ops/sec)
Total latency = 4.2300487469472E7 (+/- 0) us 
Consensus latency = 2618.656108 (+/- 182) us 
Pre-consensus latency = 0.0 (+/- 0) us 
Pos-consensus latency = 4.2298170956736E7 (+/- 0) us 
Propose latency = 530.7470529999999 (+/- 55) us 
Write latency = 563.2580829999999 (+/- 84) us 
Accept latency = 1524.6509720000001 (+/- 134) us 
Batch average size = NaN (+/- 0) requests
LCMessage ByteCount = 378:14
TOMMessage ByteCount = 107076853:258477
StandardSMMessage ByteCount = 6337:20
ConsensusMessage ByteCount = 919122:20898
--- Measurements after 292000 ops (1000 samples) ---
Throughput = 7142.857 operations/sec (Maximum observed: 8130.0815 ops/sec)
Total latency = 4.2402141081575E7 (+/- 0) us 
Consensus latency = 2610.665283 (+/- 214) us 
Pre-consensus latency = 0.0 (+/- 0) us 
Pos-consensus latency = 4.2399843580019E7 (+/- 0) us 
Propose latency = 523.251297 (+/- 70) us 
Write latency = 570.15165 (+/- 189) us 
Accept latency = 1517.262336 (+/- 140) us 
Batch average size = NaN (+/- 0) requests
LCMessage ByteCount = 378:14
TOMMessage ByteCount = 107299457:258687
StandardSMMessage ByteCount = 6337:20
ConsensusMessage ByteCount = 919122:20898
--- Measurements after 293000 ops (1000 samples) ---
Throughput = 6666.6665 operations/sec (Maximum observed: 8130.0815 ops/sec)
Total latency = 4.2489404688645E7 (+/- 0) us 
Consensus latency = 2754.789873 (+/- 332) us 
Pre-consensus latency = 0.0 (+/- 0) us 
Pos-consensus latency = 4.2487051737739E7 (+/- 0) us 
Propose latency = 668.9298190000001 (+/- 141) us 
Write latency = 595.101673 (+/- 330) us 
Accept latency = 1490.758381 (+/- 181) us 
Batch average size = NaN (+/- 0) requests
LCMessage ByteCount = 378:14
TOMMessage ByteCount = 107687376:259053
StandardSMMessage ByteCount = 6337:20
ConsensusMessage ByteCount = 919122:20898
--- Measurements after 294000 ops (1000 samples) ---
Throughput = 6493.5063 operations/sec (Maximum observed: 8130.0815 ops/sec)
Total latency = 4.2585106629556E7 (+/- 0) us 
Consensus latency = 3342.859533 (+/- 1863) us 
Pre-consensus latency = 0.0 (+/- 0) us 
Pos-consensus latency = 4.2582125791633E7 (+/- 0) us 
Propose latency = 1044.032088 (+/- 1142) us 
Write latency = 422.337864 (+/- 346) us 
Accept latency = 1876.489581 (+/- 1524) us 
Batch average size = NaN (+/- 0) requests
LCMessage ByteCount = 378:14
TOMMessage ByteCount = 108060531:259405
StandardSMMessage ByteCount = 6337:20
ConsensusMessage ByteCount = 919122:20898
--- Measurements after 295000 ops (1000 samples) ---
Throughput = 4854.369 operations/sec (Maximum observed: 8130.0815 ops/sec)
Total latency = 4.2725812347961E7 (+/- 0) us 
Consensus latency = 2551.72781 (+/- 219) us 
Pre-consensus latency = 0.0 (+/- 0) us 
Pos-consensus latency = 4.2723612363931E7 (+/- 0) us 
Propose latency = 603.069914 (+/- 35) us 
Write latency = 481.578551 (+/- 131) us 
Accept latency = 1467.0793449999999 (+/- 171) us 
Batch average size = NaN (+/- 0) requests
LCMessage ByteCount = 378:14
TOMMessage ByteCount = 108438956:259762
StandardSMMessage ByteCount = 6337:20
ConsensusMessage ByteCount = 919122:20898
--- Measurements after 296000 ops (1000 samples) ---
Throughput = 7042.2534 operations/sec (Maximum observed: 8130.0815 ops/sec)
Total latency = 4.2829756168671E7 (+/- 0) us 
Consensus latency = 2513.20027 (+/- 275) us 
Pre-consensus latency = 0.0 (+/- 0) us 
Pos-consensus latency = 4.2827579912019E7 (+/- 0) us 
Propose latency = 570.00374 (+/- 45) us 
Write latency = 507.863086 (+/- 220) us 
Accept latency = 1435.3334439999999 (+/- 145) us 
Batch average size = NaN (+/- 0) requests
LCMessage ByteCount = 378:14
TOMMessage ByteCount = 108822647:260124
StandardSMMessage ByteCount = 6337:20
ConsensusMessage ByteCount = 919122:20898
--- Measurements after 297000 ops (1000 samples) ---
Throughput = 6896.552 operations/sec (Maximum observed: 8130.0815 ops/sec)
Total latency = 4.2915082791245006E7 (+/- 0) us 
Consensus latency = 2405.164247 (+/- 233) us 
Pre-consensus latency = 0.0 (+/- 0) us 
Pos-consensus latency = 4.2912991691323996E7 (+/- 0) us 
Propose latency = 512.140721 (+/- 88) us 
Write latency = 414.293802 (+/- 193) us 
Accept latency = 1478.729724 (+/- 171) us 
Batch average size = NaN (+/- 0) requests
LCMessage ByteCount = 378:14
TOMMessage ByteCount = 109050576:260339
StandardSMMessage ByteCount = 6337:20
ConsensusMessage ByteCount = 919122:20898
--- Measurements after 298000 ops (1000 samples) ---
Throughput = 5555.5557 operations/sec (Maximum observed: 8130.0815 ops/sec)
Total latency = 4.3024275538696E7 (+/- 0) us 
Consensus latency = 2962.301983 (+/- 712) us 
Pre-consensus latency = 0.0 (+/- 0) us 
Pos-consensus latency = 4.3021813690829E7 (+/- 0) us 
Propose latency = 1120.3085039999999 (+/- 851) us 
Write latency = 360.355708 (+/- 203) us 
Accept latency = 1481.637771 (+/- 293) us 
Batch average size = NaN (+/- 0) requests
LCMessage ByteCount = 378:14
TOMMessage ByteCount = 109502172:260765
StandardSMMessage ByteCount = 6337:20
ConsensusMessage ByteCount = 919122:20898
--- Measurements after 299000 ops (1000 samples) ---
Throughput = 6666.6665 operations/sec (Maximum observed: 8130.0815 ops/sec)
Total latency = 4.313060893588401E7 (+/- 0) us 
Consensus latency = 3036.709414 (+/- 1549) us 
Pre-consensus latency = 0.0 (+/- 0) us 
Pos-consensus latency = 4.3127949363848E7 (+/- 0) us 
Propose latency = 648.2745570000001 (+/- 234) us 
Write latency = 514.70686 (+/- 209) us 
Accept latency = 1873.727997 (+/- 1547) us 
Batch average size = NaN (+/- 0) requests
LCMessage ByteCount = 378:14
TOMMessage ByteCount = 109591204:260849
StandardSMMessage ByteCount = 6337:20
ConsensusMessage ByteCount = 919122:20898
--- Measurements after 300000 ops (1000 samples) ---
Throughput = 6711.409 operations/sec (Maximum observed: 8130.0815 ops/sec)
Total latency = 4.322308146523E7 (+/- 0) us 
Consensus latency = 2552.197146 (+/- 186) us 
Pre-consensus latency = 0.0 (+/- 0) us 
Pos-consensus latency = 4.322084924733E7 (+/- 0) us 
Propose latency = 543.040745 (+/- 78) us 
Write latency = 504.67872700000004 (+/- 200) us 
Accept latency = 1504.4776740000002 (+/- 150) us 
Batch average size = NaN (+/- 0) requests
LCMessage ByteCount = 378:14
TOMMessage ByteCount = 109848774:261092
StandardSMMessage ByteCount = 6337:20
ConsensusMessage ByteCount = 919122:20898
--- Measurements after 301000 ops (1000 samples) ---
Throughput = 4672.897 operations/sec (Maximum observed: 8130.0815 ops/sec)
Total latency = 4.3339432295999E7 (+/- 0) us 
Consensus latency = 2629.919658 (+/- 206) us 
Pre-consensus latency = 0.0 (+/- 0) us 
Pos-consensus latency = 4.3337110978885E7 (+/- 0) us 
Propose latency = 538.192271 (+/- 65) us 
Write latency = 673.717665 (+/- 183) us 
Accept latency = 1418.009722 (+/- 209) us 
Batch average size = NaN (+/- 0) requests
LCMessage ByteCount = 378:14
TOMMessage ByteCount = 110354358:261569
StandardSMMessage ByteCount = 6337:20
ConsensusMessage ByteCount = 919122:20898
--- Measurements after 302000 ops (1000 samples) ---
Throughput = 5181.347 operations/sec (Maximum observed: 8130.0815 ops/sec)
Total latency = 4.3494609421867E7 (+/- 0) us 
Consensus latency = 2603.402782 (+/- 266) us 
Pre-consensus latency = 0.0 (+/- 0) us 
Pos-consensus latency = 4.3492350327522E7 (+/- 0) us 
Propose latency = 596.381137 (+/- 48) us 
Write latency = 567.9072 (+/- 247) us 
Accept latency = 1439.1144450000002 (+/- 190) us 
Batch average size = NaN (+/- 0) requests
LCMessage ByteCount = 378:14
TOMMessage ByteCount = 110621520:261821
StandardSMMessage ByteCount = 6337:20
ConsensusMessage ByteCount = 919122:20898
--- Measurements after 303000 ops (1000 samples) ---
Throughput = 5181.347 operations/sec (Maximum observed: 8130.0815 ops/sec)
Total latency = 4.364495163379E7 (+/- 0) us 
Consensus latency = 2915.4164619999997 (+/- 280) us 
Pre-consensus latency = 0.0 (+/- 0) us 
Pos-consensus latency = 4.3642444181853995E7 (+/- 0) us 
Propose latency = 706.418944 (+/- 258) us 
Write latency = 731.768565 (+/- 182) us 
Accept latency = 1477.228953 (+/- 165) us 
Batch average size = NaN (+/- 0) requests
LCMessage ByteCount = 378:14
TOMMessage ByteCount = 110881207:262066
StandardSMMessage ByteCount = 6337:20
ConsensusMessage ByteCount = 919122:20898
--- Measurements after 304000 ops (1000 samples) ---
Throughput = 6666.6665 operations/sec (Maximum observed: 8130.0815 ops/sec)
Total latency = 4.3750306753616996E7 (+/- 0) us 
Consensus latency = 3319.6384559999997 (+/- 1497) us 
Pre-consensus latency = 0.0 (+/- 0) us 
Pos-consensus latency = 4.3747303497217E7 (+/- 0) us 
Propose latency = 649.2687589999999 (+/- 376) us 
Write latency = 812.45245 (+/- 310) us 
Accept latency = 1857.9172469999999 (+/- 1446) us 
Batch average size = NaN (+/- 0) requests
LCMessage ByteCount = 378:14
TOMMessage ByteCount = 111171673:262340
StandardSMMessage ByteCount = 6337:20
ConsensusMessage ByteCount = 919122:20898
--- Measurements after 305000 ops (1000 samples) ---
Throughput = 5376.344 operations/sec (Maximum observed: 8130.0815 ops/sec)
Total latency = 4.3861059010542E7 (+/- 0) us 
Consensus latency = 2540.634726 (+/- 272) us 
Pre-consensus latency = 0.0 (+/- 0) us 
Pos-consensus latency = 4.3858817700471E7 (+/- 0) us 
Propose latency = 486.181088 (+/- 73) us 
Write latency = 552.941208 (+/- 155) us 
Accept latency = 1501.51243 (+/- 232) us 
Batch average size = NaN (+/- 0) requests
LCMessage ByteCount = 378:14
TOMMessage ByteCount = 111490670:262641
StandardSMMessage ByteCount = 6337:20
ConsensusMessage ByteCount = 919122:20898
--- Measurements after 306000 ops (1000 samples) ---
Throughput = 6369.427 operations/sec (Maximum observed: 8130.0815 ops/sec)
Total latency = 4.3979795984541E7 (+/- 0) us 
Consensus latency = 2578.634646 (+/- 182) us 
Pre-consensus latency = 0.0 (+/- 0) us 
Pos-consensus latency = 4.397757043432701E7 (+/- 0) us 
Propose latency = 599.773691 (+/- 35) us 
Write latency = 576.647321 (+/- 131) us 
Accept latency = 1402.2136340000002 (+/- 209) us 
Batch average size = NaN (+/- 0) requests
LCMessage ByteCount = 378:14
TOMMessage ByteCount = 111841594:262972
StandardSMMessage ByteCount = 6337:20
ConsensusMessage ByteCount = 919122:20898
--- Measurements after 307000 ops (1000 samples) ---
Throughput = 6451.613 operations/sec (Maximum observed: 8130.0815 ops/sec)
Total latency = 4.4080444387462996E7 (+/- 0) us 
Consensus latency = 2504.7659190000004 (+/- 245) us 
Pre-consensus latency = 0.0 (+/- 0) us 
Pos-consensus latency = 4.4078280628864E7 (+/- 0) us 
Propose latency = 565.285564 (+/- 49) us 
Write latency = 525.6107959999999 (+/- 230) us 
Accept latency = 1413.869559 (+/- 174) us 
Batch average size = NaN (+/- 0) requests
LCMessage ByteCount = 378:14
TOMMessage ByteCount = 112281525:263387
StandardSMMessage ByteCount = 6337:20
ConsensusMessage ByteCount = 919122:20898
--- Measurements after 308000 ops (1000 samples) ---
Throughput = 5747.1265 operations/sec (Maximum observed: 8130.0815 ops/sec)
Total latency = 4.4177655871898E7 (+/- 0) us 
Consensus latency = 2613.020835 (+/- 172) us 
Pre-consensus latency = 0.0 (+/- 0) us 
Pos-consensus latency = 4.4175380066155E7 (+/- 0) us 
Propose latency = 543.163807 (+/- 49) us 
Write latency = 619.3624960000001 (+/- 251) us 
Accept latency = 1450.494532 (+/- 191) us 
Batch average size = NaN (+/- 0) requests
LCMessage ByteCount = 378:14
TOMMessage ByteCount = 112687508:263770
StandardSMMessage ByteCount = 6337:20
ConsensusMessage ByteCount = 919122:20898
--- Measurements after 309000 ops (1000 samples) ---
Throughput = 6493.5063 operations/sec (Maximum observed: 8130.0815 ops/sec)
Total latency = 4.429620191331E7 (+/- 0) us 
Consensus latency = 2819.630009 (+/- 407) us 
Pre-consensus latency = 0.0 (+/- 0) us 
Pos-consensus latency = 4.4293772806866996E7 (+/- 0) us 
Propose latency = 636.042545 (+/- 111) us 
Write latency = 781.1043569999999 (+/- 264) us 
Accept latency = 1402.483107 (+/- 161) us 
Batch average size = NaN (+/- 0) requests
LCMessage ByteCount = 378:14
TOMMessage ByteCount = 112896227:263967
StandardSMMessage ByteCount = 6337:20
ConsensusMessage ByteCount = 919122:20898
--- Measurements after 310000 ops (1000 samples) ---
Throughput = 6578.9473 operations/sec (Maximum observed: 8130.0815 ops/sec)
Total latency = 4.438885559675E7 (+/- 0) us 
Consensus latency = 3800.225511 (+/- 2681) us 
Pre-consensus latency = 0.0 (+/- 0) us 
Pos-consensus latency = 4.4385424876893E7 (+/- 0) us 
Propose latency = 1452.070946 (+/- 2059) us 
Write latency = 905.070834 (+/- 2413) us 
Accept latency = 1443.083731 (+/- 388) us 
Batch average size = NaN (+/- 0) requests
LCMessage ByteCount = 378:14
TOMMessage ByteCount = 113158078:264214
StandardSMMessage ByteCount = 6337:20
ConsensusMessage ByteCount = 919122:20898
--- Measurements after 311000 ops (1000 samples) ---
Throughput = 6666.6665 operations/sec (Maximum observed: 8130.0815 ops/sec)
Total latency = 4.4490924059273005E7 (+/- 0) us 
Consensus latency = 2701.5764130000002 (+/- 222) us 
Pre-consensus latency = 0.0 (+/- 0) us 
Pos-consensus latency = 4.4488582655313E7 (+/- 0) us 
Propose latency = 588.3143789999999 (+/- 69) us 
Write latency = 641.628563 (+/- 203) us 
Accept latency = 1471.6334709999999 (+/- 185) us 
Batch average size = NaN (+/- 0) requests
LCMessage ByteCount = 378:14
TOMMessage ByteCount = 113544924:264579
StandardSMMessage ByteCount = 6337:20
ConsensusMessage ByteCount = 919122:20898
--- Measurements after 312000 ops (1000 samples) ---
Throughput = 5347.5938 operations/sec (Maximum observed: 8130.0815 ops/sec)
Total latency = 4.4594461449506E7 (+/- 0) us 
Consensus latency = 2539.18629 (+/- 273) us 
Pre-consensus latency = 0.0 (+/- 0) us 
Pos-consensus latency = 4.4592237720711E7 (+/- 0) us 
Propose latency = 534.107486 (+/- 99) us 
Write latency = 566.2006709999999 (+/- 206) us 
Accept latency = 1438.878133 (+/- 207) us 
Batch average size = NaN (+/- 0) requests
LCMessage ByteCount = 378:14
TOMMessage ByteCount = 113948816:264960
StandardSMMessage ByteCount = 6337:20
ConsensusMessage ByteCount = 919122:20898
--- Measurements after 313000 ops (1000 samples) ---
Throughput = 6369.427 operations/sec (Maximum observed: 8130.0815 ops/sec)
Total latency = 4.4718619071839996E7 (+/- 0) us 
Consensus latency = 2627.219855 (+/- 123) us 
Pre-consensus latency = 0.0 (+/- 0) us 
Pos-consensus latency = 4.4716326892133005E7 (+/- 0) us 
Propose latency = 579.268521 (+/- 38) us 
Write latency = 568.177056 (+/- 177) us 
Accept latency = 1479.7742779999999 (+/- 169) us 
Batch average size = NaN (+/- 0) requests
LCMessage ByteCount = 378:14
TOMMessage ByteCount = 114260473:265254
StandardSMMessage ByteCount = 6337:20
ConsensusMessage ByteCount = 919122:20898
--- Measurements after 314000 ops (1000 samples) ---
Throughput = 6711.409 operations/sec (Maximum observed: 8130.0815 ops/sec)
Total latency = 4.481314539152101E7 (+/- 0) us 
Consensus latency = 2716.315844 (+/- 164) us 
Pre-consensus latency = 0.0 (+/- 0) us 
Pos-consensus latency = 4.4810831892167E7 (+/- 0) us 
Propose latency = 683.44597 (+/- 178) us 
Write latency = 585.693495 (+/- 126) us 
Accept latency = 1447.176379 (+/- 192) us 
Batch average size = NaN (+/- 0) requests
LCMessage ByteCount = 378:14
TOMMessage ByteCount = 114614576:265588
StandardSMMessage ByteCount = 6337:20
ConsensusMessage ByteCount = 919122:20898
--- Measurements after 315000 ops (1000 samples) ---
Throughput = 5952.381 operations/sec (Maximum observed: 8130.0815 ops/sec)
Total latency = 4.4906210472034E7 (+/- 0) us 
Consensus latency = 3608.657344 (+/- 2228) us 
Pre-consensus latency = 0.0 (+/- 0) us 
Pos-consensus latency = 4.4902960498730004E7 (+/- 0) us 
Propose latency = 1356.473818 (+/- 1885) us 
Write latency = 377.341474 (+/- 324) us 
Accept latency = 1874.842052 (+/- 1489) us 
Batch average size = NaN (+/- 0) requests
LCMessage ByteCount = 378:14
TOMMessage ByteCount = 114955900:265910
StandardSMMessage ByteCount = 6337:20
ConsensusMessage ByteCount = 919122:20898
--- Measurements after 316000 ops (1000 samples) ---
Throughput = 6711.409 operations/sec (Maximum observed: 8130.0815 ops/sec)
Total latency = 4.50189853344E7 (+/- 0) us 
Consensus latency = 2459.0240440000002 (+/- 158) us 
Pre-consensus latency = 0.0 (+/- 0) us 
Pos-consensus latency = 4.5016859561533995E7 (+/- 0) us 
Propose latency = 514.281571 (+/- 75) us 
Write latency = 543.6189810000001 (+/- 197) us 
Accept latency = 1401.1234920000002 (+/- 154) us 
Batch average size = NaN (+/- 0) requests
LCMessage ByteCount = 378:14
TOMMessage ByteCount = 115294058:266229
StandardSMMessage ByteCount = 6337:20
ConsensusMessage ByteCount = 919122:20898
--- Measurements after 317000 ops (1000 samples) ---
Throughput = 6756.757 operations/sec (Maximum observed: 8130.0815 ops/sec)
Total latency = 4.5108227001317E7 (+/- 0) us 
Consensus latency = 2530.160526 (+/- 266) us 
Pre-consensus latency = 0.0 (+/- 0) us 
Pos-consensus latency = 4.5106022814959E7 (+/- 0) us 
Propose latency = 508.07269099999996 (+/- 81) us 
Write latency = 538.409722 (+/- 191) us 
Accept latency = 1483.678113 (+/- 223) us 
Batch average size = NaN (+/- 0) requests
LCMessage ByteCount = 378:14
TOMMessage ByteCount = 115611030:266528
StandardSMMessage ByteCount = 6337:20
ConsensusMessage ByteCount = 919122:20898
--- Measurements after 318000 ops (1000 samples) ---
Throughput = 6944.4443 operations/sec (Maximum observed: 8130.0815 ops/sec)
Total latency = 4.5199542185511E7 (+/- 0) us 
Consensus latency = 2490.977432 (+/- 225) us 
Pre-consensus latency = 0.0 (+/- 0) us 
Pos-consensus latency = 4.5197384997466005E7 (+/- 0) us 
Propose latency = 568.301264 (+/- 69) us 
Write latency = 515.1406880000001 (+/- 164) us 
Accept latency = 1407.53548 (+/- 148) us 
Batch average size = NaN (+/- 0) requests
LCMessage ByteCount = 378:14
TOMMessage ByteCount = 115641774:266557
StandardSMMessage ByteCount = 6337:20
ConsensusMessage ByteCount = 919122:20898
--- Measurements after 319000 ops (1000 samples) ---
Throughput = 5813.9536 operations/sec (Maximum observed: 8130.0815 ops/sec)
Total latency = 4.5295911712454006E7 (+/- 0) us 
Consensus latency = 2598.010769 (+/- 305) us 
Pre-consensus latency = 0.0 (+/- 0) us 
Pos-consensus latency = 4.5293747228542E7 (+/- 0) us 
Propose latency = 745.2714229999999 (+/- 253) us 
Write latency = 383.079616 (+/- 199) us 
Accept latency = 1469.65973 (+/- 175) us 
Batch average size = NaN (+/- 0) requests
LCMessage ByteCount = 378:14
TOMMessage ByteCount = 115670386:266584
StandardSMMessage ByteCount = 6337:20
ConsensusMessage ByteCount = 919122:20898
--- Measurements after 320000 ops (1000 samples) ---
Throughput = 7246.377 operations/sec (Maximum observed: 8130.0815 ops/sec)
Total latency = 4.5400177240732E7 (+/- 0) us 
Consensus latency = 3510.7513089999998 (+/- 1939) us 
Pre-consensus latency = 0.0 (+/- 0) us 
Pos-consensus latency = 4.5397033135449E7 (+/- 0) us 
Propose latency = 1142.1120689999998 (+/- 1378) us 
Write latency = 422.63466700000004 (+/- 207) us 
Accept latency = 1946.0045730000002 (+/- 1606) us 
Batch average size = NaN (+/- 0) requests
LCMessage ByteCount = 378:14
TOMMessage ByteCount = 115675680:266589
StandardSMMessage ByteCount = 6337:20
ConsensusMessage ByteCount = 919122:20898
--- Measurements after 321000 ops (1000 samples) ---
Throughput = 7633.588 operations/sec (Maximum observed: 8130.0815 ops/sec)
Total latency = 4.5479416766941E7 (+/- 0) us 
Consensus latency = 2521.8525440000003 (+/- 264) us 
Pre-consensus latency = 0.0 (+/- 0) us 
Pos-consensus latency = 4.5477184690442E7 (+/- 0) us 
Propose latency = 528.431493 (+/- 43) us 
Write latency = 532.685296 (+/- 265) us 
Accept latency = 1460.735755 (+/- 163) us 
Batch average size = NaN (+/- 0) requests
LCMessage ByteCount = 378:14
TOMMessage ByteCount = 115678860:266592
StandardSMMessage ByteCount = 6337:20
ConsensusMessage ByteCount = 919122:20898
--- Measurements after 322000 ops (1000 samples) ---
Throughput = 7142.857 operations/sec (Maximum observed: 8130.0815 ops/sec)
Total latency = 4.5561601564787E7 (+/- 0) us 
Consensus latency = 2528.9640320000003 (+/- 274) us 
Pre-consensus latency = 0.0 (+/- 0) us 
Pos-consensus latency = 4.5559397096652E7 (+/- 0) us 
Propose latency = 581.580947 (+/- 68) us 
Write latency = 456.867072 (+/- 214) us 
Accept latency = 1490.516013 (+/- 173) us 
Batch average size = NaN (+/- 0) requests
LCMessage ByteCount = 378:14
TOMMessage ByteCount = 115683103:266596
StandardSMMessage ByteCount = 6337:20
ConsensusMessage ByteCount = 919122:20898
--- Measurements after 323000 ops (1000 samples) ---
Throughput = 5235.602 operations/sec (Maximum observed: 8130.0815 ops/sec)
Total latency = 4.566810915501E7 (+/- 0) us 
Consensus latency = 2567.8190299999997 (+/- 202) us 
Pre-consensus latency = 0.0 (+/- 0) us 
Pos-consensus latency = 4.566586442313E7 (+/- 0) us 
Propose latency = 532.9832369999999 (+/- 60) us 
Write latency = 569.064122 (+/- 223) us 
Accept latency = 1465.7716710000002 (+/- 176) us 
Batch average size = NaN (+/- 0) requests
LCMessage ByteCount = 378:14
TOMMessage ByteCount = 115697941:266610
StandardSMMessage ByteCount = 6337:20
ConsensusMessage ByteCount = 919122:20898
--- Measurements after 324000 ops (1000 samples) ---
Throughput = 7874.0156 operations/sec (Maximum observed: 8130.0815 ops/sec)
Total latency = 4.5776632275169E7 (+/- 0) us 
Consensus latency = 2538.216442 (+/- 276) us 
Pre-consensus latency = 0.0 (+/- 0) us 
Pos-consensus latency = 4.5774446725852E7 (+/- 0) us 
Propose latency = 589.516683 (+/- 95) us 
Write latency = 546.88447 (+/- 183) us 
Accept latency = 1401.8152890000001 (+/- 176) us 
Batch average size = NaN (+/- 0) requests
LCMessage ByteCount = 378:14
TOMMessage ByteCount = 115703246:266615
StandardSMMessage ByteCount = 6337:20
ConsensusMessage ByteCount = 919122:20898
--- Measurements after 325000 ops (1000 samples) ---
Throughput = 7407.407 operations/sec (Maximum observed: 8130.0815 ops/sec)
Total latency = 4.5847905864974E7 (+/- 0) us 
Consensus latency = 2727.886208 (+/- 362) us 
Pre-consensus latency = 0.0 (+/- 0) us 
Pos-consensus latency = 4.5845550357615E7 (+/- 0) us 
Propose latency = 646.322188 (+/- 163) us 
Write latency = 609.3623540000001 (+/- 253) us 
Accept latency = 1472.201666 (+/- 175) us 
Batch average size = NaN (+/- 0) requests
LCMessage ByteCount = 378:14
TOMMessage ByteCount = 115764747:266673
StandardSMMessage ByteCount = 6337:20
ConsensusMessage ByteCount = 919122:20898
--- Measurements after 326000 ops (1000 samples) ---
Throughput = 6666.6665 operations/sec (Maximum observed: 8130.0815 ops/sec)
Total latency = 4.593640671334E7 (+/- 0) us 
Consensus latency = 3320.888492 (+/- 2571) us 
Pre-consensus latency = 0.0 (+/- 0) us 
Pos-consensus latency = 4.5933479297259E7 (+/- 0) us 
Propose latency = 740.058776 (+/- 340) us 
Write latency = 433.531747 (+/- 279) us 
Accept latency = 2147.297969 (+/- 2487) us 
Batch average size = NaN (+/- 0) requests
LCMessage ByteCount = 378:14
TOMMessage ByteCount = 115796545:266703
StandardSMMessage ByteCount = 6337:20
ConsensusMessage ByteCount = 919122:20898
--- Measurements after 327000 ops (1000 samples) ---
Throughput = 5988.024 operations/sec (Maximum observed: 8130.0815 ops/sec)
Total latency = 4.604341800524E7 (+/- 0) us 
Consensus latency = 2552.97754 (+/- 183) us 
Pre-consensus latency = 0.0 (+/- 0) us 
Pos-consensus latency = 4.6041192922686994E7 (+/- 0) us 
Propose latency = 583.8190010000001 (+/- 48) us 
Write latency = 509.132216 (+/- 254) us 
Accept latency = 1460.026323 (+/- 139) us 
Batch average size = NaN (+/- 0) requests
LCMessage ByteCount = 378:14
TOMMessage ByteCount = 115833643:266738
StandardSMMessage ByteCount = 6337:20
ConsensusMessage ByteCount = 919122:20898
--- Measurements after 328000 ops (1000 samples) ---
Throughput = 6711.409 operations/sec (Maximum observed: 8130.0815 ops/sec)
Total latency = 4.6143128314537E7 (+/- 0) us 
Consensus latency = 2465.151665 (+/- 174) us 
Pre-consensus latency = 0.0 (+/- 0) us 
Pos-consensus latency = 4.6140996749515E7 (+/- 0) us 
Propose latency = 575.85213 (+/- 36) us 
Write latency = 411.259829 (+/- 195) us 
Accept latency = 1478.039706 (+/- 114) us 
Batch average size = NaN (+/- 0) requests
LCMessage ByteCount = 378:14
TOMMessage ByteCount = 115838942:266743
StandardSMMessage ByteCount = 6337:20
ConsensusMessage ByteCount = 919122:20898
--- Measurements after 329000 ops (1000 samples) ---
Throughput = 6666.6665 operations/sec (Maximum observed: 8130.0815 ops/sec)
Total latency = 4.6235586472233005E7 (+/- 0) us 
Consensus latency = 2582.463239 (+/- 265) us 
Pre-consensus latency = 0.0 (+/- 0) us 
Pos-consensus latency = 4.6233322659150004E7 (+/- 0) us 
Propose latency = 587.836751 (+/- 88) us 
Write latency = 516.925018 (+/- 216) us 
Accept latency = 1477.70147 (+/- 206) us 
Batch average size = NaN (+/- 0) requests
LCMessage ByteCount = 378:14
TOMMessage ByteCount = 115863326:266766
StandardSMMessage ByteCount = 6337:20
ConsensusMessage ByteCount = 919122:20898
--- Measurements after 330000 ops (1000 samples) ---
Throughput = 7092.1987 operations/sec (Maximum observed: 8130.0815 ops/sec)
Total latency = 4.6327067999326E7 (+/- 0) us 
Consensus latency = 2597.999767 (+/- 185) us 
Pre-consensus latency = 0.0 (+/- 0) us 
Pos-consensus latency = 4.632484710150801E7 (+/- 0) us 
Propose latency = 654.914839 (+/- 142) us 
Write latency = 450.485944 (+/- 262) us 
Accept latency = 1492.598984 (+/- 189) us 
Batch average size = NaN (+/- 0) requests
LCMessage ByteCount = 378:14
TOMMessage ByteCount = 115926933:266826
StandardSMMessage ByteCount = 6337:20
ConsensusMessage ByteCount = 919122:20898
--- Measurements after 331000 ops (1000 samples) ---
Throughput = 5813.9536 operations/sec (Maximum observed: 8130.0815 ops/sec)
Total latency = 4.6439578854877E7 (+/- 0) us 
Consensus latency = 2566.792069 (+/- 225) us 
Pre-consensus latency = 0.0 (+/- 0) us 
Pos-consensus latency = 4.6437346598657995E7 (+/- 0) us 
Propose latency = 580.995649 (+/- 47) us 
Write latency = 522.4867380000001 (+/- 239) us 
Accept latency = 1463.309682 (+/- 268) us 
Batch average size = NaN (+/- 0) requests
LCMessage ByteCount = 378:14
TOMMessage ByteCount = 115960829:266858
StandardSMMessage ByteCount = 6337:20
ConsensusMessage ByteCount = 919122:20898
--- Measurements after 332000 ops (1000 samples) ---
Throughput = 6993.007 operations/sec (Maximum observed: 8130.0815 ops/sec)
Total latency = 4.6527463797208E7 (+/- 0) us 
Consensus latency = 3680.07537 (+/- 3057) us 
Pre-consensus latency = 0.0 (+/- 0) us 
Pos-consensus latency = 4.652489128402E7 (+/- 0) us 
Propose latency = 1920.453532 (+/- 3150) us 
Write latency = 415.139854 (+/- 389) us 
Accept latency = 1344.481984 (+/- 156) us 
Batch average size = NaN (+/- 0) requests
LCMessage ByteCount = 378:14
TOMMessage ByteCount = 115976728:266873
StandardSMMessage ByteCount = 6337:20
ConsensusMessage ByteCount = 919122:20898
--- Measurements after 333000 ops (1000 samples) ---
Throughput = 7407.407 operations/sec (Maximum observed: 8130.0815 ops/sec)
Total latency = 4.6614415802517E7 (+/- 0) us 
Consensus latency = 2519.744432 (+/- 267) us 
Pre-consensus latency = 0.0 (+/- 0) us 
Pos-consensus latency = 4.6612192000142E7 (+/- 0) us 
Propose latency = 536.236137 (+/- 56) us 
Write latency = 588.113742 (+/- 178) us 
Accept latency = 1395.394553 (+/- 208) us 
Batch average size = NaN (+/- 0) requests
LCMessage ByteCount = 378:14
TOMMessage ByteCount = 115979908:266876
StandardSMMessage ByteCount = 6337:20
ConsensusMessage ByteCount = 919122:20898
--- Measurements after 334000 ops (1000 samples) ---
Throughput = 7299.27 operations/sec (Maximum observed: 8130.0815 ops/sec)
Total latency = 4.6696091393903E7 (+/- 0) us 
Consensus latency = 2645.9552510000003 (+/- 267) us 
Pre-consensus latency = 0.0 (+/- 0) us 
Pos-consensus latency = 4.6693776558868E7 (+/- 0) us 
Propose latency = 562.734008 (+/- 47) us 
Write latency = 672.029675 (+/- 295) us 
Accept latency = 1411.191568 (+/- 139) us 
Batch average size = NaN (+/- 0) requests
LCMessage ByteCount = 378:14
TOMMessage ByteCount = 115980970:266877
StandardSMMessage ByteCount = 6337:20
ConsensusMessage ByteCount = 919122:20898
--- Measurements after 335000 ops (1000 samples) ---
Throughput = 3984.0637 operations/sec (Maximum observed: 8130.0815 ops/sec)
Total latency = 4.6849351491764E7 (+/- 0) us 
Consensus latency = 2617.15451 (+/- 217) us 
Pre-consensus latency = 0.0 (+/- 0) us 
Pos-consensus latency = 4.6847069782641E7 (+/- 0) us 
Propose latency = 587.7993590000001 (+/- 50) us 
Write latency = 480.898863 (+/- 185) us 
Accept latency = 1548.4562879999999 (+/- 146) us 
Batch average size = NaN (+/- 0) requests
LCMessage ByteCount = 378:14
TOMMessage ByteCount = 115986270:266882
StandardSMMessage ByteCount = 6337:20
ConsensusMessage ByteCount = 919122:20898
--- Measurements after 336000 ops (1000 samples) ---
Throughput = 4651.1626 operations/sec (Maximum observed: 8130.0815 ops/sec)
Total latency = 4.7010189723772004E7 (+/- 0) us 
Consensus latency = 3435.791718 (+/- 1688) us 
Pre-consensus latency = 0.0 (+/- 0) us 
Pos-consensus latency = 4.7007172199303E7 (+/- 0) us 
Propose latency = 727.269797 (+/- 242) us 
Write latency = 1437.4610500000001 (+/- 1709) us 
Accept latency = 1271.0608710000001 (+/- 223) us 
Batch average size = NaN (+/- 0) requests
LCMessage ByteCount = 378:14
TOMMessage ByteCount = 115990513:266886
StandardSMMessage ByteCount = 6337:20
ConsensusMessage ByteCount = 919122:20898
--- Measurements after 337000 ops (1000 samples) ---
Throughput = 4739.3364 operations/sec (Maximum observed: 8130.0815 ops/sec)
Total latency = 4.717188644129901E7 (+/- 0) us 
Consensus latency = 2494.86898 (+/- 256) us 
Pre-consensus latency = 0.0 (+/- 0) us 
Pos-consensus latency = 4.7169711053969E7 (+/- 0) us 
Propose latency = 588.845736 (+/- 74) us 
Write latency = 392.764222 (+/- 226) us 
Accept latency = 1513.2590220000002 (+/- 177) us 
Batch average size = NaN (+/- 0) requests
LCMessage ByteCount = 378:14
TOMMessage ByteCount = 115997936:266893
StandardSMMessage ByteCount = 6337:20
ConsensusMessage ByteCount = 919122:20898
--- Measurements after 338000 ops (1000 samples) ---
Throughput = 3952.569 operations/sec (Maximum observed: 8130.0815 ops/sec)
Total latency = 4.7322735700789005E7 (+/- 0) us 
Consensus latency = 3063.88344 (+/- 2238) us 
Pre-consensus latency = 0.0 (+/- 0) us 
Pos-consensus latency = 4.7320009859291E7 (+/- 0) us 
Propose latency = 911.7932460000001 (+/- 1334) us 
Write latency = 207.263967 (+/- 196) us 
Accept latency = 1944.826227 (+/- 1869) us 
Batch average size = NaN (+/- 0) requests
LCMessage ByteCount = 378:14
TOMMessage ByteCount = 116072146:266963
StandardSMMessage ByteCount = 6337:20
ConsensusMessage ByteCount = 919122:20898
--- Measurements after 339000 ops (1000 samples) ---
Throughput = 4807.6924 operations/sec (Maximum observed: 8130.0815 ops/sec)
Total latency = 4.752007346619E7 (+/- 0) us 
Consensus latency = 2412.0550869999997 (+/- 136) us 
Pre-consensus latency = 0.0 (+/- 0) us 
Pos-consensus latency = 4.7518008707502E7 (+/- 0) us 
Propose latency = 587.57302 (+/- 38) us 
Write latency = 336.860592 (+/- 188) us 
Accept latency = 1487.6214750000001 (+/- 216) us 
Batch average size = NaN (+/- 0) requests
LCMessage ByteCount = 378:14
TOMMessage ByteCount = 116101828:266991
StandardSMMessage ByteCount = 6337:20
ConsensusMessage ByteCount = 919122:20898
--- Measurements after 340000 ops (1000 samples) ---
Throughput = 4784.689 operations/sec (Maximum observed: 8130.0815 ops/sec)
Total latency = 4.7672626426661E7 (+/- 0) us 
Consensus latency = 2369.2377659999997 (+/- 206) us 
Pre-consensus latency = 0.0 (+/- 0) us 
Pos-consensus latency = 4.7670610877474E7 (+/- 0) us 
Propose latency = 591.245309 (+/- 37) us 
Write latency = 367.80331 (+/- 223) us 
Accept latency = 1410.189147 (+/- 187) us 
Batch average size = NaN (+/- 0) requests
LCMessage ByteCount = 378:14
TOMMessage ByteCount = 116129393:267017
StandardSMMessage ByteCount = 6337:20
ConsensusMessage ByteCount = 919122:20898
--- Measurements after 341000 ops (1000 samples) ---
Throughput = 4784.689 operations/sec (Maximum observed: 8130.0815 ops/sec)
Total latency = 4.7826914496157E7 (+/- 0) us 
Consensus latency = 3047.479031 (+/- 1747) us 
Pre-consensus latency = 0.0 (+/- 0) us 
Pos-consensus latency = 4.7824243515244E7 (+/- 0) us 
Propose latency = 635.001025 (+/- 109) us 
Write latency = 896.135912 (+/- 1695) us 
Accept latency = 1516.342094 (+/- 247) us 
Batch average size = NaN (+/- 0) requests
LCMessage ByteCount = 378:14
TOMMessage ByteCount = 116136812:267024
StandardSMMessage ByteCount = 6337:20
ConsensusMessage ByteCount = 919122:20898
--- Measurements after 342000 ops (1000 samples) ---
Throughput = 3968.254 operations/sec (Maximum observed: 8130.0815 ops/sec)
Total latency = 4.7991659805985E7 (+/- 0) us 
Consensus latency = 2403.450327 (+/- 196) us 
Pre-consensus latency = 0.0 (+/- 0) us 
Pos-consensus latency = 4.7989616563672E7 (+/- 0) us 
Propose latency = 611.426602 (+/- 47) us 
Write latency = 451.223578 (+/- 173) us 
Accept latency = 1340.8001470000002 (+/- 136) us 
Batch average size = NaN (+/- 0) requests
LCMessage ByteCount = 378:14
TOMMessage ByteCount = 116145297:267032
StandardSMMessage ByteCount = 6337:20
ConsensusMessage ByteCount = 919122:20898
--- Measurements after 343000 ops (1000 samples) ---
Throughput = 4761.905 operations/sec (Maximum observed: 8130.0815 ops/sec)
Total latency = 4.8177050376807995E7 (+/- 0) us 
Consensus latency = 2675.850846 (+/- 1089) us 
Pre-consensus latency = 0.0 (+/- 0) us 
Pos-consensus latency = 4.8174710055008E7 (+/- 0) us 
Propose latency = 903.61291 (+/- 1072) us 
Write latency = 358.726033 (+/- 316) us 
Accept latency = 1413.5119029999998 (+/- 143) us 
Batch average size = NaN (+/- 0) requests
LCMessage ByteCount = 378:14
TOMMessage ByteCount = 116149528:267036
StandardSMMessage ByteCount = 6337:20
ConsensusMessage ByteCount = 919122:20898
--- Measurements after 344000 ops (1000 samples) ---
Throughput = 4807.6924 operations/sec (Maximum observed: 8130.0815 ops/sec)
Total latency = 4.8332688840808995E7 (+/- 0) us 
Consensus latency = 2348.513928 (+/- 242) us 
Pre-consensus latency = 0.0 (+/- 0) us 
Pos-consensus latency = 4.8330678925765E7 (+/- 0) us 
Propose latency = 544.077456 (+/- 62) us 
Write latency = 405.88856400000003 (+/- 233) us 
Accept latency = 1398.547908 (+/- 211) us 
Batch average size = NaN (+/- 0) requests
LCMessage ByteCount = 378:14
TOMMessage ByteCount = 116174973:267060
StandardSMMessage ByteCount = 6337:20
ConsensusMessage ByteCount = 919122:20898
--- Measurements after 345000 ops (1000 samples) ---
Throughput = 4716.981 operations/sec (Maximum observed: 8130.0815 ops/sec)
Total latency = 4.8488927167715E7 (+/- 0) us 
Consensus latency = 2403.454589 (+/- 227) us 
Pre-consensus latency = 0.0 (+/- 0) us 
Pos-consensus latency = 4.8486862407277E7 (+/- 0) us 
Propose latency = 573.24109 (+/- 67) us 
Write latency = 491.155603 (+/- 167) us 
Accept latency = 1339.057896 (+/- 191) us 
Batch average size = NaN (+/- 0) requests
LCMessage ByteCount = 378:14
TOMMessage ByteCount = 116183459:267068
StandardSMMessage ByteCount = 6337:20
ConsensusMessage ByteCount = 919122:20898
--- Measurements after 346000 ops (1000 samples) ---
Throughput = 3460.2075 operations/sec (Maximum observed: 8130.0815 ops/sec)
Total latency = 4.8661666959612E7 (+/- 0) us 
Consensus latency = 2361.038855 (+/- 410) us 
Pre-consensus latency = 0.0 (+/- 0) us 
Pos-consensus latency = 4.8659650208994E7 (+/- 0) us 
Propose latency = 573.82837 (+/- 43) us 
Write latency = 350.399718 (+/- 370) us 
Accept latency = 1436.810767 (+/- 149) us 
Batch average size = NaN (+/- 0) requests
LCMessage ByteCount = 378:14
TOMMessage ByteCount = 116196177:267080
StandardSMMessage ByteCount = 6337:20
ConsensusMessage ByteCount = 919122:20898
--- Measurements after 347000 ops (1000 samples) ---
Throughput = 4830.918 operations/sec (Maximum observed: 8130.0815 ops/sec)
Total latency = 4.8871818079189E7 (+/- 0) us 
Consensus latency = 2949.063657 (+/- 1356) us 
Pre-consensus latency = 0.0 (+/- 0) us 
Pos-consensus latency = 4.8869263640781E7 (+/- 0) us 
Propose latency = 707.5661650000001 (+/- 232) us 
Write latency = 762.797557 (+/- 1248) us 
Accept latency = 1478.699935 (+/- 124) us 
Batch average size = NaN (+/- 0) requests
LCMessage ByteCount = 378:14
TOMMessage ByteCount = 116200415:267084
StandardSMMessage ByteCount = 6337:20
ConsensusMessage ByteCount = 919122:20898
--- Measurements after 348000 ops (1000 samples) ---
Throughput = 4651.1626 operations/sec (Maximum observed: 8130.0815 ops/sec)
Total latency = 4.9026589484265E7 (+/- 0) us 
Consensus latency = 2615.4429440000004 (+/- 290) us 
Pre-consensus latency = 0.0 (+/- 0) us 
Pos-consensus latency = 4.9024301251406E7 (+/- 0) us 
Propose latency = 570.910537 (+/- 44) us 
Write latency = 575.429474 (+/- 165) us 
Accept latency = 1469.102933 (+/- 211) us 
Batch average size = NaN (+/- 0) requests
LCMessage ByteCount = 378:14
TOMMessage ByteCount = 116207838:267091
StandardSMMessage ByteCount = 6337:20
ConsensusMessage ByteCount = 919122:20898
--- Measurements after 349000 ops (1000 samples) ---
Throughput = 4830.918 operations/sec (Maximum observed: 8130.0815 ops/sec)
Total latency = 4.9182390411575995E7 (+/- 0) us 
Consensus latency = 2727.624071 (+/- 1529) us 
Pre-consensus latency = 0.0 (+/- 0) us 
Pos-consensus latency = 4.9179991896312E7 (+/- 0) us 
Propose latency = 552.9559690000001 (+/- 95) us 
Write latency = 855.4781999999999 (+/- 1890) us 
Accept latency = 1319.189902 (+/- 371) us 
Batch average size = NaN (+/- 0) requests
LCMessage ByteCount = 378:14
TOMMessage ByteCount = 116213131:267096
StandardSMMessage ByteCount = 6337:20
ConsensusMessage ByteCount = 919122:20898
--- Measurements after 350000 ops (1000 samples) ---
Throughput = 3984.0637 operations/sec (Maximum observed: 8130.0815 ops/sec)
Total latency = 4.9355592745965E7 (+/- 0) us 
Consensus latency = 2472.898232 (+/- 221) us 
Pre-consensus latency = 0.0 (+/- 0) us 
Pos-consensus latency = 4.9353452636852995E7 (+/- 0) us 
Propose latency = 575.143918 (+/- 65) us 
Write latency = 503.272715 (+/- 206) us 
Accept latency = 1394.481599 (+/- 183) us 
Batch average size = NaN (+/- 0) requests
LCMessage ByteCount = 378:14
TOMMessage ByteCount = 116223725:267106
StandardSMMessage ByteCount = 6337:20
ConsensusMessage ByteCount = 919122:20898
--- Measurements after 351000 ops (1000 samples) ---
Throughput = 4807.6924 operations/sec (Maximum observed: 8130.0815 ops/sec)
Total latency = 4.9528963331834E7 (+/- 0) us 
Consensus latency = 2549.64151 (+/- 218) us 
Pre-consensus latency = 0.0 (+/- 0) us 
Pos-consensus latency = 4.9526754626697995E7 (+/- 0) us 
Propose latency = 587.976753 (+/- 48) us 
Write latency = 506.251958 (+/- 210) us 
Accept latency = 1455.4127990000002 (+/- 158) us 
Batch average size = NaN (+/- 0) requests
LCMessage ByteCount = 378:14
TOMMessage ByteCount = 116230087:267112
StandardSMMessage ByteCount = 6337:20
ConsensusMessage ByteCount = 919122:20898
--- Measurements after 352000 ops (1000 samples) ---
Throughput = 4830.918 operations/sec (Maximum observed: 8130.0815 ops/sec)
Total latency = 4.9678545848936E7 (+/- 0) us 
Consensus latency = 3003.545379 (+/- 1458) us 
Pre-consensus latency = 0.0 (+/- 0) us 
Pos-consensus latency = 4.9675957235981E7 (+/- 0) us 
Propose latency = 710.768333 (+/- 201) us 
Write latency = 836.973154 (+/- 1579) us 
Accept latency = 1455.803892 (+/- 191) us 
Batch average size = NaN (+/- 0) requests
LCMessage ByteCount = 378:14
TOMMessage ByteCount = 116238563:267120
StandardSMMessage ByteCount = 6337:20
ConsensusMessage ByteCount = 919122:20898
--- Measurements after 353000 ops (1000 samples) ---
Throughput = 4830.918 operations/sec (Maximum observed: 8130.0815 ops/sec)
Total latency = 4.9830986472741E7 (+/- 0) us 
Consensus latency = 2496.311177 (+/- 245) us 
Pre-consensus latency = 0.0 (+/- 0) us 
Pos-consensus latency = 4.9828830920214996E7 (+/- 0) us 
Propose latency = 586.002251 (+/- 56) us 
Write latency = 456.11505200000005 (+/- 197) us 
Accept latency = 1454.193874 (+/- 215) us 
Batch average size = NaN (+/- 0) requests
LCMessage ByteCount = 378:14
TOMMessage ByteCount = 116248104:267129
StandardSMMessage ByteCount = 6337:20
ConsensusMessage ByteCount = 919122:20898
--- Measurements after 354000 ops (1000 samples) ---
Throughput = 3861.004 operations/sec (Maximum observed: 8130.0815 ops/sec)
Total latency = 5.0012422704414E7 (+/- 0) us 
Consensus latency = 3252.3486519999997 (+/- 2348) us 
Pre-consensus latency = 0.0 (+/- 0) us 
Pos-consensus latency = 5.0009501433919E7 (+/- 0) us 
Propose latency = 1061.4642760000002 (+/- 1935) us 
Write latency = 325.67366 (+/- 320) us 
Accept latency = 1865.210716 (+/- 1532) us 
Batch average size = NaN (+/- 0) requests
LCMessage ByteCount = 378:14
TOMMessage ByteCount = 116284129:267163
StandardSMMessage ByteCount = 6337:20
ConsensusMessage ByteCount = 919122:20898
--- Measurements after 355000 ops (1000 samples) ---
Throughput = 4739.3364 operations/sec (Maximum observed: 8130.0815 ops/sec)
Total latency = 5.0187492579776004E7 (+/- 0) us 
Consensus latency = 2346.905904 (+/- 343) us 
Pre-consensus latency = 0.0 (+/- 0) us 
Pos-consensus latency = 5.0185484356474E7 (+/- 0) us 
Propose latency = 554.105402 (+/- 50) us 
Write latency = 273.779029 (+/- 221) us 
Accept latency = 1519.021473 (+/- 248) us 
Batch average size = NaN (+/- 0) requests
LCMessage ByteCount = 378:14
TOMMessage ByteCount = 116291557:267170
StandardSMMessage ByteCount = 6337:20
ConsensusMessage ByteCount = 919122:20898
--- Measurements after 356000 ops (1000 samples) ---
Throughput = 4761.905 operations/sec (Maximum observed: 8130.0815 ops/sec)
Total latency = 5.0342469552399E7 (+/- 0) us 
Consensus latency = 2401.511145 (+/- 183) us 
Pre-consensus latency = 0.0 (+/- 0) us 
Pos-consensus latency = 5.0340386150533E7 (+/- 0) us 
Propose latency = 488.758505 (+/- 105) us 
Write latency = 385.618432 (+/- 237) us 
Accept latency = 1527.1342080000002 (+/- 177) us 
Batch average size = NaN (+/- 0) requests
LCMessage ByteCount = 378:14
TOMMessage ByteCount = 116312787:267190
StandardSMMessage ByteCount = 6337:20
ConsensusMessage ByteCount = 919122:20898
--- Measurements after 357000 ops (1000 samples) ---
Throughput = 4694.8354 operations/sec (Maximum observed: 8130.0815 ops/sec)
Total latency = 5.0496881150755994E7 (+/- 0) us 
Consensus latency = 2487.1760959999997 (+/- 268) us 
Pre-consensus latency = 0.0 (+/- 0) us 
Pos-consensus latency = 5.0494763827206E7 (+/- 0) us 
Propose latency = 658.4672439999999 (+/- 123) us 
Write latency = 274.91978600000004 (+/- 212) us 
Accept latency = 1553.789066 (+/- 94) us 
Batch average size = NaN (+/- 0) requests
LCMessage ByteCount = 378:14
TOMMessage ByteCount = 116348818:267224
StandardSMMessage ByteCount = 6337:20
ConsensusMessage ByteCount = 919122:20898
--- Measurements after 358000 ops (1000 samples) ---
Throughput = 2816.9014 operations/sec (Maximum observed: 8130.0815 ops/sec)
Total latency = 5.0744566969656E7 (+/- 0) us 
Consensus latency = 2665.161424 (+/- 199) us 
Pre-consensus latency = 0.0 (+/- 0) us 
Pos-consensus latency = 5.0742260746177E7 (+/- 0) us 
Propose latency = 608.868936 (+/- 56) us 
Write latency = 560.470639 (+/- 203) us 
Accept latency = 1495.821849 (+/- 178) us 
Batch average size = NaN (+/- 0) requests
LCMessage ByteCount = 378:14
TOMMessage ByteCount = 116396508:267269
StandardSMMessage ByteCount = 6337:20
ConsensusMessage ByteCount = 919122:20898
--- Measurements after 359000 ops (1000 samples) ---
Throughput = 4424.779 operations/sec (Maximum observed: 8130.0815 ops/sec)
Total latency = 5.0968858938865E7 (+/- 0) us 
Consensus latency = 2694.477565 (+/- 279) us 
Pre-consensus latency = 0.0 (+/- 0) us 
Pos-consensus latency = 5.0966510583176E7 (+/- 0) us 
Propose latency = 585.0178569999999 (+/- 50) us 
Write latency = 554.7334109999999 (+/- 282) us 
Accept latency = 1554.726297 (+/- 125) us 
Batch average size = NaN (+/- 0) requests
LCMessage ByteCount = 378:14
TOMMessage ByteCount = 116480242:267348
StandardSMMessage ByteCount = 6337:20
ConsensusMessage ByteCount = 919122:20898
--- Measurements after 360000 ops (1000 samples) ---
Throughput = 4608.295 operations/sec (Maximum observed: 8130.0815 ops/sec)
Total latency = 5.112708902779E7 (+/- 0) us 
Consensus latency = 3028.4417289999997 (+/- 1874) us 
Pre-consensus latency = 0.0 (+/- 0) us 
Pos-consensus latency = 5.1124392061665E7 (+/- 0) us 
Propose latency = 833.602387 (+/- 1158) us 
Write latency = 289.793791 (+/- 243) us 
Accept latency = 1905.045551 (+/- 1469) us 
Batch average size = NaN (+/- 0) requests
LCMessage ByteCount = 378:14
TOMMessage ByteCount = 116555493:267419
StandardSMMessage ByteCount = 6337:20
ConsensusMessage ByteCount = 919122:20898
--- Measurements after 361000 ops (1000 samples) ---
Throughput = 4761.905 operations/sec (Maximum observed: 8130.0815 ops/sec)
Total latency = 5.1287837307467006E7 (+/- 0) us 
Consensus latency = 2692.483179 (+/- 239) us 
Pre-consensus latency = 0.0 (+/- 0) us 
Pos-consensus latency = 5.1285444810731E7 (+/- 0) us 
Propose latency = 549.027542 (+/- 335) us 
Write latency = 553.359331 (+/- 249) us 
Accept latency = 1590.0963060000001 (+/- 135) us 
Batch average size = NaN (+/- 0) requests
LCMessage ByteCount = 378:14
TOMMessage ByteCount = 116636074:267495
StandardSMMessage ByteCount = 6337:20
ConsensusMessage ByteCount = 919122:20898
--- Measurements after 362000 ops (1000 samples) ---
Throughput = 4115.2266 operations/sec (Maximum observed: 8130.0815 ops/sec)
Total latency = 5.1471667663017996E7 (+/- 0) us 
Consensus latency = 2590.956795 (+/- 206) us 
Pre-consensus latency = 0.0 (+/- 0) us 
Pos-consensus latency = 5.1469428236366995E7 (+/- 0) us 
Propose latency = 586.825963 (+/- 35) us 
Write latency = 582.3351319999999 (+/- 137) us 
Accept latency = 1421.7957 (+/- 167) us 
Batch average size = NaN (+/- 0) requests
LCMessage ByteCount = 378:14
TOMMessage ByteCount = 116887349:267732
StandardSMMessage ByteCount = 6337:20
ConsensusMessage ByteCount = 919122:20898
--- Measurements after 363000 ops (1000 samples) ---
Throughput = 4830.918 operations/sec (Maximum observed: 8130.0815 ops/sec)
Total latency = 5.1626711905764E7 (+/- 0) us 
Consensus latency = 2541.152447 (+/- 207) us 
Pre-consensus latency = 0.0 (+/- 0) us 
Pos-consensus latency = 5.1624500922235E7 (+/- 0) us 
Propose latency = 511.83741399999997 (+/- 94) us 
Write latency = 597.21293 (+/- 192) us 
Accept latency = 1432.102103 (+/- 219) us 
Batch average size = NaN (+/- 0) requests
LCMessage ByteCount = 378:14
TOMMessage ByteCount = 117021952:267859
StandardSMMessage ByteCount = 6337:20
ConsensusMessage ByteCount = 919122:20898
--- Measurements after 364000 ops (1000 samples) ---
Throughput = 4807.6924 operations/sec (Maximum observed: 8130.0815 ops/sec)
Total latency = 5.1779934298682E7 (+/- 0) us 
Consensus latency = 2580.955472 (+/- 174) us 
Pre-consensus latency = 0.0 (+/- 0) us 
Pos-consensus latency = 5.1777660304388E7 (+/- 0) us 
Propose latency = 461.814758 (+/- 91) us 
Write latency = 692.096808 (+/- 142) us 
Accept latency = 1427.0439059999999 (+/- 184) us 
Batch average size = NaN (+/- 0) requests
LCMessage ByteCount = 378:14
TOMMessage ByteCount = 117050550:267886
StandardSMMessage ByteCount = 6337:20
ConsensusMessage ByteCount = 919122:20898
--- Measurements after 365000 ops (1000 samples) ---
Throughput = 4166.6665 operations/sec (Maximum observed: 8130.0815 ops/sec)
Total latency = 5.193476956628399E7 (+/- 0) us 
Consensus latency = 3211.313818 (+/- 2007) us 
Pre-consensus latency = 0.0 (+/- 0) us 
Pos-consensus latency = 5.1931858329160005E7 (+/- 0) us 
Propose latency = 621.6647750000001 (+/- 600) us 
Write latency = 548.961662 (+/- 357) us 
Accept latency = 2040.687381 (+/- 2005) us 
Batch average size = NaN (+/- 0) requests
LCMessage ByteCount = 378:14
TOMMessage ByteCount = 117174558:268003
StandardSMMessage ByteCount = 6337:20
ConsensusMessage ByteCount = 919122:20898
--- Measurements after 366000 ops (1000 samples) ---
Throughput = 4807.6924 operations/sec (Maximum observed: 8130.0815 ops/sec)
Total latency = 5.2117689287586994E7 (+/- 0) us 
Consensus latency = 2400.360545 (+/- 196) us 
Pre-consensus latency = 0.0 (+/- 0) us 
Pos-consensus latency = 5.2115605638701E7 (+/- 0) us 
Propose latency = 456.692937 (+/- 80) us 
Write latency = 495.38953200000003 (+/- 237) us 
Accept latency = 1448.2780759999998 (+/- 159) us 
Batch average size = NaN (+/- 0) requests
LCMessage ByteCount = 378:14
TOMMessage ByteCount = 117513758:268323
StandardSMMessage ByteCount = 6337:20
ConsensusMessage ByteCount = 919122:20898
--- Measurements after 367000 ops (1000 samples) ---
Throughput = 4830.918 operations/sec (Maximum observed: 8130.0815 ops/sec)
Total latency = 5.2270547606424004E7 (+/- 0) us 
Consensus latency = 2420.142989 (+/- 201) us 
Pre-consensus latency = 0.0 (+/- 0) us 
Pos-consensus latency = 5.2268434892607E7 (+/- 0) us 
Propose latency = 478.213212 (+/- 113) us 
Write latency = 535.854498 (+/- 214) us 
Accept latency = 1406.0752790000001 (+/- 200) us 
Batch average size = NaN (+/- 0) requests
LCMessage ByteCount = 378:14
TOMMessage ByteCount = 117554027:268361
StandardSMMessage ByteCount = 6337:20
ConsensusMessage ByteCount = 919122:20898
--- Measurements after 368000 ops (1000 samples) ---
Throughput = 4807.6924 operations/sec (Maximum observed: 8130.0815 ops/sec)
Total latency = 5.2420855310943E7 (+/- 0) us 
Consensus latency = 2844.4582769999997 (+/- 620) us 
Pre-consensus latency = 0.0 (+/- 0) us 
Pos-consensus latency = 5.2418521539064005E7 (+/- 0) us 
Propose latency = 984.557935 (+/- 707) us 
Write latency = 509.98891499999996 (+/- 199) us 
Accept latency = 1349.911427 (+/- 83) us 
Batch average size = NaN (+/- 0) requests
LCMessage ByteCount = 378:14
TOMMessage ByteCount = 117575232:268381
StandardSMMessage ByteCount = 6337:20
ConsensusMessage ByteCount = 919122:20898
--- Measurements after 369000 ops (1000 samples) ---
Throughput = 3508.772 operations/sec (Maximum observed: 8130.0815 ops/sec)
Total latency = 5.2586227793418E7 (+/- 0) us 
Consensus latency = 2497.477378 (+/- 272) us 
Pre-consensus latency = 0.0 (+/- 0) us 
Pos-consensus latency = 5.2584065771968E7 (+/- 0) us 
Propose latency = 589.0277950000001 (+/- 53) us 
Write latency = 407.779877 (+/- 229) us 
Accept latency = 1500.669706 (+/- 112) us 
Batch average size = NaN (+/- 0) requests
LCMessage ByteCount = 378:14
TOMMessage ByteCount = 117586889:268392
StandardSMMessage ByteCount = 6337:20
ConsensusMessage ByteCount = 919122:20898
--- Measurements after 370000 ops (1000 samples) ---
Throughput = 4784.689 operations/sec (Maximum observed: 8130.0815 ops/sec)
Total latency = 5.280819501639701E7 (+/- 0) us 
Consensus latency = 2602.793599 (+/- 216) us 
Pre-consensus latency = 0.0 (+/- 0) us 
Pos-consensus latency = 5.280590394668E7 (+/- 0) us 
Propose latency = 524.549 (+/- 98) us 
Write latency = 612.155865 (+/- 230) us 
Accept latency = 1466.088734 (+/- 130) us 
Batch average size = NaN (+/- 0) requests
LCMessage ByteCount = 378:14
TOMMessage ByteCount = 117593245:268398
StandardSMMessage ByteCount = 6337:20
ConsensusMessage ByteCount = 919122:20898
--- Measurements after 371000 ops (1000 samples) ---
Throughput = 4629.6294 operations/sec (Maximum observed: 8130.0815 ops/sec)
Total latency = 5.296595168082701E7 (+/- 0) us 
Consensus latency = 2391.122526 (+/- 513) us 
Pre-consensus latency = 0.0 (+/- 0) us 
Pos-consensus latency = 5.296383102145E7 (+/- 0) us 
Propose latency = 593.7239930000001 (+/- 483) us 
Write latency = 364.887264 (+/- 260) us 
Accept latency = 1432.511269 (+/- 154) us 
Batch average size = NaN (+/- 0) requests
LCMessage ByteCount = 378:14
TOMMessage ByteCount = 117608072:268412
StandardSMMessage ByteCount = 6337:20
ConsensusMessage ByteCount = 919122:20898
--- Measurements after 372000 ops (1000 samples) ---
Throughput = 4807.6924 operations/sec (Maximum observed: 8130.0815 ops/sec)
Total latency = 5.3120493221655995E7 (+/- 0) us 
Consensus latency = 2440.761887 (+/- 187) us 
Pre-consensus latency = 0.0 (+/- 0) us 
Pos-consensus latency = 5.3118316716143E7 (+/- 0) us 
Propose latency = 465.428607 (+/- 82) us 
Write latency = 434.014099 (+/- 212) us 
Accept latency = 1541.319181 (+/- 190) us 
Batch average size = NaN (+/- 0) requests
LCMessage ByteCount = 378:14
TOMMessage ByteCount = 117614438:268418
StandardSMMessage ByteCount = 6337:20
ConsensusMessage ByteCount = 919122:20898
--- Measurements after 373000 ops (1000 samples) ---
Throughput = 4184.1006 operations/sec (Maximum observed: 8130.0815 ops/sec)
Total latency = 5.3285294835488E7 (+/- 0) us 
Consensus latency = 2434.873215 (+/- 170) us 
Pre-consensus latency = 0.0 (+/- 0) us 
Pos-consensus latency = 5.3283147352407E7 (+/- 0) us 
Propose latency = 471.15784399999995 (+/- 101) us 
Write latency = 521.115593 (+/- 187) us 
Accept latency = 1442.599778 (+/- 180) us 
Batch average size = NaN (+/- 0) requests
LCMessage ByteCount = 378:14
TOMMessage ByteCount = 117630356:268433
StandardSMMessage ByteCount = 6337:20
ConsensusMessage ByteCount = 919122:20898
--- Measurements after 374000 ops (1000 samples) ---
Throughput = 4807.6924 operations/sec (Maximum observed: 8130.0815 ops/sec)
Total latency = 5.3456573881644994E7 (+/- 0) us 
Consensus latency = 2569.532165 (+/- 159) us 
Pre-consensus latency = 0.0 (+/- 0) us 
Pos-consensus latency = 5.3454359342373E7 (+/- 0) us 
Propose latency = 628.259289 (+/- 159) us 
Write latency = 521.94807 (+/- 216) us 
Accept latency = 1419.324806 (+/- 237) us 
Batch average size = NaN (+/- 0) requests
LCMessage ByteCount = 378:14
TOMMessage ByteCount = 117636716:268439
StandardSMMessage ByteCount = 6337:20
ConsensusMessage ByteCount = 919122:20898
--- Measurements after 375000 ops (1000 samples) ---
Throughput = 4807.6924 operations/sec (Maximum observed: 8130.0815 ops/sec)
Total latency = 5.3609177086625E7 (+/- 0) us 
Consensus latency = 2551.968162 (+/- 158) us 
Pre-consensus latency = 0.0 (+/- 0) us 
Pos-consensus latency = 5.3606942670199E7 (+/- 0) us 
Propose latency = 569.323714 (+/- 62) us 
Write latency = 479.842081 (+/- 204) us 
Accept latency = 1502.802367 (+/- 233) us 
Batch average size = NaN (+/- 0) requests
LCMessage ByteCount = 378:14
TOMMessage ByteCount = 117654725:268456
StandardSMMessage ByteCount = 6337:20
ConsensusMessage ByteCount = 919122:20898
--- Measurements after 376000 ops (1000 samples) ---
Throughput = 4830.918 operations/sec (Maximum observed: 8130.0815 ops/sec)
Total latency = 5.3760748847827E7 (+/- 0) us 
Consensus latency = 2852.18208 (+/- 1440) us 
Pre-consensus latency = 0.0 (+/- 0) us 
Pos-consensus latency = 5.3758194979497E7 (+/- 0) us 
Propose latency = 558.4816629999999 (+/- 61) us 
Write latency = 474.758082 (+/- 258) us 
Accept latency = 1818.942335 (+/- 1461) us 
Batch average size = NaN (+/- 0) requests
LCMessage ByteCount = 378:14
TOMMessage ByteCount = 117666382:268467
StandardSMMessage ByteCount = 6337:20
ConsensusMessage ByteCount = 919122:20898
--- Measurements after 377000 ops (1000 samples) ---
Throughput = 4149.3774 operations/sec (Maximum observed: 8130.0815 ops/sec)
Total latency = 5.3928086580519E7 (+/- 0) us 
Consensus latency = 2489.4936000000002 (+/- 339) us 
Pre-consensus latency = 0.0 (+/- 0) us 
Pos-consensus latency = 5.3925880946093E7 (+/- 0) us 
Propose latency = 448.672794 (+/- 92) us 
Write latency = 458.35004399999997 (+/- 301) us 
Accept latency = 1582.4707620000001 (+/- 222) us 
Batch average size = NaN (+/- 0) requests
LCMessage ByteCount = 378:14
TOMMessage ByteCount = 117686515:268486
StandardSMMessage ByteCount = 6337:20
ConsensusMessage ByteCount = 919122:20898
--- Measurements after 378000 ops (1000 samples) ---
Throughput = 4761.905 operations/sec (Maximum observed: 8130.0815 ops/sec)
Total latency = 5.4100121985607006E7 (+/- 0) us 
Consensus latency = 2529.0699290000002 (+/- 274) us 
Pre-consensus latency = 0.0 (+/- 0) us 
Pos-consensus latency = 5.4097850991936E7 (+/- 0) us 
Propose latency = 401.96955699999995 (+/- 66) us 
Write latency = 674.154029 (+/- 245) us 
Accept latency = 1452.946343 (+/- 169) us 
Batch average size = NaN (+/- 0) requests
LCMessage ByteCount = 378:14
TOMMessage ByteCount = 117694995:268494
StandardSMMessage ByteCount = 6337:20
ConsensusMessage ByteCount = 919122:20898
--- Measurements after 379000 ops (1000 samples) ---
Throughput = 4807.6924 operations/sec (Maximum observed: 8130.0815 ops/sec)
Total latency = 5.4250745620718E7 (+/- 0) us 
Consensus latency = 3023.1104870000004 (+/- 754) us 
Pre-consensus latency = 0.0 (+/- 0) us 
Pos-consensus latency = 5.4248097920773E7 (+/- 0) us 
Propose latency = 1072.364558 (+/- 1011) us 
Write latency = 493.313549 (+/- 300) us 
Accept latency = 1457.43238 (+/- 135) us 
Batch average size = NaN (+/- 0) requests
LCMessage ByteCount = 378:14
TOMMessage ByteCount = 117703476:268502
StandardSMMessage ByteCount = 6337:20
ConsensusMessage ByteCount = 919122:20898
--- Measurements after 380000 ops (1000 samples) ---
Throughput = 4830.918 operations/sec (Maximum observed: 8130.0815 ops/sec)
Total latency = 5.4405828364712E7 (+/- 0) us 
Consensus latency = 2614.191173 (+/- 219) us 
Pre-consensus latency = 0.0 (+/- 0) us 
Pos-consensus latency = 5.4403476056604E7 (+/- 0) us 
Propose latency = 465.46840299999997 (+/- 75) us 
Write latency = 676.1880940000001 (+/- 206) us 
Accept latency = 1472.534676 (+/- 193) us 
Batch average size = NaN (+/- 0) requests
LCMessage ByteCount = 378:14
TOMMessage ByteCount = 117709838:268508
StandardSMMessage ByteCount = 6337:20
ConsensusMessage ByteCount = 919122:20898
--- Measurements after 381000 ops (1000 samples) ---
Throughput = 3496.5034 operations/sec (Maximum observed: 8130.0815 ops/sec)
Total latency = 5.4592475428359E7 (+/- 0) us 
Consensus latency = 2627.3501349999997 (+/- 269) us 
Pre-consensus latency = 0.0 (+/- 0) us 
Pos-consensus latency = 5.4590123627804E7 (+/- 0) us 
Propose latency = 429.777723 (+/- 69) us 
Write latency = 715.149911 (+/- 185) us 
Accept latency = 1482.422501 (+/- 208) us 
Batch average size = NaN (+/- 0) requests
LCMessage ByteCount = 378:14
TOMMessage ByteCount = 117725731:268523
StandardSMMessage ByteCount = 6337:20
ConsensusMessage ByteCount = 919122:20898
--- Measurements after 382000 ops (1000 samples) ---
Throughput = 4830.918 operations/sec (Maximum observed: 8130.0815 ops/sec)
Total latency = 5.4786642311231E7 (+/- 0) us 
Consensus latency = 3019.357859 (+/- 1739) us 
Pre-consensus latency = 0.0 (+/- 0) us 
Pos-consensus latency = 5.4783885204422E7 (+/- 0) us 
Propose latency = 574.782224 (+/- 433) us 
Write latency = 420.219277 (+/- 315) us 
Accept latency = 2024.356358 (+/- 1673) us 
Batch average size = NaN (+/- 0) requests
LCMessage ByteCount = 378:14
TOMMessage ByteCount = 117736334:268533
StandardSMMessage ByteCount = 6337:20
ConsensusMessage ByteCount = 919122:20898
--- Measurements after 383000 ops (1000 samples) ---
Throughput = 4629.6294 operations/sec (Maximum observed: 8130.0815 ops/sec)
Total latency = 5.4946911977216005E7 (+/- 0) us 
Consensus latency = 2542.642048 (+/- 205) us 
Pre-consensus latency = 0.0 (+/- 0) us 
Pos-consensus latency = 5.4944656709685E7 (+/- 0) us 
Propose latency = 514.44941 (+/- 139) us 
Write latency = 597.520544 (+/- 160) us 
Accept latency = 1430.672094 (+/- 152) us 
Batch average size = NaN (+/- 0) requests
LCMessage ByteCount = 378:14
TOMMessage ByteCount = 117753300:268549
StandardSMMessage ByteCount = 6337:20
ConsensusMessage ByteCount = 919122:20898
--- Measurements after 384000 ops (1000 samples) ---
Throughput = 4807.6924 operations/sec (Maximum observed: 8130.0815 ops/sec)
Total latency = 5.5103071590318E7 (+/- 0) us 
Consensus latency = 2704.815331 (+/- 187) us 
Pre-consensus latency = 0.0 (+/- 0) us 
Pos-consensus latency = 5.5100668428912E7 (+/- 0) us 
Propose latency = 492.630356 (+/- 86) us 
Write latency = 633.975651 (+/- 172) us 
Accept latency = 1578.209324 (+/- 116) us 
Batch average size = NaN (+/- 0) requests
LCMessage ByteCount = 378:14
TOMMessage ByteCount = 117768152:268563
StandardSMMessage ByteCount = 6337:20
ConsensusMessage ByteCount = 919122:20898
--- Measurements after 385000 ops (1000 samples) ---
Throughput = 4032.258 operations/sec (Maximum observed: 8130.0815 ops/sec)
Total latency = 5.5282121866849996E7 (+/- 0) us 
Consensus latency = 2635.528857 (+/- 306) us 
Pre-consensus latency = 0.0 (+/- 0) us 
Pos-consensus latency = 5.5279826920257E7 (+/- 0) us 
Propose latency = 619.201478 (+/- 150) us 
Write latency = 447.73383 (+/- 197) us 
Accept latency = 1568.5935490000002 (+/- 146) us 
Batch average size = NaN (+/- 0) requests
LCMessage ByteCount = 378:14
TOMMessage ByteCount = 117883702:268672
StandardSMMessage ByteCount = 6337:20
ConsensusMessage ByteCount = 919122:20898
--- Measurements after 386000 ops (1000 samples) ---
Throughput = 4830.918 operations/sec (Maximum observed: 8130.0815 ops/sec)
Total latency = 5.5449138477726E7 (+/- 0) us 
Consensus latency = 2555.840816 (+/- 174) us 
Pre-consensus latency = 0.0 (+/- 0) us 
Pos-consensus latency = 5.5446907588788E7 (+/- 0) us 
Propose latency = 579.577463 (+/- 41) us 
Write latency = 552.6355209999999 (+/- 129) us 
Accept latency = 1423.627832 (+/- 144) us 
Batch average size = NaN (+/- 0) requests
LCMessage ByteCount = 378:14
TOMMessage ByteCount = 117901725:268689
StandardSMMessage ByteCount = 6337:20
ConsensusMessage ByteCount = 919122:20898
--- Measurements after 387000 ops (1000 samples) ---
Throughput = 4807.6924 operations/sec (Maximum observed: 8130.0815 ops/sec)
Total latency = 5.5602389096241996E7 (+/- 0) us 
Consensus latency = 2645.968743 (+/- 778) us 
Pre-consensus latency = 0.0 (+/- 0) us 
Pos-consensus latency = 5.5600054092343E7 (+/- 0) us 
Propose latency = 744.7057560000001 (+/- 833) us 
Write latency = 485.039325 (+/- 283) us 
Accept latency = 1416.223662 (+/- 165) us 
Batch average size = NaN (+/- 0) requests
LCMessage ByteCount = 378:14
TOMMessage ByteCount = 117913390:268700
StandardSMMessage ByteCount = 6337:20
ConsensusMessage ByteCount = 919122:20898
--- Measurements after 388000 ops (1000 samples) ---
Throughput = 5917.1597 operations/sec (Maximum observed: 8130.0815 ops/sec)
Total latency = 5.5741193773751E7 (+/- 0) us 
Consensus latency = 2340.896323 (+/- 783) us 
Pre-consensus latency = 0.0 (+/- 0) us 
Pos-consensus latency = 5.573912597582E7 (+/- 0) us 
Propose latency = 614.242727 (+/- 786) us 
Write latency = 277.387215 (+/- 219) us 
Accept latency = 1449.2663810000001 (+/- 164) us 
Batch average size = NaN (+/- 0) requests
LCMessage ByteCount = 378:14
TOMMessage ByteCount = 117917633:268704
StandardSMMessage ByteCount = 6337:20
ConsensusMessage ByteCount = 919122:20898
--- Measurements after 389000 ops (1000 samples) ---
Throughput = 6024.096 operations/sec (Maximum observed: 8130.0815 ops/sec)
Total latency = 5.5854978656031E7 (+/- 0) us 
Consensus latency = 2497.371302 (+/- 120) us 
Pre-consensus latency = 0.0 (+/- 0) us 
Pos-consensus latency = 5.5852740446628E7 (+/- 0) us 
Propose latency = 407.972978 (+/- 82) us 
Write latency = 615.915022 (+/- 201) us 
Accept latency = 1473.4833019999999 (+/- 154) us 
Batch average size = NaN (+/- 0) requests
LCMessage ByteCount = 378:14
TOMMessage ByteCount = 117926113:268712
StandardSMMessage ByteCount = 6337:20
ConsensusMessage ByteCount = 919122:20898
--- Measurements after 390000 ops (1000 samples) ---
Throughput = 6666.6665 operations/sec (Maximum observed: 8130.0815 ops/sec)
Total latency = 5.5949862448692E7 (+/- 0) us 
Consensus latency = 2931.849422 (+/- 560) us 
Pre-consensus latency = 0.0 (+/- 0) us 
Pos-consensus latency = 5.5947265718246005E7 (+/- 0) us 
Propose latency = 580.5169719999999 (+/- 250) us 
Write latency = 773.4928739999999 (+/- 286) us 
Accept latency = 1577.8395759999999 (+/- 124) us 
Batch average size = NaN (+/- 0) requests
LCMessage ByteCount = 378:14
TOMMessage ByteCount = 117946280:268731
StandardSMMessage ByteCount = 6337:20
ConsensusMessage ByteCount = 919122:20898
--- Measurements after 391000 ops (1000 samples) ---
Throughput = 6666.6665 operations/sec (Maximum observed: 8130.0815 ops/sec)
Total latency = 5.6049389552283E7 (+/- 0) us 
Consensus latency = 2751.884462 (+/- 281) us 
Pre-consensus latency = 0.0 (+/- 0) us 
Pos-consensus latency = 5.6046888329280995E7 (+/- 0) us 
Propose latency = 441.352224 (+/- 157) us 
Write latency = 799.317081 (+/- 252) us 
Accept latency = 1511.2151569999999 (+/- 158) us 
Batch average size = NaN (+/- 0) requests
LCMessage ByteCount = 378:14
TOMMessage ByteCount = 117956877:268741
StandardSMMessage ByteCount = 6337:20
ConsensusMessage ByteCount = 919122:20898
--- Measurements after 392000 ops (1000 samples) ---
Throughput = 6711.409 operations/sec (Maximum observed: 8130.0815 ops/sec)
Total latency = 5.6143903048442E7 (+/- 0) us 
Consensus latency = 2678.6921 (+/- 270) us 
Pre-consensus latency = 0.0 (+/- 0) us 
Pos-consensus latency = 5.614148109974E7 (+/- 0) us 
Propose latency = 386.101234 (+/- 22) us 
Write latency = 765.648059 (+/- 235) us 
Accept latency = 1526.9428070000001 (+/- 108) us 
Batch average size = NaN (+/- 0) requests
LCMessage ByteCount = 378:14
TOMMessage ByteCount = 117968544:268752
StandardSMMessage ByteCount = 6337:20
ConsensusMessage ByteCount = 919122:20898
--- Measurements after 393000 ops (1000 samples) ---
Throughput = 5714.2856 operations/sec (Maximum observed: 8130.0815 ops/sec)
Total latency = 5.6261374427237E7 (+/- 0) us 
Consensus latency = 2908.066863 (+/- 1793) us 
Pre-consensus latency = 0.0 (+/- 0) us 
Pos-consensus latency = 5.6258716521358E7 (+/- 0) us 
Propose latency = 489.685952 (+/- 369) us 
Write latency = 1057.7749950000002 (+/- 2154) us 
Accept latency = 1360.605916 (+/- 364) us 
Batch average size = NaN (+/- 0) requests
LCMessage ByteCount = 378:14
TOMMessage ByteCount = 117969601:268753
StandardSMMessage ByteCount = 6337:20
ConsensusMessage ByteCount = 919122:20898
--- Measurements after 394000 ops (1000 samples) ---
Throughput = 6666.6665 operations/sec (Maximum observed: 8130.0815 ops/sec)
Total latency = 5.635915421939E7 (+/- 0) us 
Consensus latency = 2610.583825 (+/- 237) us 
Pre-consensus latency = 0.0 (+/- 0) us 
Pos-consensus latency = 5.6356781214222E7 (+/- 0) us 
Propose latency = 364.229702 (+/- 51) us 
Write latency = 757.001688 (+/- 218) us 
Accept latency = 1489.352435 (+/- 103) us 
Batch average size = NaN (+/- 0) requests
LCMessage ByteCount = 378:14
TOMMessage ByteCount = 117974896:268758
StandardSMMessage ByteCount = 6337:20
ConsensusMessage ByteCount = 919122:20898
--- Measurements after 395000 ops (1000 samples) ---
Throughput = 6666.6665 operations/sec (Maximum observed: 8130.0815 ops/sec)
Total latency = 5.6452630884422995E7 (+/- 0) us 
Consensus latency = 2650.130794 (+/- 286) us 
Pre-consensus latency = 0.0 (+/- 0) us 
Pos-consensus latency = 5.6450232584708E7 (+/- 0) us 
Propose latency = 418.997381 (+/- 202) us 
Write latency = 686.3123410000001 (+/- 162) us 
Accept latency = 1544.821072 (+/- 115) us 
Batch average size = NaN (+/- 0) requests
LCMessage ByteCount = 378:14
TOMMessage ByteCount = 117986558:268769
StandardSMMessage ByteCount = 6337:20
ConsensusMessage ByteCount = 919122:20898
--- Measurements after 396000 ops (1000 samples) ---
Throughput = 6060.606 operations/sec (Maximum observed: 8130.0815 ops/sec)
Total latency = 5.6546841644112E7 (+/- 0) us 
Consensus latency = 2908.6566150000003 (+/- 367) us 
Pre-consensus latency = 0.0 (+/- 0) us 
Pos-consensus latency = 5.6544223905075E7 (+/- 0) us 
Propose latency = 593.910429 (+/- 379) us 
Write latency = 730.655605 (+/- 163) us 
Accept latency = 1584.090581 (+/- 122) us 
Batch average size = NaN (+/- 0) requests
LCMessage ByteCount = 378:14
TOMMessage ByteCount = 117995044:268777
StandardSMMessage ByteCount = 6337:20
ConsensusMessage ByteCount = 919122:20898
--- Measurements after 397000 ops (1000 samples) ---
Throughput = 6666.6665 operations/sec (Maximum observed: 8130.0815 ops/sec)
Total latency = 5.6655931789572E7 (+/- 0) us 
Consensus latency = 2663.514299 (+/- 205) us 
Pre-consensus latency = 0.0 (+/- 0) us 
Pos-consensus latency = 5.6653560025092006E7 (+/- 0) us 
Propose latency = 519.888974 (+/- 82) us 
Write latency = 539.639243 (+/- 274) us 
Accept latency = 1603.986082 (+/- 170) us 
Batch average size = NaN (+/- 0) requests
LCMessage ByteCount = 378:14
TOMMessage ByteCount = 118005637:268787
StandardSMMessage ByteCount = 6337:20
ConsensusMessage ByteCount = 919122:20898
--- Measurements after 398000 ops (1000 samples) ---
Throughput = 6666.6665 operations/sec (Maximum observed: 8130.0815 ops/sec)
Total latency = 5.6749283638005994E7 (+/- 0) us 
Consensus latency = 2508.701474 (+/- 770) us 
Pre-consensus latency = 0.0 (+/- 0) us 
Pos-consensus latency = 5.6747094292527E7 (+/- 0) us 
Propose latency = 547.6884520000001 (+/- 58) us 
Write latency = 247.34986999999998 (+/- 194) us 
Accept latency = 1713.663152 (+/- 773) us 
Batch average size = NaN (+/- 0) requests
LCMessage ByteCount = 378:14
TOMMessage ByteCount = 118020479:268801
StandardSMMessage ByteCount = 6337:20
ConsensusMessage ByteCount = 919122:20898
--- Measurements after 399000 ops (1000 samples) ---
Throughput = 6666.6665 operations/sec (Maximum observed: 8130.0815 ops/sec)
Total latency = 5.6842986999746E7 (+/- 0) us 
Consensus latency = 2740.485076 (+/- 1165) us 
Pre-consensus latency = 0.0 (+/- 0) us 
Pos-consensus latency = 5.684057588742E7 (+/- 0) us 
Propose latency = 674.6323649999999 (+/- 323) us 
Write latency = 201.965314 (+/- 152) us 
Accept latency = 1863.8873970000002 (+/- 1181) us 
Batch average size = NaN (+/- 0) requests
LCMessage ByteCount = 378:14
TOMMessage ByteCount = 118028954:268809
StandardSMMessage ByteCount = 6337:20
ConsensusMessage ByteCount = 919122:20898
--- Measurements after 400000 ops (1000 samples) ---
Throughput = 5882.353 operations/sec (Maximum observed: 8130.0815 ops/sec)
Total latency = 5.6942393936374E7 (+/- 0) us 
Consensus latency = 2513.973037 (+/- 178) us 
Pre-consensus latency = 0.0 (+/- 0) us 
Pos-consensus latency = 5.6940186719149E7 (+/- 0) us 
Propose latency = 556.042133 (+/- 91) us 
Write latency = 544.567574 (+/- 263) us 
Accept latency = 1413.3633300000001 (+/- 139) us 
Batch average size = NaN (+/- 0) requests
LCMessage ByteCount = 378:14
TOMMessage ByteCount = 118039554:268819
StandardSMMessage ByteCount = 6337:20
ConsensusMessage ByteCount = 919122:20898
--- Measurements after 401000 ops (1000 samples) ---
Throughput = 6666.6665 operations/sec (Maximum observed: 8130.0815 ops/sec)
Total latency = 5.7051647990756E7 (+/- 0) us 
Consensus latency = 2719.985145 (+/- 234) us 
Pre-consensus latency = 0.0 (+/- 0) us 
Pos-consensus latency = 5.7049299805849E7 (+/- 0) us 
Propose latency = 647.389981 (+/- 149) us 
Write latency = 552.171236 (+/- 126) us 
Accept latency = 1520.4239280000002 (+/- 134) us 
Batch average size = NaN (+/- 0) requests
LCMessage ByteCount = 378:14
TOMMessage ByteCount = 118048045:268827
StandardSMMessage ByteCount = 6337:20
ConsensusMessage ByteCount = 919122:20898
--- Measurements after 402000 ops (1000 samples) ---
Throughput = 6756.757 operations/sec (Maximum observed: 8130.0815 ops/sec)
Total latency = 5.7146253821095005E7 (+/- 0) us 
Consensus latency = 2727.898955 (+/- 245) us 
Pre-consensus latency = 0.0 (+/- 0) us 
Pos-consensus latency = 5.7143823233729E7 (+/- 0) us 
Propose latency = 524.8843939999999 (+/- 82) us 
Write latency = 528.828588 (+/- 256) us 
Accept latency = 1674.185973 (+/- 230) us 
Batch average size = NaN (+/- 0) requests
LCMessage ByteCount = 378:14
TOMMessage ByteCount = 118065027:268843
StandardSMMessage ByteCount = 6337:20
ConsensusMessage ByteCount = 919122:20898
--- Measurements after 403000 ops (1000 samples) ---
Throughput = 6622.5166 operations/sec (Maximum observed: 8130.0815 ops/sec)
Total latency = 5.7239740236880995E7 (+/- 0) us 
Consensus latency = 2562.026676 (+/- 140) us 
Pre-consensus latency = 0.0 (+/- 0) us 
Pos-consensus latency = 5.7237501420488E7 (+/- 0) us 
Propose latency = 562.700291 (+/- 36) us 
Write latency = 522.533237 (+/- 193) us 
Accept latency = 1476.793148 (+/- 153) us 
Batch average size = NaN (+/- 0) requests
LCMessage ByteCount = 378:14
TOMMessage ByteCount = 118212406:268982
StandardSMMessage ByteCount = 6337:20
ConsensusMessage ByteCount = 919122:20898
--- Measurements after 404000 ops (1000 samples) ---
Throughput = 4950.495 operations/sec (Maximum observed: 8130.0815 ops/sec)
Total latency = 5.734252207650901E7 (+/- 0) us 
Consensus latency = 3012.9418339999997 (+/- 1546) us 
Pre-consensus latency = 0.0 (+/- 0) us 
Pos-consensus latency = 5.7339824911854E7 (+/- 0) us 
Propose latency = 755.250893 (+/- 592) us 
Write latency = 882.253534 (+/- 1891) us 
Accept latency = 1375.437407 (+/- 402) us 
Batch average size = NaN (+/- 0) requests
LCMessage ByteCount = 378:14
TOMMessage ByteCount = 118314157:269078
StandardSMMessage ByteCount = 6337:20
ConsensusMessage ByteCount = 919122:20898
--- Measurements after 405000 ops (1000 samples) ---
Throughput = 7142.857 operations/sec (Maximum observed: 8130.0815 ops/sec)
Total latency = 5.7478007097194E7 (+/- 0) us 
Consensus latency = 2570.1207200000003 (+/- 261) us 
Pre-consensus latency = 0.0 (+/- 0) us 
Pos-consensus latency = 5.74757413921E7 (+/- 0) us 
Propose latency = 542.980869 (+/- 55) us 
Write latency = 608.641944 (+/- 180) us 
Accept latency = 1418.497907 (+/- 189) us 
Batch average size = NaN (+/- 0) requests
LCMessage ByteCount = 378:14
TOMMessage ByteCount = 118390467:269150
StandardSMMessage ByteCount = 6337:20
ConsensusMessage ByteCount = 919122:20898
--- Measurements after 406000 ops (1000 samples) ---
Throughput = 7092.1987 operations/sec (Maximum observed: 8130.0815 ops/sec)
Total latency = 5.7558620173990995E7 (+/- 0) us 
Consensus latency = 2755.2907960000002 (+/- 333) us 
Pre-consensus latency = 0.0 (+/- 0) us 
Pos-consensus latency = 5.7556249306806E7 (+/- 0) us 
Propose latency = 744.147062 (+/- 298) us 
Write latency = 548.462354 (+/- 119) us 
Accept latency = 1462.68138 (+/- 204) us 
Batch average size = NaN (+/- 0) requests
LCMessage ByteCount = 378:14
TOMMessage ByteCount = 118465721:269221
StandardSMMessage ByteCount = 6337:20
ConsensusMessage ByteCount = 919122:20898
--- Measurements after 407000 ops (1000 samples) ---
Throughput = 6944.4443 operations/sec (Maximum observed: 8130.0815 ops/sec)
Total latency = 5.7650712919082E7 (+/- 0) us 
Consensus latency = 2613.378343 (+/- 160) us 
Pre-consensus latency = 0.0 (+/- 0) us 
Pos-consensus latency = 5.7648425354573E7 (+/- 0) us 
Propose latency = 556.33618 (+/- 69) us 
Write latency = 540.691493 (+/- 108) us 
Accept latency = 1516.35067 (+/- 150) us 
Batch average size = NaN (+/- 0) requests
LCMessage ByteCount = 378:14
TOMMessage ByteCount = 118518723:269271
StandardSMMessage ByteCount = 6337:20
ConsensusMessage ByteCount = 919122:20898
--- Measurements after 408000 ops (1000 samples) ---
Throughput = 5681.8184 operations/sec (Maximum observed: 8130.0815 ops/sec)
Total latency = 5.7752275994104E7 (+/- 0) us 
Consensus latency = 3074.277185 (+/- 1112) us 
Pre-consensus latency = 0.0 (+/- 0) us 
Pos-consensus latency = 5.7749565191477E7 (+/- 0) us 
Propose latency = 624.5350450000001 (+/- 135) us 
Write latency = 611.093754 (+/- 236) us 
Accept latency = 1838.6483859999998 (+/- 1034) us 
Batch average size = NaN (+/- 0) requests
LCMessage ByteCount = 378:14
TOMMessage ByteCount = 118648054:269393
StandardSMMessage ByteCount = 6337:20
ConsensusMessage ByteCount = 919122:20898
--- Measurements after 409000 ops (1000 samples) ---
Throughput = 6666.6665 operations/sec (Maximum observed: 8130.0815 ops/sec)
Total latency = 5.7859504258305E7 (+/- 0) us 
Consensus latency = 2888.024036 (+/- 1434) us 
Pre-consensus latency = 0.0 (+/- 0) us 
Pos-consensus latency = 5.7856936024114E7 (+/- 0) us 
Propose latency = 777.9677780000001 (+/- 734) us 
Write latency = 290.696426 (+/- 255) us 
Accept latency = 1819.3598319999999 (+/- 1361) us 
Batch average size = NaN (+/- 0) requests
LCMessage ByteCount = 378:14
TOMMessage ByteCount = 118702150:269444
StandardSMMessage ByteCount = 6337:20
ConsensusMessage ByteCount = 919122:20898
--- Measurements after 410000 ops (1000 samples) ---
Throughput = 7299.27 operations/sec (Maximum observed: 8130.0815 ops/sec)
Total latency = 5.7950008095049E7 (+/- 0) us 
Consensus latency = 2431.018536 (+/- 220) us 
Pre-consensus latency = 0.0 (+/- 0) us 
Pos-consensus latency = 5.7947883016633004E7 (+/- 0) us 
Propose latency = 559.482398 (+/- 90) us 
Write latency = 362.192826 (+/- 199) us 
Accept latency = 1509.343312 (+/- 129) us 
Batch average size = NaN (+/- 0) requests
LCMessage ByteCount = 378:14
TOMMessage ByteCount = 118723337:269464
StandardSMMessage ByteCount = 6337:20
ConsensusMessage ByteCount = 919122:20898
--- Measurements after 411000 ops (1000 samples) ---
Throughput = 7352.9414 operations/sec (Maximum observed: 8130.0815 ops/sec)
Total latency = 5.8029303978663005E7 (+/- 0) us 
Consensus latency = 2502.500007 (+/- 265) us 
Pre-consensus latency = 0.0 (+/- 0) us 
Pos-consensus latency = 5.8027131488358E7 (+/- 0) us 
Propose latency = 580.628598 (+/- 87) us 
Write latency = 494.510723 (+/- 242) us 
Accept latency = 1427.360686 (+/- 181) us 
Batch average size = NaN (+/- 0) requests
LCMessage ByteCount = 378:14
TOMMessage ByteCount = 118729698:269470
StandardSMMessage ByteCount = 6337:20
ConsensusMessage ByteCount = 919122:20898
--- Measurements after 412000 ops (1000 samples) ---
Throughput = 4761.905 operations/sec (Maximum observed: 8130.0815 ops/sec)
Total latency = 5.8140443115208E7 (+/- 0) us 
Consensus latency = 2603.9414890000003 (+/- 326) us 
Pre-consensus latency = 0.0 (+/- 0) us 
Pos-consensus latency = 5.8138207024353996E7 (+/- 0) us 
Propose latency = 657.558387 (+/- 165) us 
Write latency = 517.439401 (+/- 273) us 
Accept latency = 1428.943701 (+/- 197) us 
Batch average size = NaN (+/- 0) requests
LCMessage ByteCount = 378:14
TOMMessage ByteCount = 118739235:269479
StandardSMMessage ByteCount = 6337:20
ConsensusMessage ByteCount = 919122:20898
--- Measurements after 413000 ops (1000 samples) ---
Throughput = 4784.689 operations/sec (Maximum observed: 8130.0815 ops/sec)
Total latency = 5.829996213886E7 (+/- 0) us 
Consensus latency = 3038.347766 (+/- 1827) us 
Pre-consensus latency = 0.0 (+/- 0) us 
Pos-consensus latency = 5.8297271644233E7 (+/- 0) us 
Propose latency = 630.120451 (+/- 133) us 
Write latency = 930.858801 (+/- 1818) us 
Accept latency = 1477.368514 (+/- 174) us 
Batch average size = NaN (+/- 0) requests
LCMessage ByteCount = 378:14
TOMMessage ByteCount = 118748772:269488
StandardSMMessage ByteCount = 6337:20
ConsensusMessage ByteCount = 919122:20898
--- Measurements after 414000 ops (1000 samples) ---
Throughput = 4784.689 operations/sec (Maximum observed: 8130.0815 ops/sec)
Total latency = 5.845260347778E7 (+/- 0) us 
Consensus latency = 2842.531637 (+/- 1276) us 
Pre-consensus latency = 0.0 (+/- 0) us 
Pos-consensus latency = 5.845006139081E7 (+/- 0) us 
Propose latency = 841.8730949999999 (+/- 1337) us 
Write latency = 575.8964649999999 (+/- 191) us 
Accept latency = 1424.762077 (+/- 166) us 
Batch average size = NaN (+/- 0) requests
LCMessage ByteCount = 378:14
TOMMessage ByteCount = 118759367:269498
StandardSMMessage ByteCount = 6337:20
ConsensusMessage ByteCount = 919122:20898
--- Measurements after 415000 ops (1000 samples) ---
Throughput = 4784.689 operations/sec (Maximum observed: 8130.0815 ops/sec)
Total latency = 5.8602182131483E7 (+/- 0) us 
Consensus latency = 2557.744948 (+/- 903) us 
Pre-consensus latency = 0.0 (+/- 0) us 
Pos-consensus latency = 5.8599954451116994E7 (+/- 0) us 
Propose latency = 711.258136 (+/- 892) us 
Write latency = 267.963188 (+/- 209) us 
Accept latency = 1578.5236240000002 (+/- 119) us 
Batch average size = NaN (+/- 0) requests
LCMessage ByteCount = 378:14
TOMMessage ByteCount = 118772090:269510
StandardSMMessage ByteCount = 6337:20
ConsensusMessage ByteCount = 919122:20898
--- Measurements after 416000 ops (1000 samples) ---
Throughput = 3846.1538 operations/sec (Maximum observed: 8130.0815 ops/sec)
Total latency = 5.8793589676152E7 (+/- 0) us 
Consensus latency = 2603.659271 (+/- 192) us 
Pre-consensus latency = 0.0 (+/- 0) us 
Pos-consensus latency = 5.8791305326217E7 (+/- 0) us 
Propose latency = 547.9858710000001 (+/- 43) us 
Write latency = 577.746867 (+/- 161) us 
Accept latency = 1477.926533 (+/- 166) us 
Batch average size = NaN (+/- 0) requests
LCMessage ByteCount = 378:14
TOMMessage ByteCount = 119098576:269818
StandardSMMessage ByteCount = 6337:20
ConsensusMessage ByteCount = 919122:20898
--- Measurements after 417000 ops (1000 samples) ---
Throughput = 4761.905 operations/sec (Maximum observed: 8130.0815 ops/sec)
Total latency = 5.8962172326126E7 (+/- 0) us 
Consensus latency = 2760.919315 (+/- 333) us 
Pre-consensus latency = 0.0 (+/- 0) us 
Pos-consensus latency = 5.8959779993824E7 (+/- 0) us 
Propose latency = 649.018169 (+/- 213) us 
Write latency = 576.51598 (+/- 180) us 
Accept latency = 1535.385166 (+/- 283) us 
Batch average size = NaN (+/- 0) requests
LCMessage ByteCount = 378:14
TOMMessage ByteCount = 119295741:270004
StandardSMMessage ByteCount = 6337:20
ConsensusMessage ByteCount = 919122:20898
--- Measurements after 418000 ops (1000 samples) ---
Throughput = 4784.689 operations/sec (Maximum observed: 8130.0815 ops/sec)
Total latency = 5.911580107794999E7 (+/- 0) us 
Consensus latency = 3247.969608 (+/- 1531) us 
Pre-consensus latency = 0.0 (+/- 0) us 
Pos-consensus latency = 5.911291046514E7 (+/- 0) us 
Propose latency = 628.397366 (+/- 107) us 
Write latency = 1086.675702 (+/- 1509) us 
Accept latency = 1532.89654 (+/- 153) us 
Batch average size = NaN (+/- 0) requests
LCMessage ByteCount = 378:14
TOMMessage ByteCount = 119466449:270165
StandardSMMessage ByteCount = 6337:20
ConsensusMessage ByteCount = 919122:20898
--- Measurements after 419000 ops (1000 samples) ---
Throughput = 4807.6924 operations/sec (Maximum observed: 8130.0815 ops/sec)
Total latency = 5.9270668233269E7 (+/- 0) us 
Consensus latency = 2486.093817 (+/- 207) us 
Pre-consensus latency = 0.0 (+/- 0) us 
Pos-consensus latency = 5.9268498320088E7 (+/- 0) us 
Propose latency = 551.560248 (+/- 31) us 
Write latency = 487.72442 (+/- 129) us 
Accept latency = 1446.809149 (+/- 156) us 
Batch average size = NaN (+/- 0) requests
LCMessage ByteCount = 378:14
TOMMessage ByteCount = 119489782:270187
StandardSMMessage ByteCount = 6337:20
ConsensusMessage ByteCount = 919122:20898
--- Measurements after 420000 ops (1000 samples) ---
Throughput = 4464.2856 operations/sec (Maximum observed: 8130.0815 ops/sec)
Total latency = 5.9435279273566E7 (+/- 0) us 
Consensus latency = 2583.591782 (+/- 1340) us 
Pre-consensus latency = 0.0 (+/- 0) us 
Pos-consensus latency = 5.9432984210052E7 (+/- 0) us 
Propose latency = 926.1519860000001 (+/- 1350) us 
Write latency = 188.926763 (+/- 170) us 
Accept latency = 1468.513033 (+/- 146) us 
Batch average size = NaN (+/- 0) requests
LCMessage ByteCount = 378:14
TOMMessage ByteCount = 119516304:270212
StandardSMMessage ByteCount = 6337:20
ConsensusMessage ByteCount = 919122:20898
--- Measurements after 421000 ops (1000 samples) ---
Throughput = 4830.918 operations/sec (Maximum observed: 8130.0815 ops/sec)
Total latency = 5.9590709645469E7 (+/- 0) us 
Consensus latency = 2509.708854 (+/- 191) us 
Pre-consensus latency = 0.0 (+/- 0) us 
Pos-consensus latency = 5.9588509327913E7 (+/- 0) us 
Propose latency = 553.527145 (+/- 55) us 
Write latency = 400.815313 (+/- 179) us 
Accept latency = 1555.366396 (+/- 110) us 
Batch average size = NaN (+/- 0) requests
LCMessage ByteCount = 378:14
TOMMessage ByteCount = 119523732:270219
StandardSMMessage ByteCount = 6337:20
ConsensusMessage ByteCount = 919122:20898
--- Measurements after 422000 ops (1000 samples) ---
Throughput = 4830.918 operations/sec (Maximum observed: 8130.0815 ops/sec)
Total latency = 5.9740756714627996E7 (+/- 0) us 
Consensus latency = 2534.918298 (+/- 280) us 
Pre-consensus latency = 0.0 (+/- 0) us 
Pos-consensus latency = 5.9738536161652E7 (+/- 0) us 
Propose latency = 574.918059 (+/- 76) us 
Write latency = 506.71923300000003 (+/- 207) us 
Accept latency = 1453.2810060000002 (+/- 155) us 
Batch average size = NaN (+/- 0) requests
LCMessage ByteCount = 378:14
TOMMessage ByteCount = 119530099:270225
StandardSMMessage ByteCount = 6337:20
ConsensusMessage ByteCount = 919122:20898
--- Measurements after 423000 ops (1000 samples) ---
Throughput = 4255.3193 operations/sec (Maximum observed: 8130.0815 ops/sec)
Total latency = 5.9895693058154E7 (+/- 0) us 
Consensus latency = 2807.0682549999997 (+/- 750) us 
Pre-consensus latency = 0.0 (+/- 0) us 
Pos-consensus latency = 5.9893184731586E7 (+/- 0) us 
Propose latency = 536.841755 (+/- 68) us 
Write latency = 572.696786 (+/- 123) us 
Accept latency = 1697.529714 (+/- 712) us 
Batch average size = NaN (+/- 0) requests
LCMessage ByteCount = 378:14
TOMMessage ByteCount = 119537517:270232
StandardSMMessage ByteCount = 6337:20
ConsensusMessage ByteCount = 919122:20898
--- Measurements after 424000 ops (1000 samples) ---
Throughput = 4807.6924 operations/sec (Maximum observed: 8130.0815 ops/sec)
Total latency = 6.0072630053485E7 (+/- 0) us 
Consensus latency = 2540.094991 (+/- 265) us 
Pre-consensus latency = 0.0 (+/- 0) us 
Pos-consensus latency = 6.0070363418212E7 (+/- 0) us 
Propose latency = 515.289685 (+/- 52) us 
Write latency = 463.868203 (+/- 189) us 
Accept latency = 1560.937103 (+/- 207) us 
Batch average size = NaN (+/- 0) requests
LCMessage ByteCount = 378:14
TOMMessage ByteCount = 119555529:270249
StandardSMMessage ByteCount = 6337:20
ConsensusMessage ByteCount = 919122:20898
--- Measurements after 425000 ops (1000 samples) ---
Throughput = 5917.1597 operations/sec (Maximum observed: 8130.0815 ops/sec)
Total latency = 6.0213140298524E7 (+/- 0) us 
Consensus latency = 2527.796683 (+/- 452) us 
Pre-consensus latency = 0.0 (+/- 0) us 
Pos-consensus latency = 6.0210934487110004E7 (+/- 0) us 
Propose latency = 683.580179 (+/- 458) us 
Write latency = 336.00244 (+/- 241) us 
Accept latency = 1508.214064 (+/- 142) us 
Batch average size = NaN (+/- 0) requests
LCMessage ByteCount = 378:14
TOMMessage ByteCount = 119557653:270251
StandardSMMessage ByteCount = 6337:20
ConsensusMessage ByteCount = 919122:20898
--- Measurements after 426000 ops (1000 samples) ---
Throughput = 6622.5166 operations/sec (Maximum observed: 8130.0815 ops/sec)
Total latency = 6.0311909687865995E7 (+/- 0) us 
Consensus latency = 2436.472304 (+/- 175) us 
Pre-consensus latency = 0.0 (+/- 0) us 
Pos-consensus latency = 6.0309749257163E7 (+/- 0) us 
Propose latency = 438.510404 (+/- 102) us 
Write latency = 581.956319 (+/- 217) us 
Accept latency = 1416.005581 (+/- 183) us 
Batch average size = NaN (+/- 0) requests
LCMessage ByteCount = 378:14
TOMMessage ByteCount = 119828991:270507
StandardSMMessage ByteCount = 6337:20
ConsensusMessage ByteCount = 919122:20898
--- Measurements after 427000 ops (1000 samples) ---
Throughput = 5405.4053 operations/sec (Maximum observed: 8130.0815 ops/sec)
Total latency = 6.0411703948153E7 (+/- 0) us 
Consensus latency = 2575.969727 (+/- 183) us 
Pre-consensus latency = 0.0 (+/- 0) us 
Pos-consensus latency = 6.0409464014956005E7 (+/- 0) us 
Propose latency = 585.194629 (+/- 144) us 
Write latency = 506.475025 (+/- 208) us 
Accept latency = 1484.300073 (+/- 174) us 
Batch average size = NaN (+/- 0) requests
LCMessage ByteCount = 378:14
TOMMessage ByteCount = 120021908:270689
StandardSMMessage ByteCount = 6337:20
ConsensusMessage ByteCount = 919122:20898
--- Measurements after 428000 ops (1000 samples) ---
Throughput = 6289.308 operations/sec (Maximum observed: 8130.0815 ops/sec)
Total latency = 6.0539817351496E7 (+/- 0) us 
Consensus latency = 2591.2943999999998 (+/- 187) us 
Pre-consensus latency = 0.0 (+/- 0) us 
Pos-consensus latency = 6.0537500643133E7 (+/- 0) us 
Propose latency = 440.70362900000003 (+/- 89) us 
Write latency = 652.285883 (+/- 233) us 
Accept latency = 1498.3048880000001 (+/- 124) us 
Batch average size = NaN (+/- 0) requests
LCMessage ByteCount = 378:14
TOMMessage ByteCount = 120431128:271075
StandardSMMessage ByteCount = 6337:20
ConsensusMessage ByteCount = 919122:20898
--- Measurements after 429000 ops (1000 samples) ---
Throughput = 6622.5166 operations/sec (Maximum observed: 8130.0815 ops/sec)
Total latency = 6.064035296965E7 (+/- 0) us 
Consensus latency = 2346.009656 (+/- 295) us 
Pre-consensus latency = 0.0 (+/- 0) us 
Pos-consensus latency = 6.0638285780567E7 (+/- 0) us 
Propose latency = 450.911583 (+/- 97) us 
Write latency = 419.873326 (+/- 268) us 
Accept latency = 1475.224747 (+/- 186) us 
Batch average size = NaN (+/- 0) requests
LCMessage ByteCount = 378:14
TOMMessage ByteCount = 120667435:271298
StandardSMMessage ByteCount = 6337:20
ConsensusMessage ByteCount = 919122:20898
--- Measurements after 430000 ops (1000 samples) ---
Throughput = 7246.377 operations/sec (Maximum observed: 8130.0815 ops/sec)
Total latency = 6.0730638928059E7 (+/- 0) us 
Consensus latency = 2670.7299709999998 (+/- 2088) us 
Pre-consensus latency = 0.0 (+/- 0) us 
Pos-consensus latency = 6.07285930062E7 (+/- 0) us 
Propose latency = 991.7357410000001 (+/- 2047) us 
Write latency = 187.06113200000001 (+/- 216) us 
Accept latency = 1491.933098 (+/- 135) us 
Batch average size = NaN (+/- 0) requests
LCMessage ByteCount = 378:14
TOMMessage ByteCount = 120762857:271388
StandardSMMessage ByteCount = 6337:20
ConsensusMessage ByteCount = 919122:20898
--- Measurements after 431000 ops (1000 samples) ---
Throughput = 6060.606 operations/sec (Maximum observed: 8130.0815 ops/sec)
Total latency = 6.082934939031E7 (+/- 0) us 
Consensus latency = 2352.493604 (+/- 292) us 
Pre-consensus latency = 0.0 (+/- 0) us 
Pos-consensus latency = 6.0827267637564E7 (+/- 0) us 
Propose latency = 416.745436 (+/- 69) us 
Write latency = 546.31715 (+/- 219) us 
Accept latency = 1389.431018 (+/- 184) us 
Batch average size = NaN (+/- 0) requests
LCMessage ByteCount = 378:14
TOMMessage ByteCount = 120767090:271392
StandardSMMessage ByteCount = 6337:20
ConsensusMessage ByteCount = 919122:20898
--- Measurements after 432000 ops (1000 samples) ---
Throughput = 7692.3076 operations/sec (Maximum observed: 8130.0815 ops/sec)
Total latency = 6.0916010325559E7 (+/- 0) us 
Consensus latency = 2672.7802930000003 (+/- 324) us 
Pre-consensus latency = 0.0 (+/- 0) us 
Pos-consensus latency = 6.0913672174345E7 (+/- 0) us 
Propose latency = 585.0317759999999 (+/- 183) us 
Write latency = 588.9211949999999 (+/- 219) us 
Accept latency = 1498.8273219999999 (+/- 159) us 
Batch average size = NaN (+/- 0) requests
LCMessage ByteCount = 378:14
TOMMessage ByteCount = 120780860:271405
StandardSMMessage ByteCount = 6337:20
ConsensusMessage ByteCount = 919122:20898
--- Measurements after 433000 ops (1000 samples) ---
Throughput = 7042.2534 operations/sec (Maximum observed: 8130.0815 ops/sec)
Total latency = 6.0997026718869E7 (+/- 0) us 
Consensus latency = 2484.51677 (+/- 226) us 
Pre-consensus latency = 0.0 (+/- 0) us 
Pos-consensus latency = 6.099487641223E7 (+/- 0) us 
Propose latency = 570.4931650000001 (+/- 72) us 
Write latency = 429.18162199999995 (+/- 237) us 
Accept latency = 1484.841983 (+/- 140) us 
Batch average size = NaN (+/- 0) requests
LCMessage ByteCount = 378:14
TOMMessage ByteCount = 120790407:271414
StandardSMMessage ByteCount = 6337:20
ConsensusMessage ByteCount = 919122:20898
--- Measurements after 434000 ops (1000 samples) ---
Throughput = 6666.6665 operations/sec (Maximum observed: 8130.0815 ops/sec)
Total latency = 6.1089432800118E7 (+/- 0) us 
Consensus latency = 2366.977512 (+/- 199) us 
Pre-consensus latency = 0.0 (+/- 0) us 
Pos-consensus latency = 6.1087384789849E7 (+/- 0) us 
Propose latency = 570.377154 (+/- 31) us 
Write latency = 377.241516 (+/- 213) us 
Accept latency = 1419.3588419999999 (+/- 195) us 
Batch average size = NaN (+/- 0) requests
LCMessage ByteCount = 378:14
TOMMessage ByteCount = 120798882:271422
StandardSMMessage ByteCount = 6337:20
ConsensusMessage ByteCount = 919122:20898
--- Measurements after 435000 ops (1000 samples) ---
Throughput = 5988.024 operations/sec (Maximum observed: 8130.0815 ops/sec)
Total latency = 6.1196037819033995E7 (+/- 0) us 
Consensus latency = 2694.443911 (+/- 1160) us 
Pre-consensus latency = 0.0 (+/- 0) us 
Pos-consensus latency = 6.1193629742332004E7 (+/- 0) us 
Propose latency = 567.4395579999999 (+/- 189) us 
Write latency = 334.474543 (+/- 219) us 
Accept latency = 1792.52981 (+/- 1178) us 
Batch average size = NaN (+/- 0) requests
LCMessage ByteCount = 378:14
TOMMessage ByteCount = 120870960:271490
StandardSMMessage ByteCount = 6337:20
ConsensusMessage ByteCount = 919122:20898
--- Measurements after 436000 ops (1000 samples) ---
Throughput = 7042.2534 operations/sec (Maximum observed: 8130.0815 ops/sec)
Total latency = 6.129197958878E7 (+/- 0) us 
Consensus latency = 2281.963092 (+/- 158) us 
Pre-consensus latency = 0.0 (+/- 0) us 
Pos-consensus latency = 6.1289998041030996E7 (+/- 0) us 
Propose latency = 531.45492 (+/- 55) us 
Write latency = 338.999123 (+/- 180) us 
Accept latency = 1411.509049 (+/- 155) us 
Batch average size = NaN (+/- 0) requests
LCMessage ByteCount = 378:14
TOMMessage ByteCount = 120887920:271506
StandardSMMessage ByteCount = 6337:20
ConsensusMessage ByteCount = 919122:20898
--- Measurements after 437000 ops (1000 samples) ---
Throughput = 7352.9414 operations/sec (Maximum observed: 8130.0815 ops/sec)
Total latency = 6.1376525861795E7 (+/- 0) us 
Consensus latency = 2503.0739750000002 (+/- 307) us 
Pre-consensus latency = 0.0 (+/- 0) us 
Pos-consensus latency = 6.1374299006215E7 (+/- 0) us 
Propose latency = 519.904149 (+/- 103) us 
Write latency = 456.908399 (+/- 271) us 
Accept latency = 1526.261427 (+/- 156) us 
Batch average size = NaN (+/- 0) requests
LCMessage ByteCount = 378:14
TOMMessage ByteCount = 120893219:271511
StandardSMMessage ByteCount = 6337:20
ConsensusMessage ByteCount = 919122:20898
--- Measurements after 438000 ops (1000 samples) ---
Throughput = 7692.3076 operations/sec (Maximum observed: 8130.0815 ops/sec)
Total latency = 6.1448984916495E7 (+/- 0) us 
Consensus latency = 2718.749633 (+/- 444) us 
Pre-consensus latency = 0.0 (+/- 0) us 
Pos-consensus latency = 6.1446609765362E7 (+/- 0) us 
Propose latency = 631.991876 (+/- 158) us 
Write latency = 662.488799 (+/- 254) us 
Accept latency = 1424.268958 (+/- 226) us 
Batch average size = NaN (+/- 0) requests
LCMessage ByteCount = 378:14
TOMMessage ByteCount = 120896405:271514
StandardSMMessage ByteCount = 6337:20
ConsensusMessage ByteCount = 919122:20898
--- Measurements after 439000 ops (1000 samples) ---
Throughput = 5263.1577 operations/sec (Maximum observed: 8130.0815 ops/sec)
Total latency = 6.1569713023524E7 (+/- 0) us 
Consensus latency = 2300.674679 (+/- 174) us 
Pre-consensus latency = 0.0 (+/- 0) us 
Pos-consensus latency = 6.156771881132E7 (+/- 0) us 
Propose latency = 559.282555 (+/- 78) us 
Write latency = 356.698925 (+/- 248) us 
Accept latency = 1384.693199 (+/- 169) us 
Batch average size = NaN (+/- 0) requests
LCMessage ByteCount = 378:14
TOMMessage ByteCount = 120899581:271517
StandardSMMessage ByteCount = 6337:20
ConsensusMessage ByteCount = 919122:20898
--- Measurements after 440000 ops (1000 samples) ---
Throughput = 8064.516 operations/sec (Maximum observed: 8130.0815 ops/sec)
Total latency = 6.1653705463365994E7 (+/- 0) us 
Consensus latency = 2401.562939 (+/- 626) us 
Pre-consensus latency = 0.0 (+/- 0) us 
Pos-consensus latency = 6.165160115197E7 (+/- 0) us 
Propose latency = 706.532931 (+/- 624) us 
Write latency = 201.001394 (+/- 193) us 
Accept latency = 1494.028614 (+/- 118) us 
Batch average size = NaN (+/- 0) requests
LCMessage ByteCount = 378:14
TOMMessage ByteCount = 120903829:271521
StandardSMMessage ByteCount = 6337:20
ConsensusMessage ByteCount = 919122:20898
--- Measurements after 441000 ops (1000 samples) ---
Throughput = 8333.333 operations/sec (Maximum observed: 8333.333 ops/sec)
Total latency = 6.1720198482569E7 (+/- 0) us 
Consensus latency = 2317.628702 (+/- 244) us 
Pre-consensus latency = 0.0 (+/- 0) us 
Pos-consensus latency = 6.1718184222841E7 (+/- 0) us 
Propose latency = 510.452104 (+/- 82) us 
Write latency = 437.038378 (+/- 305) us 
Accept latency = 1370.13822 (+/- 152) us 
Batch average size = NaN (+/- 0) requests
LCMessage ByteCount = 378:14
TOMMessage ByteCount = 120903829:271521
StandardSMMessage ByteCount = 6337:20
ConsensusMessage ByteCount = 919122:20898
--- Measurements after 442000 ops (1000 samples) ---
Throughput = 6493.5063 operations/sec (Maximum observed: 8333.333 ops/sec)
Total latency = 6.178775490121E7 (+/- 0) us 
Consensus latency = 2431.021914 (+/- 212) us 
Pre-consensus latency = 0.0 (+/- 0) us 
Pos-consensus latency = 6.1785687022988E7 (+/- 0) us 
Propose latency = 654.661923 (+/- 229) us 
Write latency = 338.09247600000003 (+/- 208) us 
Accept latency = 1438.267515 (+/- 148) us 
Batch average size = NaN (+/- 0) requests
LCMessage ByteCount = 378:14
TOMMessage ByteCount = 120907015:271524
StandardSMMessage ByteCount = 6337:20
ConsensusMessage ByteCount = 919122:20898
--- Measurements after 443000 ops (1000 samples) ---
Throughput = 7462.6865 operations/sec (Maximum observed: 8333.333 ops/sec)
Total latency = 6.1889271314093E7 (+/- 0) us 
Consensus latency = 2453.9046209999997 (+/- 283) us 
Pre-consensus latency = 0.0 (+/- 0) us 
Pos-consensus latency = 6.1887118487045E7 (+/- 0) us 
Propose latency = 544.274761 (+/- 112) us 
Write latency = 377.515466 (+/- 415) us 
Accept latency = 1532.1143940000002 (+/- 212) us 
Batch average size = NaN (+/- 0) requests
LCMessage ByteCount = 378:14
TOMMessage ByteCount = 120925016:271541
StandardSMMessage ByteCount = 6337:20
ConsensusMessage ByteCount = 919122:20898
--- Measurements after 444000 ops (1000 samples) ---
Throughput = 7299.27 operations/sec (Maximum observed: 8333.333 ops/sec)
Total latency = 6.1968790089592E7 (+/- 0) us 
Consensus latency = 2230.385267 (+/- 166) us 
Pre-consensus latency = 0.0 (+/- 0) us 
Pos-consensus latency = 6.1966864882676005E7 (+/- 0) us 
Propose latency = 540.760206 (+/- 47) us 
Write latency = 328.30222100000003 (+/- 213) us 
Accept latency = 1361.32284 (+/- 213) us 
Batch average size = NaN (+/- 0) requests
LCMessage ByteCount = 378:14
TOMMessage ByteCount = 120944117:271559
StandardSMMessage ByteCount = 6337:20
ConsensusMessage ByteCount = 919122:20898
--- Measurements after 445000 ops (1000 samples) ---
Throughput = 6711.409 operations/sec (Maximum observed: 8333.333 ops/sec)
Total latency = 6.2053392059126E7 (+/- 0) us 
Consensus latency = 2515.248236 (+/- 1322) us 
Pre-consensus latency = 0.0 (+/- 0) us 
Pos-consensus latency = 6.205116946447E7 (+/- 0) us 
Propose latency = 521.732165 (+/- 70) us 
Write latency = 183.431748 (+/- 175) us 
Accept latency = 1810.084323 (+/- 1315) us 
Batch average size = NaN (+/- 0) requests
LCMessage ByteCount = 378:14
TOMMessage ByteCount = 120970638:271584
StandardSMMessage ByteCount = 6337:20
ConsensusMessage ByteCount = 919122:20898
--- Measurements after 446000 ops (1000 samples) ---
Throughput = 5780.3467 operations/sec (Maximum observed: 8333.333 ops/sec)
Total latency = 6.2156741076379E7 (+/- 0) us 
Consensus latency = 2263.895473 (+/- 209) us 
Pre-consensus latency = 0.0 (+/- 0) us 
Pos-consensus latency = 6.2154783942305E7 (+/- 0) us 
Propose latency = 518.6659089999999 (+/- 68) us 
Write latency = 345.816268 (+/- 212) us 
Accept latency = 1399.4132960000002 (+/- 223) us 
Batch average size = NaN (+/- 0) requests
LCMessage ByteCount = 378:14
TOMMessage ByteCount = 120987600:271600
StandardSMMessage ByteCount = 6337:20
ConsensusMessage ByteCount = 919122:20898
--- Measurements after 447000 ops (1000 samples) ---
Throughput = 6666.6665 operations/sec (Maximum observed: 8333.333 ops/sec)
Total latency = 6.226423984231301E7 (+/- 0) us 
Consensus latency = 2666.8194909999997 (+/- 699) us 
Pre-consensus latency = 0.0 (+/- 0) us 
Pos-consensus latency = 6.2261963580136E7 (+/- 0) us 
Propose latency = 679.910084 (+/- 274) us 
Write latency = 462.057514 (+/- 280) us 
Accept latency = 1524.851893 (+/- 215) us 
Batch average size = NaN (+/- 0) requests
LCMessage ByteCount = 378:14
TOMMessage ByteCount = 120991837:271604
StandardSMMessage ByteCount = 6337:20
ConsensusMessage ByteCount = 919122:20898
--- Measurements after 448000 ops (1000 samples) ---
Throughput = 6666.6665 operations/sec (Maximum observed: 8333.333 ops/sec)
Total latency = 6.2360677990977E7 (+/- 0) us 
Consensus latency = 2364.192187 (+/- 174) us 
Pre-consensus latency = 0.0 (+/- 0) us 
Pos-consensus latency = 6.2358645864818E7 (+/- 0) us 
Propose latency = 585.467174 (+/- 67) us 
Write latency = 285.82421999999997 (+/- 180) us 
Accept latency = 1492.900793 (+/- 105) us 
Batch average size = NaN (+/- 0) requests
LCMessage ByteCount = 378:14
TOMMessage ByteCount = 120992899:271605
StandardSMMessage ByteCount = 6337:20
ConsensusMessage ByteCount = 919122:20898
--- Measurements after 449000 ops (1000 samples) ---
Throughput = 6944.4443 operations/sec (Maximum observed: 8333.333 ops/sec)
Total latency = 6.2452053490057E7 (+/- 0) us 
Consensus latency = 2364.7467110000002 (+/- 278) us 
Pre-consensus latency = 0.0 (+/- 0) us 
Pos-consensus latency = 6.2449991754982E7 (+/- 0) us 
Propose latency = 520.567634 (+/- 49) us 
Write latency = 438.468999 (+/- 288) us 
Accept latency = 1405.710078 (+/- 193) us 
Batch average size = NaN (+/- 0) requests
LCMessage ByteCount = 378:14
TOMMessage ByteCount = 120999261:271611
StandardSMMessage ByteCount = 6337:20
ConsensusMessage ByteCount = 919122:20898
--- Measurements after 450000 ops (1000 samples) ---
Throughput = 5102.041 operations/sec (Maximum observed: 8333.333 ops/sec)
Total latency = 6.2556693914812E7 (+/- 0) us 
Consensus latency = 2546.972057 (+/- 1040) us 
Pre-consensus latency = 0.0 (+/- 0) us 
Pos-consensus latency = 6.2554429263050005E7 (+/- 0) us 
Propose latency = 768.457087 (+/- 1013) us 
Write latency = 236.96051500000002 (+/- 200) us 
Accept latency = 1541.554455 (+/- 213) us 
Batch average size = NaN (+/- 0) requests
LCMessage ByteCount = 378:14
TOMMessage ByteCount = 121016238:271627
StandardSMMessage ByteCount = 6337:20
ConsensusMessage ByteCount = 919122:20898
--- Measurements after 451000 ops (1000 samples) ---
Throughput = 7692.3076 operations/sec (Maximum observed: 8333.333 ops/sec)
Total latency = 6.2672355060027E7 (+/- 0) us 
Consensus latency = 2421.1472710000003 (+/- 189) us 
Pre-consensus latency = 0.0 (+/- 0) us 
Pos-consensus latency = 6.2670239942159E7 (+/- 0) us 
Propose latency = 544.2974499999999 (+/- 51) us 
Write latency = 442.900696 (+/- 178) us 
Accept latency = 1433.949125 (+/- 115) us 
Batch average size = NaN (+/- 0) requests
LCMessage ByteCount = 378:14
TOMMessage ByteCount = 121023656:271634
StandardSMMessage ByteCount = 6337:20
ConsensusMessage ByteCount = 919122:20898
--- Measurements after 452000 ops (1000 samples) ---
Throughput = 8333.333 operations/sec (Maximum observed: 8333.333 ops/sec)
Total latency = 6.2737003720597E7 (+/- 0) us 
Consensus latency = 2516.395716 (+/- 486) us 
Pre-consensus latency = 0.0 (+/- 0) us 
Pos-consensus latency = 6.2734828668491E7 (+/- 0) us 
Propose latency = 597.780434 (+/- 188) us 
Write latency = 494.432122 (+/- 419) us 
Accept latency = 1424.1831599999998 (+/- 134) us 
Batch average size = NaN (+/- 0) requests
LCMessage ByteCount = 378:14
TOMMessage ByteCount = 121027904:271638
StandardSMMessage ByteCount = 6337:20
ConsensusMessage ByteCount = 919122:20898
--- Measurements after 453000 ops (1000 samples) ---
Throughput = 7692.3076 operations/sec (Maximum observed: 8333.333 ops/sec)
Total latency = 6.2799251002831005E7 (+/- 0) us 
Consensus latency = 2399.868143 (+/- 206) us 
Pre-consensus latency = 0.0 (+/- 0) us 
Pos-consensus latency = 6.2797153567971E7 (+/- 0) us 
Propose latency = 521.5034870000001 (+/- 69) us 
Write latency = 460.727192 (+/- 238) us 
Accept latency = 1417.637464 (+/- 191) us 
Batch average size = NaN (+/- 0) requests
LCMessage ByteCount = 378:14
TOMMessage ByteCount = 121031090:271641
StandardSMMessage ByteCount = 6337:20
ConsensusMessage ByteCount = 919122:20898
--- Measurements after 454000 ops (1000 samples) ---
Throughput = 6329.114 operations/sec (Maximum observed: 8333.333 ops/sec)
Total latency = 6.2891527585126996E7 (+/- 0) us 
Consensus latency = 2323.03531 (+/- 154) us 
Pre-consensus latency = 0.0 (+/- 0) us 
Pos-consensus latency = 6.2889521217993E7 (+/- 0) us 
Propose latency = 550.720058 (+/- 58) us 
Write latency = 300.06273100000004 (+/- 214) us 
Accept latency = 1472.252521 (+/- 206) us 
Batch average size = NaN (+/- 0) requests
LCMessage ByteCount = 378:14
TOMMessage ByteCount = 121032152:271642
StandardSMMessage ByteCount = 6337:20
ConsensusMessage ByteCount = 919122:20898
--- Measurements after 455000 ops (1000 samples) ---
Throughput = 7246.377 operations/sec (Maximum observed: 8333.333 ops/sec)
Total latency = 6.2979957620519E7 (+/- 0) us 
Consensus latency = 2834.355838 (+/- 1411) us 
Pre-consensus latency = 0.0 (+/- 0) us 
Pos-consensus latency = 6.2977432941694E7 (+/- 0) us 
Propose latency = 526.3248590000001 (+/- 61) us 
Write latency = 434.266463 (+/- 255) us 
Accept latency = 1873.764516 (+/- 1296) us 
Batch average size = NaN (+/- 0) requests
LCMessage ByteCount = 378:14
TOMMessage ByteCount = 121035338:271645
StandardSMMessage ByteCount = 6337:20
ConsensusMessage ByteCount = 919122:20898
--- Measurements after 456000 ops (1000 samples) ---
Throughput = 7518.797 operations/sec (Maximum observed: 8333.333 ops/sec)
Total latency = 6.3057828339315005E7 (+/- 0) us 
Consensus latency = 2567.580504 (+/- 194) us 
Pre-consensus latency = 0.0 (+/- 0) us 
Pos-consensus latency = 6.3055568631807E7 (+/- 0) us 
Propose latency = 493.30296000000004 (+/- 47) us 
Write latency = 641.056148 (+/- 189) us 
Accept latency = 1433.221396 (+/- 149) us 
Batch average size = NaN (+/- 0) requests
LCMessage ByteCount = 378:14
TOMMessage ByteCount = 121037456:271647
StandardSMMessage ByteCount = 6337:20
ConsensusMessage ByteCount = 919122:20898
--- Measurements after 457000 ops (1000 samples) ---
Throughput = 6622.5166 operations/sec (Maximum observed: 8333.333 ops/sec)
Total latency = 6.3143120906573E7 (+/- 0) us 
Consensus latency = 2768.402069 (+/- 170) us 
Pre-consensus latency = 0.0 (+/- 0) us 
Pos-consensus latency = 6.3140710357227E7 (+/- 0) us 
Propose latency = 624.7954840000001 (+/- 145) us 
Write latency = 615.095725 (+/- 119) us 
Accept latency = 1528.51086 (+/- 188) us 
Batch average size = NaN (+/- 0) requests
LCMessage ByteCount = 378:14
TOMMessage ByteCount = 121041693:271651
StandardSMMessage ByteCount = 6337:20
ConsensusMessage ByteCount = 919122:20898
--- Measurements after 458000 ops (1000 samples) ---
Throughput = 6666.6665 operations/sec (Maximum observed: 8333.333 ops/sec)
Total latency = 6.3246467917772E7 (+/- 0) us 
Consensus latency = 2556.489278 (+/- 189) us 
Pre-consensus latency = 0.0 (+/- 0) us 
Pos-consensus latency = 6.3244231761640996E7 (+/- 0) us 
Propose latency = 533.892414 (+/- 43) us 
Write latency = 556.399198 (+/- 266) us 
Accept latency = 1466.197666 (+/- 173) us 
Batch average size = NaN (+/- 0) requests
LCMessage ByteCount = 378:14
TOMMessage ByteCount = 121043812:271653
StandardSMMessage ByteCount = 6337:20
ConsensusMessage ByteCount = 919122:20898
--- Measurements after 459000 ops (1000 samples) ---
Throughput = 7751.938 operations/sec (Maximum observed: 8333.333 ops/sec)
Total latency = 6.3322694928507E7 (+/- 0) us 
Consensus latency = 2473.2143739999997 (+/- 251) us 
Pre-consensus latency = 0.0 (+/- 0) us 
Pos-consensus latency = 6.3320537057467006E7 (+/- 0) us 
Propose latency = 513.108607 (+/- 35) us 
Write latency = 477.82199699999995 (+/- 240) us 
Accept latency = 1482.28377 (+/- 136) us 
Batch average size = NaN (+/- 0) requests
LCMessage ByteCount = 378:14
TOMMessage ByteCount = 121045936:271655
StandardSMMessage ByteCount = 6337:20
ConsensusMessage ByteCount = 919122:20898
--- Measurements after 460000 ops (1000 samples) ---
Throughput = 7633.588 operations/sec (Maximum observed: 8333.333 ops/sec)
Total latency = 6.3395450227982E7 (+/- 0) us 
Consensus latency = 2500.235053 (+/- 577) us 
Pre-consensus latency = 0.0 (+/- 0) us 
Pos-consensus latency = 6.3393245809553005E7 (+/- 0) us 
Propose latency = 697.613723 (+/- 603) us 
Write latency = 373.84851299999997 (+/- 276) us 
Accept latency = 1428.772817 (+/- 169) us 
Batch average size = NaN (+/- 0) requests
LCMessage ByteCount = 378:14
TOMMessage ByteCount = 121048055:271657
StandardSMMessage ByteCount = 6337:20
ConsensusMessage ByteCount = 919122:20898
--- Measurements after 461000 ops (1000 samples) ---
Throughput = 6250.0 operations/sec (Maximum observed: 8333.333 ops/sec)
Total latency = 6.3475303609308E7 (+/- 0) us 
Consensus latency = 2468.902659 (+/- 298) us 
Pre-consensus latency = 0.0 (+/- 0) us 
Pos-consensus latency = 6.3473126722577006E7 (+/- 0) us 
Propose latency = 526.279208 (+/- 65) us 
Write latency = 449.239088 (+/- 236) us 
Accept latency = 1493.384363 (+/- 210) us 
Batch average size = NaN (+/- 0) requests
LCMessage ByteCount = 378:14
TOMMessage ByteCount = 121051241:271660
StandardSMMessage ByteCount = 6337:20
ConsensusMessage ByteCount = 919122:20898
--- Measurements after 462000 ops (1000 samples) ---
Throughput = 6329.114 operations/sec (Maximum observed: 8333.333 ops/sec)
Total latency = 6.3598857803978994E7 (+/- 0) us 
Consensus latency = 2725.012924 (+/- 391) us 
Pre-consensus latency = 0.0 (+/- 0) us 
Pos-consensus latency = 6.3596534692963E7 (+/- 0) us 
Propose latency = 778.638971 (+/- 386) us 
Write latency = 524.396989 (+/- 229) us 
Accept latency = 1421.976964 (+/- 251) us 
Batch average size = NaN (+/- 0) requests
LCMessage ByteCount = 378:14
TOMMessage ByteCount = 121053365:271662
StandardSMMessage ByteCount = 6337:20
ConsensusMessage ByteCount = 919122:20898
--- Measurements after 463000 ops (1000 samples) ---
Throughput = 8064.516 operations/sec (Maximum observed: 8333.333 ops/sec)
Total latency = 6.3675888789748E7 (+/- 0) us 
Consensus latency = 2492.5282349999998 (+/- 254) us 
Pre-consensus latency = 0.0 (+/- 0) us 
Pos-consensus latency = 6.3673708142175004E7 (+/- 0) us 
Propose latency = 552.47026 (+/- 59) us 
Write latency = 464.490244 (+/- 263) us 
Accept latency = 1475.5677309999999 (+/- 208) us 
Batch average size = NaN (+/- 0) requests
LCMessage ByteCount = 378:14
TOMMessage ByteCount = 121054421:271663
StandardSMMessage ByteCount = 6337:20
ConsensusMessage ByteCount = 919122:20898
--- Measurements after 464000 ops (1000 samples) ---
Throughput = 7692.3076 operations/sec (Maximum observed: 8333.333 ops/sec)
Total latency = 6.3745466790310994E7 (+/- 0) us 
Consensus latency = 3368.1218369999997 (+/- 1493) us 
Pre-consensus latency = 0.0 (+/- 0) us 
Pos-consensus latency = 6.374240295636E7 (+/- 0) us 
Propose latency = 822.328995 (+/- 1027) us 
Write latency = 614.225735 (+/- 243) us 
Accept latency = 1931.567107 (+/- 1265) us 
Batch average size = NaN (+/- 0) requests
LCMessage ByteCount = 378:14
TOMMessage ByteCount = 121057596:271666
StandardSMMessage ByteCount = 6337:20
ConsensusMessage ByteCount = 919122:20898
--- Measurements after 465000 ops (1000 samples) ---
Throughput = 6024.096 operations/sec (Maximum observed: 8333.333 ops/sec)
Total latency = 6.3833622067237996E7 (+/- 0) us 
Consensus latency = 2699.962497 (+/- 695) us 
Pre-consensus latency = 0.0 (+/- 0) us 
Pos-consensus latency = 6.3831230333012E7 (+/- 0) us 
Propose latency = 676.499898 (+/- 726) us 
Write latency = 495.642015 (+/- 309) us 
Accept latency = 1527.820584 (+/- 99) us 
Batch average size = NaN (+/- 0) requests
LCMessage ByteCount = 378:14
TOMMessage ByteCount = 121058652:271667
StandardSMMessage ByteCount = 6337:20
ConsensusMessage ByteCount = 919122:20898
--- Measurements after 466000 ops (1000 samples) ---
Throughput = 7142.857 operations/sec (Maximum observed: 8333.333 ops/sec)
Total latency = 6.3936676416688E7 (+/- 0) us 
Consensus latency = 2725.3421940000003 (+/- 197) us 
Pre-consensus latency = 0.0 (+/- 0) us 
Pos-consensus latency = 6.3934305294748E7 (+/- 0) us 
Propose latency = 626.969027 (+/- 141) us 
Write latency = 430.4642 (+/- 241) us 
Accept latency = 1667.9089669999998 (+/- 250) us 
Batch average size = NaN (+/- 0) requests
LCMessage ByteCount = 378:14
TOMMessage ByteCount = 121060771:271669
StandardSMMessage ByteCount = 6337:20
ConsensusMessage ByteCount = 919122:20898
--- Measurements after 467000 ops (1000 samples) ---
Throughput = 7692.3076 operations/sec (Maximum observed: 8333.333 ops/sec)
Total latency = 6.4016832167387E7 (+/- 0) us 
Consensus latency = 2826.147341 (+/- 239) us 
Pre-consensus latency = 0.0 (+/- 0) us 
Pos-consensus latency = 6.4014290591708E7 (+/- 0) us 
Propose latency = 539.799494 (+/- 90) us 
Write latency = 641.823386 (+/- 272) us 
Accept latency = 1644.524461 (+/- 187) us 
Batch average size = NaN (+/- 0) requests
LCMessage ByteCount = 378:14
TOMMessage ByteCount = 121061828:271670
StandardSMMessage ByteCount = 6337:20
ConsensusMessage ByteCount = 919122:20898
--- Measurements after 468000 ops (1000 samples) ---
Throughput = 7692.3076 operations/sec (Maximum observed: 8333.333 ops/sec)
Total latency = 6.4091577676103994E7 (+/- 0) us 
Consensus latency = 2669.589779 (+/- 197) us 
Pre-consensus latency = 0.0 (+/- 0) us 
Pos-consensus latency = 6.4089220155984E7 (+/- 0) us 
Propose latency = 546.821461 (+/- 58) us 
Write latency = 511.588953 (+/- 207) us 
Accept latency = 1611.179365 (+/- 223) us 
Batch average size = NaN (+/- 0) requests
LCMessage ByteCount = 378:14
TOMMessage ByteCount = 121063952:271672
StandardSMMessage ByteCount = 6337:20
ConsensusMessage ByteCount = 919122:20898
--- Measurements after 469000 ops (1000 samples) ---
Throughput = 6410.2563 operations/sec (Maximum observed: 8333.333 ops/sec)
Total latency = 6.4173627912420996E7 (+/- 0) us 
Consensus latency = 3434.2665639999996 (+/- 1880) us 
Pre-consensus latency = 0.0 (+/- 0) us 
Pos-consensus latency = 6.417049307578E7 (+/- 0) us 
Propose latency = 1159.433754 (+/- 1746) us 
Write latency = 455.658199 (+/- 262) us 
Accept latency = 1819.1746110000001 (+/- 1214) us 
Batch average size = NaN (+/- 0) requests
LCMessage ByteCount = 378:14
TOMMessage ByteCount = 121069240:271677
StandardSMMessage ByteCount = 6337:20
ConsensusMessage ByteCount = 919122:20898
--- Measurements after 470000 ops (1000 samples) ---
Throughput = 7142.857 operations/sec (Maximum observed: 8333.333 ops/sec)
Total latency = 6.4267196004891E7 (+/- 0) us 
Consensus latency = 2427.269083 (+/- 270) us 
Pre-consensus latency = 0.0 (+/- 0) us 
Pos-consensus latency = 6.4265053508607E7 (+/- 0) us 
Propose latency = 551.512483 (+/- 115) us 
Write latency = 312.534286 (+/- 243) us 
Accept latency = 1563.222314 (+/- 89) us 
Batch average size = NaN (+/- 0) requests
LCMessage ByteCount = 378:14
TOMMessage ByteCount = 121081964:271689
StandardSMMessage ByteCount = 6337:20
ConsensusMessage ByteCount = 919122:20898
--- Measurements after 471000 ops (1000 samples) ---
Throughput = 7633.588 operations/sec (Maximum observed: 8333.333 ops/sec)
Total latency = 6.4344807383421E7 (+/- 0) us 
Consensus latency = 2920.510333 (+/- 499) us 
Pre-consensus latency = 0.0 (+/- 0) us 
Pos-consensus latency = 6.4342304487271E7 (+/- 0) us 
Propose latency = 757.850044 (+/- 294) us 
Write latency = 639.178361 (+/- 226) us 
Accept latency = 1523.4819280000002 (+/- 151) us 
Batch average size = NaN (+/- 0) requests
LCMessage ByteCount = 378:14
TOMMessage ByteCount = 121088321:271695
StandardSMMessage ByteCount = 6337:20
ConsensusMessage ByteCount = 919122:20898
--- Measurements after 472000 ops (1000 samples) ---
Throughput = 6802.721 operations/sec (Maximum observed: 8333.333 ops/sec)
Total latency = 6.4432192108610004E7 (+/- 0) us 
Consensus latency = 2639.733325 (+/- 155) us 
Pre-consensus latency = 0.0 (+/- 0) us 
Pos-consensus latency = 6.4429864648129E7 (+/- 0) us 
Propose latency = 565.508398 (+/- 75) us 
Write latency = 551.608096 (+/- 216) us 
Accept latency = 1522.616831 (+/- 154) us 
Batch average size = NaN (+/- 0) requests
LCMessage ByteCount = 378:14
TOMMessage ByteCount = 121116928:271722
StandardSMMessage ByteCount = 6337:20
ConsensusMessage ByteCount = 919122:20898
--- Measurements after 473000 ops (1000 samples) ---
Throughput = 4651.1626 operations/sec (Maximum observed: 8333.333 ops/sec)
Total latency = 6.4559683292931E7 (+/- 0) us 
Consensus latency = 2638.514994 (+/- 259) us 
Pre-consensus latency = 0.0 (+/- 0) us 
Pos-consensus latency = 6.4557349029363E7 (+/- 0) us 
Propose latency = 544.814053 (+/- 55) us 
Write latency = 549.7609769999999 (+/- 187) us 
Accept latency = 1543.939964 (+/- 170) us 
Batch average size = NaN (+/- 0) requests
LCMessage ByteCount = 378:14
TOMMessage ByteCount = 121239912:271838
StandardSMMessage ByteCount = 6337:20
ConsensusMessage ByteCount = 919122:20898
--- Measurements after 474000 ops (1000 samples) ---
Throughput = 4830.918 operations/sec (Maximum observed: 8333.333 ops/sec)
Total latency = 6.4713856024013E7 (+/- 0) us 
Consensus latency = 2952.5128259999997 (+/- 760) us 
Pre-consensus latency = 0.0 (+/- 0) us 
Pos-consensus latency = 6.4711206729254E7 (+/- 0) us 
Propose latency = 809.332262 (+/- 905) us 
Write latency = 560.389242 (+/- 255) us 
Accept latency = 1582.791322 (+/- 121) us 
Batch average size = NaN (+/- 0) requests
LCMessage ByteCount = 378:14
TOMMessage ByteCount = 121458242:272044
StandardSMMessage ByteCount = 6337:20
ConsensusMessage ByteCount = 919122:20898
--- Measurements after 475000 ops (1000 samples) ---
Throughput = 4807.6924 operations/sec (Maximum observed: 8333.333 ops/sec)
Total latency = 6.4865155271290004E7 (+/- 0) us 
Consensus latency = 2531.392884 (+/- 254) us 
Pre-consensus latency = 0.0 (+/- 0) us 
Pos-consensus latency = 6.4862920577617E7 (+/- 0) us 
Propose latency = 524.635853 (+/- 79) us 
Write latency = 459.375097 (+/- 252) us 
Accept latency = 1547.381934 (+/- 216) us 
Batch average size = NaN (+/- 0) requests
LCMessage ByteCount = 378:14
TOMMessage ByteCount = 121672379:272246
StandardSMMessage ByteCount = 6337:20
ConsensusMessage ByteCount = 919122:20898
--- Measurements after 476000 ops (1000 samples) ---
Throughput = 4000.0 operations/sec (Maximum observed: 8333.333 ops/sec)
Total latency = 6.5040158688205004E7 (+/- 0) us 
Consensus latency = 2733.150165 (+/- 349) us 
Pre-consensus latency = 0.0 (+/- 0) us 
Pos-consensus latency = 6.5037769338351995E7 (+/- 0) us 
Propose latency = 675.751809 (+/- 263) us 
Write latency = 496.776864 (+/- 289) us 
Accept latency = 1560.621492 (+/- 148) us 
Batch average size = NaN (+/- 0) requests
LCMessage ByteCount = 378:14
TOMMessage ByteCount = 121882289:272444
StandardSMMessage ByteCount = 6337:20
ConsensusMessage ByteCount = 919122:20898
--- Measurements after 477000 ops (1000 samples) ---
Throughput = 4784.689 operations/sec (Maximum observed: 8333.333 ops/sec)
Total latency = 6.521298454991E7 (+/- 0) us 
Consensus latency = 2718.68447 (+/- 151) us 
Pre-consensus latency = 0.0 (+/- 0) us 
Pos-consensus latency = 6.5210548968066E7 (+/- 0) us 
Propose latency = 513.1164 (+/- 57) us 
Write latency = 532.215132 (+/- 307) us 
Accept latency = 1673.352938 (+/- 220) us 
Batch average size = NaN (+/- 0) requests
LCMessage ByteCount = 378:14
TOMMessage ByteCount = 122042328:272595
StandardSMMessage ByteCount = 6337:20
ConsensusMessage ByteCount = 919122:20898
--- Measurements after 478000 ops (1000 samples) ---
Throughput = 4761.905 operations/sec (Maximum observed: 8333.333 ops/sec)
Total latency = 6.5365114414552E7 (+/- 0) us 
Consensus latency = 2587.236858 (+/- 266) us 
Pre-consensus latency = 0.0 (+/- 0) us 
Pos-consensus latency = 6.5362815714602E7 (+/- 0) us 
Propose latency = 520.568079 (+/- 72) us 
Write latency = 606.118511 (+/- 233) us 
Accept latency = 1460.550268 (+/- 179) us 
Batch average size = NaN (+/- 0) requests
LCMessage ByteCount = 378:14
TOMMessage ByteCount = 122146200:272693
StandardSMMessage ByteCount = 6337:20
ConsensusMessage ByteCount = 919122:20898
--- Measurements after 479000 ops (1000 samples) ---
Throughput = 4201.6807 operations/sec (Maximum observed: 8333.333 ops/sec)
Total latency = 6.552050620007E7 (+/- 0) us 
Consensus latency = 2583.833826 (+/- 296) us 
Pre-consensus latency = 0.0 (+/- 0) us 
Pos-consensus latency = 6.5518225648655996E7 (+/- 0) us 
Propose latency = 542.318074 (+/- 52) us 
Write latency = 579.1525409999999 (+/- 265) us 
Accept latency = 1462.3632109999999 (+/- 153) us 
Batch average size = NaN (+/- 0) requests
LCMessage ByteCount = 378:14
TOMMessage ByteCount = 122341209:272877
StandardSMMessage ByteCount = 6337:20
ConsensusMessage ByteCount = 919122:20898
--- Measurements after 480000 ops (1000 samples) ---
Throughput = 4807.6924 operations/sec (Maximum observed: 8333.333 ops/sec)
Total latency = 6.5700790965173E7 (+/- 0) us 
Consensus latency = 2388.291582 (+/- 682) us 
Pre-consensus latency = 0.0 (+/- 0) us 
Pos-consensus latency = 6.5698696137667E7 (+/- 0) us 
Propose latency = 691.901544 (+/- 657) us 
Write latency = 268.446889 (+/- 227) us 
Accept latency = 1427.943149 (+/- 162) us 
Batch average size = NaN (+/- 0) requests
LCMessage ByteCount = 378:14
TOMMessage ByteCount = 122454663:272984
StandardSMMessage ByteCount = 6337:20
ConsensusMessage ByteCount = 919122:20898
--- Measurements after 481000 ops (1000 samples) ---
Throughput = 4807.6924 operations/sec (Maximum observed: 8333.333 ops/sec)
Total latency = 6.585370524357E7 (+/- 0) us 
Consensus latency = 2403.500117 (+/- 277) us 
Pre-consensus latency = 0.0 (+/- 0) us 
Pos-consensus latency = 6.5851581581781E7 (+/- 0) us 
Propose latency = 507.799486 (+/- 66) us 
Write latency = 340.456396 (+/- 206) us 
Accept latency = 1555.2442350000001 (+/- 204) us 
Batch average size = NaN (+/- 0) requests
LCMessage ByteCount = 378:14
TOMMessage ByteCount = 122541565:273066
StandardSMMessage ByteCount = 6337:20
ConsensusMessage ByteCount = 919122:20898
--- Measurements after 482000 ops (1000 samples) ---
Throughput = 4807.6924 operations/sec (Maximum observed: 8333.333 ops/sec)
Total latency = 6.6005690900747E7 (+/- 0) us 
Consensus latency = 2334.242999 (+/- 119) us 
Pre-consensus latency = 0.0 (+/- 0) us 
Pos-consensus latency = 6.6003646686519995E7 (+/- 0) us 
Propose latency = 526.1960829999999 (+/- 64) us 
Write latency = 221.239372 (+/- 167) us 
Accept latency = 1586.807544 (+/- 144) us 
Batch average size = NaN (+/- 0) requests
LCMessage ByteCount = 378:14
TOMMessage ByteCount = 122572292:273095
StandardSMMessage ByteCount = 6337:20
ConsensusMessage ByteCount = 919122:20898
--- Measurements after 483000 ops (1000 samples) ---
Throughput = 5263.1577 operations/sec (Maximum observed: 8333.333 ops/sec)
Total latency = 6.6151910779623E7 (+/- 0) us 
Consensus latency = 2427.0634840000002 (+/- 327) us 
Pre-consensus latency = 0.0 (+/- 0) us 
Pos-consensus latency = 6.614976362743E7 (+/- 0) us 
Propose latency = 489.717097 (+/- 87) us 
Write latency = 477.920052 (+/- 309) us 
Accept latency = 1459.4263349999999 (+/- 150) us 
Batch average size = NaN (+/- 0) requests
LCMessage ByteCount = 378:14
TOMMessage ByteCount = 122694194:273210
StandardSMMessage ByteCount = 6337:20
ConsensusMessage ByteCount = 919122:20898
--- Measurements after 484000 ops (1000 samples) ---
Throughput = 6711.409 operations/sec (Maximum observed: 8333.333 ops/sec)
Total latency = 6.6262555666029E7 (+/- 0) us 
Consensus latency = 3162.297848 (+/- 1607) us 
Pre-consensus latency = 0.0 (+/- 0) us 
Pos-consensus latency = 6.6259669302672E7 (+/- 0) us 
Propose latency = 808.943556 (+/- 1069) us 
Write latency = 481.230988 (+/- 181) us 
Accept latency = 1872.123304 (+/- 1311) us 
Batch average size = NaN (+/- 0) requests
LCMessage ByteCount = 378:14
TOMMessage ByteCount = 122734477:273248
StandardSMMessage ByteCount = 6337:20
ConsensusMessage ByteCount = 919122:20898
--- Measurements after 485000 ops (1000 samples) ---
Throughput = 6666.6665 operations/sec (Maximum observed: 8333.333 ops/sec)
Total latency = 6.635410404925E7 (+/- 0) us 
Consensus latency = 2664.851372 (+/- 649) us 
Pre-consensus latency = 0.0 (+/- 0) us 
Pos-consensus latency = 6.6351724496185E7 (+/- 0) us 
Propose latency = 745.906609 (+/- 641) us 
Write latency = 473.171657 (+/- 467) us 
Accept latency = 1445.7731059999999 (+/- 123) us 
Batch average size = NaN (+/- 0) requests
LCMessage ByteCount = 378:14
TOMMessage ByteCount = 122751421:273264
StandardSMMessage ByteCount = 6337:20
ConsensusMessage ByteCount = 919122:20898
--- Measurements after 486000 ops (1000 samples) ---
Throughput = 6666.6665 operations/sec (Maximum observed: 8333.333 ops/sec)
Total latency = 6.6451238502125E7 (+/- 0) us 
Consensus latency = 2607.9253569999996 (+/- 218) us 
Pre-consensus latency = 0.0 (+/- 0) us 
Pos-consensus latency = 6.644886686639E7 (+/- 0) us 
Propose latency = 368.667516 (+/- 40) us 
Write latency = 742.619198 (+/- 202) us 
Accept latency = 1496.638643 (+/- 151) us 
Batch average size = NaN (+/- 0) requests
LCMessage ByteCount = 378:14
TOMMessage ByteCount = 122780043:273291
StandardSMMessage ByteCount = 6337:20
ConsensusMessage ByteCount = 919122:20898
--- Measurements after 487000 ops (1000 samples) ---
Throughput = 5988.024 operations/sec (Maximum observed: 8333.333 ops/sec)
Total latency = 6.6555118726684995E7 (+/- 0) us 
Consensus latency = 2608.893829 (+/- 207) us 
Pre-consensus latency = 0.0 (+/- 0) us 
Pos-consensus latency = 6.6552757218551E7 (+/- 0) us 
Propose latency = 378.400194 (+/- 42) us 
Write latency = 707.236622 (+/- 146) us 
Accept latency = 1523.2570130000001 (+/- 129) us 
Batch average size = NaN (+/- 0) requests
LCMessage ByteCount = 378:14
TOMMessage ByteCount = 122898776:273403
StandardSMMessage ByteCount = 6337:20
ConsensusMessage ByteCount = 919122:20898
--- Measurements after 488000 ops (1000 samples) ---
Throughput = 6711.409 operations/sec (Maximum observed: 8333.333 ops/sec)
Total latency = 6.6655898803646006E7 (+/- 0) us 
Consensus latency = 2754.641782 (+/- 218) us 
Pre-consensus latency = 0.0 (+/- 0) us 
Pos-consensus latency = 6.6653344565495E7 (+/- 0) us 
Propose latency = 331.67897 (+/- 60) us 
Write latency = 876.944594 (+/- 242) us 
Accept latency = 1546.0182180000002 (+/- 133) us 
Batch average size = NaN (+/- 0) requests
LCMessage ByteCount = 378:14
TOMMessage ByteCount = 123037616:273534
StandardSMMessage ByteCount = 6337:20
ConsensusMessage ByteCount = 919122:20898
--- Measurements after 489000 ops (1000 samples) ---
Throughput = 6711.409 operations/sec (Maximum observed: 8333.333 ops/sec)
Total latency = 6.6746324086551E7 (+/- 0) us 
Consensus latency = 2886.1001290000004 (+/- 1531) us 
Pre-consensus latency = 0.0 (+/- 0) us 
Pos-consensus latency = 6.6743705530108005E7 (+/- 0) us 
Propose latency = 718.512085 (+/- 1031) us 
Write latency = 402.337973 (+/- 385) us 
Accept latency = 1765.250071 (+/- 1172) us 
Batch average size = NaN (+/- 0) requests
LCMessage ByteCount = 378:14
TOMMessage ByteCount = 123171175:273660
StandardSMMessage ByteCount = 6337:20
ConsensusMessage ByteCount = 919122:20898
--- Measurements after 490000 ops (1000 samples) ---
Throughput = 6711.409 operations/sec (Maximum observed: 8333.333 ops/sec)
Total latency = 6.6840697469353E7 (+/- 0) us 
Consensus latency = 2479.154097 (+/- 273) us 
Pre-consensus latency = 0.0 (+/- 0) us 
Pos-consensus latency = 6.683855064015E7 (+/- 0) us 
Propose latency = 636.912194 (+/- 303) us 
Write latency = 381.879994 (+/- 242) us 
Accept latency = 1460.361909 (+/- 142) us 
Batch average size = NaN (+/- 0) requests
LCMessage ByteCount = 378:14
TOMMessage ByteCount = 123236909:273722
StandardSMMessage ByteCount = 6337:20
ConsensusMessage ByteCount = 919122:20898
--- Measurements after 491000 ops (1000 samples) ---
Throughput = 5988.024 operations/sec (Maximum observed: 8333.333 ops/sec)
Total latency = 6.6953860283725E7 (+/- 0) us 
Consensus latency = 2507.485096 (+/- 268) us 
Pre-consensus latency = 0.0 (+/- 0) us 
Pos-consensus latency = 6.6951645219384E7 (+/- 0) us 
Propose latency = 474.324878 (+/- 78) us 
Write latency = 443.577922 (+/- 232) us 
Accept latency = 1589.582296 (+/- 176) us 
Batch average size = NaN (+/- 0) requests
LCMessage ByteCount = 378:14
TOMMessage ByteCount = 123312184:273793
StandardSMMessage ByteCount = 6337:20
ConsensusMessage ByteCount = 919122:20898
--- Measurements after 492000 ops (1000 samples) ---
Throughput = 7142.857 operations/sec (Maximum observed: 8333.333 ops/sec)
Total latency = 6.7043578276238E7 (+/- 0) us 
Consensus latency = 2550.473562 (+/- 199) us 
Pre-consensus latency = 0.0 (+/- 0) us 
Pos-consensus latency = 6.7041330696665004E7 (+/- 0) us 
Propose latency = 523.6760370000001 (+/- 64) us 
Write latency = 548.793379 (+/- 199) us 
Accept latency = 1478.004146 (+/- 207) us 
Batch average size = NaN (+/- 0) requests
LCMessage ByteCount = 378:14
TOMMessage ByteCount = 123363056:273841
StandardSMMessage ByteCount = 6337:20
ConsensusMessage ByteCount = 919122:20898
--- Measurements after 493000 ops (1000 samples) ---
Throughput = 6944.4443 operations/sec (Maximum observed: 8333.333 ops/sec)
Total latency = 6.7126942966231E7 (+/- 0) us 
Consensus latency = 2600.497887 (+/- 236) us 
Pre-consensus latency = 0.0 (+/- 0) us 
Pos-consensus latency = 6.7124618975748E7 (+/- 0) us 
Propose latency = 490.032519 (+/- 59) us 
Write latency = 613.630242 (+/- 241) us 
Accept latency = 1496.835126 (+/- 146) us 
Batch average size = NaN (+/- 0) requests
LCMessage ByteCount = 378:14
TOMMessage ByteCount = 123455297:273928
StandardSMMessage ByteCount = 6337:20
ConsensusMessage ByteCount = 919122:20898
--- Measurements after 494000 ops (1000 samples) ---
Throughput = 5988.024 operations/sec (Maximum observed: 8333.333 ops/sec)
Total latency = 6.7217677963159E7 (+/- 0) us 
Consensus latency = 3152.768223 (+/- 1706) us 
Pre-consensus latency = 0.0 (+/- 0) us 
Pos-consensus latency = 6.7214847922243E7 (+/- 0) us 
Propose latency = 739.700831 (+/- 652) us 
Write latency = 641.294051 (+/- 1076) us 
Accept latency = 1771.773341 (+/- 1445) us 
Batch average size = NaN (+/- 0) requests
LCMessage ByteCount = 378:14
TOMMessage ByteCount = 123572938:274039
StandardSMMessage ByteCount = 6337:20
ConsensusMessage ByteCount = 919122:20898
--- Measurements after 495000 ops (1000 samples) ---
Throughput = 6849.315 operations/sec (Maximum observed: 8333.333 ops/sec)
Total latency = 6.7323481599651E7 (+/- 0) us 
Consensus latency = 2354.061129 (+/- 285) us 
Pre-consensus latency = 0.0 (+/- 0) us 
Pos-consensus latency = 6.7321358045623E7 (+/- 0) us 
Propose latency = 459.56850799999995 (+/- 63) us 
Write latency = 463.939504 (+/- 279) us 
Accept latency = 1430.5531170000002 (+/- 160) us 
Batch average size = NaN (+/- 0) requests
LCMessage ByteCount = 378:14
TOMMessage ByteCount = 123634414:274097
StandardSMMessage ByteCount = 6337:20
ConsensusMessage ByteCount = 919122:20898
--- Measurements after 496000 ops (1000 samples) ---
Throughput = 6756.757 operations/sec (Maximum observed: 8333.333 ops/sec)
Total latency = 6.7407299668638E7 (+/- 0) us 
Consensus latency = 2585.080714 (+/- 221) us 
Pre-consensus latency = 0.0 (+/- 0) us 
Pos-consensus latency = 6.7404951069963E7 (+/- 0) us 
Propose latency = 413.965088 (+/- 75) us 
Write latency = 700.728247 (+/- 233) us 
Accept latency = 1470.387379 (+/- 208) us 
Batch average size = NaN (+/- 0) requests
LCMessage ByteCount = 378:14
TOMMessage ByteCount = 123809266:274262
StandardSMMessage ByteCount = 6337:20
ConsensusMessage ByteCount = 919122:20898
--- Measurements after 497000 ops (1000 samples) ---
Throughput = 6993.007 operations/sec (Maximum observed: 8333.333 ops/sec)
Total latency = 6.748629638346E7 (+/- 0) us 
Consensus latency = 2624.0857149999997 (+/- 262) us 
Pre-consensus latency = 0.0 (+/- 0) us 
Pos-consensus latency = 6.7483914638072E7 (+/- 0) us 
Propose latency = 413.803846 (+/- 98) us 
Write latency = 738.098519 (+/- 296) us 
Accept latency = 1472.18335 (+/- 170) us 
Batch average size = NaN (+/- 0) requests
LCMessage ByteCount = 378:14
TOMMessage ByteCount = 123840008:274291
StandardSMMessage ByteCount = 6337:20
ConsensusMessage ByteCount = 919122:20898
--- Measurements after 498000 ops (1000 samples) ---
Throughput = 6535.9478 operations/sec (Maximum observed: 8333.333 ops/sec)
Total latency = 6.7561446877764E7 (+/- 0) us 
Consensus latency = 2864.0794029999997 (+/- 1572) us 
Pre-consensus latency = 0.0 (+/- 0) us 
Pos-consensus latency = 6.755881131093499E7 (+/- 0) us 
Propose latency = 405.96446999999995 (+/- 88) us 
Write latency = 576.2878469999999 (+/- 412) us 
Accept latency = 1881.8270859999998 (+/- 1559) us 
Batch average size = NaN (+/- 0) requests
LCMessage ByteCount = 378:14
TOMMessage ByteCount = 123844240:274295
StandardSMMessage ByteCount = 6337:20
ConsensusMessage ByteCount = 919122:20898
--- Measurements after 499000 ops (1000 samples) ---
Throughput = 7462.6865 operations/sec (Maximum observed: 8333.333 ops/sec)
Total latency = 6.7611684758645E7 (+/- 0) us 
Consensus latency = 2201.590023 (+/- 254) us 
Pre-consensus latency = 0.0 (+/- 0) us 
Pos-consensus latency = 6.7609706584206E7 (+/- 0) us 
Propose latency = 367.636791 (+/- 73) us 
Write latency = 440.087407 (+/- 212) us 
Accept latency = 1393.8658249999999 (+/- 177) us 
Batch average size = NaN (+/- 0) requests
LCMessage ByteCount = 378:14
TOMMessage ByteCount = 123846354:274297
StandardSMMessage ByteCount = 6337:20
ConsensusMessage ByteCount = 919122:20898
--- Measurements after 500000 ops (1000 samples) ---
Throughput = 7246.377 operations/sec (Maximum observed: 8333.333 ops/sec)
Total latency = 6.759823929811901E7 (+/- 0) us 
Consensus latency = 2248.6356880000003 (+/- 606) us 
Pre-consensus latency = 0.0 (+/- 0) us 
Pos-consensus latency = 6.7596168417032E7 (+/- 0) us 
Propose latency = 311.97461300000003 (+/- 71) us 
Write latency = 498.603928 (+/- 295) us 
Accept latency = 1438.0571470000002 (+/- 525) us 
Batch average size = NaN (+/- 0) requests
LCMessage ByteCount = 378:14
TOMMessage ByteCount = 123852716:274303
StandardSMMessage ByteCount = 6337:20
ConsensusMessage ByteCount = 919122:20898
