-- Using view stored on disk
-- SSL/TLS handshake complete!, Id:0  ## CipherSuite: TLS_ECDHE_ECDSA_WITH_AES_128_GCM_SHA256.
-- SSL/TLS handshake complete!, Id:1  ## CipherSuite: TLS_ECDHE_ECDSA_WITH_AES_128_GCM_SHA256.
-- ID = 2
-- N = 4
-- F = 1
-- Port (client <-> server) = 11020
-- Port (server <-> server) = 11021
-- requestTimeout = 2000
-- maxBatch = 1024
-- Binded replica to IP address 134.60.242.13
-- Optimizations:  Read-only Requests: disabled
-- SSL/TLS enabled, protocol version: TLSv1.2
-- In current view: ID:0; F:1; Processes:0(/134.60.242.11:11000),1(/134.60.242.12:11010),2(/134.60.242.13:11020),3(/134.60.242.14:11030),
-- Retrieving State
-- Replica state is up to date
-- 
		###################################
		    Ready to process operations    
		###################################
-- Session Created, active clients=0
-- Session Created, active clients=0
-- Session Created, active clients=0
-- Session Created, active clients=0
-- Session Created, active clients=0
-- Session Created, active clients=0
-- Session Created, active clients=0
-- Session Created, active clients=0
-- Session Created, active clients=0
-- Session Created, active clients=0
-- Session Created, active clients=0
-- Session Created, active clients=0
-- Session Created, active clients=0
-- Session Created, active clients=0
-- Session Created, active clients=0
-- Session Created, active clients=0
-- Session Created, active clients=0
-- Session Created, active clients=0
-- Session Created, active clients=0
-- Session Created, active clients=0
-- Session Created, active clients=0
-- Session Created, active clients=0
-- Session Created, active clients=0
-- Session Created, active clients=0
-- Session Created, active clients=0
-- Session Created, active clients=0
-- Session Created, active clients=0
-- Session Created, active clients=0
-- Session Created, active clients=0
-- Session Created, active clients=0
-- Session Created, active clients=0
-- Session Created, active clients=0
-- Session Created, active clients=0
-- Session Created, active clients=0
-- Session Created, active clients=0
-- Session Created, active clients=0
-- Session Created, active clients=0
-- Session Created, active clients=0
-- Session Created, active clients=0
-- Session Created, active clients=0
-- Session Created, active clients=0
-- Session Created, active clients=0
-- Session Created, active clients=0
-- Session Created, active clients=0
-- Session Created, active clients=0
-- Session Created, active clients=0
-- Session Created, active clients=0
-- Session Created, active clients=0
-- Session Created, active clients=0
-- Session Created, active clients=0
-- Session Created, active clients=0
-- Session Created, active clients=0
-- Session Created, active clients=0
-- Session Created, active clients=0
-- Session Created, active clients=0
-- Session Created, active clients=0
-- Session Created, active clients=0
-- Session Created, active clients=0
-- Session Created, active clients=0
-- Session Created, active clients=0
-- Session Created, active clients=0
-- Session Created, active clients=0
-- Session Created, active clients=0
-- Session Created, active clients=0
-- Session Created, active clients=0
-- Session Created, active clients=0
-- Session Created, active clients=0
-- Session Created, active clients=0
-- Session Created, active clients=0
-- Session Created, active clients=0
-- Session Created, active clients=0
-- Session Created, active clients=0
-- Session Created, active clients=0
-- Session Created, active clients=0
-- Session Created, active clients=0
-- Session Created, active clients=0
-- Session Created, active clients=0
-- Session Created, active clients=0
-- Session Created, active clients=0
-- Session Created, active clients=0
-- Session Created, active clients=0
-- Session Created, active clients=0
-- Session Created, active clients=0
-- Session Created, active clients=0
-- Session Created, active clients=0
-- Session Created, active clients=0
-- Session Created, active clients=0
-- Session Created, active clients=0
-- Session Created, active clients=0
-- Session Created, active clients=0
-- Session Created, active clients=0
-- Session Created, active clients=0
-- Session Created, active clients=0
-- Session Created, active clients=0
-- Session Created, active clients=0
-- Session Created, active clients=0
-- Session Created, active clients=0
-- Session Created, active clients=0
-- Session Created, active clients=0
-- Session Created, active clients=0
-- Session Created, active clients=0
-- Session Created, active clients=0
-- Session Created, active clients=0
-- Session Created, active clients=0
-- Session Created, active clients=0
-- Session Created, active clients=0
-- Session Created, active clients=0
-- Session Created, active clients=0
-- Session Created, active clients=0
-- Session Created, active clients=0
-- Session Created, active clients=0
-- Session Created, active clients=0
-- Session Created, active clients=0
-- Session Created, active clients=0
-- Session Created, active clients=0
-- Session Created, active clients=0
-- Session Created, active clients=0
-- Session Created, active clients=0
-- Session Created, active clients=0
-- Session Created, active clients=0
-- Session Created, active clients=0
-- Session Created, active clients=0
-- Session Created, active clients=0
-- Session Created, active clients=0
-- Session Created, active clients=0
-- Session Created, active clients=0
-- Session Created, active clients=0
-- Session Created, active clients=0
-- Session Created, active clients=0
-- Session Created, active clients=0
-- Session Created, active clients=0
-- Session Created, active clients=0
-- Session Created, active clients=0
-- Session Created, active clients=0
-- Session Created, active clients=0
-- Session Created, active clients=0
-- Session Created, active clients=0
-- Session Created, active clients=0
-- Session Created, active clients=0
-- Session Created, active clients=0
-- Session Created, active clients=0
-- Session Created, active clients=0
-- Session Created, active clients=0
-- Session Created, active clients=0
-- Session Created, active clients=0
-- Session Created, active clients=0
-- Session Created, active clients=0
-- Session Created, active clients=0
-- Session Created, active clients=0
-- Session Created, active clients=0
-- Session Created, active clients=0
-- Session Created, active clients=0
-- Session Created, active clients=0
-- Session Created, active clients=0
-- Session Created, active clients=0
-- Session Created, active clients=0
-- Session Created, active clients=0
-- Session Created, active clients=0
-- Session Created, active clients=0
-- Session Created, active clients=0
-- Session Created, active clients=0
-- Session Created, active clients=0
-- Session Created, active clients=0
-- Session Created, active clients=0
-- Session Created, active clients=0
-- Session Created, active clients=0
-- Session Created, active clients=0
-- Session Created, active clients=0
-- Session Created, active clients=0
-- Session Created, active clients=0
-- Session Created, active clients=0
-- Session Created, active clients=0
-- Session Created, active clients=0
-- Session Created, active clients=0
-- Session Created, active clients=0
-- Session Created, active clients=0
-- Session Created, active clients=0
-- Session Created, active clients=0
-- Session Created, active clients=0
-- Session Created, active clients=0
-- Session Created, active clients=0
-- Session Created, active clients=0
-- Session Created, active clients=0
-- Session Created, active clients=0
-- Session Created, active clients=0
-- Session Created, active clients=0
-- Session Created, active clients=0
-- Session Created, active clients=0
-- Session Created, active clients=0
-- Session Created, active clients=0
-- Session Created, active clients=0
-- Session Created, active clients=0
-- Session Created, active clients=0
-- Session Created, active clients=0
-- Session Created, active clients=0
-- Session Created, active clients=0
-- Session Created, active clients=0
-- Session Created, active clients=0
-- Session Created, active clients=0
-- Session Created, active clients=0
--- Measurements after 1000 ops (1000 samples) ---
Throughput = 20.862453 operations/sec (Maximum observed: 20.862453 ops/sec)
Total latency = 56818.447018 (+/- 31195) us 
Consensus latency = 9347.934945 (+/- 7113) us 
Pre-consensus latency = 0.0 (+/- 0) us 
Pos-consensus latency = 49985.819941 (+/- 30790) us 
Propose latency = 3947.522039 (+/- 4143) us 
Write latency = 1824.040921 (+/- 1404) us 
Accept latency = 3576.3719849999998 (+/- 1898) us 
Batch average size = 83.33333333333333 (+/- 81) requests
StandardSMMessage ByteCount = 324
ConsensusMessage ByteCount = 2339
TOMMessage ByteCount = 920543
--- Measurements after 2000 ops (1000 samples) ---
Throughput = 83.45155 operations/sec (Maximum observed: 83.45155 ops/sec)
Total latency = 41239.606417999996 (+/- 22219) us 
Consensus latency = 6029.3970580000005 (+/- 774) us 
Pre-consensus latency = 0.0 (+/- 0) us 
Pos-consensus latency = 36805.519081 (+/- 22196) us 
Propose latency = 2944.212938 (+/- 1152) us 
Write latency = 771.024795 (+/- 545) us 
Accept latency = 2314.159325 (+/- 230) us 
Batch average size = 90.9090909090909 (+/- 88) requests
StandardSMMessage ByteCount = 324
ConsensusMessage ByteCount = 4484
TOMMessage ByteCount = 2258389
--- Measurements after 3000 ops (1000 samples) ---
Throughput = 105.18565 operations/sec (Maximum observed: 105.18565 ops/sec)
Total latency = 45254.539897 (+/- 23210) us 
Consensus latency = 4736.853985000001 (+/- 702) us 
Pre-consensus latency = 0.0 (+/- 0) us 
Pos-consensus latency = 41382.306162 (+/- 23105) us 
Propose latency = 1592.043741 (+/- 366) us 
Write latency = 1209.495361 (+/- 452) us 
Accept latency = 1935.314883 (+/- 369) us 
Batch average size = 71.42857142857143 (+/- 83) requests
StandardSMMessage ByteCount = 324
ConsensusMessage ByteCount = 7212
TOMMessage ByteCount = 3387016
--- Measurements after 4000 ops (1000 samples) ---
Throughput = 143.00014 operations/sec (Maximum observed: 143.00014 ops/sec)
Total latency = 35496.167227 (+/- 19547) us 
Consensus latency = 3883.8423 (+/- 312) us 
Pre-consensus latency = 0.0 (+/- 0) us 
Pos-consensus latency = 32408.984401 (+/- 19500) us 
Propose latency = 1422.9916070000002 (+/- 346) us 
Write latency = 762.066937 (+/- 512) us 
Accept latency = 1698.783756 (+/- 274) us 
Batch average size = 100.0 (+/- 86) requests
StandardSMMessage ByteCount = 324
ConsensusMessage ByteCount = 9159
TOMMessage ByteCount = 4310947
--- Measurements after 5000 ops (1000 samples) ---
Throughput = 222.41992 operations/sec (Maximum observed: 222.41992 ops/sec)
Total latency = 37139.564352 (+/- 19079) us 
Consensus latency = 4331.074804999999 (+/- 1197) us 
Pre-consensus latency = 0.0 (+/- 0) us 
Pos-consensus latency = 33477.785663 (+/- 19293) us 
Propose latency = 1208.211624 (+/- 252) us 
Write latency = 797.063676 (+/- 445) us 
Accept latency = 2325.799505 (+/- 1167) us 
Batch average size = 100.0 (+/- 88) requests
StandardSMMessage ByteCount = 324
ConsensusMessage ByteCount = 11109
TOMMessage ByteCount = 5447494
--- Measurements after 6000 ops (1000 samples) ---
Throughput = 496.27792 operations/sec (Maximum observed: 496.27792 ops/sec)
Total latency = 43875.201207000006 (+/- 22260) us 
Consensus latency = 3756.127123 (+/- 404) us 
Pre-consensus latency = 0.0 (+/- 0) us 
Pos-consensus latency = 40834.338880999996 (+/- 22300) us 
Propose latency = 1463.081677 (+/- 468) us 
Write latency = 405.81155099999995 (+/- 262) us 
Accept latency = 1887.233895 (+/- 161) us 
Batch average size = 100.0 (+/- 93) requests
StandardSMMessage ByteCount = 324
ConsensusMessage ByteCount = 13073
TOMMessage ByteCount = 6584043
--- Measurements after 7000 ops (1000 samples) ---
Throughput = 4115.2266 operations/sec (Maximum observed: 4115.2266 ops/sec)
Total latency = 89874.961355 (+/- 0) us 
Consensus latency = 9059.964209000002 (+/- 3085) us 
Pre-consensus latency = 0.0 (+/- 0) us 
Pos-consensus latency = 81940.914821 (+/- 0) us 
Propose latency = 6091.8975279999995 (+/- 2743) us 
Write latency = 1624.242589 (+/- 2592) us 
Accept latency = 1343.8240919999998 (+/- 502) us 
Batch average size = 251.5 (+/- 357) requests
StandardSMMessage ByteCount = 324
ConsensusMessage ByteCount = 17429
TOMMessage ByteCount = 7037548
--- Measurements after 8000 ops (1000 samples) ---
Throughput = 4219.409 operations/sec (Maximum observed: 4219.409 ops/sec)
Total latency = 292958.462242 (+/- 0) us 
Consensus latency = 4889.9399220000005 (+/- 433) us 
Pre-consensus latency = 0.0 (+/- 0) us 
Pos-consensus latency = 289549.538648 (+/- 0) us 
Propose latency = 2698.8093900000003 (+/- 453) us 
Write latency = 1466.220954 (+/- 103) us 
Accept latency = 724.909578 (+/- 159) us 
Batch average size = 6239.0 (+/- 0) requests
StandardSMMessage ByteCount = 324
ConsensusMessage ByteCount = 22579
TOMMessage ByteCount = 7923061
--- Measurements after 9000 ops (1000 samples) ---
Throughput = 4424.779 operations/sec (Maximum observed: 4424.779 ops/sec)
Total latency = 500073.195806 (+/- 0) us 
Consensus latency = 4268.707131 (+/- 800) us 
Pre-consensus latency = 0.0 (+/- 0) us 
Pos-consensus latency = 496606.27709600003 (+/- 0) us 
Propose latency = 1700.952725 (+/- 152) us 
Write latency = 1353.330206 (+/- 936) us 
Accept latency = 1214.4242 (+/- 492) us 
Batch average size = NaN (+/- 0) requests
StandardSMMessage ByteCount = 324
ConsensusMessage ByteCount = 28361
TOMMessage ByteCount = 7923061
--- Measurements after 10000 ops (1000 samples) ---
Throughput = 3584.2295 operations/sec (Maximum observed: 4424.779 ops/sec)
Total latency = 718920.812931 (+/- 0) us 
Consensus latency = 4217.519179 (+/- 392) us 
Pre-consensus latency = 0.0 (+/- 0) us 
Pos-consensus latency = 715450.625857 (+/- 0) us 
Propose latency = 1820.829674 (+/- 215) us 
Write latency = 904.6480919999999 (+/- 641) us 
Accept latency = 1492.041413 (+/- 357) us 
Batch average size = NaN (+/- 0) requests
StandardSMMessage ByteCount = 324
ConsensusMessage ByteCount = 30888
TOMMessage ByteCount = 7923061
--- Measurements after 11000 ops (1000 samples) ---
Throughput = 4651.1626 operations/sec (Maximum observed: 4651.1626 ops/sec)
Total latency = 935993.03923 (+/- 0) us 
Consensus latency = 3994.127568 (+/- 731) us 
Pre-consensus latency = 0.0 (+/- 0) us 
Pos-consensus latency = 932886.98991 (+/- 0) us 
Propose latency = 1543.952953 (+/- 454) us 
Write latency = 469.62041700000003 (+/- 334) us 
Accept latency = 1980.554198 (+/- 279) us 
Batch average size = NaN (+/- 0) requests
StandardSMMessage ByteCount = 324
ConsensusMessage ByteCount = 32866
TOMMessage ByteCount = 7923061
--- Measurements after 12000 ops (1000 samples) ---
Throughput = 4587.156 operations/sec (Maximum observed: 4651.1626 ops/sec)
Total latency = 1111675.9987980002 (+/- 0) us 
Consensus latency = 10488.647461999999 (+/- 6703) us 
Pre-consensus latency = 0.0 (+/- 0) us 
Pos-consensus latency = 1106422.391522 (+/- 0) us 
Propose latency = 8107.984281 (+/- 6682) us 
Write latency = 277.05813900000004 (+/- 22) us 
Accept latency = 2103.6050419999997 (+/- 210) us 
Batch average size = NaN (+/- 0) requests
StandardSMMessage ByteCount = 324
ConsensusMessage ByteCount = 36230
TOMMessage ByteCount = 7923061
--- Measurements after 13000 ops (1000 samples) ---
Throughput = 4444.4443 operations/sec (Maximum observed: 4651.1626 ops/sec)
Total latency = 1299382.467569 (+/- 0) us 
Consensus latency = 6742.858574 (+/- 1738) us 
Pre-consensus latency = 0.0 (+/- 0) us 
Pos-consensus latency = 1294896.8383540001 (+/- 0) us 
Propose latency = 4855.629940000001 (+/- 2112) us 
Write latency = 292.555856 (+/- 10) us 
Accept latency = 1594.6727779999999 (+/- 384) us 
Batch average size = NaN (+/- 0) requests
StandardSMMessage ByteCount = 324
ConsensusMessage ByteCount = 41575
TOMMessage ByteCount = 7923061
--- Measurements after 14000 ops (1000 samples) ---
Throughput = 3174.6033 operations/sec (Maximum observed: 4651.1626 ops/sec)
Total latency = 1578037.590371 (+/- 0) us 
Consensus latency = 6952.7227139999995 (+/- 1004) us 
Pre-consensus latency = 0.0 (+/- 0) us 
Pos-consensus latency = 1572400.18393 (+/- 0) us 
Propose latency = 4856.734796 (+/- 1274) us 
Write latency = 212.13672599999998 (+/- 52) us 
Accept latency = 1883.851192 (+/- 380) us 
Batch average size = 51968.0 (+/- 0) requests
StandardSMMessage ByteCount = 324
ConsensusMessage ByteCount = 47109
TOMMessage ByteCount = 14980945
--- Measurements after 15000 ops (1000 samples) ---
Throughput = 4672.897 operations/sec (Maximum observed: 4672.897 ops/sec)
Total latency = 1791237.605903 (+/- 0) us 
Consensus latency = 5166.038356 (+/- 634) us 
Pre-consensus latency = 0.0 (+/- 0) us 
Pos-consensus latency = 1786893.4544849999 (+/- 0) us 
Propose latency = 2095.151781 (+/- 419) us 
Write latency = 1144.4831550000001 (+/- 711) us 
Accept latency = 1926.4034199999999 (+/- 276) us 
Batch average size = NaN (+/- 0) requests
StandardSMMessage ByteCount = 324
ConsensusMessage ByteCount = 49372
TOMMessage ByteCount = 14980945
LCMessage ByteCount = 5
--- Measurements after 16000 ops (1000 samples) ---
Throughput = 3690.0369 operations/sec (Maximum observed: 4672.897 ops/sec)
Total latency = 1990911.131384 (+/- 0) us 
Consensus latency = 4325.208386 (+/- 230) us 
Pre-consensus latency = 0.0 (+/- 0) us 
Pos-consensus latency = 1987610.6839430002 (+/- 0) us 
Propose latency = 1886.740677 (+/- 153) us 
Write latency = 603.271684 (+/- 247) us 
Accept latency = 1835.196025 (+/- 246) us 
Batch average size = NaN (+/- 0) requests
StandardSMMessage ByteCount = 324
ConsensusMessage ByteCount = 50675
TOMMessage ByteCount = 14980945
LCMessage ByteCount = 5
--- Measurements after 17000 ops (1000 samples) ---
Throughput = 4329.0044 operations/sec (Maximum observed: 4672.897 ops/sec)
Total latency = 2233839.177594 (+/- 0) us 
Consensus latency = 4423.020214 (+/- 242) us 
Pre-consensus latency = 0.0 (+/- 0) us 
Pos-consensus latency = 2230496.0769450003 (+/- 0) us 
Propose latency = 1726.538428 (+/- 189) us 
Write latency = 808.675492 (+/- 246) us 
Accept latency = 1887.806294 (+/- 179) us 
Batch average size = NaN (+/- 0) requests
StandardSMMessage ByteCount = 324
ConsensusMessage ByteCount = 52854
TOMMessage ByteCount = 14980945
LCMessage ByteCount = 5
--- Measurements after 18000 ops (1000 samples) ---
Throughput = 4608.295 operations/sec (Maximum observed: 4672.897 ops/sec)
Total latency = 2428392.800257 (+/- 0) us 
Consensus latency = 4665.553334 (+/- 270) us 
Pre-consensus latency = 0.0 (+/- 0) us 
Pos-consensus latency = 2424975.087363 (+/- 0) us 
Propose latency = 1814.59182 (+/- 149) us 
Write latency = 957.170308 (+/- 101) us 
Accept latency = 1893.791206 (+/- 157) us 
Batch average size = NaN (+/- 0) requests
StandardSMMessage ByteCount = 324
ConsensusMessage ByteCount = 54436
TOMMessage ByteCount = 14980945
LCMessage ByteCount = 5
--- Measurements after 19000 ops (1000 samples) ---
Throughput = 4608.295 operations/sec (Maximum observed: 4672.897 ops/sec)
Total latency = 2607328.2280840003 (+/- 0) us 
Consensus latency = 5496.814006 (+/- 3055) us 
Pre-consensus latency = 0.0 (+/- 0) us 
Pos-consensus latency = 2602771.123578 (+/- 0) us 
Propose latency = 3459.8227349999997 (+/- 2328) us 
Write latency = 691.337765 (+/- 1183) us 
Accept latency = 1345.653506 (+/- 202) us 
Batch average size = NaN (+/- 0) requests
StandardSMMessage ByteCount = 324
ConsensusMessage ByteCount = 57403
TOMMessage ByteCount = 14980945
LCMessage ByteCount = 5
--- Measurements after 20000 ops (1000 samples) ---
Throughput = 4608.295 operations/sec (Maximum observed: 4672.897 ops/sec)
Total latency = 2791015.033355 (+/- 0) us 
Consensus latency = 7155.981676 (+/- 449) us 
Pre-consensus latency = 0.0 (+/- 0) us 
Pos-consensus latency = 2785133.659037 (+/- 0) us 
Propose latency = 5644.968826 (+/- 551) us 
Write latency = 261.588971 (+/- 34) us 
Accept latency = 1249.423879 (+/- 77) us 
Batch average size = NaN (+/- 0) requests
StandardSMMessage ByteCount = 324
ConsensusMessage ByteCount = 62158
TOMMessage ByteCount = 14980945
LCMessage ByteCount = 5
--- Measurements after 21000 ops (1000 samples) ---
Throughput = 4830.918 operations/sec (Maximum observed: 4830.918 ops/sec)
Total latency = 2979873.586551 (+/- 0) us 
Consensus latency = 6626.802445 (+/- 454) us 
Pre-consensus latency = 0.0 (+/- 0) us 
Pos-consensus latency = 2974308.3704640004 (+/- 0) us 
Propose latency = 4097.163523 (+/- 1042) us 
Write latency = 690.881687 (+/- 502) us 
Accept latency = 1838.757235 (+/- 249) us 
Batch average size = NaN (+/- 0) requests
StandardSMMessage ByteCount = 324
ConsensusMessage ByteCount = 68293
TOMMessage ByteCount = 14980945
LCMessage ByteCount = 5
--- Measurements after 22000 ops (1000 samples) ---
Throughput = 4716.981 operations/sec (Maximum observed: 4830.918 ops/sec)
Total latency = 3166518.0104920003 (+/- 0) us 
Consensus latency = 4863.162851 (+/- 552) us 
Pre-consensus latency = 0.0 (+/- 0) us 
Pos-consensus latency = 3162661.018611 (+/- 0) us 
Propose latency = 1899.554151 (+/- 568) us 
Write latency = 1030.977265 (+/- 512) us 
Accept latency = 1932.631435 (+/- 413) us 
Batch average size = NaN (+/- 0) requests
StandardSMMessage ByteCount = 324
ConsensusMessage ByteCount = 71267
TOMMessage ByteCount = 14980945
LCMessage ByteCount = 5
--- Measurements after 23000 ops (1000 samples) ---
Throughput = 4694.8354 operations/sec (Maximum observed: 4830.918 ops/sec)
Total latency = 3349381.7534270003 (+/- 0) us 
Consensus latency = 4527.803492999999 (+/- 221) us 
Pre-consensus latency = 0.0 (+/- 0) us 
Pos-consensus latency = 3345796.628455 (+/- 0) us 
Propose latency = 1946.909111 (+/- 165) us 
Write latency = 416.21796500000005 (+/- 66) us 
Accept latency = 2164.6764169999997 (+/- 232) us 
Batch average size = NaN (+/- 0) requests
StandardSMMessage ByteCount = 324
ConsensusMessage ByteCount = 73248
TOMMessage ByteCount = 14980945
LCMessage ByteCount = 5
--- Measurements after 24000 ops (1000 samples) ---
Throughput = 4608.295 operations/sec (Maximum observed: 4830.918 ops/sec)
Total latency = 3535657.828868 (+/- 0) us 
Consensus latency = 3489.9543599999997 (+/- 361) us 
Pre-consensus latency = 0.0 (+/- 0) us 
Pos-consensus latency = 3532852.148218 (+/- 0) us 
Propose latency = 1169.980149 (+/- 369) us 
Write latency = 755.6556800000001 (+/- 264) us 
Accept latency = 1564.318531 (+/- 228) us 
Batch average size = NaN (+/- 0) requests
StandardSMMessage ByteCount = 324
ConsensusMessage ByteCount = 78994
TOMMessage ByteCount = 14980945
LCMessage ByteCount = 10
--- Measurements after 25000 ops (1000 samples) ---
Throughput = 4830.918 operations/sec (Maximum observed: 4830.918 ops/sec)
Total latency = 3720908.137572 (+/- 0) us 
Consensus latency = 7526.246541 (+/- 5475) us 
Pre-consensus latency = 0.0 (+/- 0) us 
Pos-consensus latency = 3714216.398648 (+/- 0) us 
Propose latency = 1503.811595 (+/- 928) us 
Write latency = 4383.813233 (+/- 5691) us 
Accept latency = 1638.621713 (+/- 180) us 
Batch average size = NaN (+/- 0) requests
StandardSMMessage ByteCount = 324
ConsensusMessage ByteCount = 85724
TOMMessage ByteCount = 14980945
LCMessage ByteCount = 10
--- Measurements after 26000 ops (1000 samples) ---
Throughput = 4629.6294 operations/sec (Maximum observed: 4830.918 ops/sec)
Total latency = 3896877.291344 (+/- 0) us 
Consensus latency = 9133.197886 (+/- 436) us 
Pre-consensus latency = 0.0 (+/- 0) us 
Pos-consensus latency = 3889353.42638 (+/- 0) us 
Propose latency = 6910.800912 (+/- 494) us 
Write latency = 202.254589 (+/- 27) us 
Accept latency = 2020.142385 (+/- 29) us 
Batch average size = NaN (+/- 0) requests
StandardSMMessage ByteCount = 324
ConsensusMessage ByteCount = 93524
TOMMessage ByteCount = 14980945
LCMessage ByteCount = 10
--- Measurements after 27000 ops (1000 samples) ---
Throughput = 4694.8354 operations/sec (Maximum observed: 4830.918 ops/sec)
Total latency = 4089340.021849 (+/- 0) us 
Consensus latency = 5685.563579 (+/- 1965) us 
Pre-consensus latency = 0.0 (+/- 0) us 
Pos-consensus latency = 4084958.510152 (+/- 0) us 
Propose latency = 3536.621116 (+/- 1985) us 
Write latency = 307.418037 (+/- 214) us 
Accept latency = 1841.524426 (+/- 75) us 
Batch average size = NaN (+/- 0) requests
StandardSMMessage ByteCount = 324
ConsensusMessage ByteCount = 100062
TOMMessage ByteCount = 14980945
LCMessage ByteCount = 10
--- Measurements after 28000 ops (1000 samples) ---
Throughput = 4651.1626 operations/sec (Maximum observed: 4830.918 ops/sec)
Total latency = 4274110.386414 (+/- 0) us 
Consensus latency = 4150.422140000001 (+/- 469) us 
Pre-consensus latency = 0.0 (+/- 0) us 
Pos-consensus latency = 4270753.120888 (+/- 0) us 
Propose latency = 1286.358588 (+/- 117) us 
Write latency = 1093.3733430000002 (+/- 630) us 
Accept latency = 1770.690209 (+/- 156) us 
Batch average size = NaN (+/- 0) requests
StandardSMMessage ByteCount = 324
ConsensusMessage ByteCount = 106511
TOMMessage ByteCount = 14980945
LCMessage ByteCount = 10
--- Measurements after 29000 ops (1000 samples) ---
Throughput = 4830.918 operations/sec (Maximum observed: 4830.918 ops/sec)
Total latency = 4458226.312419 (+/- 0) us 
Consensus latency = 4349.3721 (+/- 233) us 
Pre-consensus latency = 0.0 (+/- 0) us 
Pos-consensus latency = 4454747.746088 (+/- 0) us 
Propose latency = 1668.450448 (+/- 305) us 
Write latency = 986.783862 (+/- 628) us 
Accept latency = 1694.13779 (+/- 174) us 
Batch average size = NaN (+/- 0) requests
StandardSMMessage ByteCount = 324
ConsensusMessage ByteCount = 114669
TOMMessage ByteCount = 14980945
LCMessage ByteCount = 10
--- Measurements after 30000 ops (1000 samples) ---
Throughput = 4651.1626 operations/sec (Maximum observed: 4830.918 ops/sec)
Total latency = 4646133.068972999 (+/- 0) us 
Consensus latency = 4011.018384 (+/- 223) us 
Pre-consensus latency = 0.0 (+/- 0) us 
Pos-consensus latency = 4642941.677053001 (+/- 0) us 
Propose latency = 1490.8141569999998 (+/- 332) us 
Write latency = 685.228471 (+/- 350) us 
Accept latency = 1834.975756 (+/- 201) us 
Batch average size = NaN (+/- 0) requests
StandardSMMessage ByteCount = 324
ConsensusMessage ByteCount = 123027
TOMMessage ByteCount = 14980945
LCMessage ByteCount = 10
--- Measurements after 31000 ops (1000 samples) ---
Throughput = 4651.1626 operations/sec (Maximum observed: 4830.918 ops/sec)
Total latency = 4830152.073384 (+/- 0) us 
Consensus latency = 4306.658152 (+/- 182) us 
Pre-consensus latency = 0.0 (+/- 0) us 
Pos-consensus latency = 4826708.321712 (+/- 0) us 
Propose latency = 1392.4075460000001 (+/- 233) us 
Write latency = 961.7919059999999 (+/- 586) us 
Accept latency = 1952.4587 (+/- 396) us 
Batch average size = NaN (+/- 0) requests
StandardSMMessage ByteCount = 324
ConsensusMessage ByteCount = 136101
TOMMessage ByteCount = 14980945
LCMessage ByteCount = 10
--- Measurements after 32000 ops (1000 samples) ---
Throughput = 4854.369 operations/sec (Maximum observed: 4854.369 ops/sec)
Total latency = 4999189.503378 (+/- 0) us 
Consensus latency = 9455.37117 (+/- 6422) us 
Pre-consensus latency = 0.0 (+/- 0) us 
Pos-consensus latency = 4994780.961076 (+/- 0) us 
Propose latency = 6736.051151 (+/- 6608) us 
Write latency = 779.507514 (+/- 710) us 
Accept latency = 1939.8125049999999 (+/- 245) us 
Batch average size = NaN (+/- 0) requests
StandardSMMessage ByteCount = 324
ConsensusMessage ByteCount = 140169
TOMMessage ByteCount = 14980945
LCMessage ByteCount = 10
--- Measurements after 33000 ops (1000 samples) ---
Throughput = 4694.8354 operations/sec (Maximum observed: 4854.369 ops/sec)
Total latency = 5149339.030225 (+/- 0) us 
Consensus latency = 35299.111432 (+/- 28599) us 
Pre-consensus latency = 0.0 (+/- 0) us 
Pos-consensus latency = 5140094.280883 (+/- 0) us 
Propose latency = 31917.048882 (+/- 26850) us 
Write latency = 1096.571466 (+/- 1703) us 
Accept latency = 2285.491084 (+/- 44) us 
Batch average size = NaN (+/- 0) requests
StandardSMMessage ByteCount = 324
ConsensusMessage ByteCount = 140169
TOMMessage ByteCount = 14980945
LCMessage ByteCount = 10
--- Measurements after 34000 ops (1000 samples) ---
Throughput = 4739.3364 operations/sec (Maximum observed: 4854.369 ops/sec)
Total latency = 5248358.863698 (+/- 0) us 
Consensus latency = 64817.440145 (+/- 8536) us 
Pre-consensus latency = 0.0 (+/- 0) us 
Pos-consensus latency = 5214491.762053001 (+/- 0) us 
Propose latency = 37429.448141 (+/- 14957) us 
Write latency = 25594.162872 (+/- 6602) us 
Accept latency = 1793.829132 (+/- 181) us 
Batch average size = NaN (+/- 0) requests
StandardSMMessage ByteCount = 324
ConsensusMessage ByteCount = 140169
TOMMessage ByteCount = 14980945
LCMessage ByteCount = 10
--- Measurements after 35000 ops (1000 samples) ---
Throughput = 4878.049 operations/sec (Maximum observed: 4878.049 ops/sec)
Total latency = 5417005.6616 (+/- 0) us 
Consensus latency = 17311.934407 (+/- 16012) us 
Pre-consensus latency = 0.0 (+/- 0) us 
Pos-consensus latency = 5405071.655666 (+/- 0) us 
Propose latency = 12019.544876 (+/- 7405) us 
Write latency = 3404.7718339999997 (+/- 8660) us 
Accept latency = 1887.617697 (+/- 53) us 
Batch average size = NaN (+/- 0) requests
StandardSMMessage ByteCount = 324
ConsensusMessage ByteCount = 140169
TOMMessage ByteCount = 14980945
LCMessage ByteCount = 10
--- Measurements after 36000 ops (1000 samples) ---
Throughput = 4761.905 operations/sec (Maximum observed: 4878.049 ops/sec)
Total latency = 5601725.098193 (+/- 0) us 
Consensus latency = 12069.574815 (+/- 187) us 
Pre-consensus latency = 0.0 (+/- 0) us 
Pos-consensus latency = 5592471.347422 (+/- 0) us 
Propose latency = 10397.759014000001 (+/- 406) us 
Write latency = 208.32097 (+/- 42) us 
Accept latency = 1463.494831 (+/- 176) us 
Batch average size = NaN (+/- 0) requests
StandardSMMessage ByteCount = 324
ConsensusMessage ByteCount = 140169
TOMMessage ByteCount = 14980945
LCMessage ByteCount = 10
--- Measurements after 37000 ops (1000 samples) ---
Throughput = 4901.961 operations/sec (Maximum observed: 4901.961 ops/sec)
Total latency = 5792405.2518339995 (+/- 0) us 
Consensus latency = 12575.445687000001 (+/- 189) us 
Pre-consensus latency = 0.0 (+/- 0) us 
Pos-consensus latency = 5782585.061672 (+/- 0) us 
Propose latency = 10560.644782 (+/- 0) us 
Write latency = 202.674593 (+/- 4) us 
Accept latency = 1812.1263119999999 (+/- 183) us 
Batch average size = NaN (+/- 0) requests
StandardSMMessage ByteCount = 324
ConsensusMessage ByteCount = 140169
TOMMessage ByteCount = 14980945
LCMessage ByteCount = 10
--- Measurements after 38000 ops (1000 samples) ---
Throughput = 4761.905 operations/sec (Maximum observed: 4901.961 ops/sec)
Total latency = 5980366.861415 (+/- 0) us 
Consensus latency = 13456.568405 (+/- 380) us 
Pre-consensus latency = 0.0 (+/- 0) us 
Pos-consensus latency = 5969882.544485 (+/- 0) us 
Propose latency = 10056.731755 (+/- 240) us 
Write latency = 1796.0609650000001 (+/- 758) us 
Accept latency = 1603.775685 (+/- 137) us 
Batch average size = NaN (+/- 0) requests
StandardSMMessage ByteCount = 324
ConsensusMessage ByteCount = 140169
TOMMessage ByteCount = 14980945
LCMessage ByteCount = 10
--- Measurements after 39000 ops (1000 samples) ---
Throughput = 4878.049 operations/sec (Maximum observed: 4901.961 ops/sec)
Total latency = 6170677.2070349995 (+/- 0) us 
Consensus latency = 12343.508758 (+/- 665) us 
Pre-consensus latency = 0.0 (+/- 0) us 
Pos-consensus latency = 6161424.610451 (+/- 0) us 
Propose latency = 9952.76202 (+/- 5) us 
Write latency = 626.08666 (+/- 787) us 
Accept latency = 1764.6600779999999 (+/- 116) us 
Batch average size = NaN (+/- 0) requests
StandardSMMessage ByteCount = 324
ConsensusMessage ByteCount = 140169
TOMMessage ByteCount = 14980945
LCMessage ByteCount = 10
--- Measurements after 40000 ops (1000 samples) ---
Throughput = 4761.905 operations/sec (Maximum observed: 4901.961 ops/sec)
Total latency = 6359272.996363 (+/- 0) us 
Consensus latency = 17726.338232000002 (+/- 3156) us 
Pre-consensus latency = 0.0 (+/- 0) us 
Pos-consensus latency = 6344431.319589 (+/- 0) us 
Propose latency = 15674.652063 (+/- 3153) us 
Write latency = 219.69154 (+/- 1) us 
Accept latency = 1831.994629 (+/- 4) us 
Batch average size = NaN (+/- 0) requests
StandardSMMessage ByteCount = 324
ConsensusMessage ByteCount = 140169
TOMMessage ByteCount = 14980945
LCMessage ByteCount = 10
--- Measurements after 41000 ops (1000 samples) ---
Throughput = 4878.049 operations/sec (Maximum observed: 4901.961 ops/sec)
Total latency = 6539837.771550001 (+/- 0) us 
Consensus latency = 23402.102279 (+/- 2316) us 
Pre-consensus latency = 0.0 (+/- 0) us 
Pos-consensus latency = 6519069.401984001 (+/- 0) us 
Propose latency = 11423.118968 (+/- 3524) us 
Write latency = 10175.873446 (+/- 5858) us 
Accept latency = 1803.109865 (+/- 18) us 
Batch average size = NaN (+/- 0) requests
StandardSMMessage ByteCount = 324
ConsensusMessage ByteCount = 140169
TOMMessage ByteCount = 14980945
LCMessage ByteCount = 10
--- Measurements after 42000 ops (1000 samples) ---
Throughput = 4761.905 operations/sec (Maximum observed: 4901.961 ops/sec)
Total latency = 6716911.079445 (+/- 0) us 
Consensus latency = 15336.053275 (+/- 5896) us 
Pre-consensus latency = 0.0 (+/- 0) us 
Pos-consensus latency = 6704360.84524 (+/- 0) us 
Propose latency = 9180.684419 (+/- 106) us 
Write latency = 4382.200206 (+/- 5777) us 
Accept latency = 1773.1686499999998 (+/- 11) us 
Batch average size = NaN (+/- 0) requests
StandardSMMessage ByteCount = 324
ConsensusMessage ByteCount = 140169
TOMMessage ByteCount = 14980945
LCMessage ByteCount = 10
--- Measurements after 43000 ops (1000 samples) ---
Throughput = 4878.049 operations/sec (Maximum observed: 4901.961 ops/sec)
Total latency = 6902451.896234 (+/- 0) us 
Consensus latency = 12212.30228 (+/- 371) us 
Pre-consensus latency = 0.0 (+/- 0) us 
Pos-consensus latency = 6893120.008734 (+/- 0) us 
Propose latency = 9672.768300000002 (+/- 370) us 
Write latency = 912.091565 (+/- 92) us 
Accept latency = 1627.442415 (+/- 91) us 
Batch average size = NaN (+/- 0) requests
StandardSMMessage ByteCount = 324
ConsensusMessage ByteCount = 140169
TOMMessage ByteCount = 14980945
LCMessage ByteCount = 10
--- Measurements after 44000 ops (1000 samples) ---
Throughput = 4739.3364 operations/sec (Maximum observed: 4901.961 ops/sec)
Total latency = 7091945.440347999 (+/- 0) us 
Consensus latency = 11893.652798000001 (+/- 395) us 
Pre-consensus latency = 0.0 (+/- 0) us 
Pos-consensus latency = 7082904.477952 (+/- 0) us 
Propose latency = 9155.699176999999 (+/- 534) us 
Write latency = 1066.309386 (+/- 64) us 
Accept latency = 1671.6442350000002 (+/- 73) us 
Batch average size = NaN (+/- 0) requests
StandardSMMessage ByteCount = 324
ConsensusMessage ByteCount = 140169
TOMMessage ByteCount = 14980945
LCMessage ByteCount = 10
--- Measurements after 45000 ops (1000 samples) ---
Throughput = 4878.049 operations/sec (Maximum observed: 4901.961 ops/sec)
Total latency = 7283167.454925 (+/- 0) us 
Consensus latency = 11793.300653999999 (+/- 130) us 
Pre-consensus latency = 0.0 (+/- 0) us 
Pos-consensus latency = 7273964.224649 (+/- 0) us 
Propose latency = 9005.563255000001 (+/- 165) us 
Write latency = 1195.623023 (+/- 61) us 
Accept latency = 1592.114376 (+/- 96) us 
Batch average size = NaN (+/- 0) requests
StandardSMMessage ByteCount = 324
ConsensusMessage ByteCount = 140169
TOMMessage ByteCount = 14980945
LCMessage ByteCount = 10
--- Measurements after 46000 ops (1000 samples) ---
Throughput = 4739.3364 operations/sec (Maximum observed: 4901.961 ops/sec)
Total latency = 7474127.521807 (+/- 0) us 
Consensus latency = 12866.008552 (+/- 759) us 
Pre-consensus latency = 0.0 (+/- 0) us 
Pos-consensus latency = 7464056.55313 (+/- 0) us 
Propose latency = 9809.797281 (+/- 530) us 
Write latency = 1470.225328 (+/- 178) us 
Accept latency = 1585.985943 (+/- 50) us 
Batch average size = NaN (+/- 0) requests
StandardSMMessage ByteCount = 324
ConsensusMessage ByteCount = 140169
TOMMessage ByteCount = 14980945
LCMessage ByteCount = 10
--- Measurements after 47000 ops (1000 samples) ---
Throughput = 4878.049 operations/sec (Maximum observed: 4901.961 ops/sec)
Total latency = 7663195.326093 (+/- 0) us 
Consensus latency = 12039.93547 (+/- 1159) us 
Pre-consensus latency = 0.0 (+/- 0) us 
Pos-consensus latency = 7654189.644759 (+/- 0) us 
Propose latency = 9314.286034 (+/- 743) us 
Write latency = 1057.920916 (+/- 450) us 
Accept latency = 1667.7285200000001 (+/- 34) us 
Batch average size = NaN (+/- 0) requests
StandardSMMessage ByteCount = 324
ConsensusMessage ByteCount = 140169
TOMMessage ByteCount = 14980945
LCMessage ByteCount = 10
--- Measurements after 48000 ops (1000 samples) ---
Throughput = 4739.3364 operations/sec (Maximum observed: 4901.961 ops/sec)
Total latency = 7855732.186257 (+/- 0) us 
Consensus latency = 11112.2361 (+/- 17) us 
Pre-consensus latency = 0.0 (+/- 0) us 
Pos-consensus latency = 7847240.492382 (+/- 0) us 
Propose latency = 8587.521175 (+/- 102) us 
Write latency = 820.079375 (+/- 112) us 
Accept latency = 1704.63555 (+/- 7) us 
Batch average size = NaN (+/- 0) requests
StandardSMMessage ByteCount = 324
ConsensusMessage ByteCount = 140169
TOMMessage ByteCount = 14980945
LCMessage ByteCount = 10
--- Measurements after 49000 ops (1000 samples) ---
Throughput = 4878.049 operations/sec (Maximum observed: 4901.961 ops/sec)
Total latency = 8041875.910252 (+/- 0) us 
Consensus latency = 7960.816584 (+/- 1656) us 
Pre-consensus latency = 0.0 (+/- 0) us 
Pos-consensus latency = 8035834.259114 (+/- 0) us 
Propose latency = 5911.479784 (+/- 1436) us 
Write latency = 322.395886 (+/- 280) us 
Accept latency = 1726.940914 (+/- 41) us 
Batch average size = NaN (+/- 0) requests
StandardSMMessage ByteCount = 324
ConsensusMessage ByteCount = 140169
TOMMessage ByteCount = 14980945
LCMessage ByteCount = 10
--- Measurements after 50000 ops (1000 samples) ---
Throughput = 4739.3364 operations/sec (Maximum observed: 4901.961 ops/sec)
Total latency = 8228401.117835 (+/- 0) us 
Consensus latency = 5251.900009 (+/- 565) us 
Pre-consensus latency = 0.0 (+/- 0) us 
Pos-consensus latency = 8224286.303712 (+/- 0) us 
Propose latency = 2660.558877 (+/- 686) us 
Write latency = 596.624526 (+/- 432) us 
Accept latency = 1994.716606 (+/- 189) us 
Batch average size = NaN (+/- 0) requests
StandardSMMessage ByteCount = 324
ConsensusMessage ByteCount = 140169
TOMMessage ByteCount = 14980945
LCMessage ByteCount = 10
--- Measurements after 51000 ops (1000 samples) ---
Throughput = 4878.049 operations/sec (Maximum observed: 4901.961 ops/sec)
Total latency = 8404621.328039 (+/- 0) us 
Consensus latency = 9144.619561000001 (+/- 6806) us 
Pre-consensus latency = 0.0 (+/- 0) us 
Pos-consensus latency = 8398356.602545999 (+/- 0) us 
Propose latency = 4894.277444 (+/- 5067) us 
Write latency = 2594.4225460000002 (+/- 4565) us 
Accept latency = 1655.919571 (+/- 228) us 
Batch average size = NaN (+/- 0) requests
StandardSMMessage ByteCount = 324
ConsensusMessage ByteCount = 140169
TOMMessage ByteCount = 14980945
LCMessage ByteCount = 10
--- Measurements after 52000 ops (1000 samples) ---
Throughput = 4716.981 operations/sec (Maximum observed: 4901.961 ops/sec)
Total latency = 8579531.553745 (+/- 0) us 
Consensus latency = 18124.919987 (+/- 4888) us 
Pre-consensus latency = 0.0 (+/- 0) us 
Pos-consensus latency = 8563533.896675 (+/- 0) us 
Propose latency = 7083.3046890000005 (+/- 1917) us 
Write latency = 9128.104174 (+/- 6820) us 
Accept latency = 1913.511124 (+/- 13) us 
Batch average size = NaN (+/- 0) requests
StandardSMMessage ByteCount = 324
ConsensusMessage ByteCount = 140169
TOMMessage ByteCount = 14980945
LCMessage ByteCount = 10
--- Measurements after 53000 ops (1000 samples) ---
Throughput = 7751.938 operations/sec (Maximum observed: 7751.938 ops/sec)
Total latency = 8732615.771526 (+/- 0) us 
Consensus latency = 10180.408300000001 (+/- 2102) us 
Pre-consensus latency = 0.0 (+/- 0) us 
Pos-consensus latency = 8724460.866486 (+/- 0) us 
Propose latency = 7165.27904 (+/- 2451) us 
Write latency = 1061.31907 (+/- 323) us 
Accept latency = 1953.81019 (+/- 25) us 
Batch average size = NaN (+/- 0) requests
StandardSMMessage ByteCount = 324
ConsensusMessage ByteCount = 140169
TOMMessage ByteCount = 14980945
LCMessage ByteCount = 10
--- Measurements after 54000 ops (1000 samples) ---
Throughput = 8474.576 operations/sec (Maximum observed: 8474.576 ops/sec)
Total latency = 8829728.518103 (+/- 0) us 
Consensus latency = 5973.700522 (+/- 702) us 
Pre-consensus latency = 0.0 (+/- 0) us 
Pos-consensus latency = 8824826.391110001 (+/- 0) us 
Propose latency = 2430.370793 (+/- 879) us 
Write latency = 1654.853676 (+/- 570) us 
Accept latency = 1888.476053 (+/- 65) us 
Batch average size = NaN (+/- 0) requests
StandardSMMessage ByteCount = 324
ConsensusMessage ByteCount = 140169
TOMMessage ByteCount = 14980945
LCMessage ByteCount = 10
--- Measurements after 55000 ops (1000 samples) ---
Throughput = 9009.009 operations/sec (Maximum observed: 9009.009 ops/sec)
Total latency = 8915009.757128 (+/- 0) us 
Consensus latency = 4616.142791 (+/- 836) us 
Pre-consensus latency = 0.0 (+/- 0) us 
Pos-consensus latency = 8911294.139795 (+/- 0) us 
Propose latency = 1520.779319 (+/- 113) us 
Write latency = 1433.030749 (+/- 613) us 
Accept latency = 1662.332723 (+/- 158) us 
Batch average size = NaN (+/- 0) requests
StandardSMMessage ByteCount = 324
ConsensusMessage ByteCount = 140169
TOMMessage ByteCount = 14980945
LCMessage ByteCount = 10
--- Measurements after 56000 ops (1000 samples) ---
Throughput = 8547.009 operations/sec (Maximum observed: 9009.009 ops/sec)
Total latency = 9005144.904375 (+/- 0) us 
Consensus latency = 3844.032336 (+/- 92) us 
Pre-consensus latency = 0.0 (+/- 0) us 
Pos-consensus latency = 9002017.669415 (+/- 0) us 
Propose latency = 1253.0399320000001 (+/- 217) us 
Write latency = 943.769578 (+/- 415) us 
Accept latency = 1647.222826 (+/- 153) us 
Batch average size = NaN (+/- 0) requests
StandardSMMessage ByteCount = 324
ConsensusMessage ByteCount = 140169
TOMMessage ByteCount = 14980945
LCMessage ByteCount = 10
--- Measurements after 57000 ops (1000 samples) ---
Throughput = 9090.909 operations/sec (Maximum observed: 9090.909 ops/sec)
Total latency = 9086781.885174 (+/- 0) us 
Consensus latency = 4405.577774 (+/- 355) us 
Pre-consensus latency = 0.0 (+/- 0) us 
Pos-consensus latency = 9083327.103231002 (+/- 0) us 
Propose latency = 1685.8069850000002 (+/- 333) us 
Write latency = 987.491758 (+/- 411) us 
Accept latency = 1732.279031 (+/- 158) us 
Batch average size = NaN (+/- 0) requests
StandardSMMessage ByteCount = 324
ConsensusMessage ByteCount = 140169
TOMMessage ByteCount = 14980945
LCMessage ByteCount = 10
--- Measurements after 58000 ops (1000 samples) ---
Throughput = 8547.009 operations/sec (Maximum observed: 9090.909 ops/sec)
Total latency = 9175795.811541 (+/- 0) us 
Consensus latency = 4397.093769 (+/- 288) us 
Pre-consensus latency = 0.0 (+/- 0) us 
Pos-consensus latency = 9172201.960264 (+/- 0) us 
Propose latency = 1564.613226 (+/- 201) us 
Write latency = 1351.253512 (+/- 482) us 
Accept latency = 1481.227031 (+/- 193) us 
Batch average size = NaN (+/- 0) requests
StandardSMMessage ByteCount = 324
ConsensusMessage ByteCount = 140169
TOMMessage ByteCount = 14980945
LCMessage ByteCount = 10
--- Measurements after 59000 ops (1000 samples) ---
Throughput = 9009.009 operations/sec (Maximum observed: 9090.909 ops/sec)
Total latency = 9259259.048878001 (+/- 0) us 
Consensus latency = 4168.135165 (+/- 732) us 
Pre-consensus latency = 0.0 (+/- 0) us 
Pos-consensus latency = 9255970.769773 (+/- 0) us 
Propose latency = 1480.790252 (+/- 285) us 
Write latency = 928.033635 (+/- 540) us 
Accept latency = 1759.311278 (+/- 128) us 
Batch average size = NaN (+/- 0) requests
StandardSMMessage ByteCount = 324
ConsensusMessage ByteCount = 140169
TOMMessage ByteCount = 14980945
LCMessage ByteCount = 10
--- Measurements after 60000 ops (1000 samples) ---
Throughput = 8547.009 operations/sec (Maximum observed: 9090.909 ops/sec)
Total latency = 9346111.755547 (+/- 0) us 
Consensus latency = 8994.899343000001 (+/- 5639) us 
Pre-consensus latency = 0.0 (+/- 0) us 
Pos-consensus latency = 9338109.315188998 (+/- 0) us 
Propose latency = 2684.0745589999997 (+/- 2172) us 
Write latency = 3575.6423050000003 (+/- 3467) us 
Accept latency = 2735.1824789999996 (+/- 2745) us 
Batch average size = NaN (+/- 0) requests
StandardSMMessage ByteCount = 324
ConsensusMessage ByteCount = 140169
TOMMessage ByteCount = 14980945
LCMessage ByteCount = 10
--- Measurements after 61000 ops (1000 samples) ---
Throughput = 9090.909 operations/sec (Maximum observed: 9090.909 ops/sec)
Total latency = 9421309.556002 (+/- 0) us 
Consensus latency = 11518.514471999999 (+/- 4256) us 
Pre-consensus latency = 0.0 (+/- 0) us 
Pos-consensus latency = 9411688.930624 (+/- 0) us 
Propose latency = 5534.524106 (+/- 1622) us 
Write latency = 2461.428657 (+/- 1317) us 
Accept latency = 3522.5617089999996 (+/- 2705) us 
Batch average size = NaN (+/- 0) requests
StandardSMMessage ByteCount = 324
ConsensusMessage ByteCount = 140169
TOMMessage ByteCount = 14980945
LCMessage ByteCount = 10
--- Measurements after 62000 ops (1000 samples) ---
Throughput = 8547.009 operations/sec (Maximum observed: 9090.909 ops/sec)
Total latency = 9513250.128213 (+/- 0) us 
Consensus latency = 8384.514082 (+/- 1058) us 
Pre-consensus latency = 0.0 (+/- 0) us 
Pos-consensus latency = 9506496.556281 (+/- 0) us 
Propose latency = 6376.605808 (+/- 1244) us 
Write latency = 232.71031 (+/- 203) us 
Accept latency = 1775.197964 (+/- 35) us 
Batch average size = NaN (+/- 0) requests
StandardSMMessage ByteCount = 324
ConsensusMessage ByteCount = 140169
TOMMessage ByteCount = 14980945
LCMessage ByteCount = 10
--- Measurements after 63000 ops (1000 samples) ---
Throughput = 9090.909 operations/sec (Maximum observed: 9090.909 ops/sec)
Total latency = 9599483.449372 (+/- 0) us 
Consensus latency = 5160.766235 (+/- 638) us 
Pre-consensus latency = 0.0 (+/- 0) us 
Pos-consensus latency = 9595389.153892 (+/- 0) us 
Propose latency = 2391.213209 (+/- 575) us 
Write latency = 893.553353 (+/- 387) us 
Accept latency = 1875.999673 (+/- 188) us 
Batch average size = NaN (+/- 0) requests
StandardSMMessage ByteCount = 324
ConsensusMessage ByteCount = 140169
TOMMessage ByteCount = 14980945
LCMessage ByteCount = 10
--- Measurements after 64000 ops (1000 samples) ---
Throughput = 8620.689 operations/sec (Maximum observed: 9090.909 ops/sec)
Total latency = 9688596.640240999 (+/- 0) us 
Consensus latency = 4061.760496 (+/- 356) us 
Pre-consensus latency = 0.0 (+/- 0) us 
Pos-consensus latency = 9685545.322207 (+/- 0) us 
Propose latency = 2138.3182269999998 (+/- 370) us 
Write latency = 312.870476 (+/- 199) us 
Accept latency = 1610.571793 (+/- 109) us 
Batch average size = NaN (+/- 0) requests
StandardSMMessage ByteCount = 324
ConsensusMessage ByteCount = 140169
TOMMessage ByteCount = 14980945
LCMessage ByteCount = 10
--- Measurements after 65000 ops (1000 samples) ---
Throughput = 9009.009 operations/sec (Maximum observed: 9090.909 ops/sec)
Total latency = 9772256.090697 (+/- 0) us 
Consensus latency = 4612.076623 (+/- 844) us 
Pre-consensus latency = 0.0 (+/- 0) us 
Pos-consensus latency = 9768613.943136 (+/- 0) us 
Propose latency = 1641.36086 (+/- 522) us 
Write latency = 1394.029546 (+/- 790) us 
Accept latency = 1576.686217 (+/- 238) us 
Batch average size = NaN (+/- 0) requests
StandardSMMessage ByteCount = 324
ConsensusMessage ByteCount = 140169
TOMMessage ByteCount = 14980945
LCMessage ByteCount = 10
--- Measurements after 66000 ops (1000 samples) ---
Throughput = 3546.0994 operations/sec (Maximum observed: 9090.909 ops/sec)
Total latency = 9950904.241124 (+/- 0) us 
Consensus latency = 23067.775173 (+/- 10351) us 
Pre-consensus latency = 0.0 (+/- 0) us 
Pos-consensus latency = 9946647.338769 (+/- 0) us 
Propose latency = 20823.233712999998 (+/- 10957) us 
Write latency = 418.188374 (+/- 584) us 
Accept latency = 1826.3530859999998 (+/- 669) us 
Batch average size = 134787.0 (+/- 0) requests
StandardSMMessage ByteCount = 324
ConsensusMessage ByteCount = 140169
TOMMessage ByteCount = 22204863
LCMessage ByteCount = 10
--- Measurements after 67000 ops (1000 samples) ---
Throughput = 6756.757 operations/sec (Maximum observed: 9090.909 ops/sec)
Total latency = 1.0099156089135E7 (+/- 0) us 
Consensus latency = 28237.977868 (+/- 3256) us 
Pre-consensus latency = 0.0 (+/- 0) us 
Pos-consensus latency = 1.0085375149123E7 (+/- 0) us 
Propose latency = 18884.422348 (+/- 10977) us 
Write latency = 7590.758264 (+/- 7362) us 
Accept latency = 1762.797256 (+/- 359) us 
Batch average size = NaN (+/- 0) requests
StandardSMMessage ByteCount = 324
ConsensusMessage ByteCount = 140169
TOMMessage ByteCount = 23919731
LCMessage ByteCount = 10
--- Measurements after 68000 ops (1000 samples) ---
Throughput = 6493.5063 operations/sec (Maximum observed: 9090.909 ops/sec)
Total latency = 1.0232976014533E7 (+/- 0) us 
Consensus latency = 19562.12282 (+/- 5654) us 
Pre-consensus latency = 0.0 (+/- 0) us 
Pos-consensus latency = 1.0215398285341E7 (+/- 0) us 
Propose latency = 8517.743456 (+/- 445) us 
Write latency = 9181.624768 (+/- 5838) us 
Accept latency = 1862.754596 (+/- 261) us 
Batch average size = NaN (+/- 0) requests
StandardSMMessage ByteCount = 324
ConsensusMessage ByteCount = 140169
TOMMessage ByteCount = 25432842
LCMessage ByteCount = 10
--- Measurements after 69000 ops (1000 samples) ---
Throughput = 6451.613 operations/sec (Maximum observed: 9090.909 ops/sec)
Total latency = 1.0358154750952E7 (+/- 0) us 
Consensus latency = 18136.15238 (+/- 4779) us 
Pre-consensus latency = 0.0 (+/- 0) us 
Pos-consensus latency = 1.0341693229572E7 (+/- 0) us 
Propose latency = 7833.83248 (+/- 1240) us 
Write latency = 8464.179619999999 (+/- 5753) us 
Accept latency = 1838.14028 (+/- 266) us 
Batch average size = NaN (+/- 0) requests
StandardSMMessage ByteCount = 324
ConsensusMessage ByteCount = 140169
TOMMessage ByteCount = 26819085
LCMessage ByteCount = 10
--- Measurements after 70000 ops (1000 samples) ---
Throughput = 6756.757 operations/sec (Maximum observed: 9090.909 ops/sec)
Total latency = 1.0490334385002E7 (+/- 0) us 
Consensus latency = 18104.809716 (+/- 5806) us 
Pre-consensus latency = 0.0 (+/- 0) us 
Pos-consensus latency = 1.047384225858E7 (+/- 0) us 
Propose latency = 6669.073364 (+/- 198) us 
Write latency = 9588.765153999999 (+/- 5693) us 
Accept latency = 1846.9711980000002 (+/- 311) us 
Batch average size = NaN (+/- 0) requests
StandardSMMessage ByteCount = 324
ConsensusMessage ByteCount = 140169
TOMMessage ByteCount = 28120054
LCMessage ByteCount = 10
--- Measurements after 71000 ops (1000 samples) ---
Throughput = 6410.2563 operations/sec (Maximum observed: 9090.909 ops/sec)
Total latency = 1.0617523480132999E7 (+/- 0) us 
Consensus latency = 9898.82977 (+/- 1876) us 
Pre-consensus latency = 0.0 (+/- 0) us 
Pos-consensus latency = 1.0608995867858998E7 (+/- 0) us 
Propose latency = 6519.550626 (+/- 400) us 
Write latency = 1785.0473100000002 (+/- 1577) us 
Accept latency = 1594.231834 (+/- 101) us 
Batch average size = NaN (+/- 0) requests
StandardSMMessage ByteCount = 324
ConsensusMessage ByteCount = 140169
TOMMessage ByteCount = 29343017
LCMessage ByteCount = 10
--- Measurements after 72000 ops (1000 samples) ---
Throughput = 6756.757 operations/sec (Maximum observed: 9090.909 ops/sec)
Total latency = 1.0749725175139E7 (+/- 0) us 
Consensus latency = 5945.494431 (+/- 1050) us 
Pre-consensus latency = 0.0 (+/- 0) us 
Pos-consensus latency = 1.0744502212358E7 (+/- 0) us 
Propose latency = 3151.8224870000004 (+/- 1524) us 
Write latency = 1093.598828 (+/- 548) us 
Accept latency = 1700.073116 (+/- 45) us 
Batch average size = NaN (+/- 0) requests
StandardSMMessage ByteCount = 324
ConsensusMessage ByteCount = 140169
TOMMessage ByteCount = 30497346
LCMessage ByteCount = 10
--- Measurements after 73000 ops (1000 samples) ---
Throughput = 5813.9536 operations/sec (Maximum observed: 9090.909 ops/sec)
Total latency = 1.0877197517042E7 (+/- 0) us 
Consensus latency = 5154.319892 (+/- 257) us 
Pre-consensus latency = 0.0 (+/- 0) us 
Pos-consensus latency = 1.0872571031702999E7 (+/- 0) us 
Propose latency = 1049.102175 (+/- 149) us 
Write latency = 2085.821429 (+/- 379) us 
Accept latency = 2019.396288 (+/- 167) us 
Batch average size = NaN (+/- 0) requests
StandardSMMessage ByteCount = 324
ConsensusMessage ByteCount = 140169
TOMMessage ByteCount = 31692241
LCMessage ByteCount = 10
--- Measurements after 74000 ops (1000 samples) ---
Throughput = 4878.049 operations/sec (Maximum observed: 9090.909 ops/sec)
Total latency = 1.1045461995556E7 (+/- 0) us 
Consensus latency = 4425.550784 (+/- 227) us 
Pre-consensus latency = 0.0 (+/- 0) us 
Pos-consensus latency = 1.1041667426777E7 (+/- 0) us 
Propose latency = 1196.321301 (+/- 91) us 
Write latency = 1436.796573 (+/- 400) us 
Accept latency = 1792.43291 (+/- 212) us 
Batch average size = NaN (+/- 0) requests
StandardSMMessage ByteCount = 324
ConsensusMessage ByteCount = 140169
TOMMessage ByteCount = 33119038
LCMessage ByteCount = 10
--- Measurements after 75000 ops (1000 samples) ---
Throughput = 4629.6294 operations/sec (Maximum observed: 9090.909 ops/sec)
Total latency = 1.1225920082515E7 (+/- 0) us 
Consensus latency = 5521.354423999999 (+/- 1775) us 
Pre-consensus latency = 0.0 (+/- 0) us 
Pos-consensus latency = 1.122117772944E7 (+/- 0) us 
Propose latency = 2050.952355 (+/- 1033) us 
Write latency = 1696.931977 (+/- 1985) us 
Accept latency = 1773.470092 (+/- 200) us 
Batch average size = NaN (+/- 0) requests
StandardSMMessage ByteCount = 324
ConsensusMessage ByteCount = 140169
TOMMessage ByteCount = 34439762
LCMessage ByteCount = 10
--- Measurements after 76000 ops (1000 samples) ---
Throughput = 4878.049 operations/sec (Maximum observed: 9090.909 ops/sec)
Total latency = 1.1407184620323E7 (+/- 0) us 
Consensus latency = 7566.6263770000005 (+/- 1230) us 
Pre-consensus latency = 0.0 (+/- 0) us 
Pos-consensus latency = 1.1400748605311E7 (+/- 0) us 
Propose latency = 3536.005475 (+/- 600) us 
Write latency = 2075.250834 (+/- 1836) us 
Accept latency = 1955.370068 (+/- 323) us 
Batch average size = NaN (+/- 0) requests
StandardSMMessage ByteCount = 324
ConsensusMessage ByteCount = 140169
TOMMessage ByteCount = 35687691
LCMessage ByteCount = 10
--- Measurements after 77000 ops (1000 samples) ---
Throughput = 4629.6294 operations/sec (Maximum observed: 9090.909 ops/sec)
Total latency = 1.1576749860956E7 (+/- 0) us 
Consensus latency = 58852.4006 (+/- 35676) us 
Pre-consensus latency = 0.0 (+/- 0) us 
Pos-consensus latency = 1.152314369726E7 (+/- 0) us 
Propose latency = 9265.39256 (+/- 5319) us 
Write latency = 45320.580571000006 (+/- 33022) us 
Accept latency = 4266.427468999999 (+/- 2935) us 
Batch average size = NaN (+/- 0) requests
StandardSMMessage ByteCount = 324
ConsensusMessage ByteCount = 140169
TOMMessage ByteCount = 36850352
LCMessage ByteCount = 10
--- Measurements after 78000 ops (1000 samples) ---
Throughput = 4878.049 operations/sec (Maximum observed: 9090.909 ops/sec)
Total latency = 1.1694557024541E7 (+/- 0) us 
Consensus latency = 57292.782527 (+/- 13214) us 
Pre-consensus latency = 0.0 (+/- 0) us 
Pos-consensus latency = 1.1640134590888001E7 (+/- 0) us 
Propose latency = 8083.471437 (+/- 764) us 
Write latency = 47343.828714 (+/- 14115) us 
Accept latency = 1865.482376 (+/- 135) us 
Batch average size = NaN (+/- 0) requests
StandardSMMessage ByteCount = 324
ConsensusMessage ByteCount = 140169
TOMMessage ByteCount = 37963086
LCMessage ByteCount = 10
--- Measurements after 79000 ops (1000 samples) ---
Throughput = 4587.156 operations/sec (Maximum observed: 9090.909 ops/sec)
Total latency = 1.1847209115632E7 (+/- 0) us 
Consensus latency = 13370.861255000002 (+/- 77) us 
Pre-consensus latency = 0.0 (+/- 0) us 
Pos-consensus latency = 1.1836801029924E7 (+/- 0) us 
Propose latency = 10619.681919999999 (+/- 20) us 
Write latency = 436.112635 (+/- 57) us 
Accept latency = 2315.0667000000003 (+/- 1) us 
Batch average size = NaN (+/- 0) requests
StandardSMMessage ByteCount = 324
ConsensusMessage ByteCount = 140169
TOMMessage ByteCount = 39252479
LCMessage ByteCount = 10
--- Measurements after 80000 ops (1000 samples) ---
Throughput = 3984.0637 operations/sec (Maximum observed: 9090.909 ops/sec)
Total latency = 1.2064168514935E7 (+/- 0) us 
Consensus latency = 13024.085555 (+/- 202) us 
Pre-consensus latency = 0.0 (+/- 0) us 
Pos-consensus latency = 1.2054351220940001E7 (+/- 0) us 
Propose latency = 10515.954585000001 (+/- 109) us 
Write latency = 206.988075 (+/- 11) us 
Accept latency = 2301.142895 (+/- 104) us 
Batch average size = NaN (+/- 0) requests
StandardSMMessage ByteCount = 324
ConsensusMessage ByteCount = 140169
TOMMessage ByteCount = 42387836
LCMessage ByteCount = 10
--- Measurements after 81000 ops (1000 samples) ---
Throughput = 3278.6885 operations/sec (Maximum observed: 9090.909 ops/sec)
Total latency = 1.2316855857379E7 (+/- 0) us 
Consensus latency = 11960.310193 (+/- 9) us 
Pre-consensus latency = 0.0 (+/- 0) us 
Pos-consensus latency = 1.2307613254485E7 (+/- 0) us 
Propose latency = 9938.420946 (+/- 36) us 
Write latency = 266.063006 (+/- 7) us 
Accept latency = 1755.826241 (+/- 19) us 
Batch average size = NaN (+/- 0) requests
StandardSMMessage ByteCount = 324
ConsensusMessage ByteCount = 140169
TOMMessage ByteCount = 45425500
LCMessage ByteCount = 10
--- Measurements after 82000 ops (1000 samples) ---
Throughput = 3355.7046 operations/sec (Maximum observed: 9090.909 ops/sec)
Total latency = 1.2605053659256E7 (+/- 0) us 
Consensus latency = 11870.868 (+/- 0) us 
Pre-consensus latency = 0.0 (+/- 0) us 
Pos-consensus latency = 1.2596521797256E7 (+/- 0) us 
Propose latency = 9590.378 (+/- 0) us 
Write latency = 341.767 (+/- 0) us 
Accept latency = 1938.723 (+/- 0) us 
Batch average size = NaN (+/- 0) requests
StandardSMMessage ByteCount = 324
ConsensusMessage ByteCount = 140169
TOMMessage ByteCount = 47963993
LCMessage ByteCount = 10
--- Measurements after 83000 ops (1000 samples) ---
Throughput = 3289.4736 operations/sec (Maximum observed: 9090.909 ops/sec)
Total latency = 1.2886992260072E7 (+/- 0) us 
Consensus latency = 12413.050788 (+/- 62) us 
Pre-consensus latency = 0.0 (+/- 0) us 
Pos-consensus latency = 1.2877296389492001E7 (+/- 0) us 
Propose latency = 9074.679382999999 (+/- 59) us 
Write latency = 1440.9583030000001 (+/- 126) us 
Accept latency = 1897.413102 (+/- 4) us 
Batch average size = NaN (+/- 0) requests
StandardSMMessage ByteCount = 324
ConsensusMessage ByteCount = 140169
TOMMessage ByteCount = 50251862
LCMessage ByteCount = 10
--- Measurements after 84000 ops (1000 samples) ---
Throughput = 3472.2222 operations/sec (Maximum observed: 9090.909 ops/sec)
Total latency = 1.3165806598093001E7 (+/- 0) us 
Consensus latency = 21781.392699 (+/- 1835) us 
Pre-consensus latency = 0.0 (+/- 0) us 
Pos-consensus latency = 1.3146961985340001E7 (+/- 0) us 
Propose latency = 18440.587845 (+/- 1838) us 
Write latency = 528.7439889999999 (+/- 181) us 
Accept latency = 2812.0608650000004 (+/- 179) us 
Batch average size = NaN (+/- 0) requests
StandardSMMessage ByteCount = 324
ConsensusMessage ByteCount = 140169
TOMMessage ByteCount = 52203829
LCMessage ByteCount = 10
--- Measurements after 85000 ops (1000 samples) ---
Throughput = 3610.1084 operations/sec (Maximum observed: 9090.909 ops/sec)
Total latency = 1.3284345110087E7 (+/- 0) us 
Consensus latency = 148679.447679 (+/- 0) us 
Pre-consensus latency = 0.0 (+/- 0) us 
Pos-consensus latency = 1.3273340083463E7 (+/- 0) us 
Propose latency = 146154.570497 (+/- 0) us 
Write latency = 276.259109 (+/- 55) us 
Accept latency = 2248.6180729999996 (+/- 152) us 
Batch average size = NaN (+/- 0) requests
StandardSMMessage ByteCount = 324
ConsensusMessage ByteCount = 140169
TOMMessage ByteCount = 53895810
LCMessage ByteCount = 10
--- Measurements after 86000 ops (1000 samples) ---
Throughput = 3831.4177 operations/sec (Maximum observed: 9090.909 ops/sec)
Total latency = 1.3532164117628E7 (+/- 0) us 
Consensus latency = 25467.756245 (+/- 40079) us 
Pre-consensus latency = 0.0 (+/- 0) us 
Pos-consensus latency = 1.3521593308463E7 (+/- 0) us 
Propose latency = 21735.74378 (+/- 40463) us 
Write latency = 1930.100625 (+/- 508) us 
Accept latency = 1801.91184 (+/- 124) us 
Batch average size = NaN (+/- 0) requests
StandardSMMessage ByteCount = 324
ConsensusMessage ByteCount = 140169
TOMMessage ByteCount = 55382928
LCMessage ByteCount = 10
--- Measurements after 87000 ops (1000 samples) ---
Throughput = 3597.1223 operations/sec (Maximum observed: 9090.909 ops/sec)
Total latency = 1.3785645697134001E7 (+/- 0) us 
Consensus latency = 13155.438785 (+/- 35) us 
Pre-consensus latency = 0.0 (+/- 0) us 
Pos-consensus latency = 1.3775278097486E7 (+/- 0) us 
Propose latency = 8727.326378 (+/- 238) us 
Write latency = 2637.102363 (+/- 193) us 
Accept latency = 1791.010044 (+/- 9) us 
Batch average size = NaN (+/- 0) requests
StandardSMMessage ByteCount = 324
ConsensusMessage ByteCount = 140169
TOMMessage ByteCount = 56916846
LCMessage ByteCount = 10
--- Measurements after 88000 ops (1000 samples) ---
Throughput = 3952.569 operations/sec (Maximum observed: 9090.909 ops/sec)
Total latency = 1.4030206418303E7 (+/- 0) us 
Consensus latency = 12186.182387 (+/- 374) us 
Pre-consensus latency = 0.0 (+/- 0) us 
Pos-consensus latency = 1.4021041914469E7 (+/- 0) us 
Propose latency = 9465.676674 (+/- 322) us 
Write latency = 934.0774769999999 (+/- 693) us 
Accept latency = 1786.428236 (+/- 3) us 
Batch average size = NaN (+/- 0) requests
StandardSMMessage ByteCount = 324
ConsensusMessage ByteCount = 140169
TOMMessage ByteCount = 57978625
LCMessage ByteCount = 10
--- Measurements after 89000 ops (1000 samples) ---
Throughput = 4484.305 operations/sec (Maximum observed: 9090.909 ops/sec)
Total latency = 1.4253255941852E7 (+/- 0) us 
Consensus latency = 11979.842603000001 (+/- 25) us 
Pre-consensus latency = 0.0 (+/- 0) us 
Pos-consensus latency = 1.4244010689438999E7 (+/- 0) us 
Propose latency = 9962.485870999999 (+/- 160) us 
Write latency = 250.076772 (+/- 178) us 
Accept latency = 1767.27996 (+/- 7) us 
Batch average size = NaN (+/- 0) requests
StandardSMMessage ByteCount = 324
ConsensusMessage ByteCount = 140169
TOMMessage ByteCount = 57996303
LCMessage ByteCount = 10
--- Measurements after 90000 ops (1000 samples) ---
Throughput = 4464.2856 operations/sec (Maximum observed: 9090.909 ops/sec)
Total latency = 1.4459613174409E7 (+/- 0) us 
Consensus latency = 13608.521592000001 (+/- 771) us 
Pre-consensus latency = 0.0 (+/- 0) us 
Pos-consensus latency = 1.4450415366334999E7 (+/- 0) us 
Propose latency = 11734.381601 (+/- 800) us 
Write latency = 156.75213200000002 (+/- 7) us 
Accept latency = 1717.387859 (+/- 21) us 
Batch average size = NaN (+/- 0) requests
StandardSMMessage ByteCount = 324
ConsensusMessage ByteCount = 140169
TOMMessage ByteCount = 58004623
LCMessage ByteCount = 10
--- Measurements after 91000 ops (1000 samples) ---
Throughput = 3460.2075 operations/sec (Maximum observed: 9090.909 ops/sec)
Total latency = 1.4690227336354999E7 (+/- 0) us 
Consensus latency = 12728.50867 (+/- 631) us 
Pre-consensus latency = 0.0 (+/- 0) us 
Pos-consensus latency = 1.468076036301E7 (+/- 0) us 
Propose latency = 9619.826154999999 (+/- 1265) us 
Write latency = 1587.80411 (+/- 728) us 
Accept latency = 1520.878405 (+/- 94) us 
Batch average size = NaN (+/- 0) requests
StandardSMMessage ByteCount = 324
ConsensusMessage ByteCount = 140169
TOMMessage ByteCount = 58011903
LCMessage ByteCount = 10
--- Measurements after 92000 ops (1000 samples) ---
Throughput = 3802.2812 operations/sec (Maximum observed: 9090.909 ops/sec)
Total latency = 1.4960795088147E7 (+/- 0) us 
Consensus latency = 12439.182002 (+/- 16) us 
Pre-consensus latency = 0.0 (+/- 0) us 
Pos-consensus latency = 1.4951592982862E7 (+/- 0) us 
Propose latency = 9910.351816 (+/- 508) us 
Write latency = 809.174086 (+/- 626) us 
Accept latency = 1719.6561000000002 (+/- 134) us 
Batch average size = NaN (+/- 0) requests
StandardSMMessage ByteCount = 324
ConsensusMessage ByteCount = 140169
TOMMessage ByteCount = 58016063
LCMessage ByteCount = 10
--- Measurements after 93000 ops (1000 samples) ---
Throughput = 4347.826 operations/sec (Maximum observed: 9090.909 ops/sec)
Total latency = 1.5188037316370001E7 (+/- 0) us 
Consensus latency = 11866.901344 (+/- 338) us 
Pre-consensus latency = 0.0 (+/- 0) us 
Pos-consensus latency = 1.5179175095393E7 (+/- 0) us 
Propose latency = 9737.573853 (+/- 261) us 
Write latency = 250.689832 (+/- 126) us 
Accept latency = 1878.637659 (+/- 49) us 
Batch average size = NaN (+/- 0) requests
StandardSMMessage ByteCount = 324
ConsensusMessage ByteCount = 140169
TOMMessage ByteCount = 58017103
LCMessage ByteCount = 10
--- Measurements after 94000 ops (1000 samples) ---
Throughput = 5847.953 operations/sec (Maximum observed: 9090.909 ops/sec)
Total latency = 1.5371107667212E7 (+/- 0) us 
Consensus latency = 12300.247324999998 (+/- 390) us 
Pre-consensus latency = 0.0 (+/- 0) us 
Pos-consensus latency = 1.5361569932171E7 (+/- 0) us 
Propose latency = 9354.085468000001 (+/- 143) us 
Write latency = 974.938974 (+/- 494) us 
Accept latency = 1971.222883 (+/- 39) us 
Batch average size = NaN (+/- 0) requests
StandardSMMessage ByteCount = 324
ConsensusMessage ByteCount = 140169
TOMMessage ByteCount = 58017103
LCMessage ByteCount = 10
--- Measurements after 95000 ops (1000 samples) ---
Throughput = 6578.9473 operations/sec (Maximum observed: 9090.909 ops/sec)
Total latency = 1.5507332117297001E7 (+/- 0) us 
Consensus latency = 18508.922143 (+/- 3917) us 
Pre-consensus latency = 0.0 (+/- 0) us 
Pos-consensus latency = 1.5491683216708E7 (+/- 0) us 
Propose latency = 13714.299627 (+/- 2920) us 
Write latency = 534.078612 (+/- 490) us 
Accept latency = 4260.543904 (+/- 1487) us 
Batch average size = NaN (+/- 0) requests
StandardSMMessage ByteCount = 324
ConsensusMessage ByteCount = 140169
TOMMessage ByteCount = 58019183
LCMessage ByteCount = 10
--- Measurements after 96000 ops (1000 samples) ---
Throughput = 5917.1597 operations/sec (Maximum observed: 9090.909 ops/sec)
Total latency = 1.5648230750288E7 (+/- 0) us 
Consensus latency = 16085.452949999999 (+/- 3466) us 
Pre-consensus latency = 0.0 (+/- 0) us 
Pos-consensus latency = 1.5635016355588E7 (+/- 0) us 
Propose latency = 11281.248975 (+/- 3019) us 
Write latency = 1919.945925 (+/- 1185) us 
Accept latency = 2884.25805 (+/- 1632) us 
Batch average size = NaN (+/- 0) requests
StandardSMMessage ByteCount = 324
ConsensusMessage ByteCount = 140169
TOMMessage ByteCount = 58020223
LCMessage ByteCount = 10
--- Measurements after 97000 ops (1000 samples) ---
Throughput = 6493.5063 operations/sec (Maximum observed: 9090.909 ops/sec)
Total latency = 1.5786458479288E7 (+/- 0) us 
Consensus latency = 12130.064396 (+/- 1136) us 
Pre-consensus latency = 0.0 (+/- 0) us 
Pos-consensus latency = 1.5777118348713E7 (+/- 0) us 
Propose latency = 9348.865973 (+/- 118) us 
Write latency = 1066.467871 (+/- 1227) us 
Accept latency = 1714.730552 (+/- 27) us 
Batch average size = NaN (+/- 0) requests
StandardSMMessage ByteCount = 324
ConsensusMessage ByteCount = 140169
TOMMessage ByteCount = 58020223
LCMessage ByteCount = 10
--- Measurements after 98000 ops (1000 samples) ---
Throughput = 6578.9473 operations/sec (Maximum observed: 9090.909 ops/sec)
Total latency = 1.5921899282404E7 (+/- 0) us 
Consensus latency = 11413.854915 (+/- 89) us 
Pre-consensus latency = 0.0 (+/- 0) us 
Pos-consensus latency = 1.5913315637065E7 (+/- 0) us 
Propose latency = 9681.408759 (+/- 189) us 
Write latency = 157.433346 (+/- 8) us 
Accept latency = 1575.01281 (+/- 92) us 
Batch average size = NaN (+/- 0) requests
StandardSMMessage ByteCount = 324
ConsensusMessage ByteCount = 140169
TOMMessage ByteCount = 58020223
LCMessage ByteCount = 10
--- Measurements after 99000 ops (1000 samples) ---
Throughput = 6535.9478 operations/sec (Maximum observed: 9090.909 ops/sec)
Total latency = 1.605805088428E7 (+/- 0) us 
Consensus latency = 11916.26081 (+/- 352) us 
Pre-consensus latency = 0.0 (+/- 0) us 
Pos-consensus latency = 1.6048962781287001E7 (+/- 0) us 
Propose latency = 9523.545780999999 (+/- 246) us 
Write latency = 666.4794899999999 (+/- 418) us 
Accept latency = 1726.235539 (+/- 180) us 
Batch average size = NaN (+/- 0) requests
StandardSMMessage ByteCount = 324
ConsensusMessage ByteCount = 140169
TOMMessage ByteCount = 58020223
LCMessage ByteCount = 10
--- Measurements after 100000 ops (1000 samples) ---
Throughput = 6535.9478 operations/sec (Maximum observed: 9090.909 ops/sec)
Total latency = 1.6194600270085E7 (+/- 0) us 
Consensus latency = 43732.56454 (+/- 26900) us 
Pre-consensus latency = 0.0 (+/- 0) us 
Pos-consensus latency = 1.6153632680430999E7 (+/- 0) us 
Propose latency = 9085.470068 (+/- 202) us 
Write latency = 33536.859517000004 (+/- 27753) us 
Accept latency = 1110.2349550000001 (+/- 650) us 
Batch average size = NaN (+/- 0) requests
StandardSMMessage ByteCount = 324
ConsensusMessage ByteCount = 140169
TOMMessage ByteCount = 58023342
LCMessage ByteCount = 10
--- Measurements after 101000 ops (1000 samples) ---
Throughput = 5952.381 operations/sec (Maximum observed: 9090.909 ops/sec)
Total latency = 1.6312485963075E7 (+/- 0) us 
Consensus latency = 36566.59249 (+/- 26959) us 
Pre-consensus latency = 0.0 (+/- 0) us 
Pos-consensus latency = 1.62787540602E7 (+/- 0) us 
Propose latency = 9231.835185 (+/- 286) us 
Write latency = 26113.588190000002 (+/- 27841) us 
Accept latency = 1221.169115 (+/- 596) us 
Batch average size = NaN (+/- 0) requests
StandardSMMessage ByteCount = 324
ConsensusMessage ByteCount = 140169
TOMMessage ByteCount = 58134560
LCMessage ByteCount = 10
--- Measurements after 102000 ops (1000 samples) ---
Throughput = 6666.6665 operations/sec (Maximum observed: 9090.909 ops/sec)
Total latency = 1.6418055877851998E7 (+/- 0) us 
Consensus latency = 13126.754036 (+/- 647) us 
Pre-consensus latency = 0.0 (+/- 0) us 
Pos-consensus latency = 1.6407811261572E7 (+/- 0) us 
Propose latency = 9470.750447 (+/- 16) us 
Write latency = 1974.012389 (+/- 731) us 
Accept latency = 1681.9912 (+/- 68) us 
Batch average size = NaN (+/- 0) requests
StandardSMMessage ByteCount = 324
ConsensusMessage ByteCount = 140169
TOMMessage ByteCount = 58482846
LCMessage ByteCount = 10
--- Measurements after 103000 ops (1000 samples) ---
Throughput = 6622.5166 operations/sec (Maximum observed: 9090.909 ops/sec)
Total latency = 1.6544705056226999E7 (+/- 0) us 
Consensus latency = 12645.429136 (+/- 1074) us 
Pre-consensus latency = 0.0 (+/- 0) us 
Pos-consensus latency = 1.6534898092709E7 (+/- 0) us 
Propose latency = 9485.627165 (+/- 29) us 
Write latency = 1405.799404 (+/- 1238) us 
Accept latency = 1754.002567 (+/- 134) us 
Batch average size = NaN (+/- 0) requests
StandardSMMessage ByteCount = 324
ConsensusMessage ByteCount = 140169
TOMMessage ByteCount = 58898790
LCMessage ByteCount = 10
--- Measurements after 104000 ops (1000 samples) ---
Throughput = 6535.9478 operations/sec (Maximum observed: 9090.909 ops/sec)
Total latency = 1.6678648516605E7 (+/- 0) us 
Consensus latency = 11967.755755 (+/- 394) us 
Pre-consensus latency = 0.0 (+/- 0) us 
Pos-consensus latency = 1.6669573420854E7 (+/- 0) us 
Propose latency = 9220.312607999998 (+/- 304) us 
Write latency = 994.2231929999999 (+/- 837) us 
Accept latency = 1753.219954 (+/- 137) us 
Batch average size = NaN (+/- 0) requests
StandardSMMessage ByteCount = 324
ConsensusMessage ByteCount = 140169
TOMMessage ByteCount = 59351147
LCMessage ByteCount = 10
--- Measurements after 105000 ops (1000 samples) ---
Throughput = 5847.953 operations/sec (Maximum observed: 9090.909 ops/sec)
Total latency = 1.6825770500389E7 (+/- 0) us 
Consensus latency = 13244.045102 (+/- 942) us 
Pre-consensus latency = 0.0 (+/- 0) us 
Pos-consensus latency = 1.6815345573938E7 (+/- 0) us 
Propose latency = 9115.327788 (+/- 228) us 
Write latency = 2297.093616 (+/- 474) us 
Accept latency = 1831.623698 (+/- 240) us 
Batch average size = NaN (+/- 0) requests
StandardSMMessage ByteCount = 324
ConsensusMessage ByteCount = 140169
TOMMessage ByteCount = 59904394
LCMessage ByteCount = 10
--- Measurements after 106000 ops (1000 samples) ---
Throughput = 6622.5166 operations/sec (Maximum observed: 9090.909 ops/sec)
Total latency = 1.6968234620821E7 (+/- 0) us 
Consensus latency = 13460.7444 (+/- 919) us 
Pre-consensus latency = 0.0 (+/- 0) us 
Pos-consensus latency = 1.6957452580686E7 (+/- 0) us 
Propose latency = 9839.92035 (+/- 543) us 
Write latency = 1813.19929 (+/- 1138) us 
Accept latency = 1807.62476 (+/- 324) us 
Batch average size = NaN (+/- 0) requests
StandardSMMessage ByteCount = 324
ConsensusMessage ByteCount = 140169
TOMMessage ByteCount = 60314131
LCMessage ByteCount = 10
--- Measurements after 107000 ops (1000 samples) ---
Throughput = 6578.9473 operations/sec (Maximum observed: 9090.909 ops/sec)
Total latency = 1.7101314641769E7 (+/- 0) us 
Consensus latency = 16532.301391 (+/- 4933) us 
Pre-consensus latency = 0.0 (+/- 0) us 
Pos-consensus latency = 1.7087607028951E7 (+/- 0) us 
Propose latency = 9621.940480000001 (+/- 1002) us 
Write latency = 5983.453717 (+/- 6548) us 
Accept latency = 926.907194 (+/- 612) us 
Batch average size = NaN (+/- 0) requests
StandardSMMessage ByteCount = 324
ConsensusMessage ByteCount = 140169
TOMMessage ByteCount = 60752989
LCMessage ByteCount = 10
--- Measurements after 108000 ops (1000 samples) ---
Throughput = 6622.5166 operations/sec (Maximum observed: 9090.909 ops/sec)
Total latency = 1.7231787962289E7 (+/- 0) us 
Consensus latency = 19048.495653 (+/- 4263) us 
Pre-consensus latency = 0.0 (+/- 0) us 
Pos-consensus latency = 1.7215713177947E7 (+/- 0) us 
Propose latency = 9628.523993 (+/- 1519) us 
Write latency = 8545.758312999998 (+/- 6639) us 
Accept latency = 874.213347 (+/- 856) us 
Batch average size = NaN (+/- 0) requests
StandardSMMessage ByteCount = 324
ConsensusMessage ByteCount = 140169
TOMMessage ByteCount = 61166882
LCMessage ByteCount = 10
--- Measurements after 109000 ops (1000 samples) ---
Throughput = 6666.6665 operations/sec (Maximum observed: 9090.909 ops/sec)
Total latency = 1.7358874450723E7 (+/- 0) us 
Consensus latency = 13055.363263000001 (+/- 834) us 
Pre-consensus latency = 0.0 (+/- 0) us 
Pos-consensus latency = 1.7348671367978E7 (+/- 0) us 
Propose latency = 10619.52204 (+/- 1219) us 
Write latency = 515.896067 (+/- 427) us 
Accept latency = 1919.945156 (+/- 41) us 
Batch average size = NaN (+/- 0) requests
StandardSMMessage ByteCount = 324
ConsensusMessage ByteCount = 140169
TOMMessage ByteCount = 61524625
LCMessage ByteCount = 10
--- Measurements after 110000 ops (1000 samples) ---
Throughput = 5882.353 operations/sec (Maximum observed: 9090.909 ops/sec)
Total latency = 1.7508239436922003E7 (+/- 0) us 
Consensus latency = 11801.42681 (+/- 208) us 
Pre-consensus latency = 0.0 (+/- 0) us 
Pos-consensus latency = 1.7498979684398998E7 (+/- 0) us 
Propose latency = 9095.369987 (+/- 126) us 
Write latency = 1030.4468980000001 (+/- 71) us 
Accept latency = 1675.609925 (+/- 264) us 
Batch average size = NaN (+/- 0) requests
StandardSMMessage ByteCount = 324
ConsensusMessage ByteCount = 140169
TOMMessage ByteCount = 61896925
LCMessage ByteCount = 10
--- Measurements after 111000 ops (1000 samples) ---
Throughput = 6622.5166 operations/sec (Maximum observed: 9090.909 ops/sec)
Total latency = 1.7647492009853E7 (+/- 0) us 
Consensus latency = 10861.248935 (+/- 956) us 
Pre-consensus latency = 0.0 (+/- 0) us 
Pos-consensus latency = 1.7639156891763E7 (+/- 0) us 
Propose latency = 8727.061314999999 (+/- 804) us 
Write latency = 695.7840699999999 (+/- 347) us 
Accept latency = 1438.40355 (+/- 194) us 
Batch average size = NaN (+/- 0) requests
StandardSMMessage ByteCount = 324
ConsensusMessage ByteCount = 140169
TOMMessage ByteCount = 62242186
LCMessage ByteCount = 10
--- Measurements after 112000 ops (1000 samples) ---
Throughput = 6666.6665 operations/sec (Maximum observed: 9090.909 ops/sec)
Total latency = 1.7777036468435E7 (+/- 0) us 
Consensus latency = 6325.424127 (+/- 1933) us 
Pre-consensus latency = 0.0 (+/- 0) us 
Pos-consensus latency = 1.777232863248E7 (+/- 0) us 
Propose latency = 4233.945543 (+/- 1979) us 
Write latency = 344.43592 (+/- 178) us 
Accept latency = 1747.042664 (+/- 64) us 
Batch average size = NaN (+/- 0) requests
StandardSMMessage ByteCount = 324
ConsensusMessage ByteCount = 140169
TOMMessage ByteCount = 62582247
LCMessage ByteCount = 10
--- Measurements after 113000 ops (1000 samples) ---
Throughput = 6666.6665 operations/sec (Maximum observed: 9090.909 ops/sec)
Total latency = 1.7904287693998E7 (+/- 0) us 
Consensus latency = 4120.7957480000005 (+/- 519) us 
Pre-consensus latency = 0.0 (+/- 0) us 
Pos-consensus latency = 1.7900902107083E7 (+/- 0) us 
Propose latency = 1394.071072 (+/- 319) us 
Write latency = 1076.9501010000001 (+/- 439) us 
Accept latency = 1649.774575 (+/- 267) us 
Batch average size = NaN (+/- 0) requests
StandardSMMessage ByteCount = 324
ConsensusMessage ByteCount = 140169
TOMMessage ByteCount = 62905666
LCMessage ByteCount = 10
--- Measurements after 114000 ops (1000 samples) ---
Throughput = 5813.9536 operations/sec (Maximum observed: 9090.909 ops/sec)
Total latency = 1.8011762712721E7 (+/- 0) us 
Consensus latency = 14939.507372 (+/- 6404) us 
Pre-consensus latency = 0.0 (+/- 0) us 
Pos-consensus latency = 1.7998857879493E7 (+/- 0) us 
Propose latency = 8074.256034 (+/- 3668) us 
Write latency = 5217.7815980000005 (+/- 9810) us 
Accept latency = 1647.46974 (+/- 67) us 
Batch average size = NaN (+/- 0) requests
StandardSMMessage ByteCount = 324
ConsensusMessage ByteCount = 140169
TOMMessage ByteCount = 63292527
LCMessage ByteCount = 10
--- Measurements after 115000 ops (1000 samples) ---
Throughput = 6622.5166 operations/sec (Maximum observed: 9090.909 ops/sec)
Total latency = 1.8159462695374E7 (+/- 0) us 
Consensus latency = 9887.880733999998 (+/- 1003) us 
Pre-consensus latency = 0.0 (+/- 0) us 
Pos-consensus latency = 1.8152064741239E7 (+/- 0) us 
Propose latency = 7837.213309999999 (+/- 1313) us 
Write latency = 386.103026 (+/- 513) us 
Accept latency = 1664.564398 (+/- 66) us 
Batch average size = NaN (+/- 0) requests
StandardSMMessage ByteCount = 324
ConsensusMessage ByteCount = 140169
TOMMessage ByteCount = 63636749
LCMessage ByteCount = 10
--- Measurements after 116000 ops (1000 samples) ---
Throughput = 6622.5166 operations/sec (Maximum observed: 9090.909 ops/sec)
Total latency = 1.8289160594917E7 (+/- 0) us 
Consensus latency = 6931.975315000001 (+/- 1147) us 
Pre-consensus latency = 0.0 (+/- 0) us 
Pos-consensus latency = 1.8283551318453E7 (+/- 0) us 
Propose latency = 3934.00487 (+/- 714) us 
Write latency = 1484.1656070000001 (+/- 663) us 
Accept latency = 1513.804838 (+/- 30) us 
Batch average size = NaN (+/- 0) requests
StandardSMMessage ByteCount = 324
ConsensusMessage ByteCount = 140169
TOMMessage ByteCount = 63926895
LCMessage ByteCount = 10
--- Measurements after 117000 ops (1000 samples) ---
Throughput = 6578.9473 operations/sec (Maximum observed: 9090.909 ops/sec)
Total latency = 1.8415905399332E7 (+/- 0) us 
Consensus latency = 4953.192523 (+/- 774) us 
Pre-consensus latency = 0.0 (+/- 0) us 
Pos-consensus latency = 1.8411849622348E7 (+/- 0) us 
Propose latency = 2022.603423 (+/- 659) us 
Write latency = 1299.817587 (+/- 1051) us 
Accept latency = 1630.7715130000001 (+/- 203) us 
Batch average size = NaN (+/- 0) requests
StandardSMMessage ByteCount = 324
ConsensusMessage ByteCount = 140169
TOMMessage ByteCount = 64289837
LCMessage ByteCount = 10
--- Measurements after 118000 ops (1000 samples) ---
Throughput = 6578.9473 operations/sec (Maximum observed: 9090.909 ops/sec)
Total latency = 1.8540635107127E7 (+/- 0) us 
Consensus latency = 4254.926048 (+/- 474) us 
Pre-consensus latency = 0.0 (+/- 0) us 
Pos-consensus latency = 1.8537489311696E7 (+/- 0) us 
Propose latency = 2027.723725 (+/- 234) us 
Write latency = 591.0429320000001 (+/- 425) us 
Accept latency = 1636.1593910000001 (+/- 99) us 
Batch average size = NaN (+/- 0) requests
StandardSMMessage ByteCount = 324
ConsensusMessage ByteCount = 140169
TOMMessage ByteCount = 64643423
LCMessage ByteCount = 10
--- Measurements after 119000 ops (1000 samples) ---
Throughput = 5813.9536 operations/sec (Maximum observed: 9090.909 ops/sec)
Total latency = 1.8668170316586E7 (+/- 0) us 
Consensus latency = 14664.159353000001 (+/- 5802) us 
Pre-consensus latency = 0.0 (+/- 0) us 
Pos-consensus latency = 1.8654831302532002E7 (+/- 0) us 
Propose latency = 10224.293939 (+/- 7621) us 
Write latency = 2812.744645 (+/- 4815) us 
Accept latency = 1627.120769 (+/- 27) us 
Batch average size = NaN (+/- 0) requests
StandardSMMessage ByteCount = 324
ConsensusMessage ByteCount = 140169
TOMMessage ByteCount = 65047958
LCMessage ByteCount = 10
--- Measurements after 120000 ops (1000 samples) ---
Throughput = 6622.5166 operations/sec (Maximum observed: 9090.909 ops/sec)
Total latency = 1.8799400506965E7 (+/- 0) us 
Consensus latency = 10837.615995999999 (+/- 2371) us 
Pre-consensus latency = 0.0 (+/- 0) us 
Pos-consensus latency = 1.8790755424245E7 (+/- 0) us 
Propose latency = 8786.086342 (+/- 2944) us 
Write latency = 475.655678 (+/- 636) us 
Accept latency = 1575.873976 (+/- 24) us 
Batch average size = NaN (+/- 0) requests
StandardSMMessage ByteCount = 324
ConsensusMessage ByteCount = 140169
TOMMessage ByteCount = 65436892
LCMessage ByteCount = 10
--- Measurements after 121000 ops (1000 samples) ---
Throughput = 6666.6665 operations/sec (Maximum observed: 9090.909 ops/sec)
Total latency = 1.8930177890859E7 (+/- 0) us 
Consensus latency = 5470.893752999999 (+/- 892) us 
Pre-consensus latency = 0.0 (+/- 0) us 
Pos-consensus latency = 1.8925921324376E7 (+/- 0) us 
Propose latency = 2589.077917 (+/- 336) us 
Write latency = 1208.5410200000001 (+/- 674) us 
Accept latency = 1673.274816 (+/- 135) us 
Batch average size = NaN (+/- 0) requests
StandardSMMessage ByteCount = 324
ConsensusMessage ByteCount = 140169
TOMMessage ByteCount = 65739515
LCMessage ByteCount = 10
--- Measurements after 122000 ops (1000 samples) ---
Throughput = 6622.5166 operations/sec (Maximum observed: 9090.909 ops/sec)
Total latency = 1.9056590786858E7 (+/- 0) us 
Consensus latency = 3896.569794 (+/- 203) us 
Pre-consensus latency = 0.0 (+/- 0) us 
Pos-consensus latency = 1.9053389428036E7 (+/- 0) us 
Propose latency = 1406.60069 (+/- 281) us 
Write latency = 768.714068 (+/- 399) us 
Accept latency = 1721.255036 (+/- 207) us 
Batch average size = NaN (+/- 0) requests
StandardSMMessage ByteCount = 324
ConsensusMessage ByteCount = 140169
TOMMessage ByteCount = 66082691
LCMessage ByteCount = 10
--- Measurements after 123000 ops (1000 samples) ---
Throughput = 6666.6665 operations/sec (Maximum observed: 9090.909 ops/sec)
Total latency = 1.9180862736153E7 (+/- 0) us 
Consensus latency = 3645.275881 (+/- 272) us 
Pre-consensus latency = 0.0 (+/- 0) us 
Pos-consensus latency = 1.9177787667566E7 (+/- 0) us 
Propose latency = 1111.811966 (+/- 222) us 
Write latency = 815.060617 (+/- 246) us 
Accept latency = 1718.403298 (+/- 67) us 
Batch average size = NaN (+/- 0) requests
StandardSMMessage ByteCount = 324
ConsensusMessage ByteCount = 140169
TOMMessage ByteCount = 66388433
LCMessage ByteCount = 10
--- Measurements after 124000 ops (1000 samples) ---
Throughput = 5291.0054 operations/sec (Maximum observed: 9090.909 ops/sec)
Total latency = 1.931416015511E7 (+/- 0) us 
Consensus latency = 6969.250782 (+/- 2063) us 
Pre-consensus latency = 0.0 (+/- 0) us 
Pos-consensus latency = 1.9308300738684E7 (+/- 0) us 
Propose latency = 2758.2766549999997 (+/- 1146) us 
Write latency = 2380.47482 (+/- 2218) us 
Accept latency = 1830.499307 (+/- 637) us 
Batch average size = NaN (+/- 0) requests
StandardSMMessage ByteCount = 324
ConsensusMessage ByteCount = 140169
TOMMessage ByteCount = 66859525
LCMessage ByteCount = 10
--- Measurements after 125000 ops (1000 samples) ---
Throughput = 4761.905 operations/sec (Maximum observed: 9090.909 ops/sec)
Total latency = 1.9493916326403E7 (+/- 0) us 
Consensus latency = 4088.073564 (+/- 694) us 
Pre-consensus latency = 0.0 (+/- 0) us 
Pos-consensus latency = 1.9490537007811002E7 (+/- 0) us 
Propose latency = 1357.897003 (+/- 372) us 
Write latency = 1005.644507 (+/- 506) us 
Accept latency = 1724.532054 (+/- 95) us 
Batch average size = NaN (+/- 0) requests
StandardSMMessage ByteCount = 324
ConsensusMessage ByteCount = 140169
TOMMessage ByteCount = 67329580
LCMessage ByteCount = 10
--- Measurements after 126000 ops (1000 samples) ---
Throughput = 4830.918 operations/sec (Maximum observed: 9090.909 ops/sec)
Total latency = 1.9676233829951998E7 (+/- 0) us 
Consensus latency = 3573.369925 (+/- 72) us 
Pre-consensus latency = 0.0 (+/- 0) us 
Pos-consensus latency = 1.9673285544299E7 (+/- 0) us 
Propose latency = 1062.176119 (+/- 129) us 
Write latency = 854.039737 (+/- 286) us 
Accept latency = 1657.154069 (+/- 181) us 
Batch average size = NaN (+/- 0) requests
StandardSMMessage ByteCount = 324
ConsensusMessage ByteCount = 140169
TOMMessage ByteCount = 67814190
LCMessage ByteCount = 10
--- Measurements after 127000 ops (1000 samples) ---
Throughput = 4784.689 operations/sec (Maximum observed: 9090.909 ops/sec)
Total latency = 1.9855291831901003E7 (+/- 0) us 
Consensus latency = 4258.375803 (+/- 321) us 
Pre-consensus latency = 0.0 (+/- 0) us 
Pos-consensus latency = 1.9851911162136003E7 (+/- 0) us 
Propose latency = 1583.284486 (+/- 275) us 
Write latency = 1012.07948 (+/- 320) us 
Accept latency = 1663.011837 (+/- 167) us 
Batch average size = NaN (+/- 0) requests
StandardSMMessage ByteCount = 324
ConsensusMessage ByteCount = 140169
TOMMessage ByteCount = 68256168
LCMessage ByteCount = 10
--- Measurements after 128000 ops (1000 samples) ---
Throughput = 4784.689 operations/sec (Maximum observed: 9090.909 ops/sec)
Total latency = 2.0037216186748E7 (+/- 0) us 
Consensus latency = 4097.962909 (+/- 488) us 
Pre-consensus latency = 0.0 (+/- 0) us 
Pos-consensus latency = 2.003379501744E7 (+/- 0) us 
Propose latency = 1252.3903910000001 (+/- 206) us 
Write latency = 1468.443065 (+/- 314) us 
Accept latency = 1377.129453 (+/- 195) us 
Batch average size = NaN (+/- 0) requests
StandardSMMessage ByteCount = 324
ConsensusMessage ByteCount = 140169
TOMMessage ByteCount = 68715819
LCMessage ByteCount = 10
--- Measurements after 129000 ops (1000 samples) ---
Throughput = 4098.361 operations/sec (Maximum observed: 9090.909 ops/sec)
Total latency = 2.0247790562503E7 (+/- 0) us 
Consensus latency = 9841.745112999999 (+/- 3029) us 
Pre-consensus latency = 0.0 (+/- 0) us 
Pos-consensus latency = 2.0239123049752E7 (+/- 0) us 
Propose latency = 3876.169065 (+/- 1827) us 
Write latency = 4363.069576000001 (+/- 3090) us 
Accept latency = 1602.506472 (+/- 60) us 
Batch average size = NaN (+/- 0) requests
StandardSMMessage ByteCount = 324
ConsensusMessage ByteCount = 140169
TOMMessage ByteCount = 69262824
LCMessage ByteCount = 10
--- Measurements after 130000 ops (1000 samples) ---
Throughput = 4761.905 operations/sec (Maximum observed: 9090.909 ops/sec)
Total latency = 2.0426559462093E7 (+/- 0) us 
Consensus latency = 10767.232385 (+/- 2727) us 
Pre-consensus latency = 0.0 (+/- 0) us 
Pos-consensus latency = 2.0420405212105E7 (+/- 0) us 
Propose latency = 8921.982448 (+/- 2688) us 
Write latency = 176.005603 (+/- 27) us 
Accept latency = 1669.244334 (+/- 52) us 
Batch average size = NaN (+/- 0) requests
StandardSMMessage ByteCount = 324
ConsensusMessage ByteCount = 140169
TOMMessage ByteCount = 69685040
LCMessage ByteCount = 10
--- Measurements after 131000 ops (1000 samples) ---
Throughput = 4784.689 operations/sec (Maximum observed: 9090.909 ops/sec)
Total latency = 2.0612643816755E7 (+/- 0) us 
Consensus latency = 5114.131106 (+/- 1671) us 
Pre-consensus latency = 0.0 (+/- 0) us 
Pos-consensus latency = 2.0608342952873003E7 (+/- 0) us 
Propose latency = 3287.095661 (+/- 1679) us 
Write latency = 150.207581 (+/- 9) us 
Accept latency = 1676.827864 (+/- 23) us 
Batch average size = NaN (+/- 0) requests
StandardSMMessage ByteCount = 324
ConsensusMessage ByteCount = 140169
TOMMessage ByteCount = 70125972
LCMessage ByteCount = 10
--- Measurements after 132000 ops (1000 samples) ---
Throughput = 4739.3364 operations/sec (Maximum observed: 9090.909 ops/sec)
Total latency = 2.0798990550414E7 (+/- 0) us 
Consensus latency = 3742.3025070000003 (+/- 325) us 
Pre-consensus latency = 0.0 (+/- 0) us 
Pos-consensus latency = 2.0795906452218E7 (+/- 0) us 
Propose latency = 1253.8671869999998 (+/- 524) us 
Write latency = 915.727907 (+/- 348) us 
Accept latency = 1572.7074129999999 (+/- 127) us 
Batch average size = NaN (+/- 0) requests
StandardSMMessage ByteCount = 324
ConsensusMessage ByteCount = 140169
TOMMessage ByteCount = 70610579
LCMessage ByteCount = 10
--- Measurements after 133000 ops (1000 samples) ---
Throughput = 3906.25 operations/sec (Maximum observed: 9090.909 ops/sec)
Total latency = 2.1002015857412E7 (+/- 0) us 
Consensus latency = 5584.612922 (+/- 2865) us 
Pre-consensus latency = 0.0 (+/- 0) us 
Pos-consensus latency = 2.0997318799905E7 (+/- 0) us 
Propose latency = 3415.624003 (+/- 3141) us 
Write latency = 614.88247 (+/- 312) us 
Accept latency = 1554.106449 (+/- 95) us 
Batch average size = NaN (+/- 0) requests
StandardSMMessage ByteCount = 324
ConsensusMessage ByteCount = 140169
TOMMessage ByteCount = 71138868
LCMessage ByteCount = 10
--- Measurements after 134000 ops (1000 samples) ---
Throughput = 4761.905 operations/sec (Maximum observed: 9090.909 ops/sec)
Total latency = 2.112373573961E7 (+/- 0) us 
Consensus latency = 11571.414482999999 (+/- 989) us 
Pre-consensus latency = 0.0 (+/- 0) us 
Pos-consensus latency = 2.1114408120235E7 (+/- 0) us 
Propose latency = 9028.443233999998 (+/- 632) us 
Write latency = 813.416765 (+/- 281) us 
Accept latency = 1729.554484 (+/- 75) us 
Batch average size = NaN (+/- 0) requests
StandardSMMessage ByteCount = 324
ConsensusMessage ByteCount = 140169
TOMMessage ByteCount = 71545484
LCMessage ByteCount = 10
--- Measurements after 135000 ops (1000 samples) ---
Throughput = 4784.689 operations/sec (Maximum observed: 9090.909 ops/sec)
Total latency = 2.1269294917809E7 (+/- 0) us 
Consensus latency = 11884.891998 (+/- 74) us 
Pre-consensus latency = 0.0 (+/- 0) us 
Pos-consensus latency = 2.1259978451108E7 (+/- 0) us 
Propose latency = 9884.768121 (+/- 283) us 
Write latency = 333.125537 (+/- 308) us 
Accept latency = 1666.99834 (+/- 49) us 
Batch average size = NaN (+/- 0) requests
StandardSMMessage ByteCount = 324
ConsensusMessage ByteCount = 140169
TOMMessage ByteCount = 71972903
LCMessage ByteCount = 10
--- Measurements after 136000 ops (1000 samples) ---
Throughput = 4761.905 operations/sec (Maximum observed: 9090.909 ops/sec)
Total latency = 2.145534732265E7 (+/- 0) us 
Consensus latency = 11282.279047 (+/- 306) us 
Pre-consensus latency = 0.0 (+/- 0) us 
Pos-consensus latency = 2.1446462642842997E7 (+/- 0) us 
Propose latency = 9519.013982 (+/- 275) us 
Write latency = 155.917317 (+/- 11) us 
Accept latency = 1607.347748 (+/- 18) us 
Batch average size = NaN (+/- 0) requests
StandardSMMessage ByteCount = 324
ConsensusMessage ByteCount = 140169
TOMMessage ByteCount = 72376397
LCMessage ByteCount = 10
--- Measurements after 137000 ops (1000 samples) ---
Throughput = 4807.6924 operations/sec (Maximum observed: 9090.909 ops/sec)
Total latency = 2.1642466610696E7 (+/- 0) us 
Consensus latency = 16719.878246 (+/- 3245) us 
Pre-consensus latency = 0.0 (+/- 0) us 
Pos-consensus latency = 2.1635156785254E7 (+/- 0) us 
Propose latency = 14827.179556 (+/- 3160) us 
Write latency = 148.98586799999998 (+/- 0) us 
Accept latency = 1743.712822 (+/- 84) us 
Batch average size = NaN (+/- 0) requests
StandardSMMessage ByteCount = 324
ConsensusMessage ByteCount = 140169
TOMMessage ByteCount = 72757012
LCMessage ByteCount = 10
--- Measurements after 138000 ops (1000 samples) ---
Throughput = 3952.569 operations/sec (Maximum observed: 9090.909 ops/sec)
Total latency = 2.1882660791151002E7 (+/- 0) us 
Consensus latency = 11255.2674 (+/- 4524) us 
Pre-consensus latency = 0.0 (+/- 0) us 
Pos-consensus latency = 2.1876487114851E7 (+/- 0) us 
Propose latency = 9411.992275 (+/- 4463) us 
Write latency = 157.855875 (+/- 5) us 
Accept latency = 1685.41925 (+/- 66) us 
Batch average size = NaN (+/- 0) requests
StandardSMMessage ByteCount = 324
ConsensusMessage ByteCount = 140169
TOMMessage ByteCount = 73208349
LCMessage ByteCount = 10
--- Measurements after 139000 ops (1000 samples) ---
Throughput = 6666.6665 operations/sec (Maximum observed: 9090.909 ops/sec)
Total latency = 2.2049443138079E7 (+/- 0) us 
Consensus latency = 10515.831738 (+/- 1336) us 
Pre-consensus latency = 0.0 (+/- 0) us 
Pos-consensus latency = 2.204139073668E7 (+/- 0) us 
Propose latency = 7264.491785 (+/- 392) us 
Write latency = 1223.727384 (+/- 694) us 
Accept latency = 2027.612569 (+/- 250) us 
Batch average size = NaN (+/- 0) requests
StandardSMMessage ByteCount = 324
ConsensusMessage ByteCount = 140169
TOMMessage ByteCount = 73513052
LCMessage ByteCount = 10
--- Measurements after 140000 ops (1000 samples) ---
Throughput = 6578.9473 operations/sec (Maximum observed: 9090.909 ops/sec)
Total latency = 2.2187004529972002E7 (+/- 0) us 
Consensus latency = 11272.504729 (+/- 80) us 
Pre-consensus latency = 0.0 (+/- 0) us 
Pos-consensus latency = 2.2178190806789003E7 (+/- 0) us 
Propose latency = 8746.277567 (+/- 847) us 
Write latency = 647.681812 (+/- 711) us 
Accept latency = 1878.54535 (+/- 215) us 
Batch average size = NaN (+/- 0) requests
StandardSMMessage ByteCount = 324
ConsensusMessage ByteCount = 140169
TOMMessage ByteCount = 73814633
LCMessage ByteCount = 10
--- Measurements after 141000 ops (1000 samples) ---
Throughput = 6578.9473 operations/sec (Maximum observed: 9090.909 ops/sec)
Total latency = 2.2323875946443E7 (+/- 0) us 
Consensus latency = 11755.672945 (+/- 392) us 
Pre-consensus latency = 0.0 (+/- 0) us 
Pos-consensus latency = 2.2314642926609002E7 (+/- 0) us 
Propose latency = 9978.10399 (+/- 471) us 
Write latency = 171.389046 (+/- 10) us 
Accept latency = 1606.179909 (+/- 89) us 
Batch average size = NaN (+/- 0) requests
StandardSMMessage ByteCount = 324
ConsensusMessage ByteCount = 140169
TOMMessage ByteCount = 74046543
LCMessage ByteCount = 10
--- Measurements after 142000 ops (1000 samples) ---
Throughput = 5464.481 operations/sec (Maximum observed: 9090.909 ops/sec)
Total latency = 2.2463114376287997E7 (+/- 0) us 
Consensus latency = 12592.038023 (+/- 422) us 
Pre-consensus latency = 0.0 (+/- 0) us 
Pos-consensus latency = 2.2453201802773997E7 (+/- 0) us 
Propose latency = 9719.556376 (+/- 462) us 
Write latency = 1128.24762 (+/- 729) us 
Accept latency = 1744.234027 (+/- 156) us 
Batch average size = NaN (+/- 0) requests
StandardSMMessage ByteCount = 324
ConsensusMessage ByteCount = 140169
TOMMessage ByteCount = 74335651
LCMessage ByteCount = 10
--- Measurements after 143000 ops (1000 samples) ---
Throughput = 4716.981 operations/sec (Maximum observed: 9090.909 ops/sec)
Total latency = 2.2655533348516E7 (+/- 0) us 
Consensus latency = 12042.86599 (+/- 706) us 
Pre-consensus latency = 0.0 (+/- 0) us 
Pos-consensus latency = 2.2646053708446E7 (+/- 0) us 
Propose latency = 9591.782905 (+/- 183) us 
Write latency = 763.591015 (+/- 747) us 
Accept latency = 1687.49207 (+/- 142) us 
Batch average size = NaN (+/- 0) requests
StandardSMMessage ByteCount = 324
ConsensusMessage ByteCount = 140169
TOMMessage ByteCount = 74733949
LCMessage ByteCount = 10
--- Measurements after 144000 ops (1000 samples) ---
Throughput = 4694.8354 operations/sec (Maximum observed: 9090.909 ops/sec)
Total latency = 2.2851926405651E7 (+/- 0) us 
Consensus latency = 11804.859742 (+/- 282) us 
Pre-consensus latency = 0.0 (+/- 0) us 
Pos-consensus latency = 2.2842677661335997E7 (+/- 0) us 
Propose latency = 9879.775134 (+/- 118) us 
Write latency = 153.74298800000003 (+/- 5) us 
Accept latency = 1771.3416200000001 (+/- 169) us 
Batch average size = NaN (+/- 0) requests
StandardSMMessage ByteCount = 324
ConsensusMessage ByteCount = 140169
TOMMessage ByteCount = 75112486
LCMessage ByteCount = 10
--- Measurements after 145000 ops (1000 samples) ---
Throughput = 4761.905 operations/sec (Maximum observed: 9090.909 ops/sec)
Total latency = 2.3047914183397997E7 (+/- 0) us 
Consensus latency = 10818.499394999999 (+/- 1094) us 
Pre-consensus latency = 0.0 (+/- 0) us 
Pos-consensus latency = 2.3039215767761003E7 (+/- 0) us 
Propose latency = 8008.303109 (+/- 1759) us 
Write latency = 953.734598 (+/- 717) us 
Accept latency = 1856.461688 (+/- 52) us 
Batch average size = NaN (+/- 0) requests
StandardSMMessage ByteCount = 324
ConsensusMessage ByteCount = 140169
TOMMessage ByteCount = 75474384
LCMessage ByteCount = 10
--- Measurements after 146000 ops (1000 samples) ---
Throughput = 4784.689 operations/sec (Maximum observed: 9090.909 ops/sec)
Total latency = 2.323543508858E7 (+/- 0) us 
Consensus latency = 5743.094749 (+/- 1275) us 
Pre-consensus latency = 0.0 (+/- 0) us 
Pos-consensus latency = 2.3231157076407E7 (+/- 0) us 
Propose latency = 3360.25321 (+/- 951) us 
Write latency = 828.668498 (+/- 415) us 
Accept latency = 1554.173041 (+/- 247) us 
Batch average size = NaN (+/- 0) requests
StandardSMMessage ByteCount = 324
ConsensusMessage ByteCount = 140169
TOMMessage ByteCount = 75835243
LCMessage ByteCount = 10
--- Measurements after 147000 ops (1000 samples) ---
Throughput = 4310.3447 operations/sec (Maximum observed: 9090.909 ops/sec)
Total latency = 2.3423845258705E7 (+/- 0) us 
Consensus latency = 8126.032102 (+/- 2076) us 
Pre-consensus latency = 0.0 (+/- 0) us 
Pos-consensus latency = 2.3417062843268003E7 (+/- 0) us 
Propose latency = 5887.041088999999 (+/- 1916) us 
Write latency = 695.522014 (+/- 272) us 
Accept latency = 1543.4689990000002 (+/- 70) us 
Batch average size = NaN (+/- 0) requests
StandardSMMessage ByteCount = 324
ConsensusMessage ByteCount = 140169
TOMMessage ByteCount = 76194025
LCMessage ByteCount = 10
--- Measurements after 148000 ops (1000 samples) ---
Throughput = 4694.8354 operations/sec (Maximum observed: 9090.909 ops/sec)
Total latency = 2.3624021018505E7 (+/- 0) us 
Consensus latency = 5005.924295 (+/- 895) us 
Pre-consensus latency = 0.0 (+/- 0) us 
Pos-consensus latency = 2.3619972849583E7 (+/- 0) us 
Propose latency = 2712.112902 (+/- 944) us 
Write latency = 752.853889 (+/- 262) us 
Accept latency = 1540.957504 (+/- 127) us 
Batch average size = NaN (+/- 0) requests
StandardSMMessage ByteCount = 324
ConsensusMessage ByteCount = 140169
TOMMessage ByteCount = 76404092
LCMessage ByteCount = 10
--- Measurements after 149000 ops (1000 samples) ---
Throughput = 4807.6924 operations/sec (Maximum observed: 9090.909 ops/sec)
Total latency = 2.3809708512748E7 (+/- 0) us 
Consensus latency = 4360.924843999999 (+/- 351) us 
Pre-consensus latency = 0.0 (+/- 0) us 
Pos-consensus latency = 2.3806098770537E7 (+/- 0) us 
Propose latency = 1563.48041 (+/- 353) us 
Write latency = 947.496208 (+/- 384) us 
Accept latency = 1849.948226 (+/- 344) us 
Batch average size = NaN (+/- 0) requests
StandardSMMessage ByteCount = 324
ConsensusMessage ByteCount = 140169
TOMMessage ByteCount = 76408252
LCMessage ByteCount = 10
--- Measurements after 150000 ops (1000 samples) ---
Throughput = 4807.6924 operations/sec (Maximum observed: 9090.909 ops/sec)
Total latency = 2.3990374298782002E7 (+/- 0) us 
Consensus latency = 3977.408164 (+/- 264) us 
Pre-consensus latency = 0.0 (+/- 0) us 
Pos-consensus latency = 2.3987082365598E7 (+/- 0) us 
Propose latency = 1580.7380460000002 (+/- 396) us 
Write latency = 787.233842 (+/- 436) us 
Accept latency = 1609.4362760000001 (+/- 282) us 
Batch average size = NaN (+/- 0) requests
StandardSMMessage ByteCount = 324
ConsensusMessage ByteCount = 140169
TOMMessage ByteCount = 76415532
LCMessage ByteCount = 10
--- Measurements after 151000 ops (1000 samples) ---
Throughput = 4716.981 operations/sec (Maximum observed: 9090.909 ops/sec)
Total latency = 2.4164996289285E7 (+/- 0) us 
Consensus latency = 5379.641803 (+/- 1560) us 
Pre-consensus latency = 0.0 (+/- 0) us 
Pos-consensus latency = 2.4160223027819E7 (+/- 0) us 
Propose latency = 3472.9346830000004 (+/- 1702) us 
Write latency = 234.898052 (+/- 144) us 
Accept latency = 1671.809068 (+/- 191) us 
Batch average size = NaN (+/- 0) requests
StandardSMMessage ByteCount = 324
ConsensusMessage ByteCount = 140169
TOMMessage ByteCount = 76422812
LCMessage ByteCount = 10
--- Measurements after 152000 ops (1000 samples) ---
Throughput = 4366.812 operations/sec (Maximum observed: 9090.909 ops/sec)
Total latency = 2.4355419510581E7 (+/- 0) us 
Consensus latency = 4268.783189000001 (+/- 1573) us 
Pre-consensus latency = 0.0 (+/- 0) us 
Pos-consensus latency = 2.4351841144118E7 (+/- 0) us 
Propose latency = 2325.078159 (+/- 1184) us 
Write latency = 315.072137 (+/- 366) us 
Accept latency = 1628.632893 (+/- 95) us 
Batch average size = NaN (+/- 0) requests
StandardSMMessage ByteCount = 324
ConsensusMessage ByteCount = 140169
TOMMessage ByteCount = 76432171
LCMessage ByteCount = 10
--- Measurements after 153000 ops (1000 samples) ---
Throughput = 4761.905 operations/sec (Maximum observed: 9090.909 ops/sec)
Total latency = 2.4554946807543E7 (+/- 0) us 
Consensus latency = 5529.566684 (+/- 1357) us 
Pre-consensus latency = 0.0 (+/- 0) us 
Pos-consensus latency = 2.4550513937315E7 (+/- 0) us 
Propose latency = 3322.8554929999996 (+/- 1185) us 
Write latency = 587.092658 (+/- 396) us 
Accept latency = 1619.618533 (+/- 115) us 
Batch average size = NaN (+/- 0) requests
StandardSMMessage ByteCount = 324
ConsensusMessage ByteCount = 140169
TOMMessage ByteCount = 76438411
LCMessage ByteCount = 10
--- Measurements after 154000 ops (1000 samples) ---
Throughput = 6250.0 operations/sec (Maximum observed: 9090.909 ops/sec)
Total latency = 2.4717673238987997E7 (+/- 0) us 
Consensus latency = 3496.408438 (+/- 107) us 
Pre-consensus latency = 0.0 (+/- 0) us 
Pos-consensus latency = 2.471480886125E7 (+/- 0) us 
Propose latency = 1157.124652 (+/- 248) us 
Write latency = 627.825054 (+/- 293) us 
Accept latency = 1711.458732 (+/- 103) us 
Batch average size = NaN (+/- 0) requests
StandardSMMessage ByteCount = 324
ConsensusMessage ByteCount = 140169
TOMMessage ByteCount = 76445691
LCMessage ByteCount = 10
--- Measurements after 155000 ops (1000 samples) ---
Throughput = 6578.9473 operations/sec (Maximum observed: 9090.909 ops/sec)
Total latency = 2.4842874606592E7 (+/- 0) us 
Consensus latency = 3426.841287 (+/- 235) us 
Pre-consensus latency = 0.0 (+/- 0) us 
Pos-consensus latency = 2.4840114020708E7 (+/- 0) us 
Propose latency = 1085.837925 (+/- 229) us 
Write latency = 837.170259 (+/- 375) us 
Accept latency = 1503.833103 (+/- 138) us 
Batch average size = NaN (+/- 0) requests
StandardSMMessage ByteCount = 324
ConsensusMessage ByteCount = 140169
TOMMessage ByteCount = 76449850
LCMessage ByteCount = 10
--- Measurements after 156000 ops (1000 samples) ---
Throughput = 6535.9478 operations/sec (Maximum observed: 9090.909 ops/sec)
Total latency = 2.4967655884186E7 (+/- 0) us 
Consensus latency = 3510.2192689999997 (+/- 135) us 
Pre-consensus latency = 0.0 (+/- 0) us 
Pos-consensus latency = 2.4964808375255E7 (+/- 0) us 
Propose latency = 1051.079543 (+/- 150) us 
Write latency = 873.5652510000001 (+/- 221) us 
Accept latency = 1585.5744750000001 (+/- 189) us 
Batch average size = NaN (+/- 0) requests
StandardSMMessage ByteCount = 324
ConsensusMessage ByteCount = 140169
TOMMessage ByteCount = 76458168
LCMessage ByteCount = 10
--- Measurements after 157000 ops (1000 samples) ---
Throughput = 5813.9536 operations/sec (Maximum observed: 9090.909 ops/sec)
Total latency = 2.5107821172638E7 (+/- 0) us 
Consensus latency = 3300.26457 (+/- 270) us 
Pre-consensus latency = 0.0 (+/- 0) us 
Pos-consensus latency = 2.5105145025263E7 (+/- 0) us 
Propose latency = 1117.16347 (+/- 194) us 
Write latency = 493.151563 (+/- 240) us 
Accept latency = 1689.949537 (+/- 300) us 
Batch average size = NaN (+/- 0) requests
StandardSMMessage ByteCount = 324
ConsensusMessage ByteCount = 140169
TOMMessage ByteCount = 76472728
LCMessage ByteCount = 10
--- Measurements after 158000 ops (1000 samples) ---
Throughput = 6666.6665 operations/sec (Maximum observed: 9090.909 ops/sec)
Total latency = 2.5230507268219E7 (+/- 0) us 
Consensus latency = 6351.568403 (+/- 3445) us 
Pre-consensus latency = 0.0 (+/- 0) us 
Pos-consensus latency = 2.5225271828699E7 (+/- 0) us 
Propose latency = 4057.6671469999997 (+/- 3664) us 
Write latency = 545.315728 (+/- 359) us 
Accept latency = 1748.5855279999998 (+/- 131) us 
Batch average size = NaN (+/- 0) requests
StandardSMMessage ByteCount = 324
ConsensusMessage ByteCount = 140169
TOMMessage ByteCount = 76484168
LCMessage ByteCount = 10
--- Measurements after 159000 ops (1000 samples) ---
Throughput = 6578.9473 operations/sec (Maximum observed: 9090.909 ops/sec)
Total latency = 2.5354895133909002E7 (+/- 0) us 
Consensus latency = 7089.657006 (+/- 2083) us 
Pre-consensus latency = 0.0 (+/- 0) us 
Pos-consensus latency = 2.5349194411173E7 (+/- 0) us 
Propose latency = 5094.0767479999995 (+/- 2026) us 
Write latency = 241.876713 (+/- 191) us 
Accept latency = 1753.7035449999998 (+/- 322) us 
Batch average size = NaN (+/- 0) requests
StandardSMMessage ByteCount = 324
ConsensusMessage ByteCount = 140169
TOMMessage ByteCount = 76498727
LCMessage ByteCount = 10
--- Measurements after 160000 ops (1000 samples) ---
Throughput = 6535.9478 operations/sec (Maximum observed: 9090.909 ops/sec)
Total latency = 2.5485613428555E7 (+/- 0) us 
Consensus latency = 3782.028742 (+/- 418) us 
Pre-consensus latency = 0.0 (+/- 0) us 
Pos-consensus latency = 2.5482496599981E7 (+/- 0) us 
Propose latency = 1322.4295889999999 (+/- 657) us 
Write latency = 1023.314994 (+/- 420) us 
Accept latency = 1436.284159 (+/- 196) us 
Batch average size = NaN (+/- 0) requests
StandardSMMessage ByteCount = 324
ConsensusMessage ByteCount = 140169
TOMMessage ByteCount = 76506006
LCMessage ByteCount = 10
--- Measurements after 161000 ops (1000 samples) ---
Throughput = 6622.5166 operations/sec (Maximum observed: 9090.909 ops/sec)
Total latency = 2.5603646555157002E7 (+/- 0) us 
Consensus latency = 6762.375006 (+/- 4594) us 
Pre-consensus latency = 0.0 (+/- 0) us 
Pos-consensus latency = 2.559745078066E7 (+/- 0) us 
Propose latency = 2535.382652 (+/- 2230) us 
Write latency = 422.94209 (+/- 445) us 
Accept latency = 3804.050264 (+/- 4769) us 
Batch average size = NaN (+/- 0) requests
StandardSMMessage ByteCount = 324
ConsensusMessage ByteCount = 140169
TOMMessage ByteCount = 76518485
LCMessage ByteCount = 10
--- Measurements after 162000 ops (1000 samples) ---
Throughput = 5747.1265 operations/sec (Maximum observed: 9090.909 ops/sec)
Total latency = 2.5743446043535E7 (+/- 0) us 
Consensus latency = 5332.378167999999 (+/- 2359) us 
Pre-consensus latency = 0.0 (+/- 0) us 
Pos-consensus latency = 2.573897869335E7 (+/- 0) us 
Propose latency = 3647.484977 (+/- 2279) us 
Write latency = 173.54396100000002 (+/- 180) us 
Accept latency = 1511.34923 (+/- 98) us 
Batch average size = NaN (+/- 0) requests
StandardSMMessage ByteCount = 324
ConsensusMessage ByteCount = 140169
TOMMessage ByteCount = 76526804
LCMessage ByteCount = 10
--- Measurements after 163000 ops (1000 samples) ---
Throughput = 6578.9473 operations/sec (Maximum observed: 9090.909 ops/sec)
Total latency = 2.5878924659014E7 (+/- 0) us 
Consensus latency = 3896.2811549999997 (+/- 602) us 
Pre-consensus latency = 0.0 (+/- 0) us 
Pos-consensus latency = 2.5875783629919E7 (+/- 0) us 
Propose latency = 1784.131997 (+/- 551) us 
Write latency = 529.908608 (+/- 346) us 
Accept latency = 1582.24055 (+/- 112) us 
Batch average size = NaN (+/- 0) requests
StandardSMMessage ByteCount = 324
ConsensusMessage ByteCount = 140169
TOMMessage ByteCount = 76536164
LCMessage ByteCount = 10
--- Measurements after 164000 ops (1000 samples) ---
Throughput = 6578.9473 operations/sec (Maximum observed: 9090.909 ops/sec)
Total latency = 2.600459807174E7 (+/- 0) us 
Consensus latency = 3145.4888889999997 (+/- 252) us 
Pre-consensus latency = 0.0 (+/- 0) us 
Pos-consensus latency = 2.6002050864874E7 (+/- 0) us 
Propose latency = 1010.124114 (+/- 62) us 
Write latency = 549.849666 (+/- 327) us 
Accept latency = 1585.515109 (+/- 258) us 
Batch average size = NaN (+/- 0) requests
StandardSMMessage ByteCount = 324
ConsensusMessage ByteCount = 140169
TOMMessage ByteCount = 76544484
LCMessage ByteCount = 10
--- Measurements after 165000 ops (1000 samples) ---
Throughput = 6622.5166 operations/sec (Maximum observed: 9090.909 ops/sec)
Total latency = 2.6126997247237E7 (+/- 0) us 
Consensus latency = 3603.806039 (+/- 368) us 
Pre-consensus latency = 0.0 (+/- 0) us 
Pos-consensus latency = 2.612399688552E7 (+/- 0) us 
Propose latency = 1207.010719 (+/- 239) us 
Write latency = 741.569289 (+/- 480) us 
Accept latency = 1655.226031 (+/- 151) us 
Batch average size = NaN (+/- 0) requests
StandardSMMessage ByteCount = 324
ConsensusMessage ByteCount = 140169
TOMMessage ByteCount = 76556964
LCMessage ByteCount = 10
--- Measurements after 166000 ops (1000 samples) ---
Throughput = 6535.9478 operations/sec (Maximum observed: 9090.909 ops/sec)
Total latency = 2.6252575752269E7 (+/- 0) us 
Consensus latency = 3406.404208 (+/- 190) us 
Pre-consensus latency = 0.0 (+/- 0) us 
Pos-consensus latency = 2.6249673937925998E7 (+/- 0) us 
Propose latency = 1013.7436700000001 (+/- 142) us 
Write latency = 744.5824309999999 (+/- 233) us 
Accept latency = 1648.078107 (+/- 171) us 
Batch average size = NaN (+/- 0) requests
StandardSMMessage ByteCount = 324
ConsensusMessage ByteCount = 140169
TOMMessage ByteCount = 76563204
LCMessage ByteCount = 10
--- Measurements after 167000 ops (1000 samples) ---
Throughput = 5714.2856 operations/sec (Maximum observed: 9090.909 ops/sec)
Total latency = 2.6399634190446E7 (+/- 0) us 
Consensus latency = 3044.861943 (+/- 221) us 
Pre-consensus latency = 0.0 (+/- 0) us 
Pos-consensus latency = 2.6397139227166E7 (+/- 0) us 
Propose latency = 1047.255242 (+/- 245) us 
Write latency = 549.733885 (+/- 364) us 
Accept latency = 1447.872816 (+/- 187) us 
Batch average size = NaN (+/- 0) requests
StandardSMMessage ByteCount = 324
ConsensusMessage ByteCount = 140169
TOMMessage ByteCount = 76574644
LCMessage ByteCount = 10
--- Measurements after 168000 ops (1000 samples) ---
Throughput = 6578.9473 operations/sec (Maximum observed: 9090.909 ops/sec)
Total latency = 2.6524058520013E7 (+/- 0) us 
Consensus latency = 3651.665059 (+/- 435) us 
Pre-consensus latency = 0.0 (+/- 0) us 
Pos-consensus latency = 2.6520986517547E7 (+/- 0) us 
Propose latency = 1326.8435889999998 (+/- 262) us 
Write latency = 722.4916929999999 (+/- 590) us 
Accept latency = 1602.329777 (+/- 92) us 
Batch average size = NaN (+/- 0) requests
StandardSMMessage ByteCount = 324
ConsensusMessage ByteCount = 140169
TOMMessage ByteCount = 76587123
LCMessage ByteCount = 10
--- Measurements after 169000 ops (1000 samples) ---
Throughput = 6578.9473 operations/sec (Maximum observed: 9090.909 ops/sec)
Total latency = 2.6645047161549E7 (+/- 0) us 
Consensus latency = 4798.615709 (+/- 726) us 
Pre-consensus latency = 0.0 (+/- 0) us 
Pos-consensus latency = 2.6640954781741E7 (+/- 0) us 
Propose latency = 1648.1849399999999 (+/- 558) us 
Write latency = 1413.0872479999998 (+/- 1078) us 
Accept latency = 1737.343521 (+/- 119) us 
Batch average size = NaN (+/- 0) requests
StandardSMMessage ByteCount = 324
ConsensusMessage ByteCount = 140169
TOMMessage ByteCount = 76596482
LCMessage ByteCount = 10
--- Measurements after 170000 ops (1000 samples) ---
Throughput = 6535.9478 operations/sec (Maximum observed: 9090.909 ops/sec)
Total latency = 2.6770108754256E7 (+/- 0) us 
Consensus latency = 5171.099547 (+/- 1019) us 
Pre-consensus latency = 0.0 (+/- 0) us 
Pos-consensus latency = 2.6765894134951E7 (+/- 0) us 
Propose latency = 2962.61276 (+/- 1485) us 
Write latency = 660.610285 (+/- 548) us 
Accept latency = 1547.876502 (+/- 97) us 
Batch average size = NaN (+/- 0) requests
StandardSMMessage ByteCount = 324
ConsensusMessage ByteCount = 140169
TOMMessage ByteCount = 76612081
LCMessage ByteCount = 10
--- Measurements after 171000 ops (1000 samples) ---
Throughput = 5681.8184 operations/sec (Maximum observed: 9090.909 ops/sec)
Total latency = 2.6894585586763002E7 (+/- 0) us 
Consensus latency = 5319.672171 (+/- 1647) us 
Pre-consensus latency = 0.0 (+/- 0) us 
Pos-consensus latency = 2.6890189586571E7 (+/- 0) us 
Propose latency = 3119.442585 (+/- 1908) us 
Write latency = 572.705964 (+/- 809) us 
Accept latency = 1627.523622 (+/- 78) us 
Batch average size = NaN (+/- 0) requests
StandardSMMessage ByteCount = 324
ConsensusMessage ByteCount = 140169
TOMMessage ByteCount = 76621441
LCMessage ByteCount = 10
--- Measurements after 172000 ops (1000 samples) ---
Throughput = 6578.9473 operations/sec (Maximum observed: 9090.909 ops/sec)
Total latency = 2.7037683690431E7 (+/- 0) us 
Consensus latency = 8283.045029 (+/- 3150) us 
Pre-consensus latency = 0.0 (+/- 0) us 
Pos-consensus latency = 2.7030760180208E7 (+/- 0) us 
Propose latency = 6579.302292 (+/- 3125) us 
Write latency = 127.222685 (+/- 5) us 
Accept latency = 1576.5200519999999 (+/- 57) us 
Batch average size = NaN (+/- 0) requests
StandardSMMessage ByteCount = 324
ConsensusMessage ByteCount = 140169
TOMMessage ByteCount = 76632880
LCMessage ByteCount = 10
--- Measurements after 173000 ops (1000 samples) ---
Throughput = 6622.5166 operations/sec (Maximum observed: 9090.909 ops/sec)
Total latency = 2.7168340638814E7 (+/- 0) us 
Consensus latency = 4346.3119910000005 (+/- 783) us 
Pre-consensus latency = 0.0 (+/- 0) us 
Pos-consensus latency = 2.7164875447965E7 (+/- 0) us 
Propose latency = 2151.542349 (+/- 1101) us 
Write latency = 817.813166 (+/- 447) us 
Accept latency = 1376.956476 (+/- 91) us 
Batch average size = NaN (+/- 0) requests
StandardSMMessage ByteCount = 324
ConsensusMessage ByteCount = 140169
TOMMessage ByteCount = 76641200
LCMessage ByteCount = 10
--- Measurements after 174000 ops (1000 samples) ---
Throughput = 6578.9473 operations/sec (Maximum observed: 9090.909 ops/sec)
Total latency = 2.7293661573904E7 (+/- 0) us 
Consensus latency = 3145.375295 (+/- 222) us 
Pre-consensus latency = 0.0 (+/- 0) us 
Pos-consensus latency = 2.7291151068588E7 (+/- 0) us 
Propose latency = 1110.4247050000001 (+/- 169) us 
Write latency = 558.025404 (+/- 118) us 
Accept latency = 1476.925186 (+/- 151) us 
Batch average size = NaN (+/- 0) requests
StandardSMMessage ByteCount = 324
ConsensusMessage ByteCount = 140169
TOMMessage ByteCount = 76651600
LCMessage ByteCount = 10
--- Measurements after 175000 ops (1000 samples) ---
Throughput = 6578.9473 operations/sec (Maximum observed: 9090.909 ops/sec)
Total latency = 2.7417062434552E7 (+/- 0) us 
Consensus latency = 3173.769365 (+/- 371) us 
Pre-consensus latency = 0.0 (+/- 0) us 
Pos-consensus latency = 2.7414460376859E7 (+/- 0) us 
Propose latency = 1095.0381240000002 (+/- 214) us 
Write latency = 487.93859299999997 (+/- 351) us 
Accept latency = 1590.792648 (+/- 150) us 
Batch average size = NaN (+/- 0) requests
StandardSMMessage ByteCount = 324
ConsensusMessage ByteCount = 140169
TOMMessage ByteCount = 76657839
LCMessage ByteCount = 10
--- Measurements after 176000 ops (1000 samples) ---
Throughput = 5917.1597 operations/sec (Maximum observed: 9090.909 ops/sec)
Total latency = 2.7544366114240002E7 (+/- 0) us 
Consensus latency = 3390.02719 (+/- 496) us 
Pre-consensus latency = 0.0 (+/- 0) us 
Pos-consensus latency = 2.7541554677772E7 (+/- 0) us 
Propose latency = 1188.908074 (+/- 300) us 
Write latency = 571.503763 (+/- 379) us 
Accept latency = 1629.615353 (+/- 151) us 
Batch average size = NaN (+/- 0) requests
StandardSMMessage ByteCount = 324
ConsensusMessage ByteCount = 140169
TOMMessage ByteCount = 76669278
LCMessage ByteCount = 10
--- Measurements after 177000 ops (1000 samples) ---
Throughput = 6756.757 operations/sec (Maximum observed: 9090.909 ops/sec)
Total latency = 2.7682292688456003E7 (+/- 0) us 
Consensus latency = 3163.72207 (+/- 465) us 
Pre-consensus latency = 0.0 (+/- 0) us 
Pos-consensus latency = 2.7679720590216E7 (+/- 0) us 
Propose latency = 988.5199080000001 (+/- 163) us 
Write latency = 661.060407 (+/- 248) us 
Accept latency = 1514.1417549999999 (+/- 137) us 
Batch average size = NaN (+/- 0) requests
StandardSMMessage ByteCount = 324
ConsensusMessage ByteCount = 140169
TOMMessage ByteCount = 76679677
LCMessage ByteCount = 10
--- Measurements after 178000 ops (1000 samples) ---
Throughput = 6711.409 operations/sec (Maximum observed: 9090.909 ops/sec)
Total latency = 2.7802537311008997E7 (+/- 0) us 
Consensus latency = 3490.5485070000004 (+/- 481) us 
Pre-consensus latency = 0.0 (+/- 0) us 
Pos-consensus latency = 2.7799656298495E7 (+/- 0) us 
Propose latency = 968.607566 (+/- 141) us 
Write latency = 724.6220699999999 (+/- 447) us 
Accept latency = 1797.318871 (+/- 295) us 
Batch average size = NaN (+/- 0) requests
StandardSMMessage ByteCount = 324
ConsensusMessage ByteCount = 140169
TOMMessage ByteCount = 76694237
LCMessage ByteCount = 10
--- Measurements after 179000 ops (1000 samples) ---
Throughput = 6666.6665 operations/sec (Maximum observed: 9090.909 ops/sec)
Total latency = 2.7923805885567002E7 (+/- 0) us 
Consensus latency = 3631.240591 (+/- 574) us 
Pre-consensus latency = 0.0 (+/- 0) us 
Pos-consensus latency = 2.7920892064361E7 (+/- 0) us 
Propose latency = 1506.747945 (+/- 364) us 
Write latency = 716.1365699999999 (+/- 438) us 
Accept latency = 1408.3560759999998 (+/- 191) us 
Batch average size = NaN (+/- 0) requests
StandardSMMessage ByteCount = 324
ConsensusMessage ByteCount = 140169
TOMMessage ByteCount = 76709837
LCMessage ByteCount = 10
--- Measurements after 180000 ops (1000 samples) ---
Throughput = 6711.409 operations/sec (Maximum observed: 9090.909 ops/sec)
Total latency = 2.8041279527891997E7 (+/- 0) us 
Consensus latency = 4786.408974 (+/- 1857) us 
Pre-consensus latency = 0.0 (+/- 0) us 
Pos-consensus latency = 2.8037395311998002E7 (+/- 0) us 
Propose latency = 2579.333258 (+/- 2120) us 
Write latency = 671.491723 (+/- 472) us 
Accept latency = 1535.583993 (+/- 134) us 
Batch average size = NaN (+/- 0) requests
StandardSMMessage ByteCount = 324
ConsensusMessage ByteCount = 140169
TOMMessage ByteCount = 76719195
LCMessage ByteCount = 10
--- Measurements after 181000 ops (1000 samples) ---
Throughput = 5586.5923 operations/sec (Maximum observed: 9090.909 ops/sec)
Total latency = 2.817015620226E7 (+/- 0) us 
Consensus latency = 10560.119487 (+/- 3128) us 
Pre-consensus latency = 0.0 (+/- 0) us 
Pos-consensus latency = 2.8160682975321E7 (+/- 0) us 
Propose latency = 8721.811838 (+/- 3164) us 
Write latency = 237.979849 (+/- 245) us 
Accept latency = 1600.3278 (+/- 71) us 
Batch average size = NaN (+/- 0) requests
StandardSMMessage ByteCount = 324
ConsensusMessage ByteCount = 140169
TOMMessage ByteCount = 76730634
LCMessage ByteCount = 10
--- Measurements after 182000 ops (1000 samples) ---
Throughput = 7246.377 operations/sec (Maximum observed: 9090.909 ops/sec)
Total latency = 2.8305746794156E7 (+/- 0) us 
Consensus latency = 9249.049488 (+/- 1529) us 
Pre-consensus latency = 0.0 (+/- 0) us 
Pos-consensus latency = 2.8297942583935E7 (+/- 0) us 
Propose latency = 7084.736622 (+/- 1037) us 
Write latency = 521.603375 (+/- 381) us 
Accept latency = 1642.7094909999998 (+/- 125) us 
Batch average size = NaN (+/- 0) requests
StandardSMMessage ByteCount = 324
ConsensusMessage ByteCount = 140169
TOMMessage ByteCount = 76739994
LCMessage ByteCount = 10
--- Measurements after 183000 ops (1000 samples) ---
Throughput = 7246.377 operations/sec (Maximum observed: 9090.909 ops/sec)
Total latency = 2.8420265570861E7 (+/- 0) us 
Consensus latency = 3760.597468 (+/- 469) us 
Pre-consensus latency = 0.0 (+/- 0) us 
Pos-consensus latency = 2.8417314418677E7 (+/- 0) us 
Propose latency = 1780.901084 (+/- 638) us 
Write latency = 306.223792 (+/- 123) us 
Accept latency = 1673.4725919999998 (+/- 122) us 
Batch average size = NaN (+/- 0) requests
StandardSMMessage ByteCount = 324
ConsensusMessage ByteCount = 140169
TOMMessage ByteCount = 76752474
LCMessage ByteCount = 10
--- Measurements after 184000 ops (1000 samples) ---
Throughput = 7352.9414 operations/sec (Maximum observed: 9090.909 ops/sec)
Total latency = 2.8531512702696E7 (+/- 0) us 
Consensus latency = 3443.318503 (+/- 219) us 
Pre-consensus latency = 0.0 (+/- 0) us 
Pos-consensus latency = 2.8528698630369E7 (+/- 0) us 
Propose latency = 1202.037006 (+/- 293) us 
Write latency = 640.627705 (+/- 337) us 
Accept latency = 1600.6537919999998 (+/- 156) us 
Batch average size = NaN (+/- 0) requests
StandardSMMessage ByteCount = 324
ConsensusMessage ByteCount = 140169
TOMMessage ByteCount = 76762874
LCMessage ByteCount = 10
--- Measurements after 185000 ops (1000 samples) ---
Throughput = 7246.377 operations/sec (Maximum observed: 9090.909 ops/sec)
Total latency = 2.8639956334187E7 (+/- 0) us 
Consensus latency = 3299.9392089999997 (+/- 321) us 
Pre-consensus latency = 0.0 (+/- 0) us 
Pos-consensus latency = 2.8637404826112E7 (+/- 0) us 
Propose latency = 1349.048277 (+/- 273) us 
Write latency = 437.000925 (+/- 328) us 
Accept latency = 1513.890007 (+/- 215) us 
Batch average size = NaN (+/- 0) requests
StandardSMMessage ByteCount = 324
ConsensusMessage ByteCount = 140169
TOMMessage ByteCount = 76777434
LCMessage ByteCount = 10
--- Measurements after 186000 ops (1000 samples) ---
Throughput = 4975.1245 operations/sec (Maximum observed: 9090.909 ops/sec)
Total latency = 2.8770007321509E7 (+/- 0) us 
Consensus latency = 3433.810361 (+/- 170) us 
Pre-consensus latency = 0.0 (+/- 0) us 
Pos-consensus latency = 2.8767232932361998E7 (+/- 0) us 
Propose latency = 1078.637367 (+/- 69) us 
Write latency = 739.318597 (+/- 89) us 
Accept latency = 1615.854397 (+/- 192) us 
Batch average size = NaN (+/- 0) requests
StandardSMMessage ByteCount = 324
ConsensusMessage ByteCount = 140169
TOMMessage ByteCount = 76803433
LCMessage ByteCount = 10
--- Measurements after 187000 ops (1000 samples) ---
Throughput = 4854.369 operations/sec (Maximum observed: 9090.909 ops/sec)
Total latency = 2.8957235231692E7 (+/- 0) us 
Consensus latency = 3388.766557 (+/- 88) us 
Pre-consensus latency = 0.0 (+/- 0) us 
Pos-consensus latency = 2.8954546300095E7 (+/- 0) us 
Propose latency = 1199.4682460000001 (+/- 341) us 
Write latency = 508.772488 (+/- 281) us 
Accept latency = 1680.5258230000002 (+/- 116) us 
Batch average size = NaN (+/- 0) requests
StandardSMMessage ByteCount = 324
ConsensusMessage ByteCount = 140169
TOMMessage ByteCount = 76825273
LCMessage ByteCount = 10
--- Measurements after 188000 ops (1000 samples) ---
Throughput = 4854.369 operations/sec (Maximum observed: 9090.909 ops/sec)
Total latency = 2.9134575821784E7 (+/- 0) us 
Consensus latency = 3658.620355 (+/- 695) us 
Pre-consensus latency = 0.0 (+/- 0) us 
Pos-consensus latency = 2.9131670520284E7 (+/- 0) us 
Propose latency = 1223.574681 (+/- 306) us 
Write latency = 923.675669 (+/- 765) us 
Accept latency = 1511.370005 (+/- 147) us 
Batch average size = NaN (+/- 0) requests
StandardSMMessage ByteCount = 324
ConsensusMessage ByteCount = 140169
TOMMessage ByteCount = 76850228
LCMessage ByteCount = 10
--- Measurements after 189000 ops (1000 samples) ---
Throughput = 4854.369 operations/sec (Maximum observed: 9090.909 ops/sec)
Total latency = 2.9312678502574E7 (+/- 0) us 
Consensus latency = 3102.0577590000003 (+/- 254) us 
Pre-consensus latency = 0.0 (+/- 0) us 
Pos-consensus latency = 2.9310214493467E7 (+/- 0) us 
Propose latency = 1071.7619069999998 (+/- 166) us 
Write latency = 428.48819 (+/- 196) us 
Accept latency = 1601.807662 (+/- 146) us 
Batch average size = NaN (+/- 0) requests
StandardSMMessage ByteCount = 324
ConsensusMessage ByteCount = 140169
TOMMessage ByteCount = 76887666
LCMessage ByteCount = 10
--- Measurements after 190000 ops (1000 samples) ---
Throughput = 4878.049 operations/sec (Maximum observed: 9090.909 ops/sec)
Total latency = 2.9490606922687E7 (+/- 0) us 
Consensus latency = 3214.369211 (+/- 266) us 
Pre-consensus latency = 0.0 (+/- 0) us 
Pos-consensus latency = 2.9488013420038E7 (+/- 0) us 
Propose latency = 1136.053118 (+/- 187) us 
Write latency = 648.2407539999999 (+/- 387) us 
Accept latency = 1430.075339 (+/- 292) us 
Batch average size = NaN (+/- 0) requests
StandardSMMessage ByteCount = 324
ConsensusMessage ByteCount = 140169
TOMMessage ByteCount = 76912624
LCMessage ByteCount = 10
--- Measurements after 191000 ops (1000 samples) ---
Throughput = 4405.286 operations/sec (Maximum observed: 9090.909 ops/sec)
Total latency = 2.9673386867554E7 (+/- 0) us 
Consensus latency = 7891.17903 (+/- 3741) us 
Pre-consensus latency = 0.0 (+/- 0) us 
Pos-consensus latency = 2.9667100744036E7 (+/- 0) us 
Propose latency = 4037.411471 (+/- 2778) us 
Write latency = 2574.2389900000003 (+/- 4987) us 
Accept latency = 1279.5285689999998 (+/- 553) us 
Batch average size = NaN (+/- 0) requests
StandardSMMessage ByteCount = 324
ConsensusMessage ByteCount = 140169
TOMMessage ByteCount = 76936542
LCMessage ByteCount = 10
--- Measurements after 192000 ops (1000 samples) ---
Throughput = 4878.049 operations/sec (Maximum observed: 9090.909 ops/sec)
Total latency = 2.9863818490518E7 (+/- 0) us 
Consensus latency = 4535.307436 (+/- 1279) us 
Pre-consensus latency = 0.0 (+/- 0) us 
Pos-consensus latency = 2.9860568688245E7 (+/- 0) us 
Propose latency = 2657.441046 (+/- 1231) us 
Write latency = 438.92316100000005 (+/- 199) us 
Accept latency = 1438.943229 (+/- 40) us 
Batch average size = NaN (+/- 0) requests
StandardSMMessage ByteCount = 324
ConsensusMessage ByteCount = 140169
TOMMessage ByteCount = 76953182
LCMessage ByteCount = 10
--- Measurements after 193000 ops (1000 samples) ---
Throughput = 4878.049 operations/sec (Maximum observed: 9090.909 ops/sec)
Total latency = 3.0043849262016E7 (+/- 0) us 
Consensus latency = 3456.444041 (+/- 339) us 
Pre-consensus latency = 0.0 (+/- 0) us 
Pos-consensus latency = 3.0040983501930002E7 (+/- 0) us 
Propose latency = 1301.9482269999999 (+/- 528) us 
Write latency = 667.788014 (+/- 455) us 
Accept latency = 1486.7078000000001 (+/- 152) us 
Batch average size = NaN (+/- 0) requests
StandardSMMessage ByteCount = 324
ConsensusMessage ByteCount = 140169
TOMMessage ByteCount = 76967739
LCMessage ByteCount = 10
--- Measurements after 194000 ops (1000 samples) ---
Throughput = 4878.049 operations/sec (Maximum observed: 9090.909 ops/sec)
Total latency = 3.0219583354137E7 (+/- 0) us 
Consensus latency = 3201.7122710000003 (+/- 80) us 
Pre-consensus latency = 0.0 (+/- 0) us 
Pos-consensus latency = 3.0217006948604E7 (+/- 0) us 
Propose latency = 1208.848563 (+/- 277) us 
Write latency = 460.625286 (+/- 247) us 
Accept latency = 1532.2384220000001 (+/- 87) us 
Batch average size = NaN (+/- 0) requests
StandardSMMessage ByteCount = 324
ConsensusMessage ByteCount = 140169
TOMMessage ByteCount = 76982299
LCMessage ByteCount = 10
--- Measurements after 195000 ops (1000 samples) ---
Throughput = 4854.369 operations/sec (Maximum observed: 9090.909 ops/sec)
Total latency = 3.0396236800821E7 (+/- 0) us 
Consensus latency = 2920.299756 (+/- 259) us 
Pre-consensus latency = 0.0 (+/- 0) us 
Pos-consensus latency = 3.039388255081E7 (+/- 0) us 
Propose latency = 972.080739 (+/- 162) us 
Write latency = 453.09778 (+/- 316) us 
Accept latency = 1495.121237 (+/- 97) us 
Batch average size = NaN (+/- 0) requests
StandardSMMessage ByteCount = 324
ConsensusMessage ByteCount = 140169
TOMMessage ByteCount = 77177722
LCMessage ByteCount = 10
--- Measurements after 196000 ops (1000 samples) ---
Throughput = 4405.286 operations/sec (Maximum observed: 9090.909 ops/sec)
Total latency = 3.0586105223406E7 (+/- 0) us 
Consensus latency = 2977.2967000000003 (+/- 326) us 
Pre-consensus latency = 0.0 (+/- 0) us 
Pos-consensus latency = 3.0583687014118E7 (+/- 0) us 
Propose latency = 1032.000828 (+/- 154) us 
Write latency = 384.61485999999996 (+/- 166) us 
Accept latency = 1560.681012 (+/- 164) us 
Batch average size = NaN (+/- 0) requests
StandardSMMessage ByteCount = 324
ConsensusMessage ByteCount = 140169
TOMMessage ByteCount = 77425175
LCMessage ByteCount = 10
--- Measurements after 197000 ops (1000 samples) ---
Throughput = 4854.369 operations/sec (Maximum observed: 9090.909 ops/sec)
Total latency = 3.0770656937897E7 (+/- 0) us 
Consensus latency = 2936.207095 (+/- 190) us 
Pre-consensus latency = 0.0 (+/- 0) us 
Pos-consensus latency = 3.0768217386456E7 (+/- 0) us 
Propose latency = 872.854186 (+/- 133) us 
Write latency = 438.993511 (+/- 238) us 
Accept latency = 1624.359398 (+/- 159) us 
Batch average size = NaN (+/- 0) requests
StandardSMMessage ByteCount = 324
ConsensusMessage ByteCount = 140169
TOMMessage ByteCount = 77663288
LCMessage ByteCount = 10
--- Measurements after 198000 ops (1000 samples) ---
Throughput = 4807.6924 operations/sec (Maximum observed: 9090.909 ops/sec)
Total latency = 3.0944038703824002E7 (+/- 0) us 
Consensus latency = 2623.3412080000003 (+/- 219) us 
Pre-consensus latency = 0.0 (+/- 0) us 
Pos-consensus latency = 3.0941792458355E7 (+/- 0) us 
Propose latency = 600.731269 (+/- 85) us 
Write latency = 419.86298100000005 (+/- 214) us 
Accept latency = 1602.7469580000002 (+/- 162) us 
Batch average size = NaN (+/- 0) requests
StandardSMMessage ByteCount = 324
ConsensusMessage ByteCount = 140169
TOMMessage ByteCount = 77911825
LCMessage ByteCount = 10
--- Measurements after 199000 ops (1000 samples) ---
Throughput = 4854.369 operations/sec (Maximum observed: 9090.909 ops/sec)
Total latency = 3.1107422107178003E7 (+/- 0) us 
Consensus latency = 2262.270444 (+/- 141) us 
Pre-consensus latency = 0.0 (+/- 0) us 
Pos-consensus latency = 3.1105455190259E7 (+/- 0) us 
Propose latency = 452.188913 (+/- 102) us 
Write latency = 433.04812300000003 (+/- 193) us 
Accept latency = 1377.033408 (+/- 157) us 
Batch average size = NaN (+/- 0) requests
StandardSMMessage ByteCount = 324
ConsensusMessage ByteCount = 140169
TOMMessage ByteCount = 78137483
LCMessage ByteCount = 10
--- Measurements after 200000 ops (1000 samples) ---
Throughput = 6493.5063 operations/sec (Maximum observed: 9090.909 ops/sec)
Total latency = 3.1210808772145E7 (+/- 0) us 
Consensus latency = 2335.84957 (+/- 1396) us 
Pre-consensus latency = 0.0 (+/- 0) us 
Pos-consensus latency = 3.1208660597314E7 (+/- 0) us 
Propose latency = 319.904164 (+/- 152) us 
Write latency = 497.588438 (+/- 1399) us 
Accept latency = 1518.356968 (+/- 182) us 
Batch average size = NaN (+/- 0) requests
StandardSMMessage ByteCount = 324
ConsensusMessage ByteCount = 140169
TOMMessage ByteCount = 78369387
LCMessage ByteCount = 10
-- 
---------- DEBUG INFO ----------

Current time: 09:57:34.139
Current leader: 0
Current regency: 0

Last finished consensus: 708

	 -- Consensus state: 

		ETS=0 
		WriteSet=[[0 :: EVMS8I08lV+cs0jp3uF5BzsqL40OoleEDzQFa4++nKI=]] 
		(VAL,TS)=[0 :: EVMS8I08lV+cs0jp3uF5BzsqL40OoleEDzQFa4++nKI=]

	 -- Epoch state: 

		CID=708 
		TS=0 
		Propose=[EVMS8I08lV+cs0jp3uF5BzsqL40OoleEDzQFa4++nKI=] 
		Writes=([EVMS8I08lV+cs0jp3uF5BzsqL40OoleEDzQFa4++nKI=], [EVMS8I08lV+cs0jp3uF5BzsqL40OoleEDzQFa4++nKI=], [EVMS8I08lV+cs0jp3uF5BzsqL40OoleEDzQFa4++nKI=], [EVMS8I08lV+cs0jp3uF5BzsqL40OoleEDzQFa4++nKI=]) 
		Accepts=([EVMS8I08lV+cs0jp3uF5BzsqL40OoleEDzQFa4++nKI=], [null], [EVMS8I08lV+cs0jp3uF5BzsqL40OoleEDzQFa4++nKI=], [EVMS8I08lV+cs0jp3uF5BzsqL40OoleEDzQFa4++nKI=])

Consensus in execution: None

---------- ---------- ----------

