-- Using view stored on disk
-- ID = 0
-- N = 4
-- F = 1
-- Port (client <-> server) = 11000
-- Port (server <-> server) = 11001
-- requestTimeout = 2000
-- maxBatch = 1024
-- Binded replica to IP address 134.60.242.11
-- Optimizations:  Read-only Requests: disabled
-- SSL/TLS enabled, protocol version: TLSv1.2
-- In current view: ID:0; F:1; Processes:0(/134.60.242.11:11000),1(/134.60.242.12:11010),2(/134.60.242.13:11020),3(/134.60.242.14:11030),
-- Retrieving State
-- Replica state is up to date
-- 
		###################################
		    Ready to process operations    
		###################################
-- Session Created, active clients=0
-- Session Created, active clients=0
-- Session Created, active clients=0
-- Session Created, active clients=0
-- Session Created, active clients=0
-- Session Created, active clients=0
-- Session Created, active clients=0
-- Session Created, active clients=0
-- Session Created, active clients=0
-- Session Created, active clients=0
-- Session Created, active clients=0
-- Session Created, active clients=0
-- Session Created, active clients=0
-- Session Created, active clients=0
-- Session Created, active clients=0
-- Session Created, active clients=0
-- Session Created, active clients=0
-- Session Created, active clients=0
-- Session Created, active clients=0
-- Session Created, active clients=0
-- Session Created, active clients=0
-- Session Created, active clients=0
-- Session Created, active clients=0
-- Session Created, active clients=0
-- Session Created, active clients=0
-- Session Created, active clients=0
-- Session Created, active clients=0
-- Session Created, active clients=0
-- Session Created, active clients=0
-- Session Created, active clients=0
-- Session Created, active clients=0
-- Session Created, active clients=0
-- Session Created, active clients=0
-- Session Created, active clients=0
-- Session Created, active clients=0
-- Session Created, active clients=0
-- Session Created, active clients=0
-- Session Created, active clients=0
-- Session Created, active clients=0
-- Session Created, active clients=0
-- Session Created, active clients=0
-- Session Created, active clients=0
-- Session Created, active clients=0
-- Session Created, active clients=0
-- Session Created, active clients=0
-- Session Created, active clients=0
-- Session Created, active clients=0
-- Session Created, active clients=0
-- Session Created, active clients=0
-- Session Created, active clients=0
-- Session Created, active clients=0
-- Session Created, active clients=0
-- Session Created, active clients=0
-- Session Created, active clients=0
-- Session Created, active clients=0
-- Session Created, active clients=0
-- Session Created, active clients=0
-- Session Created, active clients=0
-- Session Created, active clients=0
-- Session Created, active clients=0
-- Session Created, active clients=0
-- Session Created, active clients=0
-- Session Created, active clients=0
-- Session Created, active clients=0
-- Session Created, active clients=0
-- Session Created, active clients=0
-- Session Created, active clients=0
-- Session Created, active clients=0
-- Session Created, active clients=0
-- Session Created, active clients=0
-- Session Created, active clients=0
-- Session Created, active clients=0
-- Session Created, active clients=0
-- Session Created, active clients=0
-- Session Created, active clients=0
-- Session Created, active clients=0
-- Session Created, active clients=0
-- Session Created, active clients=0
-- Session Created, active clients=0
-- Session Created, active clients=0
-- Session Created, active clients=0
-- Session Created, active clients=0
-- Session Created, active clients=0
-- Session Created, active clients=0
-- Session Created, active clients=0
-- Session Created, active clients=0
-- Session Created, active clients=0
-- Session Created, active clients=0
-- Session Created, active clients=0
-- Session Created, active clients=0
-- Session Created, active clients=0
-- Session Created, active clients=0
-- Session Created, active clients=0
-- Session Created, active clients=0
-- Session Created, active clients=0
-- Session Created, active clients=0
-- Session Created, active clients=0
-- Session Created, active clients=0
-- Session Created, active clients=0
-- Session Created, active clients=0
-- Session Created, active clients=0
-- Session Created, active clients=0
-- Session Created, active clients=0
-- Session Created, active clients=0
-- Session Created, active clients=0
-- Session Created, active clients=0
-- Session Created, active clients=0
-- Session Created, active clients=0
-- Session Created, active clients=0
-- Session Created, active clients=0
-- Session Created, active clients=0
-- Session Created, active clients=0
-- Session Created, active clients=0
-- Session Created, active clients=0
-- Session Created, active clients=0
-- Session Created, active clients=0
-- Session Created, active clients=0
-- Session Created, active clients=0
-- Session Created, active clients=0
-- Session Created, active clients=0
-- Session Created, active clients=0
-- Session Created, active clients=0
-- Session Created, active clients=0
-- Session Created, active clients=0
-- Session Created, active clients=0
-- Session Created, active clients=0
-- Session Created, active clients=0
-- Session Created, active clients=0
-- Session Created, active clients=0
-- Session Created, active clients=0
-- Session Created, active clients=0
-- Session Created, active clients=0
-- Session Created, active clients=0
-- Session Created, active clients=0
-- Session Created, active clients=0
-- Session Created, active clients=0
-- Session Created, active clients=0
-- Session Created, active clients=0
-- Session Created, active clients=0
-- Session Created, active clients=0
-- Session Created, active clients=0
-- Session Created, active clients=0
-- Session Created, active clients=0
-- Session Created, active clients=0
-- Session Created, active clients=0
-- Session Created, active clients=0
-- Session Created, active clients=0
-- Session Created, active clients=0
-- Session Created, active clients=0
-- Session Created, active clients=0
-- Session Created, active clients=0
-- Session Created, active clients=0
-- Session Created, active clients=0
-- Session Created, active clients=0
-- Session Created, active clients=0
-- Session Created, active clients=0
-- Session Created, active clients=0
-- Session Created, active clients=0
-- Session Created, active clients=0
-- Session Created, active clients=0
-- Session Created, active clients=0
-- Session Created, active clients=0
-- Session Created, active clients=0
-- Session Created, active clients=0
-- Session Created, active clients=0
-- Session Created, active clients=0
-- Session Created, active clients=0
-- Session Created, active clients=0
-- Session Created, active clients=0
-- Session Created, active clients=0
-- Session Created, active clients=0
-- Session Created, active clients=0
-- Session Created, active clients=0
-- Session Created, active clients=0
-- Session Created, active clients=0
-- Session Created, active clients=0
-- Session Created, active clients=0
-- Session Created, active clients=0
-- Session Created, active clients=0
-- Session Created, active clients=0
-- Session Created, active clients=0
-- Session Created, active clients=0
-- Session Created, active clients=0
-- Session Created, active clients=0
-- Session Created, active clients=0
-- Session Created, active clients=0
-- Session Created, active clients=0
-- Session Created, active clients=0
-- Session Created, active clients=0
-- Session Created, active clients=0
-- Session Created, active clients=0
-- Session Created, active clients=0
-- Session Created, active clients=0
-- Session Created, active clients=0
-- Session Created, active clients=0
-- Session Created, active clients=0
-- Session Created, active clients=0
-- Session Created, active clients=0
-- Session Created, active clients=0
-- Session Created, active clients=0
--- Measurements after 1000 ops (1000 samples) ---
Throughput = 20.795208 operations/sec (Maximum observed: 20.795208 ops/sec)
Total latency = 74083.876913 (+/- 40635) us 
Consensus latency = 0.0 (+/- 0) us 
Pre-consensus latency = 0.0 (+/- 0) us 
Pos-consensus latency = -2.106512235969916E12 (+/- 0) us 
Propose latency = 0.0 (+/- 0) us 
Write latency = 0.0 (+/- 0) us 
Accept latency = 0.0 (+/- 0) us 
Batch average size = 83.33333333333333 (+/- 81) requests
TOMMessage ByteCount = 920543
ConsensusMessage ByteCount = 99752
StandardSMMessage ByteCount = 434
--- Measurements after 2000 ops (1000 samples) ---
Throughput = 83.47942 operations/sec (Maximum observed: 83.47942 ops/sec)
Total latency = 47471.865997 (+/- 23420) us 
Consensus latency = 0.0 (+/- 0) us 
Pre-consensus latency = 0.0 (+/- 0) us 
Pos-consensus latency = -2.106499303734237E12 (+/- 0) us 
Propose latency = 0.0 (+/- 0) us 
Write latency = 0.0 (+/- 0) us 
Accept latency = 0.0 (+/- 0) us 
Batch average size = 90.9090909090909 (+/- 88) requests
TOMMessage ByteCount = 2258389
ConsensusMessage ByteCount = 199266
StandardSMMessage ByteCount = 434
--- Measurements after 3000 ops (1000 samples) ---
Throughput = 105.17459 operations/sec (Maximum observed: 105.17459 ops/sec)
Total latency = 43277.6745 (+/- 21280) us 
Consensus latency = 0.0 (+/- 0) us 
Pre-consensus latency = 0.0 (+/- 0) us 
Pos-consensus latency = -2.1064888074480247E12 (+/- 0) us 
Propose latency = 0.0 (+/- 0) us 
Write latency = 0.0 (+/- 0) us 
Accept latency = 0.0 (+/- 0) us 
Batch average size = 71.42857142857143 (+/- 83) requests
TOMMessage ByteCount = 3387016
ConsensusMessage ByteCount = 299479
StandardSMMessage ByteCount = 434
--- Measurements after 4000 ops (1000 samples) ---
Throughput = 142.93883 operations/sec (Maximum observed: 142.93883 ops/sec)
Total latency = 42046.073325000005 (+/- 20401) us 
Consensus latency = 0.0 (+/- 0) us 
Pre-consensus latency = 0.0 (+/- 0) us 
Pos-consensus latency = -2.1064808055482522E12 (+/- 0) us 
Propose latency = 0.0 (+/- 0) us 
Write latency = 0.0 (+/- 0) us 
Accept latency = 0.0 (+/- 0) us 
Batch average size = 100.0 (+/- 86) requests
TOMMessage ByteCount = 4310947
ConsensusMessage ByteCount = 398760
StandardSMMessage ByteCount = 434
--- Measurements after 5000 ops (1000 samples) ---
Throughput = 221.68034 operations/sec (Maximum observed: 221.68034 ops/sec)
Total latency = 41418.314379 (+/- 21710) us 
Consensus latency = 0.0 (+/- 0) us 
Pre-consensus latency = 0.0 (+/- 0) us 
Pos-consensus latency = -2.1064753072596577E12 (+/- 0) us 
Propose latency = 0.0 (+/- 0) us 
Write latency = 0.0 (+/- 0) us 
Accept latency = 0.0 (+/- 0) us 
Batch average size = 100.0 (+/- 88) requests
TOMMessage ByteCount = 5447494
ConsensusMessage ByteCount = 498049
StandardSMMessage ByteCount = 434
--- Measurements after 6000 ops (1000 samples) ---
Throughput = 503.0181 operations/sec (Maximum observed: 503.0181 ops/sec)
Total latency = 44576.437867 (+/- 21212) us 
Consensus latency = 0.0 (+/- 0) us 
Pre-consensus latency = 0.0 (+/- 0) us 
Pos-consensus latency = -2.1064723022677722E12 (+/- 0) us 
Propose latency = 0.0 (+/- 0) us 
Write latency = 0.0 (+/- 0) us 
Accept latency = 0.0 (+/- 0) us 
Batch average size = 100.0 (+/- 93) requests
TOMMessage ByteCount = 6584043
ConsensusMessage ByteCount = 597346
StandardSMMessage ByteCount = 434
--- Measurements after 7000 ops (1000 samples) ---
Throughput = 3831.4177 operations/sec (Maximum observed: 3831.4177 ops/sec)
Total latency = 98692.48135799999 (+/- 0) us 
Consensus latency = 0.0 (+/- 0) us 
Pre-consensus latency = 0.0 (+/- 0) us 
Pos-consensus latency = -2.1064715206217065E12 (+/- 0) us 
Propose latency = 0.0 (+/- 0) us 
Write latency = 0.0 (+/- 0) us 
Accept latency = 0.0 (+/- 0) us 
Batch average size = 388.5 (+/- 630) requests
TOMMessage ByteCount = 7037548
ConsensusMessage ByteCount = 1306430
StandardSMMessage ByteCount = 434
--- Measurements after 8000 ops (1000 samples) ---
Throughput = 4184.1006 operations/sec (Maximum observed: 4184.1006 ops/sec)
Total latency = 297314.76064999995 (+/- 0) us 
Consensus latency = 0.0 (+/- 0) us 
Pre-consensus latency = 0.0 (+/- 0) us 
Pos-consensus latency = -2.1064712875027065E12 (+/- 0) us 
Propose latency = 0.0 (+/- 0) us 
Write latency = 0.0 (+/- 0) us 
Accept latency = 0.0 (+/- 0) us 
Batch average size = 10376.0 (+/- 0) requests
TOMMessage ByteCount = 8542807
ConsensusMessage ByteCount = 2164400
StandardSMMessage ByteCount = 434
--- Measurements after 9000 ops (1000 samples) ---
Throughput = 4504.5044 operations/sec (Maximum observed: 4504.5044 ops/sec)
Total latency = 506743.20993199997 (+/- 0) us 
Consensus latency = 0.0 (+/- 0) us 
Pre-consensus latency = 0.0 (+/- 0) us 
Pos-consensus latency = -2.1064710544760737E12 (+/- 0) us 
Propose latency = 0.0 (+/- 0) us 
Write latency = 0.0 (+/- 0) us 
Accept latency = 0.0 (+/- 0) us 
Batch average size = NaN (+/- 0) requests
TOMMessage ByteCount = 8542807
ConsensusMessage ByteCount = 2938589
StandardSMMessage ByteCount = 434
--- Measurements after 10000 ops (1000 samples) ---
Throughput = 3378.3784 operations/sec (Maximum observed: 4504.5044 ops/sec)
Total latency = 733314.7503020001 (+/- 0) us 
Consensus latency = 0.0 (+/- 0) us 
Pre-consensus latency = 0.0 (+/- 0) us 
Pos-consensus latency = -2.1064707978100986E12 (+/- 0) us 
Propose latency = 0.0 (+/- 0) us 
Write latency = 0.0 (+/- 0) us 
Accept latency = 0.0 (+/- 0) us 
Batch average size = NaN (+/- 0) requests
TOMMessage ByteCount = 8542807
ConsensusMessage ByteCount = 3488684
StandardSMMessage ByteCount = 434
--- Measurements after 11000 ops (1000 samples) ---
Throughput = 4629.6294 operations/sec (Maximum observed: 4629.6294 ops/sec)
Total latency = 960086.343115 (+/- 0) us 
Consensus latency = 0.0 (+/- 0) us 
Pre-consensus latency = 0.0 (+/- 0) us 
Pos-consensus latency = -2.106470537494234E12 (+/- 0) us 
Propose latency = 0.0 (+/- 0) us 
Write latency = 0.0 (+/- 0) us 
Accept latency = 0.0 (+/- 0) us 
Batch average size = NaN (+/- 0) requests
TOMMessage ByteCount = 8542807
ConsensusMessage ByteCount = 4605647
StandardSMMessage ByteCount = 434
--- Measurements after 12000 ops (1000 samples) ---
Throughput = 4587.156 operations/sec (Maximum observed: 4629.6294 ops/sec)
Total latency = 1144024.560041 (+/- 0) us 
Consensus latency = 0.0 (+/- 0) us 
Pre-consensus latency = 0.0 (+/- 0) us 
Pos-consensus latency = -2.1064703212528516E12 (+/- 0) us 
Propose latency = 0.0 (+/- 0) us 
Write latency = 0.0 (+/- 0) us 
Accept latency = 0.0 (+/- 0) us 
Batch average size = NaN (+/- 0) requests
TOMMessage ByteCount = 8542807
ConsensusMessage ByteCount = 5428908
StandardSMMessage ByteCount = 434
--- Measurements after 13000 ops (1000 samples) ---
Throughput = 4651.1626 operations/sec (Maximum observed: 4651.1626 ops/sec)
Total latency = 1320970.775648 (+/- 0) us 
Consensus latency = 0.0 (+/- 0) us 
Pre-consensus latency = 0.0 (+/- 0) us 
Pos-consensus latency = -2.1064701049430474E12 (+/- 0) us 
Propose latency = 0.0 (+/- 0) us 
Write latency = 0.0 (+/- 0) us 
Accept latency = 0.0 (+/- 0) us 
Batch average size = NaN (+/- 0) requests
TOMMessage ByteCount = 8542807
ConsensusMessage ByteCount = 6191691
StandardSMMessage ByteCount = 434
--- Measurements after 14000 ops (1000 samples) ---
Throughput = 4629.6294 operations/sec (Maximum observed: 4651.1626 ops/sec)
Total latency = 1514526.624585 (+/- 0) us 
Consensus latency = 0.0 (+/- 0) us 
Pre-consensus latency = 0.0 (+/- 0) us 
Pos-consensus latency = -2.106469889627939E12 (+/- 0) us 
Propose latency = 0.0 (+/- 0) us 
Write latency = 0.0 (+/- 0) us 
Accept latency = 0.0 (+/- 0) us 
Batch average size = NaN (+/- 0) requests
TOMMessage ByteCount = 8542807
ConsensusMessage ByteCount = 6910982
StandardSMMessage ByteCount = 434
--- Measurements after 15000 ops (1000 samples) ---
Throughput = 4784.689 operations/sec (Maximum observed: 4784.689 ops/sec)
Total latency = 1702918.827598 (+/- 0) us 
Consensus latency = 0.0 (+/- 0) us 
Pre-consensus latency = 0.0 (+/- 0) us 
Pos-consensus latency = -2.1064696729728599E12 (+/- 0) us 
Propose latency = 0.0 (+/- 0) us 
Write latency = 0.0 (+/- 0) us 
Accept latency = 0.0 (+/- 0) us 
Batch average size = NaN (+/- 0) requests
TOMMessage ByteCount = 8542807
LCMessage ByteCount = 5
ConsensusMessage ByteCount = 7642160
StandardSMMessage ByteCount = 434
--- Measurements after 16000 ops (1000 samples) ---
Throughput = 4608.295 operations/sec (Maximum observed: 4784.689 ops/sec)
Total latency = 1894263.1415209998 (+/- 0) us 
Consensus latency = 0.0 (+/- 0) us 
Pre-consensus latency = 0.0 (+/- 0) us 
Pos-consensus latency = -2.1064694562832634E12 (+/- 0) us 
Propose latency = 0.0 (+/- 0) us 
Write latency = 0.0 (+/- 0) us 
Accept latency = 0.0 (+/- 0) us 
Batch average size = NaN (+/- 0) requests
TOMMessage ByteCount = 8542807
LCMessage ByteCount = 5
ConsensusMessage ByteCount = 8251646
StandardSMMessage ByteCount = 434
--- Measurements after 17000 ops (1000 samples) ---
Throughput = 4629.6294 operations/sec (Maximum observed: 4784.689 ops/sec)
Total latency = 2082032.457769 (+/- 0) us 
Consensus latency = 0.0 (+/- 0) us 
Pre-consensus latency = 0.0 (+/- 0) us 
Pos-consensus latency = -2.10646924061331E12 (+/- 0) us 
Propose latency = 0.0 (+/- 0) us 
Write latency = 0.0 (+/- 0) us 
Accept latency = 0.0 (+/- 0) us 
Batch average size = NaN (+/- 0) requests
TOMMessage ByteCount = 8542807
LCMessage ByteCount = 5
ConsensusMessage ByteCount = 8657689
StandardSMMessage ByteCount = 434
--- Measurements after 18000 ops (1000 samples) ---
Throughput = 3012.048 operations/sec (Maximum observed: 4784.689 ops/sec)
Total latency = 2277111.5055489996 (+/- 0) us 
Consensus latency = 0.0 (+/- 0) us 
Pre-consensus latency = 0.0 (+/- 0) us 
Pos-consensus latency = -2.1064690171650173E12 (+/- 0) us 
Propose latency = 0.0 (+/- 0) us 
Write latency = 0.0 (+/- 0) us 
Accept latency = 0.0 (+/- 0) us 
Batch average size = 81491.0 (+/- 0) requests
TOMMessage ByteCount = 20297527
LCMessage ByteCount = 5
ConsensusMessage ByteCount = 10079749
StandardSMMessage ByteCount = 434
--- Measurements after 19000 ops (1000 samples) ---
Throughput = 4587.156 operations/sec (Maximum observed: 4784.689 ops/sec)
Total latency = 2562764.023089 (+/- 0) us 
Consensus latency = 0.0 (+/- 0) us 
Pre-consensus latency = 0.0 (+/- 0) us 
Pos-consensus latency = -2.1064686919282517E12 (+/- 0) us 
Propose latency = 0.0 (+/- 0) us 
Write latency = 0.0 (+/- 0) us 
Accept latency = 0.0 (+/- 0) us 
Batch average size = NaN (+/- 0) requests
TOMMessage ByteCount = 20297527
LCMessage ByteCount = 5
ConsensusMessage ByteCount = 11203717
StandardSMMessage ByteCount = 434
--- Measurements after 20000 ops (1000 samples) ---
Throughput = 4237.288 operations/sec (Maximum observed: 4784.689 ops/sec)
Total latency = 2765519.667281 (+/- 0) us 
Consensus latency = 0.0 (+/- 0) us 
Pre-consensus latency = 0.0 (+/- 0) us 
Pos-consensus latency = -2.1064684580748103E12 (+/- 0) us 
Propose latency = 0.0 (+/- 0) us 
Write latency = 0.0 (+/- 0) us 
Accept latency = 0.0 (+/- 0) us 
Batch average size = NaN (+/- 0) requests
TOMMessage ByteCount = 20297527
LCMessage ByteCount = 5
ConsensusMessage ByteCount = 12045008
StandardSMMessage ByteCount = 434
--- Measurements after 21000 ops (1000 samples) ---
Throughput = 4444.4443 operations/sec (Maximum observed: 4784.689 ops/sec)
Total latency = 2966700.482559 (+/- 0) us 
Consensus latency = 0.0 (+/- 0) us 
Pre-consensus latency = 0.0 (+/- 0) us 
Pos-consensus latency = -2.1064682325246194E12 (+/- 0) us 
Propose latency = 0.0 (+/- 0) us 
Write latency = 0.0 (+/- 0) us 
Accept latency = 0.0 (+/- 0) us 
Batch average size = NaN (+/- 0) requests
TOMMessage ByteCount = 20297527
LCMessage ByteCount = 5
ConsensusMessage ByteCount = 12845445
StandardSMMessage ByteCount = 434
--- Measurements after 22000 ops (1000 samples) ---
Throughput = 3472.2222 operations/sec (Maximum observed: 4784.689 ops/sec)
Total latency = 3186552.063182 (+/- 0) us 
Consensus latency = 0.0 (+/- 0) us 
Pre-consensus latency = 0.0 (+/- 0) us 
Pos-consensus latency = -2.1064679862722095E12 (+/- 0) us 
Propose latency = 0.0 (+/- 0) us 
Write latency = 0.0 (+/- 0) us 
Accept latency = 0.0 (+/- 0) us 
Batch average size = NaN (+/- 0) requests
TOMMessage ByteCount = 20297527
LCMessage ByteCount = 5
ConsensusMessage ByteCount = 13441141
StandardSMMessage ByteCount = 434
--- Measurements after 23000 ops (1000 samples) ---
Throughput = 4424.779 operations/sec (Maximum observed: 4784.689 ops/sec)
Total latency = 3423363.256663 (+/- 0) us 
Consensus latency = 0.0 (+/- 0) us 
Pre-consensus latency = 0.0 (+/- 0) us 
Pos-consensus latency = -2.1064677222881284E12 (+/- 0) us 
Propose latency = 0.0 (+/- 0) us 
Write latency = 0.0 (+/- 0) us 
Accept latency = 0.0 (+/- 0) us 
Batch average size = NaN (+/- 0) requests
TOMMessage ByteCount = 20297527
LCMessage ByteCount = 10
ConsensusMessage ByteCount = 14673875
StandardSMMessage ByteCount = 434
--- Measurements after 24000 ops (1000 samples) ---
Throughput = 4524.8867 operations/sec (Maximum observed: 4784.689 ops/sec)
Total latency = 3622024.798801 (+/- 0) us 
Consensus latency = 0.0 (+/- 0) us 
Pre-consensus latency = 0.0 (+/- 0) us 
Pos-consensus latency = -2.1064674963650183E12 (+/- 0) us 
Propose latency = 0.0 (+/- 0) us 
Write latency = 0.0 (+/- 0) us 
Accept latency = 0.0 (+/- 0) us 
Batch average size = NaN (+/- 0) requests
TOMMessage ByteCount = 20297527
LCMessage ByteCount = 10
ConsensusMessage ByteCount = 15487822
StandardSMMessage ByteCount = 434
--- Measurements after 25000 ops (1000 samples) ---
Throughput = 4444.4443 operations/sec (Maximum observed: 4784.689 ops/sec)
Total latency = 3819358.544291 (+/- 0) us 
Consensus latency = 0.0 (+/- 0) us 
Pre-consensus latency = 0.0 (+/- 0) us 
Pos-consensus latency = -2.1064672702349663E12 (+/- 0) us 
Propose latency = 0.0 (+/- 0) us 
Write latency = 0.0 (+/- 0) us 
Accept latency = 0.0 (+/- 0) us 
Batch average size = NaN (+/- 0) requests
TOMMessage ByteCount = 20297527
LCMessage ByteCount = 10
ConsensusMessage ByteCount = 16289172
StandardSMMessage ByteCount = 434
--- Measurements after 26000 ops (1000 samples) ---
Throughput = 4347.826 operations/sec (Maximum observed: 4784.689 ops/sec)
Total latency = 4005658.8981810003 (+/- 0) us 
Consensus latency = 0.0 (+/- 0) us 
Pre-consensus latency = 0.0 (+/- 0) us 
Pos-consensus latency = -2.106467044874024E12 (+/- 0) us 
Propose latency = 0.0 (+/- 0) us 
Write latency = 0.0 (+/- 0) us 
Accept latency = 0.0 (+/- 0) us 
Batch average size = NaN (+/- 0) requests
TOMMessage ByteCount = 20297527
LCMessage ByteCount = 10
ConsensusMessage ByteCount = 17097087
StandardSMMessage ByteCount = 434
--- Measurements after 27000 ops (1000 samples) ---
Throughput = 4366.812 operations/sec (Maximum observed: 4784.689 ops/sec)
Total latency = 4214208.731655 (+/- 0) us 
Consensus latency = 0.0 (+/- 0) us 
Pre-consensus latency = 0.0 (+/- 0) us 
Pos-consensus latency = -2.1064668173419768E12 (+/- 0) us 
Propose latency = 0.0 (+/- 0) us 
Write latency = 0.0 (+/- 0) us 
Accept latency = 0.0 (+/- 0) us 
Batch average size = NaN (+/- 0) requests
TOMMessage ByteCount = 20297527
LCMessage ByteCount = 10
ConsensusMessage ByteCount = 17936054
StandardSMMessage ByteCount = 434
--- Measurements after 28000 ops (1000 samples) ---
Throughput = 4524.8867 operations/sec (Maximum observed: 4784.689 ops/sec)
Total latency = 4416286.950607 (+/- 0) us 
Consensus latency = 0.0 (+/- 0) us 
Pre-consensus latency = 0.0 (+/- 0) us 
Pos-consensus latency = -2.1064665890161577E12 (+/- 0) us 
Propose latency = 0.0 (+/- 0) us 
Write latency = 0.0 (+/- 0) us 
Accept latency = 0.0 (+/- 0) us 
Batch average size = NaN (+/- 0) requests
TOMMessage ByteCount = 20297527
LCMessage ByteCount = 10
ConsensusMessage ByteCount = 18713921
StandardSMMessage ByteCount = 434
--- Measurements after 29000 ops (1000 samples) ---
Throughput = 4424.779 operations/sec (Maximum observed: 4784.689 ops/sec)
Total latency = 4612126.956269 (+/- 0) us 
Consensus latency = 0.0 (+/- 0) us 
Pre-consensus latency = 0.0 (+/- 0) us 
Pos-consensus latency = -2.1064663637937302E12 (+/- 0) us 
Propose latency = 0.0 (+/- 0) us 
Write latency = 0.0 (+/- 0) us 
Accept latency = 0.0 (+/- 0) us 
Batch average size = NaN (+/- 0) requests
TOMMessage ByteCount = 20297527
LCMessage ByteCount = 10
ConsensusMessage ByteCount = 19519151
StandardSMMessage ByteCount = 434
--- Measurements after 30000 ops (1000 samples) ---
Throughput = 4484.305 operations/sec (Maximum observed: 4784.689 ops/sec)
Total latency = 4807760.584028 (+/- 0) us 
Consensus latency = 0.0 (+/- 0) us 
Pre-consensus latency = 0.0 (+/- 0) us 
Pos-consensus latency = -2.1064661406305464E12 (+/- 0) us 
Propose latency = 0.0 (+/- 0) us 
Write latency = 0.0 (+/- 0) us 
Accept latency = 0.0 (+/- 0) us 
Batch average size = NaN (+/- 0) requests
TOMMessage ByteCount = 20297527
LCMessage ByteCount = 10
ConsensusMessage ByteCount = 19911061
StandardSMMessage ByteCount = 434
--- Measurements after 31000 ops (1000 samples) ---
Throughput = 4784.689 operations/sec (Maximum observed: 4784.689 ops/sec)
Total latency = 4996348.067131 (+/- 0) us 
Consensus latency = 0.0 (+/- 0) us 
Pre-consensus latency = 0.0 (+/- 0) us 
Pos-consensus latency = -2.1064659236514016E12 (+/- 0) us 
Propose latency = 0.0 (+/- 0) us 
Write latency = 0.0 (+/- 0) us 
Accept latency = 0.0 (+/- 0) us 
Batch average size = NaN (+/- 0) requests
TOMMessage ByteCount = 20297527
LCMessage ByteCount = 10
ConsensusMessage ByteCount = 19932694
StandardSMMessage ByteCount = 434
--- Measurements after 32000 ops (1000 samples) ---
Throughput = 4694.8354 operations/sec (Maximum observed: 4784.689 ops/sec)
Total latency = 5164956.224994 (+/- 0) us 
Consensus latency = 0.0 (+/- 0) us 
Pre-consensus latency = 0.0 (+/- 0) us 
Pos-consensus latency = -2.1064657131853796E12 (+/- 0) us 
Propose latency = 0.0 (+/- 0) us 
Write latency = 0.0 (+/- 0) us 
Accept latency = 0.0 (+/- 0) us 
Batch average size = NaN (+/- 0) requests
TOMMessage ByteCount = 20297527
LCMessage ByteCount = 10
ConsensusMessage ByteCount = 19932694
StandardSMMessage ByteCount = 434
--- Measurements after 33000 ops (1000 samples) ---
Throughput = 4854.369 operations/sec (Maximum observed: 4854.369 ops/sec)
Total latency = 5318097.755089 (+/- 0) us 
Consensus latency = 0.0 (+/- 0) us 
Pre-consensus latency = 0.0 (+/- 0) us 
Pos-consensus latency = -2.1064655030337249E12 (+/- 0) us 
Propose latency = 0.0 (+/- 0) us 
Write latency = 0.0 (+/- 0) us 
Accept latency = 0.0 (+/- 0) us 
Batch average size = NaN (+/- 0) requests
TOMMessage ByteCount = 20297527
LCMessage ByteCount = 10
ConsensusMessage ByteCount = 19932694
StandardSMMessage ByteCount = 434
--- Measurements after 34000 ops (1000 samples) ---
Throughput = 4739.3364 operations/sec (Maximum observed: 4854.369 ops/sec)
Total latency = 5390429.379281 (+/- 0) us 
Consensus latency = 0.0 (+/- 0) us 
Pre-consensus latency = 0.0 (+/- 0) us 
Pos-consensus latency = -2.1064652941408022E12 (+/- 0) us 
Propose latency = 0.0 (+/- 0) us 
Write latency = 0.0 (+/- 0) us 
Accept latency = 0.0 (+/- 0) us 
Batch average size = NaN (+/- 0) requests
TOMMessage ByteCount = 20297527
LCMessage ByteCount = 10
ConsensusMessage ByteCount = 19932694
StandardSMMessage ByteCount = 434
--- Measurements after 35000 ops (1000 samples) ---
Throughput = 4854.369 operations/sec (Maximum observed: 4854.369 ops/sec)
Total latency = 5577464.4854 (+/- 0) us 
Consensus latency = 0.0 (+/- 0) us 
Pre-consensus latency = 0.0 (+/- 0) us 
Pos-consensus latency = -2.1064650847825593E12 (+/- 0) us 
Propose latency = 0.0 (+/- 0) us 
Write latency = 0.0 (+/- 0) us 
Accept latency = 0.0 (+/- 0) us 
Batch average size = NaN (+/- 0) requests
TOMMessage ByteCount = 20297527
LCMessage ByteCount = 10
ConsensusMessage ByteCount = 19932694
StandardSMMessage ByteCount = 434
--- Measurements after 36000 ops (1000 samples) ---
Throughput = 4716.981 operations/sec (Maximum observed: 4854.369 ops/sec)
Total latency = 5768659.031842 (+/- 0) us 
Consensus latency = 0.0 (+/- 0) us 
Pre-consensus latency = 0.0 (+/- 0) us 
Pos-consensus latency = -2.1064648758834878E12 (+/- 0) us 
Propose latency = 0.0 (+/- 0) us 
Write latency = 0.0 (+/- 0) us 
Accept latency = 0.0 (+/- 0) us 
Batch average size = NaN (+/- 0) requests
TOMMessage ByteCount = 20297527
LCMessage ByteCount = 10
ConsensusMessage ByteCount = 19932694
StandardSMMessage ByteCount = 434
--- Measurements after 37000 ops (1000 samples) ---
Throughput = 4854.369 operations/sec (Maximum observed: 4854.369 ops/sec)
Total latency = 5958846.0608439995 (+/- 0) us 
Consensus latency = 0.0 (+/- 0) us 
Pre-consensus latency = 0.0 (+/- 0) us 
Pos-consensus latency = -2.1064646665138936E12 (+/- 0) us 
Propose latency = 0.0 (+/- 0) us 
Write latency = 0.0 (+/- 0) us 
Accept latency = 0.0 (+/- 0) us 
Batch average size = NaN (+/- 0) requests
TOMMessage ByteCount = 20297527
LCMessage ByteCount = 10
ConsensusMessage ByteCount = 19932694
StandardSMMessage ByteCount = 434
--- Measurements after 38000 ops (1000 samples) ---
Throughput = 4716.981 operations/sec (Maximum observed: 4854.369 ops/sec)
Total latency = 6148984.998444 (+/- 0) us 
Consensus latency = 0.0 (+/- 0) us 
Pre-consensus latency = 0.0 (+/- 0) us 
Pos-consensus latency = -2.1064644579313687E12 (+/- 0) us 
Propose latency = 0.0 (+/- 0) us 
Write latency = 0.0 (+/- 0) us 
Accept latency = 0.0 (+/- 0) us 
Batch average size = NaN (+/- 0) requests
TOMMessage ByteCount = 20297527
LCMessage ByteCount = 10
ConsensusMessage ByteCount = 19932694
StandardSMMessage ByteCount = 434
--- Measurements after 39000 ops (1000 samples) ---
Throughput = 4854.369 operations/sec (Maximum observed: 4854.369 ops/sec)
Total latency = 6339967.566523 (+/- 0) us 
Consensus latency = 0.0 (+/- 0) us 
Pre-consensus latency = 0.0 (+/- 0) us 
Pos-consensus latency = -2.1064642484869626E12 (+/- 0) us 
Propose latency = 0.0 (+/- 0) us 
Write latency = 0.0 (+/- 0) us 
Accept latency = 0.0 (+/- 0) us 
Batch average size = NaN (+/- 0) requests
TOMMessage ByteCount = 20297527
LCMessage ByteCount = 10
ConsensusMessage ByteCount = 19932694
StandardSMMessage ByteCount = 434
--- Measurements after 40000 ops (1000 samples) ---
Throughput = 4716.981 operations/sec (Maximum observed: 4854.369 ops/sec)
Total latency = 6529942.711247 (+/- 0) us 
Consensus latency = 0.0 (+/- 0) us 
Pre-consensus latency = 0.0 (+/- 0) us 
Pos-consensus latency = -2.1064640400685889E12 (+/- 0) us 
Propose latency = 0.0 (+/- 0) us 
Write latency = 0.0 (+/- 0) us 
Accept latency = 0.0 (+/- 0) us 
Batch average size = NaN (+/- 0) requests
TOMMessage ByteCount = 20297527
LCMessage ByteCount = 10
ConsensusMessage ByteCount = 19932694
StandardSMMessage ByteCount = 434
--- Measurements after 41000 ops (1000 samples) ---
Throughput = 4854.369 operations/sec (Maximum observed: 4854.369 ops/sec)
Total latency = 6709599.654593 (+/- 0) us 
Consensus latency = 0.0 (+/- 0) us 
Pre-consensus latency = 0.0 (+/- 0) us 
Pos-consensus latency = -2.1064638306626433E12 (+/- 0) us 
Propose latency = 0.0 (+/- 0) us 
Write latency = 0.0 (+/- 0) us 
Accept latency = 0.0 (+/- 0) us 
Batch average size = NaN (+/- 0) requests
TOMMessage ByteCount = 20297527
LCMessage ByteCount = 10
ConsensusMessage ByteCount = 19932694
StandardSMMessage ByteCount = 434
--- Measurements after 42000 ops (1000 samples) ---
Throughput = 4739.3364 operations/sec (Maximum observed: 4854.369 ops/sec)
Total latency = 6888012.996126001 (+/- 0) us 
Consensus latency = 0.0 (+/- 0) us 
Pre-consensus latency = 0.0 (+/- 0) us 
Pos-consensus latency = -2.1064636225530957E12 (+/- 0) us 
Propose latency = 0.0 (+/- 0) us 
Write latency = 0.0 (+/- 0) us 
Accept latency = 0.0 (+/- 0) us 
Batch average size = NaN (+/- 0) requests
TOMMessage ByteCount = 20297527
LCMessage ByteCount = 10
ConsensusMessage ByteCount = 19932694
StandardSMMessage ByteCount = 434
--- Measurements after 43000 ops (1000 samples) ---
Throughput = 4854.369 operations/sec (Maximum observed: 4854.369 ops/sec)
Total latency = 7074353.042451 (+/- 0) us 
Consensus latency = 0.0 (+/- 0) us 
Pre-consensus latency = 0.0 (+/- 0) us 
Pos-consensus latency = -2.1064634133033186E12 (+/- 0) us 
Propose latency = 0.0 (+/- 0) us 
Write latency = 0.0 (+/- 0) us 
Accept latency = 0.0 (+/- 0) us 
Batch average size = NaN (+/- 0) requests
TOMMessage ByteCount = 20297527
LCMessage ByteCount = 10
ConsensusMessage ByteCount = 19932694
StandardSMMessage ByteCount = 434
--- Measurements after 44000 ops (1000 samples) ---
Throughput = 4716.981 operations/sec (Maximum observed: 4854.369 ops/sec)
Total latency = 7263870.377821 (+/- 0) us 
Consensus latency = 0.0 (+/- 0) us 
Pre-consensus latency = 0.0 (+/- 0) us 
Pos-consensus latency = -2.1064632050374744E12 (+/- 0) us 
Propose latency = 0.0 (+/- 0) us 
Write latency = 0.0 (+/- 0) us 
Accept latency = 0.0 (+/- 0) us 
Batch average size = NaN (+/- 0) requests
TOMMessage ByteCount = 20297527
LCMessage ByteCount = 10
ConsensusMessage ByteCount = 19932694
StandardSMMessage ByteCount = 434
--- Measurements after 45000 ops (1000 samples) ---
Throughput = 4854.369 operations/sec (Maximum observed: 4854.369 ops/sec)
Total latency = 7456936.798884 (+/- 0) us 
Consensus latency = 0.0 (+/- 0) us 
Pre-consensus latency = 0.0 (+/- 0) us 
Pos-consensus latency = -2.106462995212736E12 (+/- 0) us 
Propose latency = 0.0 (+/- 0) us 
Write latency = 0.0 (+/- 0) us 
Accept latency = 0.0 (+/- 0) us 
Batch average size = NaN (+/- 0) requests
TOMMessage ByteCount = 20297527
LCMessage ByteCount = 10
ConsensusMessage ByteCount = 19932694
StandardSMMessage ByteCount = 434
--- Measurements after 46000 ops (1000 samples) ---
Throughput = 4694.8354 operations/sec (Maximum observed: 4854.369 ops/sec)
Total latency = 7647944.439416001 (+/- 0) us 
Consensus latency = 0.0 (+/- 0) us 
Pre-consensus latency = 0.0 (+/- 0) us 
Pos-consensus latency = -2.1064627868256353E12 (+/- 0) us 
Propose latency = 0.0 (+/- 0) us 
Write latency = 0.0 (+/- 0) us 
Accept latency = 0.0 (+/- 0) us 
Batch average size = NaN (+/- 0) requests
TOMMessage ByteCount = 20297527
LCMessage ByteCount = 10
ConsensusMessage ByteCount = 19932694
StandardSMMessage ByteCount = 434
--- Measurements after 47000 ops (1000 samples) ---
Throughput = 4854.369 operations/sec (Maximum observed: 4854.369 ops/sec)
Total latency = 7839737.584372 (+/- 0) us 
Consensus latency = 0.0 (+/- 0) us 
Pre-consensus latency = 0.0 (+/- 0) us 
Pos-consensus latency = -2.1064625767125342E12 (+/- 0) us 
Propose latency = 0.0 (+/- 0) us 
Write latency = 0.0 (+/- 0) us 
Accept latency = 0.0 (+/- 0) us 
Batch average size = NaN (+/- 0) requests
TOMMessage ByteCount = 20297527
LCMessage ByteCount = 10
ConsensusMessage ByteCount = 19932694
StandardSMMessage ByteCount = 434
--- Measurements after 48000 ops (1000 samples) ---
Throughput = 4716.981 operations/sec (Maximum observed: 4854.369 ops/sec)
Total latency = 8031096.038165 (+/- 0) us 
Consensus latency = 0.0 (+/- 0) us 
Pre-consensus latency = 0.0 (+/- 0) us 
Pos-consensus latency = -2.106462368628185E12 (+/- 0) us 
Propose latency = 0.0 (+/- 0) us 
Write latency = 0.0 (+/- 0) us 
Accept latency = 0.0 (+/- 0) us 
Batch average size = NaN (+/- 0) requests
TOMMessage ByteCount = 20297527
LCMessage ByteCount = 10
ConsensusMessage ByteCount = 19932694
StandardSMMessage ByteCount = 434
--- Measurements after 49000 ops (1000 samples) ---
Throughput = 4878.049 operations/sec (Maximum observed: 4878.049 ops/sec)
Total latency = 8219590.811801 (+/- 0) us 
Consensus latency = 0.0 (+/- 0) us 
Pre-consensus latency = 0.0 (+/- 0) us 
Pos-consensus latency = -2.1064621590250503E12 (+/- 0) us 
Propose latency = 0.0 (+/- 0) us 
Write latency = 0.0 (+/- 0) us 
Accept latency = 0.0 (+/- 0) us 
Batch average size = NaN (+/- 0) requests
TOMMessage ByteCount = 20297527
LCMessage ByteCount = 10
ConsensusMessage ByteCount = 19932694
StandardSMMessage ByteCount = 434
--- Measurements after 50000 ops (1000 samples) ---
Throughput = 4694.8354 operations/sec (Maximum observed: 4878.049 ops/sec)
Total latency = 8404258.233051 (+/- 0) us 
Consensus latency = 0.0 (+/- 0) us 
Pre-consensus latency = 0.0 (+/- 0) us 
Pos-consensus latency = -2.1064619509650078E12 (+/- 0) us 
Propose latency = 0.0 (+/- 0) us 
Write latency = 0.0 (+/- 0) us 
Accept latency = 0.0 (+/- 0) us 
Batch average size = NaN (+/- 0) requests
TOMMessage ByteCount = 20297527
LCMessage ByteCount = 10
ConsensusMessage ByteCount = 19932694
StandardSMMessage ByteCount = 434
--- Measurements after 51000 ops (1000 samples) ---
Throughput = 4878.049 operations/sec (Maximum observed: 4878.049 ops/sec)
Total latency = 8585571.050483 (+/- 0) us 
Consensus latency = 0.0 (+/- 0) us 
Pre-consensus latency = 0.0 (+/- 0) us 
Pos-consensus latency = -2.1064617409037893E12 (+/- 0) us 
Propose latency = 0.0 (+/- 0) us 
Write latency = 0.0 (+/- 0) us 
Accept latency = 0.0 (+/- 0) us 
Batch average size = NaN (+/- 0) requests
TOMMessage ByteCount = 20297527
LCMessage ByteCount = 10
ConsensusMessage ByteCount = 19932694
StandardSMMessage ByteCount = 434
--- Measurements after 52000 ops (1000 samples) ---
Throughput = 4694.8354 operations/sec (Maximum observed: 4878.049 ops/sec)
Total latency = 8757099.605432 (+/- 0) us 
Consensus latency = 0.0 (+/- 0) us 
Pre-consensus latency = 0.0 (+/- 0) us 
Pos-consensus latency = -2.1064615324283032E12 (+/- 0) us 
Propose latency = 0.0 (+/- 0) us 
Write latency = 0.0 (+/- 0) us 
Accept latency = 0.0 (+/- 0) us 
Batch average size = NaN (+/- 0) requests
TOMMessage ByteCount = 20297527
LCMessage ByteCount = 10
ConsensusMessage ByteCount = 19932694
StandardSMMessage ByteCount = 434
--- Measurements after 53000 ops (1000 samples) ---
Throughput = 5617.9775 operations/sec (Maximum observed: 5617.9775 ops/sec)
Total latency = 8940732.908371 (+/- 0) us 
Consensus latency = 0.0 (+/- 0) us 
Pre-consensus latency = 0.0 (+/- 0) us 
Pos-consensus latency = -2.1064613258007217E12 (+/- 0) us 
Propose latency = 0.0 (+/- 0) us 
Write latency = 0.0 (+/- 0) us 
Accept latency = 0.0 (+/- 0) us 
Batch average size = NaN (+/- 0) requests
TOMMessage ByteCount = 20297527
LCMessage ByteCount = 10
ConsensusMessage ByteCount = 19932694
StandardSMMessage ByteCount = 434
--- Measurements after 54000 ops (1000 samples) ---
Throughput = 8333.333 operations/sec (Maximum observed: 8333.333 ops/sec)
Total latency = 9055439.796229 (+/- 0) us 
Consensus latency = 0.0 (+/- 0) us 
Pre-consensus latency = 0.0 (+/- 0) us 
Pos-consensus latency = -2.1064611887133147E12 (+/- 0) us 
Propose latency = 0.0 (+/- 0) us 
Write latency = 0.0 (+/- 0) us 
Accept latency = 0.0 (+/- 0) us 
Batch average size = NaN (+/- 0) requests
TOMMessage ByteCount = 20297527
LCMessage ByteCount = 10
ConsensusMessage ByteCount = 19932694
StandardSMMessage ByteCount = 434
--- Measurements after 55000 ops (1000 samples) ---
Throughput = 8928.571 operations/sec (Maximum observed: 8928.571 ops/sec)
Total latency = 9147077.647612 (+/- 0) us 
Consensus latency = 0.0 (+/- 0) us 
Pre-consensus latency = 0.0 (+/- 0) us 
Pos-consensus latency = -2.1064610706359866E12 (+/- 0) us 
Propose latency = 0.0 (+/- 0) us 
Write latency = 0.0 (+/- 0) us 
Accept latency = 0.0 (+/- 0) us 
Batch average size = NaN (+/- 0) requests
TOMMessage ByteCount = 20297527
LCMessage ByteCount = 10
ConsensusMessage ByteCount = 19932694
StandardSMMessage ByteCount = 434
--- Measurements after 56000 ops (1000 samples) ---
Throughput = 8547.009 operations/sec (Maximum observed: 8928.571 ops/sec)
Total latency = 9232535.544886999 (+/- 0) us 
Consensus latency = 0.0 (+/- 0) us 
Pre-consensus latency = 0.0 (+/- 0) us 
Pos-consensus latency = -2.1064609580272178E12 (+/- 0) us 
Propose latency = 0.0 (+/- 0) us 
Write latency = 0.0 (+/- 0) us 
Accept latency = 0.0 (+/- 0) us 
Batch average size = NaN (+/- 0) requests
TOMMessage ByteCount = 20297527
LCMessage ByteCount = 10
ConsensusMessage ByteCount = 19932694
StandardSMMessage ByteCount = 434
--- Measurements after 57000 ops (1000 samples) ---
Throughput = 8547.009 operations/sec (Maximum observed: 8928.571 ops/sec)
Total latency = 9322911.125966 (+/- 0) us 
Consensus latency = 0.0 (+/- 0) us 
Pre-consensus latency = 0.0 (+/- 0) us 
Pos-consensus latency = -2.106460838829602E12 (+/- 0) us 
Propose latency = 0.0 (+/- 0) us 
Write latency = 0.0 (+/- 0) us 
Accept latency = 0.0 (+/- 0) us 
Batch average size = NaN (+/- 0) requests
TOMMessage ByteCount = 20297527
LCMessage ByteCount = 10
ConsensusMessage ByteCount = 19932694
StandardSMMessage ByteCount = 434
--- Measurements after 58000 ops (1000 samples) ---
Throughput = 8620.689 operations/sec (Maximum observed: 8928.571 ops/sec)
Total latency = 9409801.87568 (+/- 0) us 
Consensus latency = 0.0 (+/- 0) us 
Pre-consensus latency = 0.0 (+/- 0) us 
Pos-consensus latency = -2.1064607244514607E12 (+/- 0) us 
Propose latency = 0.0 (+/- 0) us 
Write latency = 0.0 (+/- 0) us 
Accept latency = 0.0 (+/- 0) us 
Batch average size = NaN (+/- 0) requests
TOMMessage ByteCount = 20297527
LCMessage ByteCount = 10
ConsensusMessage ByteCount = 19932694
StandardSMMessage ByteCount = 434
--- Measurements after 59000 ops (1000 samples) ---
Throughput = 8928.571 operations/sec (Maximum observed: 8928.571 ops/sec)
Total latency = 9498771.736833999 (+/- 0) us 
Consensus latency = 0.0 (+/- 0) us 
Pre-consensus latency = 0.0 (+/- 0) us 
Pos-consensus latency = -2.106460607763201E12 (+/- 0) us 
Propose latency = 0.0 (+/- 0) us 
Write latency = 0.0 (+/- 0) us 
Accept latency = 0.0 (+/- 0) us 
Batch average size = NaN (+/- 0) requests
TOMMessage ByteCount = 20297527
LCMessage ByteCount = 10
ConsensusMessage ByteCount = 19932694
StandardSMMessage ByteCount = 434
--- Measurements after 60000 ops (1000 samples) ---
Throughput = 8620.689 operations/sec (Maximum observed: 8928.571 ops/sec)
Total latency = 9580504.300762 (+/- 0) us 
Consensus latency = 0.0 (+/- 0) us 
Pre-consensus latency = 0.0 (+/- 0) us 
Pos-consensus latency = -2.1064604963096235E12 (+/- 0) us 
Propose latency = 0.0 (+/- 0) us 
Write latency = 0.0 (+/- 0) us 
Accept latency = 0.0 (+/- 0) us 
Batch average size = NaN (+/- 0) requests
TOMMessage ByteCount = 20297527
LCMessage ByteCount = 10
ConsensusMessage ByteCount = 19932694
StandardSMMessage ByteCount = 434
--- Measurements after 61000 ops (1000 samples) ---
Throughput = 8620.689 operations/sec (Maximum observed: 8928.571 ops/sec)
Total latency = 9664235.476676 (+/- 0) us 
Consensus latency = 0.0 (+/- 0) us 
Pre-consensus latency = 0.0 (+/- 0) us 
Pos-consensus latency = -2.1064603771404329E12 (+/- 0) us 
Propose latency = 0.0 (+/- 0) us 
Write latency = 0.0 (+/- 0) us 
Accept latency = 0.0 (+/- 0) us 
Batch average size = NaN (+/- 0) requests
TOMMessage ByteCount = 20297527
LCMessage ByteCount = 10
ConsensusMessage ByteCount = 19932694
StandardSMMessage ByteCount = 434
--- Measurements after 62000 ops (1000 samples) ---
Throughput = 9009.009 operations/sec (Maximum observed: 9009.009 ops/sec)
Total latency = 9751691.053635 (+/- 0) us 
Consensus latency = 0.0 (+/- 0) us 
Pre-consensus latency = 0.0 (+/- 0) us 
Pos-consensus latency = -2.106460265338694E12 (+/- 0) us 
Propose latency = 0.0 (+/- 0) us 
Write latency = 0.0 (+/- 0) us 
Accept latency = 0.0 (+/- 0) us 
Batch average size = NaN (+/- 0) requests
TOMMessage ByteCount = 20297527
LCMessage ByteCount = 10
ConsensusMessage ByteCount = 19932694
StandardSMMessage ByteCount = 434
--- Measurements after 63000 ops (1000 samples) ---
Throughput = 8547.009 operations/sec (Maximum observed: 9009.009 ops/sec)
Total latency = 9843014.952764 (+/- 0) us 
Consensus latency = 0.0 (+/- 0) us 
Pre-consensus latency = 0.0 (+/- 0) us 
Pos-consensus latency = -2.106460149373145E12 (+/- 0) us 
Propose latency = 0.0 (+/- 0) us 
Write latency = 0.0 (+/- 0) us 
Accept latency = 0.0 (+/- 0) us 
Batch average size = NaN (+/- 0) requests
TOMMessage ByteCount = 20297527
LCMessage ByteCount = 10
ConsensusMessage ByteCount = 19932694
StandardSMMessage ByteCount = 434
--- Measurements after 64000 ops (1000 samples) ---
Throughput = 8928.571 operations/sec (Maximum observed: 9009.009 ops/sec)
Total latency = 9929725.820877 (+/- 0) us 
Consensus latency = 0.0 (+/- 0) us 
Pre-consensus latency = 0.0 (+/- 0) us 
Pos-consensus latency = -2.1064600365507158E12 (+/- 0) us 
Propose latency = 0.0 (+/- 0) us 
Write latency = 0.0 (+/- 0) us 
Accept latency = 0.0 (+/- 0) us 
Batch average size = NaN (+/- 0) requests
TOMMessage ByteCount = 20297527
LCMessage ByteCount = 10
ConsensusMessage ByteCount = 19932694
StandardSMMessage ByteCount = 434
--- Measurements after 65000 ops (1000 samples) ---
Throughput = 8333.333 operations/sec (Maximum observed: 9009.009 ops/sec)
Total latency = 1.0019478935127001E7 (+/- 0) us 
Consensus latency = 0.0 (+/- 0) us 
Pre-consensus latency = 0.0 (+/- 0) us 
Pos-consensus latency = -2.106459919238987E12 (+/- 0) us 
Propose latency = 0.0 (+/- 0) us 
Write latency = 0.0 (+/- 0) us 
Accept latency = 0.0 (+/- 0) us 
Batch average size = NaN (+/- 0) requests
TOMMessage ByteCount = 20297527
LCMessage ByteCount = 10
ConsensusMessage ByteCount = 19932694
StandardSMMessage ByteCount = 434
--- Measurements after 66000 ops (1000 samples) ---
Throughput = 8695.652 operations/sec (Maximum observed: 9009.009 ops/sec)
Total latency = 1.009925531145E7 (+/- 0) us 
Consensus latency = 0.0 (+/- 0) us 
Pre-consensus latency = 0.0 (+/- 0) us 
Pos-consensus latency = -2.1064598018083354E12 (+/- 0) us 
Propose latency = 0.0 (+/- 0) us 
Write latency = 0.0 (+/- 0) us 
Accept latency = 0.0 (+/- 0) us 
Batch average size = NaN (+/- 0) requests
TOMMessage ByteCount = 20297527
LCMessage ByteCount = 10
ConsensusMessage ByteCount = 19932694
StandardSMMessage ByteCount = 434
--- Measurements after 67000 ops (1000 samples) ---
Throughput = 8474.576 operations/sec (Maximum observed: 9009.009 ops/sec)
Total latency = 1.0179199740255E7 (+/- 0) us 
Consensus latency = 0.0 (+/- 0) us 
Pre-consensus latency = 0.0 (+/- 0) us 
Pos-consensus latency = -2.1064596864102725E12 (+/- 0) us 
Propose latency = 0.0 (+/- 0) us 
Write latency = 0.0 (+/- 0) us 
Accept latency = 0.0 (+/- 0) us 
Batch average size = NaN (+/- 0) requests
TOMMessage ByteCount = 20297527
LCMessage ByteCount = 10
ConsensusMessage ByteCount = 19932694
StandardSMMessage ByteCount = 434
--- Measurements after 68000 ops (1000 samples) ---
Throughput = 8928.571 operations/sec (Maximum observed: 9009.009 ops/sec)
Total latency = 1.0261595430502001E7 (+/- 0) us 
Consensus latency = 0.0 (+/- 0) us 
Pre-consensus latency = 0.0 (+/- 0) us 
Pos-consensus latency = -2.1064595710099146E12 (+/- 0) us 
Propose latency = 0.0 (+/- 0) us 
Write latency = 0.0 (+/- 0) us 
Accept latency = 0.0 (+/- 0) us 
Batch average size = NaN (+/- 0) requests
TOMMessage ByteCount = 20297527
LCMessage ByteCount = 10
ConsensusMessage ByteCount = 19932694
StandardSMMessage ByteCount = 434
--- Measurements after 69000 ops (1000 samples) ---
Throughput = 8000.0 operations/sec (Maximum observed: 9009.009 ops/sec)
Total latency = 1.0352183975864E7 (+/- 0) us 
Consensus latency = 0.0 (+/- 0) us 
Pre-consensus latency = 0.0 (+/- 0) us 
Pos-consensus latency = -2.106459451300131E12 (+/- 0) us 
Propose latency = 0.0 (+/- 0) us 
Write latency = 0.0 (+/- 0) us 
Accept latency = 0.0 (+/- 0) us 
Batch average size = NaN (+/- 0) requests
TOMMessage ByteCount = 20297527
LCMessage ByteCount = 10
ConsensusMessage ByteCount = 19932694
StandardSMMessage ByteCount = 434
--- Measurements after 70000 ops (1000 samples) ---
Throughput = 8849.558 operations/sec (Maximum observed: 9009.009 ops/sec)
Total latency = 1.0446032057729E7 (+/- 0) us 
Consensus latency = 0.0 (+/- 0) us 
Pre-consensus latency = 0.0 (+/- 0) us 
Pos-consensus latency = -2.1064593340663743E12 (+/- 0) us 
Propose latency = 0.0 (+/- 0) us 
Write latency = 0.0 (+/- 0) us 
Accept latency = 0.0 (+/- 0) us 
Batch average size = NaN (+/- 0) requests
TOMMessage ByteCount = 20297527
LCMessage ByteCount = 10
ConsensusMessage ByteCount = 19932694
StandardSMMessage ByteCount = 434
--- Measurements after 71000 ops (1000 samples) ---
Throughput = 8620.689 operations/sec (Maximum observed: 9009.009 ops/sec)
Total latency = 1.0543360855833E7 (+/- 0) us 
Consensus latency = 0.0 (+/- 0) us 
Pre-consensus latency = 0.0 (+/- 0) us 
Pos-consensus latency = -2.1064592209222192E12 (+/- 0) us 
Propose latency = 0.0 (+/- 0) us 
Write latency = 0.0 (+/- 0) us 
Accept latency = 0.0 (+/- 0) us 
Batch average size = NaN (+/- 0) requests
TOMMessage ByteCount = 20297527
LCMessage ByteCount = 10
ConsensusMessage ByteCount = 19932694
StandardSMMessage ByteCount = 434
--- Measurements after 72000 ops (1000 samples) ---
Throughput = 8849.558 operations/sec (Maximum observed: 9009.009 ops/sec)
Total latency = 1.0636803099961E7 (+/- 0) us 
Consensus latency = 0.0 (+/- 0) us 
Pre-consensus latency = 0.0 (+/- 0) us 
Pos-consensus latency = -2.106459104928582E12 (+/- 0) us 
Propose latency = 0.0 (+/- 0) us 
Write latency = 0.0 (+/- 0) us 
Accept latency = 0.0 (+/- 0) us 
Batch average size = NaN (+/- 0) requests
TOMMessage ByteCount = 20297527
LCMessage ByteCount = 10
ConsensusMessage ByteCount = 19932694
StandardSMMessage ByteCount = 434
--- Measurements after 73000 ops (1000 samples) ---
Throughput = 8547.009 operations/sec (Maximum observed: 9009.009 ops/sec)
Total latency = 1.0725394410204E7 (+/- 0) us 
Consensus latency = 0.0 (+/- 0) us 
Pre-consensus latency = 0.0 (+/- 0) us 
Pos-consensus latency = -2.1064589911228208E12 (+/- 0) us 
Propose latency = 0.0 (+/- 0) us 
Write latency = 0.0 (+/- 0) us 
Accept latency = 0.0 (+/- 0) us 
Batch average size = NaN (+/- 0) requests
TOMMessage ByteCount = 20297527
LCMessage ByteCount = 10
ConsensusMessage ByteCount = 19932694
StandardSMMessage ByteCount = 434
--- Measurements after 74000 ops (1000 samples) ---
Throughput = 8928.571 operations/sec (Maximum observed: 9009.009 ops/sec)
Total latency = 1.0814033453961E7 (+/- 0) us 
Consensus latency = 0.0 (+/- 0) us 
Pre-consensus latency = 0.0 (+/- 0) us 
Pos-consensus latency = -2.106458874921309E12 (+/- 0) us 
Propose latency = 0.0 (+/- 0) us 
Write latency = 0.0 (+/- 0) us 
Accept latency = 0.0 (+/- 0) us 
Batch average size = NaN (+/- 0) requests
TOMMessage ByteCount = 20297527
LCMessage ByteCount = 10
ConsensusMessage ByteCount = 19932694
StandardSMMessage ByteCount = 434
--- Measurements after 75000 ops (1000 samples) ---
Throughput = 8333.333 operations/sec (Maximum observed: 9009.009 ops/sec)
Total latency = 1.0899328873224001E7 (+/- 0) us 
Consensus latency = 0.0 (+/- 0) us 
Pre-consensus latency = 0.0 (+/- 0) us 
Pos-consensus latency = -2.1064587605438098E12 (+/- 0) us 
Propose latency = 0.0 (+/- 0) us 
Write latency = 0.0 (+/- 0) us 
Accept latency = 0.0 (+/- 0) us 
Batch average size = NaN (+/- 0) requests
TOMMessage ByteCount = 20297527
LCMessage ByteCount = 10
ConsensusMessage ByteCount = 19932694
StandardSMMessage ByteCount = 434
--- Measurements after 76000 ops (1000 samples) ---
Throughput = 8849.558 operations/sec (Maximum observed: 9009.009 ops/sec)
Total latency = 1.0987791324318001E7 (+/- 0) us 
Consensus latency = 0.0 (+/- 0) us 
Pre-consensus latency = 0.0 (+/- 0) us 
Pos-consensus latency = -2.1064586429816772E12 (+/- 0) us 
Propose latency = 0.0 (+/- 0) us 
Write latency = 0.0 (+/- 0) us 
Accept latency = 0.0 (+/- 0) us 
Batch average size = NaN (+/- 0) requests
TOMMessage ByteCount = 20297527
LCMessage ByteCount = 10
ConsensusMessage ByteCount = 19932694
StandardSMMessage ByteCount = 434
--- Measurements after 77000 ops (1000 samples) ---
Throughput = 8928.571 operations/sec (Maximum observed: 9009.009 ops/sec)
Total latency = 1.1061444570629999E7 (+/- 0) us 
Consensus latency = 0.0 (+/- 0) us 
Pre-consensus latency = 0.0 (+/- 0) us 
Pos-consensus latency = -2.106458531130645E12 (+/- 0) us 
Propose latency = 0.0 (+/- 0) us 
Write latency = 0.0 (+/- 0) us 
Accept latency = 0.0 (+/- 0) us 
Batch average size = NaN (+/- 0) requests
TOMMessage ByteCount = 20297527
LCMessage ByteCount = 10
ConsensusMessage ByteCount = 19932694
StandardSMMessage ByteCount = 434
--- Measurements after 78000 ops (1000 samples) ---
Throughput = 8547.009 operations/sec (Maximum observed: 9009.009 ops/sec)
Total latency = 1.1083212054379E7 (+/- 0) us 
Consensus latency = 0.0 (+/- 0) us 
Pre-consensus latency = 0.0 (+/- 0) us 
Pos-consensus latency = -2.106458414003092E12 (+/- 0) us 
Propose latency = 0.0 (+/- 0) us 
Write latency = 0.0 (+/- 0) us 
Accept latency = 0.0 (+/- 0) us 
Batch average size = NaN (+/- 0) requests
TOMMessage ByteCount = 20297527
LCMessage ByteCount = 10
ConsensusMessage ByteCount = 19932694
StandardSMMessage ByteCount = 434
--- Measurements after 79000 ops (1000 samples) ---
Throughput = 9090.909 operations/sec (Maximum observed: 9090.909 ops/sec)
Total latency = 1.1132282479583E7 (+/- 0) us 
Consensus latency = 0.0 (+/- 0) us 
Pre-consensus latency = 0.0 (+/- 0) us 
Pos-consensus latency = -2.1064583026808894E12 (+/- 0) us 
Propose latency = 0.0 (+/- 0) us 
Write latency = 0.0 (+/- 0) us 
Accept latency = 0.0 (+/- 0) us 
Batch average size = NaN (+/- 0) requests
TOMMessage ByteCount = 20297527
LCMessage ByteCount = 10
ConsensusMessage ByteCount = 19932694
StandardSMMessage ByteCount = 434
--- Measurements after 80000 ops (1000 samples) ---
Throughput = 8620.689 operations/sec (Maximum observed: 9090.909 ops/sec)
Total latency = 1.1226798325619E7 (+/- 0) us 
Consensus latency = 0.0 (+/- 0) us 
Pre-consensus latency = 0.0 (+/- 0) us 
Pos-consensus latency = -2.1064581884141946E12 (+/- 0) us 
Propose latency = 0.0 (+/- 0) us 
Write latency = 0.0 (+/- 0) us 
Accept latency = 0.0 (+/- 0) us 
Batch average size = NaN (+/- 0) requests
TOMMessage ByteCount = 20297527
LCMessage ByteCount = 10
ConsensusMessage ByteCount = 19932694
StandardSMMessage ByteCount = 434
--- Measurements after 81000 ops (1000 samples) ---
Throughput = 9009.009 operations/sec (Maximum observed: 9090.909 ops/sec)
Total latency = 1.1322191398746999E7 (+/- 0) us 
Consensus latency = 0.0 (+/- 0) us 
Pre-consensus latency = 0.0 (+/- 0) us 
Pos-consensus latency = -2.1064580762468628E12 (+/- 0) us 
Propose latency = 0.0 (+/- 0) us 
Write latency = 0.0 (+/- 0) us 
Accept latency = 0.0 (+/- 0) us 
Batch average size = NaN (+/- 0) requests
TOMMessage ByteCount = 20297527
LCMessage ByteCount = 10
ConsensusMessage ByteCount = 19932694
StandardSMMessage ByteCount = 434
--- Measurements after 82000 ops (1000 samples) ---
Throughput = 8333.333 operations/sec (Maximum observed: 9090.909 ops/sec)
Total latency = 1.1420568724826E7 (+/- 0) us 
Consensus latency = 0.0 (+/- 0) us 
Pre-consensus latency = 0.0 (+/- 0) us 
Pos-consensus latency = -2.106457960605819E12 (+/- 0) us 
Propose latency = 0.0 (+/- 0) us 
Write latency = 0.0 (+/- 0) us 
Accept latency = 0.0 (+/- 0) us 
Batch average size = NaN (+/- 0) requests
TOMMessage ByteCount = 20297527
LCMessage ByteCount = 10
ConsensusMessage ByteCount = 19932694
StandardSMMessage ByteCount = 434
--- Measurements after 83000 ops (1000 samples) ---
Throughput = 8928.571 operations/sec (Maximum observed: 9090.909 ops/sec)
Total latency = 1.1521075075723E7 (+/- 0) us 
Consensus latency = 0.0 (+/- 0) us 
Pre-consensus latency = 0.0 (+/- 0) us 
Pos-consensus latency = -2.1064578435229292E12 (+/- 0) us 
Propose latency = 0.0 (+/- 0) us 
Write latency = 0.0 (+/- 0) us 
Accept latency = 0.0 (+/- 0) us 
Batch average size = NaN (+/- 0) requests
TOMMessage ByteCount = 20297527
LCMessage ByteCount = 10
ConsensusMessage ByteCount = 19932694
StandardSMMessage ByteCount = 434
--- Measurements after 84000 ops (1000 samples) ---
Throughput = 8474.576 operations/sec (Maximum observed: 9090.909 ops/sec)
Total latency = 1.1617911175182E7 (+/- 0) us 
Consensus latency = 0.0 (+/- 0) us 
Pre-consensus latency = 0.0 (+/- 0) us 
Pos-consensus latency = -2.106457729276717E12 (+/- 0) us 
Propose latency = 0.0 (+/- 0) us 
Write latency = 0.0 (+/- 0) us 
Accept latency = 0.0 (+/- 0) us 
Batch average size = NaN (+/- 0) requests
TOMMessage ByteCount = 20297527
LCMessage ByteCount = 10
ConsensusMessage ByteCount = 19932694
StandardSMMessage ByteCount = 434
--- Measurements after 85000 ops (1000 samples) ---
Throughput = 9009.009 operations/sec (Maximum observed: 9090.909 ops/sec)
Total latency = 1.1707205845608E7 (+/- 0) us 
Consensus latency = 0.0 (+/- 0) us 
Pre-consensus latency = 0.0 (+/- 0) us 
Pos-consensus latency = -2.1064576137762734E12 (+/- 0) us 
Propose latency = 0.0 (+/- 0) us 
Write latency = 0.0 (+/- 0) us 
Accept latency = 0.0 (+/- 0) us 
Batch average size = NaN (+/- 0) requests
TOMMessage ByteCount = 20297527
LCMessage ByteCount = 10
ConsensusMessage ByteCount = 19932694
StandardSMMessage ByteCount = 434
--- Measurements after 86000 ops (1000 samples) ---
Throughput = 8547.009 operations/sec (Maximum observed: 9090.909 ops/sec)
Total latency = 1.1670384136167E7 (+/- 0) us 
Consensus latency = 0.0 (+/- 0) us 
Pre-consensus latency = 0.0 (+/- 0) us 
Pos-consensus latency = -2.1064575011137034E12 (+/- 0) us 
Propose latency = 0.0 (+/- 0) us 
Write latency = 0.0 (+/- 0) us 
Accept latency = 0.0 (+/- 0) us 
Batch average size = NaN (+/- 0) requests
TOMMessage ByteCount = 20297527
LCMessage ByteCount = 10
ConsensusMessage ByteCount = 19932694
StandardSMMessage ByteCount = 434
--- Measurements after 87000 ops (1000 samples) ---
Throughput = 9009.009 operations/sec (Maximum observed: 9090.909 ops/sec)
Total latency = 1.1754952104985E7 (+/- 0) us 
Consensus latency = 0.0 (+/- 0) us 
Pre-consensus latency = 0.0 (+/- 0) us 
Pos-consensus latency = -2.1064573863295452E12 (+/- 0) us 
Propose latency = 0.0 (+/- 0) us 
Write latency = 0.0 (+/- 0) us 
Accept latency = 0.0 (+/- 0) us 
Batch average size = NaN (+/- 0) requests
TOMMessage ByteCount = 20297527
LCMessage ByteCount = 10
ConsensusMessage ByteCount = 19932694
StandardSMMessage ByteCount = 434
--- Measurements after 88000 ops (1000 samples) ---
Throughput = 7299.27 operations/sec (Maximum observed: 9090.909 ops/sec)
Total latency = 1.1853004027208E7 (+/- 0) us 
Consensus latency = 0.0 (+/- 0) us 
Pre-consensus latency = 0.0 (+/- 0) us 
Pos-consensus latency = -2.1064572709931682E12 (+/- 0) us 
Propose latency = 0.0 (+/- 0) us 
Write latency = 0.0 (+/- 0) us 
Accept latency = 0.0 (+/- 0) us 
Batch average size = NaN (+/- 0) requests
TOMMessage ByteCount = 20297527
LCMessage ByteCount = 10
ConsensusMessage ByteCount = 19932694
StandardSMMessage ByteCount = 434
--- Measurements after 89000 ops (1000 samples) ---
Throughput = 4878.049 operations/sec (Maximum observed: 9090.909 ops/sec)
Total latency = 1.2016598631332E7 (+/- 0) us 
Consensus latency = 0.0 (+/- 0) us 
Pre-consensus latency = 0.0 (+/- 0) us 
Pos-consensus latency = -2.1064570903426074E12 (+/- 0) us 
Propose latency = 0.0 (+/- 0) us 
Write latency = 0.0 (+/- 0) us 
Accept latency = 0.0 (+/- 0) us 
Batch average size = NaN (+/- 0) requests
TOMMessage ByteCount = 20297527
LCMessage ByteCount = 10
ConsensusMessage ByteCount = 19932694
StandardSMMessage ByteCount = 434
--- Measurements after 90000 ops (1000 samples) ---
Throughput = 4784.689 operations/sec (Maximum observed: 9090.909 ops/sec)
Total latency = 1.2205528478065E7 (+/- 0) us 
Consensus latency = 0.0 (+/- 0) us 
Pre-consensus latency = 0.0 (+/- 0) us 
Pos-consensus latency = -2.1064568844028115E12 (+/- 0) us 
Propose latency = 0.0 (+/- 0) us 
Write latency = 0.0 (+/- 0) us 
Accept latency = 0.0 (+/- 0) us 
Batch average size = NaN (+/- 0) requests
TOMMessage ByteCount = 20297527
LCMessage ByteCount = 10
ConsensusMessage ByteCount = 19932694
StandardSMMessage ByteCount = 434
--- Measurements after 91000 ops (1000 samples) ---
Throughput = 6060.606 operations/sec (Maximum observed: 9090.909 ops/sec)
Total latency = 1.2386556794437999E7 (+/- 0) us 
Consensus latency = 0.0 (+/- 0) us 
Pre-consensus latency = 0.0 (+/- 0) us 
Pos-consensus latency = -2.106456684365346E12 (+/- 0) us 
Propose latency = 0.0 (+/- 0) us 
Write latency = 0.0 (+/- 0) us 
Accept latency = 0.0 (+/- 0) us 
Batch average size = NaN (+/- 0) requests
TOMMessage ByteCount = 20297527
LCMessage ByteCount = 10
ConsensusMessage ByteCount = 19932694
StandardSMMessage ByteCount = 434
--- Measurements after 92000 ops (1000 samples) ---
Throughput = 8928.571 operations/sec (Maximum observed: 9090.909 ops/sec)
Total latency = 1.2497857380121E7 (+/- 0) us 
Consensus latency = 0.0 (+/- 0) us 
Pre-consensus latency = 0.0 (+/- 0) us 
Pos-consensus latency = -2.1064565559505244E12 (+/- 0) us 
Propose latency = 0.0 (+/- 0) us 
Write latency = 0.0 (+/- 0) us 
Accept latency = 0.0 (+/- 0) us 
Batch average size = NaN (+/- 0) requests
TOMMessage ByteCount = 20297527
LCMessage ByteCount = 10
ConsensusMessage ByteCount = 19932694
StandardSMMessage ByteCount = 434
--- Measurements after 93000 ops (1000 samples) ---
Throughput = 8620.689 operations/sec (Maximum observed: 9090.909 ops/sec)
Total latency = 1.2596183723612E7 (+/- 0) us 
Consensus latency = 0.0 (+/- 0) us 
Pre-consensus latency = 0.0 (+/- 0) us 
Pos-consensus latency = -2.1064564405550864E12 (+/- 0) us 
Propose latency = 0.0 (+/- 0) us 
Write latency = 0.0 (+/- 0) us 
Accept latency = 0.0 (+/- 0) us 
Batch average size = NaN (+/- 0) requests
TOMMessage ByteCount = 20297527
LCMessage ByteCount = 10
ConsensusMessage ByteCount = 19932694
StandardSMMessage ByteCount = 434
--- Measurements after 94000 ops (1000 samples) ---
Throughput = 9009.009 operations/sec (Maximum observed: 9090.909 ops/sec)
Total latency = 1.2684458047657E7 (+/- 0) us 
Consensus latency = 0.0 (+/- 0) us 
Pre-consensus latency = 0.0 (+/- 0) us 
Pos-consensus latency = -2.1064563293324128E12 (+/- 0) us 
Propose latency = 0.0 (+/- 0) us 
Write latency = 0.0 (+/- 0) us 
Accept latency = 0.0 (+/- 0) us 
Batch average size = NaN (+/- 0) requests
TOMMessage ByteCount = 20297527
LCMessage ByteCount = 10
ConsensusMessage ByteCount = 19932694
StandardSMMessage ByteCount = 434
--- Measurements after 95000 ops (1000 samples) ---
Throughput = 8695.652 operations/sec (Maximum observed: 9090.909 ops/sec)
Total latency = 1.2781384609795E7 (+/- 0) us 
Consensus latency = 0.0 (+/- 0) us 
Pre-consensus latency = 0.0 (+/- 0) us 
Pos-consensus latency = -2.106456214418046E12 (+/- 0) us 
Propose latency = 0.0 (+/- 0) us 
Write latency = 0.0 (+/- 0) us 
Accept latency = 0.0 (+/- 0) us 
Batch average size = NaN (+/- 0) requests
TOMMessage ByteCount = 20297527
LCMessage ByteCount = 10
ConsensusMessage ByteCount = 19932694
StandardSMMessage ByteCount = 434
--- Measurements after 96000 ops (1000 samples) ---
Throughput = 9009.009 operations/sec (Maximum observed: 9090.909 ops/sec)
Total latency = 1.2870639211523E7 (+/- 0) us 
Consensus latency = 0.0 (+/- 0) us 
Pre-consensus latency = 0.0 (+/- 0) us 
Pos-consensus latency = -2.1064561029945686E12 (+/- 0) us 
Propose latency = 0.0 (+/- 0) us 
Write latency = 0.0 (+/- 0) us 
Accept latency = 0.0 (+/- 0) us 
Batch average size = NaN (+/- 0) requests
TOMMessage ByteCount = 20297527
LCMessage ByteCount = 10
ConsensusMessage ByteCount = 19932694
StandardSMMessage ByteCount = 434
--- Measurements after 97000 ops (1000 samples) ---
Throughput = 8620.689 operations/sec (Maximum observed: 9090.909 ops/sec)
Total latency = 1.2963923083966E7 (+/- 0) us 
Consensus latency = 0.0 (+/- 0) us 
Pre-consensus latency = 0.0 (+/- 0) us 
Pos-consensus latency = -2.1064559890501428E12 (+/- 0) us 
Propose latency = 0.0 (+/- 0) us 
Write latency = 0.0 (+/- 0) us 
Accept latency = 0.0 (+/- 0) us 
Batch average size = NaN (+/- 0) requests
TOMMessage ByteCount = 20297527
LCMessage ByteCount = 10
ConsensusMessage ByteCount = 19932694
StandardSMMessage ByteCount = 434
--- Measurements after 98000 ops (1000 samples) ---
Throughput = 9090.909 operations/sec (Maximum observed: 9090.909 ops/sec)
Total latency = 1.3058968762301E7 (+/- 0) us 
Consensus latency = 0.0 (+/- 0) us 
Pre-consensus latency = 0.0 (+/- 0) us 
Pos-consensus latency = -2.106455876701732E12 (+/- 0) us 
Propose latency = 0.0 (+/- 0) us 
Write latency = 0.0 (+/- 0) us 
Accept latency = 0.0 (+/- 0) us 
Batch average size = NaN (+/- 0) requests
TOMMessage ByteCount = 20297527
LCMessage ByteCount = 10
ConsensusMessage ByteCount = 19932694
StandardSMMessage ByteCount = 434
--- Measurements after 99000 ops (1000 samples) ---
Throughput = 8771.93 operations/sec (Maximum observed: 9090.909 ops/sec)
Total latency = 1.3153680154793E7 (+/- 0) us 
Consensus latency = 0.0 (+/- 0) us 
Pre-consensus latency = 0.0 (+/- 0) us 
Pos-consensus latency = -2.1064557642418972E12 (+/- 0) us 
Propose latency = 0.0 (+/- 0) us 
Write latency = 0.0 (+/- 0) us 
Accept latency = 0.0 (+/- 0) us 
Batch average size = NaN (+/- 0) requests
TOMMessage ByteCount = 20297527
LCMessage ByteCount = 10
ConsensusMessage ByteCount = 19932694
StandardSMMessage ByteCount = 434
--- Measurements after 100000 ops (1000 samples) ---
Throughput = 3472.2222 operations/sec (Maximum observed: 9090.909 ops/sec)
Total latency = 1.3310332385073E7 (+/- 0) us 
Consensus latency = 0.0 (+/- 0) us 
Pre-consensus latency = 0.0 (+/- 0) us 
Pos-consensus latency = -2.106455556015941E12 (+/- 0) us 
Propose latency = 0.0 (+/- 0) us 
Write latency = 0.0 (+/- 0) us 
Accept latency = 0.0 (+/- 0) us 
Batch average size = 100579.0 (+/- 0) requests
TOMMessage ByteCount = 29713491
LCMessage ByteCount = 10
ConsensusMessage ByteCount = 19932694
StandardSMMessage ByteCount = 434
--- Measurements after 101000 ops (1000 samples) ---
Throughput = 6410.2563 operations/sec (Maximum observed: 9090.909 ops/sec)
Total latency = 1.3483240660284E7 (+/- 0) us 
Consensus latency = 0.0 (+/- 0) us 
Pre-consensus latency = 0.0 (+/- 0) us 
Pos-consensus latency = -2.106455341179126E12 (+/- 0) us 
Propose latency = 0.0 (+/- 0) us 
Write latency = 0.0 (+/- 0) us 
Accept latency = 0.0 (+/- 0) us 
Batch average size = NaN (+/- 0) requests
TOMMessage ByteCount = 31470997
LCMessage ByteCount = 10
ConsensusMessage ByteCount = 19932694
StandardSMMessage ByteCount = 434
--- Measurements after 102000 ops (1000 samples) ---
Throughput = 6756.757 operations/sec (Maximum observed: 9090.909 ops/sec)
Total latency = 1.3613444934647E7 (+/- 0) us 
Consensus latency = 0.0 (+/- 0) us 
Pre-consensus latency = 0.0 (+/- 0) us 
Pos-consensus latency = -2.1064551896030571E12 (+/- 0) us 
Propose latency = 0.0 (+/- 0) us 
Write latency = 0.0 (+/- 0) us 
Accept latency = 0.0 (+/- 0) us 
Batch average size = NaN (+/- 0) requests
TOMMessage ByteCount = 33029862
LCMessage ByteCount = 10
ConsensusMessage ByteCount = 19932694
StandardSMMessage ByteCount = 434
--- Measurements after 103000 ops (1000 samples) ---
Throughput = 6410.2563 operations/sec (Maximum observed: 9090.909 ops/sec)
Total latency = 1.3745217708602E7 (+/- 0) us 
Consensus latency = 0.0 (+/- 0) us 
Pre-consensus latency = 0.0 (+/- 0) us 
Pos-consensus latency = -2.1064550362466257E12 (+/- 0) us 
Propose latency = 0.0 (+/- 0) us 
Write latency = 0.0 (+/- 0) us 
Accept latency = 0.0 (+/- 0) us 
Batch average size = NaN (+/- 0) requests
TOMMessage ByteCount = 34411942
LCMessage ByteCount = 10
ConsensusMessage ByteCount = 19932694
StandardSMMessage ByteCount = 434
--- Measurements after 104000 ops (1000 samples) ---
Throughput = 6756.757 operations/sec (Maximum observed: 9090.909 ops/sec)
Total latency = 1.3878239202216E7 (+/- 0) us 
Consensus latency = 0.0 (+/- 0) us 
Pre-consensus latency = 0.0 (+/- 0) us 
Pos-consensus latency = -2.1064548856351418E12 (+/- 0) us 
Propose latency = 0.0 (+/- 0) us 
Write latency = 0.0 (+/- 0) us 
Accept latency = 0.0 (+/- 0) us 
Batch average size = NaN (+/- 0) requests
TOMMessage ByteCount = 35720186
LCMessage ByteCount = 10
ConsensusMessage ByteCount = 19932694
StandardSMMessage ByteCount = 434
--- Measurements after 105000 ops (1000 samples) ---
Throughput = 6451.613 operations/sec (Maximum observed: 9090.909 ops/sec)
Total latency = 1.401478910413E7 (+/- 0) us 
Consensus latency = 0.0 (+/- 0) us 
Pre-consensus latency = 0.0 (+/- 0) us 
Pos-consensus latency = -2.1064547323570798E12 (+/- 0) us 
Propose latency = 0.0 (+/- 0) us 
Write latency = 0.0 (+/- 0) us 
Accept latency = 0.0 (+/- 0) us 
Batch average size = NaN (+/- 0) requests
TOMMessage ByteCount = 36949397
LCMessage ByteCount = 10
ConsensusMessage ByteCount = 19932694
StandardSMMessage ByteCount = 434
--- Measurements after 106000 ops (1000 samples) ---
Throughput = 6756.757 operations/sec (Maximum observed: 9090.909 ops/sec)
Total latency = 1.4148004163885001E7 (+/- 0) us 
Consensus latency = 0.0 (+/- 0) us 
Pre-consensus latency = 0.0 (+/- 0) us 
Pos-consensus latency = -2.1064545816898015E12 (+/- 0) us 
Propose latency = 0.0 (+/- 0) us 
Write latency = 0.0 (+/- 0) us 
Accept latency = 0.0 (+/- 0) us 
Batch average size = NaN (+/- 0) requests
TOMMessage ByteCount = 38122446
LCMessage ByteCount = 10
ConsensusMessage ByteCount = 19932694
StandardSMMessage ByteCount = 434
--- Measurements after 107000 ops (1000 samples) ---
Throughput = 6410.2563 operations/sec (Maximum observed: 9090.909 ops/sec)
Total latency = 1.4284280422461001E7 (+/- 0) us 
Consensus latency = 0.0 (+/- 0) us 
Pre-consensus latency = 0.0 (+/- 0) us 
Pos-consensus latency = -2.1064544277491792E12 (+/- 0) us 
Propose latency = 0.0 (+/- 0) us 
Write latency = 0.0 (+/- 0) us 
Accept latency = 0.0 (+/- 0) us 
Batch average size = NaN (+/- 0) requests
TOMMessage ByteCount = 39232061
LCMessage ByteCount = 10
ConsensusMessage ByteCount = 19932694
StandardSMMessage ByteCount = 434
--- Measurements after 108000 ops (1000 samples) ---
Throughput = 6756.757 operations/sec (Maximum observed: 9090.909 ops/sec)
Total latency = 1.4414025463917E7 (+/- 0) us 
Consensus latency = 0.0 (+/- 0) us 
Pre-consensus latency = 0.0 (+/- 0) us 
Pos-consensus latency = -2.1064542768557307E12 (+/- 0) us 
Propose latency = 0.0 (+/- 0) us 
Write latency = 0.0 (+/- 0) us 
Accept latency = 0.0 (+/- 0) us 
Batch average size = NaN (+/- 0) requests
TOMMessage ByteCount = 40290730
LCMessage ByteCount = 10
ConsensusMessage ByteCount = 19932694
StandardSMMessage ByteCount = 434
--- Measurements after 109000 ops (1000 samples) ---
Throughput = 6369.427 operations/sec (Maximum observed: 9090.909 ops/sec)
Total latency = 1.4544757518351E7 (+/- 0) us 
Consensus latency = 0.0 (+/- 0) us 
Pre-consensus latency = 0.0 (+/- 0) us 
Pos-consensus latency = -2.1064541221513298E12 (+/- 0) us 
Propose latency = 0.0 (+/- 0) us 
Write latency = 0.0 (+/- 0) us 
Accept latency = 0.0 (+/- 0) us 
Batch average size = NaN (+/- 0) requests
TOMMessage ByteCount = 41294272
LCMessage ByteCount = 10
ConsensusMessage ByteCount = 19932694
StandardSMMessage ByteCount = 434
--- Measurements after 110000 ops (1000 samples) ---
Throughput = 6711.409 operations/sec (Maximum observed: 9090.909 ops/sec)
Total latency = 1.4678311194507E7 (+/- 0) us 
Consensus latency = 0.0 (+/- 0) us 
Pre-consensus latency = 0.0 (+/- 0) us 
Pos-consensus latency = -2.106453970997263E12 (+/- 0) us 
Propose latency = 0.0 (+/- 0) us 
Write latency = 0.0 (+/- 0) us 
Accept latency = 0.0 (+/- 0) us 
Batch average size = NaN (+/- 0) requests
TOMMessage ByteCount = 42268696
LCMessage ByteCount = 10
ConsensusMessage ByteCount = 19932694
StandardSMMessage ByteCount = 434
--- Measurements after 111000 ops (1000 samples) ---
Throughput = 6329.114 operations/sec (Maximum observed: 9090.909 ops/sec)
Total latency = 1.481906847989E7 (+/- 0) us 
Consensus latency = 0.0 (+/- 0) us 
Pre-consensus latency = 0.0 (+/- 0) us 
Pos-consensus latency = -2.1064538150385835E12 (+/- 0) us 
Propose latency = 0.0 (+/- 0) us 
Write latency = 0.0 (+/- 0) us 
Accept latency = 0.0 (+/- 0) us 
Batch average size = NaN (+/- 0) requests
TOMMessage ByteCount = 43178641
LCMessage ByteCount = 10
ConsensusMessage ByteCount = 19932694
StandardSMMessage ByteCount = 434
--- Measurements after 112000 ops (1000 samples) ---
Throughput = 6711.409 operations/sec (Maximum observed: 9090.909 ops/sec)
Total latency = 1.4949129212955E7 (+/- 0) us 
Consensus latency = 0.0 (+/- 0) us 
Pre-consensus latency = 0.0 (+/- 0) us 
Pos-consensus latency = -2.1064536639110627E12 (+/- 0) us 
Propose latency = 0.0 (+/- 0) us 
Write latency = 0.0 (+/- 0) us 
Accept latency = 0.0 (+/- 0) us 
Batch average size = NaN (+/- 0) requests
TOMMessage ByteCount = 44064656
LCMessage ByteCount = 10
ConsensusMessage ByteCount = 19932694
StandardSMMessage ByteCount = 434
--- Measurements after 113000 ops (1000 samples) ---
Throughput = 6250.0 operations/sec (Maximum observed: 9090.909 ops/sec)
Total latency = 1.5082671675916001E7 (+/- 0) us 
Consensus latency = 0.0 (+/- 0) us 
Pre-consensus latency = 0.0 (+/- 0) us 
Pos-consensus latency = -2.1064535066463374E12 (+/- 0) us 
Propose latency = 0.0 (+/- 0) us 
Write latency = 0.0 (+/- 0) us 
Accept latency = 0.0 (+/- 0) us 
Batch average size = NaN (+/- 0) requests
TOMMessage ByteCount = 44913246
LCMessage ByteCount = 10
ConsensusMessage ByteCount = 19932694
StandardSMMessage ByteCount = 434
--- Measurements after 114000 ops (1000 samples) ---
Throughput = 6756.757 operations/sec (Maximum observed: 9090.909 ops/sec)
Total latency = 1.5186522531977E7 (+/- 0) us 
Consensus latency = 0.0 (+/- 0) us 
Pre-consensus latency = 0.0 (+/- 0) us 
Pos-consensus latency = -2.1064533553043674E12 (+/- 0) us 
Propose latency = 0.0 (+/- 0) us 
Write latency = 0.0 (+/- 0) us 
Accept latency = 0.0 (+/- 0) us 
Batch average size = NaN (+/- 0) requests
TOMMessage ByteCount = 45736878
LCMessage ByteCount = 10
ConsensusMessage ByteCount = 19932694
StandardSMMessage ByteCount = 434
--- Measurements after 115000 ops (1000 samples) ---
Throughput = 6250.0 operations/sec (Maximum observed: 9090.909 ops/sec)
Total latency = 1.532673465105E7 (+/- 0) us 
Consensus latency = 0.0 (+/- 0) us 
Pre-consensus latency = 0.0 (+/- 0) us 
Pos-consensus latency = -2.10645319684322E12 (+/- 0) us 
Propose latency = 0.0 (+/- 0) us 
Write latency = 0.0 (+/- 0) us 
Accept latency = 0.0 (+/- 0) us 
Batch average size = NaN (+/- 0) requests
TOMMessage ByteCount = 46527231
LCMessage ByteCount = 10
ConsensusMessage ByteCount = 19932694
StandardSMMessage ByteCount = 434
--- Measurements after 116000 ops (1000 samples) ---
Throughput = 4975.1245 operations/sec (Maximum observed: 9090.909 ops/sec)
Total latency = 1.5463855944812E7 (+/- 0) us 
Consensus latency = 0.0 (+/- 0) us 
Pre-consensus latency = 0.0 (+/- 0) us 
Pos-consensus latency = -2.1064530372881934E12 (+/- 0) us 
Propose latency = 0.0 (+/- 0) us 
Write latency = 0.0 (+/- 0) us 
Accept latency = 0.0 (+/- 0) us 
Batch average size = NaN (+/- 0) requests
TOMMessage ByteCount = 48613350
LCMessage ByteCount = 10
ConsensusMessage ByteCount = 19932694
StandardSMMessage ByteCount = 434
--- Measurements after 117000 ops (1000 samples) ---
Throughput = 3831.4177 operations/sec (Maximum observed: 9090.909 ops/sec)
Total latency = 1.5679646246252E7 (+/- 0) us 
Consensus latency = 0.0 (+/- 0) us 
Pre-consensus latency = 0.0 (+/- 0) us 
Pos-consensus latency = -2.1064527967607222E12 (+/- 0) us 
Propose latency = 0.0 (+/- 0) us 
Write latency = 0.0 (+/- 0) us 
Accept latency = 0.0 (+/- 0) us 
Batch average size = NaN (+/- 0) requests
TOMMessage ByteCount = 51501264
LCMessage ByteCount = 10
ConsensusMessage ByteCount = 19932694
StandardSMMessage ByteCount = 434
--- Measurements after 118000 ops (1000 samples) ---
Throughput = 3333.3333 operations/sec (Maximum observed: 9090.909 ops/sec)
Total latency = 1.5933128246452998E7 (+/- 0) us 
Consensus latency = 0.0 (+/- 0) us 
Pre-consensus latency = 0.0 (+/- 0) us 
Pos-consensus latency = -2.1064525162156365E12 (+/- 0) us 
Propose latency = 0.0 (+/- 0) us 
Write latency = 0.0 (+/- 0) us 
Accept latency = 0.0 (+/- 0) us 
Batch average size = NaN (+/- 0) requests
TOMMessage ByteCount = 54235268
LCMessage ByteCount = 10
ConsensusMessage ByteCount = 19932694
StandardSMMessage ByteCount = 434
--- Measurements after 119000 ops (1000 samples) ---
Throughput = 3367.0034 operations/sec (Maximum observed: 9090.909 ops/sec)
Total latency = 1.6207881924702998E7 (+/- 0) us 
Consensus latency = 0.0 (+/- 0) us 
Pre-consensus latency = 0.0 (+/- 0) us 
Pos-consensus latency = -2.1064522101724585E12 (+/- 0) us 
Propose latency = 0.0 (+/- 0) us 
Write latency = 0.0 (+/- 0) us 
Accept latency = 0.0 (+/- 0) us 
Batch average size = NaN (+/- 0) requests
TOMMessage ByteCount = 56640647
LCMessage ByteCount = 10
ConsensusMessage ByteCount = 19932694
StandardSMMessage ByteCount = 434
--- Measurements after 120000 ops (1000 samples) ---
Throughput = 3521.1267 operations/sec (Maximum observed: 9090.909 ops/sec)
Total latency = 1.6465193407551E7 (+/- 0) us 
Consensus latency = 0.0 (+/- 0) us 
Pre-consensus latency = 0.0 (+/- 0) us 
Pos-consensus latency = -2.1064519186853555E12 (+/- 0) us 
Propose latency = 0.0 (+/- 0) us 
Write latency = 0.0 (+/- 0) us 
Accept latency = 0.0 (+/- 0) us 
Batch average size = NaN (+/- 0) requests
TOMMessage ByteCount = 58692455
LCMessage ByteCount = 10
ConsensusMessage ByteCount = 19932694
StandardSMMessage ByteCount = 434
--- Measurements after 121000 ops (1000 samples) ---
Throughput = 3759.3984 operations/sec (Maximum observed: 9090.909 ops/sec)
Total latency = 1.6724149207061E7 (+/- 0) us 
Consensus latency = 0.0 (+/- 0) us 
Pre-consensus latency = 0.0 (+/- 0) us 
Pos-consensus latency = -2.1064516395360583E12 (+/- 0) us 
Propose latency = 0.0 (+/- 0) us 
Write latency = 0.0 (+/- 0) us 
Accept latency = 0.0 (+/- 0) us 
Batch average size = NaN (+/- 0) requests
TOMMessage ByteCount = 60462436
LCMessage ByteCount = 10
ConsensusMessage ByteCount = 19932694
StandardSMMessage ByteCount = 434
--- Measurements after 122000 ops (1000 samples) ---
Throughput = 3521.1267 operations/sec (Maximum observed: 9090.909 ops/sec)
Total latency = 1.6970052750106E7 (+/- 0) us 
Consensus latency = 0.0 (+/- 0) us 
Pre-consensus latency = 0.0 (+/- 0) us 
Pos-consensus latency = -2.106451368436849E12 (+/- 0) us 
Propose latency = 0.0 (+/- 0) us 
Write latency = 0.0 (+/- 0) us 
Accept latency = 0.0 (+/- 0) us 
Batch average size = NaN (+/- 0) requests
TOMMessage ByteCount = 62189773
LCMessage ByteCount = 10
ConsensusMessage ByteCount = 19932694
StandardSMMessage ByteCount = 434
--- Measurements after 123000 ops (1000 samples) ---
Throughput = 3906.25 operations/sec (Maximum observed: 9090.909 ops/sec)
Total latency = 1.7217238632264998E7 (+/- 0) us 
Consensus latency = 0.0 (+/- 0) us 
Pre-consensus latency = 0.0 (+/- 0) us 
Pos-consensus latency = -2.1064510939602708E12 (+/- 0) us 
Propose latency = 0.0 (+/- 0) us 
Write latency = 0.0 (+/- 0) us 
Accept latency = 0.0 (+/- 0) us 
Batch average size = NaN (+/- 0) requests
TOMMessage ByteCount = 63616557
LCMessage ByteCount = 10
ConsensusMessage ByteCount = 19932694
StandardSMMessage ByteCount = 434
--- Measurements after 124000 ops (1000 samples) ---
Throughput = 3649.635 operations/sec (Maximum observed: 9090.909 ops/sec)
Total latency = 1.7449257611847E7 (+/- 0) us 
Consensus latency = 0.0 (+/- 0) us 
Pre-consensus latency = 0.0 (+/- 0) us 
Pos-consensus latency = -2.1064508300385647E12 (+/- 0) us 
Propose latency = 0.0 (+/- 0) us 
Write latency = 0.0 (+/- 0) us 
Accept latency = 0.0 (+/- 0) us 
Batch average size = NaN (+/- 0) requests
TOMMessage ByteCount = 65067271
LCMessage ByteCount = 10
ConsensusMessage ByteCount = 19932694
StandardSMMessage ByteCount = 434
--- Measurements after 125000 ops (1000 samples) ---
Throughput = 3802.2812 operations/sec (Maximum observed: 9090.909 ops/sec)
Total latency = 1.7687777776306998E7 (+/- 0) us 
Consensus latency = 0.0 (+/- 0) us 
Pre-consensus latency = 0.0 (+/- 0) us 
Pos-consensus latency = -2.1064505666066545E12 (+/- 0) us 
Propose latency = 0.0 (+/- 0) us 
Write latency = 0.0 (+/- 0) us 
Accept latency = 0.0 (+/- 0) us 
Batch average size = NaN (+/- 0) requests
TOMMessage ByteCount = 65890902
LCMessage ByteCount = 10
ConsensusMessage ByteCount = 19932694
StandardSMMessage ByteCount = 434
--- Measurements after 126000 ops (1000 samples) ---
Throughput = 4310.3447 operations/sec (Maximum observed: 9090.909 ops/sec)
Total latency = 1.7914827669278E7 (+/- 0) us 
Consensus latency = 0.0 (+/- 0) us 
Pre-consensus latency = 0.0 (+/- 0) us 
Pos-consensus latency = -2.106450312631132E12 (+/- 0) us 
Propose latency = 0.0 (+/- 0) us 
Write latency = 0.0 (+/- 0) us 
Accept latency = 0.0 (+/- 0) us 
Batch average size = NaN (+/- 0) requests
TOMMessage ByteCount = 65902342
LCMessage ByteCount = 10
ConsensusMessage ByteCount = 19932694
StandardSMMessage ByteCount = 434
--- Measurements after 127000 ops (1000 samples) ---
Throughput = 4524.8867 operations/sec (Maximum observed: 9090.909 ops/sec)
Total latency = 1.8109004830064997E7 (+/- 0) us 
Consensus latency = 0.0 (+/- 0) us 
Pre-consensus latency = 0.0 (+/- 0) us 
Pos-consensus latency = -2.1064500890407754E12 (+/- 0) us 
Propose latency = 0.0 (+/- 0) us 
Write latency = 0.0 (+/- 0) us 
Accept latency = 0.0 (+/- 0) us 
Batch average size = NaN (+/- 0) requests
TOMMessage ByteCount = 65908582
LCMessage ByteCount = 10
ConsensusMessage ByteCount = 19932694
StandardSMMessage ByteCount = 434
--- Measurements after 128000 ops (1000 samples) ---
Throughput = 4545.4546 operations/sec (Maximum observed: 9090.909 ops/sec)
Total latency = 1.8302742499042E7 (+/- 0) us 
Consensus latency = 0.0 (+/- 0) us 
Pre-consensus latency = 0.0 (+/- 0) us 
Pos-consensus latency = -2.1064498681867732E12 (+/- 0) us 
Propose latency = 0.0 (+/- 0) us 
Write latency = 0.0 (+/- 0) us 
Accept latency = 0.0 (+/- 0) us 
Batch average size = NaN (+/- 0) requests
TOMMessage ByteCount = 65912742
LCMessage ByteCount = 10
ConsensusMessage ByteCount = 19932694
StandardSMMessage ByteCount = 434
--- Measurements after 129000 ops (1000 samples) ---
Throughput = 3676.4707 operations/sec (Maximum observed: 9090.909 ops/sec)
Total latency = 1.8504107082766E7 (+/- 0) us 
Consensus latency = 0.0 (+/- 0) us 
Pre-consensus latency = 0.0 (+/- 0) us 
Pos-consensus latency = -2.1064496344303767E12 (+/- 0) us 
Propose latency = 0.0 (+/- 0) us 
Write latency = 0.0 (+/- 0) us 
Accept latency = 0.0 (+/- 0) us 
Batch average size = NaN (+/- 0) requests
TOMMessage ByteCount = 65917942
LCMessage ByteCount = 10
ConsensusMessage ByteCount = 19932694
StandardSMMessage ByteCount = 434
--- Measurements after 130000 ops (1000 samples) ---
Throughput = 4016.0642 operations/sec (Maximum observed: 9090.909 ops/sec)
Total latency = 1.8760186522065E7 (+/- 0) us 
Consensus latency = 0.0 (+/- 0) us 
Pre-consensus latency = 0.0 (+/- 0) us 
Pos-consensus latency = -2.1064493500416887E12 (+/- 0) us 
Propose latency = 0.0 (+/- 0) us 
Write latency = 0.0 (+/- 0) us 
Accept latency = 0.0 (+/- 0) us 
Batch average size = NaN (+/- 0) requests
TOMMessage ByteCount = 65918981
LCMessage ByteCount = 10
ConsensusMessage ByteCount = 19932694
StandardSMMessage ByteCount = 434
--- Measurements after 131000 ops (1000 samples) ---
Throughput = 4950.495 operations/sec (Maximum observed: 9090.909 ops/sec)
Total latency = 1.8952981758830003E7 (+/- 0) us 
Consensus latency = 0.0 (+/- 0) us 
Pre-consensus latency = 0.0 (+/- 0) us 
Pos-consensus latency = -2.106449132913918E12 (+/- 0) us 
Propose latency = 0.0 (+/- 0) us 
Write latency = 0.0 (+/- 0) us 
Accept latency = 0.0 (+/- 0) us 
Batch average size = NaN (+/- 0) requests
TOMMessage ByteCount = 65926260
LCMessage ByteCount = 10
ConsensusMessage ByteCount = 19932694
StandardSMMessage ByteCount = 434
--- Measurements after 132000 ops (1000 samples) ---
Throughput = 6666.6665 operations/sec (Maximum observed: 9090.909 ops/sec)
Total latency = 1.9098846473763E7 (+/- 0) us 
Consensus latency = 0.0 (+/- 0) us 
Pre-consensus latency = 0.0 (+/- 0) us 
Pos-consensus latency = -2.1064489597147988E12 (+/- 0) us 
Propose latency = 0.0 (+/- 0) us 
Write latency = 0.0 (+/- 0) us 
Accept latency = 0.0 (+/- 0) us 
Batch average size = NaN (+/- 0) requests
TOMMessage ByteCount = 65926260
LCMessage ByteCount = 10
ConsensusMessage ByteCount = 19932694
StandardSMMessage ByteCount = 434
--- Measurements after 133000 ops (1000 samples) ---
Throughput = 6711.409 operations/sec (Maximum observed: 9090.909 ops/sec)
Total latency = 1.9183616198583E7 (+/- 0) us 
Consensus latency = 0.0 (+/- 0) us 
Pre-consensus latency = 0.0 (+/- 0) us 
Pos-consensus latency = -2.1064488101311501E12 (+/- 0) us 
Propose latency = 0.0 (+/- 0) us 
Write latency = 0.0 (+/- 0) us 
Accept latency = 0.0 (+/- 0) us 
Batch average size = NaN (+/- 0) requests
TOMMessage ByteCount = 65927300
LCMessage ByteCount = 10
ConsensusMessage ByteCount = 19932694
StandardSMMessage ByteCount = 434
--- Measurements after 134000 ops (1000 samples) ---
Throughput = 5988.024 operations/sec (Maximum observed: 9090.909 ops/sec)
Total latency = 1.9211726543053E7 (+/- 0) us 
Consensus latency = 0.0 (+/- 0) us 
Pre-consensus latency = 0.0 (+/- 0) us 
Pos-consensus latency = -2.1064486537667673E12 (+/- 0) us 
Propose latency = 0.0 (+/- 0) us 
Write latency = 0.0 (+/- 0) us 
Accept latency = 0.0 (+/- 0) us 
Batch average size = NaN (+/- 0) requests
TOMMessage ByteCount = 65927300
LCMessage ByteCount = 10
ConsensusMessage ByteCount = 19932694
StandardSMMessage ByteCount = 434
--- Measurements after 135000 ops (1000 samples) ---
Throughput = 6711.409 operations/sec (Maximum observed: 9090.909 ops/sec)
Total latency = 1.9349178648415E7 (+/- 0) us 
Consensus latency = 0.0 (+/- 0) us 
Pre-consensus latency = 0.0 (+/- 0) us 
Pos-consensus latency = -2.1064484939553005E12 (+/- 0) us 
Propose latency = 0.0 (+/- 0) us 
Write latency = 0.0 (+/- 0) us 
Accept latency = 0.0 (+/- 0) us 
Batch average size = NaN (+/- 0) requests
TOMMessage ByteCount = 65931460
LCMessage ByteCount = 10
ConsensusMessage ByteCount = 19932694
StandardSMMessage ByteCount = 434
--- Measurements after 136000 ops (1000 samples) ---
Throughput = 6711.409 operations/sec (Maximum observed: 9090.909 ops/sec)
Total latency = 1.9482536040586E7 (+/- 0) us 
Consensus latency = 0.0 (+/- 0) us 
Pre-consensus latency = 0.0 (+/- 0) us 
Pos-consensus latency = -2.1064483448770627E12 (+/- 0) us 
Propose latency = 0.0 (+/- 0) us 
Write latency = 0.0 (+/- 0) us 
Accept latency = 0.0 (+/- 0) us 
Batch average size = NaN (+/- 0) requests
TOMMessage ByteCount = 65931460
LCMessage ByteCount = 10
ConsensusMessage ByteCount = 19932694
StandardSMMessage ByteCount = 434
--- Measurements after 137000 ops (1000 samples) ---
Throughput = 6711.409 operations/sec (Maximum observed: 9090.909 ops/sec)
Total latency = 1.9616032127625E7 (+/- 0) us 
Consensus latency = 0.0 (+/- 0) us 
Pre-consensus latency = 0.0 (+/- 0) us 
Pos-consensus latency = -2.1064481958714663E12 (+/- 0) us 
Propose latency = 0.0 (+/- 0) us 
Write latency = 0.0 (+/- 0) us 
Accept latency = 0.0 (+/- 0) us 
Batch average size = NaN (+/- 0) requests
TOMMessage ByteCount = 65931460
LCMessage ByteCount = 10
ConsensusMessage ByteCount = 19932694
StandardSMMessage ByteCount = 434
--- Measurements after 138000 ops (1000 samples) ---
Throughput = 6711.409 operations/sec (Maximum observed: 9090.909 ops/sec)
Total latency = 1.9749104731706E7 (+/- 0) us 
Consensus latency = 0.0 (+/- 0) us 
Pre-consensus latency = 0.0 (+/- 0) us 
Pos-consensus latency = -2.1064480468735671E12 (+/- 0) us 
Propose latency = 0.0 (+/- 0) us 
Write latency = 0.0 (+/- 0) us 
Accept latency = 0.0 (+/- 0) us 
Batch average size = NaN (+/- 0) requests
TOMMessage ByteCount = 66086409
LCMessage ByteCount = 10
ConsensusMessage ByteCount = 19932694
StandardSMMessage ByteCount = 434
--- Measurements after 139000 ops (1000 samples) ---
Throughput = 5952.381 operations/sec (Maximum observed: 9090.909 ops/sec)
Total latency = 1.9896477094671E7 (+/- 0) us 
Consensus latency = 0.0 (+/- 0) us 
Pre-consensus latency = 0.0 (+/- 0) us 
Pos-consensus latency = -2.1064478835864155E12 (+/- 0) us 
Propose latency = 0.0 (+/- 0) us 
Write latency = 0.0 (+/- 0) us 
Accept latency = 0.0 (+/- 0) us 
Batch average size = NaN (+/- 0) requests
TOMMessage ByteCount = 66513829
LCMessage ByteCount = 10
ConsensusMessage ByteCount = 19932694
StandardSMMessage ByteCount = 434
--- Measurements after 140000 ops (1000 samples) ---
Throughput = 6666.6665 operations/sec (Maximum observed: 9090.909 ops/sec)
Total latency = 2.0035308578283E7 (+/- 0) us 
Consensus latency = 0.0 (+/- 0) us 
Pre-consensus latency = 0.0 (+/- 0) us 
Pos-consensus latency = -2.1064477297973457E12 (+/- 0) us 
Propose latency = 0.0 (+/- 0) us 
Write latency = 0.0 (+/- 0) us 
Accept latency = 0.0 (+/- 0) us 
Batch average size = NaN (+/- 0) requests
TOMMessage ByteCount = 66915238
LCMessage ByteCount = 10
ConsensusMessage ByteCount = 19932694
StandardSMMessage ByteCount = 434
--- Measurements after 141000 ops (1000 samples) ---
Throughput = 6666.6665 operations/sec (Maximum observed: 9090.909 ops/sec)
Total latency = 2.0170277218778E7 (+/- 0) us 
Consensus latency = 0.0 (+/- 0) us 
Pre-consensus latency = 0.0 (+/- 0) us 
Pos-consensus latency = -2.1064475798152852E12 (+/- 0) us 
Propose latency = 0.0 (+/- 0) us 
Write latency = 0.0 (+/- 0) us 
Accept latency = 0.0 (+/- 0) us 
Batch average size = NaN (+/- 0) requests
TOMMessage ByteCount = 67389454
LCMessage ByteCount = 10
ConsensusMessage ByteCount = 19932694
StandardSMMessage ByteCount = 434
--- Measurements after 142000 ops (1000 samples) ---
Throughput = 6711.409 operations/sec (Maximum observed: 9090.909 ops/sec)
Total latency = 2.0304014143485002E7 (+/- 0) us 
Consensus latency = 0.0 (+/- 0) us 
Pre-consensus latency = 0.0 (+/- 0) us 
Pos-consensus latency = -2.1064474299492197E12 (+/- 0) us 
Propose latency = 0.0 (+/- 0) us 
Write latency = 0.0 (+/- 0) us 
Accept latency = 0.0 (+/- 0) us 
Batch average size = NaN (+/- 0) requests
TOMMessage ByteCount = 67845993
LCMessage ByteCount = 10
ConsensusMessage ByteCount = 19932694
StandardSMMessage ByteCount = 434
--- Measurements after 143000 ops (1000 samples) ---
Throughput = 5917.1597 operations/sec (Maximum observed: 9090.909 ops/sec)
Total latency = 2.0437673311859E7 (+/- 0) us 
Consensus latency = 0.0 (+/- 0) us 
Pre-consensus latency = 0.0 (+/- 0) us 
Pos-consensus latency = -2.1064472794605454E12 (+/- 0) us 
Propose latency = 0.0 (+/- 0) us 
Write latency = 0.0 (+/- 0) us 
Accept latency = 0.0 (+/- 0) us 
Batch average size = NaN (+/- 0) requests
TOMMessage ByteCount = 68332685
LCMessage ByteCount = 10
ConsensusMessage ByteCount = 19932694
StandardSMMessage ByteCount = 434
--- Measurements after 144000 ops (1000 samples) ---
Throughput = 6711.409 operations/sec (Maximum observed: 9090.909 ops/sec)
Total latency = 2.0590131639758E7 (+/- 0) us 
Consensus latency = 0.0 (+/- 0) us 
Pre-consensus latency = 0.0 (+/- 0) us 
Pos-consensus latency = -2.106447110745496E12 (+/- 0) us 
Propose latency = 0.0 (+/- 0) us 
Write latency = 0.0 (+/- 0) us 
Accept latency = 0.0 (+/- 0) us 
Batch average size = NaN (+/- 0) requests
TOMMessage ByteCount = 68772584
LCMessage ByteCount = 10
ConsensusMessage ByteCount = 19932694
StandardSMMessage ByteCount = 434
--- Measurements after 145000 ops (1000 samples) ---
Throughput = 6666.6665 operations/sec (Maximum observed: 9090.909 ops/sec)
Total latency = 2.0724857989798002E7 (+/- 0) us 
Consensus latency = 0.0 (+/- 0) us 
Pre-consensus latency = 0.0 (+/- 0) us 
Pos-consensus latency = -2.1064469612808115E12 (+/- 0) us 
Propose latency = 0.0 (+/- 0) us 
Write latency = 0.0 (+/- 0) us 
Accept latency = 0.0 (+/- 0) us 
Batch average size = NaN (+/- 0) requests
TOMMessage ByteCount = 69187523
LCMessage ByteCount = 10
ConsensusMessage ByteCount = 19932694
StandardSMMessage ByteCount = 434
--- Measurements after 146000 ops (1000 samples) ---
Throughput = 6711.409 operations/sec (Maximum observed: 9090.909 ops/sec)
Total latency = 2.0851148696542E7 (+/- 0) us 
Consensus latency = 0.0 (+/- 0) us 
Pre-consensus latency = 0.0 (+/- 0) us 
Pos-consensus latency = -2.1064468121301287E12 (+/- 0) us 
Propose latency = 0.0 (+/- 0) us 
Write latency = 0.0 (+/- 0) us 
Accept latency = 0.0 (+/- 0) us 
Batch average size = NaN (+/- 0) requests
TOMMessage ByteCount = 69559824
LCMessage ByteCount = 10
ConsensusMessage ByteCount = 19932694
StandardSMMessage ByteCount = 434
--- Measurements after 147000 ops (1000 samples) ---
Throughput = 6711.409 operations/sec (Maximum observed: 9090.909 ops/sec)
Total latency = 2.0968277685301E7 (+/- 0) us 
Consensus latency = 0.0 (+/- 0) us 
Pre-consensus latency = 0.0 (+/- 0) us 
Pos-consensus latency = -2.106446663144758E12 (+/- 0) us 
Propose latency = 0.0 (+/- 0) us 
Write latency = 0.0 (+/- 0) us 
Accept latency = 0.0 (+/- 0) us 
Batch average size = NaN (+/- 0) requests
TOMMessage ByteCount = 69904040
LCMessage ByteCount = 10
ConsensusMessage ByteCount = 19932694
StandardSMMessage ByteCount = 434
--- Measurements after 148000 ops (1000 samples) ---
Throughput = 5917.1597 operations/sec (Maximum observed: 9090.909 ops/sec)
Total latency = 2.1098850691428002E7 (+/- 0) us 
Consensus latency = 0.0 (+/- 0) us 
Pre-consensus latency = 0.0 (+/- 0) us 
Pos-consensus latency = -2.1064465107280618E12 (+/- 0) us 
Propose latency = 0.0 (+/- 0) us 
Write latency = 0.0 (+/- 0) us 
Accept latency = 0.0 (+/- 0) us 
Batch average size = NaN (+/- 0) requests
TOMMessage ByteCount = 70317937
LCMessage ByteCount = 10
ConsensusMessage ByteCount = 19932694
StandardSMMessage ByteCount = 434
--- Measurements after 149000 ops (1000 samples) ---
Throughput = 6711.409 operations/sec (Maximum observed: 9090.909 ops/sec)
Total latency = 2.1238877735706E7 (+/- 0) us 
Consensus latency = 0.0 (+/- 0) us 
Pre-consensus latency = 0.0 (+/- 0) us 
Pos-consensus latency = -2.106446344699397E12 (+/- 0) us 
Propose latency = 0.0 (+/- 0) us 
Write latency = 0.0 (+/- 0) us 
Accept latency = 0.0 (+/- 0) us 
Batch average size = NaN (+/- 0) requests
TOMMessage ByteCount = 70654878
LCMessage ByteCount = 10
ConsensusMessage ByteCount = 19932694
StandardSMMessage ByteCount = 434
--- Measurements after 150000 ops (1000 samples) ---
Throughput = 6711.409 operations/sec (Maximum observed: 9090.909 ops/sec)
Total latency = 2.1360672029587E7 (+/- 0) us 
Consensus latency = 0.0 (+/- 0) us 
Pre-consensus latency = 0.0 (+/- 0) us 
Pos-consensus latency = -2.1064461958790752E12 (+/- 0) us 
Propose latency = 0.0 (+/- 0) us 
Write latency = 0.0 (+/- 0) us 
Accept latency = 0.0 (+/- 0) us 
Batch average size = NaN (+/- 0) requests
TOMMessage ByteCount = 71007420
LCMessage ByteCount = 10
ConsensusMessage ByteCount = 19932694
StandardSMMessage ByteCount = 434
--- Measurements after 151000 ops (1000 samples) ---
Throughput = 6711.409 operations/sec (Maximum observed: 9090.909 ops/sec)
Total latency = 2.1482479060591E7 (+/- 0) us 
Consensus latency = 0.0 (+/- 0) us 
Pre-consensus latency = 0.0 (+/- 0) us 
Pos-consensus latency = -2.1064460469674802E12 (+/- 0) us 
Propose latency = 0.0 (+/- 0) us 
Write latency = 0.0 (+/- 0) us 
Accept latency = 0.0 (+/- 0) us 
Batch average size = NaN (+/- 0) requests
TOMMessage ByteCount = 71355802
LCMessage ByteCount = 10
ConsensusMessage ByteCount = 19932694
StandardSMMessage ByteCount = 434
--- Measurements after 152000 ops (1000 samples) ---
Throughput = 6711.409 operations/sec (Maximum observed: 9090.909 ops/sec)
Total latency = 2.1602566082005E7 (+/- 0) us 
Consensus latency = 0.0 (+/- 0) us 
Pre-consensus latency = 0.0 (+/- 0) us 
Pos-consensus latency = -2.1064458979615217E12 (+/- 0) us 
Propose latency = 0.0 (+/- 0) us 
Write latency = 0.0 (+/- 0) us 
Accept latency = 0.0 (+/- 0) us 
Batch average size = NaN (+/- 0) requests
TOMMessage ByteCount = 71712502
LCMessage ByteCount = 10
ConsensusMessage ByteCount = 19932694
StandardSMMessage ByteCount = 434
--- Measurements after 153000 ops (1000 samples) ---
Throughput = 5952.381 operations/sec (Maximum observed: 9090.909 ops/sec)
Total latency = 2.1728566223179E7 (+/- 0) us 
Consensus latency = 0.0 (+/- 0) us 
Pre-consensus latency = 0.0 (+/- 0) us 
Pos-consensus latency = -2.1064457427098677E12 (+/- 0) us 
Propose latency = 0.0 (+/- 0) us 
Write latency = 0.0 (+/- 0) us 
Accept latency = 0.0 (+/- 0) us 
Batch average size = NaN (+/- 0) requests
TOMMessage ByteCount = 72068159
LCMessage ByteCount = 10
ConsensusMessage ByteCount = 19932694
StandardSMMessage ByteCount = 434
--- Measurements after 154000 ops (1000 samples) ---
Throughput = 6666.6665 operations/sec (Maximum observed: 9090.909 ops/sec)
Total latency = 2.1865529399331E7 (+/- 0) us 
Consensus latency = 0.0 (+/- 0) us 
Pre-consensus latency = 0.0 (+/- 0) us 
Pos-consensus latency = -2.106445580629569E12 (+/- 0) us 
Propose latency = 0.0 (+/- 0) us 
Write latency = 0.0 (+/- 0) us 
Accept latency = 0.0 (+/- 0) us 
Batch average size = NaN (+/- 0) requests
TOMMessage ByteCount = 72388462
LCMessage ByteCount = 10
ConsensusMessage ByteCount = 19932694
StandardSMMessage ByteCount = 434
--- Measurements after 155000 ops (1000 samples) ---
Throughput = 6666.6665 operations/sec (Maximum observed: 9090.909 ops/sec)
Total latency = 2.1986987448528E7 (+/- 0) us 
Consensus latency = 0.0 (+/- 0) us 
Pre-consensus latency = 0.0 (+/- 0) us 
Pos-consensus latency = -2.1064454310027502E12 (+/- 0) us 
Propose latency = 0.0 (+/- 0) us 
Write latency = 0.0 (+/- 0) us 
Accept latency = 0.0 (+/- 0) us 
Batch average size = NaN (+/- 0) requests
TOMMessage ByteCount = 72744121
LCMessage ByteCount = 10
ConsensusMessage ByteCount = 19932694
StandardSMMessage ByteCount = 434
--- Measurements after 156000 ops (1000 samples) ---
Throughput = 6535.9478 operations/sec (Maximum observed: 9090.909 ops/sec)
Total latency = 2.2111757674387E7 (+/- 0) us 
Consensus latency = 0.0 (+/- 0) us 
Pre-consensus latency = 0.0 (+/- 0) us 
Pos-consensus latency = -2.1064452783529468E12 (+/- 0) us 
Propose latency = 0.0 (+/- 0) us 
Write latency = 0.0 (+/- 0) us 
Accept latency = 0.0 (+/- 0) us 
Batch average size = NaN (+/- 0) requests
TOMMessage ByteCount = 73154899
LCMessage ByteCount = 10
ConsensusMessage ByteCount = 19932694
StandardSMMessage ByteCount = 434
--- Measurements after 157000 ops (1000 samples) ---
Throughput = 6622.5166 operations/sec (Maximum observed: 9090.909 ops/sec)
Total latency = 2.2236364983703E7 (+/- 0) us 
Consensus latency = 0.0 (+/- 0) us 
Pre-consensus latency = 0.0 (+/- 0) us 
Pos-consensus latency = -2.1064451258657686E12 (+/- 0) us 
Propose latency = 0.0 (+/- 0) us 
Write latency = 0.0 (+/- 0) us 
Accept latency = 0.0 (+/- 0) us 
Batch average size = NaN (+/- 0) requests
TOMMessage ByteCount = 73538638
LCMessage ByteCount = 10
ConsensusMessage ByteCount = 19932694
StandardSMMessage ByteCount = 434
--- Measurements after 158000 ops (1000 samples) ---
Throughput = 5813.9536 operations/sec (Maximum observed: 9090.909 ops/sec)
Total latency = 2.2363108527444E7 (+/- 0) us 
Consensus latency = 0.0 (+/- 0) us 
Pre-consensus latency = 0.0 (+/- 0) us 
Pos-consensus latency = -2.1064449647640715E12 (+/- 0) us 
Propose latency = 0.0 (+/- 0) us 
Write latency = 0.0 (+/- 0) us 
Accept latency = 0.0 (+/- 0) us 
Batch average size = NaN (+/- 0) requests
TOMMessage ByteCount = 73925491
LCMessage ByteCount = 10
ConsensusMessage ByteCount = 19932694
StandardSMMessage ByteCount = 434
--- Measurements after 159000 ops (1000 samples) ---
Throughput = 6622.5166 operations/sec (Maximum observed: 9090.909 ops/sec)
Total latency = 2.2498333439765997E7 (+/- 0) us 
Consensus latency = 0.0 (+/- 0) us 
Pre-consensus latency = 0.0 (+/- 0) us 
Pos-consensus latency = -2.106444802995694E12 (+/- 0) us 
Propose latency = 0.0 (+/- 0) us 
Write latency = 0.0 (+/- 0) us 
Accept latency = 0.0 (+/- 0) us 
Batch average size = NaN (+/- 0) requests
TOMMessage ByteCount = 74307151
LCMessage ByteCount = 10
ConsensusMessage ByteCount = 19932694
StandardSMMessage ByteCount = 434
--- Measurements after 160000 ops (1000 samples) ---
Throughput = 6578.9473 operations/sec (Maximum observed: 9090.909 ops/sec)
Total latency = 2.2628498769028E7 (+/- 0) us 
Consensus latency = 0.0 (+/- 0) us 
Pre-consensus latency = 0.0 (+/- 0) us 
Pos-consensus latency = -2.1064446505085503E12 (+/- 0) us 
Propose latency = 0.0 (+/- 0) us 
Write latency = 0.0 (+/- 0) us 
Accept latency = 0.0 (+/- 0) us 
Batch average size = NaN (+/- 0) requests
TOMMessage ByteCount = 74601454
LCMessage ByteCount = 10
ConsensusMessage ByteCount = 19932694
StandardSMMessage ByteCount = 434
--- Measurements after 161000 ops (1000 samples) ---
Throughput = 6578.9473 operations/sec (Maximum observed: 9090.909 ops/sec)
Total latency = 2.2752849166745998E7 (+/- 0) us 
Consensus latency = 0.0 (+/- 0) us 
Pre-consensus latency = 0.0 (+/- 0) us 
Pos-consensus latency = -2.1064444985882585E12 (+/- 0) us 
Propose latency = 0.0 (+/- 0) us 
Write latency = 0.0 (+/- 0) us 
Accept latency = 0.0 (+/- 0) us 
Batch average size = NaN (+/- 0) requests
TOMMessage ByteCount = 74930076
LCMessage ByteCount = 10
ConsensusMessage ByteCount = 19932694
StandardSMMessage ByteCount = 434
--- Measurements after 162000 ops (1000 samples) ---
Throughput = 6666.6665 operations/sec (Maximum observed: 9090.909 ops/sec)
Total latency = 2.2873575311825E7 (+/- 0) us 
Consensus latency = 0.0 (+/- 0) us 
Pre-consensus latency = 0.0 (+/- 0) us 
Pos-consensus latency = -2.1064443476351284E12 (+/- 0) us 
Propose latency = 0.0 (+/- 0) us 
Write latency = 0.0 (+/- 0) us 
Accept latency = 0.0 (+/- 0) us 
Batch average size = NaN (+/- 0) requests
TOMMessage ByteCount = 75244137
LCMessage ByteCount = 10
ConsensusMessage ByteCount = 19932694
StandardSMMessage ByteCount = 434
--- Measurements after 163000 ops (1000 samples) ---
Throughput = 5494.5054 operations/sec (Maximum observed: 9090.909 ops/sec)
Total latency = 2.3019156243093E7 (+/- 0) us 
Consensus latency = 0.0 (+/- 0) us 
Pre-consensus latency = 0.0 (+/- 0) us 
Pos-consensus latency = -2.106444174845886E12 (+/- 0) us 
Propose latency = 0.0 (+/- 0) us 
Write latency = 0.0 (+/- 0) us 
Accept latency = 0.0 (+/- 0) us 
Batch average size = NaN (+/- 0) requests
TOMMessage ByteCount = 75711066
LCMessage ByteCount = 10
ConsensusMessage ByteCount = 19932694
StandardSMMessage ByteCount = 434
--- Measurements after 164000 ops (1000 samples) ---
Throughput = 6666.6665 operations/sec (Maximum observed: 9090.909 ops/sec)
Total latency = 2.3151608602307998E7 (+/- 0) us 
Consensus latency = 0.0 (+/- 0) us 
Pre-consensus latency = 0.0 (+/- 0) us 
Pos-consensus latency = -2.1064440156185654E12 (+/- 0) us 
Propose latency = 0.0 (+/- 0) us 
Write latency = 0.0 (+/- 0) us 
Accept latency = 0.0 (+/- 0) us 
Batch average size = NaN (+/- 0) requests
TOMMessage ByteCount = 76062563
LCMessage ByteCount = 10
ConsensusMessage ByteCount = 19932694
StandardSMMessage ByteCount = 434
--- Measurements after 165000 ops (1000 samples) ---
Throughput = 6578.9473 operations/sec (Maximum observed: 9090.909 ops/sec)
Total latency = 2.3273773102255E7 (+/- 0) us 
Consensus latency = 0.0 (+/- 0) us 
Pre-consensus latency = 0.0 (+/- 0) us 
Pos-consensus latency = -2.1064438649056628E12 (+/- 0) us 
Propose latency = 0.0 (+/- 0) us 
Write latency = 0.0 (+/- 0) us 
Accept latency = 0.0 (+/- 0) us 
Batch average size = NaN (+/- 0) requests
TOMMessage ByteCount = 76455659
LCMessage ByteCount = 10
ConsensusMessage ByteCount = 19932694
StandardSMMessage ByteCount = 434
--- Measurements after 166000 ops (1000 samples) ---
Throughput = 6711.409 operations/sec (Maximum observed: 9090.909 ops/sec)
Total latency = 2.3397603952652E7 (+/- 0) us 
Consensus latency = 0.0 (+/- 0) us 
Pre-consensus latency = 0.0 (+/- 0) us 
Pos-consensus latency = -2.1064437135248486E12 (+/- 0) us 
Propose latency = 0.0 (+/- 0) us 
Write latency = 0.0 (+/- 0) us 
Accept latency = 0.0 (+/- 0) us 
Batch average size = NaN (+/- 0) requests
TOMMessage ByteCount = 76789479
LCMessage ByteCount = 10
ConsensusMessage ByteCount = 19932694
StandardSMMessage ByteCount = 434
--- Measurements after 167000 ops (1000 samples) ---
Throughput = 6666.6665 operations/sec (Maximum observed: 9090.909 ops/sec)
Total latency = 2.3518244316174E7 (+/- 0) us 
Consensus latency = 0.0 (+/- 0) us 
Pre-consensus latency = 0.0 (+/- 0) us 
Pos-consensus latency = -2.1064435647403367E12 (+/- 0) us 
Propose latency = 0.0 (+/- 0) us 
Write latency = 0.0 (+/- 0) us 
Accept latency = 0.0 (+/- 0) us 
Batch average size = NaN (+/- 0) requests
TOMMessage ByteCount = 77088978
LCMessage ByteCount = 10
ConsensusMessage ByteCount = 19932694
StandardSMMessage ByteCount = 434
--- Measurements after 168000 ops (1000 samples) ---
Throughput = 5319.149 operations/sec (Maximum observed: 9090.909 ops/sec)
Total latency = 2.3675431283402E7 (+/- 0) us 
Consensus latency = 0.0 (+/- 0) us 
Pre-consensus latency = 0.0 (+/- 0) us 
Pos-consensus latency = -2.106443378649878E12 (+/- 0) us 
Propose latency = 0.0 (+/- 0) us 
Write latency = 0.0 (+/- 0) us 
Accept latency = 0.0 (+/- 0) us 
Batch average size = NaN (+/- 0) requests
TOMMessage ByteCount = 77491439
LCMessage ByteCount = 10
ConsensusMessage ByteCount = 19932694
StandardSMMessage ByteCount = 434
--- Measurements after 169000 ops (1000 samples) ---
Throughput = 6622.5166 operations/sec (Maximum observed: 9090.909 ops/sec)
Total latency = 2.3797298740771E7 (+/- 0) us 
Consensus latency = 0.0 (+/- 0) us 
Pre-consensus latency = 0.0 (+/- 0) us 
Pos-consensus latency = -2.1064432259592747E12 (+/- 0) us 
Propose latency = 0.0 (+/- 0) us 
Write latency = 0.0 (+/- 0) us 
Accept latency = 0.0 (+/- 0) us 
Batch average size = NaN (+/- 0) requests
TOMMessage ByteCount = 77848140
LCMessage ByteCount = 10
ConsensusMessage ByteCount = 19932694
StandardSMMessage ByteCount = 434
--- Measurements after 170000 ops (1000 samples) ---
Throughput = 6493.5063 operations/sec (Maximum observed: 9090.909 ops/sec)
Total latency = 2.3922059793825E7 (+/- 0) us 
Consensus latency = 0.0 (+/- 0) us 
Pre-consensus latency = 0.0 (+/- 0) us 
Pos-consensus latency = -2.1064430736151707E12 (+/- 0) us 
Propose latency = 0.0 (+/- 0) us 
Write latency = 0.0 (+/- 0) us 
Accept latency = 0.0 (+/- 0) us 
Batch average size = NaN (+/- 0) requests
TOMMessage ByteCount = 78179885
LCMessage ByteCount = 10
ConsensusMessage ByteCount = 19932694
StandardSMMessage ByteCount = 434
--- Measurements after 171000 ops (1000 samples) ---
Throughput = 6024.096 operations/sec (Maximum observed: 9090.909 ops/sec)
Total latency = 2.4050739820709E7 (+/- 0) us 
Consensus latency = 0.0 (+/- 0) us 
Pre-consensus latency = 0.0 (+/- 0) us 
Pos-consensus latency = -2.1064429194850034E12 (+/- 0) us 
Propose latency = 0.0 (+/- 0) us 
Write latency = 0.0 (+/- 0) us 
Accept latency = 0.0 (+/- 0) us 
Batch average size = NaN (+/- 0) requests
TOMMessage ByteCount = 78461706
LCMessage ByteCount = 10
ConsensusMessage ByteCount = 19932694
StandardSMMessage ByteCount = 434
--- Measurements after 172000 ops (1000 samples) ---
Throughput = 4032.258 operations/sec (Maximum observed: 9090.909 ops/sec)
Total latency = 2.422691465337E7 (+/- 0) us 
Consensus latency = 0.0 (+/- 0) us 
Pre-consensus latency = 0.0 (+/- 0) us 
Pos-consensus latency = -2.106442711085558E12 (+/- 0) us 
Propose latency = 0.0 (+/- 0) us 
Write latency = 0.0 (+/- 0) us 
Accept latency = 0.0 (+/- 0) us 
Batch average size = NaN (+/- 0) requests
TOMMessage ByteCount = 78991036
LCMessage ByteCount = 10
ConsensusMessage ByteCount = 19932694
StandardSMMessage ByteCount = 434
--- Measurements after 173000 ops (1000 samples) ---
Throughput = 4694.8354 operations/sec (Maximum observed: 9090.909 ops/sec)
Total latency = 2.4438371746439E7 (+/- 0) us 
Consensus latency = 0.0 (+/- 0) us 
Pre-consensus latency = 0.0 (+/- 0) us 
Pos-consensus latency = -2.1064424750124463E12 (+/- 0) us 
Propose latency = 0.0 (+/- 0) us 
Write latency = 0.0 (+/- 0) us 
Accept latency = 0.0 (+/- 0) us 
Batch average size = NaN (+/- 0) requests
TOMMessage ByteCount = 79426772
LCMessage ByteCount = 10
ConsensusMessage ByteCount = 19932694
StandardSMMessage ByteCount = 434
--- Measurements after 174000 ops (1000 samples) ---
Throughput = 4784.689 operations/sec (Maximum observed: 9090.909 ops/sec)
Total latency = 2.4623042846636E7 (+/- 0) us 
Consensus latency = 0.0 (+/- 0) us 
Pre-consensus latency = 0.0 (+/- 0) us 
Pos-consensus latency = -2.1064422639748472E12 (+/- 0) us 
Propose latency = 0.0 (+/- 0) us 
Write latency = 0.0 (+/- 0) us 
Accept latency = 0.0 (+/- 0) us 
Batch average size = NaN (+/- 0) requests
TOMMessage ByteCount = 79824029
LCMessage ByteCount = 10
ConsensusMessage ByteCount = 19932694
StandardSMMessage ByteCount = 434
--- Measurements after 175000 ops (1000 samples) ---
Throughput = 4694.8354 operations/sec (Maximum observed: 9090.909 ops/sec)
Total latency = 2.4805342536900003E7 (+/- 0) us 
Consensus latency = 0.0 (+/- 0) us 
Pre-consensus latency = 0.0 (+/- 0) us 
Pos-consensus latency = -2.106442053111012E12 (+/- 0) us 
Propose latency = 0.0 (+/- 0) us 
Write latency = 0.0 (+/- 0) us 
Accept latency = 0.0 (+/- 0) us 
Batch average size = NaN (+/- 0) requests
TOMMessage ByteCount = 80238964
LCMessage ByteCount = 10
ConsensusMessage ByteCount = 19932694
StandardSMMessage ByteCount = 434
--- Measurements after 176000 ops (1000 samples) ---
Throughput = 4716.981 operations/sec (Maximum observed: 9090.909 ops/sec)
Total latency = 2.4989740294751E7 (+/- 0) us 
Consensus latency = 0.0 (+/- 0) us 
Pre-consensus latency = 0.0 (+/- 0) us 
Pos-consensus latency = -2.1064418405426646E12 (+/- 0) us 
Propose latency = 0.0 (+/- 0) us 
Write latency = 0.0 (+/- 0) us 
Accept latency = 0.0 (+/- 0) us 
Batch average size = NaN (+/- 0) requests
TOMMessage ByteCount = 80647658
LCMessage ByteCount = 10
ConsensusMessage ByteCount = 19932694
StandardSMMessage ByteCount = 434
--- Measurements after 177000 ops (1000 samples) ---
Throughput = 3787.879 operations/sec (Maximum observed: 9090.909 ops/sec)
Total latency = 2.5212256993168E7 (+/- 0) us 
Consensus latency = 0.0 (+/- 0) us 
Pre-consensus latency = 0.0 (+/- 0) us 
Pos-consensus latency = -2.1064415910302002E12 (+/- 0) us 
Propose latency = 0.0 (+/- 0) us 
Write latency = 0.0 (+/- 0) us 
Accept latency = 0.0 (+/- 0) us 
Batch average size = NaN (+/- 0) requests
TOMMessage ByteCount = 81144741
LCMessage ByteCount = 10
ConsensusMessage ByteCount = 19932694
StandardSMMessage ByteCount = 434
--- Measurements after 178000 ops (1000 samples) ---
Throughput = 4716.981 operations/sec (Maximum observed: 9090.909 ops/sec)
Total latency = 2.541073684627E7 (+/- 0) us 
Consensus latency = 0.0 (+/- 0) us 
Pre-consensus latency = 0.0 (+/- 0) us 
Pos-consensus latency = -2.1064413639082039E12 (+/- 0) us 
Propose latency = 0.0 (+/- 0) us 
Write latency = 0.0 (+/- 0) us 
Accept latency = 0.0 (+/- 0) us 
Batch average size = NaN (+/- 0) requests
TOMMessage ByteCount = 81508714
LCMessage ByteCount = 10
ConsensusMessage ByteCount = 19932694
StandardSMMessage ByteCount = 434
--- Measurements after 179000 ops (1000 samples) ---
Throughput = 4694.8354 operations/sec (Maximum observed: 9090.909 ops/sec)
Total latency = 2.5594673668495998E7 (+/- 0) us 
Consensus latency = 0.0 (+/- 0) us 
Pre-consensus latency = 0.0 (+/- 0) us 
Pos-consensus latency = -2.1064411520891106E12 (+/- 0) us 
Propose latency = 0.0 (+/- 0) us 
Write latency = 0.0 (+/- 0) us 
Accept latency = 0.0 (+/- 0) us 
Batch average size = NaN (+/- 0) requests
TOMMessage ByteCount = 81904931
LCMessage ByteCount = 10
ConsensusMessage ByteCount = 19932694
StandardSMMessage ByteCount = 434
--- Measurements after 180000 ops (1000 samples) ---
Throughput = 4716.981 operations/sec (Maximum observed: 9090.909 ops/sec)
Total latency = 2.577363291665E7 (+/- 0) us 
Consensus latency = 0.0 (+/- 0) us 
Pre-consensus latency = 0.0 (+/- 0) us 
Pos-consensus latency = -2.1064409398374502E12 (+/- 0) us 
Propose latency = 0.0 (+/- 0) us 
Write latency = 0.0 (+/- 0) us 
Accept latency = 0.0 (+/- 0) us 
Batch average size = NaN (+/- 0) requests
TOMMessage ByteCount = 82283467
LCMessage ByteCount = 10
ConsensusMessage ByteCount = 19932694
StandardSMMessage ByteCount = 434
--- Measurements after 181000 ops (1000 samples) ---
Throughput = 5714.2856 operations/sec (Maximum observed: 9090.909 ops/sec)
Total latency = 2.5948154598992E7 (+/- 0) us 
Consensus latency = 0.0 (+/- 0) us 
Pre-consensus latency = 0.0 (+/- 0) us 
Pos-consensus latency = -2.1064407382759434E12 (+/- 0) us 
Propose latency = 0.0 (+/- 0) us 
Write latency = 0.0 (+/- 0) us 
Accept latency = 0.0 (+/- 0) us 
Batch average size = NaN (+/- 0) requests
TOMMessage ByteCount = 82601690
LCMessage ByteCount = 10
ConsensusMessage ByteCount = 19932694
StandardSMMessage ByteCount = 434
--- Measurements after 182000 ops (1000 samples) ---
Throughput = 4237.288 operations/sec (Maximum observed: 9090.909 ops/sec)
Total latency = 2.6127544432555E7 (+/- 0) us 
Consensus latency = 0.0 (+/- 0) us 
Pre-consensus latency = 0.0 (+/- 0) us 
Pos-consensus latency = -2.1064405287841443E12 (+/- 0) us 
Propose latency = 0.0 (+/- 0) us 
Write latency = 0.0 (+/- 0) us 
Accept latency = 0.0 (+/- 0) us 
Batch average size = NaN (+/- 0) requests
TOMMessage ByteCount = 82984385
LCMessage ByteCount = 10
ConsensusMessage ByteCount = 19932694
StandardSMMessage ByteCount = 434
--- Measurements after 183000 ops (1000 samples) ---
Throughput = 4830.918 operations/sec (Maximum observed: 9090.909 ops/sec)
Total latency = 2.6314334124853E7 (+/- 0) us 
Consensus latency = 0.0 (+/- 0) us 
Pre-consensus latency = 0.0 (+/- 0) us 
Pos-consensus latency = -2.1064403187104153E12 (+/- 0) us 
Propose latency = 0.0 (+/- 0) us 
Write latency = 0.0 (+/- 0) us 
Accept latency = 0.0 (+/- 0) us 
Batch average size = NaN (+/- 0) requests
TOMMessage ByteCount = 83360844
LCMessage ByteCount = 10
ConsensusMessage ByteCount = 19932694
StandardSMMessage ByteCount = 434
--- Measurements after 184000 ops (1000 samples) ---
Throughput = 4807.6924 operations/sec (Maximum observed: 9090.909 ops/sec)
Total latency = 2.6495607791323002E7 (+/- 0) us 
Consensus latency = 0.0 (+/- 0) us 
Pre-consensus latency = 0.0 (+/- 0) us 
Pos-consensus latency = -2.1064401111302178E12 (+/- 0) us 
Propose latency = 0.0 (+/- 0) us 
Write latency = 0.0 (+/- 0) us 
Accept latency = 0.0 (+/- 0) us 
Batch average size = NaN (+/- 0) requests
TOMMessage ByteCount = 83739377
LCMessage ByteCount = 10
ConsensusMessage ByteCount = 19932694
StandardSMMessage ByteCount = 434
--- Measurements after 185000 ops (1000 samples) ---
Throughput = 4830.918 operations/sec (Maximum observed: 9090.909 ops/sec)
Total latency = 2.667443065252E7 (+/- 0) us 
Consensus latency = 0.0 (+/- 0) us 
Pre-consensus latency = 0.0 (+/- 0) us 
Pos-consensus latency = -2.106439904122168E12 (+/- 0) us 
Propose latency = 0.0 (+/- 0) us 
Write latency = 0.0 (+/- 0) us 
Accept latency = 0.0 (+/- 0) us 
Batch average size = NaN (+/- 0) requests
TOMMessage ByteCount = 84056560
LCMessage ByteCount = 10
ConsensusMessage ByteCount = 19932694
StandardSMMessage ByteCount = 434
--- Measurements after 186000 ops (1000 samples) ---
Throughput = 4444.4443 operations/sec (Maximum observed: 9090.909 ops/sec)
Total latency = 2.6854220349239E7 (+/- 0) us 
Consensus latency = 0.0 (+/- 0) us 
Pre-consensus latency = 0.0 (+/- 0) us 
Pos-consensus latency = -2.1064396966039883E12 (+/- 0) us 
Propose latency = 0.0 (+/- 0) us 
Write latency = 0.0 (+/- 0) us 
Accept latency = 0.0 (+/- 0) us 
Batch average size = NaN (+/- 0) requests
TOMMessage ByteCount = 84465259
LCMessage ByteCount = 10
ConsensusMessage ByteCount = 19932694
StandardSMMessage ByteCount = 434
--- Measurements after 187000 ops (1000 samples) ---
Throughput = 4854.369 operations/sec (Maximum observed: 9090.909 ops/sec)
Total latency = 2.7049847457869E7 (+/- 0) us 
Consensus latency = 0.0 (+/- 0) us 
Pre-consensus latency = 0.0 (+/- 0) us 
Pos-consensus latency = -2.106439472653537E12 (+/- 0) us 
Propose latency = 0.0 (+/- 0) us 
Write latency = 0.0 (+/- 0) us 
Accept latency = 0.0 (+/- 0) us 
Batch average size = NaN (+/- 0) requests
TOMMessage ByteCount = 84572371
LCMessage ByteCount = 10
ConsensusMessage ByteCount = 19932694
StandardSMMessage ByteCount = 434
--- Measurements after 188000 ops (1000 samples) ---
Throughput = 4878.049 operations/sec (Maximum observed: 9090.909 ops/sec)
Total latency = 2.7226763496055998E7 (+/- 0) us 
Consensus latency = 0.0 (+/- 0) us 
Pre-consensus latency = 0.0 (+/- 0) us 
Pos-consensus latency = -2.106439266912337E12 (+/- 0) us 
Propose latency = 0.0 (+/- 0) us 
Write latency = 0.0 (+/- 0) us 
Accept latency = 0.0 (+/- 0) us 
Batch average size = NaN (+/- 0) requests
TOMMessage ByteCount = 84581730
LCMessage ByteCount = 10
ConsensusMessage ByteCount = 19932694
StandardSMMessage ByteCount = 434
--- Measurements after 189000 ops (1000 samples) ---
Throughput = 4830.918 operations/sec (Maximum observed: 9090.909 ops/sec)
Total latency = 2.740532553795E7 (+/- 0) us 
Consensus latency = 0.0 (+/- 0) us 
Pre-consensus latency = 0.0 (+/- 0) us 
Pos-consensus latency = -2.1064390604952986E12 (+/- 0) us 
Propose latency = 0.0 (+/- 0) us 
Write latency = 0.0 (+/- 0) us 
Accept latency = 0.0 (+/- 0) us 
Batch average size = NaN (+/- 0) requests
TOMMessage ByteCount = 84585890
LCMessage ByteCount = 10
ConsensusMessage ByteCount = 19932694
StandardSMMessage ByteCount = 434
--- Measurements after 190000 ops (1000 samples) ---
Throughput = 4878.049 operations/sec (Maximum observed: 9090.909 ops/sec)
Total latency = 2.7582878393539E7 (+/- 0) us 
Consensus latency = 0.0 (+/- 0) us 
Pre-consensus latency = 0.0 (+/- 0) us 
Pos-consensus latency = -2.106438854904133E12 (+/- 0) us 
Propose latency = 0.0 (+/- 0) us 
Write latency = 0.0 (+/- 0) us 
Accept latency = 0.0 (+/- 0) us 
Batch average size = NaN (+/- 0) requests
TOMMessage ByteCount = 84594210
LCMessage ByteCount = 10
ConsensusMessage ByteCount = 19932694
StandardSMMessage ByteCount = 434
--- Measurements after 191000 ops (1000 samples) ---
Throughput = 4424.779 operations/sec (Maximum observed: 9090.909 ops/sec)
Total latency = 2.7758121794343E7 (+/- 0) us 
Consensus latency = 0.0 (+/- 0) us 
Pre-consensus latency = 0.0 (+/- 0) us 
Pos-consensus latency = -2.1064386468908962E12 (+/- 0) us 
Propose latency = 0.0 (+/- 0) us 
Write latency = 0.0 (+/- 0) us 
Accept latency = 0.0 (+/- 0) us 
Batch average size = NaN (+/- 0) requests
TOMMessage ByteCount = 84600450
LCMessage ByteCount = 10
ConsensusMessage ByteCount = 19932694
StandardSMMessage ByteCount = 434
--- Measurements after 192000 ops (1000 samples) ---
Throughput = 4854.369 operations/sec (Maximum observed: 9090.909 ops/sec)
Total latency = 2.7955028193802E7 (+/- 0) us 
Consensus latency = 0.0 (+/- 0) us 
Pre-consensus latency = 0.0 (+/- 0) us 
Pos-consensus latency = -2.1064384238535022E12 (+/- 0) us 
Propose latency = 0.0 (+/- 0) us 
Write latency = 0.0 (+/- 0) us 
Accept latency = 0.0 (+/- 0) us 
Batch average size = NaN (+/- 0) requests
TOMMessage ByteCount = 84610849
LCMessage ByteCount = 10
ConsensusMessage ByteCount = 19932694
StandardSMMessage ByteCount = 434
--- Measurements after 193000 ops (1000 samples) ---
Throughput = 4854.369 operations/sec (Maximum observed: 9090.909 ops/sec)
Total latency = 2.8135434707413E7 (+/- 0) us 
Consensus latency = 0.0 (+/- 0) us 
Pre-consensus latency = 0.0 (+/- 0) us 
Pos-consensus latency = -2.1064382179475317E12 (+/- 0) us 
Propose latency = 0.0 (+/- 0) us 
Write latency = 0.0 (+/- 0) us 
Accept latency = 0.0 (+/- 0) us 
Batch average size = NaN (+/- 0) requests
TOMMessage ByteCount = 84617089
LCMessage ByteCount = 10
ConsensusMessage ByteCount = 19932694
StandardSMMessage ByteCount = 434
--- Measurements after 194000 ops (1000 samples) ---
Throughput = 5586.5923 operations/sec (Maximum observed: 9090.909 ops/sec)
Total latency = 2.8306306324461E7 (+/- 0) us 
Consensus latency = 0.0 (+/- 0) us 
Pre-consensus latency = 0.0 (+/- 0) us 
Pos-consensus latency = -2.1064380181231228E12 (+/- 0) us 
Propose latency = 0.0 (+/- 0) us 
Write latency = 0.0 (+/- 0) us 
Accept latency = 0.0 (+/- 0) us 
Batch average size = NaN (+/- 0) requests
TOMMessage ByteCount = 84624368
LCMessage ByteCount = 10
ConsensusMessage ByteCount = 19932694
StandardSMMessage ByteCount = 434
--- Measurements after 195000 ops (1000 samples) ---
Throughput = 6666.6665 operations/sec (Maximum observed: 9090.909 ops/sec)
Total latency = 2.8434998334797002E7 (+/- 0) us 
Consensus latency = 0.0 (+/- 0) us 
Pre-consensus latency = 0.0 (+/- 0) us 
Pos-consensus latency = -2.1064378606326433E12 (+/- 0) us 
Propose latency = 0.0 (+/- 0) us 
Write latency = 0.0 (+/- 0) us 
Accept latency = 0.0 (+/- 0) us 
Batch average size = NaN (+/- 0) requests
TOMMessage ByteCount = 84629567
LCMessage ByteCount = 10
ConsensusMessage ByteCount = 19932694
StandardSMMessage ByteCount = 434
--- Measurements after 196000 ops (1000 samples) ---
Throughput = 5917.1597 operations/sec (Maximum observed: 9090.909 ops/sec)
Total latency = 2.8560051203193E7 (+/- 0) us 
Consensus latency = 0.0 (+/- 0) us 
Pre-consensus latency = 0.0 (+/- 0) us 
Pos-consensus latency = -2.106437706845277E12 (+/- 0) us 
Propose latency = 0.0 (+/- 0) us 
Write latency = 0.0 (+/- 0) us 
Accept latency = 0.0 (+/- 0) us 
Batch average size = NaN (+/- 0) requests
TOMMessage ByteCount = 84644127
LCMessage ByteCount = 10
ConsensusMessage ByteCount = 19932694
StandardSMMessage ByteCount = 434
--- Measurements after 197000 ops (1000 samples) ---
Throughput = 6666.6665 operations/sec (Maximum observed: 9090.909 ops/sec)
Total latency = 2.869542244284E7 (+/- 0) us 
Consensus latency = 0.0 (+/- 0) us 
Pre-consensus latency = 0.0 (+/- 0) us 
Pos-consensus latency = -2.1064375412930786E12 (+/- 0) us 
Propose latency = 0.0 (+/- 0) us 
Write latency = 0.0 (+/- 0) us 
Accept latency = 0.0 (+/- 0) us 
Batch average size = NaN (+/- 0) requests
TOMMessage ByteCount = 84658687
LCMessage ByteCount = 10
ConsensusMessage ByteCount = 19932694
StandardSMMessage ByteCount = 434
--- Measurements after 198000 ops (1000 samples) ---
Throughput = 6666.6665 operations/sec (Maximum observed: 9090.909 ops/sec)
Total latency = 2.8811100691836E7 (+/- 0) us 
Consensus latency = 0.0 (+/- 0) us 
Pre-consensus latency = 0.0 (+/- 0) us 
Pos-consensus latency = -2.1064373914557354E12 (+/- 0) us 
Propose latency = 0.0 (+/- 0) us 
Write latency = 0.0 (+/- 0) us 
Accept latency = 0.0 (+/- 0) us 
Batch average size = NaN (+/- 0) requests
TOMMessage ByteCount = 84675327
LCMessage ByteCount = 10
ConsensusMessage ByteCount = 19932694
StandardSMMessage ByteCount = 434
--- Measurements after 199000 ops (1000 samples) ---
Throughput = 6622.5166 operations/sec (Maximum observed: 9090.909 ops/sec)
Total latency = 2.8918629158834998E7 (+/- 0) us 
Consensus latency = 0.0 (+/- 0) us 
Pre-consensus latency = 0.0 (+/- 0) us 
Pos-consensus latency = -2.1064372408444365E12 (+/- 0) us 
Propose latency = 0.0 (+/- 0) us 
Write latency = 0.0 (+/- 0) us 
Accept latency = 0.0 (+/- 0) us 
Batch average size = NaN (+/- 0) requests
TOMMessage ByteCount = 84691967
LCMessage ByteCount = 10
ConsensusMessage ByteCount = 19932694
StandardSMMessage ByteCount = 434
--- Measurements after 200000 ops (1000 samples) ---
Throughput = 6711.409 operations/sec (Maximum observed: 9090.909 ops/sec)
Total latency = 2.8989608866265E7 (+/- 0) us 
Consensus latency = 0.0 (+/- 0) us 
Pre-consensus latency = 0.0 (+/- 0) us 
Pos-consensus latency = -2.106437090510693E12 (+/- 0) us 
Propose latency = 0.0 (+/- 0) us 
Write latency = 0.0 (+/- 0) us 
Accept latency = 0.0 (+/- 0) us 
Batch average size = NaN (+/- 0) requests
TOMMessage ByteCount = 84698207
LCMessage ByteCount = 10
ConsensusMessage ByteCount = 19932694
StandardSMMessage ByteCount = 434
