-- Using view stored on disk
-- SSL/TLS handshake complete!, Id:0  ## CipherSuite: TLS_ECDHE_ECDSA_WITH_AES_128_GCM_SHA256.
-- ID = 1
-- N = 4
-- F = 1
-- Port (client <-> server) = 11010
-- Port (server <-> server) = 11011
-- requestTimeout = 2000
-- maxBatch = 1024
-- Binded replica to IP address 134.60.242.12
-- Optimizations:  Read-only Requests: disabled
-- SSL/TLS enabled, protocol version: TLSv1.2
-- In current view: ID:0; F:1; Processes:0(/134.60.242.11:11000),1(/134.60.242.12:11010),2(/134.60.242.13:11020),3(/134.60.242.14:11030),
-- Retrieving State
-- Replica state is up to date
-- 
		###################################
		    Ready to process operations    
		###################################
-- Session Created, active clients=0
-- Session Created, active clients=0
-- Session Created, active clients=0
-- Session Created, active clients=0
-- Session Created, active clients=0
-- Session Created, active clients=0
-- Session Created, active clients=0
-- Session Created, active clients=0
-- Session Created, active clients=0
-- Session Created, active clients=0
-- Session Created, active clients=0
-- Session Created, active clients=0
-- Session Created, active clients=0
-- Session Created, active clients=0
-- Session Created, active clients=0
-- Session Created, active clients=0
-- Session Created, active clients=0
-- Session Created, active clients=0
-- Session Created, active clients=0
-- Session Created, active clients=0
-- Session Created, active clients=0
-- Session Created, active clients=0
-- Session Created, active clients=0
-- Session Created, active clients=0
-- Session Created, active clients=0
-- Session Created, active clients=0
-- Session Created, active clients=0
-- Session Created, active clients=0
-- Session Created, active clients=0
-- Session Created, active clients=0
-- Session Created, active clients=0
-- Session Created, active clients=0
-- Session Created, active clients=0
-- Session Created, active clients=0
-- Session Created, active clients=0
-- Session Created, active clients=0
-- Session Created, active clients=0
-- Session Created, active clients=0
-- Session Created, active clients=0
-- Session Created, active clients=0
-- Session Created, active clients=0
-- Session Created, active clients=0
-- Session Created, active clients=0
-- Session Created, active clients=0
-- Session Created, active clients=0
-- Session Created, active clients=0
-- Session Created, active clients=0
-- Session Created, active clients=0
-- Session Created, active clients=0
-- Session Created, active clients=0
-- Session Created, active clients=0
-- Session Created, active clients=0
-- Session Created, active clients=0
-- Session Created, active clients=0
-- Session Created, active clients=0
-- Session Created, active clients=0
-- Session Created, active clients=0
-- Session Created, active clients=0
-- Session Created, active clients=0
-- Session Created, active clients=0
-- Session Created, active clients=0
-- Session Created, active clients=0
-- Session Created, active clients=0
-- Session Created, active clients=0
-- Session Created, active clients=0
-- Session Created, active clients=0
-- Session Created, active clients=0
-- Session Created, active clients=0
-- Session Created, active clients=0
-- Session Created, active clients=0
-- Session Created, active clients=0
-- Session Created, active clients=0
-- Session Created, active clients=0
-- Session Created, active clients=0
-- Session Created, active clients=0
-- Session Created, active clients=0
-- Session Created, active clients=0
-- Session Created, active clients=0
-- Session Created, active clients=0
-- Session Created, active clients=0
-- Session Created, active clients=0
-- Session Created, active clients=0
-- Session Created, active clients=0
-- Session Created, active clients=0
-- Session Created, active clients=0
-- Session Created, active clients=0
-- Session Created, active clients=0
-- Session Created, active clients=0
-- Session Created, active clients=0
-- Session Created, active clients=0
-- Session Created, active clients=0
-- Session Created, active clients=0
-- Session Created, active clients=0
-- Session Created, active clients=0
-- Session Created, active clients=0
-- Session Created, active clients=0
-- Session Created, active clients=0
-- Session Created, active clients=0
-- Session Created, active clients=0
-- Session Created, active clients=0
-- Session Created, active clients=0
-- Session Created, active clients=0
-- Session Created, active clients=0
-- Session Created, active clients=0
-- Session Created, active clients=0
-- Session Created, active clients=0
-- Session Created, active clients=0
-- Session Created, active clients=0
-- Session Created, active clients=0
-- Session Created, active clients=0
-- Session Created, active clients=0
-- Session Created, active clients=0
-- Session Created, active clients=0
-- Session Created, active clients=0
-- Session Created, active clients=0
-- Session Created, active clients=0
-- Session Created, active clients=0
-- Session Created, active clients=0
-- Session Created, active clients=0
-- Session Created, active clients=0
-- Session Created, active clients=0
-- Session Created, active clients=0
-- Session Created, active clients=0
-- Session Created, active clients=0
-- Session Created, active clients=0
-- Session Created, active clients=0
-- Session Created, active clients=0
-- Session Created, active clients=0
-- Session Created, active clients=0
-- Session Created, active clients=0
-- Session Created, active clients=0
-- Session Created, active clients=0
-- Session Created, active clients=0
-- Session Created, active clients=0
-- Session Created, active clients=0
-- Session Created, active clients=0
-- Session Created, active clients=0
-- Session Created, active clients=0
-- Session Created, active clients=0
-- Session Created, active clients=0
-- Session Created, active clients=0
-- Session Created, active clients=0
-- Session Created, active clients=0
-- Session Created, active clients=0
-- Session Created, active clients=0
-- Session Created, active clients=0
-- Session Created, active clients=0
-- Session Created, active clients=0
-- Session Created, active clients=0
-- Session Created, active clients=0
-- Session Created, active clients=0
-- Session Created, active clients=0
-- Session Created, active clients=0
-- Session Created, active clients=0
-- Session Created, active clients=0
-- Session Created, active clients=0
-- Session Created, active clients=0
-- Session Created, active clients=0
-- Session Created, active clients=0
-- Session Created, active clients=0
-- Session Created, active clients=0
-- Session Created, active clients=0
-- Session Created, active clients=0
-- Session Created, active clients=0
-- Session Created, active clients=0
-- Session Created, active clients=0
-- Session Created, active clients=0
-- Session Created, active clients=0
-- Session Created, active clients=0
-- Session Created, active clients=0
-- Session Created, active clients=0
-- Session Created, active clients=0
-- Session Created, active clients=0
-- Session Created, active clients=0
-- Session Created, active clients=0
-- Session Created, active clients=0
-- Session Created, active clients=0
-- Session Created, active clients=0
-- Session Created, active clients=0
-- Session Created, active clients=0
-- Session Created, active clients=0
-- Session Created, active clients=0
-- Session Created, active clients=0
-- Session Created, active clients=0
-- Session Created, active clients=0
-- Session Created, active clients=0
-- Session Created, active clients=0
-- Session Created, active clients=0
-- Session Created, active clients=0
-- Session Created, active clients=0
-- Session Created, active clients=0
-- Session Created, active clients=0
-- Session Created, active clients=0
-- Session Created, active clients=0
-- Session Created, active clients=0
-- Session Created, active clients=0
-- Session Created, active clients=0
-- Session Created, active clients=0
-- Session Created, active clients=0
-- Session Created, active clients=0
--- Measurements after 1000 ops (1000 samples) ---
Throughput = 20.875084 operations/sec (Maximum observed: 20.875084 ops/sec)
Total latency = 60182.775323 (+/- 30104) us 
Consensus latency = 9446.055257 (+/- 6945) us 
Pre-consensus latency = 0.0 (+/- 0) us 
Pos-consensus latency = 53268.001226 (+/- 30072) us 
Propose latency = 4228.718023 (+/- 2726) us 
Write latency = 1332.653127 (+/- 1166) us 
Accept latency = 3884.684107 (+/- 4480) us 
Batch average size = 83.33333333333333 (+/- 81) requests
ConsensusMessage ByteCount = 2335
TOMMessage ByteCount = 920543
StandardSMMessage ByteCount = 324
--- Measurements after 2000 ops (1000 samples) ---
Throughput = 83.41675 operations/sec (Maximum observed: 83.41675 ops/sec)
Total latency = 44675.012769 (+/- 24453) us 
Consensus latency = 6439.6470389999995 (+/- 1119) us 
Pre-consensus latency = 0.0 (+/- 0) us 
Pos-consensus latency = 39622.359340999996 (+/- 24265) us 
Propose latency = 2437.101355 (+/- 790) us 
Write latency = 1643.293352 (+/- 1487) us 
Accept latency = 2359.252332 (+/- 598) us 
Batch average size = 90.9090909090909 (+/- 88) requests
ConsensusMessage ByteCount = 4479
TOMMessage ByteCount = 2258389
StandardSMMessage ByteCount = 324
--- Measurements after 3000 ops (1000 samples) ---
Throughput = 105.19672 operations/sec (Maximum observed: 105.19672 ops/sec)
Total latency = 43244.663754 (+/- 21703) us 
Consensus latency = 4502.393875 (+/- 503) us 
Pre-consensus latency = 0.0 (+/- 0) us 
Pos-consensus latency = 39540.975913 (+/- 21676) us 
Propose latency = 1784.110834 (+/- 528) us 
Write latency = 821.6939229999999 (+/- 531) us 
Accept latency = 1896.589118 (+/- 158) us 
Batch average size = 71.42857142857143 (+/- 83) requests
ConsensusMessage ByteCount = 7207
TOMMessage ByteCount = 3387016
StandardSMMessage ByteCount = 324
--- Measurements after 4000 ops (1000 samples) ---
Throughput = 142.95926 operations/sec (Maximum observed: 142.95926 ops/sec)
Total latency = 36592.879753 (+/- 20395) us 
Consensus latency = 4315.694372999999 (+/- 494) us 
Pre-consensus latency = 0.0 (+/- 0) us 
Pos-consensus latency = 32920.333377999996 (+/- 20323) us 
Propose latency = 1221.5116110000001 (+/- 339) us 
Write latency = 1328.3592919999999 (+/- 616) us 
Accept latency = 1765.82347 (+/- 277) us 
Batch average size = 100.0 (+/- 86) requests
ConsensusMessage ByteCount = 9159
TOMMessage ByteCount = 4310947
StandardSMMessage ByteCount = 324
--- Measurements after 5000 ops (1000 samples) ---
Throughput = 221.97559 operations/sec (Maximum observed: 221.97559 ops/sec)
Total latency = 37270.940461000006 (+/- 20941) us 
Consensus latency = 4176.18345 (+/- 326) us 
Pre-consensus latency = 0.0 (+/- 0) us 
Pos-consensus latency = 33795.324806000004 (+/- 20877) us 
Propose latency = 1194.0045220000002 (+/- 227) us 
Write latency = 1070.956015 (+/- 288) us 
Accept latency = 1911.2229129999998 (+/- 172) us 
Batch average size = 100.0 (+/- 88) requests
ConsensusMessage ByteCount = 11110
TOMMessage ByteCount = 5447494
StandardSMMessage ByteCount = 324
--- Measurements after 6000 ops (1000 samples) ---
Throughput = 502.26016 operations/sec (Maximum observed: 502.26016 ops/sec)
Total latency = 41141.164241 (+/- 20833) us 
Consensus latency = 4398.15315 (+/- 383) us 
Pre-consensus latency = 0.0 (+/- 0) us 
Pos-consensus latency = 37321.333283 (+/- 20781) us 
Propose latency = 1179.3415830000001 (+/- 371) us 
Write latency = 1315.1814960000002 (+/- 530) us 
Accept latency = 1903.630071 (+/- 181) us 
Batch average size = 100.0 (+/- 93) requests
ConsensusMessage ByteCount = 13068
TOMMessage ByteCount = 6584043
StandardSMMessage ByteCount = 324
--- Measurements after 7000 ops (1000 samples) ---
Throughput = 3533.5688 operations/sec (Maximum observed: 3533.5688 ops/sec)
Total latency = 108709.33590600001 (+/- 0) us 
Consensus latency = 9119.82306 (+/- 2891) us 
Pre-consensus latency = 0.0 (+/- 0) us 
Pos-consensus latency = 100615.540935 (+/- 0) us 
Propose latency = 6917.330525 (+/- 3010) us 
Write latency = 862.519183 (+/- 458) us 
Accept latency = 1339.973352 (+/- 461) us 
Batch average size = 836.25 (+/- 1404) requests
ConsensusMessage ByteCount = 17826
TOMMessage ByteCount = 7250177
StandardSMMessage ByteCount = 324
--- Measurements after 8000 ops (1000 samples) ---
Throughput = 4566.21 operations/sec (Maximum observed: 4566.21 ops/sec)
Total latency = 304892.895706 (+/- 0) us 
Consensus latency = 5564.605162 (+/- 515) us 
Pre-consensus latency = 0.0 (+/- 0) us 
Pos-consensus latency = 300237.178406 (+/- 0) us 
Propose latency = 4521.546568 (+/- 536) us 
Write latency = 167.60868 (+/- 126) us 
Accept latency = 875.449914 (+/- 49) us 
Batch average size = NaN (+/- 0) requests
ConsensusMessage ByteCount = 22780
TOMMessage ByteCount = 7250177
StandardSMMessage ByteCount = 324
--- Measurements after 9000 ops (1000 samples) ---
Throughput = 4651.1626 operations/sec (Maximum observed: 4651.1626 ops/sec)
Total latency = 499403.976963 (+/- 0) us 
Consensus latency = 4151.984259 (+/- 338) us 
Pre-consensus latency = 0.0 (+/- 0) us 
Pos-consensus latency = 495982.924562 (+/- 0) us 
Propose latency = 2118.199834 (+/- 667) us 
Write latency = 689.402478 (+/- 295) us 
Accept latency = 1344.3819469999999 (+/- 343) us 
Batch average size = NaN (+/- 0) requests
ConsensusMessage ByteCount = 28322
TOMMessage ByteCount = 7250177
StandardSMMessage ByteCount = 324
--- Measurements after 10000 ops (1000 samples) ---
Throughput = 3225.8064 operations/sec (Maximum observed: 4651.1626 ops/sec)
Total latency = 734726.6157640001 (+/- 0) us 
Consensus latency = 5220.911255 (+/- 690) us 
Pre-consensus latency = 0.0 (+/- 0) us 
Pos-consensus latency = 730152.7463969999 (+/- 0) us 
Propose latency = 2890.5604169999997 (+/- 829) us 
Write latency = 829.4189590000001 (+/- 858) us 
Accept latency = 1500.931879 (+/- 358) us 
Batch average size = 22275.0 (+/- 0) requests
ConsensusMessage ByteCount = 31093
TOMMessage ByteCount = 10568221
StandardSMMessage ByteCount = 324
--- Measurements after 11000 ops (1000 samples) ---
Throughput = 4608.295 operations/sec (Maximum observed: 4651.1626 ops/sec)
Total latency = 962829.466197 (+/- 0) us 
Consensus latency = 4181.705179 (+/- 970) us 
Pre-consensus latency = 0.0 (+/- 0) us 
Pos-consensus latency = 959297.641066 (+/- 0) us 
Propose latency = 1595.8228100000001 (+/- 373) us 
Write latency = 631.053503 (+/- 532) us 
Accept latency = 1954.8288659999998 (+/- 593) us 
Batch average size = NaN (+/- 0) requests
ConsensusMessage ByteCount = 33071
TOMMessage ByteCount = 10568221
StandardSMMessage ByteCount = 324
--- Measurements after 12000 ops (1000 samples) ---
Throughput = 4587.156 operations/sec (Maximum observed: 4651.1626 ops/sec)
Total latency = 1148232.217895 (+/- 0) us 
Consensus latency = 6348.878197 (+/- 572) us 
Pre-consensus latency = 0.0 (+/- 0) us 
Pos-consensus latency = 1142964.518027 (+/- 0) us 
Propose latency = 2700.687 (+/- 687) us 
Write latency = 1403.8347760000001 (+/- 920) us 
Accept latency = 2244.356421 (+/- 214) us 
Batch average size = NaN (+/- 0) requests
ConsensusMessage ByteCount = 37032
TOMMessage ByteCount = 10568221
StandardSMMessage ByteCount = 324
--- Measurements after 13000 ops (1000 samples) ---
Throughput = 4672.897 operations/sec (Maximum observed: 4672.897 ops/sec)
Total latency = 1319495.2040539999 (+/- 0) us 
Consensus latency = 9740.11147 (+/- 4050) us 
Pre-consensus latency = 0.0 (+/- 0) us 
Pos-consensus latency = 1315718.574275 (+/- 0) us 
Propose latency = 7304.176738 (+/- 4126) us 
Write latency = 321.300041 (+/- 326) us 
Accept latency = 2114.634691 (+/- 38) us 
Batch average size = NaN (+/- 0) requests
ConsensusMessage ByteCount = 42063
TOMMessage ByteCount = 10568221
StandardSMMessage ByteCount = 324
--- Measurements after 14000 ops (1000 samples) ---
Throughput = 4672.897 operations/sec (Maximum observed: 4672.897 ops/sec)
Total latency = 1514015.766403 (+/- 0) us 
Consensus latency = 8932.115922 (+/- 2697) us 
Pre-consensus latency = 0.0 (+/- 0) us 
Pos-consensus latency = 1509168.3114739999 (+/- 0) us 
Propose latency = 5410.053809999999 (+/- 3375) us 
Write latency = 1562.81635 (+/- 871) us 
Accept latency = 1959.245762 (+/- 101) us 
Batch average size = NaN (+/- 0) requests
ConsensusMessage ByteCount = 45143
TOMMessage ByteCount = 10568221
StandardSMMessage ByteCount = 324
--- Measurements after 15000 ops (1000 samples) ---
Throughput = 4132.2314 operations/sec (Maximum observed: 4672.897 ops/sec)
Total latency = 1707508.8016610001 (+/- 0) us 
Consensus latency = 5955.319116000001 (+/- 1155) us 
Pre-consensus latency = 0.0 (+/- 0) us 
Pos-consensus latency = 1702896.126855 (+/- 0) us 
Propose latency = 2378.945014 (+/- 376) us 
Write latency = 2008.920901 (+/- 983) us 
Accept latency = 1567.4532009999998 (+/- 170) us 
Batch average size = NaN (+/- 0) requests
ConsensusMessage ByteCount = 49103
TOMMessage ByteCount = 10568221
StandardSMMessage ByteCount = 324
LCMessage ByteCount = 5
--- Measurements after 16000 ops (1000 samples) ---
Throughput = 4166.6665 operations/sec (Maximum observed: 4672.897 ops/sec)
Total latency = 1948458.537889 (+/- 0) us 
Consensus latency = 4272.8224040000005 (+/- 297) us 
Pre-consensus latency = 0.0 (+/- 0) us 
Pos-consensus latency = 1945316.830106 (+/- 0) us 
Propose latency = 1782.1054410000002 (+/- 59) us 
Write latency = 1037.623199 (+/- 263) us 
Accept latency = 1453.093764 (+/- 164) us 
Batch average size = NaN (+/- 0) requests
ConsensusMessage ByteCount = 50771
TOMMessage ByteCount = 10568221
StandardSMMessage ByteCount = 324
LCMessage ByteCount = 5
--- Measurements after 17000 ops (1000 samples) ---
Throughput = 4608.295 operations/sec (Maximum observed: 4672.897 ops/sec)
Total latency = 2140328.910851 (+/- 0) us 
Consensus latency = 4275.189135 (+/- 48) us 
Pre-consensus latency = 0.0 (+/- 0) us 
Pos-consensus latency = 2137160.69308 (+/- 0) us 
Propose latency = 1660.390401 (+/- 209) us 
Write latency = 979.875086 (+/- 145) us 
Accept latency = 1634.923648 (+/- 134) us 
Batch average size = NaN (+/- 0) requests
ConsensusMessage ByteCount = 51760
TOMMessage ByteCount = 10568221
StandardSMMessage ByteCount = 324
LCMessage ByteCount = 5
--- Measurements after 18000 ops (1000 samples) ---
Throughput = 4651.1626 operations/sec (Maximum observed: 4672.897 ops/sec)
Total latency = 2326051.367412 (+/- 0) us 
Consensus latency = 4305.5164110000005 (+/- 235) us 
Pre-consensus latency = 0.0 (+/- 0) us 
Pos-consensus latency = 2322896.3658000003 (+/- 0) us 
Propose latency = 1811.371334 (+/- 197) us 
Write latency = 436.491191 (+/- 243) us 
Accept latency = 2057.653886 (+/- 230) us 
Batch average size = NaN (+/- 0) requests
ConsensusMessage ByteCount = 53742
TOMMessage ByteCount = 10568221
StandardSMMessage ByteCount = 324
LCMessage ByteCount = 5
--- Measurements after 19000 ops (1000 samples) ---
Throughput = 4672.897 operations/sec (Maximum observed: 4672.897 ops/sec)
Total latency = 2499564.493435 (+/- 0) us 
Consensus latency = 5411.699153 (+/- 2161) us 
Pre-consensus latency = 0.0 (+/- 0) us 
Pos-consensus latency = 2495106.74232 (+/- 0) us 
Propose latency = 1502.676034 (+/- 449) us 
Write latency = 1480.7632990000002 (+/- 751) us 
Accept latency = 2428.2598199999998 (+/- 2453) us 
Batch average size = NaN (+/- 0) requests
ConsensusMessage ByteCount = 55525
TOMMessage ByteCount = 10568221
StandardSMMessage ByteCount = 324
LCMessage ByteCount = 5
--- Measurements after 20000 ops (1000 samples) ---
Throughput = 4807.6924 operations/sec (Maximum observed: 4807.6924 ops/sec)
Total latency = 2680611.962014 (+/- 0) us 
Consensus latency = 7292.490143 (+/- 1699) us 
Pre-consensus latency = 0.0 (+/- 0) us 
Pos-consensus latency = 2674577.738941 (+/- 0) us 
Propose latency = 2155.607629 (+/- 132) us 
Write latency = 4045.134633 (+/- 1615) us 
Accept latency = 1091.747881 (+/- 257) us 
Batch average size = NaN (+/- 0) requests
ConsensusMessage ByteCount = 59683
TOMMessage ByteCount = 10568221
StandardSMMessage ByteCount = 324
LCMessage ByteCount = 5
--- Measurements after 21000 ops (1000 samples) ---
Throughput = 4608.295 operations/sec (Maximum observed: 4807.6924 ops/sec)
Total latency = 2872687.5804899996 (+/- 0) us 
Consensus latency = 6849.4478260000005 (+/- 1879) us 
Pre-consensus latency = 0.0 (+/- 0) us 
Pos-consensus latency = 2867139.078707 (+/- 0) us 
Propose latency = 2567.359181 (+/- 287) us 
Write latency = 2753.899832 (+/- 1968) us 
Accept latency = 1528.188813 (+/- 261) us 
Batch average size = NaN (+/- 0) requests
ConsensusMessage ByteCount = 65532
TOMMessage ByteCount = 10568221
StandardSMMessage ByteCount = 324
LCMessage ByteCount = 5
--- Measurements after 22000 ops (1000 samples) ---
Throughput = 4629.6294 operations/sec (Maximum observed: 4807.6924 ops/sec)
Total latency = 3061937.811814 (+/- 0) us 
Consensus latency = 4531.832944 (+/- 518) us 
Pre-consensus latency = 0.0 (+/- 0) us 
Pos-consensus latency = 3058404.9342839997 (+/- 0) us 
Propose latency = 1728.606763 (+/- 322) us 
Write latency = 847.464326 (+/- 469) us 
Accept latency = 1955.761855 (+/- 142) us 
Batch average size = NaN (+/- 0) requests
ConsensusMessage ByteCount = 71160
TOMMessage ByteCount = 10568221
StandardSMMessage ByteCount = 324
LCMessage ByteCount = 5
--- Measurements after 23000 ops (1000 samples) ---
Throughput = 4587.156 operations/sec (Maximum observed: 4807.6924 ops/sec)
Total latency = 3250029.130889 (+/- 0) us 
Consensus latency = 4457.513594 (+/- 716) us 
Pre-consensus latency = 0.0 (+/- 0) us 
Pos-consensus latency = 3246353.8325 (+/- 0) us 
Propose latency = 1351.615775 (+/- 135) us 
Write latency = 615.7158149999999 (+/- 242) us 
Accept latency = 2490.1820040000002 (+/- 903) us 
Batch average size = NaN (+/- 0) requests
ConsensusMessage ByteCount = 72268
TOMMessage ByteCount = 10568221
StandardSMMessage ByteCount = 324
LCMessage ByteCount = 5
--- Measurements after 24000 ops (1000 samples) ---
Throughput = 4608.295 operations/sec (Maximum observed: 4807.6924 ops/sec)
Total latency = 3440076.301876 (+/- 0) us 
Consensus latency = 3632.940033 (+/- 251) us 
Pre-consensus latency = 0.0 (+/- 0) us 
Pos-consensus latency = 3437325.898621 (+/- 0) us 
Propose latency = 1344.098058 (+/- 180) us 
Write latency = 521.362403 (+/- 287) us 
Accept latency = 1767.479572 (+/- 236) us 
Batch average size = NaN (+/- 0) requests
ConsensusMessage ByteCount = 75634
TOMMessage ByteCount = 10568221
StandardSMMessage ByteCount = 324
LCMessage ByteCount = 10
--- Measurements after 25000 ops (1000 samples) ---
Throughput = 4807.6924 operations/sec (Maximum observed: 4807.6924 ops/sec)
Total latency = 3628062.265445 (+/- 0) us 
Consensus latency = 7437.081957 (+/- 4984) us 
Pre-consensus latency = 0.0 (+/- 0) us 
Pos-consensus latency = 3621530.9935830003 (+/- 0) us 
Propose latency = 1659.050505 (+/- 459) us 
Write latency = 611.093543 (+/- 627) us 
Accept latency = 5166.937909 (+/- 5058) us 
Batch average size = NaN (+/- 0) requests
ConsensusMessage ByteCount = 83362
TOMMessage ByteCount = 10568221
StandardSMMessage ByteCount = 324
LCMessage ByteCount = 10
--- Measurements after 26000 ops (1000 samples) ---
Throughput = 4651.1626 operations/sec (Maximum observed: 4807.6924 ops/sec)
Total latency = 3802808.484042 (+/- 0) us 
Consensus latency = 9103.430158 (+/- 362) us 
Pre-consensus latency = 0.0 (+/- 0) us 
Pos-consensus latency = 3795400.52018 (+/- 0) us 
Propose latency = 5233.388610999999 (+/- 1614) us 
Write latency = 2129.372257 (+/- 1435) us 
Accept latency = 1740.66929 (+/- 184) us 
Batch average size = NaN (+/- 0) requests
ConsensusMessage ByteCount = 89898
TOMMessage ByteCount = 10568221
StandardSMMessage ByteCount = 324
LCMessage ByteCount = 10
--- Measurements after 27000 ops (1000 samples) ---
Throughput = 4672.897 operations/sec (Maximum observed: 4807.6924 ops/sec)
Total latency = 3997042.04849 (+/- 0) us 
Consensus latency = 5152.744721 (+/- 1780) us 
Pre-consensus latency = 0.0 (+/- 0) us 
Pos-consensus latency = 3993112.663098 (+/- 0) us 
Propose latency = 2624.11646 (+/- 1614) us 
Write latency = 889.655129 (+/- 329) us 
Accept latency = 1638.973132 (+/- 114) us 
Batch average size = NaN (+/- 0) requests
ConsensusMessage ByteCount = 96820
TOMMessage ByteCount = 10568221
StandardSMMessage ByteCount = 324
LCMessage ByteCount = 10
--- Measurements after 28000 ops (1000 samples) ---
Throughput = 4672.897 operations/sec (Maximum observed: 4807.6924 ops/sec)
Total latency = 4178321.879869 (+/- 0) us 
Consensus latency = 4550.226381 (+/- 2167) us 
Pre-consensus latency = 0.0 (+/- 0) us 
Pos-consensus latency = 4175272.302594 (+/- 0) us 
Propose latency = 2655.6626549999996 (+/- 2109) us 
Write latency = 217.618634 (+/- 95) us 
Accept latency = 1676.945092 (+/- 91) us 
Batch average size = NaN (+/- 0) requests
ConsensusMessage ByteCount = 104536
TOMMessage ByteCount = 10568221
StandardSMMessage ByteCount = 324
LCMessage ByteCount = 10
--- Measurements after 29000 ops (1000 samples) ---
Throughput = 4807.6924 operations/sec (Maximum observed: 4807.6924 ops/sec)
Total latency = 4366167.789423999 (+/- 0) us 
Consensus latency = 4360.645467 (+/- 253) us 
Pre-consensus latency = 0.0 (+/- 0) us 
Pos-consensus latency = 4362661.044877 (+/- 0) us 
Propose latency = 1544.914838 (+/- 277) us 
Write latency = 769.1362260000001 (+/- 442) us 
Accept latency = 2046.5944029999998 (+/- 372) us 
Batch average size = NaN (+/- 0) requests
ConsensusMessage ByteCount = 111065
TOMMessage ByteCount = 10568221
StandardSMMessage ByteCount = 324
LCMessage ByteCount = 10
--- Measurements after 30000 ops (1000 samples) ---
Throughput = 4651.1626 operations/sec (Maximum observed: 4807.6924 ops/sec)
Total latency = 4553397.037354999 (+/- 0) us 
Consensus latency = 4206.546112 (+/- 323) us 
Pre-consensus latency = 0.0 (+/- 0) us 
Pos-consensus latency = 4549952.9513179995 (+/- 0) us 
Propose latency = 1465.114925 (+/- 346) us 
Write latency = 662.752128 (+/- 305) us 
Accept latency = 2078.679059 (+/- 273) us 
Batch average size = NaN (+/- 0) requests
ConsensusMessage ByteCount = 118787
TOMMessage ByteCount = 10568221
StandardSMMessage ByteCount = 324
LCMessage ByteCount = 10
--- Measurements after 31000 ops (1000 samples) ---
Throughput = 4608.295 operations/sec (Maximum observed: 4807.6924 ops/sec)
Total latency = 4738080.158651 (+/- 0) us 
Consensus latency = 4134.757807 (+/- 424) us 
Pre-consensus latency = 0.0 (+/- 0) us 
Pos-consensus latency = 4734739.785747 (+/- 0) us 
Propose latency = 1725.466545 (+/- 435) us 
Write latency = 368.94590700000003 (+/- 287) us 
Accept latency = 2040.345355 (+/- 227) us 
Batch average size = NaN (+/- 0) requests
ConsensusMessage ByteCount = 129971
TOMMessage ByteCount = 10568221
StandardSMMessage ByteCount = 324
LCMessage ByteCount = 10
--- Measurements after 32000 ops (1000 samples) ---
Throughput = 2500.0 operations/sec (Maximum observed: 4807.6924 ops/sec)
Total latency = 4987693.6235030005 (+/- 0) us 
Consensus latency = 10746.935772 (+/- 7509) us 
Pre-consensus latency = 0.0 (+/- 0) us 
Pos-consensus latency = 4978131.152543 (+/- 0) us 
Propose latency = 3174.418582 (+/- 2287) us 
Write latency = 5621.623850999999 (+/- 7144) us 
Accept latency = 1950.893339 (+/- 172) us 
Batch average size = 168380.0 (+/- 0) requests
ConsensusMessage ByteCount = 140182
TOMMessage ByteCount = 14510497
StandardSMMessage ByteCount = 324
LCMessage ByteCount = 10
--- Measurements after 33000 ops (1000 samples) ---
Throughput = 4629.6294 operations/sec (Maximum observed: 4807.6924 ops/sec)
Total latency = 5268825.690935001 (+/- 0) us 
Consensus latency = 27574.32624 (+/- 18167) us 
Pre-consensus latency = 0.0 (+/- 0) us 
Pos-consensus latency = 5250356.890297 (+/- 0) us 
Propose latency = 14315.805766000001 (+/- 12770) us 
Write latency = 10373.846872 (+/- 3938) us 
Accept latency = 2884.673602 (+/- 1457) us 
Batch average size = NaN (+/- 0) requests
ConsensusMessage ByteCount = 140182
TOMMessage ByteCount = 16291134
StandardSMMessage ByteCount = 324
LCMessage ByteCount = 10
--- Measurements after 34000 ops (1000 samples) ---
Throughput = 4237.288 operations/sec (Maximum observed: 4807.6924 ops/sec)
Total latency = 5345288.829582 (+/- 0) us 
Consensus latency = 84622.617413 (+/- 6553) us 
Pre-consensus latency = 0.0 (+/- 0) us 
Pos-consensus latency = 5330720.301036 (+/- 0) us 
Propose latency = 77188.415523 (+/- 11727) us 
Write latency = 5270.364616999999 (+/- 4042) us 
Accept latency = 2163.837273 (+/- 1130) us 
Batch average size = NaN (+/- 0) requests
ConsensusMessage ByteCount = 140182
TOMMessage ByteCount = 18058514
StandardSMMessage ByteCount = 324
LCMessage ByteCount = 10
--- Measurements after 35000 ops (1000 samples) ---
Throughput = 4032.258 operations/sec (Maximum observed: 4807.6924 ops/sec)
Total latency = 5582083.300866 (+/- 0) us 
Consensus latency = 20641.983106 (+/- 23578) us 
Pre-consensus latency = 0.0 (+/- 0) us 
Pos-consensus latency = 5572642.420929 (+/- 0) us 
Propose latency = 16472.166863 (+/- 22990) us 
Write latency = 1786.039674 (+/- 793) us 
Accept latency = 2383.776569 (+/- 204) us 
Batch average size = NaN (+/- 0) requests
ConsensusMessage ByteCount = 140182
TOMMessage ByteCount = 19850335
StandardSMMessage ByteCount = 324
LCMessage ByteCount = 10
--- Measurements after 36000 ops (1000 samples) ---
Throughput = 4545.4546 operations/sec (Maximum observed: 4807.6924 ops/sec)
Total latency = 5781654.293377 (+/- 0) us 
Consensus latency = 12681.015914000001 (+/- 179) us 
Pre-consensus latency = 0.0 (+/- 0) us 
Pos-consensus latency = 5772052.316125 (+/- 0) us 
Propose latency = 9610.186446 (+/- 534) us 
Write latency = 1461.137227 (+/- 16) us 
Accept latency = 1609.692241 (+/- 337) us 
Batch average size = NaN (+/- 0) requests
ConsensusMessage ByteCount = 140182
TOMMessage ByteCount = 21198107
StandardSMMessage ByteCount = 324
LCMessage ByteCount = 10
--- Measurements after 37000 ops (1000 samples) ---
Throughput = 4830.918 operations/sec (Maximum observed: 4830.918 ops/sec)
Total latency = 5978002.958908 (+/- 0) us 
Consensus latency = 12973.707425 (+/- 96) us 
Pre-consensus latency = 0.0 (+/- 0) us 
Pos-consensus latency = 5967794.899089 (+/- 0) us 
Propose latency = 9590.857296 (+/- 101) us 
Write latency = 1578.446928 (+/- 54) us 
Accept latency = 1804.4032009999999 (+/- 144) us 
Batch average size = NaN (+/- 0) requests
ConsensusMessage ByteCount = 140182
TOMMessage ByteCount = 22502187
StandardSMMessage ByteCount = 324
LCMessage ByteCount = 10
--- Measurements after 38000 ops (1000 samples) ---
Throughput = 4444.4443 operations/sec (Maximum observed: 4830.918 ops/sec)
Total latency = 6176636.7690159995 (+/- 0) us 
Consensus latency = 12888.928835 (+/- 60) us 
Pre-consensus latency = 0.0 (+/- 0) us 
Pos-consensus latency = 6166432.519936 (+/- 0) us 
Propose latency = 10616.813865 (+/- 510) us 
Write latency = 474.24240000000003 (+/- 537) us 
Accept latency = 1797.87257 (+/- 33) us 
Batch average size = NaN (+/- 0) requests
ConsensusMessage ByteCount = 140182
TOMMessage ByteCount = 23678362
StandardSMMessage ByteCount = 324
LCMessage ByteCount = 10
--- Measurements after 39000 ops (1000 samples) ---
Throughput = 4830.918 operations/sec (Maximum observed: 4830.918 ops/sec)
Total latency = 6372649.4914919995 (+/- 0) us 
Consensus latency = 13061.293474 (+/- 103) us 
Pre-consensus latency = 0.0 (+/- 0) us 
Pos-consensus latency = 6362368.160786999 (+/- 0) us 
Propose latency = 10157.625808 (+/- 361) us 
Write latency = 1053.297205 (+/- 429) us 
Accept latency = 1850.370461 (+/- 35) us 
Batch average size = NaN (+/- 0) requests
ConsensusMessage ByteCount = 140182
TOMMessage ByteCount = 24764063
StandardSMMessage ByteCount = 324
LCMessage ByteCount = 10
--- Measurements after 40000 ops (1000 samples) ---
Throughput = 4405.286 operations/sec (Maximum observed: 4830.918 ops/sec)
Total latency = 6576954.381008 (+/- 0) us 
Consensus latency = 18608.005324 (+/- 3029) us 
Pre-consensus latency = 0.0 (+/- 0) us 
Pos-consensus latency = 6560997.283857 (+/- 0) us 
Propose latency = 7842.284565000001 (+/- 1174) us 
Write latency = 9098.390051999999 (+/- 4314) us 
Accept latency = 1667.3307069999998 (+/- 110) us 
Batch average size = NaN (+/- 0) requests
ConsensusMessage ByteCount = 140182
TOMMessage ByteCount = 25775922
StandardSMMessage ByteCount = 324
LCMessage ByteCount = 10
--- Measurements after 41000 ops (1000 samples) ---
Throughput = 4854.369 operations/sec (Maximum observed: 4854.369 ops/sec)
Total latency = 6750242.025463 (+/- 0) us 
Consensus latency = 23120.735883999998 (+/- 1673) us 
Pre-consensus latency = 0.0 (+/- 0) us 
Pos-consensus latency = 6739084.823597999 (+/- 0) us 
Propose latency = 18264.820261 (+/- 6513) us 
Write latency = 3110.821526 (+/- 4921) us 
Accept latency = 1745.0940970000001 (+/- 81) us 
Batch average size = NaN (+/- 0) requests
ConsensusMessage ByteCount = 140182
TOMMessage ByteCount = 26747225
StandardSMMessage ByteCount = 324
LCMessage ByteCount = 10
--- Measurements after 42000 ops (1000 samples) ---
Throughput = 3344.4817 operations/sec (Maximum observed: 4854.369 ops/sec)
Total latency = 7002476.836601 (+/- 0) us 
Consensus latency = 15029.695482000001 (+/- 5675) us 
Pre-consensus latency = 0.0 (+/- 0) us 
Pos-consensus latency = 6993910.424654 (+/- 0) us 
Propose latency = 12710.850123 (+/- 5868) us 
Write latency = 590.099743 (+/- 232) us 
Accept latency = 1728.745616 (+/- 40) us 
Batch average size = NaN (+/- 0) requests
ConsensusMessage ByteCount = 140182
TOMMessage ByteCount = 28026352
StandardSMMessage ByteCount = 324
LCMessage ByteCount = 10
--- Measurements after 43000 ops (1000 samples) ---
Throughput = 4149.3774 operations/sec (Maximum observed: 4854.369 ops/sec)
Total latency = 7223123.703531 (+/- 0) us 
Consensus latency = 12193.85687 (+/- 471) us 
Pre-consensus latency = 0.0 (+/- 0) us 
Pos-consensus latency = 7214005.963706001 (+/- 0) us 
Propose latency = 9657.00509 (+/- 406) us 
Write latency = 785.08838 (+/- 32) us 
Accept latency = 1751.7633999999998 (+/- 31) us 
Batch average size = NaN (+/- 0) requests
ConsensusMessage ByteCount = 140182
TOMMessage ByteCount = 30219660
StandardSMMessage ByteCount = 324
LCMessage ByteCount = 10
--- Measurements after 44000 ops (1000 samples) ---
Throughput = 4132.2314 operations/sec (Maximum observed: 4854.369 ops/sec)
Total latency = 7444335.088692 (+/- 0) us 
Consensus latency = 11800.105469 (+/- 494) us 
Pre-consensus latency = 0.0 (+/- 0) us 
Pos-consensus latency = 7435556.573771 (+/- 0) us 
Propose latency = 9452.162332 (+/- 332) us 
Write latency = 641.011199 (+/- 116) us 
Accept latency = 1706.9319380000002 (+/- 46) us 
Batch average size = NaN (+/- 0) requests
ConsensusMessage ByteCount = 140182
TOMMessage ByteCount = 32215780
StandardSMMessage ByteCount = 324
LCMessage ByteCount = 10
--- Measurements after 45000 ops (1000 samples) ---
Throughput = 4329.0044 operations/sec (Maximum observed: 4854.369 ops/sec)
Total latency = 7663717.312517 (+/- 0) us 
Consensus latency = 11478.561718 (+/- 18) us 
Pre-consensus latency = 0.0 (+/- 0) us 
Pos-consensus latency = 7655053.346586 (+/- 0) us 
Propose latency = 9224.316647 (+/- 3) us 
Write latency = 553.730605 (+/- 4) us 
Accept latency = 1700.514466 (+/- 19) us 
Batch average size = NaN (+/- 0) requests
ConsensusMessage ByteCount = 140182
TOMMessage ByteCount = 33883680
StandardSMMessage ByteCount = 324
LCMessage ByteCount = 10
--- Measurements after 46000 ops (1000 samples) ---
Throughput = 3906.25 operations/sec (Maximum observed: 4854.369 ops/sec)
Total latency = 7883799.470671 (+/- 0) us 
Consensus latency = 12269.775816 (+/- 605) us 
Pre-consensus latency = 0.0 (+/- 0) us 
Pos-consensus latency = 7874308.033483 (+/- 0) us 
Propose latency = 10253.457735 (+/- 799) us 
Write latency = 332.173113 (+/- 169) us 
Accept latency = 1684.144968 (+/- 23) us 
Batch average size = NaN (+/- 0) requests
ConsensusMessage ByteCount = 140182
TOMMessage ByteCount = 35693182
StandardSMMessage ByteCount = 324
LCMessage ByteCount = 10
--- Measurements after 47000 ops (1000 samples) ---
Throughput = 4166.6665 operations/sec (Maximum observed: 4854.369 ops/sec)
Total latency = 8141564.554644 (+/- 0) us 
Consensus latency = 11713.832960000002 (+/- 840) us 
Pre-consensus latency = 0.0 (+/- 0) us 
Pos-consensus latency = 8132639.376498 (+/- 0) us 
Propose latency = 9436.032637 (+/- 1177) us 
Write latency = 600.780857 (+/- 328) us 
Accept latency = 1677.019466 (+/- 9) us 
Batch average size = NaN (+/- 0) requests
ConsensusMessage ByteCount = 140182
TOMMessage ByteCount = 37144936
StandardSMMessage ByteCount = 324
LCMessage ByteCount = 10
--- Measurements after 48000 ops (1000 samples) ---
Throughput = 3906.25 operations/sec (Maximum observed: 4854.369 ops/sec)
Total latency = 8377900.624297 (+/- 0) us 
Consensus latency = 10895.97205 (+/- 112) us 
Pre-consensus latency = 0.0 (+/- 0) us 
Pos-consensus latency = 8369535.1149969995 (+/- 0) us 
Propose latency = 6936.017599999999 (+/- 1321) us 
Write latency = 2124.546975 (+/- 1079) us 
Accept latency = 1835.4074750000002 (+/- 129) us 
Batch average size = NaN (+/- 0) requests
ConsensusMessage ByteCount = 140182
TOMMessage ByteCount = 38588375
StandardSMMessage ByteCount = 324
LCMessage ByteCount = 10
--- Measurements after 49000 ops (1000 samples) ---
Throughput = 4132.2314 operations/sec (Maximum observed: 4854.369 ops/sec)
Total latency = 8604219.582245002 (+/- 0) us 
Consensus latency = 8547.329303999999 (+/- 1281) us 
Pre-consensus latency = 0.0 (+/- 0) us 
Pos-consensus latency = 8597561.554749 (+/- 0) us 
Propose latency = 4416.848122 (+/- 831) us 
Write latency = 2282.583492 (+/- 450) us 
Accept latency = 1847.89769 (+/- 80) us 
Batch average size = NaN (+/- 0) requests
ConsensusMessage ByteCount = 140182
TOMMessage ByteCount = 39896627
StandardSMMessage ByteCount = 324
LCMessage ByteCount = 10
--- Measurements after 50000 ops (1000 samples) ---
Throughput = 4201.6807 operations/sec (Maximum observed: 4854.369 ops/sec)
Total latency = 8822893.625578 (+/- 0) us 
Consensus latency = 5383.537916 (+/- 724) us 
Pre-consensus latency = 0.0 (+/- 0) us 
Pos-consensus latency = 8818580.2192 (+/- 0) us 
Propose latency = 2370.750378 (+/- 580) us 
Write latency = 1202.579882 (+/- 472) us 
Accept latency = 1810.207656 (+/- 98) us 
Batch average size = NaN (+/- 0) requests
ConsensusMessage ByteCount = 140182
TOMMessage ByteCount = 40988563
StandardSMMessage ByteCount = 324
LCMessage ByteCount = 10
--- Measurements after 51000 ops (1000 samples) ---
Throughput = 3496.5034 operations/sec (Maximum observed: 4854.369 ops/sec)
Total latency = 9065938.378750999 (+/- 0) us 
Consensus latency = 8372.490973 (+/- 5437) us 
Pre-consensus latency = 0.0 (+/- 0) us 
Pos-consensus latency = 9058896.627319999 (+/- 0) us 
Propose latency = 2858.285954 (+/- 3569) us 
Write latency = 3839.933362 (+/- 4948) us 
Accept latency = 1674.2716569999998 (+/- 196) us 
Batch average size = NaN (+/- 0) requests
ConsensusMessage ByteCount = 140182
TOMMessage ByteCount = 42210490
StandardSMMessage ByteCount = 324
LCMessage ByteCount = 10
--- Measurements after 52000 ops (1000 samples) ---
Throughput = 3861.004 operations/sec (Maximum observed: 4854.369 ops/sec)
Total latency = 9279960.356389 (+/- 0) us 
Consensus latency = 13198.592283 (+/- 1396) us 
Pre-consensus latency = 0.0 (+/- 0) us 
Pos-consensus latency = 9270613.628478 (+/- 0) us 
Propose latency = 11161.225498 (+/- 1492) us 
Write latency = 412.643664 (+/- 233) us 
Accept latency = 1624.723121 (+/- 137) us 
Batch average size = NaN (+/- 0) requests
ConsensusMessage ByteCount = 140182
TOMMessage ByteCount = 43419939
StandardSMMessage ByteCount = 324
LCMessage ByteCount = 10
--- Measurements after 53000 ops (1000 samples) ---
Throughput = 3533.5688 operations/sec (Maximum observed: 4854.369 ops/sec)
Total latency = 9521517.208213 (+/- 0) us 
Consensus latency = 9721.260585999999 (+/- 1905) us 
Pre-consensus latency = 0.0 (+/- 0) us 
Pos-consensus latency = 9513744.701631 (+/- 0) us 
Propose latency = 7136.765042 (+/- 2368) us 
Write latency = 1054.417824 (+/- 383) us 
Accept latency = 1530.07772 (+/- 79) us 
Batch average size = NaN (+/- 0) requests
ConsensusMessage ByteCount = 140182
TOMMessage ByteCount = 43508336
StandardSMMessage ByteCount = 324
LCMessage ByteCount = 10
--- Measurements after 54000 ops (1000 samples) ---
Throughput = 3906.25 operations/sec (Maximum observed: 4854.369 ops/sec)
Total latency = 9778840.360167 (+/- 0) us 
Consensus latency = 5826.526093 (+/- 708) us 
Pre-consensus latency = 0.0 (+/- 0) us 
Pos-consensus latency = 9774031.91101 (+/- 0) us 
Propose latency = 2334.578799 (+/- 946) us 
Write latency = 1635.8587180000002 (+/- 880) us 
Accept latency = 1856.0885759999999 (+/- 119) us 
Batch average size = NaN (+/- 0) requests
ConsensusMessage ByteCount = 140182
TOMMessage ByteCount = 43519775
StandardSMMessage ByteCount = 324
LCMessage ByteCount = 10
--- Measurements after 55000 ops (1000 samples) ---
Throughput = 4651.1626 operations/sec (Maximum observed: 4854.369 ops/sec)
Total latency = 9984718.621893998 (+/- 0) us 
Consensus latency = 4533.689744 (+/- 441) us 
Pre-consensus latency = 0.0 (+/- 0) us 
Pos-consensus latency = 9981085.350843001 (+/- 0) us 
Propose latency = 2081.430015 (+/- 518) us 
Write latency = 616.294272 (+/- 667) us 
Accept latency = 1835.965457 (+/- 211) us 
Batch average size = NaN (+/- 0) requests
ConsensusMessage ByteCount = 140182
TOMMessage ByteCount = 43521855
StandardSMMessage ByteCount = 324
LCMessage ByteCount = 10
--- Measurements after 56000 ops (1000 samples) ---
Throughput = 4184.1006 operations/sec (Maximum observed: 4854.369 ops/sec)
Total latency = 1.0175520614502002E7 (+/- 0) us 
Consensus latency = 3968.37847 (+/- 162) us 
Pre-consensus latency = 0.0 (+/- 0) us 
Pos-consensus latency = 1.0172250109373E7 (+/- 0) us 
Propose latency = 1302.0691880000002 (+/- 186) us 
Write latency = 893.0623149999999 (+/- 426) us 
Accept latency = 1773.246967 (+/- 277) us 
Batch average size = NaN (+/- 0) requests
ConsensusMessage ByteCount = 140182
TOMMessage ByteCount = 43526015
StandardSMMessage ByteCount = 324
LCMessage ByteCount = 10
--- Measurements after 57000 ops (1000 samples) ---
Throughput = 4651.1626 operations/sec (Maximum observed: 4854.369 ops/sec)
Total latency = 1.0380935859715E7 (+/- 0) us 
Consensus latency = 4509.367026 (+/- 376) us 
Pre-consensus latency = 0.0 (+/- 0) us 
Pos-consensus latency = 1.0377208693561E7 (+/- 0) us 
Propose latency = 1746.460561 (+/- 342) us 
Write latency = 983.962451 (+/- 305) us 
Accept latency = 1778.944014 (+/- 133) us 
Batch average size = NaN (+/- 0) requests
ConsensusMessage ByteCount = 140182
TOMMessage ByteCount = 43532254
StandardSMMessage ByteCount = 324
LCMessage ByteCount = 10
--- Measurements after 58000 ops (1000 samples) ---
Throughput = 4694.8354 operations/sec (Maximum observed: 4854.369 ops/sec)
Total latency = 1.0567711714017E7 (+/- 0) us 
Consensus latency = 4450.038945 (+/- 385) us 
Pre-consensus latency = 0.0 (+/- 0) us 
Pos-consensus latency = 1.0564047673202999E7 (+/- 0) us 
Propose latency = 1839.79668 (+/- 695) us 
Write latency = 873.809077 (+/- 479) us 
Accept latency = 1736.433188 (+/- 100) us 
Batch average size = NaN (+/- 0) requests
ConsensusMessage ByteCount = 140182
TOMMessage ByteCount = 43538494
StandardSMMessage ByteCount = 324
LCMessage ByteCount = 10
--- Measurements after 59000 ops (1000 samples) ---
Throughput = 4694.8354 operations/sec (Maximum observed: 4854.369 ops/sec)
Total latency = 1.0753496928778999E7 (+/- 0) us 
Consensus latency = 4308.160849999999 (+/- 243) us 
Pre-consensus latency = 0.0 (+/- 0) us 
Pos-consensus latency = 1.0749979847281E7 (+/- 0) us 
Propose latency = 1775.5544539999999 (+/- 618) us 
Write latency = 795.292694 (+/- 360) us 
Accept latency = 1737.3137020000001 (+/- 239) us 
Batch average size = NaN (+/- 0) requests
ConsensusMessage ByteCount = 140182
TOMMessage ByteCount = 43541613
StandardSMMessage ByteCount = 324
LCMessage ByteCount = 10
--- Measurements after 60000 ops (1000 samples) ---
Throughput = 4237.288 operations/sec (Maximum observed: 4854.369 ops/sec)
Total latency = 1.0959114416775E7 (+/- 0) us 
Consensus latency = 9173.57783 (+/- 5437) us 
Pre-consensus latency = 0.0 (+/- 0) us 
Pos-consensus latency = 1.0950903647927E7 (+/- 0) us 
Propose latency = 4690.772422 (+/- 3380) us 
Write latency = 868.369701 (+/- 485) us 
Accept latency = 3614.435707 (+/- 2497) us 
Batch average size = NaN (+/- 0) requests
ConsensusMessage ByteCount = 140182
TOMMessage ByteCount = 43541613
StandardSMMessage ByteCount = 324
LCMessage ByteCount = 10
--- Measurements after 61000 ops (1000 samples) ---
Throughput = 4694.8354 operations/sec (Maximum observed: 4854.369 ops/sec)
Total latency = 1.113797267479E7 (+/- 0) us 
Consensus latency = 11588.097994000002 (+/- 3931) us 
Pre-consensus latency = 0.0 (+/- 0) us 
Pos-consensus latency = 1.1127996325323E7 (+/- 0) us 
Propose latency = 6718.580018000001 (+/- 1595) us 
Write latency = 1356.734395 (+/- 906) us 
Accept latency = 3512.7835809999997 (+/- 3069) us 
Batch average size = NaN (+/- 0) requests
ConsensusMessage ByteCount = 140182
TOMMessage ByteCount = 43543693
StandardSMMessage ByteCount = 324
LCMessage ByteCount = 10
--- Measurements after 62000 ops (1000 samples) ---
Throughput = 4694.8354 operations/sec (Maximum observed: 4854.369 ops/sec)
Total latency = 1.132652900004E7 (+/- 0) us 
Consensus latency = 8912.737911 (+/- 1350) us 
Pre-consensus latency = 0.0 (+/- 0) us 
Pos-consensus latency = 1.1319580728852E7 (+/- 0) us 
Propose latency = 4992.840609 (+/- 796) us 
Write latency = 2339.3621860000003 (+/- 617) us 
Accept latency = 1580.535116 (+/- 103) us 
Batch average size = NaN (+/- 0) requests
ConsensusMessage ByteCount = 140182
TOMMessage ByteCount = 43543693
StandardSMMessage ByteCount = 324
LCMessage ByteCount = 10
--- Measurements after 63000 ops (1000 samples) ---
Throughput = 4149.3774 operations/sec (Maximum observed: 4854.369 ops/sec)
Total latency = 1.1530221683431E7 (+/- 0) us 
Consensus latency = 5083.711118 (+/- 386) us 
Pre-consensus latency = 0.0 (+/- 0) us 
Pos-consensus latency = 1.1526323239463E7 (+/- 0) us 
Propose latency = 2343.72004 (+/- 927) us 
Write latency = 1188.8493700000001 (+/- 573) us 
Accept latency = 1551.141708 (+/- 196) us 
Batch average size = NaN (+/- 0) requests
ConsensusMessage ByteCount = 140182
TOMMessage ByteCount = 43588326
StandardSMMessage ByteCount = 324
LCMessage ByteCount = 10
--- Measurements after 64000 ops (1000 samples) ---
Throughput = 4694.8354 operations/sec (Maximum observed: 4854.369 ops/sec)
Total latency = 1.1729685869614E7 (+/- 0) us 
Consensus latency = 4638.914302 (+/- 416) us 
Pre-consensus latency = 0.0 (+/- 0) us 
Pos-consensus latency = 1.172593915996E7 (+/- 0) us 
Propose latency = 1397.8858559999999 (+/- 121) us 
Write latency = 1582.06876 (+/- 549) us 
Accept latency = 1658.959686 (+/- 234) us 
Batch average size = NaN (+/- 0) requests
ConsensusMessage ByteCount = 140182
TOMMessage ByteCount = 44002470
StandardSMMessage ByteCount = 324
LCMessage ByteCount = 10
--- Measurements after 65000 ops (1000 samples) ---
Throughput = 4651.1626 operations/sec (Maximum observed: 4854.369 ops/sec)
Total latency = 1.1916983923257E7 (+/- 0) us 
Consensus latency = 4400.362364 (+/- 745) us 
Pre-consensus latency = 0.0 (+/- 0) us 
Pos-consensus latency = 1.1913522348071E7 (+/- 0) us 
Propose latency = 1667.8970900000002 (+/- 388) us 
Write latency = 1048.441306 (+/- 907) us 
Accept latency = 1684.0239680000002 (+/- 247) us 
Batch average size = NaN (+/- 0) requests
ConsensusMessage ByteCount = 140182
TOMMessage ByteCount = 44427038
StandardSMMessage ByteCount = 324
LCMessage ByteCount = 10
--- Measurements after 66000 ops (1000 samples) ---
Throughput = 4184.1006 operations/sec (Maximum observed: 4854.369 ops/sec)
Total latency = 1.2116102393215999E7 (+/- 0) us 
Consensus latency = 23673.834553 (+/- 10322) us 
Pre-consensus latency = 0.0 (+/- 0) us 
Pos-consensus latency = 1.2094302562504E7 (+/- 0) us 
Propose latency = 5812.875593999999 (+/- 3932) us 
Write latency = 16168.945611 (+/- 7869) us 
Accept latency = 1692.013348 (+/- 477) us 
Batch average size = NaN (+/- 0) requests
ConsensusMessage ByteCount = 140182
TOMMessage ByteCount = 44912921
StandardSMMessage ByteCount = 324
LCMessage ByteCount = 10
--- Measurements after 67000 ops (1000 samples) ---
Throughput = 4651.1626 operations/sec (Maximum observed: 4854.369 ops/sec)
Total latency = 1.2297381495601999E7 (+/- 0) us 
Consensus latency = 27936.405604 (+/- 3817) us 
Pre-consensus latency = 0.0 (+/- 0) us 
Pos-consensus latency = 1.2272168711786E7 (+/- 0) us 
Propose latency = 10106.354136 (+/- 380) us 
Write latency = 16303.69698 (+/- 4382) us 
Accept latency = 1526.354488 (+/- 184) us 
Batch average size = NaN (+/- 0) requests
ConsensusMessage ByteCount = 140182
TOMMessage ByteCount = 45398917
StandardSMMessage ByteCount = 324
LCMessage ByteCount = 10
--- Measurements after 68000 ops (1000 samples) ---
Throughput = 4761.905 operations/sec (Maximum observed: 4854.369 ops/sec)
Total latency = 1.247590183624E7 (+/- 0) us 
Consensus latency = 18814.585052000002 (+/- 5544) us 
Pre-consensus latency = 0.0 (+/- 0) us 
Pos-consensus latency = 1.2460079819084E7 (+/- 0) us 
Propose latency = 10865.600804 (+/- 397) us 
Write latency = 6286.99222 (+/- 5894) us 
Accept latency = 1661.992028 (+/- 47) us 
Batch average size = NaN (+/- 0) requests
ConsensusMessage ByteCount = 140182
TOMMessage ByteCount = 45841437
StandardSMMessage ByteCount = 324
LCMessage ByteCount = 10
--- Measurements after 69000 ops (1000 samples) ---
Throughput = 5434.7827 operations/sec (Maximum observed: 5434.7827 ops/sec)
Total latency = 1.2655060416579999E7 (+/- 0) us 
Consensus latency = 17714.247239999997 (+/- 5009) us 
Pre-consensus latency = 0.0 (+/- 0) us 
Pos-consensus latency = 1.26404912708E7 (+/- 0) us 
Propose latency = 10313.87754 (+/- 1043) us 
Write latency = 5555.72866 (+/- 5801) us 
Accept latency = 1844.64104 (+/- 250) us 
Batch average size = NaN (+/- 0) requests
ConsensusMessage ByteCount = 140182
TOMMessage ByteCount = 46238234
StandardSMMessage ByteCount = 324
LCMessage ByteCount = 10
--- Measurements after 70000 ops (1000 samples) ---
Throughput = 6622.5166 operations/sec (Maximum observed: 6622.5166 ops/sec)
Total latency = 1.279451615215E7 (+/- 0) us 
Consensus latency = 17752.862042 (+/- 6006) us 
Pre-consensus latency = 0.0 (+/- 0) us 
Pos-consensus latency = 1.2779479190808E7 (+/- 0) us 
Propose latency = 9177.18588 (+/- 7) us 
Write latency = 6645.701782 (+/- 5790) us 
Accept latency = 1929.9743799999999 (+/- 207) us 
Batch average size = NaN (+/- 0) requests
ConsensusMessage ByteCount = 140182
TOMMessage ByteCount = 46570850
StandardSMMessage ByteCount = 324
LCMessage ByteCount = 10
--- Measurements after 71000 ops (1000 samples) ---
Throughput = 6622.5166 operations/sec (Maximum observed: 6622.5166 ops/sec)
Total latency = 1.2923541522609E7 (+/- 0) us 
Consensus latency = 9834.027112 (+/- 1326) us 
Pre-consensus latency = 0.0 (+/- 0) us 
Pos-consensus latency = 1.2915804318303E7 (+/- 0) us 
Propose latency = 7031.711292 (+/- 2306) us 
Write latency = 1204.253122 (+/- 1089) us 
Accept latency = 1598.0626980000002 (+/- 108) us 
Batch average size = NaN (+/- 0) requests
ConsensusMessage ByteCount = 140182
TOMMessage ByteCount = 46852593
StandardSMMessage ByteCount = 324
LCMessage ByteCount = 10
--- Measurements after 72000 ops (1000 samples) ---
Throughput = 6097.561 operations/sec (Maximum observed: 6622.5166 ops/sec)
Total latency = 1.3054897147292E7 (+/- 0) us 
Consensus latency = 5882.8208890000005 (+/- 1482) us 
Pre-consensus latency = 0.0 (+/- 0) us 
Pos-consensus latency = 1.3050245992358E7 (+/- 0) us 
Propose latency = 2777.9397259999996 (+/- 722) us 
Write latency = 1349.133693 (+/- 868) us 
Accept latency = 1755.74747 (+/- 194) us 
Batch average size = NaN (+/- 0) requests
ConsensusMessage ByteCount = 140182
TOMMessage ByteCount = 47126050
StandardSMMessage ByteCount = 324
LCMessage ByteCount = 10
--- Measurements after 73000 ops (1000 samples) ---
Throughput = 6666.6665 operations/sec (Maximum observed: 6666.6665 ops/sec)
Total latency = 1.3191401663454E7 (+/- 0) us 
Consensus latency = 4554.054415 (+/- 531) us 
Pre-consensus latency = 0.0 (+/- 0) us 
Pos-consensus latency = 1.3187947824520001E7 (+/- 0) us 
Propose latency = 2153.242648 (+/- 301) us 
Write latency = 675.354919 (+/- 611) us 
Accept latency = 1725.456848 (+/- 103) us 
Batch average size = NaN (+/- 0) requests
ConsensusMessage ByteCount = 140182
TOMMessage ByteCount = 47419238
StandardSMMessage ByteCount = 324
LCMessage ByteCount = 10
--- Measurements after 74000 ops (1000 samples) ---
Throughput = 6578.9473 operations/sec (Maximum observed: 6666.6665 ops/sec)
Total latency = 1.3315270719059E7 (+/- 0) us 
Consensus latency = 3759.3536200000003 (+/- 96) us 
Pre-consensus latency = 0.0 (+/- 0) us 
Pos-consensus latency = 1.3312362387358E7 (+/- 0) us 
Propose latency = 1725.51844 (+/- 268) us 
Write latency = 307.795988 (+/- 235) us 
Accept latency = 1726.039192 (+/- 35) us 
Batch average size = NaN (+/- 0) requests
ConsensusMessage ByteCount = 140182
TOMMessage ByteCount = 47642798
StandardSMMessage ByteCount = 324
LCMessage ByteCount = 10
--- Measurements after 75000 ops (1000 samples) ---
Throughput = 6666.6665 operations/sec (Maximum observed: 6666.6665 ops/sec)
Total latency = 1.3437280588334E7 (+/- 0) us 
Consensus latency = 5380.209815 (+/- 1415) us 
Pre-consensus latency = 0.0 (+/- 0) us 
Pos-consensus latency = 1.3432764591813E7 (+/- 0) us 
Propose latency = 2867.6115090000003 (+/- 1490) us 
Write latency = 804.614241 (+/- 531) us 
Accept latency = 1707.9840649999999 (+/- 156) us 
Batch average size = NaN (+/- 0) requests
ConsensusMessage ByteCount = 140182
TOMMessage ByteCount = 47911098
StandardSMMessage ByteCount = 324
LCMessage ByteCount = 10
--- Measurements after 76000 ops (1000 samples) ---
Throughput = 6097.561 operations/sec (Maximum observed: 6666.6665 ops/sec)
Total latency = 1.3570853782740999E7 (+/- 0) us 
Consensus latency = 7138.578919 (+/- 1206) us 
Pre-consensus latency = 0.0 (+/- 0) us 
Pos-consensus latency = 1.3564971668665001E7 (+/- 0) us 
Propose latency = 4969.96295 (+/- 1291) us 
Write latency = 470.103114 (+/- 351) us 
Accept latency = 1698.512855 (+/- 66) us 
Batch average size = NaN (+/- 0) requests
ConsensusMessage ByteCount = 140182
TOMMessage ByteCount = 48172086
StandardSMMessage ByteCount = 324
LCMessage ByteCount = 10
--- Measurements after 77000 ops (1000 samples) ---
Throughput = 6622.5166 operations/sec (Maximum observed: 6666.6665 ops/sec)
Total latency = 1.3636809290263E7 (+/- 0) us 
Consensus latency = 61583.914455 (+/- 39413) us 
Pre-consensus latency = 0.0 (+/- 0) us 
Pos-consensus latency = 1.3623959173432E7 (+/- 0) us 
Propose latency = 52329.911405 (+/- 38440) us 
Write latency = 2977.6428220000003 (+/- 3895) us 
Accept latency = 6276.3602280000005 (+/- 4577) us 
Batch average size = NaN (+/- 0) requests
ConsensusMessage ByteCount = 140182
TOMMessage ByteCount = 48403977
StandardSMMessage ByteCount = 324
LCMessage ByteCount = 10
--- Measurements after 78000 ops (1000 samples) ---
Throughput = 6535.9478 operations/sec (Maximum observed: 6666.6665 ops/sec)
Total latency = 1.3697670441301001E7 (+/- 0) us 
Consensus latency = 48805.159067 (+/- 10811) us 
Pre-consensus latency = 0.0 (+/- 0) us 
Pos-consensus latency = 1.3688508435151E7 (+/- 0) us 
Propose latency = 46505.798998000006 (+/- 10919) us 
Write latency = 292.75399300000004 (+/- 185) us 
Accept latency = 2006.6060759999998 (+/- 77) us 
Batch average size = NaN (+/- 0) requests
ConsensusMessage ByteCount = 140182
TOMMessage ByteCount = 48580739
StandardSMMessage ByteCount = 324
LCMessage ByteCount = 10
--- Measurements after 79000 ops (1000 samples) ---
Throughput = 5988.024 operations/sec (Maximum observed: 6666.6665 ops/sec)
Total latency = 1.3839527978533002E7 (+/- 0) us 
Consensus latency = 12880.082699999999 (+/- 32) us 
Pre-consensus latency = 0.0 (+/- 0) us 
Pos-consensus latency = 1.3829874154431999E7 (+/- 0) us 
Propose latency = 10105.944185 (+/- 494) us 
Write latency = 1028.732383 (+/- 482) us 
Accept latency = 1745.406132 (+/- 20) us 
Batch average size = NaN (+/- 0) requests
ConsensusMessage ByteCount = 140182
TOMMessage ByteCount = 48823011
StandardSMMessage ByteCount = 324
LCMessage ByteCount = 10
--- Measurements after 80000 ops (1000 samples) ---
Throughput = 6578.9473 operations/sec (Maximum observed: 6666.6665 ops/sec)
Total latency = 1.3980119169854E7 (+/- 0) us 
Consensus latency = 12762.02017 (+/- 55) us 
Pre-consensus latency = 0.0 (+/- 0) us 
Pos-consensus latency = 1.3970500172354E7 (+/- 0) us 
Propose latency = 8115.76533 (+/- 82) us 
Write latency = 2968.9202200000004 (+/- 64) us 
Accept latency = 1677.33462 (+/- 73) us 
Batch average size = NaN (+/- 0) requests
ConsensusMessage ByteCount = 140182
TOMMessage ByteCount = 49047615
StandardSMMessage ByteCount = 324
LCMessage ByteCount = 10
--- Measurements after 81000 ops (1000 samples) ---
Throughput = 6622.5166 operations/sec (Maximum observed: 6666.6665 ops/sec)
Total latency = 1.4114852529304001E7 (+/- 0) us 
Consensus latency = 13048.320507999999 (+/- 49) us 
Pre-consensus latency = 0.0 (+/- 0) us 
Pos-consensus latency = 1.4104701062587E7 (+/- 0) us 
Propose latency = 7703.852362 (+/- 196) us 
Write latency = 3280.819951 (+/- 240) us 
Accept latency = 2063.648195 (+/- 5) us 
Batch average size = NaN (+/- 0) requests
ConsensusMessage ByteCount = 140182
TOMMessage ByteCount = 49278469
StandardSMMessage ByteCount = 324
LCMessage ByteCount = 10
--- Measurements after 82000 ops (1000 samples) ---
Throughput = 5847.953 operations/sec (Maximum observed: 6666.6665 ops/sec)
Total latency = 1.4250585128132E7 (+/- 0) us 
Consensus latency = 12581.738 (+/- 0) us 
Pre-consensus latency = 0.0 (+/- 0) us 
Pos-consensus latency = 1.4240964510132E7 (+/- 0) us 
Propose latency = 9570.038 (+/- 0) us 
Write latency = 1000.721 (+/- 0) us 
Accept latency = 2010.979 (+/- 0) us 
Batch average size = NaN (+/- 0) requests
ConsensusMessage ByteCount = 140182
TOMMessage ByteCount = 49520734
StandardSMMessage ByteCount = 324
LCMessage ByteCount = 10
--- Measurements after 83000 ops (1000 samples) ---
Throughput = 4830.918 operations/sec (Maximum observed: 6666.6665 ops/sec)
Total latency = 1.4431175565886E7 (+/- 0) us 
Consensus latency = 13117.727363 (+/- 61) us 
Pre-consensus latency = 0.0 (+/- 0) us 
Pos-consensus latency = 1.4421191810846E7 (+/- 0) us 
Propose latency = 9616.173341 (+/- 5) us 
Write latency = 979.893326 (+/- 2) us 
Accept latency = 2521.660696 (+/- 58) us 
Batch average size = NaN (+/- 0) requests
ConsensusMessage ByteCount = 140182
TOMMessage ByteCount = 49748457
StandardSMMessage ByteCount = 324
LCMessage ByteCount = 10
--- Measurements after 84000 ops (1000 samples) ---
Throughput = 4830.918 operations/sec (Maximum observed: 6666.6665 ops/sec)
Total latency = 1.4621280573191999E7 (+/- 0) us 
Consensus latency = 22034.521743 (+/- 1747) us 
Pre-consensus latency = 0.0 (+/- 0) us 
Pos-consensus latency = 1.4602446435285999E7 (+/- 0) us 
Propose latency = 9298.564391 (+/- 62) us 
Write latency = 9767.856848 (+/- 1723) us 
Accept latency = 2968.100504 (+/- 86) us 
Batch average size = NaN (+/- 0) requests
ConsensusMessage ByteCount = 140182
TOMMessage ByteCount = 50042365
StandardSMMessage ByteCount = 324
LCMessage ByteCount = 10
--- Measurements after 85000 ops (1000 samples) ---
Throughput = 4830.918 operations/sec (Maximum observed: 6666.6665 ops/sec)
Total latency = 1.4803031230712999E7 (+/- 0) us 
Consensus latency = 149742.518788 (+/- 0) us 
Pre-consensus latency = 0.0 (+/- 0) us 
Pos-consensus latency = 1.4656246021754E7 (+/- 0) us 
Propose latency = 10344.036051000001 (+/- 269) us 
Write latency = 137283.613026 (+/- 0) us 
Accept latency = 2114.8697110000003 (+/- 221) us 
Batch average size = NaN (+/- 0) requests
ConsensusMessage ByteCount = 140182
TOMMessage ByteCount = 50356872
StandardSMMessage ByteCount = 324
LCMessage ByteCount = 10
--- Measurements after 86000 ops (1000 samples) ---
Throughput = 4807.6924 operations/sec (Maximum observed: 6666.6665 ops/sec)
Total latency = 1.4869495184593E7 (+/- 0) us 
Consensus latency = 25346.61093 (+/- 40456) us 
Pre-consensus latency = 0.0 (+/- 0) us 
Pos-consensus latency = 1.4847030783403E7 (+/- 0) us 
Propose latency = 11153.940005 (+/- 226) us 
Write latency = 12605.447615000001 (+/- 40538) us 
Accept latency = 1587.22331 (+/- 143) us 
Batch average size = NaN (+/- 0) requests
ConsensusMessage ByteCount = 140182
TOMMessage ByteCount = 50610229
StandardSMMessage ByteCount = 324
LCMessage ByteCount = 10
--- Measurements after 87000 ops (1000 samples) ---
Throughput = 6711.409 operations/sec (Maximum observed: 6711.409 ops/sec)
Total latency = 1.5008990105124E7 (+/- 0) us 
Consensus latency = 12240.271377000001 (+/- 273) us 
Pre-consensus latency = 0.0 (+/- 0) us 
Pos-consensus latency = 1.4999585572548E7 (+/- 0) us 
Propose latency = 10426.89934 (+/- 278) us 
Write latency = 191.326055 (+/- 22) us 
Accept latency = 1622.045982 (+/- 27) us 
Batch average size = NaN (+/- 0) requests
ConsensusMessage ByteCount = 140182
TOMMessage ByteCount = 50823369
StandardSMMessage ByteCount = 324
LCMessage ByteCount = 10
--- Measurements after 88000 ops (1000 samples) ---
Throughput = 6666.6665 operations/sec (Maximum observed: 6711.409 ops/sec)
Total latency = 1.5141814654149E7 (+/- 0) us 
Consensus latency = 11998.341824 (+/- 57) us 
Pre-consensus latency = 0.0 (+/- 0) us 
Pos-consensus latency = 1.513248152369E7 (+/- 0) us 
Propose latency = 9540.357654 (+/- 309) us 
Write latency = 664.4466 (+/- 188) us 
Accept latency = 1793.53757 (+/- 63) us 
Batch average size = NaN (+/- 0) requests
ConsensusMessage ByteCount = 140182
TOMMessage ByteCount = 51013667
StandardSMMessage ByteCount = 324
LCMessage ByteCount = 10
--- Measurements after 89000 ops (1000 samples) ---
Throughput = 6060.606 operations/sec (Maximum observed: 6711.409 ops/sec)
Total latency = 1.5278662990208E7 (+/- 0) us 
Consensus latency = 12382.442808 (+/- 175) us 
Pre-consensus latency = 0.0 (+/- 0) us 
Pos-consensus latency = 1.5269013069738E7 (+/- 0) us 
Propose latency = 9516.526777000001 (+/- 41) us 
Write latency = 1115.161375 (+/- 162) us 
Accept latency = 1750.754656 (+/- 29) us 
Batch average size = NaN (+/- 0) requests
ConsensusMessage ByteCount = 140182
TOMMessage ByteCount = 51208133
StandardSMMessage ByteCount = 324
LCMessage ByteCount = 10
--- Measurements after 90000 ops (1000 samples) ---
Throughput = 6535.9478 operations/sec (Maximum observed: 6711.409 ops/sec)
Total latency = 1.5423997469225E7 (+/- 0) us 
Consensus latency = 14508.306465 (+/- 964) us 
Pre-consensus latency = 0.0 (+/- 0) us 
Pos-consensus latency = 1.5412148712340001E7 (+/- 0) us 
Propose latency = 10311.787376 (+/- 365) us 
Write latency = 2359.572585 (+/- 552) us 
Accept latency = 1836.946504 (+/- 46) us 
Batch average size = NaN (+/- 0) requests
ConsensusMessage ByteCount = 140182
TOMMessage ByteCount = 51393227
StandardSMMessage ByteCount = 324
LCMessage ByteCount = 10
--- Measurements after 91000 ops (1000 samples) ---
Throughput = 6578.9473 operations/sec (Maximum observed: 6711.409 ops/sec)
Total latency = 1.5557341250931E7 (+/- 0) us 
Consensus latency = 12455.802425 (+/- 1272) us 
Pre-consensus latency = 0.0 (+/- 0) us 
Pos-consensus latency = 1.5547835524471E7 (+/- 0) us 
Propose latency = 10084.874324999999 (+/- 202) us 
Write latency = 694.461885 (+/- 977) us 
Accept latency = 1676.4662150000001 (+/- 92) us 
Batch average size = NaN (+/- 0) requests
ConsensusMessage ByteCount = 140182
TOMMessage ByteCount = 51557538
StandardSMMessage ByteCount = 324
LCMessage ByteCount = 10
--- Measurements after 92000 ops (1000 samples) ---
Throughput = 6666.6665 operations/sec (Maximum observed: 6711.409 ops/sec)
Total latency = 1.5691487701103E7 (+/- 0) us 
Consensus latency = 12350.767044 (+/- 295) us 
Pre-consensus latency = 0.0 (+/- 0) us 
Pos-consensus latency = 1.5681877006294E7 (+/- 0) us 
Propose latency = 10058.429214 (+/- 41) us 
Write latency = 701.937835 (+/- 274) us 
Accept latency = 1590.3999950000002 (+/- 21) us 
Batch average size = NaN (+/- 0) requests
ConsensusMessage ByteCount = 140182
TOMMessage ByteCount = 51746794
StandardSMMessage ByteCount = 324
LCMessage ByteCount = 10
--- Measurements after 93000 ops (1000 samples) ---
Throughput = 4504.5044 operations/sec (Maximum observed: 6711.409 ops/sec)
Total latency = 1.5866308481895E7 (+/- 0) us 
Consensus latency = 12369.103258 (+/- 82) us 
Pre-consensus latency = 0.0 (+/- 0) us 
Pos-consensus latency = 1.5856472214913E7 (+/- 0) us 
Propose latency = 8826.178627000001 (+/- 730) us 
Write latency = 1603.470043 (+/- 437) us 
Accept latency = 1939.454588 (+/- 209) us 
Batch average size = NaN (+/- 0) requests
ConsensusMessage ByteCount = 140182
TOMMessage ByteCount = 52075407
StandardSMMessage ByteCount = 324
LCMessage ByteCount = 10
--- Measurements after 94000 ops (1000 samples) ---
Throughput = 4716.981 operations/sec (Maximum observed: 6711.409 ops/sec)
Total latency = 1.6055583613028E7 (+/- 0) us 
Consensus latency = 12011.893597999999 (+/- 191) us 
Pre-consensus latency = 0.0 (+/- 0) us 
Pos-consensus latency = 1.6046047923846E7 (+/- 0) us 
Propose latency = 9452.137949999998 (+/- 650) us 
Write latency = 808.182724 (+/- 650) us 
Accept latency = 1751.572924 (+/- 191) us 
Batch average size = NaN (+/- 0) requests
ConsensusMessage ByteCount = 140182
TOMMessage ByteCount = 52293794
StandardSMMessage ByteCount = 324
LCMessage ByteCount = 10
--- Measurements after 95000 ops (1000 samples) ---
Throughput = 4784.689 operations/sec (Maximum observed: 6711.409 ops/sec)
Total latency = 1.6246422149457E7 (+/- 0) us 
Consensus latency = 19128.852311000002 (+/- 4750) us 
Pre-consensus latency = 0.0 (+/- 0) us 
Pos-consensus latency = 1.6230113804618E7 (+/- 0) us 
Propose latency = 9860.699258999999 (+/- 3) us 
Write latency = 7516.238171 (+/- 4668) us 
Accept latency = 1751.9148810000002 (+/- 78) us 
Batch average size = NaN (+/- 0) requests
ConsensusMessage ByteCount = 140182
TOMMessage ByteCount = 52553776
StandardSMMessage ByteCount = 324
LCMessage ByteCount = 10
--- Measurements after 96000 ops (1000 samples) ---
Throughput = 4464.2856 operations/sec (Maximum observed: 6711.409 ops/sec)
Total latency = 1.6443101689844E7 (+/- 0) us 
Consensus latency = 15941.038825 (+/- 4376) us 
Pre-consensus latency = 0.0 (+/- 0) us 
Pos-consensus latency = 1.6429902437944E7 (+/- 0) us 
Propose latency = 10714.244225 (+/- 590) us 
Write latency = 3544.684675 (+/- 4882) us 
Accept latency = 1682.109925 (+/- 84) us 
Batch average size = NaN (+/- 0) requests
ConsensusMessage ByteCount = 140182
TOMMessage ByteCount = 52836635
StandardSMMessage ByteCount = 324
LCMessage ByteCount = 10
--- Measurements after 97000 ops (1000 samples) ---
Throughput = 5524.862 operations/sec (Maximum observed: 6711.409 ops/sec)
Total latency = 1.6630871252153E7 (+/- 0) us 
Consensus latency = 12072.940629 (+/- 610) us 
Pre-consensus latency = 0.0 (+/- 0) us 
Pos-consensus latency = 1.6621356292313E7 (+/- 0) us 
Propose latency = 9118.234517 (+/- 1469) us 
Write latency = 1248.203676 (+/- 798) us 
Accept latency = 1706.502436 (+/- 60) us 
Batch average size = NaN (+/- 0) requests
ConsensusMessage ByteCount = 140182
TOMMessage ByteCount = 53045660
StandardSMMessage ByteCount = 324
LCMessage ByteCount = 10
--- Measurements after 98000 ops (1000 samples) ---
Throughput = 6666.6665 operations/sec (Maximum observed: 6711.409 ops/sec)
Total latency = 1.677213577488E7 (+/- 0) us 
Consensus latency = 11917.726909 (+/- 224) us 
Pre-consensus latency = 0.0 (+/- 0) us 
Pos-consensus latency = 1.6762871469715001E7 (+/- 0) us 
Propose latency = 8848.443344000001 (+/- 621) us 
Write latency = 1523.071404 (+/- 238) us 
Accept latency = 1546.2121610000002 (+/- 157) us 
Batch average size = NaN (+/- 0) requests
ConsensusMessage ByteCount = 140182
TOMMessage ByteCount = 53271326
StandardSMMessage ByteCount = 324
LCMessage ByteCount = 10
--- Measurements after 99000 ops (1000 samples) ---
Throughput = 5952.381 operations/sec (Maximum observed: 6711.409 ops/sec)
Total latency = 1.6911081597532E7 (+/- 0) us 
Consensus latency = 11899.289393 (+/- 155) us 
Pre-consensus latency = 0.0 (+/- 0) us 
Pos-consensus latency = 1.6901947256053E7 (+/- 0) us 
Propose latency = 9584.364104 (+/- 208) us 
Write latency = 709.433337 (+/- 511) us 
Accept latency = 1605.491952 (+/- 146) us 
Batch average size = NaN (+/- 0) requests
ConsensusMessage ByteCount = 140182
TOMMessage ByteCount = 53713301
StandardSMMessage ByteCount = 324
LCMessage ByteCount = 10
--- Measurements after 100000 ops (1000 samples) ---
Throughput = 6666.6665 operations/sec (Maximum observed: 6711.409 ops/sec)
Total latency = 1.7058393400865998E7 (+/- 0) us 
Consensus latency = 43722.73394 (+/- 27257) us 
Pre-consensus latency = 0.0 (+/- 0) us 
Pos-consensus latency = 1.7017306109118E7 (+/- 0) us 
Propose latency = 8775.397573 (+/- 834) us 
Write latency = 33644.894958 (+/- 28452) us 
Accept latency = 1302.441409 (+/- 360) us 
Batch average size = NaN (+/- 0) requests
ConsensusMessage ByteCount = 140182
TOMMessage ByteCount = 54157349
StandardSMMessage ByteCount = 324
LCMessage ByteCount = 10
--- Measurements after 101000 ops (1000 samples) ---
Throughput = 6666.6665 operations/sec (Maximum observed: 6711.409 ops/sec)
Total latency = 1.7161281126637E7 (+/- 0) us 
Consensus latency = 36388.206155 (+/- 27383) us 
Pre-consensus latency = 0.0 (+/- 0) us 
Pos-consensus latency = 1.7127631168277E7 (+/- 0) us 
Propose latency = 9192.86018 (+/- 1011) us 
Write latency = 25881.09411 (+/- 28679) us 
Accept latency = 1314.251865 (+/- 285) us 
Batch average size = NaN (+/- 0) requests
ConsensusMessage ByteCount = 140182
TOMMessage ByteCount = 54523401
StandardSMMessage ByteCount = 324
LCMessage ByteCount = 10
--- Measurements after 102000 ops (1000 samples) ---
Throughput = 6622.5166 operations/sec (Maximum observed: 6711.409 ops/sec)
Total latency = 1.7262974172016E7 (+/- 0) us 
Consensus latency = 12938.652732 (+/- 994) us 
Pre-consensus latency = 0.0 (+/- 0) us 
Pos-consensus latency = 1.7252734663627E7 (+/- 0) us 
Propose latency = 10503.339579 (+/- 381) us 
Write latency = 880.500216 (+/- 627) us 
Accept latency = 1554.812937 (+/- 14) us 
Batch average size = NaN (+/- 0) requests
ConsensusMessage ByteCount = 140182
TOMMessage ByteCount = 54904018
StandardSMMessage ByteCount = 324
LCMessage ByteCount = 10
--- Measurements after 103000 ops (1000 samples) ---
Throughput = 5847.953 operations/sec (Maximum observed: 6711.409 ops/sec)
Total latency = 1.7407421572355E7 (+/- 0) us 
Consensus latency = 12946.790261 (+/- 913) us 
Pre-consensus latency = 0.0 (+/- 0) us 
Pos-consensus latency = 1.7396964963147E7 (+/- 0) us 
Propose latency = 9203.910741 (+/- 1635) us 
Write latency = 2152.0038879999997 (+/- 672) us 
Accept latency = 1590.875632 (+/- 48) us 
Batch average size = NaN (+/- 0) requests
ConsensusMessage ByteCount = 140182
TOMMessage ByteCount = 55341831
StandardSMMessage ByteCount = 324
LCMessage ByteCount = 10
--- Measurements after 104000 ops (1000 samples) ---
Throughput = 6578.9473 operations/sec (Maximum observed: 6711.409 ops/sec)
Total latency = 1.754371776463E7 (+/- 0) us 
Consensus latency = 11979.989567 (+/- 68) us 
Pre-consensus latency = 0.0 (+/- 0) us 
Pos-consensus latency = 1.7534262791451E7 (+/- 0) us 
Propose latency = 8798.438386 (+/- 1248) us 
Write latency = 1529.7054609999998 (+/- 1330) us 
Accept latency = 1651.84572 (+/- 13) us 
Batch average size = NaN (+/- 0) requests
ConsensusMessage ByteCount = 140182
TOMMessage ByteCount = 55742208
StandardSMMessage ByteCount = 324
LCMessage ByteCount = 10
--- Measurements after 105000 ops (1000 samples) ---
Throughput = 6535.9478 operations/sec (Maximum observed: 6711.409 ops/sec)
Total latency = 1.7680049823836E7 (+/- 0) us 
Consensus latency = 12615.747507999999 (+/- 767) us 
Pre-consensus latency = 0.0 (+/- 0) us 
Pos-consensus latency = 1.7670120404736E7 (+/- 0) us 
Propose latency = 10799.851803 (+/- 771) us 
Write latency = 153.774101 (+/- 0) us 
Accept latency = 1662.1216040000002 (+/- 3) us 
Batch average size = NaN (+/- 0) requests
ConsensusMessage ByteCount = 140182
TOMMessage ByteCount = 56086425
StandardSMMessage ByteCount = 324
LCMessage ByteCount = 10
--- Measurements after 106000 ops (1000 samples) ---
Throughput = 5847.953 operations/sec (Maximum observed: 6711.409 ops/sec)
Total latency = 1.7825049294019002E7 (+/- 0) us 
Consensus latency = 13275.967285 (+/- 196) us 
Pre-consensus latency = 0.0 (+/- 0) us 
Pos-consensus latency = 1.7814621559139E7 (+/- 0) us 
Propose latency = 10937.297125 (+/- 797) us 
Write latency = 452.52852 (+/- 340) us 
Accept latency = 1886.1416399999998 (+/- 260) us 
Batch average size = NaN (+/- 0) requests
ConsensusMessage ByteCount = 140182
TOMMessage ByteCount = 56418159
StandardSMMessage ByteCount = 324
LCMessage ByteCount = 10
--- Measurements after 107000 ops (1000 samples) ---
Throughput = 6578.9473 operations/sec (Maximum observed: 6711.409 ops/sec)
Total latency = 1.7964110775397E7 (+/- 0) us 
Consensus latency = 17147.032086 (+/- 4904) us 
Pre-consensus latency = 0.0 (+/- 0) us 
Pos-consensus latency = 1.7954013426008E7 (+/- 0) us 
Propose latency = 14202.267432 (+/- 4998) us 
Write latency = 565.885222 (+/- 329) us 
Accept latency = 2378.879432 (+/- 235) us 
Batch average size = NaN (+/- 0) requests
ConsensusMessage ByteCount = 140182
TOMMessage ByteCount = 56572058
StandardSMMessage ByteCount = 324
LCMessage ByteCount = 10
--- Measurements after 108000 ops (1000 samples) ---
Throughput = 6578.9473 operations/sec (Maximum observed: 6711.409 ops/sec)
Total latency = 1.8093328131835E7 (+/- 0) us 
Consensus latency = 19652.465031 (+/- 4234) us 
Pre-consensus latency = 0.0 (+/- 0) us 
Pos-consensus latency = 1.8082628161818E7 (+/- 0) us 
Propose latency = 16238.98648 (+/- 4966) us 
Write latency = 1030.989961 (+/- 1081) us 
Accept latency = 2382.48859 (+/- 349) us 
Batch average size = NaN (+/- 0) requests
ConsensusMessage ByteCount = 140182
TOMMessage ByteCount = 56693727
StandardSMMessage ByteCount = 324
LCMessage ByteCount = 10
--- Measurements after 109000 ops (1000 samples) ---
Throughput = 5952.381 operations/sec (Maximum observed: 6711.409 ops/sec)
Total latency = 1.8229207730697E7 (+/- 0) us 
Consensus latency = 13214.385047 (+/- 1472) us 
Pre-consensus latency = 0.0 (+/- 0) us 
Pos-consensus latency = 1.8218548379429E7 (+/- 0) us 
Propose latency = 9736.538731 (+/- 337) us 
Write latency = 1701.4573 (+/- 914) us 
Accept latency = 1776.389016 (+/- 220) us 
Batch average size = NaN (+/- 0) requests
ConsensusMessage ByteCount = 140182
TOMMessage ByteCount = 56952634
StandardSMMessage ByteCount = 324
LCMessage ByteCount = 10
--- Measurements after 110000 ops (1000 samples) ---
Throughput = 6535.9478 operations/sec (Maximum observed: 6711.409 ops/sec)
Total latency = 1.8377922834532E7 (+/- 0) us 
Consensus latency = 11371.997710000001 (+/- 150) us 
Pre-consensus latency = 0.0 (+/- 0) us 
Pos-consensus latency = 1.8369076926136002E7 (+/- 0) us 
Propose latency = 9169.374810000001 (+/- 167) us 
Write latency = 722.042691 (+/- 323) us 
Accept latency = 1480.580209 (+/- 5) us 
Batch average size = NaN (+/- 0) requests
ConsensusMessage ByteCount = 140182
TOMMessage ByteCount = 57329050
StandardSMMessage ByteCount = 324
LCMessage ByteCount = 10
--- Measurements after 111000 ops (1000 samples) ---
Throughput = 6622.5166 operations/sec (Maximum observed: 6711.409 ops/sec)
Total latency = 1.8515802230637003E7 (+/- 0) us 
Consensus latency = 11077.78267 (+/- 743) us 
Pre-consensus latency = 0.0 (+/- 0) us 
Pos-consensus latency = 1.8506880779707E7 (+/- 0) us 
Propose latency = 7772.259795 (+/- 1715) us 
Write latency = 1743.7225549999998 (+/- 841) us 
Accept latency = 1561.80032 (+/- 131) us 
Batch average size = NaN (+/- 0) requests
ConsensusMessage ByteCount = 140182
TOMMessage ByteCount = 57646199
StandardSMMessage ByteCount = 324
LCMessage ByteCount = 10
--- Measurements after 112000 ops (1000 samples) ---
Throughput = 6578.9473 operations/sec (Maximum observed: 6711.409 ops/sec)
Total latency = 1.864701225887E7 (+/- 0) us 
Consensus latency = 6694.706582000001 (+/- 1958) us 
Pre-consensus latency = 0.0 (+/- 0) us 
Pos-consensus latency = 1.8641642140275E7 (+/- 0) us 
Propose latency = 3496.4244320000003 (+/- 1103) us 
Write latency = 1543.3739269999999 (+/- 845) us 
Accept latency = 1654.908223 (+/- 58) us 
Batch average size = NaN (+/- 0) requests
ConsensusMessage ByteCount = 140182
TOMMessage ByteCount = 57791714
StandardSMMessage ByteCount = 324
LCMessage ByteCount = 10
--- Measurements after 113000 ops (1000 samples) ---
Throughput = 5917.1597 operations/sec (Maximum observed: 6711.409 ops/sec)
Total latency = 1.8788733301819E7 (+/- 0) us 
Consensus latency = 4467.012465 (+/- 383) us 
Pre-consensus latency = 0.0 (+/- 0) us 
Pos-consensus latency = 1.8785087579563998E7 (+/- 0) us 
Propose latency = 1705.0990940000002 (+/- 460) us 
Write latency = 1058.237713 (+/- 441) us 
Accept latency = 1703.675658 (+/- 227) us 
Batch average size = NaN (+/- 0) requests
ConsensusMessage ByteCount = 140182
TOMMessage ByteCount = 57920424
StandardSMMessage ByteCount = 324
LCMessage ByteCount = 10
--- Measurements after 114000 ops (1000 samples) ---
Throughput = 6578.9473 operations/sec (Maximum observed: 6711.409 ops/sec)
Total latency = 1.8900326252855998E7 (+/- 0) us 
Consensus latency = 15122.344723999999 (+/- 6083) us 
Pre-consensus latency = 0.0 (+/- 0) us 
Pos-consensus latency = 1.8887413956536E7 (+/- 0) us 
Propose latency = 6134.640524 (+/- 2398) us 
Write latency = 7397.3288760000005 (+/- 8253) us 
Accept latency = 1590.375324 (+/- 78) us 
Batch average size = NaN (+/- 0) requests
ConsensusMessage ByteCount = 140182
TOMMessage ByteCount = 58053404
StandardSMMessage ByteCount = 324
LCMessage ByteCount = 10
--- Measurements after 115000 ops (1000 samples) ---
Throughput = 6578.9473 operations/sec (Maximum observed: 6711.409 ops/sec)
Total latency = 1.9030320753376998E7 (+/- 0) us 
Consensus latency = 10409.255600999999 (+/- 1110) us 
Pre-consensus latency = 0.0 (+/- 0) us 
Pos-consensus latency = 1.9021836402388E7 (+/- 0) us 
Propose latency = 6636.393127 (+/- 541) us 
Write latency = 1882.8341850000002 (+/- 642) us 
Accept latency = 1890.028289 (+/- 232) us 
Batch average size = NaN (+/- 0) requests
ConsensusMessage ByteCount = 140182
TOMMessage ByteCount = 58195871
StandardSMMessage ByteCount = 324
LCMessage ByteCount = 10
--- Measurements after 116000 ops (1000 samples) ---
Throughput = 5376.344 operations/sec (Maximum observed: 6711.409 ops/sec)
Total latency = 1.9168600450593E7 (+/- 0) us 
Consensus latency = 6931.404576 (+/- 899) us 
Pre-consensus latency = 0.0 (+/- 0) us 
Pos-consensus latency = 1.9162913818044998E7 (+/- 0) us 
Propose latency = 3798.621255 (+/- 1273) us 
Write latency = 1607.9021480000001 (+/- 355) us 
Accept latency = 1524.881173 (+/- 75) us 
Batch average size = NaN (+/- 0) requests
ConsensusMessage ByteCount = 140182
TOMMessage ByteCount = 58326892
StandardSMMessage ByteCount = 324
LCMessage ByteCount = 10
--- Measurements after 117000 ops (1000 samples) ---
Throughput = 4830.918 operations/sec (Maximum observed: 6711.409 ops/sec)
Total latency = 1.9350129480975E7 (+/- 0) us 
Consensus latency = 4790.631459 (+/- 524) us 
Pre-consensus latency = 0.0 (+/- 0) us 
Pos-consensus latency = 1.9346152756909E7 (+/- 0) us 
Propose latency = 2150.685569 (+/- 875) us 
Write latency = 1072.12028 (+/- 792) us 
Accept latency = 1567.82561 (+/- 127) us 
Batch average size = NaN (+/- 0) requests
ConsensusMessage ByteCount = 140182
TOMMessage ByteCount = 58410088
StandardSMMessage ByteCount = 324
LCMessage ByteCount = 10
--- Measurements after 118000 ops (1000 samples) ---
Throughput = 4830.918 operations/sec (Maximum observed: 6711.409 ops/sec)
Total latency = 1.9530157116972E7 (+/- 0) us 
Consensus latency = 4637.8988150000005 (+/- 458) us 
Pre-consensus latency = 0.0 (+/- 0) us 
Pos-consensus latency = 1.9526369446534E7 (+/- 0) us 
Propose latency = 1961.1172080000001 (+/- 583) us 
Write latency = 937.628692 (+/- 409) us 
Accept latency = 1739.1529150000001 (+/- 342) us 
Batch average size = NaN (+/- 0) requests
ConsensusMessage ByteCount = 140182
TOMMessage ByteCount = 58483920
StandardSMMessage ByteCount = 324
LCMessage ByteCount = 10
--- Measurements after 119000 ops (1000 samples) ---
Throughput = 4830.918 operations/sec (Maximum observed: 6711.409 ops/sec)
Total latency = 1.9704574323799E7 (+/- 0) us 
Consensus latency = 15158.509457 (+/- 6068) us 
Pre-consensus latency = 0.0 (+/- 0) us 
Pos-consensus latency = 1.9692276358078E7 (+/- 0) us 
Propose latency = 6723.388937 (+/- 3585) us 
Write latency = 6697.412085 (+/- 5212) us 
Accept latency = 1737.708435 (+/- 63) us 
Batch average size = NaN (+/- 0) requests
ConsensusMessage ByteCount = 140182
TOMMessage ByteCount = 58559828
StandardSMMessage ByteCount = 324
LCMessage ByteCount = 10
--- Measurements after 120000 ops (1000 samples) ---
Throughput = 5780.3467 operations/sec (Maximum observed: 6711.409 ops/sec)
Total latency = 1.9871430377887E7 (+/- 0) us 
Consensus latency = 11342.138494 (+/- 2779) us 
Pre-consensus latency = 0.0 (+/- 0) us 
Pos-consensus latency = 1.9862168736389E7 (+/- 0) us 
Propose latency = 7641.41365 (+/- 1735) us 
Write latency = 2138.437642 (+/- 1496) us 
Accept latency = 1562.287202 (+/- 54) us 
Batch average size = NaN (+/- 0) requests
ConsensusMessage ByteCount = 140182
TOMMessage ByteCount = 58636785
StandardSMMessage ByteCount = 324
LCMessage ByteCount = 10
--- Measurements after 121000 ops (1000 samples) ---
Throughput = 6666.6665 operations/sec (Maximum observed: 6711.409 ops/sec)
Total latency = 2.0003696251992002E7 (+/- 0) us 
Consensus latency = 5289.3036919999995 (+/- 519) us 
Pre-consensus latency = 0.0 (+/- 0) us 
Pos-consensus latency = 1.9999654176223E7 (+/- 0) us 
Propose latency = 3109.524888 (+/- 850) us 
Write latency = 508.751164 (+/- 446) us 
Accept latency = 1671.0276399999998 (+/- 46) us 
Batch average size = NaN (+/- 0) requests
ConsensusMessage ByteCount = 140182
TOMMessage ByteCount = 58705408
StandardSMMessage ByteCount = 324
LCMessage ByteCount = 10
--- Measurements after 122000 ops (1000 samples) ---
Throughput = 6622.5166 operations/sec (Maximum observed: 6711.409 ops/sec)
Total latency = 2.0129688001369E7 (+/- 0) us 
Consensus latency = 3826.050529 (+/- 217) us 
Pre-consensus latency = 0.0 (+/- 0) us 
Pos-consensus latency = 2.0126552377997003E7 (+/- 0) us 
Propose latency = 1318.225597 (+/- 311) us 
Write latency = 791.5782820000001 (+/- 451) us 
Accept latency = 1716.2466499999998 (+/- 169) us 
Batch average size = NaN (+/- 0) requests
ConsensusMessage ByteCount = 140182
TOMMessage ByteCount = 58789608
StandardSMMessage ByteCount = 324
LCMessage ByteCount = 10
--- Measurements after 123000 ops (1000 samples) ---
Throughput = 5988.024 operations/sec (Maximum observed: 6711.409 ops/sec)
Total latency = 2.0261918621941E7 (+/- 0) us 
Consensus latency = 3627.9407459999998 (+/- 274) us 
Pre-consensus latency = 0.0 (+/- 0) us 
Pos-consensus latency = 2.0258867301514E7 (+/- 0) us 
Propose latency = 1016.825032 (+/- 169) us 
Write latency = 820.351076 (+/- 264) us 
Accept latency = 1790.764638 (+/- 208) us 
Batch average size = NaN (+/- 0) requests
ConsensusMessage ByteCount = 140182
TOMMessage ByteCount = 58886278
StandardSMMessage ByteCount = 324
LCMessage ByteCount = 10
--- Measurements after 124000 ops (1000 samples) ---
Throughput = 6578.9473 operations/sec (Maximum observed: 6711.409 ops/sec)
Total latency = 2.0389769870707E7 (+/- 0) us 
Consensus latency = 6670.199972 (+/- 2124) us 
Pre-consensus latency = 0.0 (+/- 0) us 
Pos-consensus latency = 2.0384324291966E7 (+/- 0) us 
Propose latency = 2550.6248450000003 (+/- 788) us 
Write latency = 2390.100632 (+/- 2403) us 
Accept latency = 1729.4744950000002 (+/- 549) us 
Batch average size = NaN (+/- 0) requests
ConsensusMessage ByteCount = 140182
TOMMessage ByteCount = 58935125
StandardSMMessage ByteCount = 324
LCMessage ByteCount = 10
--- Measurements after 125000 ops (1000 samples) ---
Throughput = 6622.5166 operations/sec (Maximum observed: 6711.409 ops/sec)
Total latency = 2.0516730328544E7 (+/- 0) us 
Consensus latency = 3861.4796349999997 (+/- 237) us 
Pre-consensus latency = 0.0 (+/- 0) us 
Pos-consensus latency = 2.05136378516E7 (+/- 0) us 
Propose latency = 1565.4888799999999 (+/- 482) us 
Write latency = 596.9805200000001 (+/- 385) us 
Accept latency = 1699.0102350000002 (+/- 143) us 
Batch average size = NaN (+/- 0) requests
ConsensusMessage ByteCount = 140182
TOMMessage ByteCount = 58963173
StandardSMMessage ByteCount = 324
LCMessage ByteCount = 10
--- Measurements after 126000 ops (1000 samples) ---
Throughput = 5847.953 operations/sec (Maximum observed: 6711.409 ops/sec)
Total latency = 2.0643424667394E7 (+/- 0) us 
Consensus latency = 3499.828934 (+/- 280) us 
Pre-consensus latency = 0.0 (+/- 0) us 
Pos-consensus latency = 2.0640508149424E7 (+/- 0) us 
Propose latency = 1082.310588 (+/- 169) us 
Write latency = 756.062459 (+/- 311) us 
Accept latency = 1661.455887 (+/- 287) us 
Batch average size = NaN (+/- 0) requests
ConsensusMessage ByteCount = 140182
TOMMessage ByteCount = 58994339
StandardSMMessage ByteCount = 324
LCMessage ByteCount = 10
--- Measurements after 127000 ops (1000 samples) ---
Throughput = 6622.5166 operations/sec (Maximum observed: 6711.409 ops/sec)
Total latency = 2.0782275524327E7 (+/- 0) us 
Consensus latency = 4097.291418 (+/- 294) us 
Pre-consensus latency = 0.0 (+/- 0) us 
Pos-consensus latency = 2.0779036099102E7 (+/- 0) us 
Propose latency = 1820.6687379999998 (+/- 428) us 
Write latency = 556.4564889999999 (+/- 349) us 
Accept latency = 1720.166191 (+/- 124) us 
Batch average size = NaN (+/- 0) requests
ConsensusMessage ByteCount = 140182
TOMMessage ByteCount = 59016169
StandardSMMessage ByteCount = 324
LCMessage ByteCount = 10
--- Measurements after 128000 ops (1000 samples) ---
Throughput = 6711.409 operations/sec (Maximum observed: 6711.409 ops/sec)
Total latency = 2.0904951301241003E7 (+/- 0) us 
Consensus latency = 3745.1315010000003 (+/- 439) us 
Pre-consensus latency = 0.0 (+/- 0) us 
Pos-consensus latency = 2.0901937940950003E7 (+/- 0) us 
Propose latency = 1583.572761 (+/- 502) us 
Write latency = 397.476888 (+/- 263) us 
Accept latency = 1764.081852 (+/- 297) us 
Batch average size = NaN (+/- 0) requests
ConsensusMessage ByteCount = 140182
TOMMessage ByteCount = 59032797
StandardSMMessage ByteCount = 324
LCMessage ByteCount = 10
--- Measurements after 129000 ops (1000 samples) ---
Throughput = 6666.6665 operations/sec (Maximum observed: 6711.409 ops/sec)
Total latency = 2.1020753475215E7 (+/- 0) us 
Consensus latency = 9615.927163 (+/- 2693) us 
Pre-consensus latency = 0.0 (+/- 0) us 
Pos-consensus latency = 2.1013542304583002E7 (+/- 0) us 
Propose latency = 7396.299152 (+/- 2990) us 
Write latency = 460.256732 (+/- 406) us 
Accept latency = 1759.3712790000002 (+/- 119) us 
Batch average size = NaN (+/- 0) requests
ConsensusMessage ByteCount = 140182
TOMMessage ByteCount = 59051504
StandardSMMessage ByteCount = 324
LCMessage ByteCount = 10
--- Measurements after 130000 ops (1000 samples) ---
Throughput = 6097.561 operations/sec (Maximum observed: 6711.409 ops/sec)
Total latency = 2.1151955665866002E7 (+/- 0) us 
Consensus latency = 8028.416188 (+/- 2099) us 
Pre-consensus latency = 0.0 (+/- 0) us 
Pos-consensus latency = 2.1145213163057E7 (+/- 0) us 
Propose latency = 3197.770758 (+/- 1153) us 
Write latency = 3063.573878 (+/- 2698) us 
Accept latency = 1767.0715519999999 (+/- 191) us 
Batch average size = NaN (+/- 0) requests
ConsensusMessage ByteCount = 140182
TOMMessage ByteCount = 59072296
StandardSMMessage ByteCount = 324
LCMessage ByteCount = 10
--- Measurements after 131000 ops (1000 samples) ---
Throughput = 6711.409 operations/sec (Maximum observed: 6711.409 ops/sec)
Total latency = 2.1282996402575E7 (+/- 0) us 
Consensus latency = 4006.831976 (+/- 621) us 
Pre-consensus latency = 0.0 (+/- 0) us 
Pos-consensus latency = 2.1279824593553003E7 (+/- 0) us 
Propose latency = 1857.752775 (+/- 530) us 
Write latency = 507.94419 (+/- 293) us 
Accept latency = 1641.1350109999998 (+/- 164) us 
Batch average size = NaN (+/- 0) requests
ConsensusMessage ByteCount = 140182
TOMMessage ByteCount = 59086856
StandardSMMessage ByteCount = 324
LCMessage ByteCount = 10
--- Measurements after 132000 ops (1000 samples) ---
Throughput = 6666.6665 operations/sec (Maximum observed: 6711.409 ops/sec)
Total latency = 2.1405056874865003E7 (+/- 0) us 
Consensus latency = 3537.079156 (+/- 359) us 
Pre-consensus latency = 0.0 (+/- 0) us 
Pos-consensus latency = 2.1402273879816003E7 (+/- 0) us 
Propose latency = 1396.927162 (+/- 263) us 
Write latency = 453.70570799999996 (+/- 258) us 
Accept latency = 1686.446286 (+/- 198) us 
Batch average size = NaN (+/- 0) requests
ConsensusMessage ByteCount = 140182
TOMMessage ByteCount = 59106616
StandardSMMessage ByteCount = 324
LCMessage ByteCount = 10
--- Measurements after 133000 ops (1000 samples) ---
Throughput = 6060.606 operations/sec (Maximum observed: 6711.409 ops/sec)
Total latency = 2.1523637153252997E7 (+/- 0) us 
Consensus latency = 5976.6488 (+/- 3195) us 
Pre-consensus latency = 0.0 (+/- 0) us 
Pos-consensus latency = 2.1518613078578E7 (+/- 0) us 
Propose latency = 2261.306303 (+/- 1332) us 
Write latency = 2026.2206 (+/- 1854) us 
Accept latency = 1689.1218970000002 (+/- 154) us 
Batch average size = NaN (+/- 0) requests
ConsensusMessage ByteCount = 140182
TOMMessage ByteCount = 59120131
StandardSMMessage ByteCount = 324
LCMessage ByteCount = 10
--- Measurements after 134000 ops (1000 samples) ---
Throughput = 6711.409 operations/sec (Maximum observed: 6711.409 ops/sec)
Total latency = 2.1576551002696E7 (+/- 0) us 
Consensus latency = 11646.148966 (+/- 625) us 
Pre-consensus latency = 0.0 (+/- 0) us 
Pos-consensus latency = 2.1567455955842998E7 (+/- 0) us 
Propose latency = 8347.252609000001 (+/- 2011) us 
Write latency = 1464.942828 (+/- 1435) us 
Accept latency = 1833.9535290000001 (+/- 49) us 
Batch average size = NaN (+/- 0) requests
ConsensusMessage ByteCount = 140182
TOMMessage ByteCount = 59127410
StandardSMMessage ByteCount = 324
LCMessage ByteCount = 10
--- Measurements after 135000 ops (1000 samples) ---
Throughput = 6711.409 operations/sec (Maximum observed: 6711.409 ops/sec)
Total latency = 2.1660890966832E7 (+/- 0) us 
Consensus latency = 11974.666119000001 (+/- 18) us 
Pre-consensus latency = 0.0 (+/- 0) us 
Pos-consensus latency = 2.1651684674816E7 (+/- 0) us 
Propose latency = 9892.119313 (+/- 306) us 
Write latency = 395.061331 (+/- 202) us 
Accept latency = 1687.4854750000002 (+/- 85) us 
Batch average size = NaN (+/- 0) requests
ConsensusMessage ByteCount = 140182
TOMMessage ByteCount = 59136769
StandardSMMessage ByteCount = 324
LCMessage ByteCount = 10
--- Measurements after 136000 ops (1000 samples) ---
Throughput = 6711.409 operations/sec (Maximum observed: 6711.409 ops/sec)
Total latency = 2.1785650530722998E7 (+/- 0) us 
Consensus latency = 11510.437703 (+/- 256) us 
Pre-consensus latency = 0.0 (+/- 0) us 
Pos-consensus latency = 2.1776736179396E7 (+/- 0) us 
Propose latency = 9569.339413000002 (+/- 258) us 
Write latency = 178.096631 (+/- 62) us 
Accept latency = 1763.001659 (+/- 64) us 
Batch average size = NaN (+/- 0) requests
ConsensusMessage ByteCount = 140182
TOMMessage ByteCount = 59157566
StandardSMMessage ByteCount = 324
LCMessage ByteCount = 10
--- Measurements after 137000 ops (1000 samples) ---
Throughput = 6097.561 operations/sec (Maximum observed: 6711.409 ops/sec)
Total latency = 2.1928689199398E7 (+/- 0) us 
Consensus latency = 11799.903871999999 (+/- 248) us 
Pre-consensus latency = 0.0 (+/- 0) us 
Pos-consensus latency = 2.1919479608131E7 (+/- 0) us 
Propose latency = 9272.836274 (+/- 90) us 
Write latency = 890.6720180000001 (+/- 432) us 
Accept latency = 1636.39558 (+/- 93) us 
Batch average size = NaN (+/- 0) requests
ConsensusMessage ByteCount = 140182
TOMMessage ByteCount = 59170045
StandardSMMessage ByteCount = 324
LCMessage ByteCount = 10
--- Measurements after 138000 ops (1000 samples) ---
Throughput = 6711.409 operations/sec (Maximum observed: 6711.409 ops/sec)
Total latency = 2.2067582103264E7 (+/- 0) us 
Consensus latency = 11562.366800000002 (+/- 234) us 
Pre-consensus latency = 0.0 (+/- 0) us 
Pos-consensus latency = 2.2058626600964002E7 (+/- 0) us 
Propose latency = 8279.46955 (+/- 579) us 
Write latency = 1636.68175 (+/- 305) us 
Accept latency = 1646.2155 (+/- 39) us 
Batch average size = NaN (+/- 0) requests
ConsensusMessage ByteCount = 140182
TOMMessage ByteCount = 59178363
StandardSMMessage ByteCount = 324
LCMessage ByteCount = 10
--- Measurements after 139000 ops (1000 samples) ---
Throughput = 6711.409 operations/sec (Maximum observed: 6711.409 ops/sec)
Total latency = 2.2201124520049E7 (+/- 0) us 
Consensus latency = 11491.749397 (+/- 48) us 
Pre-consensus latency = 0.0 (+/- 0) us 
Pos-consensus latency = 2.2192165393084E7 (+/- 0) us 
Propose latency = 9186.712267 (+/- 826) us 
Write latency = 646.923049 (+/- 769) us 
Accept latency = 1658.114081 (+/- 8) us 
Batch average size = NaN (+/- 0) requests
ConsensusMessage ByteCount = 140182
TOMMessage ByteCount = 59187719
StandardSMMessage ByteCount = 324
LCMessage ByteCount = 10
--- Measurements after 140000 ops (1000 samples) ---
Throughput = 6024.096 operations/sec (Maximum observed: 6711.409 ops/sec)
Total latency = 2.2337531269168E7 (+/- 0) us 
Consensus latency = 11457.343045 (+/- 45) us 
Pre-consensus latency = 0.0 (+/- 0) us 
Pos-consensus latency = 2.2328722157216E7 (+/- 0) us 
Propose latency = 8968.420315 (+/- 523) us 
Write latency = 809.523436 (+/- 459) us 
Accept latency = 1679.399294 (+/- 18) us 
Batch average size = NaN (+/- 0) requests
ConsensusMessage ByteCount = 140182
TOMMessage ByteCount = 59194997
StandardSMMessage ByteCount = 324
LCMessage ByteCount = 10
--- Measurements after 141000 ops (1000 samples) ---
Throughput = 6711.409 operations/sec (Maximum observed: 6711.409 ops/sec)
Total latency = 2.2485267791849E7 (+/- 0) us 
Consensus latency = 12158.909679999999 (+/- 534) us 
Pre-consensus latency = 0.0 (+/- 0) us 
Pos-consensus latency = 2.247569248781E7 (+/- 0) us 
Propose latency = 9270.204718 (+/- 483) us 
Write latency = 1240.107172 (+/- 82) us 
Accept latency = 1648.59779 (+/- 31) us 
Batch average size = NaN (+/- 0) requests
ConsensusMessage ByteCount = 140182
TOMMessage ByteCount = 59204355
StandardSMMessage ByteCount = 324
LCMessage ByteCount = 10
--- Measurements after 142000 ops (1000 samples) ---
Throughput = 6711.409 operations/sec (Maximum observed: 6711.409 ops/sec)
Total latency = 2.2618535480525002E7 (+/- 0) us 
Consensus latency = 12445.058705 (+/- 79) us 
Pre-consensus latency = 0.0 (+/- 0) us 
Pos-consensus latency = 2.2608771112435002E7 (+/- 0) us 
Propose latency = 10222.356403999998 (+/- 460) us 
Write latency = 583.597144 (+/- 550) us 
Accept latency = 1639.105157 (+/- 10) us 
Batch average size = NaN (+/- 0) requests
ConsensusMessage ByteCount = 140182
TOMMessage ByteCount = 59212673
StandardSMMessage ByteCount = 324
LCMessage ByteCount = 10
--- Measurements after 143000 ops (1000 samples) ---
Throughput = 6666.6665 operations/sec (Maximum observed: 6711.409 ops/sec)
Total latency = 2.2751237206051E7 (+/- 0) us 
Consensus latency = 11518.308035 (+/- 699) us 
Pre-consensus latency = 0.0 (+/- 0) us 
Pos-consensus latency = 2.2742400004601E7 (+/- 0) us 
Propose latency = 9684.56316 (+/- 720) us 
Write latency = 158.69494 (+/- 1) us 
Accept latency = 1675.049935 (+/- 22) us 
Batch average size = NaN (+/- 0) requests
ConsensusMessage ByteCount = 140182
TOMMessage ByteCount = 59226193
StandardSMMessage ByteCount = 324
LCMessage ByteCount = 10
--- Measurements after 144000 ops (1000 samples) ---
Throughput = 6024.096 operations/sec (Maximum observed: 6711.409 ops/sec)
Total latency = 2.2895059298462003E7 (+/- 0) us 
Consensus latency = 11311.441012 (+/- 304) us 
Pre-consensus latency = 0.0 (+/- 0) us 
Pos-consensus latency = 2.2886562025196E7 (+/- 0) us 
Propose latency = 9193.405204 (+/- 77) us 
Write latency = 605.207693 (+/- 380) us 
Accept latency = 1512.828115 (+/- 153) us 
Batch average size = NaN (+/- 0) requests
ConsensusMessage ByteCount = 140182
TOMMessage ByteCount = 59237626
StandardSMMessage ByteCount = 324
LCMessage ByteCount = 10
--- Measurements after 145000 ops (1000 samples) ---
Throughput = 6711.409 operations/sec (Maximum observed: 6711.409 ops/sec)
Total latency = 2.3035631056103002E7 (+/- 0) us 
Consensus latency = 10348.281802 (+/- 1090) us 
Pre-consensus latency = 0.0 (+/- 0) us 
Pos-consensus latency = 2.3027550007349998E7 (+/- 0) us 
Propose latency = 8225.616131 (+/- 922) us 
Write latency = 514.066839 (+/- 369) us 
Accept latency = 1608.598832 (+/- 201) us 
Batch average size = NaN (+/- 0) requests
ConsensusMessage ByteCount = 140182
TOMMessage ByteCount = 59259435
StandardSMMessage ByteCount = 324
LCMessage ByteCount = 10
--- Measurements after 146000 ops (1000 samples) ---
Throughput = 6711.409 operations/sec (Maximum observed: 6711.409 ops/sec)
Total latency = 2.3163075317484003E7 (+/- 0) us 
Consensus latency = 5811.507934 (+/- 1100) us 
Pre-consensus latency = 0.0 (+/- 0) us 
Pos-consensus latency = 2.3158486769362E7 (+/- 0) us 
Propose latency = 3809.10713 (+/- 1167) us 
Write latency = 258.243202 (+/- 395) us 
Accept latency = 1744.157602 (+/- 58) us 
Batch average size = NaN (+/- 0) requests
ConsensusMessage ByteCount = 140182
TOMMessage ByteCount = 59279154
StandardSMMessage ByteCount = 324
LCMessage ByteCount = 10
--- Measurements after 147000 ops (1000 samples) ---
Throughput = 6060.606 operations/sec (Maximum observed: 6711.409 ops/sec)
Total latency = 2.3283625157347E7 (+/- 0) us 
Consensus latency = 8448.285962 (+/- 1773) us 
Pre-consensus latency = 0.0 (+/- 0) us 
Pos-consensus latency = 2.3276669532785E7 (+/- 0) us 
Propose latency = 6096.356673 (+/- 2256) us 
Write latency = 742.274719 (+/- 472) us 
Accept latency = 1609.6545700000001 (+/- 203) us 
Batch average size = NaN (+/- 0) requests
ConsensusMessage ByteCount = 140182
TOMMessage ByteCount = 59306165
StandardSMMessage ByteCount = 324
LCMessage ByteCount = 10
--- Measurements after 148000 ops (1000 samples) ---
Throughput = 6711.409 operations/sec (Maximum observed: 6711.409 ops/sec)
Total latency = 2.3423462601598E7 (+/- 0) us 
Consensus latency = 5264.316154 (+/- 1157) us 
Pre-consensus latency = 0.0 (+/- 0) us 
Pos-consensus latency = 2.3419246133042E7 (+/- 0) us 
Propose latency = 3289.232962 (+/- 1235) us 
Write latency = 327.566818 (+/- 209) us 
Accept latency = 1647.516374 (+/- 95) us 
Batch average size = NaN (+/- 0) requests
ConsensusMessage ByteCount = 140182
TOMMessage ByteCount = 59466032
StandardSMMessage ByteCount = 324
LCMessage ByteCount = 10
--- Measurements after 149000 ops (1000 samples) ---
Throughput = 6666.6665 operations/sec (Maximum observed: 6711.409 ops/sec)
Total latency = 2.3540755627803E7 (+/- 0) us 
Consensus latency = 5621.118947 (+/- 3065) us 
Pre-consensus latency = 0.0 (+/- 0) us 
Pos-consensus latency = 2.353664967287E7 (+/- 0) us 
Propose latency = 3459.706365 (+/- 3191) us 
Write latency = 354.891412 (+/- 251) us 
Accept latency = 1806.52117 (+/- 498) us 
Batch average size = NaN (+/- 0) requests
ConsensusMessage ByteCount = 140182
TOMMessage ByteCount = 59702703
StandardSMMessage ByteCount = 324
LCMessage ByteCount = 10
--- Measurements after 150000 ops (1000 samples) ---
Throughput = 6711.409 operations/sec (Maximum observed: 6711.409 ops/sec)
Total latency = 2.3665698938056E7 (+/- 0) us 
Consensus latency = 3279.284601 (+/- 688) us 
Pre-consensus latency = 0.0 (+/- 0) us 
Pos-consensus latency = 2.366298632725E7 (+/- 0) us 
Propose latency = 1547.5936100000001 (+/- 437) us 
Write latency = 106.016868 (+/- 62) us 
Accept latency = 1625.674123 (+/- 245) us 
Batch average size = NaN (+/- 0) requests
ConsensusMessage ByteCount = 140182
TOMMessage ByteCount = 59984008
StandardSMMessage ByteCount = 324
LCMessage ByteCount = 10
--- Measurements after 151000 ops (1000 samples) ---
Throughput = 6024.096 operations/sec (Maximum observed: 6711.409 ops/sec)
Total latency = 2.3804388319949E7 (+/- 0) us 
Consensus latency = 3622.228179 (+/- 224) us 
Pre-consensus latency = 0.0 (+/- 0) us 
Pos-consensus latency = 2.3801370279432E7 (+/- 0) us 
Propose latency = 1085.478684 (+/- 140) us 
Write latency = 866.3419250000001 (+/- 251) us 
Accept latency = 1670.40757 (+/- 44) us 
Batch average size = NaN (+/- 0) requests
ConsensusMessage ByteCount = 140182
TOMMessage ByteCount = 60277833
StandardSMMessage ByteCount = 324
LCMessage ByteCount = 10
--- Measurements after 152000 ops (1000 samples) ---
Throughput = 6622.5166 operations/sec (Maximum observed: 6711.409 ops/sec)
Total latency = 2.393131969417E7 (+/- 0) us 
Consensus latency = 6148.30687 (+/- 3787) us 
Pre-consensus latency = 0.0 (+/- 0) us 
Pos-consensus latency = 2.3926029959939998E7 (+/- 0) us 
Propose latency = 2379.234472 (+/- 2520) us 
Write latency = 1793.79256 (+/- 2785) us 
Accept latency = 1975.279838 (+/- 843) us 
Batch average size = NaN (+/- 0) requests
ConsensusMessage ByteCount = 140182
TOMMessage ByteCount = 60551962
StandardSMMessage ByteCount = 324
LCMessage ByteCount = 10
--- Measurements after 153000 ops (1000 samples) ---
Throughput = 6622.5166 operations/sec (Maximum observed: 6711.409 ops/sec)
Total latency = 2.4052792014723E7 (+/- 0) us 
Consensus latency = 6188.184388000001 (+/- 2208) us 
Pre-consensus latency = 0.0 (+/- 0) us 
Pos-consensus latency = 2.4047883012451E7 (+/- 0) us 
Propose latency = 4164.118757 (+/- 2299) us 
Write latency = 483.351654 (+/- 392) us 
Accept latency = 1540.7139769999999 (+/- 150) us 
Batch average size = NaN (+/- 0) requests
ConsensusMessage ByteCount = 140182
TOMMessage ByteCount = 60817775
StandardSMMessage ByteCount = 324
LCMessage ByteCount = 10
--- Measurements after 154000 ops (1000 samples) ---
Throughput = 6024.096 operations/sec (Maximum observed: 6711.409 ops/sec)
Total latency = 2.4182821639222E7 (+/- 0) us 
Consensus latency = 3384.890268 (+/- 234) us 
Pre-consensus latency = 0.0 (+/- 0) us 
Pos-consensus latency = 2.4180084614596E7 (+/- 0) us 
Propose latency = 1446.58448 (+/- 230) us 
Write latency = 416.470408 (+/- 221) us 
Accept latency = 1521.83538 (+/- 156) us 
Batch average size = NaN (+/- 0) requests
ConsensusMessage ByteCount = 140182
TOMMessage ByteCount = 61085720
StandardSMMessage ByteCount = 324
LCMessage ByteCount = 10
--- Measurements after 155000 ops (1000 samples) ---
Throughput = 6711.409 operations/sec (Maximum observed: 6711.409 ops/sec)
Total latency = 2.4316341937937E7 (+/- 0) us 
Consensus latency = 3360.619918 (+/- 174) us 
Pre-consensus latency = 0.0 (+/- 0) us 
Pos-consensus latency = 2.4313611140164003E7 (+/- 0) us 
Propose latency = 1083.9544099999998 (+/- 123) us 
Write latency = 723.6646559999999 (+/- 247) us 
Accept latency = 1553.000852 (+/- 59) us 
Batch average size = NaN (+/- 0) requests
ConsensusMessage ByteCount = 140182
TOMMessage ByteCount = 61343302
StandardSMMessage ByteCount = 324
LCMessage ByteCount = 10
--- Measurements after 156000 ops (1000 samples) ---
Throughput = 6711.409 operations/sec (Maximum observed: 6711.409 ops/sec)
Total latency = 2.4437938318653E7 (+/- 0) us 
Consensus latency = 3323.942676 (+/- 205) us 
Pre-consensus latency = 0.0 (+/- 0) us 
Pos-consensus latency = 2.4435300673834E7 (+/- 0) us 
Propose latency = 1319.3257520000002 (+/- 413) us 
Write latency = 402.508013 (+/- 343) us 
Accept latency = 1602.108911 (+/- 187) us 
Batch average size = NaN (+/- 0) requests
ConsensusMessage ByteCount = 140182
TOMMessage ByteCount = 61643509
StandardSMMessage ByteCount = 324
LCMessage ByteCount = 10
--- Measurements after 157000 ops (1000 samples) ---
Throughput = 6666.6665 operations/sec (Maximum observed: 6711.409 ops/sec)
Total latency = 2.4559800285008E7 (+/- 0) us 
Consensus latency = 3183.380615 (+/- 325) us 
Pre-consensus latency = 0.0 (+/- 0) us 
Pos-consensus latency = 2.4557206540441003E7 (+/- 0) us 
Propose latency = 1030.831213 (+/- 238) us 
Write latency = 584.6926 (+/- 360) us 
Accept latency = 1567.856802 (+/- 194) us 
Batch average size = NaN (+/- 0) requests
ConsensusMessage ByteCount = 140182
TOMMessage ByteCount = 61852309
StandardSMMessage ByteCount = 324
LCMessage ByteCount = 10
--- Measurements after 158000 ops (1000 samples) ---
Throughput = 5780.3467 operations/sec (Maximum observed: 6711.409 ops/sec)
Total latency = 2.4695115550242E7 (+/- 0) us 
Consensus latency = 8065.299188 (+/- 5899) us 
Pre-consensus latency = 0.0 (+/- 0) us 
Pos-consensus latency = 2.4688104089285E7 (+/- 0) us 
Propose latency = 5938.326861 (+/- 5913) us 
Write latency = 482.920295 (+/- 230) us 
Accept latency = 1644.0520319999998 (+/- 191) us 
Batch average size = NaN (+/- 0) requests
ConsensusMessage ByteCount = 140182
TOMMessage ByteCount = 62037315
StandardSMMessage ByteCount = 324
LCMessage ByteCount = 10
--- Measurements after 159000 ops (1000 samples) ---
Throughput = 6711.409 operations/sec (Maximum observed: 6711.409 ops/sec)
Total latency = 2.4820272530455E7 (+/- 0) us 
Consensus latency = 8250.67532 (+/- 4047) us 
Pre-consensus latency = 0.0 (+/- 0) us 
Pos-consensus latency = 2.4813520161163E7 (+/- 0) us 
Propose latency = 6505.120610999999 (+/- 3842) us 
Write latency = 215.328236 (+/- 45) us 
Accept latency = 1530.226473 (+/- 173) us 
Batch average size = NaN (+/- 0) requests
ConsensusMessage ByteCount = 140182
TOMMessage ByteCount = 62195313
StandardSMMessage ByteCount = 324
LCMessage ByteCount = 10
--- Measurements after 160000 ops (1000 samples) ---
Throughput = 6711.409 operations/sec (Maximum observed: 6711.409 ops/sec)
Total latency = 2.4949146025699E7 (+/- 0) us 
Consensus latency = 3413.5480669999997 (+/- 478) us 
Pre-consensus latency = 0.0 (+/- 0) us 
Pos-consensus latency = 2.4946507695681E7 (+/- 0) us 
Propose latency = 1419.119311 (+/- 631) us 
Write latency = 327.888956 (+/- 215) us 
Accept latency = 1666.5398 (+/- 172) us 
Batch average size = NaN (+/- 0) requests
ConsensusMessage ByteCount = 140182
TOMMessage ByteCount = 62273292
StandardSMMessage ByteCount = 324
LCMessage ByteCount = 10
--- Measurements after 161000 ops (1000 samples) ---
Throughput = 5747.1265 operations/sec (Maximum observed: 6711.409 ops/sec)
Total latency = 2.5080191885127E7 (+/- 0) us 
Consensus latency = 3716.497346 (+/- 389) us 
Pre-consensus latency = 0.0 (+/- 0) us 
Pos-consensus latency = 2.5077167616291E7 (+/- 0) us 
Propose latency = 1136.7771440000001 (+/- 51) us 
Write latency = 916.724792 (+/- 420) us 
Accept latency = 1662.99541 (+/- 109) us 
Batch average size = NaN (+/- 0) requests
ConsensusMessage ByteCount = 140182
TOMMessage ByteCount = 62489536
StandardSMMessage ByteCount = 324
LCMessage ByteCount = 10
--- Measurements after 162000 ops (1000 samples) ---
Throughput = 6711.409 operations/sec (Maximum observed: 6711.409 ops/sec)
Total latency = 2.5215347157986E7 (+/- 0) us 
Consensus latency = 7203.003501 (+/- 2680) us 
Pre-consensus latency = 0.0 (+/- 0) us 
Pos-consensus latency = 2.5209012504499E7 (+/- 0) us 
Propose latency = 2041.828266 (+/- 876) us 
Write latency = 3490.72541 (+/- 2672) us 
Accept latency = 1670.449825 (+/- 102) us 
Batch average size = NaN (+/- 0) requests
ConsensusMessage ByteCount = 140182
TOMMessage ByteCount = 62637172
StandardSMMessage ByteCount = 324
LCMessage ByteCount = 10
--- Measurements after 163000 ops (1000 samples) ---
Throughput = 6711.409 operations/sec (Maximum observed: 6711.409 ops/sec)
Total latency = 2.5338137037694998E7 (+/- 0) us 
Consensus latency = 3710.570891 (+/- 552) us 
Pre-consensus latency = 0.0 (+/- 0) us 
Pos-consensus latency = 2.5335207102687E7 (+/- 0) us 
Propose latency = 1537.491054 (+/- 672) us 
Write latency = 564.24723 (+/- 350) us 
Accept latency = 1608.832607 (+/- 169) us 
Batch average size = NaN (+/- 0) requests
ConsensusMessage ByteCount = 140182
TOMMessage ByteCount = 62793140
StandardSMMessage ByteCount = 324
LCMessage ByteCount = 10
--- Measurements after 164000 ops (1000 samples) ---
Throughput = 6711.409 operations/sec (Maximum observed: 6711.409 ops/sec)
Total latency = 2.5461248555611998E7 (+/- 0) us 
Consensus latency = 3168.1114 (+/- 218) us 
Pre-consensus latency = 0.0 (+/- 0) us 
Pos-consensus latency = 2.5458694264794E7 (+/- 0) us 
Propose latency = 1144.064459 (+/- 215) us 
Write latency = 450.257144 (+/- 291) us 
Accept latency = 1573.789797 (+/- 50) us 
Batch average size = NaN (+/- 0) requests
ConsensusMessage ByteCount = 140182
TOMMessage ByteCount = 62977181
StandardSMMessage ByteCount = 324
LCMessage ByteCount = 10
--- Measurements after 165000 ops (1000 samples) ---
Throughput = 5813.9536 operations/sec (Maximum observed: 6711.409 ops/sec)
Total latency = 2.5602433898629002E7 (+/- 0) us 
Consensus latency = 3386.833203 (+/- 277) us 
Pre-consensus latency = 0.0 (+/- 0) us 
Pos-consensus latency = 2.5599791067137E7 (+/- 0) us 
Propose latency = 1419.6085589999998 (+/- 328) us 
Write latency = 427.176807 (+/- 241) us 
Accept latency = 1540.047837 (+/- 71) us 
Batch average size = NaN (+/- 0) requests
ConsensusMessage ByteCount = 140182
TOMMessage ByteCount = 63131057
StandardSMMessage ByteCount = 324
LCMessage ByteCount = 10
--- Measurements after 166000 ops (1000 samples) ---
Throughput = 6666.6665 operations/sec (Maximum observed: 6711.409 ops/sec)
Total latency = 2.5726854614206E7 (+/- 0) us 
Consensus latency = 3432.0912439999997 (+/- 413) us 
Pre-consensus latency = 0.0 (+/- 0) us 
Pos-consensus latency = 2.5724035076789003E7 (+/- 0) us 
Propose latency = 1251.445113 (+/- 454) us 
Write latency = 481.8172 (+/- 225) us 
Accept latency = 1698.828931 (+/- 174) us 
Batch average size = NaN (+/- 0) requests
ConsensusMessage ByteCount = 140182
TOMMessage ByteCount = 63270390
StandardSMMessage ByteCount = 324
LCMessage ByteCount = 10
--- Measurements after 167000 ops (1000 samples) ---
Throughput = 6666.6665 operations/sec (Maximum observed: 6711.409 ops/sec)
Total latency = 2.5849005377643E7 (+/- 0) us 
Consensus latency = 3308.270459 (+/- 240) us 
Pre-consensus latency = 0.0 (+/- 0) us 
Pos-consensus latency = 2.58462143815E7 (+/- 0) us 
Propose latency = 981.0313610000001 (+/- 216) us 
Write latency = 559.558629 (+/- 233) us 
Accept latency = 1767.6804690000001 (+/- 346) us 
Batch average size = NaN (+/- 0) requests
ConsensusMessage ByteCount = 140182
TOMMessage ByteCount = 63443016
StandardSMMessage ByteCount = 324
LCMessage ByteCount = 10
--- Measurements after 168000 ops (1000 samples) ---
Throughput = 5847.953 operations/sec (Maximum observed: 6711.409 ops/sec)
Total latency = 2.5978843500722E7 (+/- 0) us 
Consensus latency = 3862.494947 (+/- 1624) us 
Pre-consensus latency = 0.0 (+/- 0) us 
Pos-consensus latency = 2.5975615332004003E7 (+/- 0) us 
Propose latency = 1889.2483359999999 (+/- 1753) us 
Write latency = 416.971881 (+/- 366) us 
Accept latency = 1556.27473 (+/- 60) us 
Batch average size = NaN (+/- 0) requests
ConsensusMessage ByteCount = 140182
TOMMessage ByteCount = 63631233
StandardSMMessage ByteCount = 324
LCMessage ByteCount = 10
--- Measurements after 169000 ops (1000 samples) ---
Throughput = 6666.6665 operations/sec (Maximum observed: 6711.409 ops/sec)
Total latency = 2.610806635511E7 (+/- 0) us 
Consensus latency = 4990.616273 (+/- 2062) us 
Pre-consensus latency = 0.0 (+/- 0) us 
Pos-consensus latency = 2.6104813958898E7 (+/- 0) us 
Propose latency = 3133.528276 (+/- 2193) us 
Write latency = 192.51835699999998 (+/- 100) us 
Accept latency = 1664.56964 (+/- 168) us 
Batch average size = NaN (+/- 0) requests
ConsensusMessage ByteCount = 140182
TOMMessage ByteCount = 63749770
StandardSMMessage ByteCount = 324
LCMessage ByteCount = 10
--- Measurements after 170000 ops (1000 samples) ---
Throughput = 6666.6665 operations/sec (Maximum observed: 6711.409 ops/sec)
Total latency = 2.6231681096722998E7 (+/- 0) us 
Consensus latency = 4416.083135 (+/- 403) us 
Pre-consensus latency = 0.0 (+/- 0) us 
Pos-consensus latency = 2.6228304569551997E7 (+/- 0) us 
Propose latency = 2422.30296 (+/- 526) us 
Write latency = 312.513397 (+/- 275) us 
Accept latency = 1681.266778 (+/- 102) us 
Batch average size = NaN (+/- 0) requests
ConsensusMessage ByteCount = 140182
TOMMessage ByteCount = 63895348
StandardSMMessage ByteCount = 324
LCMessage ByteCount = 10
--- Measurements after 171000 ops (1000 samples) ---
Throughput = 6666.6665 operations/sec (Maximum observed: 6711.409 ops/sec)
Total latency = 2.6356487176965002E7 (+/- 0) us 
Consensus latency = 3764.514312 (+/- 444) us 
Pre-consensus latency = 0.0 (+/- 0) us 
Pos-consensus latency = 2.6353479322286E7 (+/- 0) us 
Propose latency = 1631.3671299999999 (+/- 429) us 
Write latency = 474.08481900000004 (+/- 306) us 
Accept latency = 1659.062363 (+/- 272) us 
Batch average size = NaN (+/- 0) requests
ConsensusMessage ByteCount = 140182
TOMMessage ByteCount = 64096033
StandardSMMessage ByteCount = 324
LCMessage ByteCount = 10
--- Measurements after 172000 ops (1000 samples) ---
Throughput = 5917.1597 operations/sec (Maximum observed: 6711.409 ops/sec)
Total latency = 2.6492807166507E7 (+/- 0) us 
Consensus latency = 9542.201949999999 (+/- 3233) us 
Pre-consensus latency = 0.0 (+/- 0) us 
Pos-consensus latency = 2.6484786039022E7 (+/- 0) us 
Propose latency = 4061.0831000000003 (+/- 1117) us 
Write latency = 3832.375069 (+/- 3942) us 
Accept latency = 1648.743781 (+/- 129) us 
Batch average size = NaN (+/- 0) requests
ConsensusMessage ByteCount = 140182
TOMMessage ByteCount = 64377829
StandardSMMessage ByteCount = 324
LCMessage ByteCount = 10
--- Measurements after 173000 ops (1000 samples) ---
Throughput = 6711.409 operations/sec (Maximum observed: 6711.409 ops/sec)
Total latency = 2.6618759548797E7 (+/- 0) us 
Consensus latency = 4919.567274 (+/- 1400) us 
Pre-consensus latency = 0.0 (+/- 0) us 
Pos-consensus latency = 2.6614729385731E7 (+/- 0) us 
Propose latency = 3060.104684 (+/- 1518) us 
Write latency = 280.152592 (+/- 253) us 
Accept latency = 1579.309998 (+/- 40) us 
Batch average size = NaN (+/- 0) requests
ConsensusMessage ByteCount = 140182
TOMMessage ByteCount = 64599302
StandardSMMessage ByteCount = 324
LCMessage ByteCount = 10
--- Measurements after 174000 ops (1000 samples) ---
Throughput = 6622.5166 operations/sec (Maximum observed: 6711.409 ops/sec)
Total latency = 2.6742121371094003E7 (+/- 0) us 
Consensus latency = 3414.455015 (+/- 257) us 
Pre-consensus latency = 0.0 (+/- 0) us 
Pos-consensus latency = 2.6739421223950002E7 (+/- 0) us 
Propose latency = 1144.863345 (+/- 143) us 
Write latency = 826.156311 (+/- 155) us 
Accept latency = 1443.4353589999998 (+/- 286) us 
Batch average size = NaN (+/- 0) requests
ConsensusMessage ByteCount = 140182
TOMMessage ByteCount = 64762564
StandardSMMessage ByteCount = 324
LCMessage ByteCount = 10
--- Measurements after 175000 ops (1000 samples) ---
Throughput = 6097.561 operations/sec (Maximum observed: 6711.409 ops/sec)
Total latency = 2.6871092861300997E7 (+/- 0) us 
Consensus latency = 3464.088079 (+/- 350) us 
Pre-consensus latency = 0.0 (+/- 0) us 
Pos-consensus latency = 2.6868265747741003E7 (+/- 0) us 
Propose latency = 1220.973989 (+/- 513) us 
Write latency = 662.7452900000001 (+/- 427) us 
Accept latency = 1580.3688 (+/- 199) us 
Batch average size = NaN (+/- 0) requests
ConsensusMessage ByteCount = 140182
TOMMessage ByteCount = 64916459
StandardSMMessage ByteCount = 324
LCMessage ByteCount = 10
--- Measurements after 176000 ops (1000 samples) ---
Throughput = 6666.6665 operations/sec (Maximum observed: 6711.409 ops/sec)
Total latency = 2.7000583677764E7 (+/- 0) us 
Consensus latency = 3613.505325 (+/- 195) us 
Pre-consensus latency = 0.0 (+/- 0) us 
Pos-consensus latency = 2.6997716182822E7 (+/- 0) us 
Propose latency = 1412.999665 (+/- 425) us 
Write latency = 488.60571500000003 (+/- 404) us 
Accept latency = 1711.8999450000001 (+/- 235) us 
Batch average size = NaN (+/- 0) requests
ConsensusMessage ByteCount = 140182
TOMMessage ByteCount = 65044346
StandardSMMessage ByteCount = 324
LCMessage ByteCount = 10
--- Measurements after 177000 ops (1000 samples) ---
Throughput = 6666.6665 operations/sec (Maximum observed: 6711.409 ops/sec)
Total latency = 2.7124663449861E7 (+/- 0) us 
Consensus latency = 3368.4758960000004 (+/- 263) us 
Pre-consensus latency = 0.0 (+/- 0) us 
Pos-consensus latency = 2.7121981951473E7 (+/- 0) us 
Propose latency = 1391.294914 (+/- 375) us 
Write latency = 267.736697 (+/- 197) us 
Accept latency = 1709.4442849999998 (+/- 248) us 
Batch average size = NaN (+/- 0) requests
ConsensusMessage ByteCount = 140182
TOMMessage ByteCount = 65268941
StandardSMMessage ByteCount = 324
LCMessage ByteCount = 10
--- Measurements after 178000 ops (1000 samples) ---
Throughput = 6134.969 operations/sec (Maximum observed: 6711.409 ops/sec)
Total latency = 2.7243025020933997E7 (+/- 0) us 
Consensus latency = 5027.755674 (+/- 2538) us 
Pre-consensus latency = 0.0 (+/- 0) us 
Pos-consensus latency = 2.7238878139927E7 (+/- 0) us 
Propose latency = 2847.02132 (+/- 2703) us 
Write latency = 565.959589 (+/- 316) us 
Accept latency = 1614.774765 (+/- 93) us 
Batch average size = NaN (+/- 0) requests
ConsensusMessage ByteCount = 140182
TOMMessage ByteCount = 65561893
StandardSMMessage ByteCount = 324
LCMessage ByteCount = 10
--- Measurements after 179000 ops (1000 samples) ---
Throughput = 6711.409 operations/sec (Maximum observed: 6711.409 ops/sec)
Total latency = 2.7369037410035998E7 (+/- 0) us 
Consensus latency = 4062.799622 (+/- 1475) us 
Pre-consensus latency = 0.0 (+/- 0) us 
Pos-consensus latency = 2.7365709497775003E7 (+/- 0) us 
Propose latency = 2300.612706 (+/- 1362) us 
Write latency = 118.941144 (+/- 25) us 
Accept latency = 1643.2457720000002 (+/- 148) us 
Batch average size = NaN (+/- 0) requests
ConsensusMessage ByteCount = 140182
TOMMessage ByteCount = 65790243
StandardSMMessage ByteCount = 324
LCMessage ByteCount = 10
--- Measurements after 180000 ops (1000 samples) ---
Throughput = 6666.6665 operations/sec (Maximum observed: 6711.409 ops/sec)
Total latency = 2.7494893491462003E7 (+/- 0) us 
Consensus latency = 4458.708936 (+/- 1794) us 
Pre-consensus latency = 0.0 (+/- 0) us 
Pos-consensus latency = 2.749149298409E7 (+/- 0) us 
Propose latency = 2107.368327 (+/- 735) us 
Write latency = 833.257391 (+/- 1128) us 
Accept latency = 1518.0832180000002 (+/- 77) us 
Batch average size = NaN (+/- 0) requests
ConsensusMessage ByteCount = 140182
TOMMessage ByteCount = 66040403
StandardSMMessage ByteCount = 324
LCMessage ByteCount = 10
--- Measurements after 181000 ops (1000 samples) ---
Throughput = 6711.409 operations/sec (Maximum observed: 6711.409 ops/sec)
Total latency = 2.761886853429E7 (+/- 0) us 
Consensus latency = 9076.429779 (+/- 4483) us 
Pre-consensus latency = 0.0 (+/- 0) us 
Pos-consensus latency = 2.7611171911887E7 (+/- 0) us 
Propose latency = 3450.9620809999997 (+/- 2219) us 
Write latency = 4011.5590129999996 (+/- 4912) us 
Accept latency = 1613.908685 (+/- 151) us 
Batch average size = NaN (+/- 0) requests
ConsensusMessage ByteCount = 140182
TOMMessage ByteCount = 66233716
StandardSMMessage ByteCount = 324
LCMessage ByteCount = 10
--- Measurements after 182000 ops (1000 samples) ---
Throughput = 5050.505 operations/sec (Maximum observed: 6711.409 ops/sec)
Total latency = 2.7756087636961E7 (+/- 0) us 
Consensus latency = 8377.347646 (+/- 2958) us 
Pre-consensus latency = 0.0 (+/- 0) us 
Pos-consensus latency = 2.7749307499018002E7 (+/- 0) us 
Propose latency = 6473.403531999999 (+/- 2894) us 
Write latency = 130.348615 (+/- 4) us 
Accept latency = 1773.595499 (+/- 66) us 
Batch average size = NaN (+/- 0) requests
ConsensusMessage ByteCount = 140182
TOMMessage ByteCount = 66448958
StandardSMMessage ByteCount = 324
LCMessage ByteCount = 10
--- Measurements after 183000 ops (1000 samples) ---
Throughput = 4716.981 operations/sec (Maximum observed: 6711.409 ops/sec)
Total latency = 2.7944904857331E7 (+/- 0) us 
Consensus latency = 3901.777502 (+/- 471) us 
Pre-consensus latency = 0.0 (+/- 0) us 
Pos-consensus latency = 2.7941883280923E7 (+/- 0) us 
Propose latency = 1897.53864 (+/- 547) us 
Write latency = 325.330532 (+/- 224) us 
Accept latency = 1678.90833 (+/- 72) us 
Batch average size = NaN (+/- 0) requests
ConsensusMessage ByteCount = 140182
TOMMessage ByteCount = 66618463
StandardSMMessage ByteCount = 324
LCMessage ByteCount = 10
--- Measurements after 184000 ops (1000 samples) ---
Throughput = 4761.905 operations/sec (Maximum observed: 6711.409 ops/sec)
Total latency = 2.8129902739910997E7 (+/- 0) us 
Consensus latency = 3584.438855 (+/- 217) us 
Pre-consensus latency = 0.0 (+/- 0) us 
Pos-consensus latency = 2.8126990851832002E7 (+/- 0) us 
Propose latency = 1242.307189 (+/- 250) us 
Write latency = 754.767243 (+/- 377) us 
Accept latency = 1587.364423 (+/- 105) us 
Batch average size = NaN (+/- 0) requests
ConsensusMessage ByteCount = 140182
TOMMessage ByteCount = 66828501
StandardSMMessage ByteCount = 324
LCMessage ByteCount = 10
--- Measurements after 185000 ops (1000 samples) ---
Throughput = 4273.5044 operations/sec (Maximum observed: 6711.409 ops/sec)
Total latency = 2.8315813890926998E7 (+/- 0) us 
Consensus latency = 3382.056742 (+/- 276) us 
Pre-consensus latency = 0.0 (+/- 0) us 
Pos-consensus latency = 2.8313153923696E7 (+/- 0) us 
Propose latency = 1244.616562 (+/- 142) us 
Write latency = 538.427917 (+/- 330) us 
Accept latency = 1599.012263 (+/- 83) us 
Batch average size = NaN (+/- 0) requests
ConsensusMessage ByteCount = 140182
TOMMessage ByteCount = 67028149
StandardSMMessage ByteCount = 324
LCMessage ByteCount = 10
--- Measurements after 186000 ops (1000 samples) ---
Throughput = 6802.721 operations/sec (Maximum observed: 6802.721 ops/sec)
Total latency = 2.8486562407491002E7 (+/- 0) us 
Consensus latency = 3378.994277 (+/- 161) us 
Pre-consensus latency = 0.0 (+/- 0) us 
Pos-consensus latency = 2.8483785975719E7 (+/- 0) us 
Propose latency = 1064.710588 (+/- 130) us 
Write latency = 632.524941 (+/- 299) us 
Accept latency = 1681.758748 (+/- 102) us 
Batch average size = NaN (+/- 0) requests
ConsensusMessage ByteCount = 140182
TOMMessage ByteCount = 67130052
StandardSMMessage ByteCount = 324
LCMessage ByteCount = 10
--- Measurements after 187000 ops (1000 samples) ---
Throughput = 6711.409 operations/sec (Maximum observed: 6802.721 ops/sec)
Total latency = 2.8606839380466E7 (+/- 0) us 
Consensus latency = 3446.9603709999997 (+/- 215) us 
Pre-consensus latency = 0.0 (+/- 0) us 
Pos-consensus latency = 2.8604036458414003E7 (+/- 0) us 
Propose latency = 1175.8224420000001 (+/- 127) us 
Write latency = 561.333784 (+/- 391) us 
Accept latency = 1709.804145 (+/- 162) us 
Batch average size = NaN (+/- 0) requests
ConsensusMessage ByteCount = 140182
TOMMessage ByteCount = 67310986
StandardSMMessage ByteCount = 324
LCMessage ByteCount = 10
--- Measurements after 188000 ops (1000 samples) ---
Throughput = 6711.409 operations/sec (Maximum observed: 6802.721 ops/sec)
Total latency = 2.8723886478034E7 (+/- 0) us 
Consensus latency = 5388.852678 (+/- 2480) us 
Pre-consensus latency = 0.0 (+/- 0) us 
Pos-consensus latency = 2.871954780221E7 (+/- 0) us 
Propose latency = 3315.694828 (+/- 2722) us 
Write latency = 440.818958 (+/- 541) us 
Accept latency = 1632.338892 (+/- 167) us 
Batch average size = NaN (+/- 0) requests
ConsensusMessage ByteCount = 140182
TOMMessage ByteCount = 67494014
StandardSMMessage ByteCount = 324
LCMessage ByteCount = 10
--- Measurements after 189000 ops (1000 samples) ---
Throughput = 6024.096 operations/sec (Maximum observed: 6802.721 ops/sec)
Total latency = 2.8859054291144002E7 (+/- 0) us 
Consensus latency = 3345.052384 (+/- 284) us 
Pre-consensus latency = 0.0 (+/- 0) us 
Pos-consensus latency = 2.8856369594236E7 (+/- 0) us 
Propose latency = 1314.77414 (+/- 327) us 
Write latency = 316.209407 (+/- 243) us 
Accept latency = 1714.068837 (+/- 100) us 
Batch average size = NaN (+/- 0) requests
ConsensusMessage ByteCount = 140182
TOMMessage ByteCount = 67652073
StandardSMMessage ByteCount = 324
LCMessage ByteCount = 10
--- Measurements after 190000 ops (1000 samples) ---
Throughput = 6711.409 operations/sec (Maximum observed: 6802.721 ops/sec)
Total latency = 2.8987063167922E7 (+/- 0) us 
Consensus latency = 3451.876071 (+/- 344) us 
Pre-consensus latency = 0.0 (+/- 0) us 
Pos-consensus latency = 2.8984262952905998E7 (+/- 0) us 
Propose latency = 1511.834399 (+/- 495) us 
Write latency = 357.14117 (+/- 426) us 
Accept latency = 1582.9005020000002 (+/- 177) us 
Batch average size = NaN (+/- 0) requests
ConsensusMessage ByteCount = 140182
TOMMessage ByteCount = 67769584
StandardSMMessage ByteCount = 324
LCMessage ByteCount = 10
--- Measurements after 191000 ops (1000 samples) ---
Throughput = 6666.6665 operations/sec (Maximum observed: 6802.721 ops/sec)
Total latency = 2.9103548574736E7 (+/- 0) us 
Consensus latency = 9024.199735999999 (+/- 4040) us 
Pre-consensus latency = 0.0 (+/- 0) us 
Pos-consensus latency = 2.9095861071096E7 (+/- 0) us 
Propose latency = 4978.586077999999 (+/- 3380) us 
Write latency = 1867.067892 (+/- 3623) us 
Accept latency = 2178.5457659999997 (+/- 948) us 
Batch average size = NaN (+/- 0) requests
ConsensusMessage ByteCount = 140182
TOMMessage ByteCount = 67933879
StandardSMMessage ByteCount = 324
LCMessage ByteCount = 10
--- Measurements after 192000 ops (1000 samples) ---
Throughput = 6097.561 operations/sec (Maximum observed: 6802.721 ops/sec)
Total latency = 2.9231475364834E7 (+/- 0) us 
Consensus latency = 4928.813281000001 (+/- 1511) us 
Pre-consensus latency = 0.0 (+/- 0) us 
Pos-consensus latency = 2.9227650062567003E7 (+/- 0) us 
Propose latency = 2959.9468220000003 (+/- 1585) us 
Write latency = 210.097904 (+/- 157) us 
Accept latency = 1758.7685549999999 (+/- 149) us 
Batch average size = NaN (+/- 0) requests
ConsensusMessage ByteCount = 140182
TOMMessage ByteCount = 68185544
StandardSMMessage ByteCount = 324
LCMessage ByteCount = 10
--- Measurements after 193000 ops (1000 samples) ---
Throughput = 6711.409 operations/sec (Maximum observed: 6802.721 ops/sec)
Total latency = 2.9365596302054E7 (+/- 0) us 
Consensus latency = 3148.8708300000003 (+/- 203) us 
Pre-consensus latency = 0.0 (+/- 0) us 
Pos-consensus latency = 2.9363034280311E7 (+/- 0) us 
Propose latency = 1120.148874 (+/- 266) us 
Write latency = 503.54962 (+/- 291) us 
Accept latency = 1525.1723359999999 (+/- 179) us 
Batch average size = NaN (+/- 0) requests
ConsensusMessage ByteCount = 140182
TOMMessage ByteCount = 68404968
StandardSMMessage ByteCount = 324
LCMessage ByteCount = 10
--- Measurements after 194000 ops (1000 samples) ---
Throughput = 6666.6665 operations/sec (Maximum observed: 6802.721 ops/sec)
Total latency = 2.9486076259503E7 (+/- 0) us 
Consensus latency = 3384.0018790000004 (+/- 294) us 
Pre-consensus latency = 0.0 (+/- 0) us 
Pos-consensus latency = 2.9483334465597E7 (+/- 0) us 
Propose latency = 1176.284098 (+/- 334) us 
Write latency = 586.325392 (+/- 256) us 
Accept latency = 1621.3923889999999 (+/- 210) us 
Batch average size = NaN (+/- 0) requests
ConsensusMessage ByteCount = 140182
TOMMessage ByteCount = 68655589
StandardSMMessage ByteCount = 324
LCMessage ByteCount = 10
--- Measurements after 195000 ops (1000 samples) ---
Throughput = 6060.606 operations/sec (Maximum observed: 6802.721 ops/sec)
Total latency = 2.96077368245E7 (+/- 0) us 
Consensus latency = 3281.925236 (+/- 237) us 
Pre-consensus latency = 0.0 (+/- 0) us 
Pos-consensus latency = 2.9605005510243E7 (+/- 0) us 
Propose latency = 906.741053 (+/- 162) us 
Write latency = 794.676405 (+/- 301) us 
Accept latency = 1580.507778 (+/- 152) us 
Batch average size = NaN (+/- 0) requests
ConsensusMessage ByteCount = 140182
TOMMessage ByteCount = 69006045
StandardSMMessage ByteCount = 324
LCMessage ByteCount = 10
--- Measurements after 196000 ops (1000 samples) ---
Throughput = 6711.409 operations/sec (Maximum observed: 6802.721 ops/sec)
Total latency = 2.9743283225571E7 (+/- 0) us 
Consensus latency = 3128.265044 (+/- 201) us 
Pre-consensus latency = 0.0 (+/- 0) us 
Pos-consensus latency = 2.9740704148293E7 (+/- 0) us 
Propose latency = 861.839412 (+/- 186) us 
Write latency = 717.802922 (+/- 214) us 
Accept latency = 1548.6227099999999 (+/- 150) us 
Batch average size = NaN (+/- 0) requests
ConsensusMessage ByteCount = 140182
TOMMessage ByteCount = 69368980
StandardSMMessage ByteCount = 324
LCMessage ByteCount = 10
--- Measurements after 197000 ops (1000 samples) ---
Throughput = 6711.409 operations/sec (Maximum observed: 6802.721 ops/sec)
Total latency = 2.9860733673582003E7 (+/- 0) us 
Consensus latency = 3346.107326 (+/- 1350) us 
Pre-consensus latency = 0.0 (+/- 0) us 
Pos-consensus latency = 2.9858359533827E7 (+/- 0) us 
Propose latency = 1327.696348 (+/- 1472) us 
Write latency = 552.899724 (+/- 358) us 
Accept latency = 1465.511254 (+/- 116) us 
Batch average size = NaN (+/- 0) requests
ConsensusMessage ByteCount = 140182
TOMMessage ByteCount = 69624802
StandardSMMessage ByteCount = 324
LCMessage ByteCount = 10
--- Measurements after 198000 ops (1000 samples) ---
Throughput = 6666.6665 operations/sec (Maximum observed: 6802.721 ops/sec)
Total latency = 2.9977235764263E7 (+/- 0) us 
Consensus latency = 2411.100854 (+/- 290) us 
Pre-consensus latency = 0.0 (+/- 0) us 
Pos-consensus latency = 2.9975115325425997E7 (+/- 0) us 
Propose latency = 502.838369 (+/- 109) us 
Write latency = 385.532691 (+/- 271) us 
Accept latency = 1522.729794 (+/- 119) us 
Batch average size = NaN (+/- 0) requests
ConsensusMessage ByteCount = 140182
TOMMessage ByteCount = 69923260
StandardSMMessage ByteCount = 324
LCMessage ByteCount = 10
--- Measurements after 199000 ops (1000 samples) ---
Throughput = 6060.606 operations/sec (Maximum observed: 6802.721 ops/sec)
Total latency = 3.0098653331777E7 (+/- 0) us 
Consensus latency = 2410.490244 (+/- 238) us 
Pre-consensus latency = 0.0 (+/- 0) us 
Pos-consensus latency = 3.0096486533904E7 (+/- 0) us 
Propose latency = 381.35521 (+/- 81) us 
Write latency = 492.485721 (+/- 291) us 
Accept latency = 1536.6493130000001 (+/- 173) us 
Batch average size = NaN (+/- 0) requests
ConsensusMessage ByteCount = 140182
TOMMessage ByteCount = 70266434
StandardSMMessage ByteCount = 324
LCMessage ByteCount = 10
--- Measurements after 200000 ops (1000 samples) ---
Throughput = 6711.409 operations/sec (Maximum observed: 6802.721 ops/sec)
Total latency = 3.0171071719921E7 (+/- 0) us 
Consensus latency = 2612.097148 (+/- 1279) us 
Pre-consensus latency = 0.0 (+/- 0) us 
Pos-consensus latency = 3.0168646479589E7 (+/- 0) us 
Propose latency = 310.737119 (+/- 105) us 
Write latency = 831.326252 (+/- 1290) us 
Accept latency = 1470.033777 (+/- 118) us 
Batch average size = NaN (+/- 0) requests
ConsensusMessage ByteCount = 140182
TOMMessage ByteCount = 70543062
StandardSMMessage ByteCount = 324
LCMessage ByteCount = 10
-- 
---------- DEBUG INFO ----------

Current time: 09:57:32.772
Current leader: 0
Current regency: 0

Last finished consensus: 708

	 -- Consensus state: 

		ETS=0 
		WriteSet=[[0 :: EVMS8I08lV+cs0jp3uF5BzsqL40OoleEDzQFa4++nKI=]] 
		(VAL,TS)=[0 :: EVMS8I08lV+cs0jp3uF5BzsqL40OoleEDzQFa4++nKI=]

	 -- Epoch state: 

		CID=708 
		TS=0 
		Propose=[EVMS8I08lV+cs0jp3uF5BzsqL40OoleEDzQFa4++nKI=] 
		Writes=([EVMS8I08lV+cs0jp3uF5BzsqL40OoleEDzQFa4++nKI=], [EVMS8I08lV+cs0jp3uF5BzsqL40OoleEDzQFa4++nKI=], [EVMS8I08lV+cs0jp3uF5BzsqL40OoleEDzQFa4++nKI=], [EVMS8I08lV+cs0jp3uF5BzsqL40OoleEDzQFa4++nKI=]) 
		Accepts=([EVMS8I08lV+cs0jp3uF5BzsqL40OoleEDzQFa4++nKI=], [null], [EVMS8I08lV+cs0jp3uF5BzsqL40OoleEDzQFa4++nKI=], [EVMS8I08lV+cs0jp3uF5BzsqL40OoleEDzQFa4++nKI=])

Consensus in execution: None

---------- ---------- ----------

