-- Using view stored on disk
-- SSL/TLS handshake complete!, Id:0  ## CipherSuite: TLS_ECDHE_ECDSA_WITH_AES_128_GCM_SHA256.
-- SSL/TLS handshake complete!, Id:1  ## CipherSuite: TLS_ECDHE_ECDSA_WITH_AES_128_GCM_SHA256.
-- SSL/TLS handshake complete!, Id:2  ## CipherSuite: TLS_ECDHE_ECDSA_WITH_AES_128_GCM_SHA256.
-- ID = 3
-- N = 4
-- F = 1
-- Port (client <-> server) = 11030
-- Port (server <-> server) = 11031
-- requestTimeout = 2000
-- maxBatch = 1024
-- Binded replica to IP address 134.60.242.14
-- Optimizations:  Read-only Requests: disabled
-- SSL/TLS enabled, protocol version: TLSv1.2
-- In current view: ID:0; F:1; Processes:0(/134.60.242.11:11000),1(/134.60.242.12:11010),2(/134.60.242.13:11020),3(/134.60.242.14:11030),
-- Retrieving State
-- Replica state is up to date
-- 
		###################################
		    Ready to process operations    
		###################################
-- Session Created, active clients=0
-- Session Created, active clients=0
-- Session Created, active clients=0
-- Session Created, active clients=0
-- Session Created, active clients=0
-- Session Created, active clients=0
-- Session Created, active clients=0
-- Session Created, active clients=0
-- Session Created, active clients=0
-- Session Created, active clients=0
-- Session Created, active clients=0
-- Session Created, active clients=0
-- Session Created, active clients=0
-- Session Created, active clients=0
-- Session Created, active clients=0
-- Session Created, active clients=0
-- Session Created, active clients=0
-- Session Created, active clients=0
-- Session Created, active clients=0
-- Session Created, active clients=0
-- Session Created, active clients=0
-- Session Created, active clients=0
-- Session Created, active clients=0
-- Session Created, active clients=0
-- Session Created, active clients=0
-- Session Created, active clients=0
-- Session Created, active clients=0
-- Session Created, active clients=0
-- Session Created, active clients=0
-- Session Created, active clients=0
-- Session Created, active clients=0
-- Session Created, active clients=0
-- Session Created, active clients=0
-- Session Created, active clients=0
-- Session Created, active clients=0
-- Session Created, active clients=0
-- Session Created, active clients=0
-- Session Created, active clients=0
-- Session Created, active clients=0
-- Session Created, active clients=0
-- Session Created, active clients=0
-- Session Created, active clients=0
-- Session Created, active clients=0
-- Session Created, active clients=0
-- Session Created, active clients=0
-- Session Created, active clients=0
-- Session Created, active clients=0
-- Session Created, active clients=0
-- Session Created, active clients=0
-- Session Created, active clients=0
-- Session Created, active clients=0
-- Session Created, active clients=0
-- Session Created, active clients=0
-- Session Created, active clients=0
-- Session Created, active clients=0
-- Session Created, active clients=0
-- Session Created, active clients=0
-- Session Created, active clients=0
-- Session Created, active clients=0
-- Session Created, active clients=0
-- Session Created, active clients=0
-- Session Created, active clients=0
-- Session Created, active clients=0
-- Session Created, active clients=0
-- Session Created, active clients=0
-- Session Created, active clients=0
-- Session Created, active clients=0
-- Session Created, active clients=0
-- Session Created, active clients=0
-- Session Created, active clients=0
-- Session Created, active clients=0
-- Session Created, active clients=0
-- Session Created, active clients=0
-- Session Created, active clients=0
-- Session Created, active clients=0
-- Session Created, active clients=0
-- Session Created, active clients=0
-- Session Created, active clients=0
-- Session Created, active clients=0
-- Session Created, active clients=0
-- Session Created, active clients=0
-- Session Created, active clients=0
-- Session Created, active clients=0
-- Session Created, active clients=0
-- Session Created, active clients=0
-- Session Created, active clients=0
-- Session Created, active clients=0
-- Session Created, active clients=0
-- Session Created, active clients=0
-- Session Created, active clients=0
-- Session Created, active clients=0
-- Session Created, active clients=0
-- Session Created, active clients=0
-- Session Created, active clients=0
-- Session Created, active clients=0
-- Session Created, active clients=0
-- Session Created, active clients=0
-- Session Created, active clients=0
-- Session Created, active clients=0
-- Session Created, active clients=0
-- Session Created, active clients=0
-- Session Created, active clients=0
-- Session Created, active clients=0
-- Session Created, active clients=0
-- Session Created, active clients=0
-- Session Created, active clients=0
-- Session Created, active clients=0
-- Session Created, active clients=0
-- Session Created, active clients=0
-- Session Created, active clients=0
-- Session Created, active clients=0
-- Session Created, active clients=0
-- Session Created, active clients=0
-- Session Created, active clients=0
-- Session Created, active clients=0
-- Session Created, active clients=0
-- Session Created, active clients=0
-- Session Created, active clients=0
-- Session Created, active clients=0
-- Session Created, active clients=0
-- Session Created, active clients=0
-- Session Created, active clients=0
-- Session Created, active clients=0
-- Session Created, active clients=0
-- Session Created, active clients=0
-- Session Created, active clients=0
-- Session Created, active clients=0
-- Session Created, active clients=0
-- Session Created, active clients=0
-- Session Created, active clients=0
-- Session Created, active clients=0
-- Session Created, active clients=0
-- Session Created, active clients=0
-- Session Created, active clients=0
-- Session Created, active clients=0
-- Session Created, active clients=0
-- Session Created, active clients=0
-- Session Created, active clients=0
-- Session Created, active clients=0
-- Session Created, active clients=0
-- Session Created, active clients=0
-- Session Created, active clients=0
-- Session Created, active clients=0
-- Session Created, active clients=0
-- Session Created, active clients=0
-- Session Created, active clients=0
-- Session Created, active clients=0
-- Session Created, active clients=0
-- Session Created, active clients=0
-- Session Created, active clients=0
-- Session Created, active clients=0
-- Session Created, active clients=0
-- Session Created, active clients=0
-- Session Created, active clients=0
-- Session Created, active clients=0
-- Session Created, active clients=0
-- Session Created, active clients=0
-- Session Created, active clients=0
-- Session Created, active clients=0
-- Session Created, active clients=0
-- Session Created, active clients=0
-- Session Created, active clients=0
-- Session Created, active clients=0
-- Session Created, active clients=0
-- Session Created, active clients=0
-- Session Created, active clients=0
-- Session Created, active clients=0
-- Session Created, active clients=0
-- Session Created, active clients=0
-- Session Created, active clients=0
-- Session Created, active clients=0
-- Session Created, active clients=0
-- Session Created, active clients=0
-- Session Created, active clients=0
-- Session Created, active clients=0
-- Session Created, active clients=0
-- Session Created, active clients=0
-- Session Created, active clients=0
-- Session Created, active clients=0
-- Session Created, active clients=0
-- Session Created, active clients=0
-- Session Created, active clients=0
-- Session Created, active clients=0
-- Session Created, active clients=0
-- Session Created, active clients=0
-- Session Created, active clients=0
-- Session Created, active clients=0
-- Session Created, active clients=0
-- Session Created, active clients=0
-- Session Created, active clients=0
-- Session Created, active clients=0
-- Session Created, active clients=0
-- Session Created, active clients=0
-- Session Created, active clients=0
-- Session Created, active clients=0
-- Session Created, active clients=0
-- Session Created, active clients=0
-- Session Created, active clients=0
-- Session Created, active clients=0
-- Session Created, active clients=0
--- Measurements after 1000 ops (1000 samples) ---
Throughput = 20.82726 operations/sec (Maximum observed: 20.82726 ops/sec)
Total latency = 60480.485922 (+/- 34858) us 
Consensus latency = 9119.697758999999 (+/- 7039) us 
Pre-consensus latency = 0.0 (+/- 0) us 
Pos-consensus latency = 54091.414952 (+/- 34158) us 
Propose latency = 3795.661456 (+/- 2150) us 
Write latency = 1197.6793899999998 (+/- 1079) us 
Accept latency = 4126.3569130000005 (+/- 5115) us 
Batch average size = 83.33333333333333 (+/- 81) requests
StandardSMMessage ByteCount = 446
TOMMessage ByteCount = 920543
ConsensusMessage ByteCount = 2344
--- Measurements after 2000 ops (1000 samples) ---
Throughput = 83.39588 operations/sec (Maximum observed: 83.39588 ops/sec)
Total latency = 43020.969438 (+/- 23043) us 
Consensus latency = 6536.120186 (+/- 1298) us 
Pre-consensus latency = 0.0 (+/- 0) us 
Pos-consensus latency = 37826.881083 (+/- 22823) us 
Propose latency = 2905.632909 (+/- 1207) us 
Write latency = 1280.8230449999999 (+/- 941) us 
Accept latency = 2349.6642319999996 (+/- 411) us 
Batch average size = 90.9090909090909 (+/- 88) requests
StandardSMMessage ByteCount = 446
TOMMessage ByteCount = 2258389
ConsensusMessage ByteCount = 4486
--- Measurements after 3000 ops (1000 samples) ---
Throughput = 105.20779 operations/sec (Maximum observed: 105.20779 ops/sec)
Total latency = 41721.14578499999 (+/- 20887) us 
Consensus latency = 4284.789042 (+/- 380) us 
Pre-consensus latency = 0.0 (+/- 0) us 
Pos-consensus latency = 38228.674956 (+/- 20875) us 
Propose latency = 1521.323593 (+/- 339) us 
Write latency = 1074.7792009999998 (+/- 379) us 
Accept latency = 1688.686248 (+/- 303) us 
Batch average size = 71.42857142857143 (+/- 83) requests
StandardSMMessage ByteCount = 446
TOMMessage ByteCount = 3387016
ConsensusMessage ByteCount = 7216
--- Measurements after 4000 ops (1000 samples) ---
Throughput = 142.572 operations/sec (Maximum observed: 142.572 ops/sec)
Total latency = 38064.323867 (+/- 21884) us 
Consensus latency = 3877.327529 (+/- 190) us 
Pre-consensus latency = 0.0 (+/- 0) us 
Pos-consensus latency = 34920.96797 (+/- 21889) us 
Propose latency = 1312.6611149999999 (+/- 302) us 
Write latency = 786.203787 (+/- 435) us 
Accept latency = 1778.462627 (+/- 354) us 
Batch average size = 100.0 (+/- 86) requests
StandardSMMessage ByteCount = 446
TOMMessage ByteCount = 4310947
ConsensusMessage ByteCount = 9169
--- Measurements after 5000 ops (1000 samples) ---
Throughput = 222.86606 operations/sec (Maximum observed: 222.86606 ops/sec)
Total latency = 40094.981271 (+/- 20982) us 
Consensus latency = 4013.17481 (+/- 317) us 
Pre-consensus latency = 0.0 (+/- 0) us 
Pos-consensus latency = 36839.06044 (+/- 20929) us 
Propose latency = 1333.44552 (+/- 176) us 
Write latency = 660.009561 (+/- 302) us 
Accept latency = 2019.7197290000001 (+/- 259) us 
Batch average size = 100.0 (+/- 88) requests
StandardSMMessage ByteCount = 446
TOMMessage ByteCount = 5447494
ConsensusMessage ByteCount = 11119
--- Measurements after 6000 ops (1000 samples) ---
Throughput = 505.0505 operations/sec (Maximum observed: 505.0505 ops/sec)
Total latency = 41566.468077 (+/- 21548) us 
Consensus latency = 3763.1120929999997 (+/- 356) us 
Pre-consensus latency = 0.0 (+/- 0) us 
Pos-consensus latency = 38525.806238 (+/- 21512) us 
Propose latency = 1270.813959 (+/- 190) us 
Write latency = 585.110397 (+/- 376) us 
Accept latency = 1907.187737 (+/- 66) us 
Batch average size = 100.0 (+/- 93) requests
StandardSMMessage ByteCount = 446
TOMMessage ByteCount = 6584043
ConsensusMessage ByteCount = 13080
--- Measurements after 7000 ops (1000 samples) ---
Throughput = 3194.8882 operations/sec (Maximum observed: 3194.8882 ops/sec)
Total latency = 115205.871444 (+/- 0) us 
Consensus latency = 9676.650852 (+/- 3782) us 
Pre-consensus latency = 0.0 (+/- 0) us 
Pos-consensus latency = 107629.99158 (+/- 0) us 
Propose latency = 8166.17833 (+/- 3787) us 
Write latency = 305.791593 (+/- 265) us 
Accept latency = 1204.680929 (+/- 684) us 
Batch average size = 918.5 (+/- 1568) requests
StandardSMMessage ByteCount = 446
TOMMessage ByteCount = 7250177
ConsensusMessage ByteCount = 18228
--- Measurements after 8000 ops (1000 samples) ---
Throughput = 4184.1006 operations/sec (Maximum observed: 4184.1006 ops/sec)
Total latency = 333350.90874299995 (+/- 0) us 
Consensus latency = 6330.341192 (+/- 662) us 
Pre-consensus latency = 0.0 (+/- 0) us 
Pos-consensus latency = 327745.786021 (+/- 0) us 
Propose latency = 4230.62448 (+/- 386) us 
Write latency = 1198.127836 (+/- 872) us 
Accept latency = 901.588876 (+/- 255) us 
Batch average size = NaN (+/- 0) requests
StandardSMMessage ByteCount = 446
TOMMessage ByteCount = 7250177
ConsensusMessage ByteCount = 23962
--- Measurements after 9000 ops (1000 samples) ---
Throughput = 4329.0044 operations/sec (Maximum observed: 4329.0044 ops/sec)
Total latency = 547004.773857 (+/- 0) us 
Consensus latency = 4878.453041 (+/- 330) us 
Pre-consensus latency = 0.0 (+/- 0) us 
Pos-consensus latency = 542832.060511 (+/- 0) us 
Propose latency = 3298.994866 (+/- 369) us 
Write latency = 239.155189 (+/- 13) us 
Accept latency = 1340.3029860000001 (+/- 209) us 
Batch average size = NaN (+/- 0) requests
StandardSMMessage ByteCount = 446
TOMMessage ByteCount = 7250177
ConsensusMessage ByteCount = 29911
--- Measurements after 10000 ops (1000 samples) ---
Throughput = 1042.7528 operations/sec (Maximum observed: 4329.0044 ops/sec)
Total latency = 988999.1156649999 (+/- 0) us 
Consensus latency = 5577.990997000001 (+/- 430) us 
Pre-consensus latency = 0.0 (+/- 0) us 
Pos-consensus latency = 984177.6271319999 (+/- 0) us 
Propose latency = 3639.6761699999997 (+/- 618) us 
Write latency = 285.294136 (+/- 318) us 
Accept latency = 1653.0206910000002 (+/- 188) us 
Batch average size = 26487.0 (+/- 0) requests
StandardSMMessage ByteCount = 446
TOMMessage ByteCount = 10940277
ConsensusMessage ByteCount = 32482
--- Measurements after 11000 ops (1000 samples) ---
Throughput = 4566.21 operations/sec (Maximum observed: 4566.21 ops/sec)
Total latency = 1674256.32348 (+/- 0) us 
Consensus latency = 4720.454853 (+/- 879) us 
Pre-consensus latency = 0.0 (+/- 0) us 
Pos-consensus latency = 1670272.525509 (+/- 0) us 
Propose latency = 2218.9930830000003 (+/- 947) us 
Write latency = 522.099826 (+/- 606) us 
Accept latency = 1979.361944 (+/- 342) us 
Batch average size = NaN (+/- 0) requests
StandardSMMessage ByteCount = 446
TOMMessage ByteCount = 10940277
ConsensusMessage ByteCount = 36639
--- Measurements after 12000 ops (1000 samples) ---
Throughput = 4587.156 operations/sec (Maximum observed: 4587.156 ops/sec)
Total latency = 1858151.541613 (+/- 0) us 
Consensus latency = 5668.273483 (+/- 417) us 
Pre-consensus latency = 0.0 (+/- 0) us 
Pos-consensus latency = 1853949.462236 (+/- 0) us 
Propose latency = 3158.798127 (+/- 157) us 
Write latency = 545.094797 (+/- 354) us 
Accept latency = 1964.380559 (+/- 290) us 
Batch average size = NaN (+/- 0) requests
StandardSMMessage ByteCount = 446
TOMMessage ByteCount = 10940277
ConsensusMessage ByteCount = 40009
LCMessage ByteCount = 5
--- Measurements after 13000 ops (1000 samples) ---
Throughput = 4587.156 operations/sec (Maximum observed: 4587.156 ops/sec)
Total latency = 2035336.638848 (+/- 0) us 
Consensus latency = 13760.300029999999 (+/- 6610) us 
Pre-consensus latency = 0.0 (+/- 0) us 
Pos-consensus latency = 2023643.7986370001 (+/- 0) us 
Propose latency = 4610.0977 (+/- 1485) us 
Write latency = 3382.054767 (+/- 1503) us 
Accept latency = 5768.147563 (+/- 3635) us 
Batch average size = NaN (+/- 0) requests
StandardSMMessage ByteCount = 446
TOMMessage ByteCount = 10940277
ConsensusMessage ByteCount = 43572
LCMessage ByteCount = 5
--- Measurements after 14000 ops (1000 samples) ---
Throughput = 4587.156 operations/sec (Maximum observed: 4587.156 ops/sec)
Total latency = 2225075.8248340003 (+/- 0) us 
Consensus latency = 12649.678165 (+/- 4460) us 
Pre-consensus latency = 0.0 (+/- 0) us 
Pos-consensus latency = 2214897.7041149996 (+/- 0) us 
Propose latency = 7564.101892 (+/- 1531) us 
Write latency = 1385.472572 (+/- 1958) us 
Accept latency = 3700.103701 (+/- 3188) us 
Batch average size = NaN (+/- 0) requests
StandardSMMessage ByteCount = 446
TOMMessage ByteCount = 10940277
ConsensusMessage ByteCount = 47221
LCMessage ByteCount = 5
--- Measurements after 15000 ops (1000 samples) ---
Throughput = 4807.6924 operations/sec (Maximum observed: 4807.6924 ops/sec)
Total latency = 2418716.819555 (+/- 0) us 
Consensus latency = 5919.557925 (+/- 607) us 
Pre-consensus latency = 0.0 (+/- 0) us 
Pos-consensus latency = 2414270.619529 (+/- 0) us 
Propose latency = 3754.333022 (+/- 571) us 
Write latency = 239.014672 (+/- 7) us 
Accept latency = 1926.210231 (+/- 49) us 
Batch average size = NaN (+/- 0) requests
StandardSMMessage ByteCount = 446
TOMMessage ByteCount = 10940277
ConsensusMessage ByteCount = 49914
LCMessage ByteCount = 5
--- Measurements after 16000 ops (1000 samples) ---
Throughput = 4545.4546 operations/sec (Maximum observed: 4807.6924 ops/sec)
Total latency = 2609279.302217 (+/- 0) us 
Consensus latency = 4952.399308 (+/- 123) us 
Pre-consensus latency = 0.0 (+/- 0) us 
Pos-consensus latency = 2605514.7566319997 (+/- 0) us 
Propose latency = 2286.555219 (+/- 457) us 
Write latency = 695.8177049999999 (+/- 397) us 
Accept latency = 1970.026384 (+/- 155) us 
Batch average size = NaN (+/- 0) requests
StandardSMMessage ByteCount = 446
TOMMessage ByteCount = 10940277
ConsensusMessage ByteCount = 53474
LCMessage ByteCount = 5
--- Measurements after 17000 ops (1000 samples) ---
Throughput = 4608.295 operations/sec (Maximum observed: 4807.6924 ops/sec)
Total latency = 2800275.087309 (+/- 0) us 
Consensus latency = 4472.925772 (+/- 259) us 
Pre-consensus latency = 0.0 (+/- 0) us 
Pos-consensus latency = 2796958.149822 (+/- 0) us 
Propose latency = 1881.998212 (+/- 77) us 
Write latency = 556.322263 (+/- 265) us 
Accept latency = 2034.605297 (+/- 70) us 
Batch average size = NaN (+/- 0) requests
StandardSMMessage ByteCount = 446
TOMMessage ByteCount = 10940277
ConsensusMessage ByteCount = 57318
LCMessage ByteCount = 5
--- Measurements after 18000 ops (1000 samples) ---
Throughput = 4608.295 operations/sec (Maximum observed: 4807.6924 ops/sec)
Total latency = 2987801.8615139998 (+/- 0) us 
Consensus latency = 4176.776991 (+/- 371) us 
Pre-consensus latency = 0.0 (+/- 0) us 
Pos-consensus latency = 2984703.917138 (+/- 0) us 
Propose latency = 1728.6058500000001 (+/- 129) us 
Write latency = 682.385838 (+/- 182) us 
Accept latency = 1765.785303 (+/- 417) us 
Batch average size = NaN (+/- 0) requests
StandardSMMessage ByteCount = 446
TOMMessage ByteCount = 10940277
ConsensusMessage ByteCount = 64365
LCMessage ByteCount = 5
--- Measurements after 19000 ops (1000 samples) ---
Throughput = 4608.295 operations/sec (Maximum observed: 4807.6924 ops/sec)
Total latency = 3165077.494599 (+/- 0) us 
Consensus latency = 5380.929025 (+/- 1979) us 
Pre-consensus latency = 0.0 (+/- 0) us 
Pos-consensus latency = 3160561.9128819997 (+/- 0) us 
Propose latency = 1419.502277 (+/- 376) us 
Write latency = 1641.849465 (+/- 826) us 
Accept latency = 2319.5772829999996 (+/- 2359) us 
Batch average size = NaN (+/- 0) requests
StandardSMMessage ByteCount = 446
TOMMessage ByteCount = 10940277
ConsensusMessage ByteCount = 71294
LCMessage ByteCount = 5
--- Measurements after 20000 ops (1000 samples) ---
Throughput = 4807.6924 operations/sec (Maximum observed: 4807.6924 ops/sec)
Total latency = 3348209.8260830003 (+/- 0) us 
Consensus latency = 6699.6346490000005 (+/- 365) us 
Pre-consensus latency = 0.0 (+/- 0) us 
Pos-consensus latency = 3342776.778242 (+/- 0) us 
Propose latency = 2189.452697 (+/- 166) us 
Write latency = 2460.8942420000003 (+/- 1412) us 
Accept latency = 2049.28771 (+/- 1514) us 
Batch average size = NaN (+/- 0) requests
StandardSMMessage ByteCount = 446
TOMMessage ByteCount = 10940277
ConsensusMessage ByteCount = 72284
LCMessage ByteCount = 5
--- Measurements after 21000 ops (1000 samples) ---
Throughput = 4608.295 operations/sec (Maximum observed: 4807.6924 ops/sec)
Total latency = 3528601.7385560004 (+/- 0) us 
Consensus latency = 6797.449465 (+/- 2636) us 
Pre-consensus latency = 0.0 (+/- 0) us 
Pos-consensus latency = 3523083.0408400004 (+/- 0) us 
Propose latency = 4246.148305 (+/- 2794) us 
Write latency = 347.579712 (+/- 114) us 
Accept latency = 2203.721448 (+/- 995) us 
Batch average size = NaN (+/- 0) requests
StandardSMMessage ByteCount = 446
TOMMessage ByteCount = 10940277
ConsensusMessage ByteCount = 76441
LCMessage ByteCount = 5
--- Measurements after 22000 ops (1000 samples) ---
Throughput = 4608.295 operations/sec (Maximum observed: 4807.6924 ops/sec)
Total latency = 3724719.1245609997 (+/- 0) us 
Consensus latency = 4032.697312 (+/- 409) us 
Pre-consensus latency = 0.0 (+/- 0) us 
Pos-consensus latency = 3721673.240425 (+/- 0) us 
Propose latency = 1566.073068 (+/- 148) us 
Write latency = 552.612864 (+/- 371) us 
Accept latency = 1914.01138 (+/- 119) us 
Batch average size = NaN (+/- 0) requests
StandardSMMessage ByteCount = 446
TOMMessage ByteCount = 10940277
ConsensusMessage ByteCount = 84160
LCMessage ByteCount = 5
--- Measurements after 23000 ops (1000 samples) ---
Throughput = 4587.156 operations/sec (Maximum observed: 4807.6924 ops/sec)
Total latency = 3918240.2136609997 (+/- 0) us 
Consensus latency = 4446.681752 (+/- 500) us 
Pre-consensus latency = 0.0 (+/- 0) us 
Pos-consensus latency = 3914632.4737750003 (+/- 0) us 
Propose latency = 1356.21171 (+/- 105) us 
Write latency = 925.5591430000001 (+/- 442) us 
Accept latency = 2164.9108990000004 (+/- 243) us 
Batch average size = NaN (+/- 0) requests
StandardSMMessage ByteCount = 446
TOMMessage ByteCount = 10940277
ConsensusMessage ByteCount = 90777
LCMessage ByteCount = 5
--- Measurements after 24000 ops (1000 samples) ---
Throughput = 4608.295 operations/sec (Maximum observed: 4807.6924 ops/sec)
Total latency = 4107069.240369 (+/- 0) us 
Consensus latency = 3890.23995 (+/- 423) us 
Pre-consensus latency = 0.0 (+/- 0) us 
Pos-consensus latency = 4103833.994932 (+/- 0) us 
Propose latency = 1106.2028540000001 (+/- 115) us 
Write latency = 855.434362 (+/- 381) us 
Accept latency = 1928.6027339999998 (+/- 186) us 
Batch average size = NaN (+/- 0) requests
StandardSMMessage ByteCount = 446
TOMMessage ByteCount = 10940277
ConsensusMessage ByteCount = 97516
LCMessage ByteCount = 10
--- Measurements after 25000 ops (1000 samples) ---
Throughput = 4761.905 operations/sec (Maximum observed: 4807.6924 ops/sec)
Total latency = 4292882.953654 (+/- 0) us 
Consensus latency = 7387.430659 (+/- 5130) us 
Pre-consensus latency = 0.0 (+/- 0) us 
Pos-consensus latency = 4286427.975807 (+/- 0) us 
Propose latency = 1458.863472 (+/- 348) us 
Write latency = 1027.337102 (+/- 617) us 
Accept latency = 4901.230085 (+/- 5195) us 
Batch average size = NaN (+/- 0) requests
StandardSMMessage ByteCount = 446
TOMMessage ByteCount = 10940277
ConsensusMessage ByteCount = 104952
LCMessage ByteCount = 10
--- Measurements after 26000 ops (1000 samples) ---
Throughput = 4587.156 operations/sec (Maximum observed: 4807.6924 ops/sec)
Total latency = 4472017.401388 (+/- 0) us 
Consensus latency = 9019.926629000001 (+/- 233) us 
Pre-consensus latency = 0.0 (+/- 0) us 
Pos-consensus latency = 4464720.089454001 (+/- 0) us 
Propose latency = 4202.920101 (+/- 853) us 
Write latency = 3166.240152 (+/- 735) us 
Accept latency = 1650.766376 (+/- 114) us 
Batch average size = NaN (+/- 0) requests
StandardSMMessage ByteCount = 446
TOMMessage ByteCount = 10940277
ConsensusMessage ByteCount = 112277
LCMessage ByteCount = 10
--- Measurements after 27000 ops (1000 samples) ---
Throughput = 4587.156 operations/sec (Maximum observed: 4807.6924 ops/sec)
Total latency = 4668923.469566 (+/- 0) us 
Consensus latency = 4801.3470259999995 (+/- 1785) us 
Pre-consensus latency = 0.0 (+/- 0) us 
Pos-consensus latency = 4665358.523858 (+/- 0) us 
Propose latency = 2496.42446 (+/- 1207) us 
Write latency = 641.675409 (+/- 741) us 
Accept latency = 1663.2471569999998 (+/- 148) us 
Batch average size = NaN (+/- 0) requests
StandardSMMessage ByteCount = 446
TOMMessage ByteCount = 10940277
ConsensusMessage ByteCount = 120391
LCMessage ByteCount = 10
--- Measurements after 28000 ops (1000 samples) ---
Throughput = 4629.6294 operations/sec (Maximum observed: 4807.6924 ops/sec)
Total latency = 4856481.190474 (+/- 0) us 
Consensus latency = 4596.608712 (+/- 1165) us 
Pre-consensus latency = 0.0 (+/- 0) us 
Pos-consensus latency = 4852693.824189999 (+/- 0) us 
Propose latency = 2049.918983 (+/- 1386) us 
Write latency = 771.84174 (+/- 356) us 
Accept latency = 1774.847989 (+/- 151) us 
Batch average size = NaN (+/- 0) requests
StandardSMMessage ByteCount = 446
TOMMessage ByteCount = 10940277
ConsensusMessage ByteCount = 132347
LCMessage ByteCount = 10
--- Measurements after 29000 ops (1000 samples) ---
Throughput = 4807.6924 operations/sec (Maximum observed: 4807.6924 ops/sec)
Total latency = 5039620.667543001 (+/- 0) us 
Consensus latency = 4439.218899 (+/- 549) us 
Pre-consensus latency = 0.0 (+/- 0) us 
Pos-consensus latency = 5036139.907943 (+/- 0) us 
Propose latency = 1823.561622 (+/- 649) us 
Write latency = 564.9912469999999 (+/- 380) us 
Accept latency = 2050.66603 (+/- 344) us 
Batch average size = NaN (+/- 0) requests
StandardSMMessage ByteCount = 446
TOMMessage ByteCount = 10940277
ConsensusMessage ByteCount = 140178
LCMessage ByteCount = 10
--- Measurements after 30000 ops (1000 samples) ---
Throughput = 4629.6294 operations/sec (Maximum observed: 4807.6924 ops/sec)
Total latency = 5227999.137767 (+/- 0) us 
Consensus latency = 4221.783589 (+/- 429) us 
Pre-consensus latency = 0.0 (+/- 0) us 
Pos-consensus latency = 5224557.698213 (+/- 0) us 
Propose latency = 1409.6183859999999 (+/- 172) us 
Write latency = 625.850228 (+/- 226) us 
Accept latency = 2186.3149750000002 (+/- 243) us 
Batch average size = NaN (+/- 0) requests
StandardSMMessage ByteCount = 446
TOMMessage ByteCount = 10940277
ConsensusMessage ByteCount = 140178
LCMessage ByteCount = 10
--- Measurements after 31000 ops (1000 samples) ---
Throughput = 4651.1626 operations/sec (Maximum observed: 4807.6924 ops/sec)
Total latency = 5409035.529165 (+/- 0) us 
Consensus latency = 4155.455169 (+/- 331) us 
Pre-consensus latency = 0.0 (+/- 0) us 
Pos-consensus latency = 5405639.8596169995 (+/- 0) us 
Propose latency = 1392.484887 (+/- 372) us 
Write latency = 1022.546971 (+/- 602) us 
Accept latency = 1740.423311 (+/- 115) us 
Batch average size = NaN (+/- 0) requests
StandardSMMessage ByteCount = 446
TOMMessage ByteCount = 10940277
ConsensusMessage ByteCount = 140178
LCMessage ByteCount = 10
--- Measurements after 32000 ops (1000 samples) ---
Throughput = 4830.918 operations/sec (Maximum observed: 4830.918 ops/sec)
Total latency = 5587233.8750559995 (+/- 0) us 
Consensus latency = 10526.728389 (+/- 7853) us 
Pre-consensus latency = 0.0 (+/- 0) us 
Pos-consensus latency = 5577862.179684 (+/- 0) us 
Propose latency = 2506.148137 (+/- 2557) us 
Write latency = 6175.7347070000005 (+/- 7098) us 
Accept latency = 1844.845545 (+/- 180) us 
Batch average size = NaN (+/- 0) requests
StandardSMMessage ByteCount = 446
TOMMessage ByteCount = 10940277
ConsensusMessage ByteCount = 140178
LCMessage ByteCount = 10
--- Measurements after 33000 ops (1000 samples) ---
Throughput = 4694.8354 operations/sec (Maximum observed: 4830.918 ops/sec)
Total latency = 5751798.733603 (+/- 0) us 
Consensus latency = 27342.78335 (+/- 18043) us 
Pre-consensus latency = 0.0 (+/- 0) us 
Pos-consensus latency = 5726566.806119001 (+/- 0) us 
Propose latency = 7033.097906000001 (+/- 2668) us 
Write latency = 17637.617684 (+/- 19432) us 
Accept latency = 2672.06776 (+/- 1279) us 
Batch average size = NaN (+/- 0) requests
StandardSMMessage ByteCount = 446
TOMMessage ByteCount = 10940277
ConsensusMessage ByteCount = 140178
LCMessage ByteCount = 10
--- Measurements after 34000 ops (1000 samples) ---
Throughput = 4830.918 operations/sec (Maximum observed: 4830.918 ops/sec)
Total latency = 5776759.160842 (+/- 0) us 
Consensus latency = 123364.57220000001 (+/- 0) us 
Pre-consensus latency = 0.0 (+/- 0) us 
Pos-consensus latency = 5761123.404867 (+/- 0) us 
Propose latency = 115195.08079600001 (+/- 0) us 
Write latency = 5354.80025 (+/- 15913) us 
Accept latency = 2814.691154 (+/- 750) us 
Batch average size = NaN (+/- 0) requests
StandardSMMessage ByteCount = 446
TOMMessage ByteCount = 10940277
ConsensusMessage ByteCount = 140178
LCMessage ByteCount = 10
--- Measurements after 35000 ops (1000 samples) ---
Throughput = 4716.981 operations/sec (Maximum observed: 4830.918 ops/sec)
Total latency = 5814516.283600001 (+/- 0) us 
Consensus latency = 167041.209791 (+/- 0) us 
Pre-consensus latency = 0.0 (+/- 0) us 
Pos-consensus latency = 5805244.508819 (+/- 0) us 
Propose latency = 164117.01445 (+/- 0) us 
Write latency = 364.926185 (+/- 6) us 
Accept latency = 2559.269156 (+/- 7) us 
Batch average size = NaN (+/- 0) requests
StandardSMMessage ByteCount = 446
TOMMessage ByteCount = 10940277
ConsensusMessage ByteCount = 140178
LCMessage ByteCount = 10
--- Measurements after 36000 ops (1000 samples) ---
Throughput = 4830.918 operations/sec (Maximum observed: 4830.918 ops/sec)
Total latency = 5833262.378121001 (+/- 0) us 
Consensus latency = 193225.685294 (+/- 0) us 
Pre-consensus latency = 0.0 (+/- 0) us 
Pos-consensus latency = 5824248.526260001 (+/- 0) us 
Propose latency = 190298.044894 (+/- 0) us 
Write latency = 280.477043 (+/- 32) us 
Accept latency = 2647.163357 (+/- 36) us 
Batch average size = NaN (+/- 0) requests
StandardSMMessage ByteCount = 446
TOMMessage ByteCount = 10940277
ConsensusMessage ByteCount = 140178
LCMessage ByteCount = 10
--- Measurements after 37000 ops (1000 samples) ---
Throughput = 2518.8916 operations/sec (Maximum observed: 4830.918 ops/sec)
Total latency = 6011752.223836 (+/- 0) us 
Consensus latency = 184942.429914 (+/- 0) us 
Pre-consensus latency = 0.0 (+/- 0) us 
Pos-consensus latency = 6002191.786350001 (+/- 0) us 
Propose latency = 182200.894616 (+/- 0) us 
Write latency = 283.34876199999997 (+/- 6) us 
Accept latency = 2458.1865359999997 (+/- 89) us 
Batch average size = 163839.0 (+/- 0) requests
StandardSMMessage ByteCount = 446
TOMMessage ByteCount = 15966222
ConsensusMessage ByteCount = 140178
LCMessage ByteCount = 10
--- Measurements after 38000 ops (1000 samples) ---
Throughput = 4739.3364 operations/sec (Maximum observed: 4830.918 ops/sec)
Total latency = 6177990.8853 (+/- 0) us 
Consensus latency = 77842.27507999999 (+/- 49984) us 
Pre-consensus latency = 0.0 (+/- 0) us 
Pos-consensus latency = 6172310.43679 (+/- 0) us 
Propose latency = 75605.45081000001 (+/- 49760) us 
Write latency = 256.064255 (+/- 14) us 
Accept latency = 1980.7600149999998 (+/- 208) us 
Batch average size = NaN (+/- 0) requests
StandardSMMessage ByteCount = 446
TOMMessage ByteCount = 17746142
ConsensusMessage ByteCount = 140178
LCMessage ByteCount = 10
--- Measurements after 39000 ops (1000 samples) ---
Throughput = 4587.156 operations/sec (Maximum observed: 4830.918 ops/sec)
Total latency = 6374796.601419 (+/- 0) us 
Consensus latency = 20149.248485 (+/- 17429) us 
Pre-consensus latency = 0.0 (+/- 0) us 
Pos-consensus latency = 6367353.975922 (+/- 0) us 
Propose latency = 18097.661291 (+/- 17388) us 
Write latency = 211.604709 (+/- 19) us 
Accept latency = 1839.982485 (+/- 21) us 
Batch average size = NaN (+/- 0) requests
StandardSMMessage ByteCount = 446
TOMMessage ByteCount = 19330986
ConsensusMessage ByteCount = 140178
LCMessage ByteCount = 10
--- Measurements after 40000 ops (1000 samples) ---
Throughput = 4854.369 operations/sec (Maximum observed: 4854.369 ops/sec)
Total latency = 6572823.388423 (+/- 0) us 
Consensus latency = 13478.702019 (+/- 1259) us 
Pre-consensus latency = 0.0 (+/- 0) us 
Pos-consensus latency = 6562168.260096 (+/- 0) us 
Propose latency = 11479.130471999999 (+/- 1276) us 
Write latency = 229.325816 (+/- 15) us 
Accept latency = 1770.245731 (+/- 32) us 
Batch average size = NaN (+/- 0) requests
StandardSMMessage ByteCount = 446
TOMMessage ByteCount = 20830582
ConsensusMessage ByteCount = 140178
LCMessage ByteCount = 10
--- Measurements after 41000 ops (1000 samples) ---
Throughput = 4566.21 operations/sec (Maximum observed: 4854.369 ops/sec)
Total latency = 6774511.60562 (+/- 0) us 
Consensus latency = 12919.706768999999 (+/- 737) us 
Pre-consensus latency = 0.0 (+/- 0) us 
Pos-consensus latency = 6764418.498958999 (+/- 0) us 
Propose latency = 10972.072705 (+/- 712) us 
Write latency = 249.81881099999998 (+/- 7) us 
Accept latency = 1697.815253 (+/- 32) us 
Batch average size = NaN (+/- 0) requests
StandardSMMessage ByteCount = 446
TOMMessage ByteCount = 22178345
ConsensusMessage ByteCount = 140178
LCMessage ByteCount = 10
--- Measurements after 42000 ops (1000 samples) ---
Throughput = 4464.2856 operations/sec (Maximum observed: 4854.369 ops/sec)
Total latency = 6968611.744163999 (+/- 0) us 
Consensus latency = 11849.396966 (+/- 398) us 
Pre-consensus latency = 0.0 (+/- 0) us 
Pos-consensus latency = 6959747.7108620005 (+/- 0) us 
Propose latency = 9867.655312 (+/- 428) us 
Write latency = 238.010721 (+/- 10) us 
Accept latency = 1743.730933 (+/- 40) us 
Batch average size = NaN (+/- 0) requests
StandardSMMessage ByteCount = 446
TOMMessage ByteCount = 23458513
ConsensusMessage ByteCount = 140178
LCMessage ByteCount = 10
--- Measurements after 43000 ops (1000 samples) ---
Throughput = 4739.3364 operations/sec (Maximum observed: 4854.369 ops/sec)
Total latency = 7174249.502956 (+/- 0) us 
Consensus latency = 13829.267535 (+/- 1477) us 
Pre-consensus latency = 0.0 (+/- 0) us 
Pos-consensus latency = 7163381.5952510005 (+/- 0) us 
Propose latency = 11844.845720000001 (+/- 1488) us 
Write latency = 201.54518 (+/- 20) us 
Accept latency = 1782.876635 (+/- 9) us 
Batch average size = NaN (+/- 0) requests
StandardSMMessage ByteCount = 446
TOMMessage ByteCount = 24688766
ConsensusMessage ByteCount = 140178
LCMessage ByteCount = 10
--- Measurements after 44000 ops (1000 samples) ---
Throughput = 3558.7188 operations/sec (Maximum observed: 4854.369 ops/sec)
Total latency = 7384889.8524899995 (+/- 0) us 
Consensus latency = 25219.713782000003 (+/- 7294) us 
Pre-consensus latency = 0.0 (+/- 0) us 
Pos-consensus latency = 7362561.000777001 (+/- 0) us 
Propose latency = 23189.852884 (+/- 7257) us 
Write latency = 223.375616 (+/- 24) us 
Accept latency = 1806.4852819999999 (+/- 12) us 
Batch average size = NaN (+/- 0) requests
StandardSMMessage ByteCount = 446
TOMMessage ByteCount = 26078125
ConsensusMessage ByteCount = 140178
LCMessage ByteCount = 10
--- Measurements after 45000 ops (1000 samples) ---
Throughput = 4405.286 operations/sec (Maximum observed: 4854.369 ops/sec)
Total latency = 7634674.256401 (+/- 0) us 
Consensus latency = 21096.695897 (+/- 6819) us 
Pre-consensus latency = 0.0 (+/- 0) us 
Pos-consensus latency = 7616413.410387999 (+/- 0) us 
Propose latency = 19096.078245 (+/- 6779) us 
Write latency = 210.174588 (+/- 22) us 
Accept latency = 1790.443064 (+/- 18) us 
Batch average size = NaN (+/- 0) requests
StandardSMMessage ByteCount = 446
TOMMessage ByteCount = 27210619
ConsensusMessage ByteCount = 140178
LCMessage ByteCount = 10
--- Measurements after 46000 ops (1000 samples) ---
Throughput = 4310.3447 operations/sec (Maximum observed: 4854.369 ops/sec)
Total latency = 7829726.930397 (+/- 0) us 
Consensus latency = 12322.561626 (+/- 2910) us 
Pre-consensus latency = 0.0 (+/- 0) us 
Pos-consensus latency = 7819991.101005999 (+/- 0) us 
Propose latency = 10409.746924000001 (+/- 2865) us 
Write latency = 190.56158100000002 (+/- 2) us 
Accept latency = 1722.253121 (+/- 42) us 
Batch average size = NaN (+/- 0) requests
StandardSMMessage ByteCount = 446
TOMMessage ByteCount = 28172561
ConsensusMessage ByteCount = 140178
LCMessage ByteCount = 10
--- Measurements after 47000 ops (1000 samples) ---
Throughput = 4739.3364 operations/sec (Maximum observed: 4854.369 ops/sec)
Total latency = 8040276.051266 (+/- 0) us 
Consensus latency = 10592.962564 (+/- 436) us 
Pre-consensus latency = 0.0 (+/- 0) us 
Pos-consensus latency = 8032508.829956001 (+/- 0) us 
Propose latency = 8803.800692 (+/- 509) us 
Write latency = 204.66839499999998 (+/- 13) us 
Accept latency = 1584.493477 (+/- 85) us 
Batch average size = NaN (+/- 0) requests
StandardSMMessage ByteCount = 446
TOMMessage ByteCount = 29209004
ConsensusMessage ByteCount = 140178
LCMessage ByteCount = 10
--- Measurements after 48000 ops (1000 samples) ---
Throughput = 3787.879 operations/sec (Maximum observed: 4854.369 ops/sec)
Total latency = 8270089.732704001 (+/- 0) us 
Consensus latency = 9664.673574999999 (+/- 1105) us 
Pre-consensus latency = 0.0 (+/- 0) us 
Pos-consensus latency = 8262779.844229 (+/- 0) us 
Propose latency = 7856.813349999999 (+/- 1172) us 
Write latency = 210.3989 (+/- 4) us 
Accept latency = 1597.461325 (+/- 71) us 
Batch average size = NaN (+/- 0) requests
StandardSMMessage ByteCount = 446
TOMMessage ByteCount = 31603717
ConsensusMessage ByteCount = 140178
LCMessage ByteCount = 10
--- Measurements after 49000 ops (1000 samples) ---
Throughput = 3448.276 operations/sec (Maximum observed: 4854.369 ops/sec)
Total latency = 8525785.429028 (+/- 0) us 
Consensus latency = 6276.373222 (+/- 1303) us 
Pre-consensus latency = 0.0 (+/- 0) us 
Pos-consensus latency = 8521099.204392001 (+/- 0) us 
Propose latency = 4329.829542 (+/- 1325) us 
Write latency = 226.761784 (+/- 21) us 
Accept latency = 1719.781896 (+/- 29) us 
Batch average size = NaN (+/- 0) requests
StandardSMMessage ByteCount = 446
TOMMessage ByteCount = 33942135
ConsensusMessage ByteCount = 140178
LCMessage ByteCount = 10
--- Measurements after 50000 ops (1000 samples) ---
Throughput = 3533.5688 operations/sec (Maximum observed: 4854.369 ops/sec)
Total latency = 8791234.491099002 (+/- 0) us 
Consensus latency = 4180.384738 (+/- 717) us 
Pre-consensus latency = 0.0 (+/- 0) us 
Pos-consensus latency = 8788093.80813 (+/- 0) us 
Propose latency = 2269.918634 (+/- 679) us 
Write latency = 208.48935500000002 (+/- 13) us 
Accept latency = 1701.9767490000002 (+/- 52) us 
Batch average size = NaN (+/- 0) requests
StandardSMMessage ByteCount = 446
TOMMessage ByteCount = 36016821
ConsensusMessage ByteCount = 140178
LCMessage ByteCount = 10
--- Measurements after 51000 ops (1000 samples) ---
Throughput = 3300.33 operations/sec (Maximum observed: 4854.369 ops/sec)
Total latency = 9064682.716586001 (+/- 0) us 
Consensus latency = 4301.852075 (+/- 1009) us 
Pre-consensus latency = 0.0 (+/- 0) us 
Pos-consensus latency = 9061386.954784 (+/- 0) us 
Propose latency = 2386.596378 (+/- 1059) us 
Write latency = 211.005732 (+/- 20) us 
Accept latency = 1704.249965 (+/- 95) us 
Batch average size = NaN (+/- 0) requests
StandardSMMessage ByteCount = 446
TOMMessage ByteCount = 37942794
ConsensusMessage ByteCount = 140178
LCMessage ByteCount = 10
--- Measurements after 52000 ops (1000 samples) ---
Throughput = 3367.0034 operations/sec (Maximum observed: 4854.369 ops/sec)
Total latency = 9367665.389119 (+/- 0) us 
Consensus latency = 8511.480303 (+/- 2285) us 
Pre-consensus latency = 0.0 (+/- 0) us 
Pos-consensus latency = 9361388.41323 (+/- 0) us 
Propose latency = 6615.4648099999995 (+/- 2048) us 
Write latency = 263.735701 (+/- 83) us 
Accept latency = 1632.2797919999998 (+/- 153) us 
Batch average size = NaN (+/- 0) requests
StandardSMMessage ByteCount = 446
TOMMessage ByteCount = 39650374
ConsensusMessage ByteCount = 140178
LCMessage ByteCount = 10
--- Measurements after 53000 ops (1000 samples) ---
Throughput = 3174.6033 operations/sec (Maximum observed: 4854.369 ops/sec)
Total latency = 9665097.114599 (+/- 0) us 
Consensus latency = 10717.609132 (+/- 644) us 
Pre-consensus latency = 0.0 (+/- 0) us 
Pos-consensus latency = 9656693.170447001 (+/- 0) us 
Propose latency = 8539.195886 (+/- 636) us 
Write latency = 375.966896 (+/- 10) us 
Accept latency = 1802.4463500000002 (+/- 18) us 
Batch average size = NaN (+/- 0) requests
StandardSMMessage ByteCount = 446
TOMMessage ByteCount = 41274770
ConsensusMessage ByteCount = 140178
LCMessage ByteCount = 10
--- Measurements after 54000 ops (1000 samples) ---
Throughput = 3344.4817 operations/sec (Maximum observed: 4854.369 ops/sec)
Total latency = 9936789.169369 (+/- 0) us 
Consensus latency = 8310.266450000001 (+/- 716) us 
Pre-consensus latency = 0.0 (+/- 0) us 
Pos-consensus latency = 9929456.207173001 (+/- 0) us 
Propose latency = 6393.9323349999995 (+/- 649) us 
Write latency = 183.277842 (+/- 71) us 
Accept latency = 1733.0562730000001 (+/- 31) us 
Batch average size = NaN (+/- 0) requests
StandardSMMessage ByteCount = 446
TOMMessage ByteCount = 42788918
ConsensusMessage ByteCount = 140178
LCMessage ByteCount = 10
--- Measurements after 55000 ops (1000 samples) ---
Throughput = 3558.7188 operations/sec (Maximum observed: 4854.369 ops/sec)
Total latency = 1.0188628336777E7 (+/- 0) us 
Consensus latency = 7314.10916 (+/- 627) us 
Pre-consensus latency = 0.0 (+/- 0) us 
Pos-consensus latency = 1.0182081104043E7 (+/- 0) us 
Propose latency = 5444.690495 (+/- 606) us 
Write latency = 178.588405 (+/- 15) us 
Accept latency = 1690.83026 (+/- 90) us 
Batch average size = NaN (+/- 0) requests
StandardSMMessage ByteCount = 446
TOMMessage ByteCount = 43971327
ConsensusMessage ByteCount = 140178
LCMessage ByteCount = 10
--- Measurements after 56000 ops (1000 samples) ---
Throughput = 3289.4736 operations/sec (Maximum observed: 4854.369 ops/sec)
Total latency = 1.0439525093403E7 (+/- 0) us 
Consensus latency = 8928.988244999999 (+/- 4103) us 
Pre-consensus latency = 0.0 (+/- 0) us 
Pos-consensus latency = 1.0431287925615E7 (+/- 0) us 
Propose latency = 7061.929378 (+/- 4038) us 
Write latency = 193.645119 (+/- 32) us 
Accept latency = 1673.413748 (+/- 52) us 
Batch average size = NaN (+/- 0) requests
StandardSMMessage ByteCount = 446
TOMMessage ByteCount = 44631688
ConsensusMessage ByteCount = 140178
LCMessage ByteCount = 10
--- Measurements after 57000 ops (1000 samples) ---
Throughput = 3816.794 operations/sec (Maximum observed: 4854.369 ops/sec)
Total latency = 1.0673144277992E7 (+/- 0) us 
Consensus latency = 9277.180808000001 (+/- 2461) us 
Pre-consensus latency = 0.0 (+/- 0) us 
Pos-consensus latency = 1.0664684709017001E7 (+/- 0) us 
Propose latency = 7326.859332999999 (+/- 2432) us 
Write latency = 170.361825 (+/- 20) us 
Accept latency = 1779.95965 (+/- 40) us 
Batch average size = NaN (+/- 0) requests
StandardSMMessage ByteCount = 446
TOMMessage ByteCount = 44638968
ConsensusMessage ByteCount = 140178
LCMessage ByteCount = 10
--- Measurements after 58000 ops (1000 samples) ---
Throughput = 4048.583 operations/sec (Maximum observed: 4854.369 ops/sec)
Total latency = 1.0870302977867E7 (+/- 0) us 
Consensus latency = 10002.868357000001 (+/- 1439) us 
Pre-consensus latency = 0.0 (+/- 0) us 
Pos-consensus latency = 1.0861029766367001E7 (+/- 0) us 
Propose latency = 8047.736131 (+/- 1483) us 
Write latency = 204.408569 (+/- 57) us 
Accept latency = 1750.723657 (+/- 56) us 
Batch average size = NaN (+/- 0) requests
StandardSMMessage ByteCount = 446
TOMMessage ByteCount = 44641048
ConsensusMessage ByteCount = 140178
LCMessage ByteCount = 10
--- Measurements after 59000 ops (1000 samples) ---
Throughput = 4184.1006 operations/sec (Maximum observed: 4854.369 ops/sec)
Total latency = 1.1065866443125999E7 (+/- 0) us 
Consensus latency = 7780.496519 (+/- 674) us 
Pre-consensus latency = 0.0 (+/- 0) us 
Pos-consensus latency = 1.1058827453874001E7 (+/- 0) us 
Propose latency = 5843.243778 (+/- 657) us 
Write latency = 211.218962 (+/- 38) us 
Accept latency = 1726.033779 (+/- 15) us 
Batch average size = NaN (+/- 0) requests
StandardSMMessage ByteCount = 446
TOMMessage ByteCount = 44641048
ConsensusMessage ByteCount = 140178
LCMessage ByteCount = 10
--- Measurements after 60000 ops (1000 samples) ---
Throughput = 4048.583 operations/sec (Maximum observed: 4854.369 ops/sec)
Total latency = 1.1253330044165E7 (+/- 0) us 
Consensus latency = 8230.365643000001 (+/- 1535) us 
Pre-consensus latency = 0.0 (+/- 0) us 
Pos-consensus latency = 1.1245944488615999E7 (+/- 0) us 
Propose latency = 6282.584521 (+/- 1507) us 
Write latency = 216.023731 (+/- 33) us 
Accept latency = 1731.757391 (+/- 71) us 
Batch average size = NaN (+/- 0) requests
StandardSMMessage ByteCount = 446
TOMMessage ByteCount = 44642088
ConsensusMessage ByteCount = 140178
LCMessage ByteCount = 10
--- Measurements after 61000 ops (1000 samples) ---
Throughput = 4166.6665 operations/sec (Maximum observed: 4854.369 ops/sec)
Total latency = 1.1489560062822001E7 (+/- 0) us 
Consensus latency = 10093.497929 (+/- 1437) us 
Pre-consensus latency = 0.0 (+/- 0) us 
Pos-consensus latency = 1.1480774692496E7 (+/- 0) us 
Propose latency = 8138.525748 (+/- 1479) us 
Write latency = 183.365975 (+/- 14) us 
Accept latency = 1771.606206 (+/- 51) us 
Batch average size = NaN (+/- 0) requests
StandardSMMessage ByteCount = 446
TOMMessage ByteCount = 44646248
ConsensusMessage ByteCount = 140178
LCMessage ByteCount = 10
--- Measurements after 62000 ops (1000 samples) ---
Throughput = 4761.905 operations/sec (Maximum observed: 4854.369 ops/sec)
Total latency = 1.1679725838361E7 (+/- 0) us 
Consensus latency = 10280.557301 (+/- 1901) us 
Pre-consensus latency = 0.0 (+/- 0) us 
Pos-consensus latency = 1.1670805813043E7 (+/- 0) us 
Propose latency = 8427.791654999999 (+/- 1900) us 
Write latency = 175.009995 (+/- 6) us 
Accept latency = 1677.7556510000002 (+/- 9) us 
Batch average size = NaN (+/- 0) requests
StandardSMMessage ByteCount = 446
TOMMessage ByteCount = 44648328
ConsensusMessage ByteCount = 140178
LCMessage ByteCount = 10
--- Measurements after 63000 ops (1000 samples) ---
Throughput = 4739.3364 operations/sec (Maximum observed: 4854.369 ops/sec)
Total latency = 1.1856320761915E7 (+/- 0) us 
Consensus latency = 11408.913806 (+/- 2216) us 
Pre-consensus latency = 0.0 (+/- 0) us 
Pos-consensus latency = 1.184571986176E7 (+/- 0) us 
Propose latency = 9514.058672000001 (+/- 2200) us 
Write latency = 176.498649 (+/- 7) us 
Accept latency = 1718.356485 (+/- 34) us 
Batch average size = NaN (+/- 0) requests
StandardSMMessage ByteCount = 446
TOMMessage ByteCount = 44655608
ConsensusMessage ByteCount = 140178
LCMessage ByteCount = 10
--- Measurements after 64000 ops (1000 samples) ---
Throughput = 4784.689 operations/sec (Maximum observed: 4854.369 ops/sec)
Total latency = 1.2012258784605E7 (+/- 0) us 
Consensus latency = 8926.90083 (+/- 2556) us 
Pre-consensus latency = 0.0 (+/- 0) us 
Pos-consensus latency = 1.2004170930212E7 (+/- 0) us 
Propose latency = 7040.5273 (+/- 2566) us 
Write latency = 169.692861 (+/- 4) us 
Accept latency = 1716.680669 (+/- 40) us 
Batch average size = NaN (+/- 0) requests
StandardSMMessage ByteCount = 446
TOMMessage ByteCount = 44660808
ConsensusMessage ByteCount = 140178
LCMessage ByteCount = 10
--- Measurements after 65000 ops (1000 samples) ---
Throughput = 4149.3774 operations/sec (Maximum observed: 4854.369 ops/sec)
Total latency = 1.2191422601212999E7 (+/- 0) us 
Consensus latency = 6532.190675 (+/- 1008) us 
Pre-consensus latency = 0.0 (+/- 0) us 
Pos-consensus latency = 1.2185651843308E7 (+/- 0) us 
Propose latency = 4625.700411000001 (+/- 984) us 
Write latency = 169.124402 (+/- 4) us 
Accept latency = 1737.3658619999999 (+/- 32) us 
Batch average size = NaN (+/- 0) requests
StandardSMMessage ByteCount = 446
TOMMessage ByteCount = 44660808
ConsensusMessage ByteCount = 140178
LCMessage ByteCount = 10
--- Measurements after 66000 ops (1000 samples) ---
Throughput = 4901.961 operations/sec (Maximum observed: 4901.961 ops/sec)
Total latency = 1.2400014094465999E7 (+/- 0) us 
Consensus latency = 8902.235669 (+/- 4396) us 
Pre-consensus latency = 0.0 (+/- 0) us 
Pos-consensus latency = 1.2392881638091998E7 (+/- 0) us 
Propose latency = 6954.147953 (+/- 4346) us 
Write latency = 233.884105 (+/- 56) us 
Accept latency = 1714.2036110000001 (+/- 28) us 
Batch average size = NaN (+/- 0) requests
StandardSMMessage ByteCount = 446
TOMMessage ByteCount = 44661848
ConsensusMessage ByteCount = 140178
LCMessage ByteCount = 10
--- Measurements after 67000 ops (1000 samples) ---
Throughput = 6493.5063 operations/sec (Maximum observed: 6493.5063 ops/sec)
Total latency = 1.256238480742E7 (+/- 0) us 
Consensus latency = 12757.82284 (+/- 507) us 
Pre-consensus latency = 0.0 (+/- 0) us 
Pos-consensus latency = 1.2552127730664E7 (+/- 0) us 
Propose latency = 10817.486172 (+/- 451) us 
Write latency = 234.450932 (+/- 55) us 
Accept latency = 1705.885736 (+/- 0) us 
Batch average size = NaN (+/- 0) requests
StandardSMMessage ByteCount = 446
TOMMessage ByteCount = 44869432
ConsensusMessage ByteCount = 140178
LCMessage ByteCount = 10
--- Measurements after 68000 ops (1000 samples) ---
Throughput = 6535.9478 operations/sec (Maximum observed: 6535.9478 ops/sec)
Total latency = 1.2701536255927999E7 (+/- 0) us 
Consensus latency = 12127.793007999999 (+/- 135) us 
Pre-consensus latency = 0.0 (+/- 0) us 
Pos-consensus latency = 1.2691822637056E7 (+/- 0) us 
Propose latency = 10269.11064 (+/- 107) us 
Write latency = 182.94051199999998 (+/- 2) us 
Accept latency = 1675.7418559999999 (+/- 30) us 
Batch average size = NaN (+/- 0) requests
StandardSMMessage ByteCount = 446
TOMMessage ByteCount = 45178740
ConsensusMessage ByteCount = 140178
LCMessage ByteCount = 10
--- Measurements after 69000 ops (1000 samples) ---
Throughput = 5952.381 operations/sec (Maximum observed: 6535.9478 ops/sec)
Total latency = 1.2843793267344E7 (+/- 0) us 
Consensus latency = 11751.68174 (+/- 256) us 
Pre-consensus latency = 0.0 (+/- 0) us 
Pos-consensus latency = 1.2834569363404E7 (+/- 0) us 
Propose latency = 9865.30664 (+/- 317) us 
Write latency = 196.56392000000002 (+/- 11) us 
Accept latency = 1689.81118 (+/- 49) us 
Batch average size = NaN (+/- 0) requests
StandardSMMessage ByteCount = 446
TOMMessage ByteCount = 45506786
ConsensusMessage ByteCount = 140178
LCMessage ByteCount = 10
--- Measurements after 70000 ops (1000 samples) ---
Throughput = 6535.9478 operations/sec (Maximum observed: 6535.9478 ops/sec)
Total latency = 1.2994973769639999E7 (+/- 0) us 
Consensus latency = 12218.024730000001 (+/- 829) us 
Pre-consensus latency = 0.0 (+/- 0) us 
Pos-consensus latency = 1.298512496194E7 (+/- 0) us 
Propose latency = 10264.992361999999 (+/- 829) us 
Write latency = 191.060328 (+/- 20) us 
Accept latency = 1761.97204 (+/- 20) us 
Batch average size = NaN (+/- 0) requests
StandardSMMessage ByteCount = 446
TOMMessage ByteCount = 45836931
ConsensusMessage ByteCount = 140178
LCMessage ByteCount = 10
--- Measurements after 71000 ops (1000 samples) ---
Throughput = 6535.9478 operations/sec (Maximum observed: 6535.9478 ops/sec)
Total latency = 1.313285959805E7 (+/- 0) us 
Consensus latency = 11253.702519999999 (+/- 2038) us 
Pre-consensus latency = 0.0 (+/- 0) us 
Pos-consensus latency = 1.3123536330772E7 (+/- 0) us 
Propose latency = 9377.068628 (+/- 1955) us 
Write latency = 173.12530600000002 (+/- 4) us 
Accept latency = 1703.508586 (+/- 87) us 
Batch average size = NaN (+/- 0) requests
StandardSMMessage ByteCount = 446
TOMMessage ByteCount = 46126666
ConsensusMessage ByteCount = 140178
LCMessage ByteCount = 10
--- Measurements after 72000 ops (1000 samples) ---
Throughput = 6622.5166 operations/sec (Maximum observed: 6622.5166 ops/sec)
Total latency = 1.3260954558856001E7 (+/- 0) us 
Consensus latency = 8309.968756 (+/- 531) us 
Pre-consensus latency = 0.0 (+/- 0) us 
Pos-consensus latency = 1.3253724401712999E7 (+/- 0) us 
Propose latency = 6491.217131 (+/- 507) us 
Write latency = 173.640517 (+/- 10) us 
Accept latency = 1645.111108 (+/- 51) us 
Batch average size = NaN (+/- 0) requests
StandardSMMessage ByteCount = 446
TOMMessage ByteCount = 46403980
ConsensusMessage ByteCount = 140178
LCMessage ByteCount = 10
--- Measurements after 73000 ops (1000 samples) ---
Throughput = 6578.9473 operations/sec (Maximum observed: 6622.5166 ops/sec)
Total latency = 1.3374180587934E7 (+/- 0) us 
Consensus latency = 8273.077401 (+/- 337) us 
Pre-consensus latency = 0.0 (+/- 0) us 
Pos-consensus latency = 1.3366707456801001E7 (+/- 0) us 
Propose latency = 6418.919108 (+/- 316) us 
Write latency = 178.450878 (+/- 13) us 
Accept latency = 1675.707415 (+/- 59) us 
Batch average size = NaN (+/- 0) requests
StandardSMMessage ByteCount = 446
TOMMessage ByteCount = 46699025
ConsensusMessage ByteCount = 140178
LCMessage ByteCount = 10
--- Measurements after 74000 ops (1000 samples) ---
Throughput = 6024.096 operations/sec (Maximum observed: 6622.5166 ops/sec)
Total latency = 1.3479266051126E7 (+/- 0) us 
Consensus latency = 9714.500726 (+/- 4032) us 
Pre-consensus latency = 0.0 (+/- 0) us 
Pos-consensus latency = 1.3470296813656999E7 (+/- 0) us 
Propose latency = 7879.571612 (+/- 3933) us 
Write latency = 177.38259599999998 (+/- 11) us 
Accept latency = 1657.5465179999999 (+/- 126) us 
Batch average size = NaN (+/- 0) requests
StandardSMMessage ByteCount = 446
TOMMessage ByteCount = 47069006
ConsensusMessage ByteCount = 140178
LCMessage ByteCount = 10
--- Measurements after 75000 ops (1000 samples) ---
Throughput = 6578.9473 operations/sec (Maximum observed: 6622.5166 ops/sec)
Total latency = 1.357957972099E7 (+/- 0) us 
Consensus latency = 10179.308379 (+/- 2486) us 
Pre-consensus latency = 0.0 (+/- 0) us 
Pos-consensus latency = 1.3570199193745E7 (+/- 0) us 
Propose latency = 8304.942681 (+/- 2435) us 
Write latency = 168.031452 (+/- 2) us 
Accept latency = 1706.3342460000001 (+/- 68) us 
Batch average size = NaN (+/- 0) requests
StandardSMMessage ByteCount = 446
TOMMessage ByteCount = 47375660
ConsensusMessage ByteCount = 140178
LCMessage ByteCount = 10
--- Measurements after 76000 ops (1000 samples) ---
Throughput = 6666.6665 operations/sec (Maximum observed: 6666.6665 ops/sec)
Total latency = 1.3678937504358E7 (+/- 0) us 
Consensus latency = 10130.869372 (+/- 263) us 
Pre-consensus latency = 0.0 (+/- 0) us 
Pos-consensus latency = 1.3669832331506E7 (+/- 0) us 
Propose latency = 8310.179817 (+/- 193) us 
Write latency = 195.19060000000002 (+/- 16) us 
Accept latency = 1625.498955 (+/- 94) us 
Batch average size = NaN (+/- 0) requests
StandardSMMessage ByteCount = 446
TOMMessage ByteCount = 47656380
ConsensusMessage ByteCount = 140178
LCMessage ByteCount = 10
--- Measurements after 77000 ops (1000 samples) ---
Throughput = 6578.9473 operations/sec (Maximum observed: 6666.6665 ops/sec)
Total latency = 1.3794346272194E7 (+/- 0) us 
Consensus latency = 9232.248835 (+/- 1762) us 
Pre-consensus latency = 0.0 (+/- 0) us 
Pos-consensus latency = 1.3786405157219E7 (+/- 0) us 
Propose latency = 7437.059730999999 (+/- 1761) us 
Write latency = 171.191478 (+/- 7) us 
Accept latency = 1623.9976259999999 (+/- 35) us 
Batch average size = NaN (+/- 0) requests
StandardSMMessage ByteCount = 446
TOMMessage ByteCount = 47966037
ConsensusMessage ByteCount = 140178
LCMessage ByteCount = 10
--- Measurements after 78000 ops (1000 samples) ---
Throughput = 6535.9478 operations/sec (Maximum observed: 6666.6665 ops/sec)
Total latency = 1.3929053013895001E7 (+/- 0) us 
Consensus latency = 13966.496539999998 (+/- 855) us 
Pre-consensus latency = 0.0 (+/- 0) us 
Pos-consensus latency = 1.3917546404785E7 (+/- 0) us 
Propose latency = 12164.522068 (+/- 904) us 
Write latency = 168.80598 (+/- 0) us 
Accept latency = 1633.168492 (+/- 48) us 
Batch average size = NaN (+/- 0) requests
StandardSMMessage ByteCount = 446
TOMMessage ByteCount = 48226615
ConsensusMessage ByteCount = 140178
LCMessage ByteCount = 10
--- Measurements after 79000 ops (1000 samples) ---
Throughput = 5952.381 operations/sec (Maximum observed: 6666.6665 ops/sec)
Total latency = 1.4077625934537001E7 (+/- 0) us 
Consensus latency = 11520.237761 (+/- 1586) us 
Pre-consensus latency = 0.0 (+/- 0) us 
Pos-consensus latency = 1.4068592474628E7 (+/- 0) us 
Propose latency = 9559.643264 (+/- 1595) us 
Write latency = 169.222375 (+/- 1) us 
Accept latency = 1791.372122 (+/- 10) us 
Batch average size = NaN (+/- 0) requests
StandardSMMessage ByteCount = 446
TOMMessage ByteCount = 48507973
ConsensusMessage ByteCount = 140178
LCMessage ByteCount = 10
--- Measurements after 80000 ops (1000 samples) ---
Throughput = 6578.9473 operations/sec (Maximum observed: 6666.6665 ops/sec)
Total latency = 1.4215703336555E7 (+/- 0) us 
Consensus latency = 17568.383635000002 (+/- 1491) us 
Pre-consensus latency = 0.0 (+/- 0) us 
Pos-consensus latency = 1.420079882284E7 (+/- 0) us 
Propose latency = 15641.831345 (+/- 1512) us 
Write latency = 177.319625 (+/- 12) us 
Accept latency = 1749.232665 (+/- 9) us 
Batch average size = NaN (+/- 0) requests
StandardSMMessage ByteCount = 446
TOMMessage ByteCount = 48779375
ConsensusMessage ByteCount = 140178
LCMessage ByteCount = 10
--- Measurements after 81000 ops (1000 samples) ---
Throughput = 6578.9473 operations/sec (Maximum observed: 6666.6665 ops/sec)
Total latency = 1.4347361716507E7 (+/- 0) us 
Consensus latency = 9733.356739 (+/- 91) us 
Pre-consensus latency = 0.0 (+/- 0) us 
Pos-consensus latency = 1.4339888322899E7 (+/- 0) us 
Propose latency = 7695.460113 (+/- 79) us 
Write latency = 241.185404 (+/- 4) us 
Accept latency = 1796.7112220000001 (+/- 7) us 
Batch average size = NaN (+/- 0) requests
StandardSMMessage ByteCount = 446
TOMMessage ByteCount = 49014387
ConsensusMessage ByteCount = 140178
LCMessage ByteCount = 10
--- Measurements after 82000 ops (1000 samples) ---
Throughput = 6622.5166 operations/sec (Maximum observed: 6666.6665 ops/sec)
Total latency = 1.4485652803619E7 (+/- 0) us 
Consensus latency = 8869.217 (+/- 0) us 
Pre-consensus latency = 0.0 (+/- 0) us 
Pos-consensus latency = 1.4479193799619E7 (+/- 0) us 
Propose latency = 6945.089 (+/- 0) us 
Write latency = 198.425 (+/- 0) us 
Accept latency = 1725.703 (+/- 0) us 
Batch average size = NaN (+/- 0) requests
StandardSMMessage ByteCount = 446
TOMMessage ByteCount = 49275393
ConsensusMessage ByteCount = 140178
LCMessage ByteCount = 10
--- Measurements after 83000 ops (1000 samples) ---
Throughput = 5882.353 operations/sec (Maximum observed: 6666.6665 ops/sec)
Total latency = 1.4631478723108E7 (+/- 0) us 
Consensus latency = 12229.362761 (+/- 385) us 
Pre-consensus latency = 0.0 (+/- 0) us 
Pos-consensus latency = 1.4621555471496E7 (+/- 0) us 
Propose latency = 9343.423988 (+/- 275) us 
Write latency = 927.419252 (+/- 83) us 
Accept latency = 1958.519521 (+/- 26) us 
Batch average size = NaN (+/- 0) requests
StandardSMMessage ByteCount = 446
TOMMessage ByteCount = 49497896
ConsensusMessage ByteCount = 140178
LCMessage ByteCount = 10
--- Measurements after 84000 ops (1000 samples) ---
Throughput = 6622.5166 operations/sec (Maximum observed: 6666.6665 ops/sec)
Total latency = 1.4782957080471002E7 (+/- 0) us 
Consensus latency = 11479.959698 (+/- 155) us 
Pre-consensus latency = 0.0 (+/- 0) us 
Pos-consensus latency = 1.4774287381845E7 (+/- 0) us 
Propose latency = 9255.201355000001 (+/- 23) us 
Write latency = 410.870542 (+/- 103) us 
Accept latency = 1813.887801 (+/- 28) us 
Batch average size = NaN (+/- 0) requests
StandardSMMessage ByteCount = 446
TOMMessage ByteCount = 49690267
ConsensusMessage ByteCount = 140178
LCMessage ByteCount = 10
--- Measurements after 85000 ops (1000 samples) ---
Throughput = 6622.5166 operations/sec (Maximum observed: 6666.6665 ops/sec)
Total latency = 1.4913599694674E7 (+/- 0) us 
Consensus latency = 19922.161594999998 (+/- 2160) us 
Pre-consensus latency = 0.0 (+/- 0) us 
Pos-consensus latency = 1.4902844359059E7 (+/- 0) us 
Propose latency = 17874.136433 (+/- 2199) us 
Write latency = 213.677914 (+/- 45) us 
Accept latency = 1834.3472479999998 (+/- 6) us 
Batch average size = NaN (+/- 0) requests
StandardSMMessage ByteCount = 446
TOMMessage ByteCount = 49913843
ConsensusMessage ByteCount = 140178
LCMessage ByteCount = 10
--- Measurements after 86000 ops (1000 samples) ---
Throughput = 6666.6665 operations/sec (Maximum observed: 6666.6665 ops/sec)
Total latency = 1.5047410633377E7 (+/- 0) us 
Consensus latency = 11028.817570000001 (+/- 2879) us 
Pre-consensus latency = 0.0 (+/- 0) us 
Pos-consensus latency = 1.5039730625572E7 (+/- 0) us 
Propose latency = 9019.541255 (+/- 2870) us 
Write latency = 303.44039000000004 (+/- 30) us 
Accept latency = 1705.835925 (+/- 39) us 
Batch average size = NaN (+/- 0) requests
StandardSMMessage ByteCount = 446
TOMMessage ByteCount = 50127000
ConsensusMessage ByteCount = 140178
LCMessage ByteCount = 10
--- Measurements after 87000 ops (1000 samples) ---
Throughput = 6666.6665 operations/sec (Maximum observed: 6666.6665 ops/sec)
Total latency = 1.5184657871482E7 (+/- 0) us 
Consensus latency = 12137.032508999999 (+/- 694) us 
Pre-consensus latency = 0.0 (+/- 0) us 
Pos-consensus latency = 1.5174942267853001E7 (+/- 0) us 
Propose latency = 10237.120484 (+/- 732) us 
Write latency = 176.785954 (+/- 47) us 
Accept latency = 1723.126071 (+/- 10) us 
Batch average size = NaN (+/- 0) requests
StandardSMMessage ByteCount = 446
TOMMessage ByteCount = 50317273
ConsensusMessage ByteCount = 140178
LCMessage ByteCount = 10
--- Measurements after 88000 ops (1000 samples) ---
Throughput = 6024.096 operations/sec (Maximum observed: 6666.6665 ops/sec)
Total latency = 1.5329366222655E7 (+/- 0) us 
Consensus latency = 10776.164405 (+/- 628) us 
Pre-consensus latency = 0.0 (+/- 0) us 
Pos-consensus latency = 1.5321195665593E7 (+/- 0) us 
Propose latency = 8903.024414000001 (+/- 623) us 
Write latency = 183.910672 (+/- 9) us 
Accept latency = 1689.2293189999998 (+/- 14) us 
Batch average size = NaN (+/- 0) requests
StandardSMMessage ByteCount = 446
TOMMessage ByteCount = 50552266
ConsensusMessage ByteCount = 140178
LCMessage ByteCount = 10
--- Measurements after 89000 ops (1000 samples) ---
Throughput = 6666.6665 operations/sec (Maximum observed: 6666.6665 ops/sec)
Total latency = 1.5475069132099E7 (+/- 0) us 
Consensus latency = 10300.334456 (+/- 99) us 
Pre-consensus latency = 0.0 (+/- 0) us 
Pos-consensus latency = 1.5467461409475999E7 (+/- 0) us 
Propose latency = 8423.520691 (+/- 101) us 
Write latency = 108.50383199999999 (+/- 34) us 
Accept latency = 1768.309933 (+/- 36) us 
Batch average size = NaN (+/- 0) requests
StandardSMMessage ByteCount = 446
TOMMessage ByteCount = 50758160
ConsensusMessage ByteCount = 140178
LCMessage ByteCount = 10
--- Measurements after 90000 ops (1000 samples) ---
Throughput = 6666.6665 operations/sec (Maximum observed: 6666.6665 ops/sec)
Total latency = 1.5613194013612E7 (+/- 0) us 
Consensus latency = 11015.209918 (+/- 356) us 
Pre-consensus latency = 0.0 (+/- 0) us 
Pos-consensus latency = 1.5604784880805E7 (+/- 0) us 
Propose latency = 9351.263193 (+/- 456) us 
Write latency = 139.244509 (+/- 21) us 
Accept latency = 1524.702216 (+/- 122) us 
Batch average size = NaN (+/- 0) requests
StandardSMMessage ByteCount = 446
TOMMessage ByteCount = 50918293
ConsensusMessage ByteCount = 140178
LCMessage ByteCount = 10
--- Measurements after 91000 ops (1000 samples) ---
Throughput = 6666.6665 operations/sec (Maximum observed: 6666.6665 ops/sec)
Total latency = 1.5750810133233E7 (+/- 0) us 
Consensus latency = 10303.870359999999 (+/- 446) us 
Pre-consensus latency = 0.0 (+/- 0) us 
Pos-consensus latency = 1.5743364181968E7 (+/- 0) us 
Propose latency = 8725.269960000001 (+/- 427) us 
Write latency = 153.191475 (+/- 1) us 
Accept latency = 1425.408925 (+/- 21) us 
Batch average size = NaN (+/- 0) requests
StandardSMMessage ByteCount = 446
TOMMessage ByteCount = 51104427
ConsensusMessage ByteCount = 140178
LCMessage ByteCount = 10
--- Measurements after 92000 ops (1000 samples) ---
Throughput = 6666.6665 operations/sec (Maximum observed: 6666.6665 ops/sec)
Total latency = 1.5889134457047E7 (+/- 0) us 
Consensus latency = 10881.784225 (+/- 438) us 
Pre-consensus latency = 0.0 (+/- 0) us 
Pos-consensus latency = 1.5881216079047E7 (+/- 0) us 
Propose latency = 9278.598747 (+/- 419) us 
Write latency = 127.66611900000001 (+/- 14) us 
Accept latency = 1475.519359 (+/- 33) us 
Batch average size = NaN (+/- 0) requests
StandardSMMessage ByteCount = 446
TOMMessage ByteCount = 51306162
ConsensusMessage ByteCount = 140178
LCMessage ByteCount = 10
--- Measurements after 93000 ops (1000 samples) ---
Throughput = 5988.024 operations/sec (Maximum observed: 6666.6665 ops/sec)
Total latency = 1.6043354533657E7 (+/- 0) us 
Consensus latency = 9286.081107999998 (+/- 1068) us 
Pre-consensus latency = 0.0 (+/- 0) us 
Pos-consensus latency = 1.6036123204087E7 (+/- 0) us 
Propose latency = 7786.072708 (+/- 1002) us 
Write latency = 99.185981 (+/- 11) us 
Accept latency = 1400.822419 (+/- 54) us 
Batch average size = NaN (+/- 0) requests
StandardSMMessage ByteCount = 446
TOMMessage ByteCount = 51530776
ConsensusMessage ByteCount = 140178
LCMessage ByteCount = 10
--- Measurements after 94000 ops (1000 samples) ---
Throughput = 6666.6665 operations/sec (Maximum observed: 6666.6665 ops/sec)
Total latency = 1.6186315684017E7 (+/- 0) us 
Consensus latency = 8845.3817 (+/- 111) us 
Pre-consensus latency = 0.0 (+/- 0) us 
Pos-consensus latency = 1.6179199329331E7 (+/- 0) us 
Propose latency = 7184.22347 (+/- 11) us 
Write latency = 124.552405 (+/- 20) us 
Accept latency = 1536.6058249999999 (+/- 103) us 
Batch average size = NaN (+/- 0) requests
StandardSMMessage ByteCount = 446
TOMMessage ByteCount = 51738756
ConsensusMessage ByteCount = 140178
LCMessage ByteCount = 10
--- Measurements after 95000 ops (1000 samples) ---
Throughput = 6666.6665 operations/sec (Maximum observed: 6666.6665 ops/sec)
Total latency = 1.6326393724761E7 (+/- 0) us 
Consensus latency = 8620.960391 (+/- 192) us 
Pre-consensus latency = 0.0 (+/- 0) us 
Pos-consensus latency = 1.6319564933120001E7 (+/- 0) us 
Propose latency = 6788.618212 (+/- 254) us 
Write latency = 117.377592 (+/- 12) us 
Accept latency = 1714.9645870000002 (+/- 75) us 
Batch average size = NaN (+/- 0) requests
StandardSMMessage ByteCount = 446
TOMMessage ByteCount = 51950890
ConsensusMessage ByteCount = 140178
LCMessage ByteCount = 10
--- Measurements after 96000 ops (1000 samples) ---
Throughput = 6666.6665 operations/sec (Maximum observed: 6666.6665 ops/sec)
Total latency = 1.6466867895846E7 (+/- 0) us 
Consensus latency = 8958.02065 (+/- 321) us 
Pre-consensus latency = 0.0 (+/- 0) us 
Pos-consensus latency = 1.6459768740846E7 (+/- 0) us 
Propose latency = 7299.594700000001 (+/- 470) us 
Write latency = 107.273275 (+/- 1) us 
Accept latency = 1551.152675 (+/- 147) us 
Batch average size = NaN (+/- 0) requests
StandardSMMessage ByteCount = 446
TOMMessage ByteCount = 52124547
ConsensusMessage ByteCount = 140178
LCMessage ByteCount = 10
--- Measurements after 97000 ops (1000 samples) ---
Throughput = 6024.096 operations/sec (Maximum observed: 6666.6665 ops/sec)
Total latency = 1.6610298189252E7 (+/- 0) us 
Consensus latency = 9550.904316 (+/- 270) us 
Pre-consensus latency = 0.0 (+/- 0) us 
Pos-consensus latency = 1.66025887173E7 (+/- 0) us 
Propose latency = 7967.990261 (+/- 250) us 
Write latency = 97.72597599999999 (+/- 6) us 
Accept latency = 1485.188079 (+/- 26) us 
Batch average size = NaN (+/- 0) requests
StandardSMMessage ByteCount = 446
TOMMessage ByteCount = 52306528
ConsensusMessage ByteCount = 140178
LCMessage ByteCount = 10
--- Measurements after 98000 ops (1000 samples) ---
Throughput = 6666.6665 operations/sec (Maximum observed: 6666.6665 ops/sec)
Total latency = 1.6762365993179E7 (+/- 0) us 
Consensus latency = 10265.124865 (+/- 398) us 
Pre-consensus latency = 0.0 (+/- 0) us 
Pos-consensus latency = 1.6753903656299E7 (+/- 0) us 
Propose latency = 8695.098125 (+/- 419) us 
Write latency = 94.243586 (+/- 0) us 
Accept latency = 1475.7831540000002 (+/- 22) us 
Batch average size = NaN (+/- 0) requests
StandardSMMessage ByteCount = 446
TOMMessage ByteCount = 52476036
ConsensusMessage ByteCount = 140178
LCMessage ByteCount = 10
--- Measurements after 99000 ops (1000 samples) ---
Throughput = 6666.6665 operations/sec (Maximum observed: 6666.6665 ops/sec)
Total latency = 1.690142096171E7 (+/- 0) us 
Consensus latency = 9619.151553 (+/- 773) us 
Pre-consensus latency = 0.0 (+/- 0) us 
Pos-consensus latency = 1.6893980104903E7 (+/- 0) us 
Propose latency = 7910.728055 (+/- 899) us 
Write latency = 96.629913 (+/- 1) us 
Accept latency = 1611.793585 (+/- 124) us 
Batch average size = NaN (+/- 0) requests
StandardSMMessage ByteCount = 446
TOMMessage ByteCount = 52823368
ConsensusMessage ByteCount = 140178
LCMessage ByteCount = 10
--- Measurements after 100000 ops (1000 samples) ---
Throughput = 6666.6665 operations/sec (Maximum observed: 6666.6665 ops/sec)
Total latency = 1.7041120849781E7 (+/- 0) us 
Consensus latency = 8997.289398 (+/- 4) us 
Pre-consensus latency = 0.0 (+/- 0) us 
Pos-consensus latency = 1.7034393680871E7 (+/- 0) us 
Propose latency = 7131.827449 (+/- 42) us 
Write latency = 140.39072 (+/- 36) us 
Accept latency = 1725.0712290000001 (+/- 10) us 
Batch average size = NaN (+/- 0) requests
StandardSMMessage ByteCount = 446
TOMMessage ByteCount = 53283028
ConsensusMessage ByteCount = 140178
LCMessage ByteCount = 10
--- Measurements after 101000 ops (1000 samples) ---
Throughput = 6666.6665 operations/sec (Maximum observed: 6666.6665 ops/sec)
Total latency = 1.7181197555133E7 (+/- 0) us 
Consensus latency = 9132.753429999999 (+/- 117) us 
Pre-consensus latency = 0.0 (+/- 0) us 
Pos-consensus latency = 1.7174306270767998E7 (+/- 0) us 
Propose latency = 7300.75433 (+/- 183) us 
Write latency = 152.942375 (+/- 16) us 
Accept latency = 1679.0567250000001 (+/- 49) us 
Batch average size = NaN (+/- 0) requests
StandardSMMessage ByteCount = 446
TOMMessage ByteCount = 53715635
ConsensusMessage ByteCount = 140178
LCMessage ByteCount = 10
--- Measurements after 102000 ops (1000 samples) ---
Throughput = 4716.981 operations/sec (Maximum observed: 6666.6665 ops/sec)
Total latency = 1.734800601793E7 (+/- 0) us 
Consensus latency = 9682.959169 (+/- 418) us 
Pre-consensus latency = 0.0 (+/- 0) us 
Pos-consensus latency = 1.7340915807833E7 (+/- 0) us 
Propose latency = 7882.65595 (+/- 392) us 
Write latency = 146.52267600000002 (+/- 7) us 
Accept latency = 1653.780543 (+/- 17) us 
Batch average size = NaN (+/- 0) requests
StandardSMMessage ByteCount = 446
TOMMessage ByteCount = 54225099
ConsensusMessage ByteCount = 140178
LCMessage ByteCount = 10
--- Measurements after 103000 ops (1000 samples) ---
Throughput = 4694.8354 operations/sec (Maximum observed: 6666.6665 ops/sec)
Total latency = 1.7551036798926E7 (+/- 0) us 
Consensus latency = 11233.065471999998 (+/- 1141) us 
Pre-consensus latency = 0.0 (+/- 0) us 
Pos-consensus latency = 1.7542352147161998E7 (+/- 0) us 
Propose latency = 9283.299742000001 (+/- 1017) us 
Write latency = 145.723177 (+/- 8) us 
Accept latency = 1804.042553 (+/- 131) us 
Batch average size = NaN (+/- 0) requests
StandardSMMessage ByteCount = 446
TOMMessage ByteCount = 54808445
ConsensusMessage ByteCount = 140178
LCMessage ByteCount = 10
--- Measurements after 104000 ops (1000 samples) ---
Throughput = 4694.8354 operations/sec (Maximum observed: 6666.6665 ops/sec)
Total latency = 1.7750729655571E7 (+/- 0) us 
Consensus latency = 11180.915308 (+/- 1218) us 
Pre-consensus latency = 0.0 (+/- 0) us 
Pos-consensus latency = 1.7741490249495E7 (+/- 0) us 
Propose latency = 9204.292389 (+/- 1120) us 
Write latency = 147.60244500000002 (+/- 10) us 
Accept latency = 1829.020474 (+/- 108) us 
Batch average size = NaN (+/- 0) requests
StandardSMMessage ByteCount = 446
TOMMessage ByteCount = 55353276
ConsensusMessage ByteCount = 140178
LCMessage ByteCount = 10
--- Measurements after 105000 ops (1000 samples) ---
Throughput = 4694.8354 operations/sec (Maximum observed: 6666.6665 ops/sec)
Total latency = 1.7948082274237998E7 (+/- 0) us 
Consensus latency = 12051.246395 (+/- 2314) us 
Pre-consensus latency = 0.0 (+/- 0) us 
Pos-consensus latency = 1.7938072271564998E7 (+/- 0) us 
Propose latency = 10226.846463 (+/- 2369) us 
Write latency = 168.390405 (+/- 11) us 
Accept latency = 1656.009527 (+/- 65) us 
Batch average size = NaN (+/- 0) requests
StandardSMMessage ByteCount = 446
TOMMessage ByteCount = 55915247
ConsensusMessage ByteCount = 140178
LCMessage ByteCount = 10
--- Measurements after 106000 ops (1000 samples) ---
Throughput = 4329.0044 operations/sec (Maximum observed: 6666.6665 ops/sec)
Total latency = 1.8148242439740002E7 (+/- 0) us 
Consensus latency = 12484.63075 (+/- 2369) us 
Pre-consensus latency = 0.0 (+/- 0) us 
Pos-consensus latency = 1.81383234855E7 (+/- 0) us 
Propose latency = 10710.052904999999 (+/- 2380) us 
Write latency = 169.78014499999998 (+/- 12) us 
Accept latency = 1604.7976999999998 (+/- 23) us 
Batch average size = NaN (+/- 0) requests
StandardSMMessage ByteCount = 446
TOMMessage ByteCount = 56506901
ConsensusMessage ByteCount = 140178
LCMessage ByteCount = 10
--- Measurements after 107000 ops (1000 samples) ---
Throughput = 4651.1626 operations/sec (Maximum observed: 6666.6665 ops/sec)
Total latency = 1.836100315014E7 (+/- 0) us 
Consensus latency = 10102.70965 (+/- 379) us 
Pre-consensus latency = 0.0 (+/- 0) us 
Pos-consensus latency = 1.8353496459118E7 (+/- 0) us 
Propose latency = 8335.96427 (+/- 403) us 
Write latency = 155.659248 (+/- 0) us 
Accept latency = 1611.086132 (+/- 24) us 
Batch average size = NaN (+/- 0) requests
StandardSMMessage ByteCount = 446
TOMMessage ByteCount = 57068449
ConsensusMessage ByteCount = 140178
LCMessage ByteCount = 10
--- Measurements after 108000 ops (1000 samples) ---
Throughput = 4694.8354 operations/sec (Maximum observed: 6666.6665 ops/sec)
Total latency = 1.8563610825335E7 (+/- 0) us 
Consensus latency = 10594.553911 (+/- 47) us 
Pre-consensus latency = 0.0 (+/- 0) us 
Pos-consensus latency = 1.8555679114102002E7 (+/- 0) us 
Propose latency = 8904.788424 (+/- 107) us 
Write latency = 149.03695000000002 (+/- 7) us 
Accept latency = 1540.728537 (+/- 52) us 
Batch average size = NaN (+/- 0) requests
StandardSMMessage ByteCount = 446
TOMMessage ByteCount = 57576960
ConsensusMessage ByteCount = 140178
LCMessage ByteCount = 10
--- Measurements after 109000 ops (1000 samples) ---
Throughput = 4739.3364 operations/sec (Maximum observed: 6666.6665 ops/sec)
Total latency = 1.876425244731E7 (+/- 0) us 
Consensus latency = 11047.434399 (+/- 521) us 
Pre-consensus latency = 0.0 (+/- 0) us 
Pos-consensus latency = 1.8755840839617E7 (+/- 0) us 
Propose latency = 9314.78342 (+/- 363) us 
Write latency = 178.734129 (+/- 52) us 
Accept latency = 1553.91685 (+/- 104) us 
Batch average size = NaN (+/- 0) requests
StandardSMMessage ByteCount = 446
TOMMessage ByteCount = 58052207
ConsensusMessage ByteCount = 140178
LCMessage ByteCount = 10
--- Measurements after 110000 ops (1000 samples) ---
Throughput = 5154.639 operations/sec (Maximum observed: 6666.6665 ops/sec)
Total latency = 1.8961348863031E7 (+/- 0) us 
Consensus latency = 10648.882129000001 (+/- 1520) us 
Pre-consensus latency = 0.0 (+/- 0) us 
Pos-consensus latency = 1.8953210660028998E7 (+/- 0) us 
Propose latency = 8703.048513 (+/- 1527) us 
Write latency = 246.738909 (+/- 2) us 
Accept latency = 1699.094707 (+/- 8) us 
Batch average size = NaN (+/- 0) requests
StandardSMMessage ByteCount = 446
TOMMessage ByteCount = 58524337
ConsensusMessage ByteCount = 140178
LCMessage ByteCount = 10
--- Measurements after 111000 ops (1000 samples) ---
Throughput = 5847.953 operations/sec (Maximum observed: 6666.6665 ops/sec)
Total latency = 1.9131124160192E7 (+/- 0) us 
Consensus latency = 8893.770654999998 (+/- 542) us 
Pre-consensus latency = 0.0 (+/- 0) us 
Pos-consensus latency = 1.9124422355272E7 (+/- 0) us 
Propose latency = 6943.32083 (+/- 549) us 
Write latency = 224.92832 (+/- 27) us 
Accept latency = 1725.521505 (+/- 20) us 
Batch average size = NaN (+/- 0) requests
StandardSMMessage ByteCount = 446
TOMMessage ByteCount = 58931985
ConsensusMessage ByteCount = 140178
LCMessage ByteCount = 10
--- Measurements after 112000 ops (1000 samples) ---
Throughput = 6535.9478 operations/sec (Maximum observed: 6666.6665 ops/sec)
Total latency = 1.9270807065062E7 (+/- 0) us 
Consensus latency = 9828.622715 (+/- 3081) us 
Pre-consensus latency = 0.0 (+/- 0) us 
Pos-consensus latency = 1.9262221372520998E7 (+/- 0) us 
Propose latency = 7932.420034 (+/- 3042) us 
Write latency = 175.692623 (+/- 14) us 
Accept latency = 1720.510058 (+/- 57) us 
Batch average size = NaN (+/- 0) requests
StandardSMMessage ByteCount = 446
TOMMessage ByteCount = 59129572
ConsensusMessage ByteCount = 140178
LCMessage ByteCount = 10
--- Measurements after 113000 ops (1000 samples) ---
Throughput = 6493.5063 operations/sec (Maximum observed: 6666.6665 ops/sec)
Total latency = 1.9397543191345003E7 (+/- 0) us 
Consensus latency = 5200.33872 (+/- 797) us 
Pre-consensus latency = 0.0 (+/- 0) us 
Pos-consensus latency = 1.9393060056848E7 (+/- 0) us 
Propose latency = 3424.531278 (+/- 747) us 
Write latency = 161.193601 (+/- 47) us 
Accept latency = 1614.613841 (+/- 88) us 
Batch average size = NaN (+/- 0) requests
StandardSMMessage ByteCount = 446
TOMMessage ByteCount = 59268911
ConsensusMessage ByteCount = 140178
LCMessage ByteCount = 10
--- Measurements after 114000 ops (1000 samples) ---
Throughput = 6578.9473 operations/sec (Maximum observed: 6666.6665 ops/sec)
Total latency = 1.9527285422108002E7 (+/- 0) us 
Consensus latency = 9469.844642 (+/- 1155) us 
Pre-consensus latency = 0.0 (+/- 0) us 
Pos-consensus latency = 1.9519273934860002E7 (+/- 0) us 
Propose latency = 7833.133096 (+/- 1211) us 
Write latency = 131.579092 (+/- 18) us 
Accept latency = 1505.1324539999998 (+/- 40) us 
Batch average size = NaN (+/- 0) requests
StandardSMMessage ByteCount = 446
TOMMessage ByteCount = 59394737
ConsensusMessage ByteCount = 140178
LCMessage ByteCount = 10
--- Measurements after 115000 ops (1000 samples) ---
Throughput = 5988.024 operations/sec (Maximum observed: 6666.6665 ops/sec)
Total latency = 1.9669704772007E7 (+/- 0) us 
Consensus latency = 8427.667069000001 (+/- 833) us 
Pre-consensus latency = 0.0 (+/- 0) us 
Pos-consensus latency = 1.9662700419948E7 (+/- 0) us 
Propose latency = 6667.566837 (+/- 891) us 
Write latency = 143.68621599999997 (+/- 9) us 
Accept latency = 1616.4140160000002 (+/- 56) us 
Batch average size = NaN (+/- 0) requests
StandardSMMessage ByteCount = 446
TOMMessage ByteCount = 59516402
ConsensusMessage ByteCount = 140178
LCMessage ByteCount = 10
--- Measurements after 116000 ops (1000 samples) ---
Throughput = 6535.9478 operations/sec (Maximum observed: 6666.6665 ops/sec)
Total latency = 1.9819116801212E7 (+/- 0) us 
Consensus latency = 6160.47617 (+/- 854) us 
Pre-consensus latency = 0.0 (+/- 0) us 
Pos-consensus latency = 1.9813927006956E7 (+/- 0) us 
Propose latency = 4481.906214 (+/- 730) us 
Write latency = 128.940356 (+/- 19) us 
Accept latency = 1549.6296 (+/- 116) us 
Batch average size = NaN (+/- 0) requests
StandardSMMessage ByteCount = 446
TOMMessage ByteCount = 59617279
ConsensusMessage ByteCount = 140178
LCMessage ByteCount = 10
--- Measurements after 117000 ops (1000 samples) ---
Throughput = 6622.5166 operations/sec (Maximum observed: 6666.6665 ops/sec)
Total latency = 1.9954055561147E7 (+/- 0) us 
Consensus latency = 4710.865171 (+/- 1186) us 
Pre-consensus latency = 0.0 (+/- 0) us 
Pos-consensus latency = 1.9950067261908002E7 (+/- 0) us 
Propose latency = 2947.584938 (+/- 1165) us 
Write latency = 132.96195300000002 (+/- 19) us 
Accept latency = 1630.31828 (+/- 116) us 
Batch average size = NaN (+/- 0) requests
StandardSMMessage ByteCount = 446
TOMMessage ByteCount = 59621438
ConsensusMessage ByteCount = 140178
LCMessage ByteCount = 10
--- Measurements after 118000 ops (1000 samples) ---
Throughput = 6578.9473 operations/sec (Maximum observed: 6666.6665 ops/sec)
Total latency = 2.0078983066473998E7 (+/- 0) us 
Consensus latency = 6616.358389 (+/- 893) us 
Pre-consensus latency = 0.0 (+/- 0) us 
Pos-consensus latency = 2.0073119626503E7 (+/- 0) us 
Propose latency = 4777.244463999999 (+/- 894) us 
Write latency = 164.732182 (+/- 14) us 
Accept latency = 1674.381743 (+/- 43) us 
Batch average size = NaN (+/- 0) requests
StandardSMMessage ByteCount = 446
TOMMessage ByteCount = 59629757
ConsensusMessage ByteCount = 140178
LCMessage ByteCount = 10
--- Measurements after 119000 ops (1000 samples) ---
Throughput = 6535.9478 operations/sec (Maximum observed: 6666.6665 ops/sec)
Total latency = 2.0205531067551997E7 (+/- 0) us 
Consensus latency = 11842.372935000001 (+/- 5922) us 
Pre-consensus latency = 0.0 (+/- 0) us 
Pos-consensus latency = 2.0194846418265E7 (+/- 0) us 
Propose latency = 10036.785454 (+/- 5818) us 
Write latency = 178.394646 (+/- 23) us 
Accept latency = 1627.192835 (+/- 87) us 
Batch average size = NaN (+/- 0) requests
StandardSMMessage ByteCount = 446
TOMMessage ByteCount = 59635996
ConsensusMessage ByteCount = 140178
LCMessage ByteCount = 10
--- Measurements after 120000 ops (1000 samples) ---
Throughput = 5917.1597 operations/sec (Maximum observed: 6666.6665 ops/sec)
Total latency = 2.0337838878757E7 (+/- 0) us 
Consensus latency = 12347.563814 (+/- 1955) us 
Pre-consensus latency = 0.0 (+/- 0) us 
Pos-consensus latency = 2.0329228879924998E7 (+/- 0) us 
Propose latency = 10524.892772 (+/- 1975) us 
Write latency = 147.30410999999998 (+/- 6) us 
Accept latency = 1675.3669320000001 (+/- 23) us 
Batch average size = NaN (+/- 0) requests
StandardSMMessage ByteCount = 446
TOMMessage ByteCount = 59643276
ConsensusMessage ByteCount = 140178
LCMessage ByteCount = 10
--- Measurements after 121000 ops (1000 samples) ---
Throughput = 6578.9473 operations/sec (Maximum observed: 6666.6665 ops/sec)
Total latency = 2.0483994523354E7 (+/- 0) us 
Consensus latency = 5508.448968999999 (+/- 2278) us 
Pre-consensus latency = 0.0 (+/- 0) us 
Pos-consensus latency = 2.0479590781909E7 (+/- 0) us 
Propose latency = 3723.152439 (+/- 2203) us 
Write latency = 129.356191 (+/- 25) us 
Accept latency = 1655.940339 (+/- 85) us 
Batch average size = NaN (+/- 0) requests
StandardSMMessage ByteCount = 446
TOMMessage ByteCount = 59650555
ConsensusMessage ByteCount = 140178
LCMessage ByteCount = 10
--- Measurements after 122000 ops (1000 samples) ---
Throughput = 6535.9478 operations/sec (Maximum observed: 6666.6665 ops/sec)
Total latency = 2.0619002238431E7 (+/- 0) us 
Consensus latency = 3460.503717 (+/- 303) us 
Pre-consensus latency = 0.0 (+/- 0) us 
Pos-consensus latency = 2.0616236667199E7 (+/- 0) us 
Propose latency = 1673.450555 (+/- 314) us 
Write latency = 151.45712 (+/- 4) us 
Accept latency = 1635.596042 (+/- 112) us 
Batch average size = NaN (+/- 0) requests
StandardSMMessage ByteCount = 446
TOMMessage ByteCount = 59654712
ConsensusMessage ByteCount = 140178
LCMessage ByteCount = 10
--- Measurements after 123000 ops (1000 samples) ---
Throughput = 6535.9478 operations/sec (Maximum observed: 6666.6665 ops/sec)
Total latency = 2.0753957817164E7 (+/- 0) us 
Consensus latency = 3513.437599 (+/- 576) us 
Pre-consensus latency = 0.0 (+/- 0) us 
Pos-consensus latency = 2.0751170946152E7 (+/- 0) us 
Propose latency = 1693.378921 (+/- 498) us 
Write latency = 158.916943 (+/- 43) us 
Accept latency = 1661.1417350000002 (+/- 67) us 
Batch average size = NaN (+/- 0) requests
StandardSMMessage ByteCount = 446
TOMMessage ByteCount = 59661992
ConsensusMessage ByteCount = 140178
LCMessage ByteCount = 10
--- Measurements after 124000 ops (1000 samples) ---
Throughput = 6622.5166 operations/sec (Maximum observed: 6666.6665 ops/sec)
Total latency = 2.0887812188418E7 (+/- 0) us 
Consensus latency = 4249.833465 (+/- 487) us 
Pre-consensus latency = 0.0 (+/- 0) us 
Pos-consensus latency = 2.0884663112365E7 (+/- 0) us 
Propose latency = 2519.555775 (+/- 574) us 
Write latency = 182.845049 (+/- 58) us 
Accept latency = 1547.432641 (+/- 52) us 
Batch average size = NaN (+/- 0) requests
StandardSMMessage ByteCount = 446
TOMMessage ByteCount = 59668228
ConsensusMessage ByteCount = 140178
LCMessage ByteCount = 10
--- Measurements after 125000 ops (1000 samples) ---
Throughput = 5917.1597 operations/sec (Maximum observed: 6666.6665 ops/sec)
Total latency = 2.1033597974705003E7 (+/- 0) us 
Consensus latency = 3716.574548 (+/- 690) us 
Pre-consensus latency = 0.0 (+/- 0) us 
Pos-consensus latency = 2.1030566976672E7 (+/- 0) us 
Propose latency = 2017.336152 (+/- 590) us 
Write latency = 123.527322 (+/- 40) us 
Accept latency = 1575.711074 (+/- 150) us 
Batch average size = NaN (+/- 0) requests
StandardSMMessage ByteCount = 446
TOMMessage ByteCount = 59676544
ConsensusMessage ByteCount = 140178
LCMessage ByteCount = 10
--- Measurements after 126000 ops (1000 samples) ---
Throughput = 6578.9473 operations/sec (Maximum observed: 6666.6665 ops/sec)
Total latency = 2.1171080608658E7 (+/- 0) us 
Consensus latency = 3326.259181 (+/- 670) us 
Pre-consensus latency = 0.0 (+/- 0) us 
Pos-consensus latency = 2.1168299395734E7 (+/- 0) us 
Propose latency = 1559.812082 (+/- 598) us 
Write latency = 163.756276 (+/- 19) us 
Accept latency = 1602.6908230000001 (+/- 120) us 
Batch average size = NaN (+/- 0) requests
StandardSMMessage ByteCount = 446
TOMMessage ByteCount = 59682774
ConsensusMessage ByteCount = 140178
LCMessage ByteCount = 10
--- Measurements after 127000 ops (1000 samples) ---
Throughput = 6578.9473 operations/sec (Maximum observed: 6666.6665 ops/sec)
Total latency = 2.1302566710999E7 (+/- 0) us 
Consensus latency = 4137.950528 (+/- 724) us 
Pre-consensus latency = 0.0 (+/- 0) us 
Pos-consensus latency = 2.1299119865074E7 (+/- 0) us 
Propose latency = 2257.962191 (+/- 692) us 
Write latency = 152.16866000000002 (+/- 9) us 
Accept latency = 1727.819677 (+/- 57) us 
Batch average size = NaN (+/- 0) requests
StandardSMMessage ByteCount = 446
TOMMessage ByteCount = 59690048
ConsensusMessage ByteCount = 140178
LCMessage ByteCount = 10
--- Measurements after 128000 ops (1000 samples) ---
Throughput = 6578.9473 operations/sec (Maximum observed: 6666.6665 ops/sec)
Total latency = 2.1435082765736E7 (+/- 0) us 
Consensus latency = 3797.9397089999998 (+/- 205) us 
Pre-consensus latency = 0.0 (+/- 0) us 
Pos-consensus latency = 2.1431894976414002E7 (+/- 0) us 
Propose latency = 1946.825017 (+/- 254) us 
Write latency = 170.952771 (+/- 31) us 
Accept latency = 1680.1619210000001 (+/- 47) us 
Batch average size = NaN (+/- 0) requests
StandardSMMessage ByteCount = 446
TOMMessage ByteCount = 59700439
ConsensusMessage ByteCount = 140178
LCMessage ByteCount = 10
--- Measurements after 129000 ops (1000 samples) ---
Throughput = 6578.9473 operations/sec (Maximum observed: 6666.6665 ops/sec)
Total latency = 2.1567969135810003E7 (+/- 0) us 
Consensus latency = 4785.18116 (+/- 1464) us 
Pre-consensus latency = 0.0 (+/- 0) us 
Pos-consensus latency = 2.1564380416077998E7 (+/- 0) us 
Propose latency = 2953.366973 (+/- 1423) us 
Write latency = 182.81171799999998 (+/- 16) us 
Accept latency = 1649.002469 (+/- 110) us 
Batch average size = NaN (+/- 0) requests
StandardSMMessage ByteCount = 446
TOMMessage ByteCount = 59720177
ConsensusMessage ByteCount = 140178
LCMessage ByteCount = 10
--- Measurements after 130000 ops (1000 samples) ---
Throughput = 6024.096 operations/sec (Maximum observed: 6666.6665 ops/sec)
Total latency = 2.1718372796408E7 (+/- 0) us 
Consensus latency = 5719.604556 (+/- 954) us 
Pre-consensus latency = 0.0 (+/- 0) us 
Pos-consensus latency = 2.1713953087491002E7 (+/- 0) us 
Propose latency = 3522.8495559999997 (+/- 996) us 
Write latency = 401.912665 (+/- 205) us 
Accept latency = 1794.842335 (+/- 141) us 
Batch average size = NaN (+/- 0) requests
StandardSMMessage ByteCount = 446
TOMMessage ByteCount = 59739917
ConsensusMessage ByteCount = 140178
LCMessage ByteCount = 10
--- Measurements after 131000 ops (1000 samples) ---
Throughput = 6578.9473 operations/sec (Maximum observed: 6666.6665 ops/sec)
Total latency = 2.1851849169494E7 (+/- 0) us 
Consensus latency = 4248.711784 (+/- 665) us 
Pre-consensus latency = 0.0 (+/- 0) us 
Pos-consensus latency = 2.1848544780473E7 (+/- 0) us 
Propose latency = 1559.351627 (+/- 556) us 
Write latency = 943.524863 (+/- 358) us 
Accept latency = 1745.835294 (+/- 128) us 
Batch average size = NaN (+/- 0) requests
StandardSMMessage ByteCount = 446
TOMMessage ByteCount = 59752383
ConsensusMessage ByteCount = 140178
LCMessage ByteCount = 10
--- Measurements after 132000 ops (1000 samples) ---
Throughput = 6535.9478 operations/sec (Maximum observed: 6666.6665 ops/sec)
Total latency = 2.1976718164899E7 (+/- 0) us 
Consensus latency = 5475.684883999999 (+/- 2766) us 
Pre-consensus latency = 0.0 (+/- 0) us 
Pos-consensus latency = 2.1972656644277E7 (+/- 0) us 
Propose latency = 2058.667307 (+/- 1848) us 
Write latency = 477.747792 (+/- 297) us 
Accept latency = 2939.269785 (+/- 2507) us 
Batch average size = NaN (+/- 0) requests
StandardSMMessage ByteCount = 446
TOMMessage ByteCount = 59771082
ConsensusMessage ByteCount = 140178
LCMessage ByteCount = 10
--- Measurements after 133000 ops (1000 samples) ---
Throughput = 6535.9478 operations/sec (Maximum observed: 6666.6665 ops/sec)
Total latency = 2.2093340176438E7 (+/- 0) us 
Consensus latency = 6034.975033 (+/- 3004) us 
Pre-consensus latency = 0.0 (+/- 0) us 
Pos-consensus latency = 2.2088499179998003E7 (+/- 0) us 
Propose latency = 2484.65258 (+/- 959) us 
Write latency = 1955.743334 (+/- 2446) us 
Accept latency = 1594.579119 (+/- 77) us 
Batch average size = NaN (+/- 0) requests
StandardSMMessage ByteCount = 446
TOMMessage ByteCount = 59782514
ConsensusMessage ByteCount = 140178
LCMessage ByteCount = 10
--- Measurements after 134000 ops (1000 samples) ---
Throughput = 5882.353 operations/sec (Maximum observed: 6666.6665 ops/sec)
Total latency = 2.2144229856685E7 (+/- 0) us 
Consensus latency = 11422.548865 (+/- 685) us 
Pre-consensus latency = 0.0 (+/- 0) us 
Pos-consensus latency = 2.2135321573323E7 (+/- 0) us 
Propose latency = 8240.764940000001 (+/- 2384) us 
Write latency = 1422.598973 (+/- 1802) us 
Accept latency = 1759.184952 (+/- 103) us 
Batch average size = NaN (+/- 0) requests
StandardSMMessage ByteCount = 446
TOMMessage ByteCount = 59800186
ConsensusMessage ByteCount = 140178
LCMessage ByteCount = 10
--- Measurements after 135000 ops (1000 samples) ---
Throughput = 6493.5063 operations/sec (Maximum observed: 6666.6665 ops/sec)
Total latency = 2.2247805006121E7 (+/- 0) us 
Consensus latency = 12041.441835000001 (+/- 150) us 
Pre-consensus latency = 0.0 (+/- 0) us 
Pos-consensus latency = 2.2238737294453997E7 (+/- 0) us 
Propose latency = 9531.55959 (+/- 89) us 
Write latency = 886.07201 (+/- 153) us 
Accept latency = 1623.8102350000001 (+/- 92) us 
Batch average size = NaN (+/- 0) requests
StandardSMMessage ByteCount = 446
TOMMessage ByteCount = 59810584
ConsensusMessage ByteCount = 140178
LCMessage ByteCount = 10
--- Measurements after 136000 ops (1000 samples) ---
Throughput = 6493.5063 operations/sec (Maximum observed: 6666.6665 ops/sec)
Total latency = 2.2376815645868E7 (+/- 0) us 
Consensus latency = 11847.679639 (+/- 146) us 
Pre-consensus latency = 0.0 (+/- 0) us 
Pos-consensus latency = 2.2368050950383E7 (+/- 0) us 
Propose latency = 8599.124607000002 (+/- 530) us 
Write latency = 1451.228468 (+/- 264) us 
Accept latency = 1797.326564 (+/- 119) us 
Batch average size = NaN (+/- 0) requests
StandardSMMessage ByteCount = 446
TOMMessage ByteCount = 59819937
ConsensusMessage ByteCount = 140178
LCMessage ByteCount = 10
--- Measurements after 137000 ops (1000 samples) ---
Throughput = 6410.2563 operations/sec (Maximum observed: 6666.6665 ops/sec)
Total latency = 2.2516167863338E7 (+/- 0) us 
Consensus latency = 11764.122489 (+/- 2) us 
Pre-consensus latency = 0.0 (+/- 0) us 
Pos-consensus latency = 2.2507817487185E7 (+/- 0) us 
Propose latency = 9380.420265 (+/- 618) us 
Write latency = 542.9967439999999 (+/- 608) us 
Accept latency = 1840.70548 (+/- 12) us 
Batch average size = NaN (+/- 0) requests
StandardSMMessage ByteCount = 446
TOMMessage ByteCount = 59837612
ConsensusMessage ByteCount = 140178
LCMessage ByteCount = 10
--- Measurements after 138000 ops (1000 samples) ---
Throughput = 6493.5063 operations/sec (Maximum observed: 6666.6665 ops/sec)
Total latency = 2.2655603565452E7 (+/- 0) us 
Consensus latency = 11259.118025 (+/- 310) us 
Pre-consensus latency = 0.0 (+/- 0) us 
Pos-consensus latency = 2.2647411380301997E7 (+/- 0) us 
Propose latency = 9405.071675000001 (+/- 205) us 
Write latency = 170.11847500000002 (+/- 12) us 
Accept latency = 1683.927875 (+/- 92) us 
Batch average size = NaN (+/- 0) requests
StandardSMMessage ByteCount = 446
TOMMessage ByteCount = 59849042
ConsensusMessage ByteCount = 140178
LCMessage ByteCount = 10
--- Measurements after 139000 ops (1000 samples) ---
Throughput = 5952.381 operations/sec (Maximum observed: 6666.6665 ops/sec)
Total latency = 2.2799082850882E7 (+/- 0) us 
Consensus latency = 11499.91999 (+/- 282) us 
Pre-consensus latency = 0.0 (+/- 0) us 
Pos-consensus latency = 2.2790341632326E7 (+/- 0) us 
Propose latency = 8726.46835 (+/- 360) us 
Write latency = 761.196506 (+/- 391) us 
Accept latency = 2012.255134 (+/- 251) us 
Batch average size = NaN (+/- 0) requests
StandardSMMessage ByteCount = 446
TOMMessage ByteCount = 59865662
ConsensusMessage ByteCount = 140178
LCMessage ByteCount = 10
--- Measurements after 140000 ops (1000 samples) ---
Throughput = 6535.9478 operations/sec (Maximum observed: 6666.6665 ops/sec)
Total latency = 2.2937404554717E7 (+/- 0) us 
Consensus latency = 19957.430275 (+/- 5717) us 
Pre-consensus latency = 0.0 (+/- 0) us 
Pos-consensus latency = 2.29292030282E7 (+/- 0) us 
Propose latency = 17642.886658 (+/- 6324) us 
Write latency = 444.969784 (+/- 395) us 
Accept latency = 1869.5738330000001 (+/- 212) us 
Batch average size = NaN (+/- 0) requests
StandardSMMessage ByteCount = 446
TOMMessage ByteCount = 59876051
ConsensusMessage ByteCount = 140178
LCMessage ByteCount = 10
--- Measurements after 141000 ops (1000 samples) ---
Throughput = 6493.5063 operations/sec (Maximum observed: 6666.6665 ops/sec)
Total latency = 2.3074149308702998E7 (+/- 0) us 
Consensus latency = 15674.555891 (+/- 6002) us 
Pre-consensus latency = 0.0 (+/- 0) us 
Pos-consensus latency = 2.3065943852705E7 (+/- 0) us 
Propose latency = 13774.041415 (+/- 6006) us 
Write latency = 178.431459 (+/- 4) us 
Accept latency = 1722.083017 (+/- 0) us 
Batch average size = NaN (+/- 0) requests
StandardSMMessage ByteCount = 446
TOMMessage ByteCount = 59921807
ConsensusMessage ByteCount = 140178
LCMessage ByteCount = 10
--- Measurements after 142000 ops (1000 samples) ---
Throughput = 6451.613 operations/sec (Maximum observed: 6666.6665 ops/sec)
Total latency = 2.321721232585E7 (+/- 0) us 
Consensus latency = 10759.936432 (+/- 415) us 
Pre-consensus latency = 0.0 (+/- 0) us 
Pos-consensus latency = 2.3209186865682997E7 (+/- 0) us 
Propose latency = 8878.816684000001 (+/- 398) us 
Write latency = 167.02738300000001 (+/- 11) us 
Accept latency = 1714.092365 (+/- 5) us 
Batch average size = NaN (+/- 0) requests
StandardSMMessage ByteCount = 446
TOMMessage ByteCount = 60065317
ConsensusMessage ByteCount = 140178
LCMessage ByteCount = 10
--- Measurements after 143000 ops (1000 samples) ---
Throughput = 6578.9473 operations/sec (Maximum observed: 6666.6665 ops/sec)
Total latency = 2.3358020366902E7 (+/- 0) us 
Consensus latency = 11370.59664 (+/- 751) us 
Pre-consensus latency = 0.0 (+/- 0) us 
Pos-consensus latency = 2.3349286526107E7 (+/- 0) us 
Propose latency = 8713.17362 (+/- 113) us 
Write latency = 911.01714 (+/- 608) us 
Accept latency = 1746.4058799999998 (+/- 29) us 
Batch average size = NaN (+/- 0) requests
StandardSMMessage ByteCount = 446
TOMMessage ByteCount = 60194252
ConsensusMessage ByteCount = 140178
LCMessage ByteCount = 10
--- Measurements after 144000 ops (1000 samples) ---
Throughput = 5917.1597 operations/sec (Maximum observed: 6666.6665 ops/sec)
Total latency = 2.3506547458017E7 (+/- 0) us 
Consensus latency = 11835.434759 (+/- 120) us 
Pre-consensus latency = 0.0 (+/- 0) us 
Pos-consensus latency = 2.3497371742064E7 (+/- 0) us 
Propose latency = 9182.534436 (+/- 320) us 
Write latency = 989.170901 (+/- 351) us 
Accept latency = 1663.729422 (+/- 90) us 
Batch average size = NaN (+/- 0) requests
StandardSMMessage ByteCount = 446
TOMMessage ByteCount = 60382477
ConsensusMessage ByteCount = 140178
LCMessage ByteCount = 10
--- Measurements after 145000 ops (1000 samples) ---
Throughput = 6493.5063 operations/sec (Maximum observed: 6666.6665 ops/sec)
Total latency = 2.3651711287219003E7 (+/- 0) us 
Consensus latency = 10305.457546 (+/- 1273) us 
Pre-consensus latency = 0.0 (+/- 0) us 
Pos-consensus latency = 2.3643677094108E7 (+/- 0) us 
Propose latency = 8302.562224000001 (+/- 1028) us 
Write latency = 392.459877 (+/- 266) us 
Accept latency = 1610.435445 (+/- 21) us 
Batch average size = NaN (+/- 0) requests
StandardSMMessage ByteCount = 446
TOMMessage ByteCount = 60429273
ConsensusMessage ByteCount = 140178
LCMessage ByteCount = 10
--- Measurements after 146000 ops (1000 samples) ---
Throughput = 6535.9478 operations/sec (Maximum observed: 6666.6665 ops/sec)
Total latency = 2.3783427952234E7 (+/- 0) us 
Consensus latency = 6196.710578 (+/- 1124) us 
Pre-consensus latency = 0.0 (+/- 0) us 
Pos-consensus latency = 2.3778640535213E7 (+/- 0) us 
Propose latency = 3796.353475 (+/- 1666) us 
Write latency = 773.229716 (+/- 739) us 
Accept latency = 1627.127387 (+/- 149) us 
Batch average size = NaN (+/- 0) requests
StandardSMMessage ByteCount = 446
TOMMessage ByteCount = 60437592
ConsensusMessage ByteCount = 140178
LCMessage ByteCount = 10
--- Measurements after 147000 ops (1000 samples) ---
Throughput = 6493.5063 operations/sec (Maximum observed: 6666.6665 ops/sec)
Total latency = 2.3906835829011E7 (+/- 0) us 
Consensus latency = 8606.598023 (+/- 1994) us 
Pre-consensus latency = 0.0 (+/- 0) us 
Pos-consensus latency = 2.389979403356E7 (+/- 0) us 
Propose latency = 4108.903515999999 (+/- 1318) us 
Write latency = 2819.4714449999997 (+/- 969) us 
Accept latency = 1678.223062 (+/- 110) us 
Batch average size = NaN (+/- 0) requests
StandardSMMessage ByteCount = 446
TOMMessage ByteCount = 60452152
ConsensusMessage ByteCount = 140178
LCMessage ByteCount = 10
--- Measurements after 148000 ops (1000 samples) ---
Throughput = 6535.9478 operations/sec (Maximum observed: 6666.6665 ops/sec)
Total latency = 2.403726580486E7 (+/- 0) us 
Consensus latency = 5353.331987 (+/- 964) us 
Pre-consensus latency = 0.0 (+/- 0) us 
Pos-consensus latency = 2.4033152951577E7 (+/- 0) us 
Propose latency = 2639.773965 (+/- 901) us 
Write latency = 1044.504031 (+/- 287) us 
Accept latency = 1669.053991 (+/- 37) us 
Batch average size = NaN (+/- 0) requests
StandardSMMessage ByteCount = 446
TOMMessage ByteCount = 60467737
ConsensusMessage ByteCount = 140178
LCMessage ByteCount = 10
--- Measurements after 149000 ops (1000 samples) ---
Throughput = 5847.953 operations/sec (Maximum observed: 6666.6665 ops/sec)
Total latency = 2.4179041332369998E7 (+/- 0) us 
Consensus latency = 4241.921835 (+/- 559) us 
Pre-consensus latency = 0.0 (+/- 0) us 
Pos-consensus latency = 2.4175537198953E7 (+/- 0) us 
Propose latency = 1651.263976 (+/- 355) us 
Write latency = 734.115 (+/- 773) us 
Accept latency = 1856.542859 (+/- 250) us 
Batch average size = NaN (+/- 0) requests
StandardSMMessage ByteCount = 446
TOMMessage ByteCount = 60592298
ConsensusMessage ByteCount = 140178
LCMessage ByteCount = 10
--- Measurements after 150000 ops (1000 samples) ---
Throughput = 6493.5063 operations/sec (Maximum observed: 6666.6665 ops/sec)
Total latency = 2.4309123526547E7 (+/- 0) us 
Consensus latency = 3891.604091 (+/- 478) us 
Pre-consensus latency = 0.0 (+/- 0) us 
Pos-consensus latency = 2.4306043026498E7 (+/- 0) us 
Propose latency = 1412.8973349999999 (+/- 225) us 
Write latency = 872.617304 (+/- 349) us 
Accept latency = 1606.089452 (+/- 280) us 
Batch average size = NaN (+/- 0) requests
StandardSMMessage ByteCount = 446
TOMMessage ByteCount = 60746964
ConsensusMessage ByteCount = 140178
LCMessage ByteCount = 10
--- Measurements after 151000 ops (1000 samples) ---
Throughput = 6535.9478 operations/sec (Maximum observed: 6666.6665 ops/sec)
Total latency = 2.4435874644539002E7 (+/- 0) us 
Consensus latency = 3234.1374819999996 (+/- 302) us 
Pre-consensus latency = 0.0 (+/- 0) us 
Pos-consensus latency = 2.4433366628214E7 (+/- 0) us 
Propose latency = 1176.721377 (+/- 244) us 
Write latency = 483.027305 (+/- 408) us 
Accept latency = 1574.3888 (+/- 123) us 
Batch average size = NaN (+/- 0) requests
StandardSMMessage ByteCount = 446
TOMMessage ByteCount = 60900591
ConsensusMessage ByteCount = 140178
LCMessage ByteCount = 10
--- Measurements after 152000 ops (1000 samples) ---
Throughput = 6578.9473 operations/sec (Maximum observed: 6666.6665 ops/sec)
Total latency = 2.4559420835845E7 (+/- 0) us 
Consensus latency = 5766.019227 (+/- 3209) us 
Pre-consensus latency = 0.0 (+/- 0) us 
Pos-consensus latency = 2.4554383084798E7 (+/- 0) us 
Propose latency = 3106.377872 (+/- 2831) us 
Write latency = 1460.046558 (+/- 1173) us 
Accept latency = 1199.594797 (+/- 547) us 
Batch average size = NaN (+/- 0) requests
StandardSMMessage ByteCount = 446
TOMMessage ByteCount = 61082260
ConsensusMessage ByteCount = 140178
LCMessage ByteCount = 10
--- Measurements after 153000 ops (1000 samples) ---
Throughput = 5714.2856 operations/sec (Maximum observed: 6666.6665 ops/sec)
Total latency = 2.4683183955098E7 (+/- 0) us 
Consensus latency = 5481.375889999999 (+/- 1129) us 
Pre-consensus latency = 0.0 (+/- 0) us 
Pos-consensus latency = 2.4678846373643003E7 (+/- 0) us 
Propose latency = 2744.0445440000003 (+/- 1593) us 
Write latency = 1196.4464169999999 (+/- 801) us 
Accept latency = 1540.884929 (+/- 76) us 
Batch average size = NaN (+/- 0) requests
StandardSMMessage ByteCount = 446
TOMMessage ByteCount = 61252529
ConsensusMessage ByteCount = 140178
LCMessage ByteCount = 10
--- Measurements after 154000 ops (1000 samples) ---
Throughput = 6666.6665 operations/sec (Maximum observed: 6666.6665 ops/sec)
Total latency = 2.4830987639931E7 (+/- 0) us 
Consensus latency = 3318.763326 (+/- 290) us 
Pre-consensus latency = 0.0 (+/- 0) us 
Pos-consensus latency = 2.4828322389611E7 (+/- 0) us 
Propose latency = 1084.948128 (+/- 95) us 
Write latency = 679.423834 (+/- 287) us 
Accept latency = 1554.391364 (+/- 237) us 
Batch average size = NaN (+/- 0) requests
StandardSMMessage ByteCount = 446
TOMMessage ByteCount = 61454018
ConsensusMessage ByteCount = 140178
LCMessage ByteCount = 10
--- Measurements after 155000 ops (1000 samples) ---
Throughput = 6666.6665 operations/sec (Maximum observed: 6666.6665 ops/sec)
Total latency = 2.4952763951321E7 (+/- 0) us 
Consensus latency = 3164.4906069999997 (+/- 160) us 
Pre-consensus latency = 0.0 (+/- 0) us 
Pos-consensus latency = 2.4950291180586E7 (+/- 0) us 
Propose latency = 1209.301119 (+/- 145) us 
Write latency = 459.622364 (+/- 236) us 
Accept latency = 1495.5671240000001 (+/- 153) us 
Batch average size = NaN (+/- 0) requests
StandardSMMessage ByteCount = 446
TOMMessage ByteCount = 61608793
ConsensusMessage ByteCount = 140178
LCMessage ByteCount = 10
--- Measurements after 156000 ops (1000 samples) ---
Throughput = 6711.409 operations/sec (Maximum observed: 6711.409 ops/sec)
Total latency = 2.5074802808245998E7 (+/- 0) us 
Consensus latency = 3174.222525 (+/- 158) us 
Pre-consensus latency = 0.0 (+/- 0) us 
Pos-consensus latency = 2.5072309930825002E7 (+/- 0) us 
Propose latency = 1153.88147 (+/- 149) us 
Write latency = 609.134527 (+/- 261) us 
Accept latency = 1411.206528 (+/- 178) us 
Batch average size = NaN (+/- 0) requests
StandardSMMessage ByteCount = 446
TOMMessage ByteCount = 61771900
ConsensusMessage ByteCount = 140178
LCMessage ByteCount = 10
--- Measurements after 157000 ops (1000 samples) ---
Throughput = 6756.757 operations/sec (Maximum observed: 6756.757 ops/sec)
Total latency = 2.5195609347861E7 (+/- 0) us 
Consensus latency = 3346.830765 (+/- 303) us 
Pre-consensus latency = 0.0 (+/- 0) us 
Pos-consensus latency = 2.5192910655642E7 (+/- 0) us 
Propose latency = 1211.616547 (+/- 294) us 
Write latency = 634.639771 (+/- 453) us 
Accept latency = 1500.574447 (+/- 173) us 
Batch average size = NaN (+/- 0) requests
StandardSMMessage ByteCount = 446
TOMMessage ByteCount = 61962041
ConsensusMessage ByteCount = 140178
LCMessage ByteCount = 10
--- Measurements after 158000 ops (1000 samples) ---
Throughput = 5617.9775 operations/sec (Maximum observed: 6756.757 ops/sec)
Total latency = 2.5320511152266998E7 (+/- 0) us 
Consensus latency = 6332.3166550000005 (+/- 3727) us 
Pre-consensus latency = 0.0 (+/- 0) us 
Pos-consensus latency = 2.5315491841417998E7 (+/- 0) us 
Propose latency = 3888.229352 (+/- 3431) us 
Write latency = 901.109639 (+/- 305) us 
Accept latency = 1542.977664 (+/- 118) us 
Batch average size = NaN (+/- 0) requests
StandardSMMessage ByteCount = 446
TOMMessage ByteCount = 62165734
ConsensusMessage ByteCount = 140178
LCMessage ByteCount = 10
--- Measurements after 159000 ops (1000 samples) ---
Throughput = 6578.9473 operations/sec (Maximum observed: 6756.757 ops/sec)
Total latency = 2.5462374913771998E7 (+/- 0) us 
Consensus latency = 7253.738152 (+/- 2204) us 
Pre-consensus latency = 0.0 (+/- 0) us 
Pos-consensus latency = 2.5456791035460997E7 (+/- 0) us 
Propose latency = 4579.55872 (+/- 2076) us 
Write latency = 1042.123739 (+/- 108) us 
Accept latency = 1632.055693 (+/- 142) us 
Batch average size = NaN (+/- 0) requests
StandardSMMessage ByteCount = 446
TOMMessage ByteCount = 62314386
ConsensusMessage ByteCount = 140178
LCMessage ByteCount = 10
--- Measurements after 160000 ops (1000 samples) ---
Throughput = 6622.5166 operations/sec (Maximum observed: 6756.757 ops/sec)
Total latency = 2.5592469835396E7 (+/- 0) us 
Consensus latency = 3984.365302 (+/- 1062) us 
Pre-consensus latency = 0.0 (+/- 0) us 
Pos-consensus latency = 2.5589309601269E7 (+/- 0) us 
Propose latency = 2011.465246 (+/- 1155) us 
Write latency = 354.197817 (+/- 289) us 
Accept latency = 1618.702239 (+/- 217) us 
Batch average size = NaN (+/- 0) requests
StandardSMMessage ByteCount = 446
TOMMessage ByteCount = 62526445
ConsensusMessage ByteCount = 140178
LCMessage ByteCount = 10
--- Measurements after 161000 ops (1000 samples) ---
Throughput = 6578.9473 operations/sec (Maximum observed: 6756.757 ops/sec)
Total latency = 2.5716045673051998E7 (+/- 0) us 
Consensus latency = 3554.2560350000003 (+/- 263) us 
Pre-consensus latency = 0.0 (+/- 0) us 
Pos-consensus latency = 2.5713249459206E7 (+/- 0) us 
Propose latency = 1616.342737 (+/- 527) us 
Write latency = 244.627969 (+/- 206) us 
Accept latency = 1693.2853289999998 (+/- 222) us 
Batch average size = NaN (+/- 0) requests
StandardSMMessage ByteCount = 446
TOMMessage ByteCount = 62726062
ConsensusMessage ByteCount = 140178
LCMessage ByteCount = 10
--- Measurements after 162000 ops (1000 samples) ---
Throughput = 6535.9478 operations/sec (Maximum observed: 6756.757 ops/sec)
Total latency = 2.5838318950604E7 (+/- 0) us 
Consensus latency = 6986.908297 (+/- 2544) us 
Pre-consensus latency = 0.0 (+/- 0) us 
Pos-consensus latency = 2.5832244099978E7 (+/- 0) us 
Propose latency = 4993.919661999999 (+/- 2905) us 
Write latency = 480.343235 (+/- 510) us 
Accept latency = 1512.6453999999999 (+/- 85) us 
Batch average size = NaN (+/- 0) requests
StandardSMMessage ByteCount = 446
TOMMessage ByteCount = 62840434
ConsensusMessage ByteCount = 140178
LCMessage ByteCount = 10
--- Measurements after 163000 ops (1000 samples) ---
Throughput = 5555.5557 operations/sec (Maximum observed: 6756.757 ops/sec)
Total latency = 2.5981415376973E7 (+/- 0) us 
Consensus latency = 3603.34216 (+/- 494) us 
Pre-consensus latency = 0.0 (+/- 0) us 
Pos-consensus latency = 2.5978693742980998E7 (+/- 0) us 
Propose latency = 1462.531407 (+/- 409) us 
Write latency = 642.665046 (+/- 77) us 
Accept latency = 1498.145707 (+/- 78) us 
Batch average size = NaN (+/- 0) requests
StandardSMMessage ByteCount = 446
TOMMessage ByteCount = 63042081
ConsensusMessage ByteCount = 140178
LCMessage ByteCount = 10
--- Measurements after 164000 ops (1000 samples) ---
Throughput = 6622.5166 operations/sec (Maximum observed: 6756.757 ops/sec)
Total latency = 2.6116442469320998E7 (+/- 0) us 
Consensus latency = 3427.1124900000004 (+/- 173) us 
Pre-consensus latency = 0.0 (+/- 0) us 
Pos-consensus latency = 2.6113654405191E7 (+/- 0) us 
Propose latency = 1043.240588 (+/- 203) us 
Write latency = 728.631493 (+/- 151) us 
Accept latency = 1655.240409 (+/- 111) us 
Batch average size = NaN (+/- 0) requests
StandardSMMessage ByteCount = 446
TOMMessage ByteCount = 63209248
ConsensusMessage ByteCount = 140178
LCMessage ByteCount = 10
--- Measurements after 165000 ops (1000 samples) ---
Throughput = 6578.9473 operations/sec (Maximum observed: 6756.757 ops/sec)
Total latency = 2.6238863410868E7 (+/- 0) us 
Consensus latency = 4025.926783 (+/- 524) us 
Pre-consensus latency = 0.0 (+/- 0) us 
Pos-consensus latency = 2.6235552365012E7 (+/- 0) us 
Propose latency = 1701.214182 (+/- 865) us 
Write latency = 742.354096 (+/- 456) us 
Accept latency = 1582.358505 (+/- 128) us 
Batch average size = NaN (+/- 0) requests
StandardSMMessage ByteCount = 446
TOMMessage ByteCount = 63360846
ConsensusMessage ByteCount = 140178
LCMessage ByteCount = 10
--- Measurements after 166000 ops (1000 samples) ---
Throughput = 6535.9478 operations/sec (Maximum observed: 6756.757 ops/sec)
Total latency = 2.6364633091091E7 (+/- 0) us 
Consensus latency = 3408.7163530000003 (+/- 348) us 
Pre-consensus latency = 0.0 (+/- 0) us 
Pos-consensus latency = 2.6361918556952E7 (+/- 0) us 
Propose latency = 1219.900583 (+/- 207) us 
Write latency = 510.748831 (+/- 335) us 
Accept latency = 1678.066939 (+/- 205) us 
Batch average size = NaN (+/- 0) requests
StandardSMMessage ByteCount = 446
TOMMessage ByteCount = 63579933
ConsensusMessage ByteCount = 140178
LCMessage ByteCount = 10
--- Measurements after 167000 ops (1000 samples) ---
Throughput = 6535.9478 operations/sec (Maximum observed: 6756.757 ops/sec)
Total latency = 2.6489168460906E7 (+/- 0) us 
Consensus latency = 3182.150204 (+/- 306) us 
Pre-consensus latency = 0.0 (+/- 0) us 
Pos-consensus latency = 2.6486564166828997E7 (+/- 0) us 
Propose latency = 912.604905 (+/- 78) us 
Write latency = 646.980349 (+/- 202) us 
Accept latency = 1622.56495 (+/- 257) us 
Batch average size = NaN (+/- 0) requests
StandardSMMessage ByteCount = 446
TOMMessage ByteCount = 63742004
ConsensusMessage ByteCount = 140178
LCMessage ByteCount = 10
--- Measurements after 168000 ops (1000 samples) ---
Throughput = 5586.5923 operations/sec (Maximum observed: 6756.757 ops/sec)
Total latency = 2.6637540224077E7 (+/- 0) us 
Consensus latency = 3542.839824 (+/- 377) us 
Pre-consensus latency = 0.0 (+/- 0) us 
Pos-consensus latency = 2.6634630359143E7 (+/- 0) us 
Propose latency = 1248.7564650000002 (+/- 483) us 
Write latency = 763.992527 (+/- 393) us 
Accept latency = 1530.0908319999999 (+/- 181) us 
Batch average size = NaN (+/- 0) requests
StandardSMMessage ByteCount = 446
TOMMessage ByteCount = 63895901
ConsensusMessage ByteCount = 140178
LCMessage ByteCount = 10
--- Measurements after 169000 ops (1000 samples) ---
Throughput = 6493.5063 operations/sec (Maximum observed: 6756.757 ops/sec)
Total latency = 2.6761725678175E7 (+/- 0) us 
Consensus latency = 4850.542777 (+/- 782) us 
Pre-consensus latency = 0.0 (+/- 0) us 
Pos-consensus latency = 2.6757793603762E7 (+/- 0) us 
Propose latency = 1739.706024 (+/- 301) us 
Write latency = 1316.159622 (+/- 731) us 
Accept latency = 1794.6771310000001 (+/- 170) us 
Batch average size = NaN (+/- 0) requests
StandardSMMessage ByteCount = 446
TOMMessage ByteCount = 64059170
ConsensusMessage ByteCount = 140178
LCMessage ByteCount = 10
--- Measurements after 170000 ops (1000 samples) ---
Throughput = 6535.9478 operations/sec (Maximum observed: 6756.757 ops/sec)
Total latency = 2.6887580090779997E7 (+/- 0) us 
Consensus latency = 5842.993615 (+/- 548) us 
Pre-consensus latency = 0.0 (+/- 0) us 
Pos-consensus latency = 2.6882725012077E7 (+/- 0) us 
Propose latency = 3384.34354 (+/- 1140) us 
Write latency = 966.4612830000001 (+/- 966) us 
Accept latency = 1492.188792 (+/- 138) us 
Batch average size = NaN (+/- 0) requests
StandardSMMessage ByteCount = 446
TOMMessage ByteCount = 64189151
ConsensusMessage ByteCount = 140178
LCMessage ByteCount = 10
--- Measurements after 171000 ops (1000 samples) ---
Throughput = 6535.9478 operations/sec (Maximum observed: 6756.757 ops/sec)
Total latency = 2.7014909045978002E7 (+/- 0) us 
Consensus latency = 3778.637596 (+/- 278) us 
Pre-consensus latency = 0.0 (+/- 0) us 
Pos-consensus latency = 2.7011849404693E7 (+/- 0) us 
Propose latency = 1345.16593 (+/- 458) us 
Write latency = 751.217179 (+/- 413) us 
Accept latency = 1682.254487 (+/- 200) us 
Batch average size = NaN (+/- 0) requests
StandardSMMessage ByteCount = 446
TOMMessage ByteCount = 64345132
ConsensusMessage ByteCount = 140178
LCMessage ByteCount = 10
--- Measurements after 172000 ops (1000 samples) ---
Throughput = 5882.353 operations/sec (Maximum observed: 6756.757 ops/sec)
Total latency = 2.7138044098462E7 (+/- 0) us 
Consensus latency = 8197.176562 (+/- 1478) us 
Pre-consensus latency = 0.0 (+/- 0) us 
Pos-consensus latency = 2.7131477446442E7 (+/- 0) us 
Propose latency = 5944.489241 (+/- 2289) us 
Write latency = 708.208764 (+/- 1186) us 
Accept latency = 1544.4785570000001 (+/- 175) us 
Batch average size = NaN (+/- 0) requests
StandardSMMessage ByteCount = 446
TOMMessage ByteCount = 64476139
ConsensusMessage ByteCount = 140178
LCMessage ByteCount = 10
--- Measurements after 173000 ops (1000 samples) ---
Throughput = 6451.613 operations/sec (Maximum observed: 6756.757 ops/sec)
Total latency = 2.7282245569062002E7 (+/- 0) us 
Consensus latency = 4700.694753 (+/- 1253) us 
Pre-consensus latency = 0.0 (+/- 0) us 
Pos-consensus latency = 2.7278549925141998E7 (+/- 0) us 
Propose latency = 1406.434162 (+/- 230) us 
Write latency = 1768.488026 (+/- 1281) us 
Accept latency = 1525.772565 (+/- 172) us 
Batch average size = NaN (+/- 0) requests
StandardSMMessage ByteCount = 446
TOMMessage ByteCount = 64558281
ConsensusMessage ByteCount = 140178
LCMessage ByteCount = 10
--- Measurements after 174000 ops (1000 samples) ---
Throughput = 6578.9473 operations/sec (Maximum observed: 6756.757 ops/sec)
Total latency = 2.7410099295792E7 (+/- 0) us 
Consensus latency = 3153.2168580000002 (+/- 239) us 
Pre-consensus latency = 0.0 (+/- 0) us 
Pos-consensus latency = 2.7407630398097E7 (+/- 0) us 
Propose latency = 1051.085369 (+/- 140) us 
Write latency = 608.3730019999999 (+/- 139) us 
Accept latency = 1493.758487 (+/- 212) us 
Batch average size = NaN (+/- 0) requests
StandardSMMessage ByteCount = 446
TOMMessage ByteCount = 64575957
ConsensusMessage ByteCount = 140178
LCMessage ByteCount = 10
--- Measurements after 175000 ops (1000 samples) ---
Throughput = 6578.9473 operations/sec (Maximum observed: 6756.757 ops/sec)
Total latency = 2.7534019900682E7 (+/- 0) us 
Consensus latency = 3039.28281 (+/- 254) us 
Pre-consensus latency = 0.0 (+/- 0) us 
Pos-consensus latency = 2.7531607086852003E7 (+/- 0) us 
Propose latency = 1091.73349 (+/- 272) us 
Write latency = 372.151946 (+/- 323) us 
Accept latency = 1575.3973740000001 (+/- 185) us 
Batch average size = NaN (+/- 0) requests
StandardSMMessage ByteCount = 446
TOMMessage ByteCount = 64590516
ConsensusMessage ByteCount = 140178
LCMessage ByteCount = 10
--- Measurements after 176000 ops (1000 samples) ---
Throughput = 6493.5063 operations/sec (Maximum observed: 6756.757 ops/sec)
Total latency = 2.7658958899302E7 (+/- 0) us 
Consensus latency = 3534.988185 (+/- 455) us 
Pre-consensus latency = 0.0 (+/- 0) us 
Pos-consensus latency = 2.7656068861243E7 (+/- 0) us 
Propose latency = 1192.9975749999999 (+/- 254) us 
Write latency = 571.872404 (+/- 250) us 
Accept latency = 1770.118206 (+/- 125) us 
Batch average size = NaN (+/- 0) requests
StandardSMMessage ByteCount = 446
TOMMessage ByteCount = 64605076
ConsensusMessage ByteCount = 140178
LCMessage ByteCount = 10
--- Measurements after 177000 ops (1000 samples) ---
Throughput = 5714.2856 operations/sec (Maximum observed: 6756.757 ops/sec)
Total latency = 2.7793939581024E7 (+/- 0) us 
Consensus latency = 3204.300954 (+/- 324) us 
Pre-consensus latency = 0.0 (+/- 0) us 
Pos-consensus latency = 2.7791379244895E7 (+/- 0) us 
Propose latency = 1103.247396 (+/- 180) us 
Write latency = 654.961367 (+/- 291) us 
Accept latency = 1446.0921910000002 (+/- 203) us 
Batch average size = NaN (+/- 0) requests
StandardSMMessage ByteCount = 446
TOMMessage ByteCount = 64873346
ConsensusMessage ByteCount = 140178
LCMessage ByteCount = 10
--- Measurements after 178000 ops (1000 samples) ---
Throughput = 6578.9473 operations/sec (Maximum observed: 6756.757 ops/sec)
Total latency = 2.793089052975E7 (+/- 0) us 
Consensus latency = 3438.333397 (+/- 428) us 
Pre-consensus latency = 0.0 (+/- 0) us 
Pos-consensus latency = 2.7928101582054E7 (+/- 0) us 
Propose latency = 1033.06189 (+/- 222) us 
Write latency = 889.990725 (+/- 497) us 
Accept latency = 1515.2807819999998 (+/- 163) us 
Batch average size = NaN (+/- 0) requests
StandardSMMessage ByteCount = 446
TOMMessage ByteCount = 65168671
ConsensusMessage ByteCount = 140178
LCMessage ByteCount = 10
--- Measurements after 179000 ops (1000 samples) ---
Throughput = 6622.5166 operations/sec (Maximum observed: 6756.757 ops/sec)
Total latency = 2.8055279112278E7 (+/- 0) us 
Consensus latency = 3961.6649199999997 (+/- 351) us 
Pre-consensus latency = 0.0 (+/- 0) us 
Pos-consensus latency = 2.8051996873517E7 (+/- 0) us 
Propose latency = 1525.340762 (+/- 504) us 
Write latency = 949.330298 (+/- 451) us 
Accept latency = 1486.99386 (+/- 235) us 
Batch average size = NaN (+/- 0) requests
StandardSMMessage ByteCount = 446
TOMMessage ByteCount = 65393249
ConsensusMessage ByteCount = 140178
LCMessage ByteCount = 10
--- Measurements after 180000 ops (1000 samples) ---
Throughput = 6535.9478 operations/sec (Maximum observed: 6756.757 ops/sec)
Total latency = 2.8174196327937998E7 (+/- 0) us 
Consensus latency = 4594.549255 (+/- 1316) us 
Pre-consensus latency = 0.0 (+/- 0) us 
Pos-consensus latency = 2.8170735663919996E7 (+/- 0) us 
Propose latency = 2410.025375 (+/- 1600) us 
Write latency = 573.479521 (+/- 474) us 
Accept latency = 1611.044359 (+/- 225) us 
Batch average size = NaN (+/- 0) requests
StandardSMMessage ByteCount = 446
TOMMessage ByteCount = 65708300
ConsensusMessage ByteCount = 140178
LCMessage ByteCount = 10
--- Measurements after 181000 ops (1000 samples) ---
Throughput = 6535.9478 operations/sec (Maximum observed: 6756.757 ops/sec)
Total latency = 2.8296640100906E7 (+/- 0) us 
Consensus latency = 6924.802661999999 (+/- 1887) us 
Pre-consensus latency = 0.0 (+/- 0) us 
Pos-consensus latency = 2.8291670894878E7 (+/- 0) us 
Propose latency = 4881.545025 (+/- 2242) us 
Write latency = 517.228645 (+/- 404) us 
Accept latency = 1526.028992 (+/- 91) us 
Batch average size = NaN (+/- 0) requests
StandardSMMessage ByteCount = 446
TOMMessage ByteCount = 65955777
ConsensusMessage ByteCount = 140178
LCMessage ByteCount = 10
--- Measurements after 182000 ops (1000 samples) ---
Throughput = 5952.381 operations/sec (Maximum observed: 6756.757 ops/sec)
Total latency = 2.8432129619806E7 (+/- 0) us 
Consensus latency = 8026.251053 (+/- 2080) us 
Pre-consensus latency = 0.0 (+/- 0) us 
Pos-consensus latency = 2.8425694066211E7 (+/- 0) us 
Propose latency = 5425.653545 (+/- 2910) us 
Write latency = 1077.84907 (+/- 589) us 
Accept latency = 1522.748438 (+/- 246) us 
Batch average size = NaN (+/- 0) requests
StandardSMMessage ByteCount = 446
TOMMessage ByteCount = 66209485
ConsensusMessage ByteCount = 140178
LCMessage ByteCount = 10
--- Measurements after 183000 ops (1000 samples) ---
Throughput = 6622.5166 operations/sec (Maximum observed: 6756.757 ops/sec)
Total latency = 2.8566145208955E7 (+/- 0) us 
Consensus latency = 3717.7441 (+/- 381) us 
Pre-consensus latency = 0.0 (+/- 0) us 
Pos-consensus latency = 2.8563208574162997E7 (+/- 0) us 
Propose latency = 1217.3082960000002 (+/- 147) us 
Write latency = 916.1876480000001 (+/- 353) us 
Accept latency = 1584.2481559999999 (+/- 127) us 
Batch average size = NaN (+/- 0) requests
StandardSMMessage ByteCount = 446
TOMMessage ByteCount = 66441367
ConsensusMessage ByteCount = 140178
LCMessage ByteCount = 10
--- Measurements after 184000 ops (1000 samples) ---
Throughput = 6756.757 operations/sec (Maximum observed: 6756.757 ops/sec)
Total latency = 2.8688948764243998E7 (+/- 0) us 
Consensus latency = 3401.745806 (+/- 317) us 
Pre-consensus latency = 0.0 (+/- 0) us 
Pos-consensus latency = 2.8686240801057E7 (+/- 0) us 
Propose latency = 1250.909918 (+/- 313) us 
Write latency = 383.793321 (+/- 189) us 
Accept latency = 1767.042567 (+/- 212) us 
Batch average size = NaN (+/- 0) requests
StandardSMMessage ByteCount = 446
TOMMessage ByteCount = 66620990
ConsensusMessage ByteCount = 140178
LCMessage ByteCount = 10
--- Measurements after 185000 ops (1000 samples) ---
Throughput = 6711.409 operations/sec (Maximum observed: 6756.757 ops/sec)
Total latency = 2.8809254244337E7 (+/- 0) us 
Consensus latency = 3636.4578220000003 (+/- 269) us 
Pre-consensus latency = 0.0 (+/- 0) us 
Pos-consensus latency = 2.8806279410658002E7 (+/- 0) us 
Propose latency = 1159.303147 (+/- 206) us 
Write latency = 668.799002 (+/- 219) us 
Accept latency = 1808.355673 (+/- 249) us 
Batch average size = NaN (+/- 0) requests
StandardSMMessage ByteCount = 446
TOMMessage ByteCount = 66804760
ConsensusMessage ByteCount = 140178
LCMessage ByteCount = 10
--- Measurements after 186000 ops (1000 samples) ---
Throughput = 6666.6665 operations/sec (Maximum observed: 6756.757 ops/sec)
Total latency = 2.8931714325658E7 (+/- 0) us 
Consensus latency = 3443.264591 (+/- 315) us 
Pre-consensus latency = 0.0 (+/- 0) us 
Pos-consensus latency = 2.8928914422596E7 (+/- 0) us 
Propose latency = 1411.1732630000001 (+/- 386) us 
Write latency = 459.501494 (+/- 234) us 
Accept latency = 1572.589834 (+/- 107) us 
Batch average size = NaN (+/- 0) requests
StandardSMMessage ByteCount = 446
TOMMessage ByteCount = 66965739
ConsensusMessage ByteCount = 140178
LCMessage ByteCount = 10
--- Measurements after 187000 ops (1000 samples) ---
Throughput = 5780.3467 operations/sec (Maximum observed: 6756.757 ops/sec)
Total latency = 2.9073688315222E7 (+/- 0) us 
Consensus latency = 3327.331952 (+/- 279) us 
Pre-consensus latency = 0.0 (+/- 0) us 
Pos-consensus latency = 2.907103869759E7 (+/- 0) us 
Propose latency = 1099.887861 (+/- 104) us 
Write latency = 648.085233 (+/- 194) us 
Accept latency = 1579.358858 (+/- 89) us 
Batch average size = NaN (+/- 0) requests
StandardSMMessage ByteCount = 446
TOMMessage ByteCount = 67174652
ConsensusMessage ByteCount = 140178
LCMessage ByteCount = 10
--- Measurements after 188000 ops (1000 samples) ---
Throughput = 6578.9473 operations/sec (Maximum observed: 6756.757 ops/sec)
Total latency = 2.9199369615697E7 (+/- 0) us 
Consensus latency = 3850.343126 (+/- 338) us 
Pre-consensus latency = 0.0 (+/- 0) us 
Pos-consensus latency = 2.9196298546907E7 (+/- 0) us 
Propose latency = 1306.957246 (+/- 374) us 
Write latency = 970.282049 (+/- 501) us 
Accept latency = 1573.103831 (+/- 101) us 
Batch average size = NaN (+/- 0) requests
StandardSMMessage ByteCount = 446
TOMMessage ByteCount = 67412783
ConsensusMessage ByteCount = 140178
LCMessage ByteCount = 10
--- Measurements after 189000 ops (1000 samples) ---
Throughput = 6493.5063 operations/sec (Maximum observed: 6756.757 ops/sec)
Total latency = 2.9324633294189E7 (+/- 0) us 
Consensus latency = 3367.578119 (+/- 300) us 
Pre-consensus latency = 0.0 (+/- 0) us 
Pos-consensus latency = 2.9322032026992E7 (+/- 0) us 
Propose latency = 1168.4300589999998 (+/- 223) us 
Write latency = 652.020907 (+/- 226) us 
Accept latency = 1547.127153 (+/- 78) us 
Batch average size = NaN (+/- 0) requests
StandardSMMessage ByteCount = 446
TOMMessage ByteCount = 67622836
ConsensusMessage ByteCount = 140178
LCMessage ByteCount = 10
--- Measurements after 190000 ops (1000 samples) ---
Throughput = 6666.6665 operations/sec (Maximum observed: 6756.757 ops/sec)
Total latency = 2.9449254972599E7 (+/- 0) us 
Consensus latency = 3443.5222599999997 (+/- 354) us 
Pre-consensus latency = 0.0 (+/- 0) us 
Pos-consensus latency = 2.9446452498948E7 (+/- 0) us 
Propose latency = 1097.438818 (+/- 294) us 
Write latency = 849.207346 (+/- 411) us 
Accept latency = 1496.876096 (+/- 149) us 
Batch average size = NaN (+/- 0) requests
StandardSMMessage ByteCount = 446
TOMMessage ByteCount = 67827687
ConsensusMessage ByteCount = 140178
LCMessage ByteCount = 10
--- Measurements after 191000 ops (1000 samples) ---
Throughput = 6060.606 operations/sec (Maximum observed: 6756.757 ops/sec)
Total latency = 2.9566916790161997E7 (+/- 0) us 
Consensus latency = 7324.790302 (+/- 2664) us 
Pre-consensus latency = 0.0 (+/- 0) us 
Pos-consensus latency = 2.9561106747861E7 (+/- 0) us 
Propose latency = 4377.57811 (+/- 2775) us 
Write latency = 1477.3473000000001 (+/- 763) us 
Accept latency = 1469.864892 (+/- 73) us 
Batch average size = NaN (+/- 0) requests
StandardSMMessage ByteCount = 446
TOMMessage ByteCount = 68052305
ConsensusMessage ByteCount = 140178
LCMessage ByteCount = 10
--- Measurements after 192000 ops (1000 samples) ---
Throughput = 6535.9478 operations/sec (Maximum observed: 6756.757 ops/sec)
Total latency = 2.9706908726514E7 (+/- 0) us 
Consensus latency = 4671.4042850000005 (+/- 1276) us 
Pre-consensus latency = 0.0 (+/- 0) us 
Pos-consensus latency = 2.9703357149616E7 (+/- 0) us 
Propose latency = 2199.614017 (+/- 975) us 
Write latency = 1188.008568 (+/- 398) us 
Accept latency = 1283.7817 (+/- 134) us 
Batch average size = NaN (+/- 0) requests
StandardSMMessage ByteCount = 446
TOMMessage ByteCount = 68346598
ConsensusMessage ByteCount = 140178
LCMessage ByteCount = 10
--- Measurements after 193000 ops (1000 samples) ---
Throughput = 6493.5063 operations/sec (Maximum observed: 6756.757 ops/sec)
Total latency = 2.9835612763988E7 (+/- 0) us 
Consensus latency = 3441.060702 (+/- 431) us 
Pre-consensus latency = 0.0 (+/- 0) us 
Pos-consensus latency = 2.9832884992228E7 (+/- 0) us 
Propose latency = 1073.8393130000002 (+/- 197) us 
Write latency = 793.6572510000001 (+/- 467) us 
Accept latency = 1573.564138 (+/- 197) us 
Batch average size = NaN (+/- 0) requests
StandardSMMessage ByteCount = 446
TOMMessage ByteCount = 68620101
ConsensusMessage ByteCount = 140178
LCMessage ByteCount = 10
--- Measurements after 194000 ops (1000 samples) ---
Throughput = 6535.9478 operations/sec (Maximum observed: 6756.757 ops/sec)
Total latency = 2.9960686046407003E7 (+/- 0) us 
Consensus latency = 3342.012159 (+/- 319) us 
Pre-consensus latency = 0.0 (+/- 0) us 
Pos-consensus latency = 2.9957975907588E7 (+/- 0) us 
Propose latency = 1010.0575749999999 (+/- 140) us 
Write latency = 873.623157 (+/- 390) us 
Accept latency = 1458.3314269999998 (+/- 140) us 
Batch average size = NaN (+/- 0) requests
StandardSMMessage ByteCount = 446
TOMMessage ByteCount = 68920647
ConsensusMessage ByteCount = 140178
LCMessage ByteCount = 10
--- Measurements after 195000 ops (1000 samples) ---
Throughput = 6493.5063 operations/sec (Maximum observed: 6756.757 ops/sec)
Total latency = 3.0085624576103E7 (+/- 0) us 
Consensus latency = 3063.822495 (+/- 181) us 
Pre-consensus latency = 0.0 (+/- 0) us 
Pos-consensus latency = 3.0083231264929E7 (+/- 0) us 
Propose latency = 1071.657154 (+/- 272) us 
Write latency = 349.024925 (+/- 278) us 
Accept latency = 1643.140416 (+/- 162) us 
Batch average size = NaN (+/- 0) requests
StandardSMMessage ByteCount = 446
TOMMessage ByteCount = 69283574
ConsensusMessage ByteCount = 140178
LCMessage ByteCount = 10
--- Measurements after 196000 ops (1000 samples) ---
Throughput = 5780.3467 operations/sec (Maximum observed: 6756.757 ops/sec)
Total latency = 3.0221881912572E7 (+/- 0) us 
Consensus latency = 3087.375722 (+/- 208) us 
Pre-consensus latency = 0.0 (+/- 0) us 
Pos-consensus latency = 3.0219364252446E7 (+/- 0) us 
Propose latency = 1105.242236 (+/- 383) us 
Write latency = 447.260784 (+/- 217) us 
Accept latency = 1534.8727020000001 (+/- 92) us 
Batch average size = NaN (+/- 0) requests
StandardSMMessage ByteCount = 446
TOMMessage ByteCount = 69658943
ConsensusMessage ByteCount = 140178
LCMessage ByteCount = 10
--- Measurements after 197000 ops (1000 samples) ---
Throughput = 6578.9473 operations/sec (Maximum observed: 6756.757 ops/sec)
Total latency = 3.0352907390935E7 (+/- 0) us 
Consensus latency = 2849.3287689999997 (+/- 172) us 
Pre-consensus latency = 0.0 (+/- 0) us 
Pos-consensus latency = 3.0350575131952997E7 (+/- 0) us 
Propose latency = 901.791173 (+/- 136) us 
Write latency = 441.52458399999995 (+/- 280) us 
Accept latency = 1506.0130120000001 (+/- 77) us 
Batch average size = NaN (+/- 0) requests
StandardSMMessage ByteCount = 446
TOMMessage ByteCount = 69988525
ConsensusMessage ByteCount = 140178
LCMessage ByteCount = 10
--- Measurements after 198000 ops (1000 samples) ---
Throughput = 6622.5166 operations/sec (Maximum observed: 6756.757 ops/sec)
Total latency = 3.0470643296455003E7 (+/- 0) us 
Consensus latency = 2532.614051 (+/- 267) us 
Pre-consensus latency = 0.0 (+/- 0) us 
Pos-consensus latency = 3.0468511030084E7 (+/- 0) us 
Propose latency = 629.3722630000001 (+/- 103) us 
Write latency = 344.081276 (+/- 178) us 
Accept latency = 1559.1605120000002 (+/- 191) us 
Batch average size = NaN (+/- 0) requests
StandardSMMessage ByteCount = 446
TOMMessage ByteCount = 70266146
ConsensusMessage ByteCount = 140178
LCMessage ByteCount = 10
--- Measurements after 199000 ops (1000 samples) ---
Throughput = 6622.5166 operations/sec (Maximum observed: 6756.757 ops/sec)
Total latency = 3.0577122302528E7 (+/- 0) us 
Consensus latency = 2224.830257 (+/- 225) us 
Pre-consensus latency = 0.0 (+/- 0) us 
Pos-consensus latency = 3.0575246545833E7 (+/- 0) us 
Propose latency = 548.274995 (+/- 80) us 
Write latency = 233.58137299999999 (+/- 227) us 
Accept latency = 1442.9738889999999 (+/- 95) us 
Batch average size = NaN (+/- 0) requests
StandardSMMessage ByteCount = 446
TOMMessage ByteCount = 70608210
ConsensusMessage ByteCount = 140178
LCMessage ByteCount = 10
--- Measurements after 200000 ops (1000 samples) ---
Throughput = 5917.1597 operations/sec (Maximum observed: 6756.757 ops/sec)
Total latency = 3.0652329853066E7 (+/- 0) us 
Consensus latency = 2127.011484 (+/- 282) us 
Pre-consensus latency = 0.0 (+/- 0) us 
Pos-consensus latency = 3.0650393969881E7 (+/- 0) us 
Propose latency = 343.667506 (+/- 112) us 
Write latency = 271.203869 (+/- 223) us 
Accept latency = 1512.140109 (+/- 152) us 
Batch average size = NaN (+/- 0) requests
StandardSMMessage ByteCount = 446
TOMMessage ByteCount = 70922211
ConsensusMessage ByteCount = 140178
LCMessage ByteCount = 10
